<?xml version="1.0" encoding="UTF-8"?>
<gpx xmlns="http://www.topografix.com/GPX/1/1" xmlns:xsi="http://www.w3.org/2001/XMLSchema-instance" creator="REVER https://a.rever.co" version="1.1" xsi:schemaLocation="http://www.topografix.com/GPX/1/1 http://www.topografix.com/GPX/1/1/gpx.xsd">
  <metadata>
    <name>ADV Scenic Sturgeon Loop RRS25</name>
    <author>
      <name>Drew Faulkner</name>
    </author>
    <link href="https://a.rever.co/embed/"/>
  </metadata>
  <wpt lat="37.61983" lon="-83.77661">
    <name>37.619831, -83.776611</name>
  </wpt>
  <wpt lat="37.62356" lon="-83.77762">
    <name>37.623556, -83.777619</name>
  </wpt>
  <trk>
    <name>ADV Scenic Sturgeon Loop RRS25</name>
    <link href="https://a.rever.co/embed/"/>
    <type>Ride</type>
    <trkseg>
      <trkpt lat="37.61983" lon="-83.77661"/>
      <trkpt lat="37.61991" lon="-83.77656"/>
      <trkpt lat="37.62021" lon="-83.77631"/>
      <trkpt lat="37.62038" lon="-83.77627"/>
      <trkpt lat="37.62045" lon="-83.77627"/>
      <trkpt lat="37.62057" lon="-83.7763"/>
      <trkpt lat="37.62068" lon="-83.77635"/>
      <trkpt lat="37.62078" lon="-83.7764"/>
      <trkpt lat="37.62094" lon="-83.77652"/>
      <trkpt lat="37.62101" lon="-83.77659"/>
      <trkpt lat="37.62111" lon="-83.77666"/>
      <trkpt lat="37.62118" lon="-83.77675"/>
      <trkpt lat="37.62129" lon="-83.77678"/>
      <trkpt lat="37.62135" lon="-83.77677"/>
      <trkpt lat="37.6214" lon="-83.77677"/>
      <trkpt lat="37.6216" lon="-83.77662"/>
      <trkpt lat="37.62182" lon="-83.77655"/>
      <trkpt lat="37.62201" lon="-83.77656"/>
      <trkpt lat="37.62213" lon="-83.7766"/>
      <trkpt lat="37.62218" lon="-83.77663"/>
      <trkpt lat="37.62243" lon="-83.77682"/>
      <trkpt lat="37.62253" lon="-83.77687"/>
      <trkpt lat="37.62264" lon="-83.77688"/>
      <trkpt lat="37.62274" lon="-83.77685"/>
      <trkpt lat="37.62304" lon="-83.77669"/>
      <trkpt lat="37.62327" lon="-83.77662"/>
      <trkpt lat="37.62346" lon="-83.7765"/>
      <trkpt lat="37.62378" lon="-83.77635"/>
      <trkpt lat="37.62407" lon="-83.77625"/>
      <trkpt lat="37.62411" lon="-83.77622"/>
      <trkpt lat="37.62434" lon="-83.77616"/>
      <trkpt lat="37.62445" lon="-83.7762"/>
      <trkpt lat="37.62453" lon="-83.77611"/>
      <trkpt lat="37.6246" lon="-83.77598"/>
      <trkpt lat="37.62463" lon="-83.77583"/>
      <trkpt lat="37.62465" lon="-83.7757"/>
      <trkpt lat="37.62464" lon="-83.77559"/>
      <trkpt lat="37.62463" lon="-83.77551"/>
      <trkpt lat="37.62456" lon="-83.77517"/>
      <trkpt lat="37.62455" lon="-83.77504"/>
      <trkpt lat="37.62455" lon="-83.77491"/>
      <trkpt lat="37.62458" lon="-83.77475"/>
      <trkpt lat="37.62467" lon="-83.77441"/>
      <trkpt lat="37.62472" lon="-83.77422"/>
      <trkpt lat="37.62474" lon="-83.77407"/>
      <trkpt lat="37.62475" lon="-83.77389"/>
      <trkpt lat="37.62475" lon="-83.77374"/>
      <trkpt lat="37.62474" lon="-83.7736"/>
      <trkpt lat="37.62472" lon="-83.77338"/>
      <trkpt lat="37.62469" lon="-83.77321"/>
      <trkpt lat="37.62464" lon="-83.77307"/>
      <trkpt lat="37.62457" lon="-83.77296"/>
      <trkpt lat="37.6245" lon="-83.7729"/>
      <trkpt lat="37.6244" lon="-83.77283"/>
      <trkpt lat="37.62409" lon="-83.77267"/>
      <trkpt lat="37.62398" lon="-83.7726"/>
      <trkpt lat="37.62385" lon="-83.77248"/>
      <trkpt lat="37.62373" lon="-83.77235"/>
      <trkpt lat="37.62365" lon="-83.77222"/>
      <trkpt lat="37.62355" lon="-83.77202"/>
      <trkpt lat="37.62345" lon="-83.77174"/>
      <trkpt lat="37.6233" lon="-83.77129"/>
      <trkpt lat="37.6232" lon="-83.77104"/>
      <trkpt lat="37.62311" lon="-83.77086"/>
      <trkpt lat="37.62301" lon="-83.77071"/>
      <trkpt lat="37.62289" lon="-83.77057"/>
      <trkpt lat="37.62281" lon="-83.77051"/>
      <trkpt lat="37.62272" lon="-83.77045"/>
      <trkpt lat="37.6224" lon="-83.7703"/>
      <trkpt lat="37.62228" lon="-83.77023"/>
      <trkpt lat="37.62219" lon="-83.77016"/>
      <trkpt lat="37.62211" lon="-83.77008"/>
      <trkpt lat="37.622" lon="-83.76992"/>
      <trkpt lat="37.62195" lon="-83.76983"/>
      <trkpt lat="37.62192" lon="-83.76977"/>
      <trkpt lat="37.62186" lon="-83.7696"/>
      <trkpt lat="37.62182" lon="-83.76942"/>
      <trkpt lat="37.62179" lon="-83.76924"/>
      <trkpt lat="37.62171" lon="-83.76865"/>
      <trkpt lat="37.6217" lon="-83.76846"/>
      <trkpt lat="37.62169" lon="-83.76837"/>
      <trkpt lat="37.62169" lon="-83.76825"/>
      <trkpt lat="37.62171" lon="-83.76808"/>
      <trkpt lat="37.62176" lon="-83.76791"/>
      <trkpt lat="37.62183" lon="-83.76775"/>
      <trkpt lat="37.62187" lon="-83.76766"/>
      <trkpt lat="37.62193" lon="-83.76756"/>
      <trkpt lat="37.622" lon="-83.76748"/>
      <trkpt lat="37.62212" lon="-83.76738"/>
      <trkpt lat="37.62222" lon="-83.76732"/>
      <trkpt lat="37.62229" lon="-83.76729"/>
      <trkpt lat="37.62238" lon="-83.76725"/>
      <trkpt lat="37.62249" lon="-83.76723"/>
      <trkpt lat="37.62261" lon="-83.76721"/>
      <trkpt lat="37.62293" lon="-83.76719"/>
      <trkpt lat="37.62316" lon="-83.76714"/>
      <trkpt lat="37.62315" lon="-83.76695"/>
      <trkpt lat="37.62316" lon="-83.76679"/>
      <trkpt lat="37.6232" lon="-83.76662"/>
      <trkpt lat="37.62325" lon="-83.76649"/>
      <trkpt lat="37.62332" lon="-83.76636"/>
      <trkpt lat="37.62339" lon="-83.76625"/>
      <trkpt lat="37.6235" lon="-83.76612"/>
      <trkpt lat="37.62365" lon="-83.76599"/>
      <trkpt lat="37.6238" lon="-83.76587"/>
      <trkpt lat="37.62389" lon="-83.76581"/>
      <trkpt lat="37.62404" lon="-83.76572"/>
      <trkpt lat="37.62429" lon="-83.76556"/>
      <trkpt lat="37.62463" lon="-83.76536"/>
      <trkpt lat="37.6248" lon="-83.76526"/>
      <trkpt lat="37.62502" lon="-83.76515"/>
      <trkpt lat="37.62516" lon="-83.76509"/>
      <trkpt lat="37.62534" lon="-83.76504"/>
      <trkpt lat="37.62545" lon="-83.76502"/>
      <trkpt lat="37.62561" lon="-83.76501"/>
      <trkpt lat="37.62575" lon="-83.76501"/>
      <trkpt lat="37.62619" lon="-83.76506"/>
      <trkpt lat="37.62634" lon="-83.76506"/>
      <trkpt lat="37.62649" lon="-83.76506"/>
      <trkpt lat="37.62663" lon="-83.76502"/>
      <trkpt lat="37.62676" lon="-83.76495"/>
      <trkpt lat="37.62687" lon="-83.76484"/>
      <trkpt lat="37.62691" lon="-83.76478"/>
      <trkpt lat="37.62694" lon="-83.76472"/>
      <trkpt lat="37.62697" lon="-83.76464"/>
      <trkpt lat="37.627" lon="-83.76458"/>
      <trkpt lat="37.62705" lon="-83.76439"/>
      <trkpt lat="37.62708" lon="-83.76426"/>
      <trkpt lat="37.62713" lon="-83.76406"/>
      <trkpt lat="37.62716" lon="-83.76391"/>
      <trkpt lat="37.62719" lon="-83.76369"/>
      <trkpt lat="37.62719" lon="-83.76362"/>
      <trkpt lat="37.62719" lon="-83.76353"/>
      <trkpt lat="37.62719" lon="-83.76346"/>
      <trkpt lat="37.62718" lon="-83.7633"/>
      <trkpt lat="37.62716" lon="-83.76322"/>
      <trkpt lat="37.62715" lon="-83.76314"/>
      <trkpt lat="37.62707" lon="-83.76282"/>
      <trkpt lat="37.62704" lon="-83.76267"/>
      <trkpt lat="37.62702" lon="-83.76251"/>
      <trkpt lat="37.62701" lon="-83.76228"/>
      <trkpt lat="37.62702" lon="-83.76206"/>
      <trkpt lat="37.62705" lon="-83.76179"/>
      <trkpt lat="37.6271" lon="-83.76146"/>
      <trkpt lat="37.62713" lon="-83.76116"/>
      <trkpt lat="37.62713" lon="-83.76101"/>
      <trkpt lat="37.62712" lon="-83.76086"/>
      <trkpt lat="37.62709" lon="-83.76071"/>
      <trkpt lat="37.62705" lon="-83.76058"/>
      <trkpt lat="37.62699" lon="-83.76045"/>
      <trkpt lat="37.62692" lon="-83.76034"/>
      <trkpt lat="37.6267" lon="-83.76002"/>
      <trkpt lat="37.62663" lon="-83.75991"/>
      <trkpt lat="37.62658" lon="-83.75979"/>
      <trkpt lat="37.62655" lon="-83.75965"/>
      <trkpt lat="37.62654" lon="-83.75952"/>
      <trkpt lat="37.62654" lon="-83.75939"/>
      <trkpt lat="37.62657" lon="-83.75926"/>
      <trkpt lat="37.62662" lon="-83.75914"/>
      <trkpt lat="37.62668" lon="-83.75903"/>
      <trkpt lat="37.6268" lon="-83.75888"/>
      <trkpt lat="37.62694" lon="-83.75872"/>
      <trkpt lat="37.62713" lon="-83.75849"/>
      <trkpt lat="37.62719" lon="-83.75843"/>
      <trkpt lat="37.62731" lon="-83.75826"/>
      <trkpt lat="37.62746" lon="-83.75803"/>
      <trkpt lat="37.62757" lon="-83.75785"/>
      <trkpt lat="37.62767" lon="-83.75768"/>
      <trkpt lat="37.62771" lon="-83.75759"/>
      <trkpt lat="37.62777" lon="-83.75747"/>
      <trkpt lat="37.62786" lon="-83.75726"/>
      <trkpt lat="37.62793" lon="-83.75704"/>
      <trkpt lat="37.62796" lon="-83.75689"/>
      <trkpt lat="37.62798" lon="-83.75674"/>
      <trkpt lat="37.62799" lon="-83.75659"/>
      <trkpt lat="37.62799" lon="-83.75643"/>
      <trkpt lat="37.62798" lon="-83.75611"/>
      <trkpt lat="37.62797" lon="-83.75603"/>
      <trkpt lat="37.62795" lon="-83.75587"/>
      <trkpt lat="37.62793" lon="-83.75579"/>
      <trkpt lat="37.62789" lon="-83.75567"/>
      <trkpt lat="37.62783" lon="-83.7555"/>
      <trkpt lat="37.62776" lon="-83.75536"/>
      <trkpt lat="37.62735" lon="-83.7546"/>
      <trkpt lat="37.62722" lon="-83.75434"/>
      <trkpt lat="37.62713" lon="-83.75414"/>
      <trkpt lat="37.62711" lon="-83.75407"/>
      <trkpt lat="37.62707" lon="-83.75393"/>
      <trkpt lat="37.62707" lon="-83.75388"/>
      <trkpt lat="37.62705" lon="-83.75378"/>
      <trkpt lat="37.62705" lon="-83.75355"/>
      <trkpt lat="37.62705" lon="-83.75349"/>
      <trkpt lat="37.62705" lon="-83.75339"/>
      <trkpt lat="37.62713" lon="-83.75203"/>
      <trkpt lat="37.62716" lon="-83.75171"/>
      <trkpt lat="37.62717" lon="-83.75165"/>
      <trkpt lat="37.62719" lon="-83.75153"/>
      <trkpt lat="37.6273" lon="-83.75099"/>
      <trkpt lat="37.62784" lon="-83.74847"/>
      <trkpt lat="37.62792" lon="-83.74814"/>
      <trkpt lat="37.62797" lon="-83.74798"/>
      <trkpt lat="37.62805" lon="-83.74775"/>
      <trkpt lat="37.62811" lon="-83.7476"/>
      <trkpt lat="37.62831" lon="-83.74715"/>
      <trkpt lat="37.6284" lon="-83.74691"/>
      <trkpt lat="37.62845" lon="-83.74675"/>
      <trkpt lat="37.6285" lon="-83.74658"/>
      <trkpt lat="37.62853" lon="-83.74641"/>
      <trkpt lat="37.62855" lon="-83.74624"/>
      <trkpt lat="37.62858" lon="-83.74598"/>
      <trkpt lat="37.62859" lon="-83.74591"/>
      <trkpt lat="37.6286" lon="-83.74571"/>
      <trkpt lat="37.62863" lon="-83.74518"/>
      <trkpt lat="37.62867" lon="-83.74446"/>
      <trkpt lat="37.62868" lon="-83.74428"/>
      <trkpt lat="37.62867" lon="-83.74402"/>
      <trkpt lat="37.62866" lon="-83.7439"/>
      <trkpt lat="37.62864" lon="-83.74372"/>
      <trkpt lat="37.62858" lon="-83.74337"/>
      <trkpt lat="37.62856" lon="-83.74327"/>
      <trkpt lat="37.62848" lon="-83.74277"/>
      <trkpt lat="37.62829" lon="-83.74169"/>
      <trkpt lat="37.62824" lon="-83.74136"/>
      <trkpt lat="37.62823" lon="-83.7412"/>
      <trkpt lat="37.62822" lon="-83.74105"/>
      <trkpt lat="37.62823" lon="-83.74095"/>
      <trkpt lat="37.62824" lon="-83.7409"/>
      <trkpt lat="37.62826" lon="-83.74082"/>
      <trkpt lat="37.62827" lon="-83.74076"/>
      <trkpt lat="37.62833" lon="-83.74062"/>
      <trkpt lat="37.6284" lon="-83.74049"/>
      <trkpt lat="37.62868" lon="-83.74005"/>
      <trkpt lat="37.62879" lon="-83.73985"/>
      <trkpt lat="37.62886" lon="-83.7397"/>
      <trkpt lat="37.62891" lon="-83.73955"/>
      <trkpt lat="37.62895" lon="-83.73939"/>
      <trkpt lat="37.62898" lon="-83.73919"/>
      <trkpt lat="37.62898" lon="-83.73916"/>
      <trkpt lat="37.629" lon="-83.73883"/>
      <trkpt lat="37.62902" lon="-83.73833"/>
      <trkpt lat="37.62903" lon="-83.73799"/>
      <trkpt lat="37.62903" lon="-83.73782"/>
      <trkpt lat="37.62903" lon="-83.73765"/>
      <trkpt lat="37.62902" lon="-83.73756"/>
      <trkpt lat="37.62899" lon="-83.73739"/>
      <trkpt lat="37.62893" lon="-83.73723"/>
      <trkpt lat="37.62886" lon="-83.73708"/>
      <trkpt lat="37.62877" lon="-83.73696"/>
      <trkpt lat="37.62867" lon="-83.73685"/>
      <trkpt lat="37.62855" lon="-83.73675"/>
      <trkpt lat="37.6284" lon="-83.73665"/>
      <trkpt lat="37.62784" lon="-83.73631"/>
      <trkpt lat="37.62744" lon="-83.73608"/>
      <trkpt lat="37.6273" lon="-83.73599"/>
      <trkpt lat="37.62694" lon="-83.73577"/>
      <trkpt lat="37.62684" lon="-83.7357"/>
      <trkpt lat="37.62674" lon="-83.73561"/>
      <trkpt lat="37.62667" lon="-83.73551"/>
      <trkpt lat="37.62662" lon="-83.7354"/>
      <trkpt lat="37.62659" lon="-83.73528"/>
      <trkpt lat="37.62657" lon="-83.73516"/>
      <trkpt lat="37.62658" lon="-83.73503"/>
      <trkpt lat="37.6266" lon="-83.73489"/>
      <trkpt lat="37.62663" lon="-83.73474"/>
      <trkpt lat="37.62673" lon="-83.73431"/>
      <trkpt lat="37.62682" lon="-83.73394"/>
      <trkpt lat="37.62699" lon="-83.73322"/>
      <trkpt lat="37.62717" lon="-83.73247"/>
      <trkpt lat="37.62733" lon="-83.73178"/>
      <trkpt lat="37.62736" lon="-83.73161"/>
      <trkpt lat="37.62737" lon="-83.73153"/>
      <trkpt lat="37.62739" lon="-83.73143"/>
      <trkpt lat="37.62741" lon="-83.73125"/>
      <trkpt lat="37.62741" lon="-83.73107"/>
      <trkpt lat="37.62741" lon="-83.73102"/>
      <trkpt lat="37.62741" lon="-83.73091"/>
      <trkpt lat="37.62741" lon="-83.73071"/>
      <trkpt lat="37.6274" lon="-83.73055"/>
      <trkpt lat="37.62739" lon="-83.73039"/>
      <trkpt lat="37.62738" lon="-83.73018"/>
      <trkpt lat="37.62735" lon="-83.72993"/>
      <trkpt lat="37.62732" lon="-83.72975"/>
      <trkpt lat="37.62727" lon="-83.72945"/>
      <trkpt lat="37.62725" lon="-83.72938"/>
      <trkpt lat="37.6272" lon="-83.72923"/>
      <trkpt lat="37.62717" lon="-83.72918"/>
      <trkpt lat="37.62712" lon="-83.72912"/>
      <trkpt lat="37.62708" lon="-83.72909"/>
      <trkpt lat="37.62702" lon="-83.72907"/>
      <trkpt lat="37.62692" lon="-83.72908"/>
      <trkpt lat="37.62684" lon="-83.72912"/>
      <trkpt lat="37.6266" lon="-83.72931"/>
      <trkpt lat="37.6265" lon="-83.7294"/>
      <trkpt lat="37.62635" lon="-83.72954"/>
      <trkpt lat="37.62608" lon="-83.72979"/>
      <trkpt lat="37.62589" lon="-83.72999"/>
      <trkpt lat="37.62581" lon="-83.73007"/>
      <trkpt lat="37.62562" lon="-83.73025"/>
      <trkpt lat="37.62541" lon="-83.73041"/>
      <trkpt lat="37.62526" lon="-83.7305"/>
      <trkpt lat="37.62512" lon="-83.73058"/>
      <trkpt lat="37.62493" lon="-83.73068"/>
      <trkpt lat="37.62416" lon="-83.73106"/>
      <trkpt lat="37.62389" lon="-83.73118"/>
      <trkpt lat="37.62376" lon="-83.73122"/>
      <trkpt lat="37.62362" lon="-83.73126"/>
      <trkpt lat="37.62355" lon="-83.73127"/>
      <trkpt lat="37.62314" lon="-83.73131"/>
      <trkpt lat="37.62293" lon="-83.73134"/>
      <trkpt lat="37.62278" lon="-83.73137"/>
      <trkpt lat="37.62259" lon="-83.73142"/>
      <trkpt lat="37.62206" lon="-83.73159"/>
      <trkpt lat="37.62193" lon="-83.73164"/>
      <trkpt lat="37.62179" lon="-83.73166"/>
      <trkpt lat="37.62165" lon="-83.73166"/>
      <trkpt lat="37.62151" lon="-83.73164"/>
      <trkpt lat="37.62138" lon="-83.73159"/>
      <trkpt lat="37.62125" lon="-83.73154"/>
      <trkpt lat="37.62118" lon="-83.7315"/>
      <trkpt lat="37.62097" lon="-83.73139"/>
      <trkpt lat="37.62032" lon="-83.73105"/>
      <trkpt lat="37.62014" lon="-83.73095"/>
      <trkpt lat="37.62003" lon="-83.73087"/>
      <trkpt lat="37.61987" lon="-83.73073"/>
      <trkpt lat="37.61973" lon="-83.73057"/>
      <trkpt lat="37.61964" lon="-83.73046"/>
      <trkpt lat="37.61936" lon="-83.73008"/>
      <trkpt lat="37.61926" lon="-83.72994"/>
      <trkpt lat="37.61918" lon="-83.72984"/>
      <trkpt lat="37.61909" lon="-83.72975"/>
      <trkpt lat="37.61897" lon="-83.72965"/>
      <trkpt lat="37.61883" lon="-83.72958"/>
      <trkpt lat="37.61868" lon="-83.72953"/>
      <trkpt lat="37.61853" lon="-83.72952"/>
      <trkpt lat="37.61846" lon="-83.72952"/>
      <trkpt lat="37.61784" lon="-83.72956"/>
      <trkpt lat="37.61771" lon="-83.72956"/>
      <trkpt lat="37.61758" lon="-83.72955"/>
      <trkpt lat="37.61747" lon="-83.72954"/>
      <trkpt lat="37.61739" lon="-83.72953"/>
      <trkpt lat="37.6172" lon="-83.72948"/>
      <trkpt lat="37.61708" lon="-83.72944"/>
      <trkpt lat="37.61701" lon="-83.72941"/>
      <trkpt lat="37.61669" lon="-83.72929"/>
      <trkpt lat="37.61661" lon="-83.72928"/>
      <trkpt lat="37.61655" lon="-83.72926"/>
      <trkpt lat="37.61642" lon="-83.72925"/>
      <trkpt lat="37.61629" lon="-83.72928"/>
      <trkpt lat="37.61617" lon="-83.72935"/>
      <trkpt lat="37.61612" lon="-83.7294"/>
      <trkpt lat="37.61607" lon="-83.72944"/>
      <trkpt lat="37.61603" lon="-83.72949"/>
      <trkpt lat="37.61595" lon="-83.72961"/>
      <trkpt lat="37.61587" lon="-83.72972"/>
      <trkpt lat="37.61546" lon="-83.73035"/>
      <trkpt lat="37.61533" lon="-83.73054"/>
      <trkpt lat="37.61523" lon="-83.73066"/>
      <trkpt lat="37.61513" lon="-83.73076"/>
      <trkpt lat="37.61503" lon="-83.73086"/>
      <trkpt lat="37.61492" lon="-83.73094"/>
      <trkpt lat="37.61473" lon="-83.73104"/>
      <trkpt lat="37.61461" lon="-83.73109"/>
      <trkpt lat="37.61413" lon="-83.73126"/>
      <trkpt lat="37.61387" lon="-83.73138"/>
      <trkpt lat="37.61375" lon="-83.73145"/>
      <trkpt lat="37.61363" lon="-83.73153"/>
      <trkpt lat="37.61352" lon="-83.73162"/>
      <trkpt lat="37.61304" lon="-83.73206"/>
      <trkpt lat="37.61293" lon="-83.73215"/>
      <trkpt lat="37.61287" lon="-83.73219"/>
      <trkpt lat="37.61275" lon="-83.73226"/>
      <trkpt lat="37.61262" lon="-83.7323"/>
      <trkpt lat="37.61249" lon="-83.73233"/>
      <trkpt lat="37.61234" lon="-83.73232"/>
      <trkpt lat="37.61213" lon="-83.73231"/>
      <trkpt lat="37.61151" lon="-83.73219"/>
      <trkpt lat="37.61138" lon="-83.73216"/>
      <trkpt lat="37.61125" lon="-83.7321"/>
      <trkpt lat="37.61114" lon="-83.73203"/>
      <trkpt lat="37.61108" lon="-83.73199"/>
      <trkpt lat="37.61103" lon="-83.73194"/>
      <trkpt lat="37.61093" lon="-83.73182"/>
      <trkpt lat="37.61083" lon="-83.73168"/>
      <trkpt lat="37.61075" lon="-83.73158"/>
      <trkpt lat="37.61069" lon="-83.73152"/>
      <trkpt lat="37.61065" lon="-83.73148"/>
      <trkpt lat="37.61054" lon="-83.73139"/>
      <trkpt lat="37.61041" lon="-83.73133"/>
      <trkpt lat="37.61028" lon="-83.7313"/>
      <trkpt lat="37.61014" lon="-83.73129"/>
      <trkpt lat="37.61001" lon="-83.73131"/>
      <trkpt lat="37.60987" lon="-83.73133"/>
      <trkpt lat="37.60938" lon="-83.73145"/>
      <trkpt lat="37.60895" lon="-83.73154"/>
      <trkpt lat="37.60868" lon="-83.73157"/>
      <trkpt lat="37.60855" lon="-83.73156"/>
      <trkpt lat="37.60843" lon="-83.73153"/>
      <trkpt lat="37.60831" lon="-83.73147"/>
      <trkpt lat="37.60807" lon="-83.73135"/>
      <trkpt lat="37.60794" lon="-83.73131"/>
      <trkpt lat="37.60781" lon="-83.73129"/>
      <trkpt lat="37.60768" lon="-83.73131"/>
      <trkpt lat="37.60743" lon="-83.73137"/>
      <trkpt lat="37.6073" lon="-83.7314"/>
      <trkpt lat="37.60717" lon="-83.73141"/>
      <trkpt lat="37.60704" lon="-83.7314"/>
      <trkpt lat="37.60642" lon="-83.73135"/>
      <trkpt lat="37.60608" lon="-83.73133"/>
      <trkpt lat="37.60595" lon="-83.73134"/>
      <trkpt lat="37.60582" lon="-83.73138"/>
      <trkpt lat="37.6057" lon="-83.73144"/>
      <trkpt lat="37.6056" lon="-83.73153"/>
      <trkpt lat="37.60551" lon="-83.73163"/>
      <trkpt lat="37.60535" lon="-83.73185"/>
      <trkpt lat="37.60527" lon="-83.73194"/>
      <trkpt lat="37.60518" lon="-83.73202"/>
      <trkpt lat="37.60508" lon="-83.73208"/>
      <trkpt lat="37.60503" lon="-83.7321"/>
      <trkpt lat="37.60491" lon="-83.73212"/>
      <trkpt lat="37.60478" lon="-83.73214"/>
      <trkpt lat="37.60461" lon="-83.73216"/>
      <trkpt lat="37.60449" lon="-83.7322"/>
      <trkpt lat="37.60437" lon="-83.73225"/>
      <trkpt lat="37.60426" lon="-83.73233"/>
      <trkpt lat="37.60393" lon="-83.73258"/>
      <trkpt lat="37.60369" lon="-83.73271"/>
      <trkpt lat="37.60356" lon="-83.73277"/>
      <trkpt lat="37.60344" lon="-83.73282"/>
      <trkpt lat="37.60331" lon="-83.73287"/>
      <trkpt lat="37.60307" lon="-83.73293"/>
      <trkpt lat="37.60294" lon="-83.73296"/>
      <trkpt lat="37.60247" lon="-83.73302"/>
      <trkpt lat="37.60241" lon="-83.73303"/>
      <trkpt lat="37.60213" lon="-83.73308"/>
      <trkpt lat="37.60199" lon="-83.73311"/>
      <trkpt lat="37.60185" lon="-83.73317"/>
      <trkpt lat="37.60173" lon="-83.73325"/>
      <trkpt lat="37.60167" lon="-83.73329"/>
      <trkpt lat="37.60156" lon="-83.7334"/>
      <trkpt lat="37.60146" lon="-83.73352"/>
      <trkpt lat="37.60122" lon="-83.73382"/>
      <trkpt lat="37.60113" lon="-83.73393"/>
      <trkpt lat="37.60102" lon="-83.73402"/>
      <trkpt lat="37.60091" lon="-83.73409"/>
      <trkpt lat="37.6008" lon="-83.73414"/>
      <trkpt lat="37.60068" lon="-83.73418"/>
      <trkpt lat="37.60049" lon="-83.73423"/>
      <trkpt lat="37.59989" lon="-83.73438"/>
      <trkpt lat="37.59962" lon="-83.73444"/>
      <trkpt lat="37.59923" lon="-83.73454"/>
      <trkpt lat="37.59898" lon="-83.7346"/>
      <trkpt lat="37.5989" lon="-83.73462"/>
      <trkpt lat="37.59871" lon="-83.73465"/>
      <trkpt lat="37.59867" lon="-83.73466"/>
      <trkpt lat="37.59831" lon="-83.7347"/>
      <trkpt lat="37.59811" lon="-83.73471"/>
      <trkpt lat="37.59804" lon="-83.7347"/>
      <trkpt lat="37.59801" lon="-83.7347"/>
      <trkpt lat="37.59791" lon="-83.73468"/>
      <trkpt lat="37.59779" lon="-83.73463"/>
      <trkpt lat="37.59775" lon="-83.7346"/>
      <trkpt lat="37.59767" lon="-83.73456"/>
      <trkpt lat="37.59752" lon="-83.73444"/>
      <trkpt lat="37.59736" lon="-83.73431"/>
      <trkpt lat="37.59731" lon="-83.73427"/>
      <trkpt lat="37.59716" lon="-83.73413"/>
      <trkpt lat="37.59687" lon="-83.73386"/>
      <trkpt lat="37.5968" lon="-83.73381"/>
      <trkpt lat="37.5966" lon="-83.73364"/>
      <trkpt lat="37.59644" lon="-83.73352"/>
      <trkpt lat="37.59638" lon="-83.73349"/>
      <trkpt lat="37.59632" lon="-83.73345"/>
      <trkpt lat="37.5962" lon="-83.73339"/>
      <trkpt lat="37.59584" lon="-83.73322"/>
      <trkpt lat="37.59495" lon="-83.73284"/>
      <trkpt lat="37.59471" lon="-83.73273"/>
      <trkpt lat="37.5946" lon="-83.73265"/>
      <trkpt lat="37.59451" lon="-83.73255"/>
      <trkpt lat="37.59444" lon="-83.73244"/>
      <trkpt lat="37.5944" lon="-83.7323"/>
      <trkpt lat="37.59438" lon="-83.73218"/>
      <trkpt lat="37.59437" lon="-83.73205"/>
      <trkpt lat="37.59436" lon="-83.73191"/>
      <trkpt lat="37.59437" lon="-83.73178"/>
      <trkpt lat="37.59439" lon="-83.73159"/>
      <trkpt lat="37.59441" lon="-83.73151"/>
      <trkpt lat="37.59445" lon="-83.73138"/>
      <trkpt lat="37.59448" lon="-83.73126"/>
      <trkpt lat="37.59448" lon="-83.73113"/>
      <trkpt lat="37.59445" lon="-83.73105"/>
      <trkpt lat="37.59443" lon="-83.73101"/>
      <trkpt lat="37.5944" lon="-83.73097"/>
      <trkpt lat="37.59437" lon="-83.73095"/>
      <trkpt lat="37.5943" lon="-83.73092"/>
      <trkpt lat="37.59419" lon="-83.73089"/>
      <trkpt lat="37.59326" lon="-83.73082"/>
      <trkpt lat="37.59285" lon="-83.7308"/>
      <trkpt lat="37.59278" lon="-83.7308"/>
      <trkpt lat="37.59224" lon="-83.73079"/>
      <trkpt lat="37.59186" lon="-83.73078"/>
      <trkpt lat="37.59173" lon="-83.73077"/>
      <trkpt lat="37.5916" lon="-83.73075"/>
      <trkpt lat="37.59149" lon="-83.7307"/>
      <trkpt lat="37.59139" lon="-83.73063"/>
      <trkpt lat="37.59136" lon="-83.7306"/>
      <trkpt lat="37.59131" lon="-83.73053"/>
      <trkpt lat="37.59126" lon="-83.73042"/>
      <trkpt lat="37.59122" lon="-83.7303"/>
      <trkpt lat="37.5912" lon="-83.73017"/>
      <trkpt lat="37.59118" lon="-83.73003"/>
      <trkpt lat="37.59113" lon="-83.72928"/>
      <trkpt lat="37.5911" lon="-83.72907"/>
      <trkpt lat="37.59108" lon="-83.72896"/>
      <trkpt lat="37.59104" lon="-83.7288"/>
      <trkpt lat="37.59098" lon="-83.72865"/>
      <trkpt lat="37.59091" lon="-83.72851"/>
      <trkpt lat="37.59082" lon="-83.72838"/>
      <trkpt lat="37.59072" lon="-83.72826"/>
      <trkpt lat="37.59062" lon="-83.72815"/>
      <trkpt lat="37.59044" lon="-83.72799"/>
      <trkpt lat="37.58998" lon="-83.7276"/>
      <trkpt lat="37.58988" lon="-83.72751"/>
      <trkpt lat="37.58978" lon="-83.7274"/>
      <trkpt lat="37.5897" lon="-83.72729"/>
      <trkpt lat="37.58963" lon="-83.72718"/>
      <trkpt lat="37.58943" lon="-83.7268"/>
      <trkpt lat="37.58935" lon="-83.72666"/>
      <trkpt lat="37.58929" lon="-83.72658"/>
      <trkpt lat="37.58919" lon="-83.72645"/>
      <trkpt lat="37.58905" lon="-83.72633"/>
      <trkpt lat="37.589" lon="-83.72627"/>
      <trkpt lat="37.58855" lon="-83.72589"/>
      <trkpt lat="37.58829" lon="-83.72565"/>
      <trkpt lat="37.58815" lon="-83.72551"/>
      <trkpt lat="37.58808" lon="-83.72544"/>
      <trkpt lat="37.58803" lon="-83.72537"/>
      <trkpt lat="37.58794" lon="-83.72524"/>
      <trkpt lat="37.58791" lon="-83.72518"/>
      <trkpt lat="37.58786" lon="-83.72506"/>
      <trkpt lat="37.58782" lon="-83.72491"/>
      <trkpt lat="37.5878" lon="-83.72481"/>
      <trkpt lat="37.58777" lon="-83.72465"/>
      <trkpt lat="37.58774" lon="-83.72429"/>
      <trkpt lat="37.58771" lon="-83.72406"/>
      <trkpt lat="37.58763" lon="-83.7233"/>
      <trkpt lat="37.58762" lon="-83.72311"/>
      <trkpt lat="37.58764" lon="-83.72298"/>
      <trkpt lat="37.58767" lon="-83.72286"/>
      <trkpt lat="37.58773" lon="-83.72274"/>
      <trkpt lat="37.58781" lon="-83.72264"/>
      <trkpt lat="37.58798" lon="-83.72242"/>
      <trkpt lat="37.58801" lon="-83.72238"/>
      <trkpt lat="37.58808" lon="-83.72226"/>
      <trkpt lat="37.58813" lon="-83.72212"/>
      <trkpt lat="37.58813" lon="-83.72208"/>
      <trkpt lat="37.58816" lon="-83.72198"/>
      <trkpt lat="37.58817" lon="-83.72183"/>
      <trkpt lat="37.58817" lon="-83.72159"/>
      <trkpt lat="37.58817" lon="-83.72111"/>
      <trkpt lat="37.58816" lon="-83.72097"/>
      <trkpt lat="37.58816" lon="-83.7209"/>
      <trkpt lat="37.58814" lon="-83.7208"/>
      <trkpt lat="37.58814" lon="-83.72076"/>
      <trkpt lat="37.58812" lon="-83.72065"/>
      <trkpt lat="37.58807" lon="-83.7205"/>
      <trkpt lat="37.58801" lon="-83.72037"/>
      <trkpt lat="37.58793" lon="-83.72024"/>
      <trkpt lat="37.58784" lon="-83.72014"/>
      <trkpt lat="37.58777" lon="-83.72008"/>
      <trkpt lat="37.5877" lon="-83.72003"/>
      <trkpt lat="37.58762" lon="-83.71999"/>
      <trkpt lat="37.58753" lon="-83.71996"/>
      <trkpt lat="37.5875" lon="-83.71995"/>
      <trkpt lat="37.58737" lon="-83.71993"/>
      <trkpt lat="37.58712" lon="-83.71991"/>
      <trkpt lat="37.58704" lon="-83.7199"/>
      <trkpt lat="37.587" lon="-83.7199"/>
      <trkpt lat="37.58688" lon="-83.71986"/>
      <trkpt lat="37.58677" lon="-83.7198"/>
      <trkpt lat="37.58666" lon="-83.71971"/>
      <trkpt lat="37.5864" lon="-83.71944"/>
      <trkpt lat="37.58623" lon="-83.71926"/>
      <trkpt lat="37.58619" lon="-83.71922"/>
      <trkpt lat="37.58562" lon="-83.71863"/>
      <trkpt lat="37.58557" lon="-83.71858"/>
      <trkpt lat="37.5855" lon="-83.71851"/>
      <trkpt lat="37.58538" lon="-83.7184"/>
      <trkpt lat="37.58535" lon="-83.71839"/>
      <trkpt lat="37.58525" lon="-83.71832"/>
      <trkpt lat="37.58516" lon="-83.71828"/>
      <trkpt lat="37.58507" lon="-83.71824"/>
      <trkpt lat="37.58497" lon="-83.71822"/>
      <trkpt lat="37.58483" lon="-83.71819"/>
      <trkpt lat="37.58469" lon="-83.71819"/>
      <trkpt lat="37.58427" lon="-83.71833"/>
      <trkpt lat="37.58373" lon="-83.71882"/>
      <trkpt lat="37.58352" lon="-83.71895"/>
      <trkpt lat="37.58313" lon="-83.71891"/>
      <trkpt lat="37.5826" lon="-83.7187"/>
      <trkpt lat="37.58208" lon="-83.7185"/>
      <trkpt lat="37.58187" lon="-83.71848"/>
      <trkpt lat="37.5817" lon="-83.71863"/>
      <trkpt lat="37.58165" lon="-83.71889"/>
      <trkpt lat="37.58172" lon="-83.71917"/>
      <trkpt lat="37.58185" lon="-83.71938"/>
      <trkpt lat="37.58234" lon="-83.71968"/>
      <trkpt lat="37.58247" lon="-83.71985"/>
      <trkpt lat="37.58266" lon="-83.72097"/>
      <trkpt lat="37.58264" lon="-83.72125"/>
      <trkpt lat="37.58251" lon="-83.72133"/>
      <trkpt lat="37.58243" lon="-83.72133"/>
      <trkpt lat="37.58174" lon="-83.72091"/>
      <trkpt lat="37.58148" lon="-83.72088"/>
      <trkpt lat="37.58107" lon="-83.72097"/>
      <trkpt lat="37.58095" lon="-83.72103"/>
      <trkpt lat="37.58071" lon="-83.72116"/>
      <trkpt lat="37.58002" lon="-83.72204"/>
      <trkpt lat="37.57983" lon="-83.72219"/>
      <trkpt lat="37.57966" lon="-83.72219"/>
      <trkpt lat="37.57955" lon="-83.72215"/>
      <trkpt lat="37.5794" lon="-83.72198"/>
      <trkpt lat="37.57929" lon="-83.7217"/>
      <trkpt lat="37.57927" lon="-83.7214"/>
      <trkpt lat="37.57944" lon="-83.7205"/>
      <trkpt lat="37.57949" lon="-83.72022"/>
      <trkpt lat="37.57953" lon="-83.71983"/>
      <trkpt lat="37.57946" lon="-83.7194"/>
      <trkpt lat="37.57863" lon="-83.71612"/>
      <trkpt lat="37.57811" lon="-83.71425"/>
      <trkpt lat="37.57786" lon="-83.71352"/>
      <trkpt lat="37.57777" lon="-83.71337"/>
      <trkpt lat="37.57777" lon="-83.71337"/>
      <trkpt lat="37.57766" lon="-83.71317"/>
      <trkpt lat="37.57732" lon="-83.71262"/>
      <trkpt lat="37.5771" lon="-83.71233"/>
      <trkpt lat="37.5769" lon="-83.71208"/>
      <trkpt lat="37.57677" lon="-83.71192"/>
      <trkpt lat="37.5765" lon="-83.71168"/>
      <trkpt lat="37.57526" lon="-83.71045"/>
      <trkpt lat="37.57484" lon="-83.71001"/>
      <trkpt lat="37.57456" lon="-83.70969"/>
      <trkpt lat="37.57445" lon="-83.70956"/>
      <trkpt lat="37.57384" lon="-83.70851"/>
      <trkpt lat="37.57342" lon="-83.70779"/>
      <trkpt lat="37.57333" lon="-83.70761"/>
      <trkpt lat="37.57326" lon="-83.70746"/>
      <trkpt lat="37.57323" lon="-83.70737"/>
      <trkpt lat="37.5732" lon="-83.70727"/>
      <trkpt lat="37.57317" lon="-83.7071"/>
      <trkpt lat="37.57315" lon="-83.70701"/>
      <trkpt lat="37.5731" lon="-83.70671"/>
      <trkpt lat="37.57307" lon="-83.70637"/>
      <trkpt lat="37.57238" lon="-83.70643"/>
      <trkpt lat="37.57234" lon="-83.70644"/>
      <trkpt lat="37.57231" lon="-83.70644"/>
      <trkpt lat="37.57224" lon="-83.70645"/>
      <trkpt lat="37.57205" lon="-83.70647"/>
      <trkpt lat="37.57149" lon="-83.70651"/>
      <trkpt lat="37.57142" lon="-83.70651"/>
      <trkpt lat="37.57112" lon="-83.70653"/>
      <trkpt lat="37.57023" lon="-83.70658"/>
      <trkpt lat="37.57002" lon="-83.70658"/>
      <trkpt lat="37.56889" lon="-83.70663"/>
      <trkpt lat="37.56878" lon="-83.70664"/>
      <trkpt lat="37.56859" lon="-83.70666"/>
      <trkpt lat="37.56863" lon="-83.70647"/>
      <trkpt lat="37.56873" lon="-83.70609"/>
      <trkpt lat="37.56887" lon="-83.70554"/>
      <trkpt lat="37.56905" lon="-83.70475"/>
      <trkpt lat="37.56911" lon="-83.70451"/>
      <trkpt lat="37.56917" lon="-83.7043"/>
      <trkpt lat="37.56922" lon="-83.70413"/>
      <trkpt lat="37.56937" lon="-83.70366"/>
      <trkpt lat="37.56965" lon="-83.70267"/>
      <trkpt lat="37.56983" lon="-83.70216"/>
      <trkpt lat="37.56993" lon="-83.7019"/>
      <trkpt lat="37.57004" lon="-83.70165"/>
      <trkpt lat="37.57016" lon="-83.70141"/>
      <trkpt lat="37.57042" lon="-83.70095"/>
      <trkpt lat="37.57083" lon="-83.70028"/>
      <trkpt lat="37.57113" lon="-83.69983"/>
      <trkpt lat="37.57128" lon="-83.69961"/>
      <trkpt lat="37.57147" lon="-83.69936"/>
      <trkpt lat="37.57195" lon="-83.6988"/>
      <trkpt lat="37.57214" lon="-83.69861"/>
      <trkpt lat="37.57232" lon="-83.69845"/>
      <trkpt lat="37.57264" lon="-83.69817"/>
      <trkpt lat="37.57298" lon="-83.69789"/>
      <trkpt lat="37.57316" lon="-83.69776"/>
      <trkpt lat="37.57362" lon="-83.69744"/>
      <trkpt lat="37.57448" lon="-83.69683"/>
      <trkpt lat="37.57493" lon="-83.69657"/>
      <trkpt lat="37.57512" lon="-83.69646"/>
      <trkpt lat="37.57572" lon="-83.69614"/>
      <trkpt lat="37.57588" lon="-83.69606"/>
      <trkpt lat="37.5761" lon="-83.69596"/>
      <trkpt lat="37.57668" lon="-83.6957"/>
      <trkpt lat="37.57692" lon="-83.6956"/>
      <trkpt lat="37.57736" lon="-83.69541"/>
      <trkpt lat="37.57765" lon="-83.69528"/>
      <trkpt lat="37.57763" lon="-83.69514"/>
      <trkpt lat="37.57762" lon="-83.69496"/>
      <trkpt lat="37.57759" lon="-83.69474"/>
      <trkpt lat="37.57753" lon="-83.69442"/>
      <trkpt lat="37.57746" lon="-83.69424"/>
      <trkpt lat="37.57726" lon="-83.69402"/>
      <trkpt lat="37.57713" lon="-83.6939"/>
      <trkpt lat="37.57694" lon="-83.69371"/>
      <trkpt lat="37.57682" lon="-83.69354"/>
      <trkpt lat="37.57669" lon="-83.69332"/>
      <trkpt lat="37.57645" lon="-83.69303"/>
      <trkpt lat="37.57633" lon="-83.69286"/>
      <trkpt lat="37.57627" lon="-83.69272"/>
      <trkpt lat="37.57621" lon="-83.69252"/>
      <trkpt lat="37.57618" lon="-83.69236"/>
      <trkpt lat="37.57617" lon="-83.69211"/>
      <trkpt lat="37.57619" lon="-83.692"/>
      <trkpt lat="37.57625" lon="-83.69164"/>
      <trkpt lat="37.57627" lon="-83.69149"/>
      <trkpt lat="37.57627" lon="-83.69142"/>
      <trkpt lat="37.57627" lon="-83.69131"/>
      <trkpt lat="37.57625" lon="-83.69108"/>
      <trkpt lat="37.57622" lon="-83.69098"/>
      <trkpt lat="37.57608" lon="-83.69057"/>
      <trkpt lat="37.57602" lon="-83.69037"/>
      <trkpt lat="37.57602" lon="-83.69016"/>
      <trkpt lat="37.57602" lon="-83.69005"/>
      <trkpt lat="37.57605" lon="-83.68995"/>
      <trkpt lat="37.57606" lon="-83.68984"/>
      <trkpt lat="37.57606" lon="-83.68963"/>
      <trkpt lat="37.57602" lon="-83.68941"/>
      <trkpt lat="37.57589" lon="-83.68899"/>
      <trkpt lat="37.57586" lon="-83.68888"/>
      <trkpt lat="37.57585" lon="-83.68876"/>
      <trkpt lat="37.57585" lon="-83.68854"/>
      <trkpt lat="37.57588" lon="-83.68822"/>
      <trkpt lat="37.57587" lon="-83.68811"/>
      <trkpt lat="37.57585" lon="-83.688"/>
      <trkpt lat="37.57579" lon="-83.68779"/>
      <trkpt lat="37.57566" lon="-83.68748"/>
      <trkpt lat="37.5756" lon="-83.68726"/>
      <trkpt lat="37.57556" lon="-83.68703"/>
      <trkpt lat="37.57546" lon="-83.68629"/>
      <trkpt lat="37.57542" lon="-83.68605"/>
      <trkpt lat="37.57536" lon="-83.68582"/>
      <trkpt lat="37.57528" lon="-83.6856"/>
      <trkpt lat="37.57513" lon="-83.68531"/>
      <trkpt lat="37.57502" lon="-83.68504"/>
      <trkpt lat="37.57493" lon="-83.68466"/>
      <trkpt lat="37.57487" lon="-83.68447"/>
      <trkpt lat="37.57478" lon="-83.68427"/>
      <trkpt lat="37.57466" lon="-83.68409"/>
      <trkpt lat="37.57436" lon="-83.68383"/>
      <trkpt lat="37.5743" lon="-83.68376"/>
      <trkpt lat="37.5742" lon="-83.68359"/>
      <trkpt lat="37.57414" lon="-83.68339"/>
      <trkpt lat="37.5741" lon="-83.68295"/>
      <trkpt lat="37.57408" lon="-83.68286"/>
      <trkpt lat="37.57405" lon="-83.68277"/>
      <trkpt lat="37.574" lon="-83.68269"/>
      <trkpt lat="37.57394" lon="-83.68263"/>
      <trkpt lat="37.57387" lon="-83.68259"/>
      <trkpt lat="37.57353" lon="-83.68244"/>
      <trkpt lat="37.5733" lon="-83.68228"/>
      <trkpt lat="37.57323" lon="-83.68225"/>
      <trkpt lat="37.57316" lon="-83.68224"/>
      <trkpt lat="37.57301" lon="-83.68225"/>
      <trkpt lat="37.57294" lon="-83.68226"/>
      <trkpt lat="37.57287" lon="-83.68224"/>
      <trkpt lat="37.5728" lon="-83.6822"/>
      <trkpt lat="37.57272" lon="-83.68212"/>
      <trkpt lat="37.57268" lon="-83.68209"/>
      <trkpt lat="37.5724" lon="-83.6817"/>
      <trkpt lat="37.57233" lon="-83.68163"/>
      <trkpt lat="37.57201" lon="-83.68137"/>
      <trkpt lat="37.57183" lon="-83.6812"/>
      <trkpt lat="37.57186" lon="-83.68109"/>
      <trkpt lat="37.57186" lon="-83.68102"/>
      <trkpt lat="37.5718" lon="-83.68077"/>
      <trkpt lat="37.57177" lon="-83.68055"/>
      <trkpt lat="37.5717" lon="-83.68017"/>
      <trkpt lat="37.57168" lon="-83.68009"/>
      <trkpt lat="37.57158" lon="-83.6798"/>
      <trkpt lat="37.57155" lon="-83.67957"/>
      <trkpt lat="37.57154" lon="-83.6793"/>
      <trkpt lat="37.57156" lon="-83.67896"/>
      <trkpt lat="37.57164" lon="-83.67852"/>
      <trkpt lat="37.57165" lon="-83.6778"/>
      <trkpt lat="37.57167" lon="-83.67771"/>
      <trkpt lat="37.57172" lon="-83.67757"/>
      <trkpt lat="37.57196" lon="-83.67707"/>
      <trkpt lat="37.57225" lon="-83.67654"/>
      <trkpt lat="37.5723" lon="-83.6764"/>
      <trkpt lat="37.57233" lon="-83.67623"/>
      <trkpt lat="37.57238" lon="-83.67565"/>
      <trkpt lat="37.57243" lon="-83.67497"/>
      <trkpt lat="37.57243" lon="-83.6744"/>
      <trkpt lat="37.57244" lon="-83.67397"/>
      <trkpt lat="37.57243" lon="-83.67352"/>
      <trkpt lat="37.57243" lon="-83.67339"/>
      <trkpt lat="37.57243" lon="-83.67333"/>
      <trkpt lat="37.5724" lon="-83.67309"/>
      <trkpt lat="37.57235" lon="-83.67287"/>
      <trkpt lat="37.57225" lon="-83.67262"/>
      <trkpt lat="37.57224" lon="-83.67257"/>
      <trkpt lat="37.57224" lon="-83.67247"/>
      <trkpt lat="37.57228" lon="-83.67236"/>
      <trkpt lat="37.57238" lon="-83.67219"/>
      <trkpt lat="37.57244" lon="-83.67206"/>
      <trkpt lat="37.57252" lon="-83.67185"/>
      <trkpt lat="37.57254" lon="-83.67169"/>
      <trkpt lat="37.57256" lon="-83.67144"/>
      <trkpt lat="37.57259" lon="-83.67127"/>
      <trkpt lat="37.57264" lon="-83.67111"/>
      <trkpt lat="37.57273" lon="-83.67089"/>
      <trkpt lat="37.57276" lon="-83.67076"/>
      <trkpt lat="37.57277" lon="-83.67065"/>
      <trkpt lat="37.57274" lon="-83.67046"/>
      <trkpt lat="37.57273" lon="-83.67037"/>
      <trkpt lat="37.57274" lon="-83.67033"/>
      <trkpt lat="37.57278" lon="-83.67023"/>
      <trkpt lat="37.57287" lon="-83.66992"/>
      <trkpt lat="37.57291" lon="-83.66974"/>
      <trkpt lat="37.57292" lon="-83.66947"/>
      <trkpt lat="37.57296" lon="-83.66919"/>
      <trkpt lat="37.57297" lon="-83.66906"/>
      <trkpt lat="37.57295" lon="-83.66891"/>
      <trkpt lat="37.57293" lon="-83.66878"/>
      <trkpt lat="37.57289" lon="-83.66866"/>
      <trkpt lat="37.57255" lon="-83.66814"/>
      <trkpt lat="37.57218" lon="-83.6676"/>
      <trkpt lat="37.5721" lon="-83.66746"/>
      <trkpt lat="37.57199" lon="-83.66726"/>
      <trkpt lat="37.57187" lon="-83.667"/>
      <trkpt lat="37.57172" lon="-83.66659"/>
      <trkpt lat="37.57167" lon="-83.66638"/>
      <trkpt lat="37.57165" lon="-83.66612"/>
      <trkpt lat="37.57166" lon="-83.66592"/>
      <trkpt lat="37.57167" lon="-83.66579"/>
      <trkpt lat="37.57173" lon="-83.66555"/>
      <trkpt lat="37.5719" lon="-83.66512"/>
      <trkpt lat="37.5721" lon="-83.66475"/>
      <trkpt lat="37.57213" lon="-83.66468"/>
      <trkpt lat="37.5722" lon="-83.66455"/>
      <trkpt lat="37.57228" lon="-83.66442"/>
      <trkpt lat="37.57249" lon="-83.66418"/>
      <trkpt lat="37.57278" lon="-83.66387"/>
      <trkpt lat="37.57304" lon="-83.66361"/>
      <trkpt lat="37.57359" lon="-83.66312"/>
      <trkpt lat="37.57386" lon="-83.66289"/>
      <trkpt lat="37.57407" lon="-83.66276"/>
      <trkpt lat="37.57421" lon="-83.66269"/>
      <trkpt lat="37.57433" lon="-83.66265"/>
      <trkpt lat="37.57438" lon="-83.66265"/>
      <trkpt lat="37.57463" lon="-83.66267"/>
      <trkpt lat="37.57493" lon="-83.66272"/>
      <trkpt lat="37.57517" lon="-83.66272"/>
      <trkpt lat="37.57522" lon="-83.66273"/>
      <trkpt lat="37.57529" lon="-83.66277"/>
      <trkpt lat="37.57535" lon="-83.66282"/>
      <trkpt lat="37.57541" lon="-83.66288"/>
      <trkpt lat="37.57548" lon="-83.66302"/>
      <trkpt lat="37.57606" lon="-83.66273"/>
      <trkpt lat="37.57714" lon="-83.66219"/>
      <trkpt lat="37.57777" lon="-83.66189"/>
      <trkpt lat="37.57825" lon="-83.66164"/>
      <trkpt lat="37.57874" lon="-83.66136"/>
      <trkpt lat="37.5789" lon="-83.66126"/>
      <trkpt lat="37.579" lon="-83.66119"/>
      <trkpt lat="37.57915" lon="-83.66106"/>
      <trkpt lat="37.57919" lon="-83.66102"/>
      <trkpt lat="37.57932" lon="-83.66088"/>
      <trkpt lat="37.57943" lon="-83.66072"/>
      <trkpt lat="37.57957" lon="-83.6605"/>
      <trkpt lat="37.57964" lon="-83.66038"/>
      <trkpt lat="37.57971" lon="-83.66022"/>
      <trkpt lat="37.5798" lon="-83.65999"/>
      <trkpt lat="37.57986" lon="-83.65979"/>
      <trkpt lat="37.57991" lon="-83.65957"/>
      <trkpt lat="37.57995" lon="-83.65927"/>
      <trkpt lat="37.57996" lon="-83.65912"/>
      <trkpt lat="37.57996" lon="-83.65897"/>
      <trkpt lat="37.57994" lon="-83.65866"/>
      <trkpt lat="37.57991" lon="-83.65843"/>
      <trkpt lat="37.57985" lon="-83.65812"/>
      <trkpt lat="37.57966" lon="-83.6574"/>
      <trkpt lat="37.57963" lon="-83.65727"/>
      <trkpt lat="37.5795" lon="-83.65677"/>
      <trkpt lat="37.57917" lon="-83.65548"/>
      <trkpt lat="37.579" lon="-83.65478"/>
      <trkpt lat="37.57892" lon="-83.65445"/>
      <trkpt lat="37.57889" lon="-83.65425"/>
      <trkpt lat="37.57888" lon="-83.65414"/>
      <trkpt lat="37.57882" lon="-83.65415"/>
      <trkpt lat="37.57858" lon="-83.65422"/>
      <trkpt lat="37.57795" lon="-83.65448"/>
      <trkpt lat="37.57791" lon="-83.65449"/>
      <trkpt lat="37.57756" lon="-83.65461"/>
      <trkpt lat="37.57714" lon="-83.65469"/>
      <trkpt lat="37.57694" lon="-83.65476"/>
      <trkpt lat="37.57675" lon="-83.65481"/>
      <trkpt lat="37.57638" lon="-83.65482"/>
      <trkpt lat="37.57635" lon="-83.65482"/>
      <trkpt lat="37.57603" lon="-83.65478"/>
      <trkpt lat="37.57572" lon="-83.65472"/>
      <trkpt lat="37.5755" lon="-83.65462"/>
      <trkpt lat="37.57538" lon="-83.65455"/>
      <trkpt lat="37.57529" lon="-83.65447"/>
      <trkpt lat="37.57519" lon="-83.65433"/>
      <trkpt lat="37.57499" lon="-83.65391"/>
      <trkpt lat="37.57495" lon="-83.65385"/>
      <trkpt lat="37.57489" lon="-83.65382"/>
      <trkpt lat="37.57483" lon="-83.65381"/>
      <trkpt lat="37.57478" lon="-83.65385"/>
      <trkpt lat="37.57474" lon="-83.65391"/>
      <trkpt lat="37.57471" lon="-83.65399"/>
      <trkpt lat="37.5747" lon="-83.65408"/>
      <trkpt lat="37.57469" lon="-83.65439"/>
      <trkpt lat="37.57465" lon="-83.65458"/>
      <trkpt lat="37.5746" lon="-83.65467"/>
      <trkpt lat="37.57454" lon="-83.65475"/>
      <trkpt lat="37.57439" lon="-83.65489"/>
      <trkpt lat="37.57421" lon="-83.65498"/>
      <trkpt lat="37.57402" lon="-83.65503"/>
      <trkpt lat="37.57392" lon="-83.65504"/>
      <trkpt lat="37.57382" lon="-83.65503"/>
      <trkpt lat="37.57362" lon="-83.65499"/>
      <trkpt lat="37.57351" lon="-83.65494"/>
      <trkpt lat="37.57345" lon="-83.65492"/>
      <trkpt lat="37.57327" lon="-83.65481"/>
      <trkpt lat="37.5728" lon="-83.65454"/>
      <trkpt lat="37.57252" lon="-83.65441"/>
      <trkpt lat="37.57244" lon="-83.65433"/>
      <trkpt lat="37.57229" lon="-83.65415"/>
      <trkpt lat="37.57207" lon="-83.65385"/>
      <trkpt lat="37.572" lon="-83.65379"/>
      <trkpt lat="37.57188" lon="-83.6537"/>
      <trkpt lat="37.57169" lon="-83.65359"/>
      <trkpt lat="37.57131" lon="-83.65341"/>
      <trkpt lat="37.57111" lon="-83.65332"/>
      <trkpt lat="37.571" lon="-83.6533"/>
      <trkpt lat="37.57079" lon="-83.65329"/>
      <trkpt lat="37.5705" lon="-83.6532"/>
      <trkpt lat="37.57022" lon="-83.65315"/>
      <trkpt lat="37.57004" lon="-83.65313"/>
      <trkpt lat="37.56963" lon="-83.65316"/>
      <trkpt lat="37.56957" lon="-83.65316"/>
      <trkpt lat="37.56932" lon="-83.65314"/>
      <trkpt lat="37.56923" lon="-83.65314"/>
      <trkpt lat="37.5689" lon="-83.65312"/>
      <trkpt lat="37.56881" lon="-83.65306"/>
      <trkpt lat="37.56859" lon="-83.65284"/>
      <trkpt lat="37.56851" lon="-83.65279"/>
      <trkpt lat="37.56844" lon="-83.65275"/>
      <trkpt lat="37.56829" lon="-83.6527"/>
      <trkpt lat="37.56814" lon="-83.65266"/>
      <trkpt lat="37.56794" lon="-83.65263"/>
      <trkpt lat="37.56787" lon="-83.65264"/>
      <trkpt lat="37.56782" lon="-83.65265"/>
      <trkpt lat="37.56776" lon="-83.65269"/>
      <trkpt lat="37.56771" lon="-83.65275"/>
      <trkpt lat="37.5674" lon="-83.65318"/>
      <trkpt lat="37.56736" lon="-83.65322"/>
      <trkpt lat="37.56718" lon="-83.65337"/>
      <trkpt lat="37.56695" lon="-83.65351"/>
      <trkpt lat="37.56684" lon="-83.65357"/>
      <trkpt lat="37.56647" lon="-83.65372"/>
      <trkpt lat="37.56633" lon="-83.65376"/>
      <trkpt lat="37.56593" lon="-83.65398"/>
      <trkpt lat="37.56576" lon="-83.65404"/>
      <trkpt lat="37.56554" lon="-83.65407"/>
      <trkpt lat="37.5653" lon="-83.65411"/>
      <trkpt lat="37.56509" lon="-83.65418"/>
      <trkpt lat="37.56499" lon="-83.65423"/>
      <trkpt lat="37.56462" lon="-83.65457"/>
      <trkpt lat="37.5644" lon="-83.65472"/>
      <trkpt lat="37.56429" lon="-83.65478"/>
      <trkpt lat="37.56382" lon="-83.65499"/>
      <trkpt lat="37.56359" lon="-83.65513"/>
      <trkpt lat="37.56349" lon="-83.65521"/>
      <trkpt lat="37.56303" lon="-83.65548"/>
      <trkpt lat="37.56246" lon="-83.6557"/>
      <trkpt lat="37.5622" lon="-83.65585"/>
      <trkpt lat="37.56203" lon="-83.6559"/>
      <trkpt lat="37.56176" lon="-83.6559"/>
      <trkpt lat="37.56158" lon="-83.65593"/>
      <trkpt lat="37.56144" lon="-83.65591"/>
      <trkpt lat="37.56128" lon="-83.6559"/>
      <trkpt lat="37.56112" lon="-83.65586"/>
      <trkpt lat="37.56034" lon="-83.65557"/>
      <trkpt lat="37.56006" lon="-83.65552"/>
      <trkpt lat="37.55954" lon="-83.65538"/>
      <trkpt lat="37.55917" lon="-83.65525"/>
      <trkpt lat="37.55904" lon="-83.65523"/>
      <trkpt lat="37.55891" lon="-83.65523"/>
      <trkpt lat="37.55879" lon="-83.65525"/>
      <trkpt lat="37.55856" lon="-83.65531"/>
      <trkpt lat="37.55834" lon="-83.65534"/>
      <trkpt lat="37.55811" lon="-83.65532"/>
      <trkpt lat="37.55775" lon="-83.65525"/>
      <trkpt lat="37.55763" lon="-83.65526"/>
      <trkpt lat="37.55734" lon="-83.65535"/>
      <trkpt lat="37.55718" lon="-83.65538"/>
      <trkpt lat="37.557" lon="-83.65537"/>
      <trkpt lat="37.55691" lon="-83.65534"/>
      <trkpt lat="37.55674" lon="-83.65526"/>
      <trkpt lat="37.55641" lon="-83.655"/>
      <trkpt lat="37.55631" lon="-83.65498"/>
      <trkpt lat="37.55623" lon="-83.65499"/>
      <trkpt lat="37.55615" lon="-83.65504"/>
      <trkpt lat="37.556" lon="-83.6552"/>
      <trkpt lat="37.55592" lon="-83.65527"/>
      <trkpt lat="37.55582" lon="-83.65533"/>
      <trkpt lat="37.55558" lon="-83.65539"/>
      <trkpt lat="37.55537" lon="-83.65547"/>
      <trkpt lat="37.55518" lon="-83.65556"/>
      <trkpt lat="37.55488" lon="-83.65565"/>
      <trkpt lat="37.55457" lon="-83.65582"/>
      <trkpt lat="37.55434" lon="-83.656"/>
      <trkpt lat="37.55428" lon="-83.65607"/>
      <trkpt lat="37.55415" lon="-83.65627"/>
      <trkpt lat="37.55408" lon="-83.65642"/>
      <trkpt lat="37.55402" lon="-83.65659"/>
      <trkpt lat="37.55394" lon="-83.65688"/>
      <trkpt lat="37.55386" lon="-83.65702"/>
      <trkpt lat="37.55381" lon="-83.65707"/>
      <trkpt lat="37.55374" lon="-83.65711"/>
      <trkpt lat="37.55359" lon="-83.65719"/>
      <trkpt lat="37.55342" lon="-83.65726"/>
      <trkpt lat="37.55327" lon="-83.65732"/>
      <trkpt lat="37.55304" lon="-83.65746"/>
      <trkpt lat="37.5529" lon="-83.65757"/>
      <trkpt lat="37.55258" lon="-83.65792"/>
      <trkpt lat="37.5523" lon="-83.65815"/>
      <trkpt lat="37.55218" lon="-83.65824"/>
      <trkpt lat="37.55186" lon="-83.65846"/>
      <trkpt lat="37.55155" lon="-83.65865"/>
      <trkpt lat="37.55146" lon="-83.65873"/>
      <trkpt lat="37.55116" lon="-83.65891"/>
      <trkpt lat="37.55095" lon="-83.65901"/>
      <trkpt lat="37.55073" lon="-83.6591"/>
      <trkpt lat="37.55058" lon="-83.65915"/>
      <trkpt lat="37.55007" lon="-83.65945"/>
      <trkpt lat="37.54986" lon="-83.65951"/>
      <trkpt lat="37.54971" lon="-83.65951"/>
      <trkpt lat="37.54953" lon="-83.65948"/>
      <trkpt lat="37.54939" lon="-83.6594"/>
      <trkpt lat="37.54927" lon="-83.65928"/>
      <trkpt lat="37.54918" lon="-83.65916"/>
      <trkpt lat="37.54908" lon="-83.65904"/>
      <trkpt lat="37.54903" lon="-83.659"/>
      <trkpt lat="37.54898" lon="-83.659"/>
      <trkpt lat="37.54897" lon="-83.65905"/>
      <trkpt lat="37.54891" lon="-83.6592"/>
      <trkpt lat="37.54885" lon="-83.65978"/>
      <trkpt lat="37.54884" lon="-83.66014"/>
      <trkpt lat="37.54888" lon="-83.66036"/>
      <trkpt lat="37.54894" lon="-83.6605"/>
      <trkpt lat="37.54903" lon="-83.66064"/>
      <trkpt lat="37.54906" lon="-83.66067"/>
      <trkpt lat="37.54911" lon="-83.66074"/>
      <trkpt lat="37.54918" lon="-83.66089"/>
      <trkpt lat="37.5492" lon="-83.66097"/>
      <trkpt lat="37.5492" lon="-83.66106"/>
      <trkpt lat="37.5492" lon="-83.66114"/>
      <trkpt lat="37.54913" lon="-83.66161"/>
      <trkpt lat="37.54912" lon="-83.6619"/>
      <trkpt lat="37.54911" lon="-83.66204"/>
      <trkpt lat="37.54908" lon="-83.66218"/>
      <trkpt lat="37.54908" lon="-83.66225"/>
      <trkpt lat="37.549" lon="-83.66245"/>
      <trkpt lat="37.54895" lon="-83.66253"/>
      <trkpt lat="37.54868" lon="-83.66297"/>
      <trkpt lat="37.54854" lon="-83.66326"/>
      <trkpt lat="37.54837" lon="-83.66363"/>
      <trkpt lat="37.54831" lon="-83.66379"/>
      <trkpt lat="37.54821" lon="-83.66404"/>
      <trkpt lat="37.54816" lon="-83.66418"/>
      <trkpt lat="37.54805" lon="-83.66441"/>
      <trkpt lat="37.54788" lon="-83.66475"/>
      <trkpt lat="37.54779" lon="-83.66487"/>
      <trkpt lat="37.54764" lon="-83.66504"/>
      <trkpt lat="37.54753" lon="-83.66515"/>
      <trkpt lat="37.54749" lon="-83.66519"/>
      <trkpt lat="37.54731" lon="-83.66539"/>
      <trkpt lat="37.54727" lon="-83.66546"/>
      <trkpt lat="37.54724" lon="-83.66564"/>
      <trkpt lat="37.54724" lon="-83.66569"/>
      <trkpt lat="37.54726" lon="-83.66577"/>
      <trkpt lat="37.5473" lon="-83.66593"/>
      <trkpt lat="37.54738" lon="-83.66623"/>
      <trkpt lat="37.54741" lon="-83.66644"/>
      <trkpt lat="37.54755" lon="-83.66711"/>
      <trkpt lat="37.54759" lon="-83.66727"/>
      <trkpt lat="37.54766" lon="-83.66783"/>
      <trkpt lat="37.54767" lon="-83.66792"/>
      <trkpt lat="37.54758" lon="-83.66815"/>
      <trkpt lat="37.54752" lon="-83.66829"/>
      <trkpt lat="37.54745" lon="-83.66855"/>
      <trkpt lat="37.54743" lon="-83.66862"/>
      <trkpt lat="37.54723" lon="-83.66944"/>
      <trkpt lat="37.54711" lon="-83.66999"/>
      <trkpt lat="37.547" lon="-83.67045"/>
      <trkpt lat="37.54697" lon="-83.67058"/>
      <trkpt lat="37.54696" lon="-83.67099"/>
      <trkpt lat="37.54693" lon="-83.67127"/>
      <trkpt lat="37.54684" lon="-83.6717"/>
      <trkpt lat="37.54677" lon="-83.67198"/>
      <trkpt lat="37.54663" lon="-83.67237"/>
      <trkpt lat="37.54654" lon="-83.6726"/>
      <trkpt lat="37.54635" lon="-83.6729"/>
      <trkpt lat="37.54602" lon="-83.67337"/>
      <trkpt lat="37.54596" lon="-83.67348"/>
      <trkpt lat="37.54591" lon="-83.67359"/>
      <trkpt lat="37.54569" lon="-83.67427"/>
      <trkpt lat="37.54564" lon="-83.67437"/>
      <trkpt lat="37.54542" lon="-83.67474"/>
      <trkpt lat="37.54528" lon="-83.6749"/>
      <trkpt lat="37.54522" lon="-83.67499"/>
      <trkpt lat="37.54511" lon="-83.67512"/>
      <trkpt lat="37.54484" lon="-83.67531"/>
      <trkpt lat="37.54464" lon="-83.6754"/>
      <trkpt lat="37.54439" lon="-83.67548"/>
      <trkpt lat="37.54432" lon="-83.67553"/>
      <trkpt lat="37.54421" lon="-83.67569"/>
      <trkpt lat="37.54386" lon="-83.67592"/>
      <trkpt lat="37.54362" lon="-83.67612"/>
      <trkpt lat="37.54348" lon="-83.67626"/>
      <trkpt lat="37.54334" lon="-83.67652"/>
      <trkpt lat="37.54323" lon="-83.6767"/>
      <trkpt lat="37.54309" lon="-83.67694"/>
      <trkpt lat="37.54307" lon="-83.67703"/>
      <trkpt lat="37.54305" lon="-83.67717"/>
      <trkpt lat="37.54304" lon="-83.67722"/>
      <trkpt lat="37.54305" lon="-83.67754"/>
      <trkpt lat="37.54303" lon="-83.67776"/>
      <trkpt lat="37.54299" lon="-83.67802"/>
      <trkpt lat="37.54283" lon="-83.67841"/>
      <trkpt lat="37.54263" lon="-83.67877"/>
      <trkpt lat="37.54246" lon="-83.67907"/>
      <trkpt lat="37.54242" lon="-83.67915"/>
      <trkpt lat="37.54222" lon="-83.67958"/>
      <trkpt lat="37.54219" lon="-83.67969"/>
      <trkpt lat="37.5422" lon="-83.6798"/>
      <trkpt lat="37.54214" lon="-83.67981"/>
      <trkpt lat="37.5421" lon="-83.67982"/>
      <trkpt lat="37.54203" lon="-83.67987"/>
      <trkpt lat="37.54196" lon="-83.67992"/>
      <trkpt lat="37.54172" lon="-83.68013"/>
      <trkpt lat="37.54165" lon="-83.6802"/>
      <trkpt lat="37.54143" lon="-83.68041"/>
      <trkpt lat="37.54118" lon="-83.68064"/>
      <trkpt lat="37.54103" lon="-83.68076"/>
      <trkpt lat="37.5409" lon="-83.68085"/>
      <trkpt lat="37.5408" lon="-83.6809"/>
      <trkpt lat="37.5406" lon="-83.68099"/>
      <trkpt lat="37.54039" lon="-83.68105"/>
      <trkpt lat="37.54011" lon="-83.68109"/>
      <trkpt lat="37.53998" lon="-83.68114"/>
      <trkpt lat="37.53956" lon="-83.68134"/>
      <trkpt lat="37.53935" lon="-83.68143"/>
      <trkpt lat="37.53906" lon="-83.68154"/>
      <trkpt lat="37.53846" lon="-83.6818"/>
      <trkpt lat="37.53831" lon="-83.68185"/>
      <trkpt lat="37.53821" lon="-83.68187"/>
      <trkpt lat="37.5381" lon="-83.68188"/>
      <trkpt lat="37.53799" lon="-83.68187"/>
      <trkpt lat="37.53787" lon="-83.68185"/>
      <trkpt lat="37.53756" lon="-83.68179"/>
      <trkpt lat="37.53744" lon="-83.68179"/>
      <trkpt lat="37.53728" lon="-83.68181"/>
      <trkpt lat="37.5372" lon="-83.68182"/>
      <trkpt lat="37.53689" lon="-83.68191"/>
      <trkpt lat="37.53678" lon="-83.68196"/>
      <trkpt lat="37.5366" lon="-83.68206"/>
      <trkpt lat="37.53638" lon="-83.68214"/>
      <trkpt lat="37.53624" lon="-83.68217"/>
      <trkpt lat="37.53575" lon="-83.68225"/>
      <trkpt lat="37.53513" lon="-83.68234"/>
      <trkpt lat="37.53466" lon="-83.68243"/>
      <trkpt lat="37.53433" lon="-83.68248"/>
      <trkpt lat="37.53412" lon="-83.68252"/>
      <trkpt lat="37.53391" lon="-83.68258"/>
      <trkpt lat="37.5334" lon="-83.68276"/>
      <trkpt lat="37.53329" lon="-83.6828"/>
      <trkpt lat="37.53294" lon="-83.68294"/>
      <trkpt lat="37.53287" lon="-83.68298"/>
      <trkpt lat="37.53276" lon="-83.68304"/>
      <trkpt lat="37.5322" lon="-83.68339"/>
      <trkpt lat="37.53186" lon="-83.68363"/>
      <trkpt lat="37.53138" lon="-83.68389"/>
      <trkpt lat="37.53108" lon="-83.68409"/>
      <trkpt lat="37.53102" lon="-83.68412"/>
      <trkpt lat="37.53091" lon="-83.68415"/>
      <trkpt lat="37.5308" lon="-83.68415"/>
      <trkpt lat="37.53072" lon="-83.68412"/>
      <trkpt lat="37.53065" lon="-83.68409"/>
      <trkpt lat="37.53055" lon="-83.68402"/>
      <trkpt lat="37.53046" lon="-83.68393"/>
      <trkpt lat="37.53032" lon="-83.68378"/>
      <trkpt lat="37.53015" lon="-83.68358"/>
      <trkpt lat="37.53009" lon="-83.68352"/>
      <trkpt lat="37.52996" lon="-83.68342"/>
      <trkpt lat="37.52974" lon="-83.68326"/>
      <trkpt lat="37.52965" lon="-83.6832"/>
      <trkpt lat="37.52955" lon="-83.68312"/>
      <trkpt lat="37.52922" lon="-83.68275"/>
      <trkpt lat="37.52909" lon="-83.68262"/>
      <trkpt lat="37.52895" lon="-83.6825"/>
      <trkpt lat="37.52871" lon="-83.6823"/>
      <trkpt lat="37.52836" lon="-83.682"/>
      <trkpt lat="37.52826" lon="-83.68191"/>
      <trkpt lat="37.52821" lon="-83.68185"/>
      <trkpt lat="37.52809" lon="-83.68199"/>
      <trkpt lat="37.528" lon="-83.6821"/>
      <trkpt lat="37.52785" lon="-83.68232"/>
      <trkpt lat="37.52777" lon="-83.68249"/>
      <trkpt lat="37.52771" lon="-83.68264"/>
      <trkpt lat="37.52769" lon="-83.68271"/>
      <trkpt lat="37.52769" lon="-83.68277"/>
      <trkpt lat="37.5277" lon="-83.68284"/>
      <trkpt lat="37.52776" lon="-83.68297"/>
      <trkpt lat="37.5281" lon="-83.68345"/>
      <trkpt lat="37.52825" lon="-83.68363"/>
      <trkpt lat="37.52838" lon="-83.68382"/>
      <trkpt lat="37.52868" lon="-83.68416"/>
      <trkpt lat="37.52882" lon="-83.68433"/>
      <trkpt lat="37.52887" lon="-83.68442"/>
      <trkpt lat="37.52898" lon="-83.68466"/>
      <trkpt lat="37.52908" lon="-83.68496"/>
      <trkpt lat="37.52914" lon="-83.68519"/>
      <trkpt lat="37.52919" lon="-83.68542"/>
      <trkpt lat="37.52921" lon="-83.68578"/>
      <trkpt lat="37.52921" lon="-83.68591"/>
      <trkpt lat="37.5292" lon="-83.68604"/>
      <trkpt lat="37.52914" lon="-83.68631"/>
      <trkpt lat="37.52899" lon="-83.68687"/>
      <trkpt lat="37.52891" lon="-83.68714"/>
      <trkpt lat="37.52887" lon="-83.68727"/>
      <trkpt lat="37.52881" lon="-83.68739"/>
      <trkpt lat="37.52853" lon="-83.68786"/>
      <trkpt lat="37.52829" lon="-83.68821"/>
      <trkpt lat="37.52814" lon="-83.68844"/>
      <trkpt lat="37.52727" lon="-83.68969"/>
      <trkpt lat="37.52711" lon="-83.6899"/>
      <trkpt lat="37.52661" lon="-83.69052"/>
      <trkpt lat="37.52615" lon="-83.6912"/>
      <trkpt lat="37.52546" lon="-83.69212"/>
      <trkpt lat="37.5251" lon="-83.69261"/>
      <trkpt lat="37.52502" lon="-83.69269"/>
      <trkpt lat="37.52494" lon="-83.69276"/>
      <trkpt lat="37.52487" lon="-83.6928"/>
      <trkpt lat="37.5248" lon="-83.69282"/>
      <trkpt lat="37.52473" lon="-83.69281"/>
      <trkpt lat="37.52466" lon="-83.69278"/>
      <trkpt lat="37.52461" lon="-83.69275"/>
      <trkpt lat="37.52462" lon="-83.69269"/>
      <trkpt lat="37.52449" lon="-83.6925"/>
      <trkpt lat="37.52445" lon="-83.69241"/>
      <trkpt lat="37.5243" lon="-83.69204"/>
      <trkpt lat="37.52424" lon="-83.69194"/>
      <trkpt lat="37.52409" lon="-83.69174"/>
      <trkpt lat="37.52369" lon="-83.69129"/>
      <trkpt lat="37.52361" lon="-83.69117"/>
      <trkpt lat="37.52355" lon="-83.69102"/>
      <trkpt lat="37.52354" lon="-83.69094"/>
      <trkpt lat="37.52353" lon="-83.69077"/>
      <trkpt lat="37.52353" lon="-83.69053"/>
      <trkpt lat="37.5235" lon="-83.69032"/>
      <trkpt lat="37.52342" lon="-83.69015"/>
      <trkpt lat="37.52334" lon="-83.69005"/>
      <trkpt lat="37.52306" lon="-83.68975"/>
      <trkpt lat="37.52292" lon="-83.6895"/>
      <trkpt lat="37.52287" lon="-83.68945"/>
      <trkpt lat="37.52282" lon="-83.68941"/>
      <trkpt lat="37.52265" lon="-83.68934"/>
      <trkpt lat="37.52246" lon="-83.68923"/>
      <trkpt lat="37.52184" lon="-83.6888"/>
      <trkpt lat="37.52171" lon="-83.68869"/>
      <trkpt lat="37.52164" lon="-83.68855"/>
      <trkpt lat="37.52152" lon="-83.68812"/>
      <trkpt lat="37.52147" lon="-83.688"/>
      <trkpt lat="37.52142" lon="-83.6879"/>
      <trkpt lat="37.52117" lon="-83.68753"/>
      <trkpt lat="37.52104" lon="-83.68741"/>
      <trkpt lat="37.52095" lon="-83.68733"/>
      <trkpt lat="37.52031" lon="-83.68687"/>
      <trkpt lat="37.52012" lon="-83.68671"/>
      <trkpt lat="37.51999" lon="-83.68658"/>
      <trkpt lat="37.51974" lon="-83.68623"/>
      <trkpt lat="37.51954" lon="-83.686"/>
      <trkpt lat="37.51943" lon="-83.6859"/>
      <trkpt lat="37.51929" lon="-83.6858"/>
      <trkpt lat="37.51919" lon="-83.68575"/>
      <trkpt lat="37.51899" lon="-83.68567"/>
      <trkpt lat="37.51876" lon="-83.68562"/>
      <trkpt lat="37.51863" lon="-83.68561"/>
      <trkpt lat="37.51853" lon="-83.68559"/>
      <trkpt lat="37.51821" lon="-83.68544"/>
      <trkpt lat="37.51796" lon="-83.6854"/>
      <trkpt lat="37.51787" lon="-83.68532"/>
      <trkpt lat="37.51765" lon="-83.6852"/>
      <trkpt lat="37.51744" lon="-83.68506"/>
      <trkpt lat="37.51737" lon="-83.68494"/>
      <trkpt lat="37.51729" lon="-83.68486"/>
      <trkpt lat="37.51703" lon="-83.68462"/>
      <trkpt lat="37.51699" lon="-83.68457"/>
      <trkpt lat="37.51694" lon="-83.68449"/>
      <trkpt lat="37.51668" lon="-83.68388"/>
      <trkpt lat="37.51661" lon="-83.68374"/>
      <trkpt lat="37.51653" lon="-83.68361"/>
      <trkpt lat="37.51643" lon="-83.68349"/>
      <trkpt lat="37.51632" lon="-83.68339"/>
      <trkpt lat="37.51624" lon="-83.68328"/>
      <trkpt lat="37.5162" lon="-83.68323"/>
      <trkpt lat="37.51615" lon="-83.68316"/>
      <trkpt lat="37.51605" lon="-83.68303"/>
      <trkpt lat="37.51593" lon="-83.6829"/>
      <trkpt lat="37.51582" lon="-83.68279"/>
      <trkpt lat="37.51558" lon="-83.68257"/>
      <trkpt lat="37.51525" lon="-83.68237"/>
      <trkpt lat="37.51487" lon="-83.68221"/>
      <trkpt lat="37.5147" lon="-83.68216"/>
      <trkpt lat="37.5145" lon="-83.68218"/>
      <trkpt lat="37.5143" lon="-83.68218"/>
      <trkpt lat="37.51343" lon="-83.68209"/>
      <trkpt lat="37.51333" lon="-83.68204"/>
      <trkpt lat="37.51324" lon="-83.68196"/>
      <trkpt lat="37.51305" lon="-83.68184"/>
      <trkpt lat="37.51288" lon="-83.68176"/>
      <trkpt lat="37.51257" lon="-83.68155"/>
      <trkpt lat="37.5125" lon="-83.68144"/>
      <trkpt lat="37.51241" lon="-83.68128"/>
      <trkpt lat="37.51219" lon="-83.68088"/>
      <trkpt lat="37.51215" lon="-83.68084"/>
      <trkpt lat="37.51206" lon="-83.68078"/>
      <trkpt lat="37.51192" lon="-83.68073"/>
      <trkpt lat="37.51184" lon="-83.6807"/>
      <trkpt lat="37.51179" lon="-83.68068"/>
      <trkpt lat="37.51173" lon="-83.68066"/>
      <trkpt lat="37.51167" lon="-83.68064"/>
      <trkpt lat="37.51161" lon="-83.68061"/>
      <trkpt lat="37.51155" lon="-83.68059"/>
      <trkpt lat="37.51141" lon="-83.68054"/>
      <trkpt lat="37.51134" lon="-83.6805"/>
      <trkpt lat="37.5112" lon="-83.68045"/>
      <trkpt lat="37.51112" lon="-83.68043"/>
      <trkpt lat="37.51104" lon="-83.68041"/>
      <trkpt lat="37.5109" lon="-83.68037"/>
      <trkpt lat="37.51083" lon="-83.68034"/>
      <trkpt lat="37.51077" lon="-83.68031"/>
      <trkpt lat="37.51071" lon="-83.68027"/>
      <trkpt lat="37.51062" lon="-83.68018"/>
      <trkpt lat="37.51058" lon="-83.68012"/>
      <trkpt lat="37.51055" lon="-83.68006"/>
      <trkpt lat="37.51053" lon="-83.68"/>
      <trkpt lat="37.5105" lon="-83.67994"/>
      <trkpt lat="37.51046" lon="-83.67981"/>
      <trkpt lat="37.5104" lon="-83.6797"/>
      <trkpt lat="37.51037" lon="-83.67965"/>
      <trkpt lat="37.51033" lon="-83.67962"/>
      <trkpt lat="37.51028" lon="-83.67957"/>
      <trkpt lat="37.51023" lon="-83.67955"/>
      <trkpt lat="37.51017" lon="-83.67953"/>
      <trkpt lat="37.51011" lon="-83.67951"/>
      <trkpt lat="37.50997" lon="-83.67948"/>
      <trkpt lat="37.50991" lon="-83.67947"/>
      <trkpt lat="37.50979" lon="-83.67943"/>
      <trkpt lat="37.50974" lon="-83.67942"/>
      <trkpt lat="37.50965" lon="-83.67939"/>
      <trkpt lat="37.50961" lon="-83.67938"/>
      <trkpt lat="37.50957" lon="-83.67939"/>
      <trkpt lat="37.50951" lon="-83.67942"/>
      <trkpt lat="37.50939" lon="-83.67951"/>
      <trkpt lat="37.50927" lon="-83.67952"/>
      <trkpt lat="37.50903" lon="-83.67947"/>
      <trkpt lat="37.50889" lon="-83.67945"/>
      <trkpt lat="37.50864" lon="-83.67939"/>
      <trkpt lat="37.50815" lon="-83.67926"/>
      <trkpt lat="37.50796" lon="-83.67923"/>
      <trkpt lat="37.50747" lon="-83.67912"/>
      <trkpt lat="37.5072" lon="-83.67903"/>
      <trkpt lat="37.50707" lon="-83.67894"/>
      <trkpt lat="37.50697" lon="-83.67881"/>
      <trkpt lat="37.5069" lon="-83.67875"/>
      <trkpt lat="37.50681" lon="-83.67869"/>
      <trkpt lat="37.50672" lon="-83.67863"/>
      <trkpt lat="37.50666" lon="-83.67862"/>
      <trkpt lat="37.50656" lon="-83.67861"/>
      <trkpt lat="37.50647" lon="-83.67862"/>
      <trkpt lat="37.50641" lon="-83.67865"/>
      <trkpt lat="37.50634" lon="-83.67873"/>
      <trkpt lat="37.50628" lon="-83.67878"/>
      <trkpt lat="37.50622" lon="-83.67881"/>
      <trkpt lat="37.50616" lon="-83.67883"/>
      <trkpt lat="37.50594" lon="-83.67885"/>
      <trkpt lat="37.50575" lon="-83.67888"/>
      <trkpt lat="37.50564" lon="-83.6789"/>
      <trkpt lat="37.50555" lon="-83.67893"/>
      <trkpt lat="37.50533" lon="-83.67906"/>
      <trkpt lat="37.50527" lon="-83.6791"/>
      <trkpt lat="37.5052" lon="-83.67913"/>
      <trkpt lat="37.50507" lon="-83.67913"/>
      <trkpt lat="37.505" lon="-83.67913"/>
      <trkpt lat="37.50494" lon="-83.67912"/>
      <trkpt lat="37.50487" lon="-83.6791"/>
      <trkpt lat="37.5048" lon="-83.67907"/>
      <trkpt lat="37.50473" lon="-83.67906"/>
      <trkpt lat="37.50466" lon="-83.67904"/>
      <trkpt lat="37.50458" lon="-83.67902"/>
      <trkpt lat="37.50451" lon="-83.67901"/>
      <trkpt lat="37.50444" lon="-83.679"/>
      <trkpt lat="37.50437" lon="-83.679"/>
      <trkpt lat="37.5043" lon="-83.67901"/>
      <trkpt lat="37.50424" lon="-83.67903"/>
      <trkpt lat="37.50419" lon="-83.67906"/>
      <trkpt lat="37.50413" lon="-83.6791"/>
      <trkpt lat="37.50408" lon="-83.67914"/>
      <trkpt lat="37.50402" lon="-83.67917"/>
      <trkpt lat="37.50396" lon="-83.67919"/>
      <trkpt lat="37.50378" lon="-83.67924"/>
      <trkpt lat="37.50372" lon="-83.67925"/>
      <trkpt lat="37.50359" lon="-83.67928"/>
      <trkpt lat="37.50354" lon="-83.6793"/>
      <trkpt lat="37.50347" lon="-83.67933"/>
      <trkpt lat="37.50341" lon="-83.67934"/>
      <trkpt lat="37.50322" lon="-83.6794"/>
      <trkpt lat="37.50316" lon="-83.67941"/>
      <trkpt lat="37.50309" lon="-83.67942"/>
      <trkpt lat="37.50303" lon="-83.67943"/>
      <trkpt lat="37.50296" lon="-83.67943"/>
      <trkpt lat="37.5029" lon="-83.67942"/>
      <trkpt lat="37.50285" lon="-83.6794"/>
      <trkpt lat="37.50279" lon="-83.67939"/>
      <trkpt lat="37.50274" lon="-83.67937"/>
      <trkpt lat="37.50269" lon="-83.67935"/>
      <trkpt lat="37.50264" lon="-83.67933"/>
      <trkpt lat="37.50259" lon="-83.67931"/>
      <trkpt lat="37.50255" lon="-83.67928"/>
      <trkpt lat="37.50251" lon="-83.67925"/>
      <trkpt lat="37.50247" lon="-83.67922"/>
      <trkpt lat="37.50243" lon="-83.67918"/>
      <trkpt lat="37.50239" lon="-83.67914"/>
      <trkpt lat="37.50236" lon="-83.67909"/>
      <trkpt lat="37.50231" lon="-83.679"/>
      <trkpt lat="37.50225" lon="-83.67891"/>
      <trkpt lat="37.50221" lon="-83.67884"/>
      <trkpt lat="37.50217" lon="-83.67879"/>
      <trkpt lat="37.50211" lon="-83.67866"/>
      <trkpt lat="37.50203" lon="-83.67854"/>
      <trkpt lat="37.50194" lon="-83.67845"/>
      <trkpt lat="37.50189" lon="-83.67832"/>
      <trkpt lat="37.50181" lon="-83.67821"/>
      <trkpt lat="37.5017" lon="-83.67795"/>
      <trkpt lat="37.50165" lon="-83.67781"/>
      <trkpt lat="37.5016" lon="-83.67768"/>
      <trkpt lat="37.50154" lon="-83.67753"/>
      <trkpt lat="37.50146" lon="-83.6774"/>
      <trkpt lat="37.50122" lon="-83.67702"/>
      <trkpt lat="37.50114" lon="-83.67689"/>
      <trkpt lat="37.50107" lon="-83.67676"/>
      <trkpt lat="37.50091" lon="-83.6765"/>
      <trkpt lat="37.50077" lon="-83.67628"/>
      <trkpt lat="37.50071" lon="-83.67617"/>
      <trkpt lat="37.50065" lon="-83.67606"/>
      <trkpt lat="37.5006" lon="-83.67594"/>
      <trkpt lat="37.50057" lon="-83.67583"/>
      <trkpt lat="37.50054" lon="-83.67571"/>
      <trkpt lat="37.50053" lon="-83.6756"/>
      <trkpt lat="37.50053" lon="-83.67549"/>
      <trkpt lat="37.50055" lon="-83.67538"/>
      <trkpt lat="37.50059" lon="-83.67527"/>
      <trkpt lat="37.50062" lon="-83.67516"/>
      <trkpt lat="37.50065" lon="-83.67504"/>
      <trkpt lat="37.50068" lon="-83.67491"/>
      <trkpt lat="37.5007" lon="-83.67479"/>
      <trkpt lat="37.50072" lon="-83.67467"/>
      <trkpt lat="37.50075" lon="-83.67455"/>
      <trkpt lat="37.50078" lon="-83.67445"/>
      <trkpt lat="37.50081" lon="-83.67435"/>
      <trkpt lat="37.50077" lon="-83.67424"/>
      <trkpt lat="37.50075" lon="-83.67415"/>
      <trkpt lat="37.50071" lon="-83.67405"/>
      <trkpt lat="37.50066" lon="-83.67396"/>
      <trkpt lat="37.50054" lon="-83.67378"/>
      <trkpt lat="37.50045" lon="-83.67365"/>
      <trkpt lat="37.50041" lon="-83.6736"/>
      <trkpt lat="37.50035" lon="-83.67352"/>
      <trkpt lat="37.50028" lon="-83.67345"/>
      <trkpt lat="37.5002" lon="-83.67338"/>
      <trkpt lat="37.50012" lon="-83.67331"/>
      <trkpt lat="37.50005" lon="-83.67326"/>
      <trkpt lat="37.49999" lon="-83.6732"/>
      <trkpt lat="37.49995" lon="-83.67323"/>
      <trkpt lat="37.49984" lon="-83.67328"/>
      <trkpt lat="37.49981" lon="-83.67329"/>
      <trkpt lat="37.49975" lon="-83.67332"/>
      <trkpt lat="37.49969" lon="-83.67333"/>
      <trkpt lat="37.49963" lon="-83.67335"/>
      <trkpt lat="37.49955" lon="-83.67337"/>
      <trkpt lat="37.49948" lon="-83.67339"/>
      <trkpt lat="37.49941" lon="-83.67341"/>
      <trkpt lat="37.49934" lon="-83.67342"/>
      <trkpt lat="37.49926" lon="-83.67343"/>
      <trkpt lat="37.49905" lon="-83.67344"/>
      <trkpt lat="37.49898" lon="-83.67344"/>
      <trkpt lat="37.49892" lon="-83.67344"/>
      <trkpt lat="37.49885" lon="-83.67345"/>
      <trkpt lat="37.49879" lon="-83.67346"/>
      <trkpt lat="37.49871" lon="-83.67347"/>
      <trkpt lat="37.49867" lon="-83.67348"/>
      <trkpt lat="37.49864" lon="-83.67347"/>
      <trkpt lat="37.49859" lon="-83.67348"/>
      <trkpt lat="37.49854" lon="-83.67347"/>
      <trkpt lat="37.49838" lon="-83.67345"/>
      <trkpt lat="37.49833" lon="-83.67343"/>
      <trkpt lat="37.4983" lon="-83.67342"/>
      <trkpt lat="37.49827" lon="-83.67341"/>
      <trkpt lat="37.49824" lon="-83.6734"/>
      <trkpt lat="37.4982" lon="-83.67338"/>
      <trkpt lat="37.49814" lon="-83.67335"/>
      <trkpt lat="37.4981" lon="-83.67331"/>
      <trkpt lat="37.49807" lon="-83.67326"/>
      <trkpt lat="37.49805" lon="-83.67321"/>
      <trkpt lat="37.49803" lon="-83.67317"/>
      <trkpt lat="37.49801" lon="-83.67312"/>
      <trkpt lat="37.49799" lon="-83.67308"/>
      <trkpt lat="37.49797" lon="-83.67304"/>
      <trkpt lat="37.49795" lon="-83.67299"/>
      <trkpt lat="37.49791" lon="-83.67291"/>
      <trkpt lat="37.49788" lon="-83.67287"/>
      <trkpt lat="37.49784" lon="-83.67283"/>
      <trkpt lat="37.49779" lon="-83.67279"/>
      <trkpt lat="37.49773" lon="-83.67275"/>
      <trkpt lat="37.49767" lon="-83.67271"/>
      <trkpt lat="37.49762" lon="-83.67265"/>
      <trkpt lat="37.49753" lon="-83.67249"/>
      <trkpt lat="37.49748" lon="-83.67241"/>
      <trkpt lat="37.49742" lon="-83.67233"/>
      <trkpt lat="37.49735" lon="-83.67226"/>
      <trkpt lat="37.49722" lon="-83.67213"/>
      <trkpt lat="37.49716" lon="-83.67206"/>
      <trkpt lat="37.4971" lon="-83.672"/>
      <trkpt lat="37.49699" lon="-83.67187"/>
      <trkpt lat="37.49694" lon="-83.67181"/>
      <trkpt lat="37.4969" lon="-83.67174"/>
      <trkpt lat="37.49686" lon="-83.67171"/>
      <trkpt lat="37.49682" lon="-83.67167"/>
      <trkpt lat="37.49679" lon="-83.67163"/>
      <trkpt lat="37.49675" lon="-83.6716"/>
      <trkpt lat="37.49672" lon="-83.67157"/>
      <trkpt lat="37.49669" lon="-83.67155"/>
      <trkpt lat="37.49666" lon="-83.67149"/>
      <trkpt lat="37.4966" lon="-83.6714"/>
      <trkpt lat="37.49656" lon="-83.67138"/>
      <trkpt lat="37.49652" lon="-83.67135"/>
      <trkpt lat="37.49647" lon="-83.67132"/>
      <trkpt lat="37.49642" lon="-83.67129"/>
      <trkpt lat="37.49628" lon="-83.6712"/>
      <trkpt lat="37.49624" lon="-83.67117"/>
      <trkpt lat="37.49615" lon="-83.67109"/>
      <trkpt lat="37.49611" lon="-83.67106"/>
      <trkpt lat="37.49606" lon="-83.67104"/>
      <trkpt lat="37.49602" lon="-83.67102"/>
      <trkpt lat="37.49592" lon="-83.67099"/>
      <trkpt lat="37.49587" lon="-83.67097"/>
      <trkpt lat="37.49581" lon="-83.67094"/>
      <trkpt lat="37.4957" lon="-83.67089"/>
      <trkpt lat="37.49564" lon="-83.67086"/>
      <trkpt lat="37.49548" lon="-83.67078"/>
      <trkpt lat="37.49525" lon="-83.67068"/>
      <trkpt lat="37.4952" lon="-83.67065"/>
      <trkpt lat="37.4951" lon="-83.6706"/>
      <trkpt lat="37.49503" lon="-83.67057"/>
      <trkpt lat="37.49499" lon="-83.67056"/>
      <trkpt lat="37.49491" lon="-83.67054"/>
      <trkpt lat="37.49472" lon="-83.67057"/>
      <trkpt lat="37.49448" lon="-83.67061"/>
      <trkpt lat="37.49431" lon="-83.67069"/>
      <trkpt lat="37.49426" lon="-83.67072"/>
      <trkpt lat="37.49422" lon="-83.67075"/>
      <trkpt lat="37.49417" lon="-83.67077"/>
      <trkpt lat="37.49409" lon="-83.67083"/>
      <trkpt lat="37.49407" lon="-83.67085"/>
      <trkpt lat="37.49401" lon="-83.67092"/>
      <trkpt lat="37.49395" lon="-83.67097"/>
      <trkpt lat="37.49389" lon="-83.671"/>
      <trkpt lat="37.49381" lon="-83.67104"/>
      <trkpt lat="37.49375" lon="-83.67109"/>
      <trkpt lat="37.4936" lon="-83.67118"/>
      <trkpt lat="37.49353" lon="-83.67122"/>
      <trkpt lat="37.49348" lon="-83.67127"/>
      <trkpt lat="37.49343" lon="-83.67132"/>
      <trkpt lat="37.49338" lon="-83.67136"/>
      <trkpt lat="37.49333" lon="-83.67141"/>
      <trkpt lat="37.49328" lon="-83.67164"/>
      <trkpt lat="37.49327" lon="-83.67173"/>
      <trkpt lat="37.49327" lon="-83.67184"/>
      <trkpt lat="37.49328" lon="-83.67194"/>
      <trkpt lat="37.49329" lon="-83.67204"/>
      <trkpt lat="37.49329" lon="-83.67215"/>
      <trkpt lat="37.49327" lon="-83.67225"/>
      <trkpt lat="37.49324" lon="-83.67236"/>
      <trkpt lat="37.49321" lon="-83.67248"/>
      <trkpt lat="37.49317" lon="-83.67259"/>
      <trkpt lat="37.49314" lon="-83.67272"/>
      <trkpt lat="37.4931" lon="-83.67284"/>
      <trkpt lat="37.49307" lon="-83.67296"/>
      <trkpt lat="37.49302" lon="-83.67308"/>
      <trkpt lat="37.49298" lon="-83.6732"/>
      <trkpt lat="37.49293" lon="-83.67331"/>
      <trkpt lat="37.49289" lon="-83.67342"/>
      <trkpt lat="37.49286" lon="-83.67354"/>
      <trkpt lat="37.49283" lon="-83.67364"/>
      <trkpt lat="37.49281" lon="-83.67375"/>
      <trkpt lat="37.49277" lon="-83.67384"/>
      <trkpt lat="37.49272" lon="-83.67393"/>
      <trkpt lat="37.49266" lon="-83.67402"/>
      <trkpt lat="37.49261" lon="-83.67411"/>
      <trkpt lat="37.49256" lon="-83.6742"/>
      <trkpt lat="37.49252" lon="-83.6743"/>
      <trkpt lat="37.49248" lon="-83.6744"/>
      <trkpt lat="37.49238" lon="-83.67466"/>
      <trkpt lat="37.49231" lon="-83.67471"/>
      <trkpt lat="37.49224" lon="-83.67477"/>
      <trkpt lat="37.49216" lon="-83.67485"/>
      <trkpt lat="37.49209" lon="-83.67493"/>
      <trkpt lat="37.49203" lon="-83.67501"/>
      <trkpt lat="37.49181" lon="-83.6753"/>
      <trkpt lat="37.49176" lon="-83.67534"/>
      <trkpt lat="37.49169" lon="-83.67537"/>
      <trkpt lat="37.49163" lon="-83.67541"/>
      <trkpt lat="37.49155" lon="-83.67548"/>
      <trkpt lat="37.4915" lon="-83.67552"/>
      <trkpt lat="37.49145" lon="-83.67558"/>
      <trkpt lat="37.49141" lon="-83.67563"/>
      <trkpt lat="37.49134" lon="-83.67572"/>
      <trkpt lat="37.4913" lon="-83.67582"/>
      <trkpt lat="37.49127" lon="-83.67591"/>
      <trkpt lat="37.49125" lon="-83.67599"/>
      <trkpt lat="37.49121" lon="-83.67606"/>
      <trkpt lat="37.49117" lon="-83.67614"/>
      <trkpt lat="37.49114" lon="-83.67622"/>
      <trkpt lat="37.4911" lon="-83.67631"/>
      <trkpt lat="37.49106" lon="-83.67639"/>
      <trkpt lat="37.49087" lon="-83.67673"/>
      <trkpt lat="37.49081" lon="-83.67681"/>
      <trkpt lat="37.49076" lon="-83.6769"/>
      <trkpt lat="37.4907" lon="-83.67697"/>
      <trkpt lat="37.49064" lon="-83.67704"/>
      <trkpt lat="37.49057" lon="-83.6771"/>
      <trkpt lat="37.49051" lon="-83.67715"/>
      <trkpt lat="37.49046" lon="-83.6772"/>
      <trkpt lat="37.49041" lon="-83.67724"/>
      <trkpt lat="37.49027" lon="-83.67736"/>
      <trkpt lat="37.49024" lon="-83.67739"/>
      <trkpt lat="37.49009" lon="-83.67736"/>
      <trkpt lat="37.48993" lon="-83.67734"/>
      <trkpt lat="37.48977" lon="-83.67733"/>
      <trkpt lat="37.48959" lon="-83.67732"/>
      <trkpt lat="37.4894" lon="-83.67732"/>
      <trkpt lat="37.4892" lon="-83.67731"/>
      <trkpt lat="37.489" lon="-83.6773"/>
      <trkpt lat="37.48879" lon="-83.6773"/>
      <trkpt lat="37.48858" lon="-83.67731"/>
      <trkpt lat="37.48837" lon="-83.67732"/>
      <trkpt lat="37.48815" lon="-83.67734"/>
      <trkpt lat="37.48795" lon="-83.67736"/>
      <trkpt lat="37.48775" lon="-83.6774"/>
      <trkpt lat="37.48755" lon="-83.67743"/>
      <trkpt lat="37.48736" lon="-83.67746"/>
      <trkpt lat="37.48717" lon="-83.67749"/>
      <trkpt lat="37.48697" lon="-83.67753"/>
      <trkpt lat="37.48678" lon="-83.67757"/>
      <trkpt lat="37.48659" lon="-83.67762"/>
      <trkpt lat="37.48639" lon="-83.67768"/>
      <trkpt lat="37.4862" lon="-83.67774"/>
      <trkpt lat="37.48599" lon="-83.67781"/>
      <trkpt lat="37.48579" lon="-83.67789"/>
      <trkpt lat="37.48539" lon="-83.67804"/>
      <trkpt lat="37.48481" lon="-83.67827"/>
      <trkpt lat="37.48462" lon="-83.67835"/>
      <trkpt lat="37.48443" lon="-83.67844"/>
      <trkpt lat="37.48425" lon="-83.67851"/>
      <trkpt lat="37.48407" lon="-83.67858"/>
      <trkpt lat="37.48389" lon="-83.67863"/>
      <trkpt lat="37.4837" lon="-83.67867"/>
      <trkpt lat="37.48352" lon="-83.6787"/>
      <trkpt lat="37.48334" lon="-83.6787"/>
      <trkpt lat="37.48316" lon="-83.67869"/>
      <trkpt lat="37.48298" lon="-83.67865"/>
      <trkpt lat="37.4828" lon="-83.6786"/>
      <trkpt lat="37.48263" lon="-83.67853"/>
      <trkpt lat="37.48247" lon="-83.67845"/>
      <trkpt lat="37.48231" lon="-83.67836"/>
      <trkpt lat="37.482" lon="-83.67815"/>
      <trkpt lat="37.48183" lon="-83.67804"/>
      <trkpt lat="37.48166" lon="-83.67794"/>
      <trkpt lat="37.48149" lon="-83.67785"/>
      <trkpt lat="37.48132" lon="-83.67777"/>
      <trkpt lat="37.48114" lon="-83.67772"/>
      <trkpt lat="37.48097" lon="-83.67768"/>
      <trkpt lat="37.48079" lon="-83.67765"/>
      <trkpt lat="37.48061" lon="-83.67763"/>
      <trkpt lat="37.48044" lon="-83.67763"/>
      <trkpt lat="37.48027" lon="-83.67763"/>
      <trkpt lat="37.48011" lon="-83.67763"/>
      <trkpt lat="37.47997" lon="-83.67763"/>
      <trkpt lat="37.47983" lon="-83.6776"/>
      <trkpt lat="37.4797" lon="-83.67755"/>
      <trkpt lat="37.4796" lon="-83.67745"/>
      <trkpt lat="37.47953" lon="-83.67734"/>
      <trkpt lat="37.47949" lon="-83.6772"/>
      <trkpt lat="37.47947" lon="-83.67707"/>
      <trkpt lat="37.47949" lon="-83.67694"/>
      <trkpt lat="37.47952" lon="-83.6768"/>
      <trkpt lat="37.47957" lon="-83.67665"/>
      <trkpt lat="37.47964" lon="-83.67648"/>
      <trkpt lat="37.47971" lon="-83.6763"/>
      <trkpt lat="37.47985" lon="-83.67593"/>
      <trkpt lat="37.47999" lon="-83.67555"/>
      <trkpt lat="37.48011" lon="-83.67518"/>
      <trkpt lat="37.48017" lon="-83.67501"/>
      <trkpt lat="37.48022" lon="-83.67484"/>
      <trkpt lat="37.48026" lon="-83.67467"/>
      <trkpt lat="37.48029" lon="-83.67452"/>
      <trkpt lat="37.48031" lon="-83.67438"/>
      <trkpt lat="37.4804" lon="-83.67375"/>
      <trkpt lat="37.48053" lon="-83.67323"/>
      <trkpt lat="37.48062" lon="-83.67295"/>
      <trkpt lat="37.48065" lon="-83.6728"/>
      <trkpt lat="37.48059" lon="-83.6726"/>
      <trkpt lat="37.48037" lon="-83.67287"/>
      <trkpt lat="37.4803" lon="-83.67291"/>
      <trkpt lat="37.48014" lon="-83.67309"/>
      <trkpt lat="37.47997" lon="-83.67325"/>
      <trkpt lat="37.47981" lon="-83.67342"/>
      <trkpt lat="37.47964" lon="-83.67355"/>
      <trkpt lat="37.47946" lon="-83.67369"/>
      <trkpt lat="37.47928" lon="-83.67381"/>
      <trkpt lat="37.4791" lon="-83.67391"/>
      <trkpt lat="37.47892" lon="-83.67401"/>
      <trkpt lat="37.47875" lon="-83.67409"/>
      <trkpt lat="37.47858" lon="-83.67416"/>
      <trkpt lat="37.47841" lon="-83.67422"/>
      <trkpt lat="37.47823" lon="-83.67428"/>
      <trkpt lat="37.47778" lon="-83.67441"/>
      <trkpt lat="37.47635" lon="-83.67476"/>
      <trkpt lat="37.47629" lon="-83.67478"/>
      <trkpt lat="37.4762" lon="-83.6748"/>
      <trkpt lat="37.47625" lon="-83.67506"/>
      <trkpt lat="37.47631" lon="-83.67548"/>
      <trkpt lat="37.47634" lon="-83.67573"/>
      <trkpt lat="37.47713" lon="-83.68155"/>
      <trkpt lat="37.47735" lon="-83.68248"/>
      <trkpt lat="37.47756" lon="-83.68303"/>
      <trkpt lat="37.47793" lon="-83.68357"/>
      <trkpt lat="37.47844" lon="-83.68415"/>
      <trkpt lat="37.47936" lon="-83.68494"/>
      <trkpt lat="37.47988" lon="-83.68561"/>
      <trkpt lat="37.48016" lon="-83.68625"/>
      <trkpt lat="37.48031" lon="-83.68698"/>
      <trkpt lat="37.48031" lon="-83.6876"/>
      <trkpt lat="37.48022" lon="-83.68838"/>
      <trkpt lat="37.48023" lon="-83.68844"/>
      <trkpt lat="37.48027" lon="-83.68878"/>
      <trkpt lat="37.48039" lon="-83.68902"/>
      <trkpt lat="37.48067" lon="-83.6893"/>
      <trkpt lat="37.48136" lon="-83.68951"/>
      <trkpt lat="37.48055" lon="-83.68994"/>
      <trkpt lat="37.48039" lon="-83.69026"/>
      <trkpt lat="37.48031" lon="-83.6914"/>
      <trkpt lat="37.48037" lon="-83.69194"/>
      <trkpt lat="37.48033" lon="-83.69241"/>
      <trkpt lat="37.48033" lon="-83.69261"/>
      <trkpt lat="37.48033" lon="-83.69297"/>
      <trkpt lat="37.4802" lon="-83.69361"/>
      <trkpt lat="37.47982" lon="-83.69462"/>
      <trkpt lat="37.47984" lon="-83.69507"/>
      <trkpt lat="37.4802" lon="-83.69666"/>
      <trkpt lat="37.48018" lon="-83.69683"/>
      <trkpt lat="37.48007" lon="-83.69696"/>
      <trkpt lat="37.47982" lon="-83.69711"/>
      <trkpt lat="37.47982" lon="-83.69711"/>
      <trkpt lat="37.47986" lon="-83.6974"/>
      <trkpt lat="37.4799" lon="-83.69769"/>
      <trkpt lat="37.47994" lon="-83.69798"/>
      <trkpt lat="37.47996" lon="-83.69822"/>
      <trkpt lat="37.47997" lon="-83.69828"/>
      <trkpt lat="37.48" lon="-83.69857"/>
      <trkpt lat="37.48002" lon="-83.69888"/>
      <trkpt lat="37.48003" lon="-83.69918"/>
      <trkpt lat="37.48004" lon="-83.69937"/>
      <trkpt lat="37.48004" lon="-83.69948"/>
      <trkpt lat="37.48005" lon="-83.69979"/>
      <trkpt lat="37.48004" lon="-83.7001"/>
      <trkpt lat="37.48004" lon="-83.70041"/>
      <trkpt lat="37.48002" lon="-83.70072"/>
      <trkpt lat="37.48" lon="-83.70104"/>
      <trkpt lat="37.47997" lon="-83.70135"/>
      <trkpt lat="37.47994" lon="-83.70166"/>
      <trkpt lat="37.4799" lon="-83.70197"/>
      <trkpt lat="37.47986" lon="-83.70229"/>
      <trkpt lat="37.47977" lon="-83.70292"/>
      <trkpt lat="37.47974" lon="-83.70323"/>
      <trkpt lat="37.47969" lon="-83.70355"/>
      <trkpt lat="37.47968" lon="-83.70365"/>
      <trkpt lat="37.47965" lon="-83.70386"/>
      <trkpt lat="37.47961" lon="-83.70414"/>
      <trkpt lat="37.47961" lon="-83.70418"/>
      <trkpt lat="37.47959" lon="-83.7045"/>
      <trkpt lat="37.47959" lon="-83.70479"/>
      <trkpt lat="37.47961" lon="-83.70514"/>
      <trkpt lat="37.47964" lon="-83.70545"/>
      <trkpt lat="37.4797" lon="-83.70576"/>
      <trkpt lat="37.47978" lon="-83.70606"/>
      <trkpt lat="37.47988" lon="-83.70636"/>
      <trkpt lat="37.48" lon="-83.70665"/>
      <trkpt lat="37.48013" lon="-83.70692"/>
      <trkpt lat="37.48028" lon="-83.70719"/>
      <trkpt lat="37.48105" lon="-83.70855"/>
      <trkpt lat="37.4812" lon="-83.70882"/>
      <trkpt lat="37.48135" lon="-83.70909"/>
      <trkpt lat="37.4815" lon="-83.70937"/>
      <trkpt lat="37.48163" lon="-83.70966"/>
      <trkpt lat="37.48176" lon="-83.70995"/>
      <trkpt lat="37.48189" lon="-83.71025"/>
      <trkpt lat="37.482" lon="-83.71055"/>
      <trkpt lat="37.4821" lon="-83.71086"/>
      <trkpt lat="37.4822" lon="-83.71117"/>
      <trkpt lat="37.4823" lon="-83.71148"/>
      <trkpt lat="37.48239" lon="-83.71179"/>
      <trkpt lat="37.48247" lon="-83.71204"/>
      <trkpt lat="37.48254" lon="-83.71202"/>
      <trkpt lat="37.48261" lon="-83.71199"/>
      <trkpt lat="37.48266" lon="-83.71196"/>
      <trkpt lat="37.48272" lon="-83.71193"/>
      <trkpt lat="37.48293" lon="-83.71181"/>
      <trkpt lat="37.48308" lon="-83.71173"/>
      <trkpt lat="37.48316" lon="-83.71169"/>
      <trkpt lat="37.48323" lon="-83.71164"/>
      <trkpt lat="37.48349" lon="-83.7115"/>
      <trkpt lat="37.48366" lon="-83.71141"/>
      <trkpt lat="37.48375" lon="-83.71136"/>
      <trkpt lat="37.48384" lon="-83.71131"/>
      <trkpt lat="37.48394" lon="-83.71127"/>
      <trkpt lat="37.48404" lon="-83.71125"/>
      <trkpt lat="37.48414" lon="-83.71123"/>
      <trkpt lat="37.48425" lon="-83.71122"/>
      <trkpt lat="37.48436" lon="-83.7112"/>
      <trkpt lat="37.48448" lon="-83.71118"/>
      <trkpt lat="37.48459" lon="-83.71115"/>
      <trkpt lat="37.48483" lon="-83.71107"/>
      <trkpt lat="37.48507" lon="-83.71099"/>
      <trkpt lat="37.48518" lon="-83.71094"/>
      <trkpt lat="37.48529" lon="-83.71088"/>
      <trkpt lat="37.48539" lon="-83.71081"/>
      <trkpt lat="37.4855" lon="-83.71074"/>
      <trkpt lat="37.48561" lon="-83.71069"/>
      <trkpt lat="37.48573" lon="-83.71065"/>
      <trkpt lat="37.48585" lon="-83.71063"/>
      <trkpt lat="37.48598" lon="-83.71061"/>
      <trkpt lat="37.48611" lon="-83.71058"/>
      <trkpt lat="37.48637" lon="-83.71052"/>
      <trkpt lat="37.48647" lon="-83.71048"/>
      <trkpt lat="37.48656" lon="-83.71042"/>
      <trkpt lat="37.48661" lon="-83.71036"/>
      <trkpt lat="37.48664" lon="-83.71032"/>
      <trkpt lat="37.4867" lon="-83.71016"/>
      <trkpt lat="37.48679" lon="-83.71006"/>
      <trkpt lat="37.48688" lon="-83.70991"/>
      <trkpt lat="37.48697" lon="-83.70977"/>
      <trkpt lat="37.48706" lon="-83.70962"/>
      <trkpt lat="37.48714" lon="-83.70947"/>
      <trkpt lat="37.48722" lon="-83.70931"/>
      <trkpt lat="37.48728" lon="-83.70916"/>
      <trkpt lat="37.48731" lon="-83.70899"/>
      <trkpt lat="37.48733" lon="-83.70883"/>
      <trkpt lat="37.48735" lon="-83.70867"/>
      <trkpt lat="37.48737" lon="-83.70851"/>
      <trkpt lat="37.48739" lon="-83.70836"/>
      <trkpt lat="37.48743" lon="-83.70823"/>
      <trkpt lat="37.48749" lon="-83.70811"/>
      <trkpt lat="37.48756" lon="-83.70801"/>
      <trkpt lat="37.48765" lon="-83.70793"/>
      <trkpt lat="37.48775" lon="-83.70785"/>
      <trkpt lat="37.48784" lon="-83.70778"/>
      <trkpt lat="37.48792" lon="-83.7077"/>
      <trkpt lat="37.48798" lon="-83.70761"/>
      <trkpt lat="37.48801" lon="-83.7075"/>
      <trkpt lat="37.48804" lon="-83.70739"/>
      <trkpt lat="37.48805" lon="-83.70729"/>
      <trkpt lat="37.48807" lon="-83.70717"/>
      <trkpt lat="37.48809" lon="-83.70706"/>
      <trkpt lat="37.48812" lon="-83.70696"/>
      <trkpt lat="37.48815" lon="-83.70685"/>
      <trkpt lat="37.48818" lon="-83.70674"/>
      <trkpt lat="37.48822" lon="-83.70664"/>
      <trkpt lat="37.48825" lon="-83.70657"/>
      <trkpt lat="37.48829" lon="-83.70651"/>
      <trkpt lat="37.48834" lon="-83.70646"/>
      <trkpt lat="37.48837" lon="-83.70644"/>
      <trkpt lat="37.48842" lon="-83.70642"/>
      <trkpt lat="37.48848" lon="-83.70643"/>
      <trkpt lat="37.48854" lon="-83.70646"/>
      <trkpt lat="37.48861" lon="-83.70653"/>
      <trkpt lat="37.48869" lon="-83.70662"/>
      <trkpt lat="37.48878" lon="-83.70673"/>
      <trkpt lat="37.48887" lon="-83.70685"/>
      <trkpt lat="37.48894" lon="-83.70697"/>
      <trkpt lat="37.48901" lon="-83.7071"/>
      <trkpt lat="37.48907" lon="-83.70724"/>
      <trkpt lat="37.48915" lon="-83.70738"/>
      <trkpt lat="37.48921" lon="-83.70752"/>
      <trkpt lat="37.48928" lon="-83.70764"/>
      <trkpt lat="37.48935" lon="-83.70775"/>
      <trkpt lat="37.48943" lon="-83.70784"/>
      <trkpt lat="37.48951" lon="-83.7079"/>
      <trkpt lat="37.48961" lon="-83.70794"/>
      <trkpt lat="37.4897" lon="-83.70796"/>
      <trkpt lat="37.4898" lon="-83.70795"/>
      <trkpt lat="37.48989" lon="-83.7079"/>
      <trkpt lat="37.48997" lon="-83.70783"/>
      <trkpt lat="37.49013" lon="-83.70766"/>
      <trkpt lat="37.49021" lon="-83.70758"/>
      <trkpt lat="37.4903" lon="-83.70752"/>
      <trkpt lat="37.49039" lon="-83.70749"/>
      <trkpt lat="37.4905" lon="-83.70749"/>
      <trkpt lat="37.49061" lon="-83.70751"/>
      <trkpt lat="37.49073" lon="-83.70755"/>
      <trkpt lat="37.49085" lon="-83.70759"/>
      <trkpt lat="37.49097" lon="-83.70766"/>
      <trkpt lat="37.49109" lon="-83.70771"/>
      <trkpt lat="37.4912" lon="-83.70776"/>
      <trkpt lat="37.49131" lon="-83.7078"/>
      <trkpt lat="37.49142" lon="-83.70782"/>
      <trkpt lat="37.49152" lon="-83.70782"/>
      <trkpt lat="37.49162" lon="-83.7078"/>
      <trkpt lat="37.49172" lon="-83.70775"/>
      <trkpt lat="37.4918" lon="-83.70769"/>
      <trkpt lat="37.49187" lon="-83.7076"/>
      <trkpt lat="37.49192" lon="-83.7075"/>
      <trkpt lat="37.49195" lon="-83.70739"/>
      <trkpt lat="37.49195" lon="-83.70726"/>
      <trkpt lat="37.49193" lon="-83.70713"/>
      <trkpt lat="37.49188" lon="-83.707"/>
      <trkpt lat="37.49182" lon="-83.70688"/>
      <trkpt lat="37.49165" lon="-83.70667"/>
      <trkpt lat="37.49157" lon="-83.70654"/>
      <trkpt lat="37.4915" lon="-83.70641"/>
      <trkpt lat="37.49143" lon="-83.70627"/>
      <trkpt lat="37.49136" lon="-83.70611"/>
      <trkpt lat="37.49129" lon="-83.70596"/>
      <trkpt lat="37.49115" lon="-83.70566"/>
      <trkpt lat="37.49107" lon="-83.70553"/>
      <trkpt lat="37.49098" lon="-83.70542"/>
      <trkpt lat="37.49089" lon="-83.70531"/>
      <trkpt lat="37.4908" lon="-83.7052"/>
      <trkpt lat="37.49073" lon="-83.7051"/>
      <trkpt lat="37.49067" lon="-83.70499"/>
      <trkpt lat="37.49064" lon="-83.70487"/>
      <trkpt lat="37.49062" lon="-83.70474"/>
      <trkpt lat="37.49061" lon="-83.70461"/>
      <trkpt lat="37.49063" lon="-83.70449"/>
      <trkpt lat="37.49066" lon="-83.70438"/>
      <trkpt lat="37.49071" lon="-83.7043"/>
      <trkpt lat="37.49078" lon="-83.70423"/>
      <trkpt lat="37.49087" lon="-83.70418"/>
      <trkpt lat="37.49098" lon="-83.70417"/>
      <trkpt lat="37.4911" lon="-83.70419"/>
      <trkpt lat="37.49159" lon="-83.70444"/>
      <trkpt lat="37.49182" lon="-83.70462"/>
      <trkpt lat="37.49193" lon="-83.7047"/>
      <trkpt lat="37.49203" lon="-83.70477"/>
      <trkpt lat="37.49212" lon="-83.70485"/>
      <trkpt lat="37.49221" lon="-83.70494"/>
      <trkpt lat="37.49227" lon="-83.70503"/>
      <trkpt lat="37.49234" lon="-83.70513"/>
      <trkpt lat="37.4924" lon="-83.70523"/>
      <trkpt lat="37.49246" lon="-83.70534"/>
      <trkpt lat="37.4925" lon="-83.70545"/>
      <trkpt lat="37.49256" lon="-83.70567"/>
      <trkpt lat="37.4926" lon="-83.70576"/>
      <trkpt lat="37.49266" lon="-83.70583"/>
      <trkpt lat="37.49274" lon="-83.70588"/>
      <trkpt lat="37.49283" lon="-83.70589"/>
      <trkpt lat="37.49293" lon="-83.7059"/>
      <trkpt lat="37.49302" lon="-83.70591"/>
      <trkpt lat="37.49312" lon="-83.70593"/>
      <trkpt lat="37.49317" lon="-83.70596"/>
      <trkpt lat="37.49321" lon="-83.70598"/>
      <trkpt lat="37.49329" lon="-83.70605"/>
      <trkpt lat="37.49335" lon="-83.70613"/>
      <trkpt lat="37.49342" lon="-83.70624"/>
      <trkpt lat="37.49348" lon="-83.70634"/>
      <trkpt lat="37.49355" lon="-83.70641"/>
      <trkpt lat="37.49363" lon="-83.70646"/>
      <trkpt lat="37.49372" lon="-83.70647"/>
      <trkpt lat="37.49381" lon="-83.70649"/>
      <trkpt lat="37.4939" lon="-83.70652"/>
      <trkpt lat="37.49398" lon="-83.70657"/>
      <trkpt lat="37.49406" lon="-83.70666"/>
      <trkpt lat="37.49413" lon="-83.70676"/>
      <trkpt lat="37.4942" lon="-83.70687"/>
      <trkpt lat="37.49427" lon="-83.70696"/>
      <trkpt lat="37.49436" lon="-83.70703"/>
      <trkpt lat="37.49446" lon="-83.70708"/>
      <trkpt lat="37.49456" lon="-83.70711"/>
      <trkpt lat="37.49468" lon="-83.70713"/>
      <trkpt lat="37.49479" lon="-83.70716"/>
      <trkpt lat="37.49491" lon="-83.7072"/>
      <trkpt lat="37.49504" lon="-83.70726"/>
      <trkpt lat="37.49515" lon="-83.70733"/>
      <trkpt lat="37.49527" lon="-83.70741"/>
      <trkpt lat="37.49539" lon="-83.7075"/>
      <trkpt lat="37.4955" lon="-83.70759"/>
      <trkpt lat="37.49561" lon="-83.70769"/>
      <trkpt lat="37.49572" lon="-83.70779"/>
      <trkpt lat="37.49592" lon="-83.70799"/>
      <trkpt lat="37.49613" lon="-83.70821"/>
      <trkpt lat="37.49634" lon="-83.70843"/>
      <trkpt lat="37.49645" lon="-83.70855"/>
      <trkpt lat="37.49655" lon="-83.70867"/>
      <trkpt lat="37.49662" lon="-83.70877"/>
      <trkpt lat="37.49664" lon="-83.7088"/>
      <trkpt lat="37.49673" lon="-83.70894"/>
      <trkpt lat="37.49681" lon="-83.70909"/>
      <trkpt lat="37.49696" lon="-83.7094"/>
      <trkpt lat="37.49703" lon="-83.70955"/>
      <trkpt lat="37.49711" lon="-83.7097"/>
      <trkpt lat="37.49717" lon="-83.70986"/>
      <trkpt lat="37.49723" lon="-83.71003"/>
      <trkpt lat="37.49734" lon="-83.71039"/>
      <trkpt lat="37.49739" lon="-83.71057"/>
      <trkpt lat="37.49744" lon="-83.71075"/>
      <trkpt lat="37.49749" lon="-83.71092"/>
      <trkpt lat="37.49754" lon="-83.71108"/>
      <trkpt lat="37.4976" lon="-83.71123"/>
      <trkpt lat="37.49767" lon="-83.71138"/>
      <trkpt lat="37.49776" lon="-83.71153"/>
      <trkpt lat="37.49785" lon="-83.71167"/>
      <trkpt lat="37.49794" lon="-83.71182"/>
      <trkpt lat="37.49803" lon="-83.71196"/>
      <trkpt lat="37.49813" lon="-83.7121"/>
      <trkpt lat="37.49823" lon="-83.71223"/>
      <trkpt lat="37.49833" lon="-83.71235"/>
      <trkpt lat="37.49842" lon="-83.71246"/>
      <trkpt lat="37.4985" lon="-83.71256"/>
      <trkpt lat="37.49861" lon="-83.71264"/>
      <trkpt lat="37.49871" lon="-83.71274"/>
      <trkpt lat="37.49883" lon="-83.71283"/>
      <trkpt lat="37.49893" lon="-83.71292"/>
      <trkpt lat="37.49904" lon="-83.71299"/>
      <trkpt lat="37.49914" lon="-83.71305"/>
      <trkpt lat="37.49924" lon="-83.7131"/>
      <trkpt lat="37.49932" lon="-83.71315"/>
      <trkpt lat="37.49939" lon="-83.7132"/>
      <trkpt lat="37.49946" lon="-83.71326"/>
      <trkpt lat="37.49951" lon="-83.71331"/>
      <trkpt lat="37.4996" lon="-83.7134"/>
      <trkpt lat="37.49963" lon="-83.71345"/>
      <trkpt lat="37.49967" lon="-83.71351"/>
      <trkpt lat="37.49973" lon="-83.71357"/>
      <trkpt lat="37.49988" lon="-83.71371"/>
      <trkpt lat="37.49996" lon="-83.71379"/>
      <trkpt lat="37.50005" lon="-83.71387"/>
      <trkpt lat="37.50013" lon="-83.71396"/>
      <trkpt lat="37.50021" lon="-83.71403"/>
      <trkpt lat="37.50029" lon="-83.71409"/>
      <trkpt lat="37.50038" lon="-83.71415"/>
      <trkpt lat="37.50046" lon="-83.71422"/>
      <trkpt lat="37.50055" lon="-83.7143"/>
      <trkpt lat="37.50065" lon="-83.71439"/>
      <trkpt lat="37.50075" lon="-83.71448"/>
      <trkpt lat="37.50105" lon="-83.71477"/>
      <trkpt lat="37.50124" lon="-83.71495"/>
      <trkpt lat="37.50133" lon="-83.71502"/>
      <trkpt lat="37.50142" lon="-83.71508"/>
      <trkpt lat="37.50153" lon="-83.71513"/>
      <trkpt lat="37.50165" lon="-83.71516"/>
      <trkpt lat="37.50177" lon="-83.71519"/>
      <trkpt lat="37.50189" lon="-83.71522"/>
      <trkpt lat="37.502" lon="-83.71526"/>
      <trkpt lat="37.50209" lon="-83.71531"/>
      <trkpt lat="37.50216" lon="-83.71535"/>
      <trkpt lat="37.50222" lon="-83.7154"/>
      <trkpt lat="37.50227" lon="-83.71545"/>
      <trkpt lat="37.50233" lon="-83.71553"/>
      <trkpt lat="37.50239" lon="-83.71563"/>
      <trkpt lat="37.50261" lon="-83.71606"/>
      <trkpt lat="37.50279" lon="-83.71641"/>
      <trkpt lat="37.50287" lon="-83.71658"/>
      <trkpt lat="37.50302" lon="-83.71691"/>
      <trkpt lat="37.50309" lon="-83.71707"/>
      <trkpt lat="37.50317" lon="-83.71723"/>
      <trkpt lat="37.50323" lon="-83.7174"/>
      <trkpt lat="37.50328" lon="-83.71757"/>
      <trkpt lat="37.50332" lon="-83.71773"/>
      <trkpt lat="37.50335" lon="-83.71788"/>
      <trkpt lat="37.50337" lon="-83.71802"/>
      <trkpt lat="37.50342" lon="-83.71848"/>
      <trkpt lat="37.50344" lon="-83.71866"/>
      <trkpt lat="37.50347" lon="-83.71884"/>
      <trkpt lat="37.50354" lon="-83.71934"/>
      <trkpt lat="37.50362" lon="-83.7199"/>
      <trkpt lat="37.50365" lon="-83.72012"/>
      <trkpt lat="37.50368" lon="-83.72033"/>
      <trkpt lat="37.5037" lon="-83.72055"/>
      <trkpt lat="37.50373" lon="-83.72075"/>
      <trkpt lat="37.50375" lon="-83.72093"/>
      <trkpt lat="37.50377" lon="-83.7211"/>
      <trkpt lat="37.50379" lon="-83.72126"/>
      <trkpt lat="37.50387" lon="-83.72177"/>
      <trkpt lat="37.50391" lon="-83.72212"/>
      <trkpt lat="37.504" lon="-83.72272"/>
      <trkpt lat="37.50408" lon="-83.72269"/>
      <trkpt lat="37.50413" lon="-83.72268"/>
      <trkpt lat="37.5042" lon="-83.72266"/>
      <trkpt lat="37.50446" lon="-83.72261"/>
      <trkpt lat="37.50456" lon="-83.72259"/>
      <trkpt lat="37.50477" lon="-83.72254"/>
      <trkpt lat="37.50489" lon="-83.72252"/>
      <trkpt lat="37.505" lon="-83.72251"/>
      <trkpt lat="37.50511" lon="-83.72248"/>
      <trkpt lat="37.50523" lon="-83.72247"/>
      <trkpt lat="37.50534" lon="-83.72246"/>
      <trkpt lat="37.50546" lon="-83.72245"/>
      <trkpt lat="37.50558" lon="-83.72244"/>
      <trkpt lat="37.5057" lon="-83.72244"/>
      <trkpt lat="37.50581" lon="-83.72244"/>
      <trkpt lat="37.50593" lon="-83.72243"/>
      <trkpt lat="37.50604" lon="-83.72242"/>
      <trkpt lat="37.50614" lon="-83.72239"/>
      <trkpt lat="37.50624" lon="-83.72236"/>
      <trkpt lat="37.50635" lon="-83.72231"/>
      <trkpt lat="37.50645" lon="-83.72229"/>
      <trkpt lat="37.50656" lon="-83.72225"/>
      <trkpt lat="37.50666" lon="-83.72218"/>
      <trkpt lat="37.50677" lon="-83.72209"/>
      <trkpt lat="37.50689" lon="-83.72203"/>
      <trkpt lat="37.50703" lon="-83.72195"/>
      <trkpt lat="37.50715" lon="-83.72188"/>
      <trkpt lat="37.50729" lon="-83.72182"/>
      <trkpt lat="37.50742" lon="-83.72178"/>
      <trkpt lat="37.50756" lon="-83.72174"/>
      <trkpt lat="37.50769" lon="-83.7217"/>
      <trkpt lat="37.50782" lon="-83.72164"/>
      <trkpt lat="37.50794" lon="-83.72156"/>
      <trkpt lat="37.50808" lon="-83.72147"/>
      <trkpt lat="37.50821" lon="-83.72138"/>
      <trkpt lat="37.50835" lon="-83.72129"/>
      <trkpt lat="37.50848" lon="-83.7212"/>
      <trkpt lat="37.50861" lon="-83.7211"/>
      <trkpt lat="37.50885" lon="-83.72092"/>
      <trkpt lat="37.50896" lon="-83.72083"/>
      <trkpt lat="37.50906" lon="-83.72074"/>
      <trkpt lat="37.50915" lon="-83.72064"/>
      <trkpt lat="37.50923" lon="-83.72053"/>
      <trkpt lat="37.5093" lon="-83.7204"/>
      <trkpt lat="37.50938" lon="-83.72027"/>
      <trkpt lat="37.5094" lon="-83.72013"/>
      <trkpt lat="37.50945" lon="-83.72"/>
      <trkpt lat="37.50951" lon="-83.71987"/>
      <trkpt lat="37.50958" lon="-83.71975"/>
      <trkpt lat="37.5097" lon="-83.71962"/>
      <trkpt lat="37.50975" lon="-83.71958"/>
      <trkpt lat="37.50983" lon="-83.71952"/>
      <trkpt lat="37.50988" lon="-83.71946"/>
      <trkpt lat="37.51" lon="-83.71934"/>
      <trkpt lat="37.5101" lon="-83.7192"/>
      <trkpt lat="37.5103" lon="-83.71898"/>
      <trkpt lat="37.51039" lon="-83.71888"/>
      <trkpt lat="37.51048" lon="-83.71876"/>
      <trkpt lat="37.51055" lon="-83.71864"/>
      <trkpt lat="37.51061" lon="-83.7185"/>
      <trkpt lat="37.51066" lon="-83.71835"/>
      <trkpt lat="37.51069" lon="-83.7182"/>
      <trkpt lat="37.51073" lon="-83.71805"/>
      <trkpt lat="37.51076" lon="-83.71788"/>
      <trkpt lat="37.51079" lon="-83.71773"/>
      <trkpt lat="37.51082" lon="-83.71757"/>
      <trkpt lat="37.51087" lon="-83.71742"/>
      <trkpt lat="37.51087" lon="-83.71728"/>
      <trkpt lat="37.51089" lon="-83.71715"/>
      <trkpt lat="37.51091" lon="-83.71704"/>
      <trkpt lat="37.51094" lon="-83.71695"/>
      <trkpt lat="37.51098" lon="-83.71688"/>
      <trkpt lat="37.51104" lon="-83.71685"/>
      <trkpt lat="37.51111" lon="-83.71684"/>
      <trkpt lat="37.5112" lon="-83.71685"/>
      <trkpt lat="37.51129" lon="-83.7169"/>
      <trkpt lat="37.51138" lon="-83.71696"/>
      <trkpt lat="37.51158" lon="-83.71712"/>
      <trkpt lat="37.51169" lon="-83.71722"/>
      <trkpt lat="37.5118" lon="-83.71732"/>
      <trkpt lat="37.51191" lon="-83.71742"/>
      <trkpt lat="37.51203" lon="-83.71751"/>
      <trkpt lat="37.51225" lon="-83.7177"/>
      <trkpt lat="37.51235" lon="-83.71779"/>
      <trkpt lat="37.51246" lon="-83.71786"/>
      <trkpt lat="37.51257" lon="-83.7179"/>
      <trkpt lat="37.5127" lon="-83.71793"/>
      <trkpt lat="37.51283" lon="-83.71794"/>
      <trkpt lat="37.51325" lon="-83.71793"/>
      <trkpt lat="37.51367" lon="-83.71794"/>
      <trkpt lat="37.51381" lon="-83.71794"/>
      <trkpt lat="37.51421" lon="-83.71793"/>
      <trkpt lat="37.51434" lon="-83.71793"/>
      <trkpt lat="37.51447" lon="-83.71793"/>
      <trkpt lat="37.51458" lon="-83.71792"/>
      <trkpt lat="37.51467" lon="-83.71792"/>
      <trkpt lat="37.51476" lon="-83.71792"/>
      <trkpt lat="37.51483" lon="-83.7179"/>
      <trkpt lat="37.5149" lon="-83.71784"/>
      <trkpt lat="37.51498" lon="-83.71773"/>
      <trkpt lat="37.51534" lon="-83.7171"/>
      <trkpt lat="37.51542" lon="-83.71691"/>
      <trkpt lat="37.51548" lon="-83.71672"/>
      <trkpt lat="37.51551" lon="-83.71652"/>
      <trkpt lat="37.51556" lon="-83.71606"/>
      <trkpt lat="37.51558" lon="-83.71597"/>
      <trkpt lat="37.51563" lon="-83.7158"/>
      <trkpt lat="37.51566" lon="-83.71572"/>
      <trkpt lat="37.51576" lon="-83.71558"/>
      <trkpt lat="37.51596" lon="-83.7154"/>
      <trkpt lat="37.51625" lon="-83.7152"/>
      <trkpt lat="37.51645" lon="-83.7151"/>
      <trkpt lat="37.51683" lon="-83.71497"/>
      <trkpt lat="37.51705" lon="-83.7149"/>
      <trkpt lat="37.51729" lon="-83.71477"/>
      <trkpt lat="37.51756" lon="-83.71458"/>
      <trkpt lat="37.51807" lon="-83.71411"/>
      <trkpt lat="37.51842" lon="-83.71377"/>
      <trkpt lat="37.51859" lon="-83.71362"/>
      <trkpt lat="37.51904" lon="-83.71315"/>
      <trkpt lat="37.51937" lon="-83.7128"/>
      <trkpt lat="37.51959" lon="-83.71252"/>
      <trkpt lat="37.51962" lon="-83.71247"/>
      <trkpt lat="37.51982" lon="-83.71209"/>
      <trkpt lat="37.52002" lon="-83.71176"/>
      <trkpt lat="37.52019" lon="-83.71158"/>
      <trkpt lat="37.52027" lon="-83.7115"/>
      <trkpt lat="37.52044" lon="-83.71141"/>
      <trkpt lat="37.52053" lon="-83.7114"/>
      <trkpt lat="37.52137" lon="-83.71134"/>
      <trkpt lat="37.52158" lon="-83.71134"/>
      <trkpt lat="37.52168" lon="-83.71136"/>
      <trkpt lat="37.52176" lon="-83.7114"/>
      <trkpt lat="37.52207" lon="-83.71161"/>
      <trkpt lat="37.52226" lon="-83.7117"/>
      <trkpt lat="37.52244" lon="-83.71175"/>
      <trkpt lat="37.52255" lon="-83.71174"/>
      <trkpt lat="37.52271" lon="-83.71171"/>
      <trkpt lat="37.52275" lon="-83.7117"/>
      <trkpt lat="37.52301" lon="-83.71161"/>
      <trkpt lat="37.5231" lon="-83.71156"/>
      <trkpt lat="37.52317" lon="-83.7115"/>
      <trkpt lat="37.52329" lon="-83.71135"/>
      <trkpt lat="37.52334" lon="-83.71127"/>
      <trkpt lat="37.52338" lon="-83.71118"/>
      <trkpt lat="37.52369" lon="-83.71048"/>
      <trkpt lat="37.52389" lon="-83.7101"/>
      <trkpt lat="37.52402" lon="-83.70991"/>
      <trkpt lat="37.52409" lon="-83.70983"/>
      <trkpt lat="37.52423" lon="-83.70969"/>
      <trkpt lat="37.52426" lon="-83.70967"/>
      <trkpt lat="37.52432" lon="-83.70964"/>
      <trkpt lat="37.52448" lon="-83.70957"/>
      <trkpt lat="37.52471" lon="-83.7095"/>
      <trkpt lat="37.52487" lon="-83.70944"/>
      <trkpt lat="37.52516" lon="-83.70926"/>
      <trkpt lat="37.52532" lon="-83.70908"/>
      <trkpt lat="37.52548" lon="-83.70887"/>
      <trkpt lat="37.52575" lon="-83.70846"/>
      <trkpt lat="37.52589" lon="-83.70824"/>
      <trkpt lat="37.52597" lon="-83.70814"/>
      <trkpt lat="37.52606" lon="-83.70806"/>
      <trkpt lat="37.52615" lon="-83.70802"/>
      <trkpt lat="37.52625" lon="-83.70801"/>
      <trkpt lat="37.52635" lon="-83.70799"/>
      <trkpt lat="37.52661" lon="-83.70798"/>
      <trkpt lat="37.52703" lon="-83.708"/>
      <trkpt lat="37.52753" lon="-83.70805"/>
      <trkpt lat="37.52772" lon="-83.70806"/>
      <trkpt lat="37.52784" lon="-83.70807"/>
      <trkpt lat="37.52792" lon="-83.70807"/>
      <trkpt lat="37.52807" lon="-83.70807"/>
      <trkpt lat="37.52814" lon="-83.70811"/>
      <trkpt lat="37.52813" lon="-83.70815"/>
      <trkpt lat="37.52813" lon="-83.70819"/>
      <trkpt lat="37.52814" lon="-83.70824"/>
      <trkpt lat="37.52818" lon="-83.70832"/>
      <trkpt lat="37.52845" lon="-83.70876"/>
      <trkpt lat="37.52862" lon="-83.70904"/>
      <trkpt lat="37.52869" lon="-83.70914"/>
      <trkpt lat="37.52879" lon="-83.70927"/>
      <trkpt lat="37.52889" lon="-83.70935"/>
      <trkpt lat="37.52899" lon="-83.70943"/>
      <trkpt lat="37.52943" lon="-83.70967"/>
      <trkpt lat="37.52959" lon="-83.70977"/>
      <trkpt lat="37.52968" lon="-83.70984"/>
      <trkpt lat="37.52977" lon="-83.70994"/>
      <trkpt lat="37.52984" lon="-83.71004"/>
      <trkpt lat="37.52995" lon="-83.71033"/>
      <trkpt lat="37.53005" lon="-83.71055"/>
      <trkpt lat="37.53011" lon="-83.71067"/>
      <trkpt lat="37.53016" lon="-83.71076"/>
      <trkpt lat="37.53026" lon="-83.71089"/>
      <trkpt lat="37.53036" lon="-83.711"/>
      <trkpt lat="37.53047" lon="-83.71109"/>
      <trkpt lat="37.53058" lon="-83.71117"/>
      <trkpt lat="37.53066" lon="-83.71123"/>
      <trkpt lat="37.53072" lon="-83.71131"/>
      <trkpt lat="37.53075" lon="-83.71136"/>
      <trkpt lat="37.5308" lon="-83.71146"/>
      <trkpt lat="37.53081" lon="-83.71151"/>
      <trkpt lat="37.53083" lon="-83.71162"/>
      <trkpt lat="37.53083" lon="-83.71167"/>
      <trkpt lat="37.53082" lon="-83.71173"/>
      <trkpt lat="37.53078" lon="-83.71183"/>
      <trkpt lat="37.53073" lon="-83.71188"/>
      <trkpt lat="37.53062" lon="-83.71197"/>
      <trkpt lat="37.53029" lon="-83.71216"/>
      <trkpt lat="37.5302" lon="-83.71223"/>
      <trkpt lat="37.53013" lon="-83.71231"/>
      <trkpt lat="37.53006" lon="-83.71241"/>
      <trkpt lat="37.53003" lon="-83.71245"/>
      <trkpt lat="37.52999" lon="-83.71253"/>
      <trkpt lat="37.52993" lon="-83.71267"/>
      <trkpt lat="37.52983" lon="-83.71291"/>
      <trkpt lat="37.52971" lon="-83.71322"/>
      <trkpt lat="37.52966" lon="-83.71336"/>
      <trkpt lat="37.52959" lon="-83.71349"/>
      <trkpt lat="37.52951" lon="-83.71361"/>
      <trkpt lat="37.52943" lon="-83.7137"/>
      <trkpt lat="37.52933" lon="-83.71378"/>
      <trkpt lat="37.52922" lon="-83.71386"/>
      <trkpt lat="37.52892" lon="-83.71403"/>
      <trkpt lat="37.52884" lon="-83.71409"/>
      <trkpt lat="37.52878" lon="-83.71414"/>
      <trkpt lat="37.52869" lon="-83.71424"/>
      <trkpt lat="37.5286" lon="-83.71436"/>
      <trkpt lat="37.52853" lon="-83.7145"/>
      <trkpt lat="37.52847" lon="-83.71464"/>
      <trkpt lat="37.52841" lon="-83.71479"/>
      <trkpt lat="37.52837" lon="-83.71493"/>
      <trkpt lat="37.52826" lon="-83.71533"/>
      <trkpt lat="37.52815" lon="-83.71571"/>
      <trkpt lat="37.52811" lon="-83.71586"/>
      <trkpt lat="37.52808" lon="-83.71601"/>
      <trkpt lat="37.52802" lon="-83.71653"/>
      <trkpt lat="37.52799" lon="-83.71669"/>
      <trkpt lat="37.52795" lon="-83.71682"/>
      <trkpt lat="37.52785" lon="-83.71711"/>
      <trkpt lat="37.52782" lon="-83.7172"/>
      <trkpt lat="37.5278" lon="-83.71731"/>
      <trkpt lat="37.52779" lon="-83.71738"/>
      <trkpt lat="37.5278" lon="-83.71748"/>
      <trkpt lat="37.52783" lon="-83.71757"/>
      <trkpt lat="37.52787" lon="-83.71765"/>
      <trkpt lat="37.52795" lon="-83.71772"/>
      <trkpt lat="37.52816" lon="-83.71785"/>
      <trkpt lat="37.52836" lon="-83.71794"/>
      <trkpt lat="37.52849" lon="-83.71799"/>
      <trkpt lat="37.52905" lon="-83.71827"/>
      <trkpt lat="37.52917" lon="-83.71835"/>
      <trkpt lat="37.52926" lon="-83.71842"/>
      <trkpt lat="37.52937" lon="-83.71855"/>
      <trkpt lat="37.52945" lon="-83.71867"/>
      <trkpt lat="37.52963" lon="-83.71903"/>
      <trkpt lat="37.52966" lon="-83.71908"/>
      <trkpt lat="37.52972" lon="-83.71913"/>
      <trkpt lat="37.52979" lon="-83.71916"/>
      <trkpt lat="37.52988" lon="-83.71919"/>
      <trkpt lat="37.53011" lon="-83.71923"/>
      <trkpt lat="37.53023" lon="-83.71928"/>
      <trkpt lat="37.53035" lon="-83.71933"/>
      <trkpt lat="37.53067" lon="-83.71952"/>
      <trkpt lat="37.53079" lon="-83.71962"/>
      <trkpt lat="37.53085" lon="-83.71969"/>
      <trkpt lat="37.5309" lon="-83.71976"/>
      <trkpt lat="37.53092" lon="-83.7198"/>
      <trkpt lat="37.53097" lon="-83.71992"/>
      <trkpt lat="37.53098" lon="-83.71997"/>
      <trkpt lat="37.53101" lon="-83.72007"/>
      <trkpt lat="37.531" lon="-83.72019"/>
      <trkpt lat="37.53097" lon="-83.72032"/>
      <trkpt lat="37.53092" lon="-83.72041"/>
      <trkpt lat="37.53089" lon="-83.72045"/>
      <trkpt lat="37.5308" lon="-83.72057"/>
      <trkpt lat="37.5307" lon="-83.72065"/>
      <trkpt lat="37.53059" lon="-83.72074"/>
      <trkpt lat="37.53042" lon="-83.72084"/>
      <trkpt lat="37.53034" lon="-83.72089"/>
      <trkpt lat="37.53025" lon="-83.72096"/>
      <trkpt lat="37.53016" lon="-83.72104"/>
      <trkpt lat="37.53008" lon="-83.72116"/>
      <trkpt lat="37.53004" lon="-83.72124"/>
      <trkpt lat="37.53002" lon="-83.72134"/>
      <trkpt lat="37.53" lon="-83.72147"/>
      <trkpt lat="37.53002" lon="-83.72164"/>
      <trkpt lat="37.53007" lon="-83.72188"/>
      <trkpt lat="37.53014" lon="-83.72214"/>
      <trkpt lat="37.53018" lon="-83.72228"/>
      <trkpt lat="37.53019" lon="-83.72235"/>
      <trkpt lat="37.5302" lon="-83.72243"/>
      <trkpt lat="37.53022" lon="-83.72262"/>
      <trkpt lat="37.53022" lon="-83.72274"/>
      <trkpt lat="37.53019" lon="-83.7229"/>
      <trkpt lat="37.53014" lon="-83.72313"/>
      <trkpt lat="37.53004" lon="-83.72345"/>
      <trkpt lat="37.52992" lon="-83.72383"/>
      <trkpt lat="37.52988" lon="-83.72397"/>
      <trkpt lat="37.52986" lon="-83.72411"/>
      <trkpt lat="37.52986" lon="-83.72426"/>
      <trkpt lat="37.52988" lon="-83.72439"/>
      <trkpt lat="37.52994" lon="-83.72453"/>
      <trkpt lat="37.53001" lon="-83.72466"/>
      <trkpt lat="37.53006" lon="-83.72474"/>
      <trkpt lat="37.53017" lon="-83.72485"/>
      <trkpt lat="37.52993" lon="-83.72471"/>
      <trkpt lat="37.5296" lon="-83.72447"/>
      <trkpt lat="37.5295" lon="-83.72442"/>
      <trkpt lat="37.52944" lon="-83.72441"/>
      <trkpt lat="37.52938" lon="-83.72442"/>
      <trkpt lat="37.52909" lon="-83.7245"/>
      <trkpt lat="37.52892" lon="-83.72453"/>
      <trkpt lat="37.52811" lon="-83.72452"/>
      <trkpt lat="37.52782" lon="-83.72444"/>
      <trkpt lat="37.52773" lon="-83.72439"/>
      <trkpt lat="37.52739" lon="-83.72414"/>
      <trkpt lat="37.52732" lon="-83.7241"/>
      <trkpt lat="37.52724" lon="-83.72406"/>
      <trkpt lat="37.52718" lon="-83.72406"/>
      <trkpt lat="37.52704" lon="-83.72409"/>
      <trkpt lat="37.52674" lon="-83.72426"/>
      <trkpt lat="37.52609" lon="-83.72469"/>
      <trkpt lat="37.52557" lon="-83.72504"/>
      <trkpt lat="37.52542" lon="-83.72516"/>
      <trkpt lat="37.52511" lon="-83.72547"/>
      <trkpt lat="37.52491" lon="-83.7257"/>
      <trkpt lat="37.52477" lon="-83.72588"/>
      <trkpt lat="37.52442" lon="-83.72637"/>
      <trkpt lat="37.52428" lon="-83.72654"/>
      <trkpt lat="37.52399" lon="-83.72683"/>
      <trkpt lat="37.52383" lon="-83.72696"/>
      <trkpt lat="37.52374" lon="-83.72701"/>
      <trkpt lat="37.52364" lon="-83.72703"/>
      <trkpt lat="37.52349" lon="-83.72705"/>
      <trkpt lat="37.52323" lon="-83.72702"/>
      <trkpt lat="37.523" lon="-83.72705"/>
      <trkpt lat="37.52289" lon="-83.72707"/>
      <trkpt lat="37.52259" lon="-83.72718"/>
      <trkpt lat="37.52248" lon="-83.7272"/>
      <trkpt lat="37.52206" lon="-83.72726"/>
      <trkpt lat="37.52185" lon="-83.7273"/>
      <trkpt lat="37.52167" lon="-83.72734"/>
      <trkpt lat="37.52111" lon="-83.72748"/>
      <trkpt lat="37.5209" lon="-83.72756"/>
      <trkpt lat="37.52081" lon="-83.72762"/>
      <trkpt lat="37.52073" lon="-83.7277"/>
      <trkpt lat="37.52068" lon="-83.7278"/>
      <trkpt lat="37.52064" lon="-83.72791"/>
      <trkpt lat="37.52052" lon="-83.72829"/>
      <trkpt lat="37.52029" lon="-83.72882"/>
      <trkpt lat="37.52026" lon="-83.72892"/>
      <trkpt lat="37.52024" lon="-83.72903"/>
      <trkpt lat="37.52024" lon="-83.72913"/>
      <trkpt lat="37.52025" lon="-83.72924"/>
      <trkpt lat="37.52028" lon="-83.72934"/>
      <trkpt lat="37.52031" lon="-83.72945"/>
      <trkpt lat="37.52037" lon="-83.72954"/>
      <trkpt lat="37.52043" lon="-83.72963"/>
      <trkpt lat="37.52067" lon="-83.72986"/>
      <trkpt lat="37.52074" lon="-83.72995"/>
      <trkpt lat="37.52086" lon="-83.73015"/>
      <trkpt lat="37.52091" lon="-83.73025"/>
      <trkpt lat="37.521" lon="-83.73059"/>
      <trkpt lat="37.52103" lon="-83.73068"/>
      <trkpt lat="37.5211" lon="-83.73088"/>
      <trkpt lat="37.52124" lon="-83.73118"/>
      <trkpt lat="37.52131" lon="-83.73137"/>
      <trkpt lat="37.52147" lon="-83.73171"/>
      <trkpt lat="37.52151" lon="-83.73187"/>
      <trkpt lat="37.52153" lon="-83.73189"/>
      <trkpt lat="37.52152" lon="-83.73191"/>
      <trkpt lat="37.52148" lon="-83.73193"/>
      <trkpt lat="37.52135" lon="-83.73194"/>
      <trkpt lat="37.52115" lon="-83.73191"/>
      <trkpt lat="37.52096" lon="-83.7319"/>
      <trkpt lat="37.52084" lon="-83.73191"/>
      <trkpt lat="37.52071" lon="-83.73196"/>
      <trkpt lat="37.52057" lon="-83.73203"/>
      <trkpt lat="37.5204" lon="-83.73215"/>
      <trkpt lat="37.52024" lon="-83.73228"/>
      <trkpt lat="37.51943" lon="-83.73303"/>
      <trkpt lat="37.51931" lon="-83.73312"/>
      <trkpt lat="37.51922" lon="-83.73321"/>
      <trkpt lat="37.51898" lon="-83.73343"/>
      <trkpt lat="37.51892" lon="-83.7335"/>
      <trkpt lat="37.5189" lon="-83.73358"/>
      <trkpt lat="37.51889" lon="-83.73365"/>
      <trkpt lat="37.51891" lon="-83.73376"/>
      <trkpt lat="37.51903" lon="-83.73398"/>
      <trkpt lat="37.5191" lon="-83.73413"/>
      <trkpt lat="37.51916" lon="-83.73427"/>
      <trkpt lat="37.5192" lon="-83.73439"/>
      <trkpt lat="37.5192" lon="-83.73453"/>
      <trkpt lat="37.51919" lon="-83.73457"/>
      <trkpt lat="37.51921" lon="-83.73462"/>
      <trkpt lat="37.51926" lon="-83.73466"/>
      <trkpt lat="37.51933" lon="-83.7347"/>
      <trkpt lat="37.51943" lon="-83.73471"/>
      <trkpt lat="37.51957" lon="-83.7347"/>
      <trkpt lat="37.51973" lon="-83.73468"/>
      <trkpt lat="37.52112" lon="-83.73446"/>
      <trkpt lat="37.52117" lon="-83.73446"/>
      <trkpt lat="37.52116" lon="-83.73477"/>
      <trkpt lat="37.52117" lon="-83.73504"/>
      <trkpt lat="37.52108" lon="-83.73535"/>
      <trkpt lat="37.52094" lon="-83.73556"/>
      <trkpt lat="37.52076" lon="-83.73571"/>
      <trkpt lat="37.52007" lon="-83.7359"/>
      <trkpt lat="37.51967" lon="-83.73609"/>
      <trkpt lat="37.51929" lon="-83.73633"/>
      <trkpt lat="37.51872" lon="-83.7367"/>
      <trkpt lat="37.51853" lon="-83.73686"/>
      <trkpt lat="37.51837" lon="-83.73695"/>
      <trkpt lat="37.51829" lon="-83.73702"/>
      <trkpt lat="37.51825" lon="-83.73706"/>
      <trkpt lat="37.51818" lon="-83.73717"/>
      <trkpt lat="37.51812" lon="-83.7373"/>
      <trkpt lat="37.51806" lon="-83.73746"/>
      <trkpt lat="37.51794" lon="-83.73789"/>
      <trkpt lat="37.51788" lon="-83.73802"/>
      <trkpt lat="37.51778" lon="-83.73821"/>
      <trkpt lat="37.5177" lon="-83.73832"/>
      <trkpt lat="37.5175" lon="-83.73848"/>
      <trkpt lat="37.51747" lon="-83.73851"/>
      <trkpt lat="37.51736" lon="-83.73862"/>
      <trkpt lat="37.51722" lon="-83.7388"/>
      <trkpt lat="37.51717" lon="-83.73885"/>
      <trkpt lat="37.51706" lon="-83.7389"/>
      <trkpt lat="37.517" lon="-83.73891"/>
      <trkpt lat="37.51682" lon="-83.73898"/>
      <trkpt lat="37.51599" lon="-83.7394"/>
      <trkpt lat="37.51586" lon="-83.73948"/>
      <trkpt lat="37.51576" lon="-83.73957"/>
      <trkpt lat="37.51557" lon="-83.73979"/>
      <trkpt lat="37.51549" lon="-83.73986"/>
      <trkpt lat="37.51541" lon="-83.7399"/>
      <trkpt lat="37.51521" lon="-83.73995"/>
      <trkpt lat="37.51512" lon="-83.73999"/>
      <trkpt lat="37.51474" lon="-83.74032"/>
      <trkpt lat="37.51465" lon="-83.74041"/>
      <trkpt lat="37.51456" lon="-83.74051"/>
      <trkpt lat="37.51444" lon="-83.7407"/>
      <trkpt lat="37.5142" lon="-83.74119"/>
      <trkpt lat="37.51414" lon="-83.74129"/>
      <trkpt lat="37.51409" lon="-83.74133"/>
      <trkpt lat="37.51399" lon="-83.74141"/>
      <trkpt lat="37.51381" lon="-83.74149"/>
      <trkpt lat="37.5136" lon="-83.74171"/>
      <trkpt lat="37.5135" lon="-83.74174"/>
      <trkpt lat="37.51319" lon="-83.74168"/>
      <trkpt lat="37.51308" lon="-83.74168"/>
      <trkpt lat="37.51272" lon="-83.74175"/>
      <trkpt lat="37.51255" lon="-83.74181"/>
      <trkpt lat="37.51243" lon="-83.74188"/>
      <trkpt lat="37.51223" lon="-83.74203"/>
      <trkpt lat="37.51205" lon="-83.74217"/>
      <trkpt lat="37.51194" lon="-83.74226"/>
      <trkpt lat="37.51173" lon="-83.74238"/>
      <trkpt lat="37.51154" lon="-83.74251"/>
      <trkpt lat="37.51144" lon="-83.74259"/>
      <trkpt lat="37.51132" lon="-83.74273"/>
      <trkpt lat="37.51106" lon="-83.74296"/>
      <trkpt lat="37.51095" lon="-83.74304"/>
      <trkpt lat="37.5108" lon="-83.74312"/>
      <trkpt lat="37.51059" lon="-83.74319"/>
      <trkpt lat="37.5105" lon="-83.74326"/>
      <trkpt lat="37.51044" lon="-83.74333"/>
      <trkpt lat="37.51032" lon="-83.74325"/>
      <trkpt lat="37.51023" lon="-83.74333"/>
      <trkpt lat="37.5101" lon="-83.74343"/>
      <trkpt lat="37.51003" lon="-83.74347"/>
      <trkpt lat="37.50998" lon="-83.7435"/>
      <trkpt lat="37.50992" lon="-83.74354"/>
      <trkpt lat="37.50986" lon="-83.74358"/>
      <trkpt lat="37.50979" lon="-83.74362"/>
      <trkpt lat="37.50972" lon="-83.74366"/>
      <trkpt lat="37.50964" lon="-83.74371"/>
      <trkpt lat="37.50957" lon="-83.74375"/>
      <trkpt lat="37.5095" lon="-83.7438"/>
      <trkpt lat="37.50942" lon="-83.74385"/>
      <trkpt lat="37.50933" lon="-83.74393"/>
      <trkpt lat="37.50919" lon="-83.74407"/>
      <trkpt lat="37.50857" lon="-83.74474"/>
      <trkpt lat="37.50843" lon="-83.74488"/>
      <trkpt lat="37.50831" lon="-83.74498"/>
      <trkpt lat="37.50819" lon="-83.74506"/>
      <trkpt lat="37.50814" lon="-83.74508"/>
      <trkpt lat="37.50807" lon="-83.74511"/>
      <trkpt lat="37.50791" lon="-83.74511"/>
      <trkpt lat="37.50775" lon="-83.74508"/>
      <trkpt lat="37.50767" lon="-83.74504"/>
      <trkpt lat="37.50759" lon="-83.74497"/>
      <trkpt lat="37.5075" lon="-83.74491"/>
      <trkpt lat="37.50741" lon="-83.74484"/>
      <trkpt lat="37.50732" lon="-83.74478"/>
      <trkpt lat="37.50724" lon="-83.74472"/>
      <trkpt lat="37.50715" lon="-83.74464"/>
      <trkpt lat="37.50695" lon="-83.74448"/>
      <trkpt lat="37.50685" lon="-83.74439"/>
      <trkpt lat="37.50676" lon="-83.74429"/>
      <trkpt lat="37.50667" lon="-83.74421"/>
      <trkpt lat="37.50658" lon="-83.74414"/>
      <trkpt lat="37.50605" lon="-83.74374"/>
      <trkpt lat="37.50572" lon="-83.74348"/>
      <trkpt lat="37.50554" lon="-83.74335"/>
      <trkpt lat="37.50536" lon="-83.74331"/>
      <trkpt lat="37.50518" lon="-83.74333"/>
      <trkpt lat="37.505" lon="-83.74333"/>
      <trkpt lat="37.50473" lon="-83.74334"/>
      <trkpt lat="37.50439" lon="-83.74336"/>
      <trkpt lat="37.50418" lon="-83.74343"/>
      <trkpt lat="37.50394" lon="-83.7435"/>
      <trkpt lat="37.5036" lon="-83.74353"/>
      <trkpt lat="37.50337" lon="-83.74347"/>
      <trkpt lat="37.5031" lon="-83.74347"/>
      <trkpt lat="37.5028" lon="-83.74354"/>
      <trkpt lat="37.5027" lon="-83.74361"/>
      <trkpt lat="37.50254" lon="-83.7437"/>
      <trkpt lat="37.50242" lon="-83.7438"/>
      <trkpt lat="37.50238" lon="-83.74383"/>
      <trkpt lat="37.50224" lon="-83.74394"/>
      <trkpt lat="37.50218" lon="-83.74397"/>
      <trkpt lat="37.50212" lon="-83.74401"/>
      <trkpt lat="37.502" lon="-83.74408"/>
      <trkpt lat="37.5019" lon="-83.74413"/>
      <trkpt lat="37.5018" lon="-83.74417"/>
      <trkpt lat="37.5017" lon="-83.74421"/>
      <trkpt lat="37.50159" lon="-83.74424"/>
      <trkpt lat="37.50148" lon="-83.74425"/>
      <trkpt lat="37.50137" lon="-83.74426"/>
      <trkpt lat="37.50126" lon="-83.74426"/>
      <trkpt lat="37.50116" lon="-83.74424"/>
      <trkpt lat="37.50107" lon="-83.7442"/>
      <trkpt lat="37.501" lon="-83.74415"/>
      <trkpt lat="37.50094" lon="-83.7441"/>
      <trkpt lat="37.50088" lon="-83.74404"/>
      <trkpt lat="37.50081" lon="-83.74399"/>
      <trkpt lat="37.50073" lon="-83.74393"/>
      <trkpt lat="37.50065" lon="-83.74387"/>
      <trkpt lat="37.50057" lon="-83.74381"/>
      <trkpt lat="37.50047" lon="-83.74375"/>
      <trkpt lat="37.50038" lon="-83.74369"/>
      <trkpt lat="37.50028" lon="-83.74362"/>
      <trkpt lat="37.50021" lon="-83.74359"/>
      <trkpt lat="37.50016" lon="-83.74357"/>
      <trkpt lat="37.50005" lon="-83.74352"/>
      <trkpt lat="37.49993" lon="-83.74347"/>
      <trkpt lat="37.49981" lon="-83.74344"/>
      <trkpt lat="37.49968" lon="-83.7434"/>
      <trkpt lat="37.49955" lon="-83.74336"/>
      <trkpt lat="37.49941" lon="-83.74333"/>
      <trkpt lat="37.49928" lon="-83.74329"/>
      <trkpt lat="37.49915" lon="-83.74324"/>
      <trkpt lat="37.49902" lon="-83.74319"/>
      <trkpt lat="37.49889" lon="-83.74314"/>
      <trkpt lat="37.49876" lon="-83.74308"/>
      <trkpt lat="37.49864" lon="-83.74301"/>
      <trkpt lat="37.49852" lon="-83.74295"/>
      <trkpt lat="37.4984" lon="-83.74288"/>
      <trkpt lat="37.49829" lon="-83.74282"/>
      <trkpt lat="37.4982" lon="-83.74275"/>
      <trkpt lat="37.49811" lon="-83.74271"/>
      <trkpt lat="37.49803" lon="-83.7427"/>
      <trkpt lat="37.49793" lon="-83.74272"/>
      <trkpt lat="37.49784" lon="-83.74276"/>
      <trkpt lat="37.49774" lon="-83.7428"/>
      <trkpt lat="37.49733" lon="-83.74295"/>
      <trkpt lat="37.49723" lon="-83.74298"/>
      <trkpt lat="37.49712" lon="-83.74299"/>
      <trkpt lat="37.49702" lon="-83.74301"/>
      <trkpt lat="37.49691" lon="-83.74301"/>
      <trkpt lat="37.49681" lon="-83.74302"/>
      <trkpt lat="37.49669" lon="-83.74299"/>
      <trkpt lat="37.49658" lon="-83.74296"/>
      <trkpt lat="37.49647" lon="-83.74293"/>
      <trkpt lat="37.49635" lon="-83.74291"/>
      <trkpt lat="37.49624" lon="-83.74289"/>
      <trkpt lat="37.49613" lon="-83.74287"/>
      <trkpt lat="37.49608" lon="-83.74286"/>
      <trkpt lat="37.49602" lon="-83.74285"/>
      <trkpt lat="37.4959" lon="-83.74285"/>
      <trkpt lat="37.49578" lon="-83.74285"/>
      <trkpt lat="37.49566" lon="-83.74285"/>
      <trkpt lat="37.49554" lon="-83.74286"/>
      <trkpt lat="37.49541" lon="-83.74287"/>
      <trkpt lat="37.49527" lon="-83.74288"/>
      <trkpt lat="37.49514" lon="-83.7429"/>
      <trkpt lat="37.495" lon="-83.74291"/>
      <trkpt lat="37.49485" lon="-83.74292"/>
      <trkpt lat="37.49471" lon="-83.74293"/>
      <trkpt lat="37.49457" lon="-83.74294"/>
      <trkpt lat="37.49445" lon="-83.74295"/>
      <trkpt lat="37.4944" lon="-83.74295"/>
      <trkpt lat="37.49433" lon="-83.74295"/>
      <trkpt lat="37.4943" lon="-83.74296"/>
      <trkpt lat="37.49424" lon="-83.74296"/>
      <trkpt lat="37.49425" lon="-83.74305"/>
      <trkpt lat="37.49426" lon="-83.74354"/>
      <trkpt lat="37.49426" lon="-83.74368"/>
      <trkpt lat="37.49426" lon="-83.74382"/>
      <trkpt lat="37.49428" lon="-83.74424"/>
      <trkpt lat="37.49434" lon="-83.74515"/>
      <trkpt lat="37.49436" lon="-83.74539"/>
      <trkpt lat="37.49442" lon="-83.74586"/>
      <trkpt lat="37.49442" lon="-83.74603"/>
      <trkpt lat="37.49438" lon="-83.747"/>
      <trkpt lat="37.49438" lon="-83.74732"/>
      <trkpt lat="37.49444" lon="-83.74788"/>
      <trkpt lat="37.49446" lon="-83.74835"/>
      <trkpt lat="37.49448" lon="-83.74859"/>
      <trkpt lat="37.49452" lon="-83.74882"/>
      <trkpt lat="37.49463" lon="-83.74918"/>
      <trkpt lat="37.49464" lon="-83.74934"/>
      <trkpt lat="37.49462" lon="-83.7495"/>
      <trkpt lat="37.49459" lon="-83.74957"/>
      <trkpt lat="37.49455" lon="-83.74964"/>
      <trkpt lat="37.49452" lon="-83.74968"/>
      <trkpt lat="37.49439" lon="-83.7498"/>
      <trkpt lat="37.49436" lon="-83.74984"/>
      <trkpt lat="37.49434" lon="-83.74989"/>
      <trkpt lat="37.49432" lon="-83.74995"/>
      <trkpt lat="37.49432" lon="-83.75002"/>
      <trkpt lat="37.49435" lon="-83.75015"/>
      <trkpt lat="37.49457" lon="-83.75069"/>
      <trkpt lat="37.49462" lon="-83.75085"/>
      <trkpt lat="37.49467" lon="-83.7511"/>
      <trkpt lat="37.49468" lon="-83.75136"/>
      <trkpt lat="37.49468" lon="-83.75154"/>
      <trkpt lat="37.49461" lon="-83.75189"/>
      <trkpt lat="37.49436" lon="-83.75263"/>
      <trkpt lat="37.49421" lon="-83.75318"/>
      <trkpt lat="37.49417" lon="-83.75334"/>
      <trkpt lat="37.49408" lon="-83.75363"/>
      <trkpt lat="37.49396" lon="-83.75401"/>
      <trkpt lat="37.49386" lon="-83.75426"/>
      <trkpt lat="37.49374" lon="-83.75456"/>
      <trkpt lat="37.4936" lon="-83.7548"/>
      <trkpt lat="37.49328" lon="-83.75522"/>
      <trkpt lat="37.49314" lon="-83.75538"/>
      <trkpt lat="37.49311" lon="-83.75542"/>
      <trkpt lat="37.49302" lon="-83.75554"/>
      <trkpt lat="37.49284" lon="-83.75579"/>
      <trkpt lat="37.49278" lon="-83.75587"/>
      <trkpt lat="37.49268" lon="-83.75602"/>
      <trkpt lat="37.49262" lon="-83.7561"/>
      <trkpt lat="37.49258" lon="-83.75618"/>
      <trkpt lat="37.49251" lon="-83.75626"/>
      <trkpt lat="37.49245" lon="-83.75634"/>
      <trkpt lat="37.49233" lon="-83.75649"/>
      <trkpt lat="37.49221" lon="-83.75664"/>
      <trkpt lat="37.4921" lon="-83.75679"/>
      <trkpt lat="37.49206" lon="-83.75687"/>
      <trkpt lat="37.49194" lon="-83.75712"/>
      <trkpt lat="37.4919" lon="-83.75721"/>
      <trkpt lat="37.49187" lon="-83.75729"/>
      <trkpt lat="37.49185" lon="-83.75738"/>
      <trkpt lat="37.49183" lon="-83.75746"/>
      <trkpt lat="37.49183" lon="-83.75754"/>
      <trkpt lat="37.49183" lon="-83.75761"/>
      <trkpt lat="37.49183" lon="-83.75769"/>
      <trkpt lat="37.49183" lon="-83.75776"/>
      <trkpt lat="37.49184" lon="-83.75783"/>
      <trkpt lat="37.49185" lon="-83.75791"/>
      <trkpt lat="37.49186" lon="-83.75798"/>
      <trkpt lat="37.49186" lon="-83.75806"/>
      <trkpt lat="37.49187" lon="-83.75813"/>
      <trkpt lat="37.49188" lon="-83.75823"/>
      <trkpt lat="37.49189" lon="-83.75831"/>
      <trkpt lat="37.49191" lon="-83.7585"/>
      <trkpt lat="37.49191" lon="-83.75859"/>
      <trkpt lat="37.49192" lon="-83.75868"/>
      <trkpt lat="37.49192" lon="-83.75877"/>
      <trkpt lat="37.49192" lon="-83.75886"/>
      <trkpt lat="37.49192" lon="-83.75903"/>
      <trkpt lat="37.49193" lon="-83.75919"/>
      <trkpt lat="37.49194" lon="-83.75927"/>
      <trkpt lat="37.49195" lon="-83.75935"/>
      <trkpt lat="37.49196" lon="-83.75943"/>
      <trkpt lat="37.49197" lon="-83.75951"/>
      <trkpt lat="37.49198" lon="-83.7596"/>
      <trkpt lat="37.49199" lon="-83.75968"/>
      <trkpt lat="37.49202" lon="-83.75975"/>
      <trkpt lat="37.49205" lon="-83.75982"/>
      <trkpt lat="37.49209" lon="-83.75988"/>
      <trkpt lat="37.49213" lon="-83.75994"/>
      <trkpt lat="37.49218" lon="-83.75998"/>
      <trkpt lat="37.49223" lon="-83.76002"/>
      <trkpt lat="37.49228" lon="-83.76008"/>
      <trkpt lat="37.49232" lon="-83.76014"/>
      <trkpt lat="37.49236" lon="-83.76022"/>
      <trkpt lat="37.49238" lon="-83.76031"/>
      <trkpt lat="37.4924" lon="-83.76039"/>
      <trkpt lat="37.49243" lon="-83.76047"/>
      <trkpt lat="37.49245" lon="-83.76054"/>
      <trkpt lat="37.49247" lon="-83.76061"/>
      <trkpt lat="37.49248" lon="-83.76068"/>
      <trkpt lat="37.49251" lon="-83.76074"/>
      <trkpt lat="37.49253" lon="-83.76081"/>
      <trkpt lat="37.49257" lon="-83.76086"/>
      <trkpt lat="37.4926" lon="-83.76091"/>
      <trkpt lat="37.49277" lon="-83.76106"/>
      <trkpt lat="37.49287" lon="-83.76117"/>
      <trkpt lat="37.49296" lon="-83.76156"/>
      <trkpt lat="37.4929" lon="-83.76186"/>
      <trkpt lat="37.49289" lon="-83.76204"/>
      <trkpt lat="37.49274" lon="-83.76215"/>
      <trkpt lat="37.4926" lon="-83.76247"/>
      <trkpt lat="37.49249" lon="-83.76272"/>
      <trkpt lat="37.49244" lon="-83.76278"/>
      <trkpt lat="37.4924" lon="-83.76283"/>
      <trkpt lat="37.49234" lon="-83.76289"/>
      <trkpt lat="37.49228" lon="-83.76295"/>
      <trkpt lat="37.49224" lon="-83.76302"/>
      <trkpt lat="37.4922" lon="-83.76309"/>
      <trkpt lat="37.49218" lon="-83.76316"/>
      <trkpt lat="37.49217" lon="-83.76325"/>
      <trkpt lat="37.49215" lon="-83.76342"/>
      <trkpt lat="37.49216" lon="-83.76351"/>
      <trkpt lat="37.49216" lon="-83.7636"/>
      <trkpt lat="37.49215" lon="-83.76369"/>
      <trkpt lat="37.49215" lon="-83.76378"/>
      <trkpt lat="37.49214" lon="-83.76386"/>
      <trkpt lat="37.49213" lon="-83.76402"/>
      <trkpt lat="37.49213" lon="-83.7641"/>
      <trkpt lat="37.49212" lon="-83.76424"/>
      <trkpt lat="37.49211" lon="-83.76432"/>
      <trkpt lat="37.4921" lon="-83.76439"/>
      <trkpt lat="37.49207" lon="-83.76446"/>
      <trkpt lat="37.49203" lon="-83.76454"/>
      <trkpt lat="37.49199" lon="-83.76461"/>
      <trkpt lat="37.49194" lon="-83.76467"/>
      <trkpt lat="37.49188" lon="-83.76473"/>
      <trkpt lat="37.49182" lon="-83.7648"/>
      <trkpt lat="37.49176" lon="-83.76486"/>
      <trkpt lat="37.49171" lon="-83.76493"/>
      <trkpt lat="37.49166" lon="-83.765"/>
      <trkpt lat="37.49161" lon="-83.76508"/>
      <trkpt lat="37.49156" lon="-83.76516"/>
      <trkpt lat="37.49153" lon="-83.76524"/>
      <trkpt lat="37.49149" lon="-83.76533"/>
      <trkpt lat="37.49145" lon="-83.76542"/>
      <trkpt lat="37.49142" lon="-83.7655"/>
      <trkpt lat="37.49138" lon="-83.76559"/>
      <trkpt lat="37.49134" lon="-83.76567"/>
      <trkpt lat="37.4913" lon="-83.76575"/>
      <trkpt lat="37.49126" lon="-83.7658"/>
      <trkpt lat="37.4912" lon="-83.76588"/>
      <trkpt lat="37.49115" lon="-83.76595"/>
      <trkpt lat="37.49111" lon="-83.766"/>
      <trkpt lat="37.49106" lon="-83.76608"/>
      <trkpt lat="37.49103" lon="-83.76616"/>
      <trkpt lat="37.491" lon="-83.76623"/>
      <trkpt lat="37.49097" lon="-83.76631"/>
      <trkpt lat="37.49095" lon="-83.76639"/>
      <trkpt lat="37.49091" lon="-83.76656"/>
      <trkpt lat="37.49087" lon="-83.76671"/>
      <trkpt lat="37.49085" lon="-83.76679"/>
      <trkpt lat="37.49083" lon="-83.76687"/>
      <trkpt lat="37.49078" lon="-83.7671"/>
      <trkpt lat="37.49076" lon="-83.76718"/>
      <trkpt lat="37.49074" lon="-83.76726"/>
      <trkpt lat="37.4907" lon="-83.7674"/>
      <trkpt lat="37.49065" lon="-83.76755"/>
      <trkpt lat="37.49059" lon="-83.76768"/>
      <trkpt lat="37.49056" lon="-83.76775"/>
      <trkpt lat="37.49049" lon="-83.76787"/>
      <trkpt lat="37.49046" lon="-83.76793"/>
      <trkpt lat="37.49035" lon="-83.7681"/>
      <trkpt lat="37.49026" lon="-83.76827"/>
      <trkpt lat="37.49023" lon="-83.76833"/>
      <trkpt lat="37.49019" lon="-83.76844"/>
      <trkpt lat="37.49017" lon="-83.76849"/>
      <trkpt lat="37.49016" lon="-83.76854"/>
      <trkpt lat="37.49015" lon="-83.76862"/>
      <trkpt lat="37.49016" lon="-83.76876"/>
      <trkpt lat="37.49027" lon="-83.76877"/>
      <trkpt lat="37.49037" lon="-83.76879"/>
      <trkpt lat="37.49049" lon="-83.76882"/>
      <trkpt lat="37.49068" lon="-83.76884"/>
      <trkpt lat="37.49077" lon="-83.76885"/>
      <trkpt lat="37.49091" lon="-83.76887"/>
      <trkpt lat="37.49101" lon="-83.76888"/>
      <trkpt lat="37.49106" lon="-83.76888"/>
      <trkpt lat="37.49114" lon="-83.76889"/>
      <trkpt lat="37.49119" lon="-83.7689"/>
      <trkpt lat="37.49134" lon="-83.76892"/>
      <trkpt lat="37.49139" lon="-83.76893"/>
      <trkpt lat="37.49154" lon="-83.76895"/>
      <trkpt lat="37.49162" lon="-83.76897"/>
      <trkpt lat="37.49172" lon="-83.76899"/>
      <trkpt lat="37.49176" lon="-83.769"/>
      <trkpt lat="37.49183" lon="-83.76902"/>
      <trkpt lat="37.49194" lon="-83.76905"/>
      <trkpt lat="37.49219" lon="-83.76911"/>
      <trkpt lat="37.49238" lon="-83.76918"/>
      <trkpt lat="37.49255" lon="-83.76923"/>
      <trkpt lat="37.4927" lon="-83.76925"/>
      <trkpt lat="37.49353" lon="-83.7693"/>
      <trkpt lat="37.49415" lon="-83.76937"/>
      <trkpt lat="37.49474" lon="-83.76946"/>
      <trkpt lat="37.495" lon="-83.7695"/>
      <trkpt lat="37.49523" lon="-83.76953"/>
      <trkpt lat="37.49525" lon="-83.76953"/>
      <trkpt lat="37.49536" lon="-83.76954"/>
      <trkpt lat="37.49552" lon="-83.76953"/>
      <trkpt lat="37.49548" lon="-83.76963"/>
      <trkpt lat="37.49543" lon="-83.76969"/>
      <trkpt lat="37.49537" lon="-83.76977"/>
      <trkpt lat="37.4952" lon="-83.76989"/>
      <trkpt lat="37.49495" lon="-83.77001"/>
      <trkpt lat="37.49472" lon="-83.77011"/>
      <trkpt lat="37.49456" lon="-83.77016"/>
      <trkpt lat="37.49438" lon="-83.77019"/>
      <trkpt lat="37.4939" lon="-83.77024"/>
      <trkpt lat="37.4936" lon="-83.77032"/>
      <trkpt lat="37.49338" lon="-83.7704"/>
      <trkpt lat="37.49321" lon="-83.77054"/>
      <trkpt lat="37.49307" lon="-83.77067"/>
      <trkpt lat="37.49299" lon="-83.77084"/>
      <trkpt lat="37.49293" lon="-83.77109"/>
      <trkpt lat="37.49291" lon="-83.77131"/>
      <trkpt lat="37.49293" lon="-83.77154"/>
      <trkpt lat="37.49292" lon="-83.77182"/>
      <trkpt lat="37.49287" lon="-83.7721"/>
      <trkpt lat="37.49285" lon="-83.77233"/>
      <trkpt lat="37.49286" lon="-83.77253"/>
      <trkpt lat="37.4929" lon="-83.77275"/>
      <trkpt lat="37.49293" lon="-83.77296"/>
      <trkpt lat="37.49293" lon="-83.77311"/>
      <trkpt lat="37.49288" lon="-83.7732"/>
      <trkpt lat="37.49275" lon="-83.77328"/>
      <trkpt lat="37.49259" lon="-83.77336"/>
      <trkpt lat="37.49241" lon="-83.77342"/>
      <trkpt lat="37.49232" lon="-83.77345"/>
      <trkpt lat="37.4922" lon="-83.77351"/>
      <trkpt lat="37.4919" lon="-83.77364"/>
      <trkpt lat="37.49178" lon="-83.77375"/>
      <trkpt lat="37.49152" lon="-83.77408"/>
      <trkpt lat="37.49142" lon="-83.77419"/>
      <trkpt lat="37.49133" lon="-83.77429"/>
      <trkpt lat="37.49124" lon="-83.77439"/>
      <trkpt lat="37.49116" lon="-83.77449"/>
      <trkpt lat="37.49109" lon="-83.7746"/>
      <trkpt lat="37.491" lon="-83.77472"/>
      <trkpt lat="37.49092" lon="-83.77482"/>
      <trkpt lat="37.49083" lon="-83.77492"/>
      <trkpt lat="37.49074" lon="-83.77502"/>
      <trkpt lat="37.49065" lon="-83.77511"/>
      <trkpt lat="37.49056" lon="-83.77519"/>
      <trkpt lat="37.49046" lon="-83.77526"/>
      <trkpt lat="37.49035" lon="-83.77533"/>
      <trkpt lat="37.49024" lon="-83.77537"/>
      <trkpt lat="37.49012" lon="-83.77542"/>
      <trkpt lat="37.49001" lon="-83.77545"/>
      <trkpt lat="37.48989" lon="-83.77547"/>
      <trkpt lat="37.48978" lon="-83.77548"/>
      <trkpt lat="37.48967" lon="-83.77548"/>
      <trkpt lat="37.48957" lon="-83.77545"/>
      <trkpt lat="37.48948" lon="-83.77541"/>
      <trkpt lat="37.48939" lon="-83.77536"/>
      <trkpt lat="37.48931" lon="-83.77532"/>
      <trkpt lat="37.48927" lon="-83.77531"/>
      <trkpt lat="37.48922" lon="-83.77529"/>
      <trkpt lat="37.48914" lon="-83.77528"/>
      <trkpt lat="37.48906" lon="-83.77529"/>
      <trkpt lat="37.48898" lon="-83.77531"/>
      <trkpt lat="37.48891" lon="-83.77533"/>
      <trkpt lat="37.48883" lon="-83.77534"/>
      <trkpt lat="37.48874" lon="-83.77537"/>
      <trkpt lat="37.48863" lon="-83.77539"/>
      <trkpt lat="37.48853" lon="-83.77539"/>
      <trkpt lat="37.48841" lon="-83.7754"/>
      <trkpt lat="37.48829" lon="-83.77542"/>
      <trkpt lat="37.48817" lon="-83.77544"/>
      <trkpt lat="37.48805" lon="-83.77547"/>
      <trkpt lat="37.48795" lon="-83.77551"/>
      <trkpt lat="37.48785" lon="-83.77556"/>
      <trkpt lat="37.48775" lon="-83.7756"/>
      <trkpt lat="37.48765" lon="-83.77563"/>
      <trkpt lat="37.48755" lon="-83.77565"/>
      <trkpt lat="37.48745" lon="-83.77566"/>
      <trkpt lat="37.48734" lon="-83.77567"/>
      <trkpt lat="37.48723" lon="-83.77569"/>
      <trkpt lat="37.48712" lon="-83.7757"/>
      <trkpt lat="37.48702" lon="-83.77573"/>
      <trkpt lat="37.48692" lon="-83.77577"/>
      <trkpt lat="37.48682" lon="-83.77583"/>
      <trkpt lat="37.48674" lon="-83.77589"/>
      <trkpt lat="37.48666" lon="-83.77596"/>
      <trkpt lat="37.48649" lon="-83.77609"/>
      <trkpt lat="37.48626" lon="-83.77627"/>
      <trkpt lat="37.48619" lon="-83.77633"/>
      <trkpt lat="37.48605" lon="-83.77645"/>
      <trkpt lat="37.48599" lon="-83.77653"/>
      <trkpt lat="37.48593" lon="-83.77655"/>
      <trkpt lat="37.48588" lon="-83.77661"/>
      <trkpt lat="37.48582" lon="-83.77667"/>
      <trkpt lat="37.48574" lon="-83.77679"/>
      <trkpt lat="37.48571" lon="-83.77684"/>
      <trkpt lat="37.48568" lon="-83.77688"/>
      <trkpt lat="37.48566" lon="-83.77692"/>
      <trkpt lat="37.48563" lon="-83.77697"/>
      <trkpt lat="37.48562" lon="-83.77701"/>
      <trkpt lat="37.4856" lon="-83.77705"/>
      <trkpt lat="37.48556" lon="-83.77715"/>
      <trkpt lat="37.48555" lon="-83.77721"/>
      <trkpt lat="37.48553" lon="-83.77728"/>
      <trkpt lat="37.48551" lon="-83.77735"/>
      <trkpt lat="37.48549" lon="-83.77743"/>
      <trkpt lat="37.48547" lon="-83.7776"/>
      <trkpt lat="37.48545" lon="-83.77767"/>
      <trkpt lat="37.48544" lon="-83.77783"/>
      <trkpt lat="37.48542" lon="-83.7779"/>
      <trkpt lat="37.48541" lon="-83.77804"/>
      <trkpt lat="37.48539" lon="-83.7781"/>
      <trkpt lat="37.48536" lon="-83.77815"/>
      <trkpt lat="37.48534" lon="-83.7782"/>
      <trkpt lat="37.48531" lon="-83.77824"/>
      <trkpt lat="37.48529" lon="-83.77828"/>
      <trkpt lat="37.48525" lon="-83.77834"/>
      <trkpt lat="37.48522" lon="-83.77839"/>
      <trkpt lat="37.4852" lon="-83.77842"/>
      <trkpt lat="37.48516" lon="-83.77849"/>
      <trkpt lat="37.48514" lon="-83.77853"/>
      <trkpt lat="37.48511" lon="-83.77857"/>
      <trkpt lat="37.48508" lon="-83.77861"/>
      <trkpt lat="37.48506" lon="-83.77865"/>
      <trkpt lat="37.48503" lon="-83.77869"/>
      <trkpt lat="37.485" lon="-83.77872"/>
      <trkpt lat="37.48496" lon="-83.77879"/>
      <trkpt lat="37.48493" lon="-83.77882"/>
      <trkpt lat="37.4849" lon="-83.77886"/>
      <trkpt lat="37.48488" lon="-83.7789"/>
      <trkpt lat="37.48485" lon="-83.77895"/>
      <trkpt lat="37.48482" lon="-83.77901"/>
      <trkpt lat="37.48479" lon="-83.77906"/>
      <trkpt lat="37.4847" lon="-83.7792"/>
      <trkpt lat="37.48467" lon="-83.77924"/>
      <trkpt lat="37.48462" lon="-83.77928"/>
      <trkpt lat="37.48457" lon="-83.77931"/>
      <trkpt lat="37.4845" lon="-83.77935"/>
      <trkpt lat="37.48444" lon="-83.77938"/>
      <trkpt lat="37.48431" lon="-83.77945"/>
      <trkpt lat="37.48424" lon="-83.77949"/>
      <trkpt lat="37.4841" lon="-83.77954"/>
      <trkpt lat="37.48398" lon="-83.77959"/>
      <trkpt lat="37.48391" lon="-83.77961"/>
      <trkpt lat="37.48385" lon="-83.77963"/>
      <trkpt lat="37.48378" lon="-83.77963"/>
      <trkpt lat="37.48372" lon="-83.77964"/>
      <trkpt lat="37.48366" lon="-83.77965"/>
      <trkpt lat="37.4836" lon="-83.77965"/>
      <trkpt lat="37.48354" lon="-83.77965"/>
      <trkpt lat="37.48315" lon="-83.7797"/>
      <trkpt lat="37.48308" lon="-83.77971"/>
      <trkpt lat="37.48295" lon="-83.77973"/>
      <trkpt lat="37.48289" lon="-83.77974"/>
      <trkpt lat="37.48283" lon="-83.77976"/>
      <trkpt lat="37.48276" lon="-83.77978"/>
      <trkpt lat="37.4827" lon="-83.7798"/>
      <trkpt lat="37.48264" lon="-83.77983"/>
      <trkpt lat="37.48258" lon="-83.77987"/>
      <trkpt lat="37.48252" lon="-83.77991"/>
      <trkpt lat="37.48247" lon="-83.77996"/>
      <trkpt lat="37.48244" lon="-83.78001"/>
      <trkpt lat="37.4824" lon="-83.78007"/>
      <trkpt lat="37.48237" lon="-83.78014"/>
      <trkpt lat="37.48234" lon="-83.78021"/>
      <trkpt lat="37.48232" lon="-83.78027"/>
      <trkpt lat="37.48231" lon="-83.78034"/>
      <trkpt lat="37.4823" lon="-83.7804"/>
      <trkpt lat="37.4823" lon="-83.78047"/>
      <trkpt lat="37.4823" lon="-83.78062"/>
      <trkpt lat="37.4823" lon="-83.7807"/>
      <trkpt lat="37.4823" lon="-83.78079"/>
      <trkpt lat="37.48229" lon="-83.78087"/>
      <trkpt lat="37.48226" lon="-83.78095"/>
      <trkpt lat="37.48223" lon="-83.78103"/>
      <trkpt lat="37.4822" lon="-83.78112"/>
      <trkpt lat="37.48215" lon="-83.78119"/>
      <trkpt lat="37.48206" lon="-83.78133"/>
      <trkpt lat="37.48201" lon="-83.7814"/>
      <trkpt lat="37.48197" lon="-83.78147"/>
      <trkpt lat="37.48192" lon="-83.78154"/>
      <trkpt lat="37.48184" lon="-83.78169"/>
      <trkpt lat="37.48181" lon="-83.78177"/>
      <trkpt lat="37.48173" lon="-83.78192"/>
      <trkpt lat="37.48166" lon="-83.78208"/>
      <trkpt lat="37.48162" lon="-83.78216"/>
      <trkpt lat="37.48159" lon="-83.78224"/>
      <trkpt lat="37.48155" lon="-83.78231"/>
      <trkpt lat="37.48151" lon="-83.78239"/>
      <trkpt lat="37.48147" lon="-83.78246"/>
      <trkpt lat="37.48143" lon="-83.78252"/>
      <trkpt lat="37.48138" lon="-83.78259"/>
      <trkpt lat="37.4813" lon="-83.78272"/>
      <trkpt lat="37.48125" lon="-83.78278"/>
      <trkpt lat="37.48122" lon="-83.78284"/>
      <trkpt lat="37.48118" lon="-83.78291"/>
      <trkpt lat="37.48115" lon="-83.78297"/>
      <trkpt lat="37.48112" lon="-83.78304"/>
      <trkpt lat="37.48109" lon="-83.78311"/>
      <trkpt lat="37.48107" lon="-83.78318"/>
      <trkpt lat="37.48105" lon="-83.78324"/>
      <trkpt lat="37.48101" lon="-83.78338"/>
      <trkpt lat="37.48099" lon="-83.78345"/>
      <trkpt lat="37.48098" lon="-83.78353"/>
      <trkpt lat="37.48092" lon="-83.78375"/>
      <trkpt lat="37.48089" lon="-83.78382"/>
      <trkpt lat="37.48087" lon="-83.78389"/>
      <trkpt lat="37.48084" lon="-83.78394"/>
      <trkpt lat="37.4808" lon="-83.78398"/>
      <trkpt lat="37.48077" lon="-83.78402"/>
      <trkpt lat="37.48072" lon="-83.78406"/>
      <trkpt lat="37.48069" lon="-83.78408"/>
      <trkpt lat="37.48065" lon="-83.78413"/>
      <trkpt lat="37.48061" lon="-83.78418"/>
      <trkpt lat="37.48058" lon="-83.78424"/>
      <trkpt lat="37.48055" lon="-83.78431"/>
      <trkpt lat="37.48052" lon="-83.78439"/>
      <trkpt lat="37.4805" lon="-83.78446"/>
      <trkpt lat="37.48047" lon="-83.78453"/>
      <trkpt lat="37.48043" lon="-83.7846"/>
      <trkpt lat="37.48038" lon="-83.78465"/>
      <trkpt lat="37.48033" lon="-83.7847"/>
      <trkpt lat="37.48028" lon="-83.78475"/>
      <trkpt lat="37.48022" lon="-83.78481"/>
      <trkpt lat="37.4801" lon="-83.78491"/>
      <trkpt lat="37.47998" lon="-83.78501"/>
      <trkpt lat="37.47992" lon="-83.78507"/>
      <trkpt lat="37.47986" lon="-83.78511"/>
      <trkpt lat="37.47974" lon="-83.7852"/>
      <trkpt lat="37.47968" lon="-83.78523"/>
      <trkpt lat="37.47962" lon="-83.78527"/>
      <trkpt lat="37.47956" lon="-83.78529"/>
      <trkpt lat="37.47944" lon="-83.78533"/>
      <trkpt lat="37.47938" lon="-83.78536"/>
      <trkpt lat="37.47933" lon="-83.78538"/>
      <trkpt lat="37.47927" lon="-83.78539"/>
      <trkpt lat="37.47915" lon="-83.78543"/>
      <trkpt lat="37.47909" lon="-83.78545"/>
      <trkpt lat="37.47903" lon="-83.78546"/>
      <trkpt lat="37.479" lon="-83.78548"/>
      <trkpt lat="37.47897" lon="-83.78549"/>
      <trkpt lat="37.47891" lon="-83.78551"/>
      <trkpt lat="37.47885" lon="-83.78553"/>
      <trkpt lat="37.47879" lon="-83.78556"/>
      <trkpt lat="37.47873" lon="-83.78559"/>
      <trkpt lat="37.47858" lon="-83.78565"/>
      <trkpt lat="37.47853" lon="-83.78569"/>
      <trkpt lat="37.47849" lon="-83.78573"/>
      <trkpt lat="37.47839" lon="-83.78579"/>
      <trkpt lat="37.47834" lon="-83.78581"/>
      <trkpt lat="37.47823" lon="-83.78587"/>
      <trkpt lat="37.47818" lon="-83.7859"/>
      <trkpt lat="37.47808" lon="-83.78595"/>
      <trkpt lat="37.47797" lon="-83.786"/>
      <trkpt lat="37.47781" lon="-83.78606"/>
      <trkpt lat="37.47777" lon="-83.78608"/>
      <trkpt lat="37.47772" lon="-83.78608"/>
      <trkpt lat="37.47768" lon="-83.78609"/>
      <trkpt lat="37.47763" lon="-83.78609"/>
      <trkpt lat="37.47759" lon="-83.78608"/>
      <trkpt lat="37.47756" lon="-83.78608"/>
      <trkpt lat="37.47752" lon="-83.78607"/>
      <trkpt lat="37.47749" lon="-83.78605"/>
      <trkpt lat="37.47745" lon="-83.78603"/>
      <trkpt lat="37.47739" lon="-83.78599"/>
      <trkpt lat="37.47736" lon="-83.78597"/>
      <trkpt lat="37.47733" lon="-83.78595"/>
      <trkpt lat="37.4773" lon="-83.78592"/>
      <trkpt lat="37.47727" lon="-83.7859"/>
      <trkpt lat="37.47722" lon="-83.78587"/>
      <trkpt lat="37.47715" lon="-83.78584"/>
      <trkpt lat="37.47715" lon="-83.78572"/>
      <trkpt lat="37.47715" lon="-83.78563"/>
      <trkpt lat="37.47715" lon="-83.78553"/>
      <trkpt lat="37.47714" lon="-83.78544"/>
      <trkpt lat="37.47713" lon="-83.78533"/>
      <trkpt lat="37.47712" lon="-83.78524"/>
      <trkpt lat="37.47711" lon="-83.78515"/>
      <trkpt lat="37.47711" lon="-83.78508"/>
      <trkpt lat="37.47709" lon="-83.785"/>
      <trkpt lat="37.47706" lon="-83.78493"/>
      <trkpt lat="37.47702" lon="-83.78486"/>
      <trkpt lat="37.47696" lon="-83.78477"/>
      <trkpt lat="37.47683" lon="-83.78459"/>
      <trkpt lat="37.47676" lon="-83.7845"/>
      <trkpt lat="37.47669" lon="-83.7844"/>
      <trkpt lat="37.47661" lon="-83.78431"/>
      <trkpt lat="37.47653" lon="-83.78423"/>
      <trkpt lat="37.47644" lon="-83.78416"/>
      <trkpt lat="37.47635" lon="-83.7841"/>
      <trkpt lat="37.47625" lon="-83.78407"/>
      <trkpt lat="37.47614" lon="-83.78404"/>
      <trkpt lat="37.47604" lon="-83.78401"/>
      <trkpt lat="37.47593" lon="-83.78399"/>
      <trkpt lat="37.47581" lon="-83.78397"/>
      <trkpt lat="37.4757" lon="-83.78394"/>
      <trkpt lat="37.47561" lon="-83.78391"/>
      <trkpt lat="37.47552" lon="-83.78386"/>
      <trkpt lat="37.47543" lon="-83.78381"/>
      <trkpt lat="37.47535" lon="-83.78375"/>
      <trkpt lat="37.4752" lon="-83.78363"/>
      <trkpt lat="37.47512" lon="-83.78357"/>
      <trkpt lat="37.47506" lon="-83.78349"/>
      <trkpt lat="37.47501" lon="-83.78341"/>
      <trkpt lat="37.47497" lon="-83.78331"/>
      <trkpt lat="37.47493" lon="-83.78319"/>
      <trkpt lat="37.47486" lon="-83.78293"/>
      <trkpt lat="37.47482" lon="-83.78281"/>
      <trkpt lat="37.47476" lon="-83.7827"/>
      <trkpt lat="37.47469" lon="-83.7826"/>
      <trkpt lat="37.4746" lon="-83.78251"/>
      <trkpt lat="37.4745" lon="-83.78242"/>
      <trkpt lat="37.47439" lon="-83.78233"/>
      <trkpt lat="37.47427" lon="-83.78224"/>
      <trkpt lat="37.47415" lon="-83.78216"/>
      <trkpt lat="37.47402" lon="-83.78209"/>
      <trkpt lat="37.47399" lon="-83.78208"/>
      <trkpt lat="37.47388" lon="-83.78204"/>
      <trkpt lat="37.47373" lon="-83.78201"/>
      <trkpt lat="37.47358" lon="-83.78199"/>
      <trkpt lat="37.47325" lon="-83.78196"/>
      <trkpt lat="37.47309" lon="-83.78194"/>
      <trkpt lat="37.47279" lon="-83.7819"/>
      <trkpt lat="37.47264" lon="-83.78189"/>
      <trkpt lat="37.47251" lon="-83.78186"/>
      <trkpt lat="37.47238" lon="-83.7818"/>
      <trkpt lat="37.47226" lon="-83.78173"/>
      <trkpt lat="37.47213" lon="-83.78165"/>
      <trkpt lat="37.47183" lon="-83.78147"/>
      <trkpt lat="37.47123" lon="-83.78111"/>
      <trkpt lat="37.4711" lon="-83.78102"/>
      <trkpt lat="37.47099" lon="-83.78094"/>
      <trkpt lat="37.47088" lon="-83.78086"/>
      <trkpt lat="37.47078" lon="-83.78078"/>
      <trkpt lat="37.47069" lon="-83.7807"/>
      <trkpt lat="37.4706" lon="-83.78061"/>
      <trkpt lat="37.47051" lon="-83.78052"/>
      <trkpt lat="37.47044" lon="-83.78042"/>
      <trkpt lat="37.47038" lon="-83.78031"/>
      <trkpt lat="37.47033" lon="-83.78018"/>
      <trkpt lat="37.47029" lon="-83.78005"/>
      <trkpt lat="37.47026" lon="-83.7799"/>
      <trkpt lat="37.47022" lon="-83.77976"/>
      <trkpt lat="37.47019" lon="-83.7796"/>
      <trkpt lat="37.47016" lon="-83.77944"/>
      <trkpt lat="37.47013" lon="-83.77929"/>
      <trkpt lat="37.47011" lon="-83.77913"/>
      <trkpt lat="37.47008" lon="-83.77884"/>
      <trkpt lat="37.47006" lon="-83.7787"/>
      <trkpt lat="37.47003" lon="-83.77857"/>
      <trkpt lat="37.46997" lon="-83.77845"/>
      <trkpt lat="37.4699" lon="-83.77835"/>
      <trkpt lat="37.46981" lon="-83.77826"/>
      <trkpt lat="37.4697" lon="-83.77819"/>
      <trkpt lat="37.46959" lon="-83.77811"/>
      <trkpt lat="37.46948" lon="-83.77804"/>
      <trkpt lat="37.46936" lon="-83.77798"/>
      <trkpt lat="37.46924" lon="-83.77793"/>
      <trkpt lat="37.46914" lon="-83.77787"/>
      <trkpt lat="37.46904" lon="-83.77778"/>
      <trkpt lat="37.46898" lon="-83.77771"/>
      <trkpt lat="37.46896" lon="-83.77768"/>
      <trkpt lat="37.46888" lon="-83.77756"/>
      <trkpt lat="37.46882" lon="-83.77743"/>
      <trkpt lat="37.46877" lon="-83.77729"/>
      <trkpt lat="37.46872" lon="-83.77714"/>
      <trkpt lat="37.46869" lon="-83.77699"/>
      <trkpt lat="37.46863" lon="-83.77669"/>
      <trkpt lat="37.46859" lon="-83.77655"/>
      <trkpt lat="37.46855" lon="-83.7764"/>
      <trkpt lat="37.46849" lon="-83.77626"/>
      <trkpt lat="37.46843" lon="-83.77613"/>
      <trkpt lat="37.46838" lon="-83.77599"/>
      <trkpt lat="37.46834" lon="-83.77585"/>
      <trkpt lat="37.46832" lon="-83.77575"/>
      <trkpt lat="37.46831" lon="-83.77571"/>
      <trkpt lat="37.46829" lon="-83.77557"/>
      <trkpt lat="37.46827" lon="-83.77543"/>
      <trkpt lat="37.46827" lon="-83.7753"/>
      <trkpt lat="37.46828" lon="-83.77516"/>
      <trkpt lat="37.46829" lon="-83.77503"/>
      <trkpt lat="37.46831" lon="-83.77477"/>
      <trkpt lat="37.46835" lon="-83.77421"/>
      <trkpt lat="37.46836" lon="-83.774"/>
      <trkpt lat="37.46837" lon="-83.77393"/>
      <trkpt lat="37.46836" lon="-83.77384"/>
      <trkpt lat="37.46839" lon="-83.77385"/>
      <trkpt lat="37.46857" lon="-83.77273"/>
      <trkpt lat="37.4687" lon="-83.77095"/>
      <trkpt lat="37.46857" lon="-83.77041"/>
      <trkpt lat="37.46804" lon="-83.76957"/>
      <trkpt lat="37.46793" lon="-83.76927"/>
      <trkpt lat="37.46786" lon="-83.76893"/>
      <trkpt lat="37.46795" lon="-83.76841"/>
      <trkpt lat="37.46825" lon="-83.76751"/>
      <trkpt lat="37.46834" lon="-83.76713"/>
      <trkpt lat="37.46825" lon="-83.76659"/>
      <trkpt lat="37.46806" lon="-83.76603"/>
      <trkpt lat="37.46739" lon="-83.76374"/>
      <trkpt lat="37.46733" lon="-83.76311"/>
      <trkpt lat="37.46743" lon="-83.76219"/>
      <trkpt lat="37.46754" lon="-83.76178"/>
      <trkpt lat="37.4678" lon="-83.76112"/>
      <trkpt lat="37.46784" lon="-83.76082"/>
      <trkpt lat="37.4678" lon="-83.76054"/>
      <trkpt lat="37.46737" lon="-83.75938"/>
      <trkpt lat="37.46694" lon="-83.75846"/>
      <trkpt lat="37.46681" lon="-83.75812"/>
      <trkpt lat="37.46628" lon="-83.75676"/>
      <trkpt lat="37.46587" lon="-83.75597"/>
      <trkpt lat="37.46552" lon="-83.75577"/>
      <trkpt lat="37.46529" lon="-83.75573"/>
      <trkpt lat="37.46518" lon="-83.7556"/>
      <trkpt lat="37.46512" lon="-83.75541"/>
      <trkpt lat="37.46486" lon="-83.75376"/>
      <trkpt lat="37.46462" lon="-83.74837"/>
      <trkpt lat="37.46404" lon="-83.74612"/>
      <trkpt lat="37.46361" lon="-83.74515"/>
      <trkpt lat="37.46349" lon="-83.74472"/>
      <trkpt lat="37.4634" lon="-83.74412"/>
      <trkpt lat="37.46331" lon="-83.74286"/>
      <trkpt lat="37.46321" lon="-83.74219"/>
      <trkpt lat="37.46293" lon="-83.74118"/>
      <trkpt lat="37.46289" lon="-83.7405"/>
      <trkpt lat="37.46289" lon="-83.7405"/>
      <trkpt lat="37.46289" lon="-83.74049"/>
      <trkpt lat="37.46258" lon="-83.74048"/>
      <trkpt lat="37.46246" lon="-83.74047"/>
      <trkpt lat="37.46215" lon="-83.74045"/>
      <trkpt lat="37.46185" lon="-83.74047"/>
      <trkpt lat="37.46166" lon="-83.74054"/>
      <trkpt lat="37.46156" lon="-83.74058"/>
      <trkpt lat="37.46147" lon="-83.74064"/>
      <trkpt lat="37.46138" lon="-83.74071"/>
      <trkpt lat="37.46129" lon="-83.74079"/>
      <trkpt lat="37.46121" lon="-83.74088"/>
      <trkpt lat="37.46114" lon="-83.74098"/>
      <trkpt lat="37.46107" lon="-83.74109"/>
      <trkpt lat="37.46101" lon="-83.7412"/>
      <trkpt lat="37.46099" lon="-83.74124"/>
      <trkpt lat="37.46096" lon="-83.74131"/>
      <trkpt lat="37.4609" lon="-83.74142"/>
      <trkpt lat="37.46041" lon="-83.74211"/>
      <trkpt lat="37.46034" lon="-83.74221"/>
      <trkpt lat="37.45996" lon="-83.74272"/>
      <trkpt lat="37.45988" lon="-83.7428"/>
      <trkpt lat="37.4598" lon="-83.74287"/>
      <trkpt lat="37.45959" lon="-83.74304"/>
      <trkpt lat="37.45949" lon="-83.74311"/>
      <trkpt lat="37.4594" lon="-83.7432"/>
      <trkpt lat="37.45935" lon="-83.74326"/>
      <trkpt lat="37.45932" lon="-83.74329"/>
      <trkpt lat="37.45929" lon="-83.74332"/>
      <trkpt lat="37.45926" lon="-83.74334"/>
      <trkpt lat="37.45921" lon="-83.74342"/>
      <trkpt lat="37.45918" lon="-83.74347"/>
      <trkpt lat="37.45914" lon="-83.74351"/>
      <trkpt lat="37.45907" lon="-83.74362"/>
      <trkpt lat="37.459" lon="-83.74372"/>
      <trkpt lat="37.45893" lon="-83.74382"/>
      <trkpt lat="37.45881" lon="-83.74397"/>
      <trkpt lat="37.45877" lon="-83.74402"/>
      <trkpt lat="37.45869" lon="-83.74412"/>
      <trkpt lat="37.45865" lon="-83.74417"/>
      <trkpt lat="37.45857" lon="-83.74428"/>
      <trkpt lat="37.45853" lon="-83.74434"/>
      <trkpt lat="37.45831" lon="-83.74468"/>
      <trkpt lat="37.45826" lon="-83.74475"/>
      <trkpt lat="37.45821" lon="-83.74482"/>
      <trkpt lat="37.45811" lon="-83.74496"/>
      <trkpt lat="37.45802" lon="-83.7451"/>
      <trkpt lat="37.45798" lon="-83.74517"/>
      <trkpt lat="37.45779" lon="-83.74545"/>
      <trkpt lat="37.45775" lon="-83.74552"/>
      <trkpt lat="37.45772" lon="-83.74555"/>
      <trkpt lat="37.45765" lon="-83.74564"/>
      <trkpt lat="37.45753" lon="-83.74583"/>
      <trkpt lat="37.45743" lon="-83.74601"/>
      <trkpt lat="37.45738" lon="-83.74609"/>
      <trkpt lat="37.45718" lon="-83.74639"/>
      <trkpt lat="37.45713" lon="-83.74645"/>
      <trkpt lat="37.45701" lon="-83.74658"/>
      <trkpt lat="37.45651" lon="-83.74696"/>
      <trkpt lat="37.45636" lon="-83.74703"/>
      <trkpt lat="37.45628" lon="-83.74707"/>
      <trkpt lat="37.45615" lon="-83.74716"/>
      <trkpt lat="37.45557" lon="-83.74763"/>
      <trkpt lat="37.45552" lon="-83.74767"/>
      <trkpt lat="37.45545" lon="-83.74771"/>
      <trkpt lat="37.45542" lon="-83.74773"/>
      <trkpt lat="37.45536" lon="-83.74774"/>
      <trkpt lat="37.45529" lon="-83.74776"/>
      <trkpt lat="37.45523" lon="-83.74777"/>
      <trkpt lat="37.45516" lon="-83.74776"/>
      <trkpt lat="37.45508" lon="-83.74775"/>
      <trkpt lat="37.45493" lon="-83.74771"/>
      <trkpt lat="37.45469" lon="-83.74764"/>
      <trkpt lat="37.45461" lon="-83.74762"/>
      <trkpt lat="37.45453" lon="-83.74762"/>
      <trkpt lat="37.45445" lon="-83.74764"/>
      <trkpt lat="37.45429" lon="-83.74773"/>
      <trkpt lat="37.45421" lon="-83.74777"/>
      <trkpt lat="37.45412" lon="-83.74782"/>
      <trkpt lat="37.45404" lon="-83.74785"/>
      <trkpt lat="37.45395" lon="-83.74788"/>
      <trkpt lat="37.45386" lon="-83.7479"/>
      <trkpt lat="37.45377" lon="-83.74792"/>
      <trkpt lat="37.45368" lon="-83.74792"/>
      <trkpt lat="37.45358" lon="-83.74791"/>
      <trkpt lat="37.45321" lon="-83.74784"/>
      <trkpt lat="37.45312" lon="-83.74781"/>
      <trkpt lat="37.45298" lon="-83.74776"/>
      <trkpt lat="37.45284" lon="-83.74771"/>
      <trkpt lat="37.45276" lon="-83.74771"/>
      <trkpt lat="37.45267" lon="-83.74771"/>
      <trkpt lat="37.45258" lon="-83.74771"/>
      <trkpt lat="37.45241" lon="-83.7477"/>
      <trkpt lat="37.45224" lon="-83.74769"/>
      <trkpt lat="37.45215" lon="-83.74768"/>
      <trkpt lat="37.45205" lon="-83.74765"/>
      <trkpt lat="37.45198" lon="-83.7476"/>
      <trkpt lat="37.45191" lon="-83.74749"/>
      <trkpt lat="37.45186" lon="-83.74743"/>
      <trkpt lat="37.45182" lon="-83.74735"/>
      <trkpt lat="37.45174" lon="-83.74724"/>
      <trkpt lat="37.45163" lon="-83.74708"/>
      <trkpt lat="37.45154" lon="-83.74694"/>
      <trkpt lat="37.45141" lon="-83.74684"/>
      <trkpt lat="37.45135" lon="-83.74677"/>
      <trkpt lat="37.4513" lon="-83.74668"/>
      <trkpt lat="37.4512" lon="-83.74658"/>
      <trkpt lat="37.45106" lon="-83.74649"/>
      <trkpt lat="37.45092" lon="-83.74641"/>
      <trkpt lat="37.45079" lon="-83.74638"/>
      <trkpt lat="37.45077" lon="-83.74638"/>
      <trkpt lat="37.45062" lon="-83.74636"/>
      <trkpt lat="37.45047" lon="-83.74635"/>
      <trkpt lat="37.45033" lon="-83.74637"/>
      <trkpt lat="37.45015" lon="-83.74647"/>
      <trkpt lat="37.44999" lon="-83.74661"/>
      <trkpt lat="37.44989" lon="-83.74675"/>
      <trkpt lat="37.44987" lon="-83.74678"/>
      <trkpt lat="37.44983" lon="-83.74691"/>
      <trkpt lat="37.44977" lon="-83.74711"/>
      <trkpt lat="37.44976" lon="-83.74727"/>
      <trkpt lat="37.44975" lon="-83.74748"/>
      <trkpt lat="37.44977" lon="-83.74767"/>
      <trkpt lat="37.4498" lon="-83.74788"/>
      <trkpt lat="37.44982" lon="-83.74797"/>
      <trkpt lat="37.44983" lon="-83.74808"/>
      <trkpt lat="37.44984" lon="-83.74818"/>
      <trkpt lat="37.44984" lon="-83.74829"/>
      <trkpt lat="37.44984" lon="-83.74839"/>
      <trkpt lat="37.44983" lon="-83.74849"/>
      <trkpt lat="37.44981" lon="-83.74859"/>
      <trkpt lat="37.44978" lon="-83.74869"/>
      <trkpt lat="37.44974" lon="-83.74878"/>
      <trkpt lat="37.4497" lon="-83.74885"/>
      <trkpt lat="37.44964" lon="-83.74892"/>
      <trkpt lat="37.44958" lon="-83.74897"/>
      <trkpt lat="37.44951" lon="-83.74901"/>
      <trkpt lat="37.44944" lon="-83.74906"/>
      <trkpt lat="37.44936" lon="-83.74911"/>
      <trkpt lat="37.44927" lon="-83.74915"/>
      <trkpt lat="37.44917" lon="-83.74922"/>
      <trkpt lat="37.44895" lon="-83.74935"/>
      <trkpt lat="37.44883" lon="-83.74945"/>
      <trkpt lat="37.44873" lon="-83.74957"/>
      <trkpt lat="37.4486" lon="-83.74974"/>
      <trkpt lat="37.44849" lon="-83.74998"/>
      <trkpt lat="37.44837" lon="-83.75026"/>
      <trkpt lat="37.44824" lon="-83.75053"/>
      <trkpt lat="37.44811" lon="-83.75072"/>
      <trkpt lat="37.44803" lon="-83.7508"/>
      <trkpt lat="37.44793" lon="-83.75092"/>
      <trkpt lat="37.44779" lon="-83.75103"/>
      <trkpt lat="37.44772" lon="-83.75108"/>
      <trkpt lat="37.44765" lon="-83.75112"/>
      <trkpt lat="37.44757" lon="-83.75116"/>
      <trkpt lat="37.4475" lon="-83.7512"/>
      <trkpt lat="37.44742" lon="-83.75123"/>
      <trkpt lat="37.44734" lon="-83.75125"/>
      <trkpt lat="37.44726" lon="-83.75128"/>
      <trkpt lat="37.44709" lon="-83.75132"/>
      <trkpt lat="37.44691" lon="-83.75135"/>
      <trkpt lat="37.44673" lon="-83.7514"/>
      <trkpt lat="37.44647" lon="-83.75148"/>
      <trkpt lat="37.44639" lon="-83.75152"/>
      <trkpt lat="37.44531" lon="-83.75251"/>
      <trkpt lat="37.44524" lon="-83.75258"/>
      <trkpt lat="37.4451" lon="-83.75273"/>
      <trkpt lat="37.44503" lon="-83.7528"/>
      <trkpt lat="37.44495" lon="-83.75288"/>
      <trkpt lat="37.44487" lon="-83.75295"/>
      <trkpt lat="37.44481" lon="-83.75303"/>
      <trkpt lat="37.44464" lon="-83.75323"/>
      <trkpt lat="37.44448" lon="-83.75337"/>
      <trkpt lat="37.44427" lon="-83.75352"/>
      <trkpt lat="37.44403" lon="-83.75365"/>
      <trkpt lat="37.44373" lon="-83.75376"/>
      <trkpt lat="37.44352" lon="-83.75384"/>
      <trkpt lat="37.4434" lon="-83.75389"/>
      <trkpt lat="37.4433" lon="-83.75394"/>
      <trkpt lat="37.44319" lon="-83.754"/>
      <trkpt lat="37.44309" lon="-83.75406"/>
      <trkpt lat="37.44299" lon="-83.75411"/>
      <trkpt lat="37.4429" lon="-83.75418"/>
      <trkpt lat="37.44281" lon="-83.75425"/>
      <trkpt lat="37.44273" lon="-83.75433"/>
      <trkpt lat="37.44214" lon="-83.75495"/>
      <trkpt lat="37.44206" lon="-83.75503"/>
      <trkpt lat="37.4415" lon="-83.75548"/>
      <trkpt lat="37.44132" lon="-83.75563"/>
      <trkpt lat="37.44111" lon="-83.7558"/>
      <trkpt lat="37.44103" lon="-83.75589"/>
      <trkpt lat="37.44089" lon="-83.75602"/>
      <trkpt lat="37.44077" lon="-83.75613"/>
      <trkpt lat="37.4406" lon="-83.75632"/>
      <trkpt lat="37.44043" lon="-83.75645"/>
      <trkpt lat="37.44034" lon="-83.75652"/>
      <trkpt lat="37.44025" lon="-83.75658"/>
      <trkpt lat="37.44015" lon="-83.75665"/>
      <trkpt lat="37.44006" lon="-83.75671"/>
      <trkpt lat="37.43996" lon="-83.75676"/>
      <trkpt lat="37.43969" lon="-83.75694"/>
      <trkpt lat="37.43958" lon="-83.757"/>
      <trkpt lat="37.43921" lon="-83.75724"/>
      <trkpt lat="37.43895" lon="-83.7574"/>
      <trkpt lat="37.43887" lon="-83.75746"/>
      <trkpt lat="37.4388" lon="-83.75751"/>
      <trkpt lat="37.43873" lon="-83.75757"/>
      <trkpt lat="37.43866" lon="-83.75763"/>
      <trkpt lat="37.43861" lon="-83.75771"/>
      <trkpt lat="37.43856" lon="-83.75778"/>
      <trkpt lat="37.43851" lon="-83.75786"/>
      <trkpt lat="37.43847" lon="-83.75795"/>
      <trkpt lat="37.43843" lon="-83.75804"/>
      <trkpt lat="37.43838" lon="-83.75813"/>
      <trkpt lat="37.43831" lon="-83.75821"/>
      <trkpt lat="37.43825" lon="-83.7583"/>
      <trkpt lat="37.43809" lon="-83.75846"/>
      <trkpt lat="37.43799" lon="-83.75854"/>
      <trkpt lat="37.43793" lon="-83.75863"/>
      <trkpt lat="37.43785" lon="-83.75874"/>
      <trkpt lat="37.43774" lon="-83.75893"/>
      <trkpt lat="37.43765" lon="-83.75913"/>
      <trkpt lat="37.43755" lon="-83.75934"/>
      <trkpt lat="37.43741" lon="-83.7596"/>
      <trkpt lat="37.43736" lon="-83.75968"/>
      <trkpt lat="37.43724" lon="-83.75988"/>
      <trkpt lat="37.43715" lon="-83.76008"/>
      <trkpt lat="37.43707" lon="-83.76021"/>
      <trkpt lat="37.43694" lon="-83.76042"/>
      <trkpt lat="37.43688" lon="-83.76051"/>
      <trkpt lat="37.43681" lon="-83.76061"/>
      <trkpt lat="37.43674" lon="-83.7607"/>
      <trkpt lat="37.4366" lon="-83.76087"/>
      <trkpt lat="37.43653" lon="-83.76096"/>
      <trkpt lat="37.43647" lon="-83.76105"/>
      <trkpt lat="37.4362" lon="-83.76148"/>
      <trkpt lat="37.43613" lon="-83.76165"/>
      <trkpt lat="37.43608" lon="-83.76175"/>
      <trkpt lat="37.43604" lon="-83.76187"/>
      <trkpt lat="37.43599" lon="-83.76197"/>
      <trkpt lat="37.43594" lon="-83.76207"/>
      <trkpt lat="37.43589" lon="-83.76217"/>
      <trkpt lat="37.43582" lon="-83.76227"/>
      <trkpt lat="37.43576" lon="-83.76236"/>
      <trkpt lat="37.43562" lon="-83.76256"/>
      <trkpt lat="37.43541" lon="-83.76288"/>
      <trkpt lat="37.43526" lon="-83.7631"/>
      <trkpt lat="37.4352" lon="-83.76322"/>
      <trkpt lat="37.43506" lon="-83.76344"/>
      <trkpt lat="37.43493" lon="-83.76365"/>
      <trkpt lat="37.43486" lon="-83.76376"/>
      <trkpt lat="37.4348" lon="-83.76386"/>
      <trkpt lat="37.43444" lon="-83.76461"/>
      <trkpt lat="37.4344" lon="-83.7647"/>
      <trkpt lat="37.43435" lon="-83.76479"/>
      <trkpt lat="37.43424" lon="-83.76509"/>
      <trkpt lat="37.43405" lon="-83.76549"/>
      <trkpt lat="37.43402" lon="-83.76558"/>
      <trkpt lat="37.43399" lon="-83.76567"/>
      <trkpt lat="37.43395" lon="-83.76575"/>
      <trkpt lat="37.43392" lon="-83.76582"/>
      <trkpt lat="37.4339" lon="-83.76588"/>
      <trkpt lat="37.43388" lon="-83.76593"/>
      <trkpt lat="37.43386" lon="-83.76598"/>
      <trkpt lat="37.43385" lon="-83.76601"/>
      <trkpt lat="37.4333" lon="-83.76578"/>
      <trkpt lat="37.4329" lon="-83.76532"/>
      <trkpt lat="37.43281" lon="-83.76539"/>
      <trkpt lat="37.43275" lon="-83.76543"/>
      <trkpt lat="37.43269" lon="-83.76548"/>
      <trkpt lat="37.43264" lon="-83.76551"/>
      <trkpt lat="37.43259" lon="-83.76554"/>
      <trkpt lat="37.43248" lon="-83.76562"/>
      <trkpt lat="37.43242" lon="-83.76566"/>
      <trkpt lat="37.43236" lon="-83.7657"/>
      <trkpt lat="37.43224" lon="-83.76579"/>
      <trkpt lat="37.43218" lon="-83.76584"/>
      <trkpt lat="37.43213" lon="-83.7659"/>
      <trkpt lat="37.43205" lon="-83.76604"/>
      <trkpt lat="37.432" lon="-83.76611"/>
      <trkpt lat="37.43196" lon="-83.76618"/>
      <trkpt lat="37.43191" lon="-83.76625"/>
      <trkpt lat="37.43186" lon="-83.76631"/>
      <trkpt lat="37.4318" lon="-83.76637"/>
      <trkpt lat="37.43168" lon="-83.76648"/>
      <trkpt lat="37.43152" lon="-83.76664"/>
      <trkpt lat="37.43146" lon="-83.76671"/>
      <trkpt lat="37.4314" lon="-83.76678"/>
      <trkpt lat="37.43133" lon="-83.76685"/>
      <trkpt lat="37.43127" lon="-83.76694"/>
      <trkpt lat="37.43121" lon="-83.76703"/>
      <trkpt lat="37.43115" lon="-83.76713"/>
      <trkpt lat="37.43109" lon="-83.76723"/>
      <trkpt lat="37.43103" lon="-83.76734"/>
      <trkpt lat="37.43097" lon="-83.76745"/>
      <trkpt lat="37.43086" lon="-83.76766"/>
      <trkpt lat="37.4308" lon="-83.76776"/>
      <trkpt lat="37.43068" lon="-83.76798"/>
      <trkpt lat="37.43062" lon="-83.76809"/>
      <trkpt lat="37.43056" lon="-83.76821"/>
      <trkpt lat="37.4305" lon="-83.76833"/>
      <trkpt lat="37.43044" lon="-83.76846"/>
      <trkpt lat="37.43039" lon="-83.76859"/>
      <trkpt lat="37.43034" lon="-83.76871"/>
      <trkpt lat="37.4303" lon="-83.76884"/>
      <trkpt lat="37.43027" lon="-83.76897"/>
      <trkpt lat="37.43024" lon="-83.7691"/>
      <trkpt lat="37.43021" lon="-83.76922"/>
      <trkpt lat="37.43018" lon="-83.76934"/>
      <trkpt lat="37.43015" lon="-83.76946"/>
      <trkpt lat="37.43013" lon="-83.76959"/>
      <trkpt lat="37.43013" lon="-83.76971"/>
      <trkpt lat="37.43013" lon="-83.76985"/>
      <trkpt lat="37.43014" lon="-83.76998"/>
      <trkpt lat="37.43015" lon="-83.77012"/>
      <trkpt lat="37.43017" lon="-83.77025"/>
      <trkpt lat="37.4302" lon="-83.77038"/>
      <trkpt lat="37.43023" lon="-83.77048"/>
      <trkpt lat="37.43027" lon="-83.77057"/>
      <trkpt lat="37.43032" lon="-83.77065"/>
      <trkpt lat="37.43038" lon="-83.77073"/>
      <trkpt lat="37.43044" lon="-83.77082"/>
      <trkpt lat="37.43047" lon="-83.77087"/>
      <trkpt lat="37.43049" lon="-83.77092"/>
      <trkpt lat="37.43053" lon="-83.77103"/>
      <trkpt lat="37.43056" lon="-83.77114"/>
      <trkpt lat="37.43058" lon="-83.77127"/>
      <trkpt lat="37.43062" lon="-83.77153"/>
      <trkpt lat="37.43068" lon="-83.77195"/>
      <trkpt lat="37.43073" lon="-83.77222"/>
      <trkpt lat="37.43075" lon="-83.77236"/>
      <trkpt lat="37.43079" lon="-83.77264"/>
      <trkpt lat="37.43081" lon="-83.77279"/>
      <trkpt lat="37.43083" lon="-83.77295"/>
      <trkpt lat="37.43084" lon="-83.7731"/>
      <trkpt lat="37.43083" lon="-83.77326"/>
      <trkpt lat="37.43082" lon="-83.77343"/>
      <trkpt lat="37.4308" lon="-83.7736"/>
      <trkpt lat="37.43078" lon="-83.77377"/>
      <trkpt lat="37.43073" lon="-83.77411"/>
      <trkpt lat="37.43071" lon="-83.77424"/>
      <trkpt lat="37.43068" lon="-83.77439"/>
      <trkpt lat="37.43064" lon="-83.77452"/>
      <trkpt lat="37.43062" lon="-83.77458"/>
      <trkpt lat="37.4306" lon="-83.77465"/>
      <trkpt lat="37.43054" lon="-83.77478"/>
      <trkpt lat="37.43043" lon="-83.77503"/>
      <trkpt lat="37.43038" lon="-83.77515"/>
      <trkpt lat="37.43033" lon="-83.77528"/>
      <trkpt lat="37.43028" lon="-83.77544"/>
      <trkpt lat="37.43025" lon="-83.77557"/>
      <trkpt lat="37.43023" lon="-83.77572"/>
      <trkpt lat="37.43021" lon="-83.77588"/>
      <trkpt lat="37.43019" lon="-83.77605"/>
      <trkpt lat="37.43017" lon="-83.77622"/>
      <trkpt lat="37.43015" lon="-83.77638"/>
      <trkpt lat="37.4301" lon="-83.77669"/>
      <trkpt lat="37.43007" lon="-83.77685"/>
      <trkpt lat="37.43006" lon="-83.7769"/>
      <trkpt lat="37.43004" lon="-83.77699"/>
      <trkpt lat="37.43002" lon="-83.77713"/>
      <trkpt lat="37.42999" lon="-83.77726"/>
      <trkpt lat="37.42997" lon="-83.77739"/>
      <trkpt lat="37.42995" lon="-83.77764"/>
      <trkpt lat="37.42994" lon="-83.77777"/>
      <trkpt lat="37.42994" lon="-83.77791"/>
      <trkpt lat="37.42994" lon="-83.77818"/>
      <trkpt lat="37.42993" lon="-83.77831"/>
      <trkpt lat="37.42991" lon="-83.77844"/>
      <trkpt lat="37.42986" lon="-83.77857"/>
      <trkpt lat="37.42977" lon="-83.77881"/>
      <trkpt lat="37.42973" lon="-83.77892"/>
      <trkpt lat="37.42969" lon="-83.77903"/>
      <trkpt lat="37.42962" lon="-83.77921"/>
      <trkpt lat="37.42959" lon="-83.77928"/>
      <trkpt lat="37.42956" lon="-83.77937"/>
      <trkpt lat="37.42955" lon="-83.77947"/>
      <trkpt lat="37.42953" lon="-83.77959"/>
      <trkpt lat="37.42953" lon="-83.77984"/>
      <trkpt lat="37.42952" lon="-83.77998"/>
      <trkpt lat="37.42952" lon="-83.78011"/>
      <trkpt lat="37.42951" lon="-83.78024"/>
      <trkpt lat="37.42948" lon="-83.78037"/>
      <trkpt lat="37.42945" lon="-83.78049"/>
      <trkpt lat="37.4294" lon="-83.7806"/>
      <trkpt lat="37.42929" lon="-83.78081"/>
      <trkpt lat="37.42923" lon="-83.78092"/>
      <trkpt lat="37.42919" lon="-83.78105"/>
      <trkpt lat="37.42915" lon="-83.78116"/>
      <trkpt lat="37.42912" lon="-83.78127"/>
      <trkpt lat="37.4291" lon="-83.78138"/>
      <trkpt lat="37.42908" lon="-83.78147"/>
      <trkpt lat="37.42907" lon="-83.78156"/>
      <trkpt lat="37.42906" lon="-83.78172"/>
      <trkpt lat="37.42904" lon="-83.78192"/>
      <trkpt lat="37.42903" lon="-83.78199"/>
      <trkpt lat="37.42902" lon="-83.78228"/>
      <trkpt lat="37.42901" lon="-83.7824"/>
      <trkpt lat="37.42901" lon="-83.78253"/>
      <trkpt lat="37.429" lon="-83.78266"/>
      <trkpt lat="37.42899" lon="-83.7828"/>
      <trkpt lat="37.42898" lon="-83.78294"/>
      <trkpt lat="37.42897" lon="-83.7832"/>
      <trkpt lat="37.42897" lon="-83.78332"/>
      <trkpt lat="37.42897" lon="-83.78343"/>
      <trkpt lat="37.42898" lon="-83.78349"/>
      <trkpt lat="37.42898" lon="-83.78353"/>
      <trkpt lat="37.42899" lon="-83.78364"/>
      <trkpt lat="37.42902" lon="-83.78374"/>
      <trkpt lat="37.42905" lon="-83.78385"/>
      <trkpt lat="37.42909" lon="-83.78396"/>
      <trkpt lat="37.42911" lon="-83.78408"/>
      <trkpt lat="37.42912" lon="-83.7842"/>
      <trkpt lat="37.42913" lon="-83.78433"/>
      <trkpt lat="37.42913" lon="-83.78446"/>
      <trkpt lat="37.42913" lon="-83.78459"/>
      <trkpt lat="37.42913" lon="-83.78497"/>
      <trkpt lat="37.42912" lon="-83.78535"/>
      <trkpt lat="37.42911" lon="-83.78547"/>
      <trkpt lat="37.4291" lon="-83.78559"/>
      <trkpt lat="37.42907" lon="-83.78571"/>
      <trkpt lat="37.42904" lon="-83.78585"/>
      <trkpt lat="37.42901" lon="-83.78594"/>
      <trkpt lat="37.42897" lon="-83.78604"/>
      <trkpt lat="37.42895" lon="-83.78613"/>
      <trkpt lat="37.42893" lon="-83.78621"/>
      <trkpt lat="37.42888" lon="-83.78637"/>
      <trkpt lat="37.42885" lon="-83.78645"/>
      <trkpt lat="37.42881" lon="-83.78651"/>
      <trkpt lat="37.42873" lon="-83.78663"/>
      <trkpt lat="37.42867" lon="-83.7867"/>
      <trkpt lat="37.4286" lon="-83.78679"/>
      <trkpt lat="37.42844" lon="-83.78679"/>
      <trkpt lat="37.42828" lon="-83.78682"/>
      <trkpt lat="37.42813" lon="-83.78687"/>
      <trkpt lat="37.42798" lon="-83.78692"/>
      <trkpt lat="37.42783" lon="-83.78697"/>
      <trkpt lat="37.42769" lon="-83.78702"/>
      <trkpt lat="37.42754" lon="-83.78707"/>
      <trkpt lat="37.42743" lon="-83.78713"/>
      <trkpt lat="37.42732" lon="-83.78719"/>
      <trkpt lat="37.42721" lon="-83.78726"/>
      <trkpt lat="37.42711" lon="-83.78733"/>
      <trkpt lat="37.42705" lon="-83.7874"/>
      <trkpt lat="37.42697" lon="-83.78749"/>
      <trkpt lat="37.42689" lon="-83.78758"/>
      <trkpt lat="37.42684" lon="-83.78767"/>
      <trkpt lat="37.42676" lon="-83.78781"/>
      <trkpt lat="37.42566" lon="-83.78707"/>
      <trkpt lat="37.42562" lon="-83.78705"/>
      <trkpt lat="37.42556" lon="-83.78701"/>
      <trkpt lat="37.42549" lon="-83.78696"/>
      <trkpt lat="37.42543" lon="-83.78692"/>
      <trkpt lat="37.42537" lon="-83.78688"/>
      <trkpt lat="37.42524" lon="-83.78679"/>
      <trkpt lat="37.42518" lon="-83.78676"/>
      <trkpt lat="37.42511" lon="-83.78672"/>
      <trkpt lat="37.42504" lon="-83.7867"/>
      <trkpt lat="37.42497" lon="-83.78667"/>
      <trkpt lat="37.42483" lon="-83.78664"/>
      <trkpt lat="37.42468" lon="-83.78662"/>
      <trkpt lat="37.4246" lon="-83.78661"/>
      <trkpt lat="37.42452" lon="-83.7866"/>
      <trkpt lat="37.42436" lon="-83.78659"/>
      <trkpt lat="37.42427" lon="-83.78659"/>
      <trkpt lat="37.42401" lon="-83.78658"/>
      <trkpt lat="37.42383" lon="-83.78658"/>
      <trkpt lat="37.42374" lon="-83.78657"/>
      <trkpt lat="37.42347" lon="-83.78656"/>
      <trkpt lat="37.42328" lon="-83.78656"/>
      <trkpt lat="37.42309" lon="-83.78656"/>
      <trkpt lat="37.42264" lon="-83.78654"/>
      <trkpt lat="37.42207" lon="-83.78653"/>
      <trkpt lat="37.42201" lon="-83.78653"/>
      <trkpt lat="37.42193" lon="-83.78652"/>
      <trkpt lat="37.42179" lon="-83.78651"/>
      <trkpt lat="37.42166" lon="-83.78649"/>
      <trkpt lat="37.42153" lon="-83.78645"/>
      <trkpt lat="37.42139" lon="-83.7864"/>
      <trkpt lat="37.42126" lon="-83.78633"/>
      <trkpt lat="37.42112" lon="-83.78625"/>
      <trkpt lat="37.42099" lon="-83.78616"/>
      <trkpt lat="37.42085" lon="-83.78607"/>
      <trkpt lat="37.42044" lon="-83.78575"/>
      <trkpt lat="37.4203" lon="-83.78564"/>
      <trkpt lat="37.42023" lon="-83.78559"/>
      <trkpt lat="37.42003" lon="-83.78543"/>
      <trkpt lat="37.41988" lon="-83.78532"/>
      <trkpt lat="37.41975" lon="-83.78523"/>
      <trkpt lat="37.41968" lon="-83.78518"/>
      <trkpt lat="37.41961" lon="-83.78514"/>
      <trkpt lat="37.41954" lon="-83.7851"/>
      <trkpt lat="37.41947" lon="-83.78506"/>
      <trkpt lat="37.41939" lon="-83.78503"/>
      <trkpt lat="37.41932" lon="-83.78501"/>
      <trkpt lat="37.41924" lon="-83.78499"/>
      <trkpt lat="37.41916" lon="-83.78498"/>
      <trkpt lat="37.41908" lon="-83.78498"/>
      <trkpt lat="37.419" lon="-83.78498"/>
      <trkpt lat="37.41884" lon="-83.78499"/>
      <trkpt lat="37.41869" lon="-83.78502"/>
      <trkpt lat="37.41854" lon="-83.78504"/>
      <trkpt lat="37.41847" lon="-83.78505"/>
      <trkpt lat="37.4184" lon="-83.78506"/>
      <trkpt lat="37.41827" lon="-83.78507"/>
      <trkpt lat="37.4182" lon="-83.78507"/>
      <trkpt lat="37.41813" lon="-83.78506"/>
      <trkpt lat="37.418" lon="-83.78502"/>
      <trkpt lat="37.41785" lon="-83.78497"/>
      <trkpt lat="37.41762" lon="-83.78487"/>
      <trkpt lat="37.41754" lon="-83.78483"/>
      <trkpt lat="37.41705" lon="-83.78462"/>
      <trkpt lat="37.41689" lon="-83.78454"/>
      <trkpt lat="37.41664" lon="-83.78443"/>
      <trkpt lat="37.41632" lon="-83.7843"/>
      <trkpt lat="37.4161" lon="-83.78421"/>
      <trkpt lat="37.41596" lon="-83.78416"/>
      <trkpt lat="37.4157" lon="-83.78406"/>
      <trkpt lat="37.41558" lon="-83.78401"/>
      <trkpt lat="37.41546" lon="-83.78398"/>
      <trkpt lat="37.41534" lon="-83.78394"/>
      <trkpt lat="37.41523" lon="-83.78392"/>
      <trkpt lat="37.41512" lon="-83.78391"/>
      <trkpt lat="37.41502" lon="-83.78391"/>
      <trkpt lat="37.41494" lon="-83.78392"/>
      <trkpt lat="37.41487" lon="-83.78391"/>
      <trkpt lat="37.41463" lon="-83.78416"/>
      <trkpt lat="37.41442" lon="-83.78438"/>
      <trkpt lat="37.41421" lon="-83.7846"/>
      <trkpt lat="37.41416" lon="-83.78464"/>
      <trkpt lat="37.41398" lon="-83.7848"/>
      <trkpt lat="37.41372" lon="-83.78489"/>
      <trkpt lat="37.41345" lon="-83.78496"/>
      <trkpt lat="37.41318" lon="-83.78503"/>
      <trkpt lat="37.41291" lon="-83.78509"/>
      <trkpt lat="37.4121" lon="-83.78528"/>
      <trkpt lat="37.41156" lon="-83.78541"/>
      <trkpt lat="37.41129" lon="-83.78548"/>
      <trkpt lat="37.41102" lon="-83.78555"/>
      <trkpt lat="37.41075" lon="-83.78563"/>
      <trkpt lat="37.41049" lon="-83.78573"/>
      <trkpt lat="37.41029" lon="-83.78583"/>
      <trkpt lat="37.41024" lon="-83.78586"/>
      <trkpt lat="37.40974" lon="-83.78614"/>
      <trkpt lat="37.40949" lon="-83.78629"/>
      <trkpt lat="37.40924" lon="-83.78643"/>
      <trkpt lat="37.40899" lon="-83.78658"/>
      <trkpt lat="37.40874" lon="-83.78674"/>
      <trkpt lat="37.4085" lon="-83.78689"/>
      <trkpt lat="37.40825" lon="-83.78705"/>
      <trkpt lat="37.40802" lon="-83.78722"/>
      <trkpt lat="37.40778" lon="-83.78739"/>
      <trkpt lat="37.40754" lon="-83.78757"/>
      <trkpt lat="37.40731" lon="-83.78775"/>
      <trkpt lat="37.40707" lon="-83.78793"/>
      <trkpt lat="37.40684" lon="-83.78811"/>
      <trkpt lat="37.40661" lon="-83.78829"/>
      <trkpt lat="37.40637" lon="-83.78846"/>
      <trkpt lat="37.40612" lon="-83.78862"/>
      <trkpt lat="37.40587" lon="-83.78875"/>
      <trkpt lat="37.40535" lon="-83.78897"/>
      <trkpt lat="37.40431" lon="-83.7894"/>
      <trkpt lat="37.40352" lon="-83.78972"/>
      <trkpt lat="37.40248" lon="-83.79014"/>
      <trkpt lat="37.40143" lon="-83.79056"/>
      <trkpt lat="37.40074" lon="-83.79084"/>
      <trkpt lat="37.40038" lon="-83.79098"/>
      <trkpt lat="37.3996" lon="-83.79129"/>
      <trkpt lat="37.39881" lon="-83.79159"/>
      <trkpt lat="37.39855" lon="-83.79169"/>
      <trkpt lat="37.39828" lon="-83.79179"/>
      <trkpt lat="37.39802" lon="-83.79189"/>
      <trkpt lat="37.39775" lon="-83.79198"/>
      <trkpt lat="37.39749" lon="-83.79207"/>
      <trkpt lat="37.39722" lon="-83.79217"/>
      <trkpt lat="37.39696" lon="-83.79225"/>
      <trkpt lat="37.39669" lon="-83.79234"/>
      <trkpt lat="37.39643" lon="-83.79243"/>
      <trkpt lat="37.39616" lon="-83.7925"/>
      <trkpt lat="37.3959" lon="-83.79257"/>
      <trkpt lat="37.39535" lon="-83.7927"/>
      <trkpt lat="37.39481" lon="-83.79282"/>
      <trkpt lat="37.39454" lon="-83.79286"/>
      <trkpt lat="37.39426" lon="-83.79287"/>
      <trkpt lat="37.39399" lon="-83.79283"/>
      <trkpt lat="37.39372" lon="-83.79275"/>
      <trkpt lat="37.39345" lon="-83.79266"/>
      <trkpt lat="37.39319" lon="-83.79258"/>
      <trkpt lat="37.39292" lon="-83.79253"/>
      <trkpt lat="37.39265" lon="-83.79251"/>
      <trkpt lat="37.39237" lon="-83.79251"/>
      <trkpt lat="37.3921" lon="-83.79253"/>
      <trkpt lat="37.39182" lon="-83.79255"/>
      <trkpt lat="37.39154" lon="-83.79256"/>
      <trkpt lat="37.39127" lon="-83.79255"/>
      <trkpt lat="37.39099" lon="-83.79252"/>
      <trkpt lat="37.39073" lon="-83.79243"/>
      <trkpt lat="37.39048" lon="-83.79231"/>
      <trkpt lat="37.39022" lon="-83.79218"/>
      <trkpt lat="37.38997" lon="-83.79204"/>
      <trkpt lat="37.38972" lon="-83.7919"/>
      <trkpt lat="37.38947" lon="-83.79175"/>
      <trkpt lat="37.3894" lon="-83.79171"/>
      <trkpt lat="37.38897" lon="-83.79146"/>
      <trkpt lat="37.38847" lon="-83.79116"/>
      <trkpt lat="37.38823" lon="-83.79101"/>
      <trkpt lat="37.38802" lon="-83.79079"/>
      <trkpt lat="37.38783" lon="-83.79054"/>
      <trkpt lat="37.38764" lon="-83.79029"/>
      <trkpt lat="37.38742" lon="-83.79008"/>
      <trkpt lat="37.3872" lon="-83.78988"/>
      <trkpt lat="37.38696" lon="-83.78971"/>
      <trkpt lat="37.38674" lon="-83.78954"/>
      <trkpt lat="37.38655" lon="-83.78939"/>
      <trkpt lat="37.38646" lon="-83.78932"/>
      <trkpt lat="37.38629" lon="-83.78918"/>
      <trkpt lat="37.38617" lon="-83.78907"/>
      <trkpt lat="37.38605" lon="-83.78896"/>
      <trkpt lat="37.38595" lon="-83.78883"/>
      <trkpt lat="37.38585" lon="-83.78869"/>
      <trkpt lat="37.38582" lon="-83.78864"/>
      <trkpt lat="37.38577" lon="-83.78855"/>
      <trkpt lat="37.38574" lon="-83.7885"/>
      <trkpt lat="37.3857" lon="-83.7884"/>
      <trkpt lat="37.38568" lon="-83.78834"/>
      <trkpt lat="37.38566" lon="-83.78829"/>
      <trkpt lat="37.38564" lon="-83.78824"/>
      <trkpt lat="37.3856" lon="-83.78813"/>
      <trkpt lat="37.38557" lon="-83.78801"/>
      <trkpt lat="37.38552" lon="-83.78776"/>
      <trkpt lat="37.38548" lon="-83.78757"/>
      <trkpt lat="37.38539" lon="-83.78716"/>
      <trkpt lat="37.38528" lon="-83.78669"/>
      <trkpt lat="37.38524" lon="-83.78649"/>
      <trkpt lat="37.3852" lon="-83.78637"/>
      <trkpt lat="37.38518" lon="-83.7863"/>
      <trkpt lat="37.38513" lon="-83.78612"/>
      <trkpt lat="37.38506" lon="-83.78593"/>
      <trkpt lat="37.38504" lon="-83.78588"/>
      <trkpt lat="37.38492" lon="-83.78558"/>
      <trkpt lat="37.38489" lon="-83.78552"/>
      <trkpt lat="37.38481" lon="-83.78533"/>
      <trkpt lat="37.38475" lon="-83.78521"/>
      <trkpt lat="37.38471" lon="-83.78515"/>
      <trkpt lat="37.38462" lon="-83.78497"/>
      <trkpt lat="37.38455" lon="-83.78485"/>
      <trkpt lat="37.38451" lon="-83.78479"/>
      <trkpt lat="37.38444" lon="-83.78467"/>
      <trkpt lat="37.3844" lon="-83.78461"/>
      <trkpt lat="37.38437" lon="-83.78455"/>
      <trkpt lat="37.38433" lon="-83.78449"/>
      <trkpt lat="37.38425" lon="-83.78438"/>
      <trkpt lat="37.38406" lon="-83.7841"/>
      <trkpt lat="37.38387" lon="-83.78382"/>
      <trkpt lat="37.38375" lon="-83.78367"/>
      <trkpt lat="37.38368" lon="-83.78359"/>
      <trkpt lat="37.38357" lon="-83.78345"/>
      <trkpt lat="37.3835" lon="-83.78336"/>
      <trkpt lat="37.38339" lon="-83.78323"/>
      <trkpt lat="37.38328" lon="-83.78312"/>
      <trkpt lat="37.38323" lon="-83.78307"/>
      <trkpt lat="37.38318" lon="-83.78302"/>
      <trkpt lat="37.38309" lon="-83.78294"/>
      <trkpt lat="37.38304" lon="-83.7829"/>
      <trkpt lat="37.38299" lon="-83.78287"/>
      <trkpt lat="37.38295" lon="-83.78284"/>
      <trkpt lat="37.38291" lon="-83.78281"/>
      <trkpt lat="37.38287" lon="-83.78279"/>
      <trkpt lat="37.38274" lon="-83.78272"/>
      <trkpt lat="37.38266" lon="-83.78267"/>
      <trkpt lat="37.38256" lon="-83.78263"/>
      <trkpt lat="37.38245" lon="-83.78259"/>
      <trkpt lat="37.3824" lon="-83.78257"/>
      <trkpt lat="37.38156" lon="-83.78229"/>
      <trkpt lat="37.38145" lon="-83.78225"/>
      <trkpt lat="37.3814" lon="-83.78222"/>
      <trkpt lat="37.3813" lon="-83.78217"/>
      <trkpt lat="37.38115" lon="-83.78209"/>
      <trkpt lat="37.38105" lon="-83.78202"/>
      <trkpt lat="37.38101" lon="-83.78199"/>
      <trkpt lat="37.38093" lon="-83.78193"/>
      <trkpt lat="37.3809" lon="-83.78189"/>
      <trkpt lat="37.38082" lon="-83.78182"/>
      <trkpt lat="37.38075" lon="-83.78173"/>
      <trkpt lat="37.38071" lon="-83.78169"/>
      <trkpt lat="37.38061" lon="-83.78155"/>
      <trkpt lat="37.38039" lon="-83.78125"/>
      <trkpt lat="37.38036" lon="-83.7812"/>
      <trkpt lat="37.38032" lon="-83.78115"/>
      <trkpt lat="37.38009" lon="-83.78083"/>
      <trkpt lat="37.38006" lon="-83.78078"/>
      <trkpt lat="37.37984" lon="-83.78048"/>
      <trkpt lat="37.37977" lon="-83.78037"/>
      <trkpt lat="37.37969" lon="-83.78027"/>
      <trkpt lat="37.37957" lon="-83.78012"/>
      <trkpt lat="37.37951" lon="-83.78004"/>
      <trkpt lat="37.37945" lon="-83.77998"/>
      <trkpt lat="37.37937" lon="-83.77989"/>
      <trkpt lat="37.37929" lon="-83.77981"/>
      <trkpt lat="37.37921" lon="-83.77973"/>
      <trkpt lat="37.37909" lon="-83.77961"/>
      <trkpt lat="37.37882" lon="-83.77937"/>
      <trkpt lat="37.37867" lon="-83.77924"/>
      <trkpt lat="37.37844" lon="-83.77903"/>
      <trkpt lat="37.3782" lon="-83.77882"/>
      <trkpt lat="37.37811" lon="-83.77874"/>
      <trkpt lat="37.37797" lon="-83.77862"/>
      <trkpt lat="37.37784" lon="-83.77849"/>
      <trkpt lat="37.37769" lon="-83.77837"/>
      <trkpt lat="37.37756" lon="-83.77825"/>
      <trkpt lat="37.37748" lon="-83.77817"/>
      <trkpt lat="37.37735" lon="-83.77804"/>
      <trkpt lat="37.37727" lon="-83.77796"/>
      <trkpt lat="37.37723" lon="-83.77791"/>
      <trkpt lat="37.37719" lon="-83.77787"/>
      <trkpt lat="37.37715" lon="-83.77782"/>
      <trkpt lat="37.37708" lon="-83.77773"/>
      <trkpt lat="37.37704" lon="-83.77768"/>
      <trkpt lat="37.37694" lon="-83.77753"/>
      <trkpt lat="37.37687" lon="-83.77742"/>
      <trkpt lat="37.37667" lon="-83.77708"/>
      <trkpt lat="37.37653" lon="-83.77683"/>
      <trkpt lat="37.37646" lon="-83.77671"/>
      <trkpt lat="37.37643" lon="-83.77665"/>
      <trkpt lat="37.37632" lon="-83.77647"/>
      <trkpt lat="37.37625" lon="-83.77635"/>
      <trkpt lat="37.3762" lon="-83.77627"/>
      <trkpt lat="37.37618" lon="-83.77624"/>
      <trkpt lat="37.3761" lon="-83.77613"/>
      <trkpt lat="37.37606" lon="-83.77608"/>
      <trkpt lat="37.37603" lon="-83.77603"/>
      <trkpt lat="37.37595" lon="-83.77593"/>
      <trkpt lat="37.37591" lon="-83.77588"/>
      <trkpt lat="37.37587" lon="-83.77583"/>
      <trkpt lat="37.37582" lon="-83.77578"/>
      <trkpt lat="37.37578" lon="-83.77573"/>
      <trkpt lat="37.37566" lon="-83.7756"/>
      <trkpt lat="37.37554" lon="-83.77547"/>
      <trkpt lat="37.37541" lon="-83.77534"/>
      <trkpt lat="37.37527" lon="-83.77521"/>
      <trkpt lat="37.37517" lon="-83.77512"/>
      <trkpt lat="37.37513" lon="-83.77508"/>
      <trkpt lat="37.37493" lon="-83.77491"/>
      <trkpt lat="37.37482" lon="-83.77481"/>
      <trkpt lat="37.37466" lon="-83.77466"/>
      <trkpt lat="37.37458" lon="-83.77459"/>
      <trkpt lat="37.37454" lon="-83.77455"/>
      <trkpt lat="37.37446" lon="-83.77448"/>
      <trkpt lat="37.37422" lon="-83.77426"/>
      <trkpt lat="37.3741" lon="-83.77415"/>
      <trkpt lat="37.37383" lon="-83.77388"/>
      <trkpt lat="37.37375" lon="-83.77381"/>
      <trkpt lat="37.37371" lon="-83.77377"/>
      <trkpt lat="37.37368" lon="-83.77374"/>
      <trkpt lat="37.37356" lon="-83.77364"/>
      <trkpt lat="37.37346" lon="-83.77356"/>
      <trkpt lat="37.37336" lon="-83.77347"/>
      <trkpt lat="37.37321" lon="-83.77336"/>
      <trkpt lat="37.37316" lon="-83.77333"/>
      <trkpt lat="37.37306" lon="-83.77326"/>
      <trkpt lat="37.37296" lon="-83.7732"/>
      <trkpt lat="37.37292" lon="-83.77317"/>
      <trkpt lat="37.37282" lon="-83.77312"/>
      <trkpt lat="37.37272" lon="-83.77307"/>
      <trkpt lat="37.37267" lon="-83.77305"/>
      <trkpt lat="37.37252" lon="-83.77299"/>
      <trkpt lat="37.37237" lon="-83.77293"/>
      <trkpt lat="37.37226" lon="-83.7729"/>
      <trkpt lat="37.37221" lon="-83.77288"/>
      <trkpt lat="37.37216" lon="-83.77286"/>
      <trkpt lat="37.37211" lon="-83.77284"/>
      <trkpt lat="37.37163" lon="-83.77266"/>
      <trkpt lat="37.37152" lon="-83.77262"/>
      <trkpt lat="37.3713" lon="-83.77254"/>
      <trkpt lat="37.37093" lon="-83.7724"/>
      <trkpt lat="37.37082" lon="-83.77235"/>
      <trkpt lat="37.37072" lon="-83.7723"/>
      <trkpt lat="37.37061" lon="-83.77224"/>
      <trkpt lat="37.3705" lon="-83.77219"/>
      <trkpt lat="37.3704" lon="-83.77213"/>
      <trkpt lat="37.3703" lon="-83.77208"/>
      <trkpt lat="37.37024" lon="-83.77205"/>
      <trkpt lat="37.37018" lon="-83.77217"/>
      <trkpt lat="37.37016" lon="-83.77224"/>
      <trkpt lat="37.37013" lon="-83.7723"/>
      <trkpt lat="37.37009" lon="-83.77238"/>
      <trkpt lat="37.37005" lon="-83.77246"/>
      <trkpt lat="37.37001" lon="-83.77255"/>
      <trkpt lat="37.36998" lon="-83.77263"/>
      <trkpt lat="37.36995" lon="-83.77272"/>
      <trkpt lat="37.36994" lon="-83.77281"/>
      <trkpt lat="37.36992" lon="-83.77291"/>
      <trkpt lat="37.36988" lon="-83.77327"/>
      <trkpt lat="37.36986" lon="-83.77341"/>
      <trkpt lat="37.36979" lon="-83.77412"/>
      <trkpt lat="37.36979" lon="-83.7743"/>
      <trkpt lat="37.36979" lon="-83.7744"/>
      <trkpt lat="37.3698" lon="-83.77455"/>
      <trkpt lat="37.3698" lon="-83.7747"/>
      <trkpt lat="37.36984" lon="-83.77535"/>
      <trkpt lat="37.36986" lon="-83.77568"/>
      <trkpt lat="37.36986" lon="-83.77583"/>
      <trkpt lat="37.36988" lon="-83.77613"/>
      <trkpt lat="37.36989" lon="-83.77627"/>
      <trkpt lat="37.3699" lon="-83.77639"/>
      <trkpt lat="37.36991" lon="-83.77651"/>
      <trkpt lat="37.36993" lon="-83.77663"/>
      <trkpt lat="37.36995" lon="-83.77674"/>
      <trkpt lat="37.36999" lon="-83.77699"/>
      <trkpt lat="37.37" lon="-83.77712"/>
      <trkpt lat="37.37003" lon="-83.77739"/>
      <trkpt lat="37.37005" lon="-83.77752"/>
      <trkpt lat="37.37008" lon="-83.77765"/>
      <trkpt lat="37.3701" lon="-83.77778"/>
      <trkpt lat="37.37013" lon="-83.77791"/>
      <trkpt lat="37.37017" lon="-83.77803"/>
      <trkpt lat="37.37021" lon="-83.77816"/>
      <trkpt lat="37.37026" lon="-83.77828"/>
      <trkpt lat="37.37031" lon="-83.7784"/>
      <trkpt lat="37.37035" lon="-83.77853"/>
      <trkpt lat="37.37039" lon="-83.77866"/>
      <trkpt lat="37.37043" lon="-83.7788"/>
      <trkpt lat="37.37046" lon="-83.77895"/>
      <trkpt lat="37.37049" lon="-83.77909"/>
      <trkpt lat="37.37051" lon="-83.77924"/>
      <trkpt lat="37.37053" lon="-83.77939"/>
      <trkpt lat="37.37054" lon="-83.77954"/>
      <trkpt lat="37.37057" lon="-83.77997"/>
      <trkpt lat="37.37058" lon="-83.78012"/>
      <trkpt lat="37.37059" lon="-83.78026"/>
      <trkpt lat="37.3706" lon="-83.7804"/>
      <trkpt lat="37.3706" lon="-83.7807"/>
      <trkpt lat="37.3706" lon="-83.78084"/>
      <trkpt lat="37.37061" lon="-83.78099"/>
      <trkpt lat="37.37063" lon="-83.78114"/>
      <trkpt lat="37.37065" lon="-83.78129"/>
      <trkpt lat="37.37067" lon="-83.78144"/>
      <trkpt lat="37.3707" lon="-83.78159"/>
      <trkpt lat="37.37074" lon="-83.78173"/>
      <trkpt lat="37.37077" lon="-83.78189"/>
      <trkpt lat="37.37081" lon="-83.78204"/>
      <trkpt lat="37.37086" lon="-83.78218"/>
      <trkpt lat="37.37089" lon="-83.78233"/>
      <trkpt lat="37.37098" lon="-83.78266"/>
      <trkpt lat="37.37107" lon="-83.78301"/>
      <trkpt lat="37.37114" lon="-83.78327"/>
      <trkpt lat="37.37117" lon="-83.78341"/>
      <trkpt lat="37.37121" lon="-83.78355"/>
      <trkpt lat="37.37124" lon="-83.7837"/>
      <trkpt lat="37.37126" lon="-83.78383"/>
      <trkpt lat="37.37129" lon="-83.78402"/>
      <trkpt lat="37.37129" lon="-83.78418"/>
      <trkpt lat="37.37127" lon="-83.78451"/>
      <trkpt lat="37.37127" lon="-83.78468"/>
      <trkpt lat="37.37129" lon="-83.78522"/>
      <trkpt lat="37.37129" lon="-83.78539"/>
      <trkpt lat="37.37129" lon="-83.78557"/>
      <trkpt lat="37.37129" lon="-83.78575"/>
      <trkpt lat="37.37128" lon="-83.78592"/>
      <trkpt lat="37.37128" lon="-83.78609"/>
      <trkpt lat="37.37126" lon="-83.78625"/>
      <trkpt lat="37.37125" lon="-83.78639"/>
      <trkpt lat="37.37122" lon="-83.78653"/>
      <trkpt lat="37.37121" lon="-83.78668"/>
      <trkpt lat="37.37118" lon="-83.78697"/>
      <trkpt lat="37.37117" lon="-83.78713"/>
      <trkpt lat="37.37116" lon="-83.78745"/>
      <trkpt lat="37.37114" lon="-83.78762"/>
      <trkpt lat="37.37111" lon="-83.78779"/>
      <trkpt lat="37.37108" lon="-83.78796"/>
      <trkpt lat="37.37106" lon="-83.78812"/>
      <trkpt lat="37.37103" lon="-83.78828"/>
      <trkpt lat="37.37102" lon="-83.78844"/>
      <trkpt lat="37.37099" lon="-83.78876"/>
      <trkpt lat="37.37097" lon="-83.78893"/>
      <trkpt lat="37.37093" lon="-83.78911"/>
      <trkpt lat="37.37088" lon="-83.78929"/>
      <trkpt lat="37.37084" lon="-83.78947"/>
      <trkpt lat="37.37079" lon="-83.78965"/>
      <trkpt lat="37.37073" lon="-83.78983"/>
      <trkpt lat="37.37069" lon="-83.79003"/>
      <trkpt lat="37.37064" lon="-83.79022"/>
      <trkpt lat="37.3706" lon="-83.7904"/>
      <trkpt lat="37.37055" lon="-83.79059"/>
      <trkpt lat="37.37051" lon="-83.79077"/>
      <trkpt lat="37.37041" lon="-83.79131"/>
      <trkpt lat="37.37034" lon="-83.79163"/>
      <trkpt lat="37.37033" lon="-83.79169"/>
      <trkpt lat="37.37031" lon="-83.79178"/>
      <trkpt lat="37.37029" lon="-83.79194"/>
      <trkpt lat="37.37027" lon="-83.79208"/>
      <trkpt lat="37.37025" lon="-83.79223"/>
      <trkpt lat="37.37023" lon="-83.79229"/>
      <trkpt lat="37.37021" lon="-83.79236"/>
      <trkpt lat="37.37016" lon="-83.79249"/>
      <trkpt lat="37.3701" lon="-83.79261"/>
      <trkpt lat="37.37004" lon="-83.79274"/>
      <trkpt lat="37.36985" lon="-83.79311"/>
      <trkpt lat="37.36979" lon="-83.79324"/>
      <trkpt lat="37.36966" lon="-83.7935"/>
      <trkpt lat="37.36959" lon="-83.79363"/>
      <trkpt lat="37.36954" lon="-83.79377"/>
      <trkpt lat="37.36949" lon="-83.79391"/>
      <trkpt lat="37.36945" lon="-83.79405"/>
      <trkpt lat="37.36942" lon="-83.79421"/>
      <trkpt lat="37.36939" lon="-83.79438"/>
      <trkpt lat="37.36936" lon="-83.79454"/>
      <trkpt lat="37.36933" lon="-83.7947"/>
      <trkpt lat="37.36929" lon="-83.79484"/>
      <trkpt lat="37.36926" lon="-83.79498"/>
      <trkpt lat="37.36922" lon="-83.79511"/>
      <trkpt lat="37.36918" lon="-83.79523"/>
      <trkpt lat="37.36911" lon="-83.79534"/>
      <trkpt lat="37.36903" lon="-83.79545"/>
      <trkpt lat="37.36894" lon="-83.79555"/>
      <trkpt lat="37.36885" lon="-83.79566"/>
      <trkpt lat="37.36876" lon="-83.79578"/>
      <trkpt lat="37.36867" lon="-83.7959"/>
      <trkpt lat="37.36859" lon="-83.79601"/>
      <trkpt lat="37.36843" lon="-83.79619"/>
      <trkpt lat="37.36836" lon="-83.79628"/>
      <trkpt lat="37.3683" lon="-83.79638"/>
      <trkpt lat="37.36824" lon="-83.79649"/>
      <trkpt lat="37.3682" lon="-83.79661"/>
      <trkpt lat="37.36817" lon="-83.79672"/>
      <trkpt lat="37.36814" lon="-83.79685"/>
      <trkpt lat="37.36813" lon="-83.79697"/>
      <trkpt lat="37.36812" lon="-83.79709"/>
      <trkpt lat="37.36812" lon="-83.79719"/>
      <trkpt lat="37.36814" lon="-83.79729"/>
      <trkpt lat="37.36816" lon="-83.79738"/>
      <trkpt lat="37.3682" lon="-83.79746"/>
      <trkpt lat="37.36825" lon="-83.79752"/>
      <trkpt lat="37.36831" lon="-83.79757"/>
      <trkpt lat="37.36845" lon="-83.79765"/>
      <trkpt lat="37.36851" lon="-83.7977"/>
      <trkpt lat="37.36856" lon="-83.79777"/>
      <trkpt lat="37.36859" lon="-83.79785"/>
      <trkpt lat="37.3686" lon="-83.79795"/>
      <trkpt lat="37.36859" lon="-83.79805"/>
      <trkpt lat="37.36857" lon="-83.79816"/>
      <trkpt lat="37.36855" lon="-83.79826"/>
      <trkpt lat="37.36853" lon="-83.79836"/>
      <trkpt lat="37.36851" lon="-83.79847"/>
      <trkpt lat="37.36849" lon="-83.79859"/>
      <trkpt lat="37.36847" lon="-83.7987"/>
      <trkpt lat="37.36846" lon="-83.79882"/>
      <trkpt lat="37.36845" lon="-83.79894"/>
      <trkpt lat="37.36845" lon="-83.79905"/>
      <trkpt lat="37.36845" lon="-83.79923"/>
      <trkpt lat="37.36845" lon="-83.79951"/>
      <trkpt lat="37.36846" lon="-83.79963"/>
      <trkpt lat="37.36846" lon="-83.79978"/>
      <trkpt lat="37.36847" lon="-83.79993"/>
      <trkpt lat="37.36846" lon="-83.80008"/>
      <trkpt lat="37.36845" lon="-83.80034"/>
      <trkpt lat="37.36845" lon="-83.80052"/>
      <trkpt lat="37.36844" lon="-83.80068"/>
      <trkpt lat="37.36844" lon="-83.80078"/>
      <trkpt lat="37.36845" lon="-83.80088"/>
      <trkpt lat="37.36846" lon="-83.801"/>
      <trkpt lat="37.36847" lon="-83.80113"/>
      <trkpt lat="37.3685" lon="-83.80126"/>
      <trkpt lat="37.36854" lon="-83.80139"/>
      <trkpt lat="37.36858" lon="-83.80152"/>
      <trkpt lat="37.36862" lon="-83.80163"/>
      <trkpt lat="37.36867" lon="-83.80177"/>
      <trkpt lat="37.36871" lon="-83.8019"/>
      <trkpt lat="37.36874" lon="-83.80203"/>
      <trkpt lat="37.36877" lon="-83.80215"/>
      <trkpt lat="37.36881" lon="-83.80226"/>
      <trkpt lat="37.36886" lon="-83.80237"/>
      <trkpt lat="37.36891" lon="-83.80248"/>
      <trkpt lat="37.36895" lon="-83.8026"/>
      <trkpt lat="37.36896" lon="-83.80272"/>
      <trkpt lat="37.36896" lon="-83.80284"/>
      <trkpt lat="37.36895" lon="-83.80295"/>
      <trkpt lat="37.36896" lon="-83.80307"/>
      <trkpt lat="37.36897" lon="-83.8032"/>
      <trkpt lat="37.36899" lon="-83.80333"/>
      <trkpt lat="37.36903" lon="-83.80347"/>
      <trkpt lat="37.36906" lon="-83.80355"/>
      <trkpt lat="37.36908" lon="-83.8036"/>
      <trkpt lat="37.36914" lon="-83.80373"/>
      <trkpt lat="37.3692" lon="-83.80385"/>
      <trkpt lat="37.36927" lon="-83.80395"/>
      <trkpt lat="37.36935" lon="-83.80404"/>
      <trkpt lat="37.36945" lon="-83.80412"/>
      <trkpt lat="37.36953" lon="-83.80421"/>
      <trkpt lat="37.36961" lon="-83.80432"/>
      <trkpt lat="37.36968" lon="-83.80443"/>
      <trkpt lat="37.36974" lon="-83.80456"/>
      <trkpt lat="37.3698" lon="-83.8047"/>
      <trkpt lat="37.36992" lon="-83.80497"/>
      <trkpt lat="37.36995" lon="-83.80503"/>
      <trkpt lat="37.37005" lon="-83.80525"/>
      <trkpt lat="37.37012" lon="-83.8054"/>
      <trkpt lat="37.37019" lon="-83.80555"/>
      <trkpt lat="37.37025" lon="-83.80571"/>
      <trkpt lat="37.37041" lon="-83.80615"/>
      <trkpt lat="37.37046" lon="-83.80628"/>
      <trkpt lat="37.37051" lon="-83.80641"/>
      <trkpt lat="37.37057" lon="-83.80655"/>
      <trkpt lat="37.37064" lon="-83.80669"/>
      <trkpt lat="37.37069" lon="-83.80685"/>
      <trkpt lat="37.37073" lon="-83.80701"/>
      <trkpt lat="37.37077" lon="-83.80717"/>
      <trkpt lat="37.37081" lon="-83.80732"/>
      <trkpt lat="37.37085" lon="-83.80746"/>
      <trkpt lat="37.37089" lon="-83.80759"/>
      <trkpt lat="37.37093" lon="-83.80772"/>
      <trkpt lat="37.37097" lon="-83.80785"/>
      <trkpt lat="37.37102" lon="-83.80797"/>
      <trkpt lat="37.37109" lon="-83.80809"/>
      <trkpt lat="37.37116" lon="-83.80821"/>
      <trkpt lat="37.37125" lon="-83.80833"/>
      <trkpt lat="37.37145" lon="-83.80859"/>
      <trkpt lat="37.37155" lon="-83.80872"/>
      <trkpt lat="37.37177" lon="-83.80899"/>
      <trkpt lat="37.37188" lon="-83.80912"/>
      <trkpt lat="37.37198" lon="-83.80924"/>
      <trkpt lat="37.37208" lon="-83.80936"/>
      <trkpt lat="37.37217" lon="-83.80949"/>
      <trkpt lat="37.37224" lon="-83.80963"/>
      <trkpt lat="37.37233" lon="-83.80976"/>
      <trkpt lat="37.37242" lon="-83.80988"/>
      <trkpt lat="37.37251" lon="-83.81"/>
      <trkpt lat="37.3726" lon="-83.81011"/>
      <trkpt lat="37.37268" lon="-83.81022"/>
      <trkpt lat="37.37276" lon="-83.81033"/>
      <trkpt lat="37.37282" lon="-83.81046"/>
      <trkpt lat="37.37287" lon="-83.81058"/>
      <trkpt lat="37.37292" lon="-83.81078"/>
      <trkpt lat="37.37296" lon="-83.81156"/>
      <trkpt lat="37.37296" lon="-83.8117"/>
      <trkpt lat="37.37291" lon="-83.81215"/>
      <trkpt lat="37.37286" lon="-83.81243"/>
      <trkpt lat="37.37282" lon="-83.8126"/>
      <trkpt lat="37.37277" lon="-83.81279"/>
      <trkpt lat="37.3727" lon="-83.813"/>
      <trkpt lat="37.37259" lon="-83.81329"/>
      <trkpt lat="37.37255" lon="-83.8134"/>
      <trkpt lat="37.37252" lon="-83.81354"/>
      <trkpt lat="37.3725" lon="-83.81365"/>
      <trkpt lat="37.3725" lon="-83.81376"/>
      <trkpt lat="37.37259" lon="-83.81444"/>
      <trkpt lat="37.3726" lon="-83.81471"/>
      <trkpt lat="37.37261" lon="-83.81478"/>
      <trkpt lat="37.37256" lon="-83.81532"/>
      <trkpt lat="37.37255" lon="-83.81548"/>
      <trkpt lat="37.37256" lon="-83.81559"/>
      <trkpt lat="37.37258" lon="-83.81583"/>
      <trkpt lat="37.37266" lon="-83.81664"/>
      <trkpt lat="37.37267" lon="-83.81684"/>
      <trkpt lat="37.37267" lon="-83.81699"/>
      <trkpt lat="37.37267" lon="-83.81703"/>
      <trkpt lat="37.37267" lon="-83.81738"/>
      <trkpt lat="37.37265" lon="-83.81755"/>
      <trkpt lat="37.37243" lon="-83.81899"/>
      <trkpt lat="37.37239" lon="-83.81917"/>
      <trkpt lat="37.37233" lon="-83.81936"/>
      <trkpt lat="37.37217" lon="-83.81973"/>
      <trkpt lat="37.37208" lon="-83.82"/>
      <trkpt lat="37.37203" lon="-83.82019"/>
      <trkpt lat="37.372" lon="-83.82039"/>
      <trkpt lat="37.37198" lon="-83.82062"/>
      <trkpt lat="37.37197" lon="-83.82086"/>
      <trkpt lat="37.37198" lon="-83.82125"/>
      <trkpt lat="37.372" lon="-83.8215"/>
      <trkpt lat="37.37208" lon="-83.82215"/>
      <trkpt lat="37.3721" lon="-83.82237"/>
      <trkpt lat="37.3721" lon="-83.8226"/>
      <trkpt lat="37.37205" lon="-83.8233"/>
      <trkpt lat="37.372" lon="-83.82382"/>
      <trkpt lat="37.37197" lon="-83.82437"/>
      <trkpt lat="37.37195" lon="-83.8245"/>
      <trkpt lat="37.37185" lon="-83.82499"/>
      <trkpt lat="37.37181" lon="-83.82512"/>
      <trkpt lat="37.37174" lon="-83.82527"/>
      <trkpt lat="37.3716" lon="-83.82555"/>
      <trkpt lat="37.37142" lon="-83.82578"/>
      <trkpt lat="37.37122" lon="-83.82598"/>
      <trkpt lat="37.37101" lon="-83.82616"/>
      <trkpt lat="37.37079" lon="-83.82631"/>
      <trkpt lat="37.37058" lon="-83.8264"/>
      <trkpt lat="37.37043" lon="-83.82645"/>
      <trkpt lat="37.36913" lon="-83.82686"/>
      <trkpt lat="37.36882" lon="-83.82695"/>
      <trkpt lat="37.36874" lon="-83.82697"/>
      <trkpt lat="37.3686" lon="-83.82702"/>
      <trkpt lat="37.36844" lon="-83.8271"/>
      <trkpt lat="37.36834" lon="-83.82715"/>
      <trkpt lat="37.36823" lon="-83.82724"/>
      <trkpt lat="37.36817" lon="-83.8273"/>
      <trkpt lat="37.36814" lon="-83.82733"/>
      <trkpt lat="37.36804" lon="-83.82743"/>
      <trkpt lat="37.36793" lon="-83.8276"/>
      <trkpt lat="37.36763" lon="-83.82817"/>
      <trkpt lat="37.36711" lon="-83.82901"/>
      <trkpt lat="37.36651" lon="-83.83006"/>
      <trkpt lat="37.36388" lon="-83.83452"/>
      <trkpt lat="37.3637" lon="-83.83486"/>
      <trkpt lat="37.36352" lon="-83.83522"/>
      <trkpt lat="37.36328" lon="-83.83578"/>
      <trkpt lat="37.36314" lon="-83.83617"/>
      <trkpt lat="37.36287" lon="-83.83695"/>
      <trkpt lat="37.3627" lon="-83.83753"/>
      <trkpt lat="37.36258" lon="-83.83805"/>
      <trkpt lat="37.36248" lon="-83.83857"/>
      <trkpt lat="37.36239" lon="-83.83888"/>
      <trkpt lat="37.36234" lon="-83.83902"/>
      <trkpt lat="37.36228" lon="-83.83916"/>
      <trkpt lat="37.36221" lon="-83.83928"/>
      <trkpt lat="37.36213" lon="-83.8394"/>
      <trkpt lat="37.36204" lon="-83.8395"/>
      <trkpt lat="37.36192" lon="-83.83961"/>
      <trkpt lat="37.36165" lon="-83.83984"/>
      <trkpt lat="37.36108" lon="-83.84027"/>
      <trkpt lat="37.36065" lon="-83.84058"/>
      <trkpt lat="37.36038" lon="-83.84081"/>
      <trkpt lat="37.36014" lon="-83.84107"/>
      <trkpt lat="37.36003" lon="-83.84122"/>
      <trkpt lat="37.35973" lon="-83.8417"/>
      <trkpt lat="37.35962" lon="-83.84185"/>
      <trkpt lat="37.3595" lon="-83.84198"/>
      <trkpt lat="37.35938" lon="-83.84211"/>
      <trkpt lat="37.35911" lon="-83.84233"/>
      <trkpt lat="37.35886" lon="-83.84253"/>
      <trkpt lat="37.3587" lon="-83.84264"/>
      <trkpt lat="37.35857" lon="-83.84276"/>
      <trkpt lat="37.35845" lon="-83.84288"/>
      <trkpt lat="37.35823" lon="-83.84317"/>
      <trkpt lat="37.35814" lon="-83.84332"/>
      <trkpt lat="37.35806" lon="-83.84347"/>
      <trkpt lat="37.358" lon="-83.84364"/>
      <trkpt lat="37.35793" lon="-83.84391"/>
      <trkpt lat="37.35787" lon="-83.84415"/>
      <trkpt lat="37.35785" lon="-83.84433"/>
      <trkpt lat="37.35785" lon="-83.8444"/>
      <trkpt lat="37.35785" lon="-83.84448"/>
      <trkpt lat="37.35786" lon="-83.84458"/>
      <trkpt lat="37.35787" lon="-83.84468"/>
      <trkpt lat="37.35789" lon="-83.84478"/>
      <trkpt lat="37.35792" lon="-83.84489"/>
      <trkpt lat="37.35798" lon="-83.84508"/>
      <trkpt lat="37.3582" lon="-83.84567"/>
      <trkpt lat="37.35828" lon="-83.84594"/>
      <trkpt lat="37.3583" lon="-83.846"/>
      <trkpt lat="37.35832" lon="-83.84611"/>
      <trkpt lat="37.35832" lon="-83.84619"/>
      <trkpt lat="37.35844" lon="-83.84617"/>
      <trkpt lat="37.35853" lon="-83.84614"/>
      <trkpt lat="37.35861" lon="-83.8461"/>
      <trkpt lat="37.35869" lon="-83.84606"/>
      <trkpt lat="37.35899" lon="-83.84584"/>
      <trkpt lat="37.3591" lon="-83.84578"/>
      <trkpt lat="37.35917" lon="-83.84576"/>
      <trkpt lat="37.35927" lon="-83.84575"/>
      <trkpt lat="37.35933" lon="-83.84575"/>
      <trkpt lat="37.35941" lon="-83.84576"/>
      <trkpt lat="37.35949" lon="-83.84579"/>
      <trkpt lat="37.35957" lon="-83.84584"/>
      <trkpt lat="37.35978" lon="-83.84601"/>
      <trkpt lat="37.35987" lon="-83.84605"/>
      <trkpt lat="37.35997" lon="-83.84609"/>
      <trkpt lat="37.36026" lon="-83.84615"/>
      <trkpt lat="37.36032" lon="-83.84618"/>
      <trkpt lat="37.36037" lon="-83.84623"/>
      <trkpt lat="37.36041" lon="-83.84628"/>
      <trkpt lat="37.36046" lon="-83.84636"/>
      <trkpt lat="37.3605" lon="-83.8464"/>
      <trkpt lat="37.3607" lon="-83.84652"/>
      <trkpt lat="37.36086" lon="-83.84659"/>
      <trkpt lat="37.36102" lon="-83.8467"/>
      <trkpt lat="37.36112" lon="-83.84676"/>
      <trkpt lat="37.3612" lon="-83.8468"/>
      <trkpt lat="37.36127" lon="-83.84682"/>
      <trkpt lat="37.36134" lon="-83.84683"/>
      <trkpt lat="37.36141" lon="-83.84683"/>
      <trkpt lat="37.36147" lon="-83.84682"/>
      <trkpt lat="37.36153" lon="-83.8468"/>
      <trkpt lat="37.36159" lon="-83.84675"/>
      <trkpt lat="37.36181" lon="-83.84656"/>
      <trkpt lat="37.36199" lon="-83.84642"/>
      <trkpt lat="37.36209" lon="-83.84637"/>
      <trkpt lat="37.36218" lon="-83.84634"/>
      <trkpt lat="37.36225" lon="-83.84632"/>
      <trkpt lat="37.36239" lon="-83.84631"/>
      <trkpt lat="37.36272" lon="-83.8463"/>
      <trkpt lat="37.36279" lon="-83.84631"/>
      <trkpt lat="37.36285" lon="-83.84634"/>
      <trkpt lat="37.36295" lon="-83.84641"/>
      <trkpt lat="37.36302" lon="-83.84643"/>
      <trkpt lat="37.36309" lon="-83.84645"/>
      <trkpt lat="37.36316" lon="-83.84646"/>
      <trkpt lat="37.36325" lon="-83.84645"/>
      <trkpt lat="37.36351" lon="-83.84635"/>
      <trkpt lat="37.36359" lon="-83.84634"/>
      <trkpt lat="37.36368" lon="-83.84634"/>
      <trkpt lat="37.36377" lon="-83.84638"/>
      <trkpt lat="37.36385" lon="-83.84643"/>
      <trkpt lat="37.36392" lon="-83.84649"/>
      <trkpt lat="37.36398" lon="-83.84657"/>
      <trkpt lat="37.36404" lon="-83.84671"/>
      <trkpt lat="37.36407" lon="-83.84681"/>
      <trkpt lat="37.36408" lon="-83.84692"/>
      <trkpt lat="37.36409" lon="-83.84709"/>
      <trkpt lat="37.36408" lon="-83.84725"/>
      <trkpt lat="37.36404" lon="-83.84766"/>
      <trkpt lat="37.36403" lon="-83.84793"/>
      <trkpt lat="37.36404" lon="-83.84807"/>
      <trkpt lat="37.36406" lon="-83.8482"/>
      <trkpt lat="37.36409" lon="-83.84833"/>
      <trkpt lat="37.36421" lon="-83.84868"/>
      <trkpt lat="37.36431" lon="-83.84901"/>
      <trkpt lat="37.36435" lon="-83.84911"/>
      <trkpt lat="37.36441" lon="-83.8492"/>
      <trkpt lat="37.36449" lon="-83.84928"/>
      <trkpt lat="37.36457" lon="-83.84935"/>
      <trkpt lat="37.36467" lon="-83.8494"/>
      <trkpt lat="37.3651" lon="-83.84959"/>
      <trkpt lat="37.36532" lon="-83.84967"/>
      <trkpt lat="37.36554" lon="-83.84973"/>
      <trkpt lat="37.36565" lon="-83.84975"/>
      <trkpt lat="37.36575" lon="-83.84975"/>
      <trkpt lat="37.36587" lon="-83.84975"/>
      <trkpt lat="37.36596" lon="-83.84974"/>
      <trkpt lat="37.36626" lon="-83.84968"/>
      <trkpt lat="37.36658" lon="-83.84963"/>
      <trkpt lat="37.36669" lon="-83.84963"/>
      <trkpt lat="37.36686" lon="-83.84964"/>
      <trkpt lat="37.36699" lon="-83.84966"/>
      <trkpt lat="37.36751" lon="-83.84976"/>
      <trkpt lat="37.36754" lon="-83.84976"/>
      <trkpt lat="37.36761" lon="-83.84977"/>
      <trkpt lat="37.3677" lon="-83.84977"/>
      <trkpt lat="37.36779" lon="-83.84975"/>
      <trkpt lat="37.36791" lon="-83.84972"/>
      <trkpt lat="37.36808" lon="-83.84965"/>
      <trkpt lat="37.36817" lon="-83.8496"/>
      <trkpt lat="37.36826" lon="-83.84954"/>
      <trkpt lat="37.36833" lon="-83.84949"/>
      <trkpt lat="37.3684" lon="-83.84942"/>
      <trkpt lat="37.36853" lon="-83.84925"/>
      <trkpt lat="37.36859" lon="-83.84914"/>
      <trkpt lat="37.36862" lon="-83.84904"/>
      <trkpt lat="37.36864" lon="-83.84896"/>
      <trkpt lat="37.36865" lon="-83.84886"/>
      <trkpt lat="37.36864" lon="-83.84855"/>
      <trkpt lat="37.36865" lon="-83.84841"/>
      <trkpt lat="37.36868" lon="-83.84824"/>
      <trkpt lat="37.36869" lon="-83.84821"/>
      <trkpt lat="37.36877" lon="-83.84799"/>
      <trkpt lat="37.3688" lon="-83.8479"/>
      <trkpt lat="37.3688" lon="-83.84785"/>
      <trkpt lat="37.3688" lon="-83.8478"/>
      <trkpt lat="37.36878" lon="-83.84754"/>
      <trkpt lat="37.36878" lon="-83.84749"/>
      <trkpt lat="37.36879" lon="-83.84739"/>
      <trkpt lat="37.36882" lon="-83.84731"/>
      <trkpt lat="37.36884" lon="-83.84727"/>
      <trkpt lat="37.36887" lon="-83.84724"/>
      <trkpt lat="37.36957" lon="-83.84672"/>
      <trkpt lat="37.36964" lon="-83.84668"/>
      <trkpt lat="37.37009" lon="-83.84644"/>
      <trkpt lat="37.37082" lon="-83.84603"/>
      <trkpt lat="37.37123" lon="-83.84575"/>
      <trkpt lat="37.37132" lon="-83.84566"/>
      <trkpt lat="37.37142" lon="-83.84555"/>
      <trkpt lat="37.37151" lon="-83.84539"/>
      <trkpt lat="37.37156" lon="-83.84529"/>
      <trkpt lat="37.37159" lon="-83.84519"/>
      <trkpt lat="37.37161" lon="-83.84509"/>
      <trkpt lat="37.37164" lon="-83.84502"/>
      <trkpt lat="37.37169" lon="-83.84487"/>
      <trkpt lat="37.37174" lon="-83.8448"/>
      <trkpt lat="37.37178" lon="-83.84472"/>
      <trkpt lat="37.37185" lon="-83.84464"/>
      <trkpt lat="37.37191" lon="-83.84458"/>
      <trkpt lat="37.37199" lon="-83.84451"/>
      <trkpt lat="37.37237" lon="-83.8442"/>
      <trkpt lat="37.37243" lon="-83.84416"/>
      <trkpt lat="37.37255" lon="-83.84411"/>
      <trkpt lat="37.37256" lon="-83.84368"/>
      <trkpt lat="37.3726" lon="-83.84329"/>
      <trkpt lat="37.37263" lon="-83.84311"/>
      <trkpt lat="37.37271" lon="-83.84279"/>
      <trkpt lat="37.37281" lon="-83.8425"/>
      <trkpt lat="37.37287" lon="-83.84238"/>
      <trkpt lat="37.37338" lon="-83.84147"/>
      <trkpt lat="37.37498" lon="-83.83852"/>
      <trkpt lat="37.37509" lon="-83.83833"/>
      <trkpt lat="37.3752" lon="-83.83815"/>
      <trkpt lat="37.37533" lon="-83.83799"/>
      <trkpt lat="37.37544" lon="-83.83781"/>
      <trkpt lat="37.37557" lon="-83.83765"/>
      <trkpt lat="37.37602" lon="-83.83723"/>
      <trkpt lat="37.37633" lon="-83.83697"/>
      <trkpt lat="37.377" lon="-83.83652"/>
      <trkpt lat="37.37743" lon="-83.83617"/>
      <trkpt lat="37.37759" lon="-83.83607"/>
      <trkpt lat="37.37785" lon="-83.83597"/>
      <trkpt lat="37.37806" lon="-83.83594"/>
      <trkpt lat="37.3782" lon="-83.83594"/>
      <trkpt lat="37.37836" lon="-83.83597"/>
      <trkpt lat="37.37852" lon="-83.83602"/>
      <trkpt lat="37.37914" lon="-83.83624"/>
      <trkpt lat="37.37946" lon="-83.83634"/>
      <trkpt lat="37.3796" lon="-83.83636"/>
      <trkpt lat="37.37992" lon="-83.8364"/>
      <trkpt lat="37.38068" lon="-83.83644"/>
      <trkpt lat="37.381" lon="-83.83646"/>
      <trkpt lat="37.38124" lon="-83.83647"/>
      <trkpt lat="37.38158" lon="-83.83648"/>
      <trkpt lat="37.38162" lon="-83.83648"/>
      <trkpt lat="37.38228" lon="-83.83651"/>
      <trkpt lat="37.38287" lon="-83.83655"/>
      <trkpt lat="37.38316" lon="-83.8366"/>
      <trkpt lat="37.38332" lon="-83.83667"/>
      <trkpt lat="37.38349" lon="-83.83677"/>
      <trkpt lat="37.38363" lon="-83.83688"/>
      <trkpt lat="37.38416" lon="-83.8374"/>
      <trkpt lat="37.38429" lon="-83.83752"/>
      <trkpt lat="37.38443" lon="-83.83761"/>
      <trkpt lat="37.38457" lon="-83.83769"/>
      <trkpt lat="37.38472" lon="-83.83774"/>
      <trkpt lat="37.38488" lon="-83.83777"/>
      <trkpt lat="37.38504" lon="-83.83779"/>
      <trkpt lat="37.38538" lon="-83.83779"/>
      <trkpt lat="37.38664" lon="-83.83776"/>
      <trkpt lat="37.38727" lon="-83.83775"/>
      <trkpt lat="37.38734" lon="-83.83775"/>
      <trkpt lat="37.38767" lon="-83.83771"/>
      <trkpt lat="37.38783" lon="-83.83767"/>
      <trkpt lat="37.38812" lon="-83.83755"/>
      <trkpt lat="37.38826" lon="-83.83748"/>
      <trkpt lat="37.38839" lon="-83.83739"/>
      <trkpt lat="37.38883" lon="-83.83703"/>
      <trkpt lat="37.38959" lon="-83.83641"/>
      <trkpt lat="37.3896" lon="-83.83718"/>
      <trkpt lat="37.38962" lon="-83.83759"/>
      <trkpt lat="37.38963" lon="-83.83771"/>
      <trkpt lat="37.38966" lon="-83.83786"/>
      <trkpt lat="37.38971" lon="-83.83801"/>
      <trkpt lat="37.38977" lon="-83.83815"/>
      <trkpt lat="37.38983" lon="-83.83827"/>
      <trkpt lat="37.38998" lon="-83.83849"/>
      <trkpt lat="37.39019" lon="-83.83873"/>
      <trkpt lat="37.39039" lon="-83.83889"/>
      <trkpt lat="37.39049" lon="-83.83895"/>
      <trkpt lat="37.39053" lon="-83.83897"/>
      <trkpt lat="37.39057" lon="-83.83897"/>
      <trkpt lat="37.39065" lon="-83.83897"/>
      <trkpt lat="37.39073" lon="-83.83894"/>
      <trkpt lat="37.39081" lon="-83.8389"/>
      <trkpt lat="37.39098" lon="-83.8388"/>
      <trkpt lat="37.39108" lon="-83.83872"/>
      <trkpt lat="37.39138" lon="-83.83853"/>
      <trkpt lat="37.39144" lon="-83.8385"/>
      <trkpt lat="37.3915" lon="-83.83848"/>
      <trkpt lat="37.39164" lon="-83.83846"/>
      <trkpt lat="37.39176" lon="-83.83846"/>
      <trkpt lat="37.39182" lon="-83.83847"/>
      <trkpt lat="37.39186" lon="-83.83849"/>
      <trkpt lat="37.39191" lon="-83.83852"/>
      <trkpt lat="37.39198" lon="-83.83859"/>
      <trkpt lat="37.39207" lon="-83.83871"/>
      <trkpt lat="37.39238" lon="-83.83917"/>
      <trkpt lat="37.39244" lon="-83.83925"/>
      <trkpt lat="37.39251" lon="-83.83933"/>
      <trkpt lat="37.39258" lon="-83.8394"/>
      <trkpt lat="37.39266" lon="-83.83947"/>
      <trkpt lat="37.39286" lon="-83.83963"/>
      <trkpt lat="37.39295" lon="-83.83969"/>
      <trkpt lat="37.3931" lon="-83.83978"/>
      <trkpt lat="37.39334" lon="-83.83993"/>
      <trkpt lat="37.39346" lon="-83.84001"/>
      <trkpt lat="37.39358" lon="-83.84013"/>
      <trkpt lat="37.39399" lon="-83.84064"/>
      <trkpt lat="37.39413" lon="-83.84085"/>
      <trkpt lat="37.3943" lon="-83.84106"/>
      <trkpt lat="37.39436" lon="-83.84112"/>
      <trkpt lat="37.39441" lon="-83.84116"/>
      <trkpt lat="37.39467" lon="-83.84141"/>
      <trkpt lat="37.39485" lon="-83.84155"/>
      <trkpt lat="37.39488" lon="-83.84158"/>
      <trkpt lat="37.39491" lon="-83.84162"/>
      <trkpt lat="37.39504" lon="-83.84186"/>
      <trkpt lat="37.39518" lon="-83.84213"/>
      <trkpt lat="37.39531" lon="-83.84243"/>
      <trkpt lat="37.39549" lon="-83.84284"/>
      <trkpt lat="37.39573" lon="-83.84331"/>
      <trkpt lat="37.39584" lon="-83.84352"/>
      <trkpt lat="37.39605" lon="-83.84395"/>
      <trkpt lat="37.39631" lon="-83.84433"/>
      <trkpt lat="37.3964" lon="-83.84444"/>
      <trkpt lat="37.3966" lon="-83.84466"/>
      <trkpt lat="37.39671" lon="-83.84475"/>
      <trkpt lat="37.3968" lon="-83.84485"/>
      <trkpt lat="37.39688" lon="-83.84494"/>
      <trkpt lat="37.39698" lon="-83.84509"/>
      <trkpt lat="37.39705" lon="-83.84524"/>
      <trkpt lat="37.39716" lon="-83.84552"/>
      <trkpt lat="37.39721" lon="-83.84563"/>
      <trkpt lat="37.39726" lon="-83.84576"/>
      <trkpt lat="37.39729" lon="-83.8459"/>
      <trkpt lat="37.39729" lon="-83.84599"/>
      <trkpt lat="37.39729" lon="-83.84605"/>
      <trkpt lat="37.39726" lon="-83.84612"/>
      <trkpt lat="37.3975" lon="-83.84625"/>
      <trkpt lat="37.39766" lon="-83.84636"/>
      <trkpt lat="37.39774" lon="-83.84645"/>
      <trkpt lat="37.39782" lon="-83.84655"/>
      <trkpt lat="37.39793" lon="-83.84674"/>
      <trkpt lat="37.39815" lon="-83.84716"/>
      <trkpt lat="37.3986" lon="-83.84802"/>
      <trkpt lat="37.39863" lon="-83.8481"/>
      <trkpt lat="37.3987" lon="-83.84846"/>
      <trkpt lat="37.39876" lon="-83.84863"/>
      <trkpt lat="37.39883" lon="-83.84876"/>
      <trkpt lat="37.39903" lon="-83.84906"/>
      <trkpt lat="37.39922" lon="-83.84939"/>
      <trkpt lat="37.39932" lon="-83.84956"/>
      <trkpt lat="37.39953" lon="-83.84996"/>
      <trkpt lat="37.39963" lon="-83.85008"/>
      <trkpt lat="37.39975" lon="-83.85018"/>
      <trkpt lat="37.40004" lon="-83.85037"/>
      <trkpt lat="37.40009" lon="-83.85042"/>
      <trkpt lat="37.40015" lon="-83.85051"/>
      <trkpt lat="37.40017" lon="-83.85056"/>
      <trkpt lat="37.40028" lon="-83.85082"/>
      <trkpt lat="37.4003" lon="-83.85085"/>
      <trkpt lat="37.40034" lon="-83.8509"/>
      <trkpt lat="37.40038" lon="-83.85094"/>
      <trkpt lat="37.40042" lon="-83.85097"/>
      <trkpt lat="37.40066" lon="-83.8511"/>
      <trkpt lat="37.40069" lon="-83.85112"/>
      <trkpt lat="37.40077" lon="-83.85123"/>
      <trkpt lat="37.40085" lon="-83.85134"/>
      <trkpt lat="37.40104" lon="-83.85168"/>
      <trkpt lat="37.40129" lon="-83.85216"/>
      <trkpt lat="37.4014" lon="-83.85238"/>
      <trkpt lat="37.40148" lon="-83.8525"/>
      <trkpt lat="37.40155" lon="-83.85258"/>
      <trkpt lat="37.40166" lon="-83.8527"/>
      <trkpt lat="37.40173" lon="-83.85276"/>
      <trkpt lat="37.40183" lon="-83.85283"/>
      <trkpt lat="37.40187" lon="-83.85285"/>
      <trkpt lat="37.40193" lon="-83.85288"/>
      <trkpt lat="37.40201" lon="-83.8529"/>
      <trkpt lat="37.40208" lon="-83.85292"/>
      <trkpt lat="37.40215" lon="-83.85292"/>
      <trkpt lat="37.40246" lon="-83.85293"/>
      <trkpt lat="37.40264" lon="-83.85294"/>
      <trkpt lat="37.40282" lon="-83.853"/>
      <trkpt lat="37.40286" lon="-83.85303"/>
      <trkpt lat="37.40296" lon="-83.8531"/>
      <trkpt lat="37.403" lon="-83.85311"/>
      <trkpt lat="37.40303" lon="-83.85312"/>
      <trkpt lat="37.40307" lon="-83.85312"/>
      <trkpt lat="37.40311" lon="-83.85312"/>
      <trkpt lat="37.40318" lon="-83.8531"/>
      <trkpt lat="37.4036" lon="-83.85294"/>
      <trkpt lat="37.40371" lon="-83.85293"/>
      <trkpt lat="37.40379" lon="-83.85293"/>
      <trkpt lat="37.40396" lon="-83.85295"/>
      <trkpt lat="37.40409" lon="-83.85298"/>
      <trkpt lat="37.4042" lon="-83.85302"/>
      <trkpt lat="37.40424" lon="-83.85305"/>
      <trkpt lat="37.40438" lon="-83.85315"/>
      <trkpt lat="37.40447" lon="-83.85322"/>
      <trkpt lat="37.40475" lon="-83.85347"/>
      <trkpt lat="37.40509" lon="-83.85376"/>
      <trkpt lat="37.40532" lon="-83.85399"/>
      <trkpt lat="37.40578" lon="-83.85454"/>
      <trkpt lat="37.406" lon="-83.85484"/>
      <trkpt lat="37.40604" lon="-83.8549"/>
      <trkpt lat="37.40616" lon="-83.85508"/>
      <trkpt lat="37.40629" lon="-83.85534"/>
      <trkpt lat="37.40657" lon="-83.85593"/>
      <trkpt lat="37.40661" lon="-83.85605"/>
      <trkpt lat="37.40663" lon="-83.85611"/>
      <trkpt lat="37.40665" lon="-83.85625"/>
      <trkpt lat="37.40666" lon="-83.85634"/>
      <trkpt lat="37.40666" lon="-83.85647"/>
      <trkpt lat="37.40664" lon="-83.85655"/>
      <trkpt lat="37.40662" lon="-83.85668"/>
      <trkpt lat="37.40657" lon="-83.85691"/>
      <trkpt lat="37.40642" lon="-83.85732"/>
      <trkpt lat="37.40619" lon="-83.85785"/>
      <trkpt lat="37.40614" lon="-83.85794"/>
      <trkpt lat="37.40607" lon="-83.85803"/>
      <trkpt lat="37.40578" lon="-83.85831"/>
      <trkpt lat="37.40558" lon="-83.85845"/>
      <trkpt lat="37.40536" lon="-83.85863"/>
      <trkpt lat="37.40517" lon="-83.85885"/>
      <trkpt lat="37.40501" lon="-83.85905"/>
      <trkpt lat="37.40484" lon="-83.85921"/>
      <trkpt lat="37.40473" lon="-83.8593"/>
      <trkpt lat="37.40465" lon="-83.85934"/>
      <trkpt lat="37.40434" lon="-83.85943"/>
      <trkpt lat="37.40426" lon="-83.85945"/>
      <trkpt lat="37.40397" lon="-83.85947"/>
      <trkpt lat="37.40357" lon="-83.85946"/>
      <trkpt lat="37.40335" lon="-83.85948"/>
      <trkpt lat="37.40329" lon="-83.85949"/>
      <trkpt lat="37.40322" lon="-83.85952"/>
      <trkpt lat="37.40301" lon="-83.85965"/>
      <trkpt lat="37.40278" lon="-83.85985"/>
      <trkpt lat="37.40244" lon="-83.8602"/>
      <trkpt lat="37.4024" lon="-83.86025"/>
      <trkpt lat="37.40225" lon="-83.86056"/>
      <trkpt lat="37.40216" lon="-83.8607"/>
      <trkpt lat="37.40211" lon="-83.86077"/>
      <trkpt lat="37.40196" lon="-83.86091"/>
      <trkpt lat="37.4018" lon="-83.8611"/>
      <trkpt lat="37.40167" lon="-83.86122"/>
      <trkpt lat="37.40149" lon="-83.86148"/>
      <trkpt lat="37.40138" lon="-83.86161"/>
      <trkpt lat="37.40126" lon="-83.86178"/>
      <trkpt lat="37.40119" lon="-83.86185"/>
      <trkpt lat="37.40116" lon="-83.86187"/>
      <trkpt lat="37.40112" lon="-83.8619"/>
      <trkpt lat="37.40108" lon="-83.8619"/>
      <trkpt lat="37.40088" lon="-83.8619"/>
      <trkpt lat="37.40084" lon="-83.86192"/>
      <trkpt lat="37.4008" lon="-83.86193"/>
      <trkpt lat="37.40075" lon="-83.86196"/>
      <trkpt lat="37.40068" lon="-83.86202"/>
      <trkpt lat="37.40053" lon="-83.86215"/>
      <trkpt lat="37.4004" lon="-83.8623"/>
      <trkpt lat="37.40022" lon="-83.86252"/>
      <trkpt lat="37.40004" lon="-83.86275"/>
      <trkpt lat="37.39993" lon="-83.86288"/>
      <trkpt lat="37.39989" lon="-83.86297"/>
      <trkpt lat="37.39979" lon="-83.86319"/>
      <trkpt lat="37.39969" lon="-83.86335"/>
      <trkpt lat="37.39959" lon="-83.86349"/>
      <trkpt lat="37.39956" lon="-83.86354"/>
      <trkpt lat="37.39954" lon="-83.86362"/>
      <trkpt lat="37.39953" lon="-83.86366"/>
      <trkpt lat="37.39953" lon="-83.8638"/>
      <trkpt lat="37.39952" lon="-83.86387"/>
      <trkpt lat="37.39951" lon="-83.86394"/>
      <trkpt lat="37.39949" lon="-83.864"/>
      <trkpt lat="37.39946" lon="-83.86408"/>
      <trkpt lat="37.39942" lon="-83.86415"/>
      <trkpt lat="37.39927" lon="-83.86437"/>
      <trkpt lat="37.3992" lon="-83.86446"/>
      <trkpt lat="37.39904" lon="-83.86461"/>
      <trkpt lat="37.39901" lon="-83.86465"/>
      <trkpt lat="37.39898" lon="-83.86469"/>
      <trkpt lat="37.39895" lon="-83.86474"/>
      <trkpt lat="37.39893" lon="-83.86481"/>
      <trkpt lat="37.39882" lon="-83.86514"/>
      <trkpt lat="37.39864" lon="-83.86553"/>
      <trkpt lat="37.39862" lon="-83.8656"/>
      <trkpt lat="37.39862" lon="-83.86564"/>
      <trkpt lat="37.39862" lon="-83.86572"/>
      <trkpt lat="37.39866" lon="-83.86586"/>
      <trkpt lat="37.39867" lon="-83.86602"/>
      <trkpt lat="37.39867" lon="-83.86619"/>
      <trkpt lat="37.39866" lon="-83.86625"/>
      <trkpt lat="37.3986" lon="-83.86638"/>
      <trkpt lat="37.39859" lon="-83.86643"/>
      <trkpt lat="37.3986" lon="-83.86659"/>
      <trkpt lat="37.39861" lon="-83.86662"/>
      <trkpt lat="37.3986" lon="-83.86666"/>
      <trkpt lat="37.39858" lon="-83.86669"/>
      <trkpt lat="37.39848" lon="-83.86681"/>
      <trkpt lat="37.39845" lon="-83.86686"/>
      <trkpt lat="37.39845" lon="-83.8669"/>
      <trkpt lat="37.39845" lon="-83.86694"/>
      <trkpt lat="37.39856" lon="-83.86685"/>
      <trkpt lat="37.39869" lon="-83.86672"/>
      <trkpt lat="37.39909" lon="-83.86634"/>
      <trkpt lat="37.39916" lon="-83.8663"/>
      <trkpt lat="37.39929" lon="-83.86624"/>
      <trkpt lat="37.39929" lon="-83.8662"/>
      <trkpt lat="37.39929" lon="-83.86616"/>
      <trkpt lat="37.39931" lon="-83.86612"/>
      <trkpt lat="37.39936" lon="-83.86603"/>
      <trkpt lat="37.39938" lon="-83.86598"/>
      <trkpt lat="37.39939" lon="-83.86593"/>
      <trkpt lat="37.39941" lon="-83.8657"/>
      <trkpt lat="37.39942" lon="-83.86563"/>
      <trkpt lat="37.39944" lon="-83.86557"/>
      <trkpt lat="37.39946" lon="-83.86551"/>
      <trkpt lat="37.39949" lon="-83.86546"/>
      <trkpt lat="37.39954" lon="-83.8654"/>
      <trkpt lat="37.3998" lon="-83.86516"/>
      <trkpt lat="37.39984" lon="-83.86512"/>
      <trkpt lat="37.39987" lon="-83.86508"/>
      <trkpt lat="37.40009" lon="-83.86466"/>
      <trkpt lat="37.4003" lon="-83.8642"/>
      <trkpt lat="37.40039" lon="-83.86402"/>
      <trkpt lat="37.40057" lon="-83.86373"/>
      <trkpt lat="37.4007" lon="-83.86356"/>
      <trkpt lat="37.40074" lon="-83.86351"/>
      <trkpt lat="37.40077" lon="-83.8635"/>
      <trkpt lat="37.40083" lon="-83.86348"/>
      <trkpt lat="37.40089" lon="-83.86348"/>
      <trkpt lat="37.40097" lon="-83.8635"/>
      <trkpt lat="37.40113" lon="-83.86361"/>
      <trkpt lat="37.40134" lon="-83.86378"/>
      <trkpt lat="37.40147" lon="-83.86388"/>
      <trkpt lat="37.40154" lon="-83.86391"/>
      <trkpt lat="37.40158" lon="-83.86393"/>
      <trkpt lat="37.40162" lon="-83.86393"/>
      <trkpt lat="37.40165" lon="-83.86392"/>
      <trkpt lat="37.40169" lon="-83.86391"/>
      <trkpt lat="37.40172" lon="-83.86389"/>
      <trkpt lat="37.40177" lon="-83.86384"/>
      <trkpt lat="37.40185" lon="-83.86374"/>
      <trkpt lat="37.40202" lon="-83.86345"/>
      <trkpt lat="37.40241" lon="-83.86287"/>
      <trkpt lat="37.40251" lon="-83.86272"/>
      <trkpt lat="37.40261" lon="-83.86263"/>
      <trkpt lat="37.4027" lon="-83.86255"/>
      <trkpt lat="37.40298" lon="-83.8624"/>
      <trkpt lat="37.40306" lon="-83.86234"/>
      <trkpt lat="37.40312" lon="-83.86228"/>
      <trkpt lat="37.40323" lon="-83.86213"/>
      <trkpt lat="37.40344" lon="-83.86188"/>
      <trkpt lat="37.40373" lon="-83.86164"/>
      <trkpt lat="37.40392" lon="-83.86154"/>
      <trkpt lat="37.40428" lon="-83.86138"/>
      <trkpt lat="37.40459" lon="-83.86123"/>
      <trkpt lat="37.40466" lon="-83.8612"/>
      <trkpt lat="37.40472" lon="-83.86119"/>
      <trkpt lat="37.40484" lon="-83.86117"/>
      <trkpt lat="37.40487" lon="-83.86117"/>
      <trkpt lat="37.40491" lon="-83.86118"/>
      <trkpt lat="37.40504" lon="-83.86127"/>
      <trkpt lat="37.40508" lon="-83.86128"/>
      <trkpt lat="37.40512" lon="-83.86129"/>
      <trkpt lat="37.40519" lon="-83.86127"/>
      <trkpt lat="37.40529" lon="-83.86125"/>
      <trkpt lat="37.40536" lon="-83.86121"/>
      <trkpt lat="37.40559" lon="-83.86104"/>
      <trkpt lat="37.40567" lon="-83.86097"/>
      <trkpt lat="37.40595" lon="-83.86067"/>
      <trkpt lat="37.40608" lon="-83.86052"/>
      <trkpt lat="37.40647" lon="-83.85999"/>
      <trkpt lat="37.40666" lon="-83.85981"/>
      <trkpt lat="37.40677" lon="-83.85972"/>
      <trkpt lat="37.407" lon="-83.85958"/>
      <trkpt lat="37.40757" lon="-83.85928"/>
      <trkpt lat="37.40779" lon="-83.85918"/>
      <trkpt lat="37.4079" lon="-83.85915"/>
      <trkpt lat="37.40794" lon="-83.85914"/>
      <trkpt lat="37.40808" lon="-83.85912"/>
      <trkpt lat="37.40826" lon="-83.85911"/>
      <trkpt lat="37.40847" lon="-83.8591"/>
      <trkpt lat="37.40868" lon="-83.85913"/>
      <trkpt lat="37.40889" lon="-83.85919"/>
      <trkpt lat="37.40935" lon="-83.85936"/>
      <trkpt lat="37.40946" lon="-83.85941"/>
      <trkpt lat="37.40961" lon="-83.8595"/>
      <trkpt lat="37.40995" lon="-83.85979"/>
      <trkpt lat="37.41021" lon="-83.85999"/>
      <trkpt lat="37.41049" lon="-83.86025"/>
      <trkpt lat="37.41052" lon="-83.86027"/>
      <trkpt lat="37.4117" lon="-83.86122"/>
      <trkpt lat="37.41176" lon="-83.86128"/>
      <trkpt lat="37.41181" lon="-83.86133"/>
      <trkpt lat="37.41185" lon="-83.86139"/>
      <trkpt lat="37.41188" lon="-83.86146"/>
      <trkpt lat="37.41199" lon="-83.86169"/>
      <trkpt lat="37.41201" lon="-83.86174"/>
      <trkpt lat="37.41217" lon="-83.86194"/>
      <trkpt lat="37.41226" lon="-83.86203"/>
      <trkpt lat="37.41232" lon="-83.86207"/>
      <trkpt lat="37.41238" lon="-83.8621"/>
      <trkpt lat="37.41244" lon="-83.86212"/>
      <trkpt lat="37.41263" lon="-83.86214"/>
      <trkpt lat="37.41267" lon="-83.86215"/>
      <trkpt lat="37.4128" lon="-83.86226"/>
      <trkpt lat="37.41291" lon="-83.8624"/>
      <trkpt lat="37.41295" lon="-83.86249"/>
      <trkpt lat="37.41303" lon="-83.8629"/>
      <trkpt lat="37.41305" lon="-83.86299"/>
      <trkpt lat="37.41308" lon="-83.86307"/>
      <trkpt lat="37.41312" lon="-83.86313"/>
      <trkpt lat="37.41328" lon="-83.86334"/>
      <trkpt lat="37.41329" lon="-83.86338"/>
      <trkpt lat="37.41332" lon="-83.86345"/>
      <trkpt lat="37.41334" lon="-83.86361"/>
      <trkpt lat="37.41338" lon="-83.86368"/>
      <trkpt lat="37.41351" lon="-83.86386"/>
      <trkpt lat="37.41358" lon="-83.864"/>
      <trkpt lat="37.4136" lon="-83.86403"/>
      <trkpt lat="37.41373" lon="-83.86412"/>
      <trkpt lat="37.4138" lon="-83.8642"/>
      <trkpt lat="37.41387" lon="-83.86427"/>
      <trkpt lat="37.41392" lon="-83.86436"/>
      <trkpt lat="37.41394" lon="-83.86442"/>
      <trkpt lat="37.41397" lon="-83.86453"/>
      <trkpt lat="37.41398" lon="-83.86461"/>
      <trkpt lat="37.41399" lon="-83.86476"/>
      <trkpt lat="37.41396" lon="-83.86642"/>
      <trkpt lat="37.41395" lon="-83.86648"/>
      <trkpt lat="37.41392" lon="-83.86662"/>
      <trkpt lat="37.41391" lon="-83.86669"/>
      <trkpt lat="37.41391" lon="-83.86673"/>
      <trkpt lat="37.41392" lon="-83.86682"/>
      <trkpt lat="37.41393" lon="-83.86687"/>
      <trkpt lat="37.41395" lon="-83.86691"/>
      <trkpt lat="37.41398" lon="-83.86693"/>
      <trkpt lat="37.41412" lon="-83.86701"/>
      <trkpt lat="37.41426" lon="-83.86709"/>
      <trkpt lat="37.41434" lon="-83.86712"/>
      <trkpt lat="37.4146" lon="-83.86724"/>
      <trkpt lat="37.41491" lon="-83.86737"/>
      <trkpt lat="37.41496" lon="-83.86708"/>
      <trkpt lat="37.415" lon="-83.86662"/>
      <trkpt lat="37.41502" lon="-83.86649"/>
      <trkpt lat="37.41504" lon="-83.86637"/>
      <trkpt lat="37.41508" lon="-83.86625"/>
      <trkpt lat="37.41512" lon="-83.86614"/>
      <trkpt lat="37.41518" lon="-83.86605"/>
      <trkpt lat="37.41526" lon="-83.86594"/>
      <trkpt lat="37.41535" lon="-83.86587"/>
      <trkpt lat="37.41547" lon="-83.8658"/>
      <trkpt lat="37.41561" lon="-83.86574"/>
      <trkpt lat="37.41587" lon="-83.86566"/>
      <trkpt lat="37.41601" lon="-83.86559"/>
      <trkpt lat="37.41616" lon="-83.86551"/>
      <trkpt lat="37.41626" lon="-83.86543"/>
      <trkpt lat="37.41636" lon="-83.86534"/>
      <trkpt lat="37.41645" lon="-83.86522"/>
      <trkpt lat="37.41653" lon="-83.86509"/>
      <trkpt lat="37.41658" lon="-83.86498"/>
      <trkpt lat="37.41671" lon="-83.86469"/>
      <trkpt lat="37.41683" lon="-83.86447"/>
      <trkpt lat="37.41689" lon="-83.8644"/>
      <trkpt lat="37.41696" lon="-83.86434"/>
      <trkpt lat="37.41711" lon="-83.86425"/>
      <trkpt lat="37.41717" lon="-83.86421"/>
      <trkpt lat="37.41725" lon="-83.86413"/>
      <trkpt lat="37.4173" lon="-83.86406"/>
      <trkpt lat="37.41739" lon="-83.86389"/>
      <trkpt lat="37.41767" lon="-83.86333"/>
      <trkpt lat="37.41778" lon="-83.86311"/>
      <trkpt lat="37.4182" lon="-83.86222"/>
      <trkpt lat="37.41824" lon="-83.86211"/>
      <trkpt lat="37.41827" lon="-83.86199"/>
      <trkpt lat="37.41829" lon="-83.86193"/>
      <trkpt lat="37.4183" lon="-83.86181"/>
      <trkpt lat="37.41829" lon="-83.86168"/>
      <trkpt lat="37.41828" lon="-83.86162"/>
      <trkpt lat="37.41825" lon="-83.86145"/>
      <trkpt lat="37.41821" lon="-83.86129"/>
      <trkpt lat="37.41807" lon="-83.86089"/>
      <trkpt lat="37.41791" lon="-83.86038"/>
      <trkpt lat="37.41784" lon="-83.86013"/>
      <trkpt lat="37.41775" lon="-83.85973"/>
      <trkpt lat="37.41767" lon="-83.85937"/>
      <trkpt lat="37.41761" lon="-83.85911"/>
      <trkpt lat="37.41758" lon="-83.85887"/>
      <trkpt lat="37.41757" lon="-83.85875"/>
      <trkpt lat="37.41759" lon="-83.85864"/>
      <trkpt lat="37.41761" lon="-83.85853"/>
      <trkpt lat="37.41766" lon="-83.85842"/>
      <trkpt lat="37.41772" lon="-83.85833"/>
      <trkpt lat="37.41793" lon="-83.85805"/>
      <trkpt lat="37.41802" lon="-83.85789"/>
      <trkpt lat="37.41806" lon="-83.85778"/>
      <trkpt lat="37.41808" lon="-83.85766"/>
      <trkpt lat="37.41809" lon="-83.85761"/>
      <trkpt lat="37.41812" lon="-83.85701"/>
      <trkpt lat="37.41814" lon="-83.85644"/>
      <trkpt lat="37.41814" lon="-83.85621"/>
      <trkpt lat="37.41809" lon="-83.85527"/>
      <trkpt lat="37.41807" lon="-83.85445"/>
      <trkpt lat="37.41807" lon="-83.85427"/>
      <trkpt lat="37.41806" lon="-83.85416"/>
      <trkpt lat="37.41803" lon="-83.85391"/>
      <trkpt lat="37.41799" lon="-83.85377"/>
      <trkpt lat="37.41796" lon="-83.85369"/>
      <trkpt lat="37.41789" lon="-83.85356"/>
      <trkpt lat="37.41781" lon="-83.85344"/>
      <trkpt lat="37.41722" lon="-83.85268"/>
      <trkpt lat="37.41699" lon="-83.85236"/>
      <trkpt lat="37.41689" lon="-83.85219"/>
      <trkpt lat="37.41675" lon="-83.85192"/>
      <trkpt lat="37.41671" lon="-83.85181"/>
      <trkpt lat="37.41658" lon="-83.85149"/>
      <trkpt lat="37.41651" lon="-83.85127"/>
      <trkpt lat="37.41649" lon="-83.85116"/>
      <trkpt lat="37.41647" lon="-83.85104"/>
      <trkpt lat="37.41647" lon="-83.85093"/>
      <trkpt lat="37.41648" lon="-83.85082"/>
      <trkpt lat="37.4165" lon="-83.85071"/>
      <trkpt lat="37.41653" lon="-83.8506"/>
      <trkpt lat="37.41657" lon="-83.8505"/>
      <trkpt lat="37.41663" lon="-83.85041"/>
      <trkpt lat="37.41669" lon="-83.85033"/>
      <trkpt lat="37.41684" lon="-83.85016"/>
      <trkpt lat="37.41798" lon="-83.84897"/>
      <trkpt lat="37.41826" lon="-83.84865"/>
      <trkpt lat="37.41833" lon="-83.84857"/>
      <trkpt lat="37.41839" lon="-83.84847"/>
      <trkpt lat="37.41845" lon="-83.84837"/>
      <trkpt lat="37.41853" lon="-83.84818"/>
      <trkpt lat="37.41856" lon="-83.84809"/>
      <trkpt lat="37.41858" lon="-83.84801"/>
      <trkpt lat="37.4186" lon="-83.84788"/>
      <trkpt lat="37.41861" lon="-83.84777"/>
      <trkpt lat="37.41861" lon="-83.84766"/>
      <trkpt lat="37.4186" lon="-83.84743"/>
      <trkpt lat="37.4186" lon="-83.84723"/>
      <trkpt lat="37.41865" lon="-83.84689"/>
      <trkpt lat="37.4187" lon="-83.84657"/>
      <trkpt lat="37.41874" lon="-83.84636"/>
      <trkpt lat="37.41882" lon="-83.84604"/>
      <trkpt lat="37.4191" lon="-83.8453"/>
      <trkpt lat="37.41924" lon="-83.84492"/>
      <trkpt lat="37.4193" lon="-83.84473"/>
      <trkpt lat="37.41949" lon="-83.84406"/>
      <trkpt lat="37.41953" lon="-83.84387"/>
      <trkpt lat="37.41955" lon="-83.84377"/>
      <trkpt lat="37.41971" lon="-83.8432"/>
      <trkpt lat="37.41977" lon="-83.84301"/>
      <trkpt lat="37.42022" lon="-83.84185"/>
      <trkpt lat="37.42069" lon="-83.84067"/>
      <trkpt lat="37.42074" lon="-83.84056"/>
      <trkpt lat="37.4208" lon="-83.84038"/>
      <trkpt lat="37.42085" lon="-83.84021"/>
      <trkpt lat="37.42088" lon="-83.84003"/>
      <trkpt lat="37.42089" lon="-83.83985"/>
      <trkpt lat="37.42088" lon="-83.83966"/>
      <trkpt lat="37.42087" lon="-83.83955"/>
      <trkpt lat="37.42093" lon="-83.83924"/>
      <trkpt lat="37.42093" lon="-83.83908"/>
      <trkpt lat="37.42103" lon="-83.83803"/>
      <trkpt lat="37.42103" lon="-83.83761"/>
      <trkpt lat="37.42102" lon="-83.83737"/>
      <trkpt lat="37.42104" lon="-83.83717"/>
      <trkpt lat="37.4211" lon="-83.83701"/>
      <trkpt lat="37.42114" lon="-83.837"/>
      <trkpt lat="37.42118" lon="-83.837"/>
      <trkpt lat="37.42124" lon="-83.83701"/>
      <trkpt lat="37.42129" lon="-83.83704"/>
      <trkpt lat="37.42135" lon="-83.83708"/>
      <trkpt lat="37.42151" lon="-83.83718"/>
      <trkpt lat="37.42159" lon="-83.83724"/>
      <trkpt lat="37.42176" lon="-83.83735"/>
      <trkpt lat="37.42184" lon="-83.83741"/>
      <trkpt lat="37.42191" lon="-83.83746"/>
      <trkpt lat="37.42199" lon="-83.83751"/>
      <trkpt lat="37.42206" lon="-83.83756"/>
      <trkpt lat="37.42213" lon="-83.83761"/>
      <trkpt lat="37.4222" lon="-83.83766"/>
      <trkpt lat="37.42228" lon="-83.83771"/>
      <trkpt lat="37.42243" lon="-83.8378"/>
      <trkpt lat="37.4225" lon="-83.83785"/>
      <trkpt lat="37.42258" lon="-83.8379"/>
      <trkpt lat="37.42273" lon="-83.83799"/>
      <trkpt lat="37.4228" lon="-83.83803"/>
      <trkpt lat="37.42287" lon="-83.83807"/>
      <trkpt lat="37.42294" lon="-83.83811"/>
      <trkpt lat="37.42301" lon="-83.83816"/>
      <trkpt lat="37.42307" lon="-83.8382"/>
      <trkpt lat="37.42313" lon="-83.83824"/>
      <trkpt lat="37.4232" lon="-83.83829"/>
      <trkpt lat="37.42327" lon="-83.83835"/>
      <trkpt lat="37.42335" lon="-83.83841"/>
      <trkpt lat="37.42342" lon="-83.83846"/>
      <trkpt lat="37.42348" lon="-83.83851"/>
      <trkpt lat="37.42355" lon="-83.83857"/>
      <trkpt lat="37.42362" lon="-83.83863"/>
      <trkpt lat="37.42369" lon="-83.83869"/>
      <trkpt lat="37.42375" lon="-83.83874"/>
      <trkpt lat="37.42382" lon="-83.8388"/>
      <trkpt lat="37.42388" lon="-83.83887"/>
      <trkpt lat="37.42394" lon="-83.83893"/>
      <trkpt lat="37.42399" lon="-83.83899"/>
      <trkpt lat="37.42405" lon="-83.83906"/>
      <trkpt lat="37.42411" lon="-83.83914"/>
      <trkpt lat="37.42417" lon="-83.83921"/>
      <trkpt lat="37.42422" lon="-83.83929"/>
      <trkpt lat="37.42427" lon="-83.83937"/>
      <trkpt lat="37.42432" lon="-83.83944"/>
      <trkpt lat="37.42436" lon="-83.83951"/>
      <trkpt lat="37.4244" lon="-83.83957"/>
      <trkpt lat="37.42444" lon="-83.83963"/>
      <trkpt lat="37.42447" lon="-83.83968"/>
      <trkpt lat="37.42451" lon="-83.83972"/>
      <trkpt lat="37.42453" lon="-83.83975"/>
      <trkpt lat="37.42458" lon="-83.8398"/>
      <trkpt lat="37.42464" lon="-83.83983"/>
      <trkpt lat="37.42471" lon="-83.83986"/>
      <trkpt lat="37.4248" lon="-83.83989"/>
      <trkpt lat="37.42496" lon="-83.83993"/>
      <trkpt lat="37.42505" lon="-83.83995"/>
      <trkpt lat="37.42519" lon="-83.83997"/>
      <trkpt lat="37.42528" lon="-83.83998"/>
      <trkpt lat="37.42535" lon="-83.83999"/>
      <trkpt lat="37.42542" lon="-83.84001"/>
      <trkpt lat="37.42556" lon="-83.84004"/>
      <trkpt lat="37.42563" lon="-83.84005"/>
      <trkpt lat="37.42571" lon="-83.84006"/>
      <trkpt lat="37.42578" lon="-83.84007"/>
      <trkpt lat="37.42585" lon="-83.84006"/>
      <trkpt lat="37.42593" lon="-83.84005"/>
      <trkpt lat="37.426" lon="-83.84004"/>
      <trkpt lat="37.42608" lon="-83.84003"/>
      <trkpt lat="37.42615" lon="-83.84002"/>
      <trkpt lat="37.42623" lon="-83.84002"/>
      <trkpt lat="37.42631" lon="-83.84002"/>
      <trkpt lat="37.42639" lon="-83.84004"/>
      <trkpt lat="37.42647" lon="-83.84005"/>
      <trkpt lat="37.42655" lon="-83.84007"/>
      <trkpt lat="37.42663" lon="-83.8401"/>
      <trkpt lat="37.4267" lon="-83.84012"/>
      <trkpt lat="37.42677" lon="-83.84014"/>
      <trkpt lat="37.42684" lon="-83.84017"/>
      <trkpt lat="37.42691" lon="-83.84019"/>
      <trkpt lat="37.42698" lon="-83.84022"/>
      <trkpt lat="37.42705" lon="-83.84024"/>
      <trkpt lat="37.42711" lon="-83.84027"/>
      <trkpt lat="37.42717" lon="-83.8403"/>
      <trkpt lat="37.42723" lon="-83.84034"/>
      <trkpt lat="37.42729" lon="-83.84038"/>
      <trkpt lat="37.42735" lon="-83.84042"/>
      <trkpt lat="37.42741" lon="-83.84046"/>
      <trkpt lat="37.42747" lon="-83.8405"/>
      <trkpt lat="37.42753" lon="-83.84054"/>
      <trkpt lat="37.42758" lon="-83.84057"/>
      <trkpt lat="37.42764" lon="-83.8406"/>
      <trkpt lat="37.42769" lon="-83.84064"/>
      <trkpt lat="37.42775" lon="-83.84067"/>
      <trkpt lat="37.42778" lon="-83.84068"/>
      <trkpt lat="37.42781" lon="-83.84069"/>
      <trkpt lat="37.42787" lon="-83.84073"/>
      <trkpt lat="37.42793" lon="-83.84076"/>
      <trkpt lat="37.42799" lon="-83.84078"/>
      <trkpt lat="37.42805" lon="-83.84082"/>
      <trkpt lat="37.42812" lon="-83.84085"/>
      <trkpt lat="37.42819" lon="-83.84088"/>
      <trkpt lat="37.42826" lon="-83.84091"/>
      <trkpt lat="37.42833" lon="-83.84094"/>
      <trkpt lat="37.4284" lon="-83.84097"/>
      <trkpt lat="37.42847" lon="-83.841"/>
      <trkpt lat="37.42853" lon="-83.84103"/>
      <trkpt lat="37.4286" lon="-83.84106"/>
      <trkpt lat="37.42866" lon="-83.84109"/>
      <trkpt lat="37.42872" lon="-83.84112"/>
      <trkpt lat="37.42878" lon="-83.84114"/>
      <trkpt lat="37.42885" lon="-83.84116"/>
      <trkpt lat="37.42891" lon="-83.84118"/>
      <trkpt lat="37.42898" lon="-83.8412"/>
      <trkpt lat="37.42904" lon="-83.84121"/>
      <trkpt lat="37.42911" lon="-83.84121"/>
      <trkpt lat="37.42917" lon="-83.84121"/>
      <trkpt lat="37.42923" lon="-83.84121"/>
      <trkpt lat="37.42929" lon="-83.8412"/>
      <trkpt lat="37.42934" lon="-83.84121"/>
      <trkpt lat="37.42938" lon="-83.84121"/>
      <trkpt lat="37.42945" lon="-83.84121"/>
      <trkpt lat="37.42948" lon="-83.84122"/>
      <trkpt lat="37.42953" lon="-83.84122"/>
      <trkpt lat="37.42957" lon="-83.84122"/>
      <trkpt lat="37.42962" lon="-83.84122"/>
      <trkpt lat="37.42967" lon="-83.84123"/>
      <trkpt lat="37.42971" lon="-83.84124"/>
      <trkpt lat="37.42976" lon="-83.84124"/>
      <trkpt lat="37.42981" lon="-83.84125"/>
      <trkpt lat="37.42987" lon="-83.84126"/>
      <trkpt lat="37.42993" lon="-83.84127"/>
      <trkpt lat="37.42999" lon="-83.84129"/>
      <trkpt lat="37.43005" lon="-83.84131"/>
      <trkpt lat="37.43011" lon="-83.84134"/>
      <trkpt lat="37.43017" lon="-83.84138"/>
      <trkpt lat="37.43022" lon="-83.84142"/>
      <trkpt lat="37.43028" lon="-83.84145"/>
      <trkpt lat="37.43034" lon="-83.84148"/>
      <trkpt lat="37.43041" lon="-83.8415"/>
      <trkpt lat="37.43044" lon="-83.84151"/>
      <trkpt lat="37.43053" lon="-83.84152"/>
      <trkpt lat="37.43059" lon="-83.84152"/>
      <trkpt lat="37.43065" lon="-83.84153"/>
      <trkpt lat="37.43076" lon="-83.84152"/>
      <trkpt lat="37.43081" lon="-83.84152"/>
      <trkpt lat="37.43085" lon="-83.84152"/>
      <trkpt lat="37.43093" lon="-83.84151"/>
      <trkpt lat="37.43099" lon="-83.8415"/>
      <trkpt lat="37.43105" lon="-83.84149"/>
      <trkpt lat="37.43111" lon="-83.84148"/>
      <trkpt lat="37.43117" lon="-83.84146"/>
      <trkpt lat="37.43123" lon="-83.84145"/>
      <trkpt lat="37.43129" lon="-83.84143"/>
      <trkpt lat="37.43135" lon="-83.84141"/>
      <trkpt lat="37.43141" lon="-83.84139"/>
      <trkpt lat="37.43146" lon="-83.84137"/>
      <trkpt lat="37.43152" lon="-83.84133"/>
      <trkpt lat="37.43156" lon="-83.84129"/>
      <trkpt lat="37.43161" lon="-83.84125"/>
      <trkpt lat="37.43165" lon="-83.84121"/>
      <trkpt lat="37.4317" lon="-83.84116"/>
      <trkpt lat="37.43172" lon="-83.84114"/>
      <trkpt lat="37.43178" lon="-83.84108"/>
      <trkpt lat="37.43182" lon="-83.84104"/>
      <trkpt lat="37.43186" lon="-83.84101"/>
      <trkpt lat="37.4319" lon="-83.84097"/>
      <trkpt lat="37.43194" lon="-83.84094"/>
      <trkpt lat="37.43198" lon="-83.8409"/>
      <trkpt lat="37.43202" lon="-83.84087"/>
      <trkpt lat="37.43207" lon="-83.84083"/>
      <trkpt lat="37.4321" lon="-83.84079"/>
      <trkpt lat="37.43213" lon="-83.84075"/>
      <trkpt lat="37.43216" lon="-83.8407"/>
      <trkpt lat="37.43218" lon="-83.84065"/>
      <trkpt lat="37.4322" lon="-83.8406"/>
      <trkpt lat="37.43222" lon="-83.84055"/>
      <trkpt lat="37.43223" lon="-83.8405"/>
      <trkpt lat="37.43225" lon="-83.84044"/>
      <trkpt lat="37.43226" lon="-83.84038"/>
      <trkpt lat="37.43227" lon="-83.84033"/>
      <trkpt lat="37.43229" lon="-83.84028"/>
      <trkpt lat="37.4323" lon="-83.84023"/>
      <trkpt lat="37.43232" lon="-83.84019"/>
      <trkpt lat="37.43234" lon="-83.84015"/>
      <trkpt lat="37.43237" lon="-83.84011"/>
      <trkpt lat="37.4324" lon="-83.84007"/>
      <trkpt lat="37.43244" lon="-83.84004"/>
      <trkpt lat="37.43247" lon="-83.84"/>
      <trkpt lat="37.43251" lon="-83.83997"/>
      <trkpt lat="37.43255" lon="-83.83994"/>
      <trkpt lat="37.43259" lon="-83.83992"/>
      <trkpt lat="37.43263" lon="-83.83989"/>
      <trkpt lat="37.43266" lon="-83.83987"/>
      <trkpt lat="37.43269" lon="-83.83985"/>
      <trkpt lat="37.43272" lon="-83.83984"/>
      <trkpt lat="37.43278" lon="-83.8398"/>
      <trkpt lat="37.4328" lon="-83.83979"/>
      <trkpt lat="37.43284" lon="-83.83977"/>
      <trkpt lat="37.43287" lon="-83.83976"/>
      <trkpt lat="37.4329" lon="-83.83974"/>
      <trkpt lat="37.43293" lon="-83.83973"/>
      <trkpt lat="37.43297" lon="-83.83972"/>
      <trkpt lat="37.433" lon="-83.83971"/>
      <trkpt lat="37.43303" lon="-83.8397"/>
      <trkpt lat="37.43306" lon="-83.83968"/>
      <trkpt lat="37.4331" lon="-83.83969"/>
      <trkpt lat="37.43314" lon="-83.83969"/>
      <trkpt lat="37.43318" lon="-83.8397"/>
      <trkpt lat="37.43322" lon="-83.83971"/>
      <trkpt lat="37.43326" lon="-83.83972"/>
      <trkpt lat="37.43329" lon="-83.83973"/>
      <trkpt lat="37.43342" lon="-83.83978"/>
      <trkpt lat="37.43346" lon="-83.8398"/>
      <trkpt lat="37.43351" lon="-83.83984"/>
      <trkpt lat="37.43356" lon="-83.83987"/>
      <trkpt lat="37.43359" lon="-83.8399"/>
      <trkpt lat="37.43363" lon="-83.83996"/>
      <trkpt lat="37.43367" lon="-83.84003"/>
      <trkpt lat="37.4337" lon="-83.84014"/>
      <trkpt lat="37.43373" lon="-83.84021"/>
      <trkpt lat="37.43376" lon="-83.84027"/>
      <trkpt lat="37.4338" lon="-83.84033"/>
      <trkpt lat="37.43385" lon="-83.84041"/>
      <trkpt lat="37.43388" lon="-83.84049"/>
      <trkpt lat="37.43392" lon="-83.84058"/>
      <trkpt lat="37.43395" lon="-83.84064"/>
      <trkpt lat="37.434" lon="-83.84073"/>
      <trkpt lat="37.43405" lon="-83.84079"/>
      <trkpt lat="37.43411" lon="-83.84085"/>
      <trkpt lat="37.43417" lon="-83.84089"/>
      <trkpt lat="37.43421" lon="-83.8409"/>
      <trkpt lat="37.43425" lon="-83.84092"/>
      <trkpt lat="37.43429" lon="-83.84092"/>
      <trkpt lat="37.43432" lon="-83.84091"/>
      <trkpt lat="37.43437" lon="-83.84088"/>
      <trkpt lat="37.43441" lon="-83.84086"/>
      <trkpt lat="37.43445" lon="-83.84084"/>
      <trkpt lat="37.43449" lon="-83.84081"/>
      <trkpt lat="37.43454" lon="-83.84078"/>
      <trkpt lat="37.43463" lon="-83.84073"/>
      <trkpt lat="37.43467" lon="-83.84071"/>
      <trkpt lat="37.43471" lon="-83.84068"/>
      <trkpt lat="37.43476" lon="-83.84065"/>
      <trkpt lat="37.4348" lon="-83.84063"/>
      <trkpt lat="37.43485" lon="-83.8406"/>
      <trkpt lat="37.43489" lon="-83.84058"/>
      <trkpt lat="37.43494" lon="-83.84056"/>
      <trkpt lat="37.435" lon="-83.84053"/>
      <trkpt lat="37.43505" lon="-83.84051"/>
      <trkpt lat="37.4351" lon="-83.84048"/>
      <trkpt lat="37.43515" lon="-83.84046"/>
      <trkpt lat="37.43519" lon="-83.84045"/>
      <trkpt lat="37.43525" lon="-83.84042"/>
      <trkpt lat="37.43529" lon="-83.8404"/>
      <trkpt lat="37.43534" lon="-83.84038"/>
      <trkpt lat="37.43539" lon="-83.84036"/>
      <trkpt lat="37.43543" lon="-83.84035"/>
      <trkpt lat="37.43547" lon="-83.84033"/>
      <trkpt lat="37.4355" lon="-83.84032"/>
      <trkpt lat="37.43554" lon="-83.84031"/>
      <trkpt lat="37.43558" lon="-83.8403"/>
      <trkpt lat="37.43562" lon="-83.8403"/>
      <trkpt lat="37.43566" lon="-83.84029"/>
      <trkpt lat="37.43569" lon="-83.8403"/>
      <trkpt lat="37.43572" lon="-83.8403"/>
      <trkpt lat="37.43575" lon="-83.8403"/>
      <trkpt lat="37.43578" lon="-83.84029"/>
      <trkpt lat="37.43581" lon="-83.84027"/>
      <trkpt lat="37.43584" lon="-83.84026"/>
      <trkpt lat="37.43586" lon="-83.84023"/>
      <trkpt lat="37.43592" lon="-83.84018"/>
      <trkpt lat="37.43596" lon="-83.84014"/>
      <trkpt lat="37.43598" lon="-83.84011"/>
      <trkpt lat="37.43604" lon="-83.84001"/>
      <trkpt lat="37.43607" lon="-83.83996"/>
      <trkpt lat="37.43614" lon="-83.83984"/>
      <trkpt lat="37.43621" lon="-83.83973"/>
      <trkpt lat="37.43625" lon="-83.83968"/>
      <trkpt lat="37.43628" lon="-83.83964"/>
      <trkpt lat="37.43636" lon="-83.83955"/>
      <trkpt lat="37.4364" lon="-83.8395"/>
      <trkpt lat="37.43644" lon="-83.83946"/>
      <trkpt lat="37.43649" lon="-83.83942"/>
      <trkpt lat="37.43658" lon="-83.83935"/>
      <trkpt lat="37.43662" lon="-83.83931"/>
      <trkpt lat="37.43667" lon="-83.83927"/>
      <trkpt lat="37.43671" lon="-83.83923"/>
      <trkpt lat="37.43676" lon="-83.8392"/>
      <trkpt lat="37.4368" lon="-83.83916"/>
      <trkpt lat="37.43689" lon="-83.83906"/>
      <trkpt lat="37.43692" lon="-83.83903"/>
      <trkpt lat="37.43694" lon="-83.83899"/>
      <trkpt lat="37.437" lon="-83.83892"/>
      <trkpt lat="37.43703" lon="-83.83889"/>
      <trkpt lat="37.43708" lon="-83.83882"/>
      <trkpt lat="37.4371" lon="-83.83879"/>
      <trkpt lat="37.43712" lon="-83.83877"/>
      <trkpt lat="37.43714" lon="-83.83874"/>
      <trkpt lat="37.43719" lon="-83.83866"/>
      <trkpt lat="37.43722" lon="-83.83861"/>
      <trkpt lat="37.43726" lon="-83.83854"/>
      <trkpt lat="37.43732" lon="-83.8384"/>
      <trkpt lat="37.43743" lon="-83.83819"/>
      <trkpt lat="37.43747" lon="-83.83813"/>
      <trkpt lat="37.43751" lon="-83.83806"/>
      <trkpt lat="37.43755" lon="-83.838"/>
      <trkpt lat="37.43763" lon="-83.83789"/>
      <trkpt lat="37.43768" lon="-83.83784"/>
      <trkpt lat="37.43776" lon="-83.83775"/>
      <trkpt lat="37.43785" lon="-83.83766"/>
      <trkpt lat="37.43789" lon="-83.83763"/>
      <trkpt lat="37.43793" lon="-83.83759"/>
      <trkpt lat="37.43798" lon="-83.83755"/>
      <trkpt lat="37.43806" lon="-83.83748"/>
      <trkpt lat="37.43811" lon="-83.83745"/>
      <trkpt lat="37.43815" lon="-83.83743"/>
      <trkpt lat="37.43819" lon="-83.83741"/>
      <trkpt lat="37.43822" lon="-83.83741"/>
      <trkpt lat="37.43826" lon="-83.83741"/>
      <trkpt lat="37.43829" lon="-83.83741"/>
      <trkpt lat="37.43833" lon="-83.83742"/>
      <trkpt lat="37.43836" lon="-83.83743"/>
      <trkpt lat="37.4384" lon="-83.83745"/>
      <trkpt lat="37.43843" lon="-83.83747"/>
      <trkpt lat="37.43847" lon="-83.8375"/>
      <trkpt lat="37.43851" lon="-83.83754"/>
      <trkpt lat="37.43854" lon="-83.83756"/>
      <trkpt lat="37.43858" lon="-83.83759"/>
      <trkpt lat="37.43861" lon="-83.83761"/>
      <trkpt lat="37.43865" lon="-83.83763"/>
      <trkpt lat="37.43869" lon="-83.83765"/>
      <trkpt lat="37.43873" lon="-83.83766"/>
      <trkpt lat="37.43878" lon="-83.83766"/>
      <trkpt lat="37.43882" lon="-83.83765"/>
      <trkpt lat="37.43886" lon="-83.83763"/>
      <trkpt lat="37.4389" lon="-83.8376"/>
      <trkpt lat="37.43893" lon="-83.83757"/>
      <trkpt lat="37.43897" lon="-83.83753"/>
      <trkpt lat="37.439" lon="-83.8375"/>
      <trkpt lat="37.43904" lon="-83.83746"/>
      <trkpt lat="37.43907" lon="-83.83742"/>
      <trkpt lat="37.4391" lon="-83.83738"/>
      <trkpt lat="37.43913" lon="-83.83734"/>
      <trkpt lat="37.43916" lon="-83.8373"/>
      <trkpt lat="37.43918" lon="-83.83726"/>
      <trkpt lat="37.43923" lon="-83.83719"/>
      <trkpt lat="37.43924" lon="-83.83715"/>
      <trkpt lat="37.43929" lon="-83.83705"/>
      <trkpt lat="37.43934" lon="-83.83697"/>
      <trkpt lat="37.43937" lon="-83.83693"/>
      <trkpt lat="37.4394" lon="-83.83685"/>
      <trkpt lat="37.43942" lon="-83.83681"/>
      <trkpt lat="37.43944" lon="-83.83676"/>
      <trkpt lat="37.43946" lon="-83.83671"/>
      <trkpt lat="37.43948" lon="-83.8366"/>
      <trkpt lat="37.43949" lon="-83.83655"/>
      <trkpt lat="37.4395" lon="-83.83651"/>
      <trkpt lat="37.4395" lon="-83.83646"/>
      <trkpt lat="37.4395" lon="-83.83641"/>
      <trkpt lat="37.43945" lon="-83.83641"/>
      <trkpt lat="37.43939" lon="-83.83643"/>
      <trkpt lat="37.43932" lon="-83.83645"/>
      <trkpt lat="37.43924" lon="-83.83645"/>
      <trkpt lat="37.43916" lon="-83.83646"/>
      <trkpt lat="37.43907" lon="-83.83647"/>
      <trkpt lat="37.43898" lon="-83.83649"/>
      <trkpt lat="37.43881" lon="-83.83652"/>
      <trkpt lat="37.43872" lon="-83.83653"/>
      <trkpt lat="37.43863" lon="-83.83655"/>
      <trkpt lat="37.43855" lon="-83.83655"/>
      <trkpt lat="37.43847" lon="-83.83654"/>
      <trkpt lat="37.4384" lon="-83.83652"/>
      <trkpt lat="37.43833" lon="-83.83648"/>
      <trkpt lat="37.43827" lon="-83.83644"/>
      <trkpt lat="37.43822" lon="-83.83637"/>
      <trkpt lat="37.43817" lon="-83.8363"/>
      <trkpt lat="37.43812" lon="-83.83622"/>
      <trkpt lat="37.43806" lon="-83.83615"/>
      <trkpt lat="37.43801" lon="-83.83605"/>
      <trkpt lat="37.43769" lon="-83.83556"/>
      <trkpt lat="37.43764" lon="-83.83546"/>
      <trkpt lat="37.43756" lon="-83.83529"/>
      <trkpt lat="37.43752" lon="-83.8352"/>
      <trkpt lat="37.4375" lon="-83.83511"/>
      <trkpt lat="37.43749" lon="-83.83502"/>
      <trkpt lat="37.4375" lon="-83.83494"/>
      <trkpt lat="37.43751" lon="-83.83485"/>
      <trkpt lat="37.43753" lon="-83.83476"/>
      <trkpt lat="37.43756" lon="-83.83468"/>
      <trkpt lat="37.43759" lon="-83.83459"/>
      <trkpt lat="37.43771" lon="-83.83426"/>
      <trkpt lat="37.43814" lon="-83.83317"/>
      <trkpt lat="37.43817" lon="-83.83305"/>
      <trkpt lat="37.43819" lon="-83.83283"/>
      <trkpt lat="37.43819" lon="-83.83272"/>
      <trkpt lat="37.43818" lon="-83.83237"/>
      <trkpt lat="37.43817" lon="-83.83212"/>
      <trkpt lat="37.43816" lon="-83.83162"/>
      <trkpt lat="37.43815" lon="-83.8315"/>
      <trkpt lat="37.43808" lon="-83.83082"/>
      <trkpt lat="37.43805" lon="-83.8307"/>
      <trkpt lat="37.43802" lon="-83.83058"/>
      <trkpt lat="37.43799" lon="-83.83048"/>
      <trkpt lat="37.43796" lon="-83.83039"/>
      <trkpt lat="37.43791" lon="-83.8303"/>
      <trkpt lat="37.4378" lon="-83.83014"/>
      <trkpt lat="37.43774" lon="-83.83006"/>
      <trkpt lat="37.43768" lon="-83.82999"/>
      <trkpt lat="37.43761" lon="-83.82991"/>
      <trkpt lat="37.43747" lon="-83.82976"/>
      <trkpt lat="37.43739" lon="-83.82969"/>
      <trkpt lat="37.43723" lon="-83.82954"/>
      <trkpt lat="37.43715" lon="-83.82947"/>
      <trkpt lat="37.43691" lon="-83.82925"/>
      <trkpt lat="37.43674" lon="-83.82911"/>
      <trkpt lat="37.43666" lon="-83.82904"/>
      <trkpt lat="37.43657" lon="-83.82897"/>
      <trkpt lat="37.43648" lon="-83.82891"/>
      <trkpt lat="37.43639" lon="-83.82885"/>
      <trkpt lat="37.4363" lon="-83.8288"/>
      <trkpt lat="37.4362" lon="-83.82874"/>
      <trkpt lat="37.43601" lon="-83.82864"/>
      <trkpt lat="37.43591" lon="-83.8286"/>
      <trkpt lat="37.43582" lon="-83.82856"/>
      <trkpt lat="37.43572" lon="-83.82854"/>
      <trkpt lat="37.43562" lon="-83.82853"/>
      <trkpt lat="37.43552" lon="-83.82853"/>
      <trkpt lat="37.43543" lon="-83.82854"/>
      <trkpt lat="37.43533" lon="-83.82854"/>
      <trkpt lat="37.43524" lon="-83.82856"/>
      <trkpt lat="37.43514" lon="-83.82856"/>
      <trkpt lat="37.43506" lon="-83.82856"/>
      <trkpt lat="37.43497" lon="-83.82854"/>
      <trkpt lat="37.43488" lon="-83.8285"/>
      <trkpt lat="37.43481" lon="-83.82845"/>
      <trkpt lat="37.43469" lon="-83.82833"/>
      <trkpt lat="37.43458" lon="-83.82822"/>
      <trkpt lat="37.4345" lon="-83.82815"/>
      <trkpt lat="37.43374" lon="-83.82749"/>
      <trkpt lat="37.43366" lon="-83.8274"/>
      <trkpt lat="37.43361" lon="-83.82732"/>
      <trkpt lat="37.43353" lon="-83.82718"/>
      <trkpt lat="37.43348" lon="-83.82706"/>
      <trkpt lat="37.43344" lon="-83.82692"/>
      <trkpt lat="37.4334" lon="-83.82679"/>
      <trkpt lat="37.43334" lon="-83.82656"/>
      <trkpt lat="37.43332" lon="-83.82651"/>
      <trkpt lat="37.43328" lon="-83.82638"/>
      <trkpt lat="37.43323" lon="-83.82624"/>
      <trkpt lat="37.43319" lon="-83.82612"/>
      <trkpt lat="37.43314" lon="-83.82599"/>
      <trkpt lat="37.4331" lon="-83.82586"/>
      <trkpt lat="37.43306" lon="-83.82573"/>
      <trkpt lat="37.43302" lon="-83.8256"/>
      <trkpt lat="37.433" lon="-83.82547"/>
      <trkpt lat="37.43289" lon="-83.82508"/>
      <trkpt lat="37.43283" lon="-83.82495"/>
      <trkpt lat="37.43277" lon="-83.82484"/>
      <trkpt lat="37.43247" lon="-83.82442"/>
      <trkpt lat="37.4324" lon="-83.82432"/>
      <trkpt lat="37.43196" lon="-83.82344"/>
      <trkpt lat="37.43186" lon="-83.82321"/>
      <trkpt lat="37.4318" lon="-83.8231"/>
      <trkpt lat="37.43171" lon="-83.8229"/>
      <trkpt lat="37.43165" lon="-83.82276"/>
      <trkpt lat="37.4316" lon="-83.82265"/>
      <trkpt lat="37.43153" lon="-83.82253"/>
      <trkpt lat="37.43157" lon="-83.82247"/>
      <trkpt lat="37.43165" lon="-83.82236"/>
      <trkpt lat="37.43178" lon="-83.82217"/>
      <trkpt lat="37.43183" lon="-83.8221"/>
      <trkpt lat="37.43188" lon="-83.82202"/>
      <trkpt lat="37.43202" lon="-83.82189"/>
      <trkpt lat="37.4321" lon="-83.82183"/>
      <trkpt lat="37.43218" lon="-83.82178"/>
      <trkpt lat="37.43233" lon="-83.82168"/>
      <trkpt lat="37.43241" lon="-83.82163"/>
      <trkpt lat="37.43248" lon="-83.82158"/>
      <trkpt lat="37.43256" lon="-83.82153"/>
      <trkpt lat="37.43264" lon="-83.82147"/>
      <trkpt lat="37.43271" lon="-83.82142"/>
      <trkpt lat="37.43279" lon="-83.82138"/>
      <trkpt lat="37.43287" lon="-83.82134"/>
      <trkpt lat="37.43295" lon="-83.82132"/>
      <trkpt lat="37.43303" lon="-83.8213"/>
      <trkpt lat="37.43311" lon="-83.82128"/>
      <trkpt lat="37.43318" lon="-83.82126"/>
      <trkpt lat="37.43325" lon="-83.82123"/>
      <trkpt lat="37.43331" lon="-83.82119"/>
      <trkpt lat="37.43337" lon="-83.82114"/>
      <trkpt lat="37.43349" lon="-83.82102"/>
      <trkpt lat="37.43355" lon="-83.82097"/>
      <trkpt lat="37.43362" lon="-83.82091"/>
      <trkpt lat="37.43369" lon="-83.82085"/>
      <trkpt lat="37.43375" lon="-83.8208"/>
      <trkpt lat="37.43381" lon="-83.82074"/>
      <trkpt lat="37.43387" lon="-83.82067"/>
      <trkpt lat="37.43392" lon="-83.8206"/>
      <trkpt lat="37.43396" lon="-83.82051"/>
      <trkpt lat="37.43399" lon="-83.82042"/>
      <trkpt lat="37.43401" lon="-83.82031"/>
      <trkpt lat="37.43405" lon="-83.82021"/>
      <trkpt lat="37.43408" lon="-83.82009"/>
      <trkpt lat="37.43412" lon="-83.81999"/>
      <trkpt lat="37.43417" lon="-83.81989"/>
      <trkpt lat="37.43421" lon="-83.81979"/>
      <trkpt lat="37.43426" lon="-83.81969"/>
      <trkpt lat="37.43429" lon="-83.81958"/>
      <trkpt lat="37.43434" lon="-83.8195"/>
      <trkpt lat="37.43438" lon="-83.81941"/>
      <trkpt lat="37.4344" lon="-83.81929"/>
      <trkpt lat="37.43444" lon="-83.81921"/>
      <trkpt lat="37.43448" lon="-83.81914"/>
      <trkpt lat="37.43459" lon="-83.81897"/>
      <trkpt lat="37.43462" lon="-83.81892"/>
      <trkpt lat="37.4347" lon="-83.81879"/>
      <trkpt lat="37.43474" lon="-83.81871"/>
      <trkpt lat="37.43478" lon="-83.81864"/>
      <trkpt lat="37.43482" lon="-83.81856"/>
      <trkpt lat="37.43485" lon="-83.81847"/>
      <trkpt lat="37.43488" lon="-83.81839"/>
      <trkpt lat="37.43496" lon="-83.8182"/>
      <trkpt lat="37.43512" lon="-83.81784"/>
      <trkpt lat="37.43518" lon="-83.81771"/>
      <trkpt lat="37.43523" lon="-83.81761"/>
      <trkpt lat="37.43528" lon="-83.81752"/>
      <trkpt lat="37.43534" lon="-83.81742"/>
      <trkpt lat="37.4354" lon="-83.81733"/>
      <trkpt lat="37.43546" lon="-83.81725"/>
      <trkpt lat="37.43553" lon="-83.81716"/>
      <trkpt lat="37.4356" lon="-83.81708"/>
      <trkpt lat="37.43567" lon="-83.817"/>
      <trkpt lat="37.43582" lon="-83.81683"/>
      <trkpt lat="37.4359" lon="-83.81674"/>
      <trkpt lat="37.43597" lon="-83.81665"/>
      <trkpt lat="37.43604" lon="-83.81656"/>
      <trkpt lat="37.43611" lon="-83.81646"/>
      <trkpt lat="37.43616" lon="-83.81635"/>
      <trkpt lat="37.43621" lon="-83.81623"/>
      <trkpt lat="37.43625" lon="-83.81612"/>
      <trkpt lat="37.43629" lon="-83.816"/>
      <trkpt lat="37.43632" lon="-83.81589"/>
      <trkpt lat="37.43635" lon="-83.81578"/>
      <trkpt lat="37.43642" lon="-83.81553"/>
      <trkpt lat="37.43645" lon="-83.81541"/>
      <trkpt lat="37.43649" lon="-83.81527"/>
      <trkpt lat="37.43647" lon="-83.81523"/>
      <trkpt lat="37.43641" lon="-83.81514"/>
      <trkpt lat="37.43637" lon="-83.81504"/>
      <trkpt lat="37.43633" lon="-83.81493"/>
      <trkpt lat="37.43629" lon="-83.81482"/>
      <trkpt lat="37.43622" lon="-83.81456"/>
      <trkpt lat="37.43617" lon="-83.81442"/>
      <trkpt lat="37.43613" lon="-83.8143"/>
      <trkpt lat="37.43607" lon="-83.81418"/>
      <trkpt lat="37.43599" lon="-83.81408"/>
      <trkpt lat="37.4359" lon="-83.81401"/>
      <trkpt lat="37.4358" lon="-83.81397"/>
      <trkpt lat="37.43568" lon="-83.81394"/>
      <trkpt lat="37.43556" lon="-83.81391"/>
      <trkpt lat="37.43545" lon="-83.81385"/>
      <trkpt lat="37.43534" lon="-83.81378"/>
      <trkpt lat="37.43523" lon="-83.81369"/>
      <trkpt lat="37.43511" lon="-83.8136"/>
      <trkpt lat="37.435" lon="-83.81351"/>
      <trkpt lat="37.43487" lon="-83.81342"/>
      <trkpt lat="37.43474" lon="-83.81333"/>
      <trkpt lat="37.43461" lon="-83.81325"/>
      <trkpt lat="37.43448" lon="-83.81317"/>
      <trkpt lat="37.43436" lon="-83.81309"/>
      <trkpt lat="37.43424" lon="-83.81299"/>
      <trkpt lat="37.43413" lon="-83.8129"/>
      <trkpt lat="37.43403" lon="-83.81281"/>
      <trkpt lat="37.43393" lon="-83.81271"/>
      <trkpt lat="37.43384" lon="-83.81261"/>
      <trkpt lat="37.43374" lon="-83.81253"/>
      <trkpt lat="37.43363" lon="-83.81246"/>
      <trkpt lat="37.43352" lon="-83.8124"/>
      <trkpt lat="37.43342" lon="-83.81233"/>
      <trkpt lat="37.43334" lon="-83.81225"/>
      <trkpt lat="37.43326" lon="-83.81216"/>
      <trkpt lat="37.43317" lon="-83.81207"/>
      <trkpt lat="37.43308" lon="-83.81196"/>
      <trkpt lat="37.43299" lon="-83.81186"/>
      <trkpt lat="37.43289" lon="-83.81174"/>
      <trkpt lat="37.43281" lon="-83.81168"/>
      <trkpt lat="37.43269" lon="-83.81165"/>
      <trkpt lat="37.43258" lon="-83.81168"/>
      <trkpt lat="37.43232" lon="-83.81179"/>
      <trkpt lat="37.43193" lon="-83.81194"/>
      <trkpt lat="37.43175" lon="-83.81202"/>
      <trkpt lat="37.43106" lon="-83.81229"/>
      <trkpt lat="37.43067" lon="-83.81244"/>
      <trkpt lat="37.43044" lon="-83.81245"/>
      <trkpt lat="37.43024" lon="-83.81239"/>
      <trkpt lat="37.43007" lon="-83.81223"/>
      <trkpt lat="37.42992" lon="-83.81203"/>
      <trkpt lat="37.42981" lon="-83.81174"/>
      <trkpt lat="37.42971" lon="-83.81146"/>
      <trkpt lat="37.42955" lon="-83.81104"/>
      <trkpt lat="37.42937" lon="-83.81059"/>
      <trkpt lat="37.4293" lon="-83.81022"/>
      <trkpt lat="37.42929" lon="-83.80992"/>
      <trkpt lat="37.42932" lon="-83.80974"/>
      <trkpt lat="37.42934" lon="-83.80958"/>
      <trkpt lat="37.42935" lon="-83.80947"/>
      <trkpt lat="37.42938" lon="-83.80937"/>
      <trkpt lat="37.4294" lon="-83.80927"/>
      <trkpt lat="37.42942" lon="-83.80917"/>
      <trkpt lat="37.42944" lon="-83.80907"/>
      <trkpt lat="37.42945" lon="-83.80898"/>
      <trkpt lat="37.42946" lon="-83.80889"/>
      <trkpt lat="37.42946" lon="-83.8088"/>
      <trkpt lat="37.42945" lon="-83.8087"/>
      <trkpt lat="37.42944" lon="-83.80852"/>
      <trkpt lat="37.42943" lon="-83.80842"/>
      <trkpt lat="37.42943" lon="-83.8083"/>
      <trkpt lat="37.42942" lon="-83.80805"/>
      <trkpt lat="37.42942" lon="-83.80792"/>
      <trkpt lat="37.42942" lon="-83.80763"/>
      <trkpt lat="37.42943" lon="-83.80747"/>
      <trkpt lat="37.42944" lon="-83.80716"/>
      <trkpt lat="37.42945" lon="-83.80683"/>
      <trkpt lat="37.42946" lon="-83.80665"/>
      <trkpt lat="37.42949" lon="-83.80648"/>
      <trkpt lat="37.42954" lon="-83.80615"/>
      <trkpt lat="37.42957" lon="-83.80599"/>
      <trkpt lat="37.42959" lon="-83.80583"/>
      <trkpt lat="37.42961" lon="-83.80568"/>
      <trkpt lat="37.42964" lon="-83.80553"/>
      <trkpt lat="37.42967" lon="-83.80537"/>
      <trkpt lat="37.42971" lon="-83.80521"/>
      <trkpt lat="37.42976" lon="-83.80505"/>
      <trkpt lat="37.4298" lon="-83.8049"/>
      <trkpt lat="37.42994" lon="-83.80445"/>
      <trkpt lat="37.42998" lon="-83.80431"/>
      <trkpt lat="37.43004" lon="-83.80406"/>
      <trkpt lat="37.43005" lon="-83.80402"/>
      <trkpt lat="37.4301" lon="-83.80388"/>
      <trkpt lat="37.43015" lon="-83.80375"/>
      <trkpt lat="37.43022" lon="-83.80362"/>
      <trkpt lat="37.43037" lon="-83.80338"/>
      <trkpt lat="37.43044" lon="-83.80325"/>
      <trkpt lat="37.4305" lon="-83.80312"/>
      <trkpt lat="37.43057" lon="-83.80299"/>
      <trkpt lat="37.43062" lon="-83.80286"/>
      <trkpt lat="37.43067" lon="-83.80274"/>
      <trkpt lat="37.43071" lon="-83.80261"/>
      <trkpt lat="37.43075" lon="-83.8025"/>
      <trkpt lat="37.43077" lon="-83.80238"/>
      <trkpt lat="37.43079" lon="-83.80226"/>
      <trkpt lat="37.43082" lon="-83.80206"/>
      <trkpt lat="37.43083" lon="-83.802"/>
      <trkpt lat="37.43084" lon="-83.80188"/>
      <trkpt lat="37.43087" lon="-83.80174"/>
      <trkpt lat="37.43089" lon="-83.8016"/>
      <trkpt lat="37.4309" lon="-83.80147"/>
      <trkpt lat="37.43089" lon="-83.80133"/>
      <trkpt lat="37.43087" lon="-83.80121"/>
      <trkpt lat="37.43083" lon="-83.80108"/>
      <trkpt lat="37.43074" lon="-83.80081"/>
      <trkpt lat="37.4307" lon="-83.80069"/>
      <trkpt lat="37.43065" lon="-83.80057"/>
      <trkpt lat="37.43061" lon="-83.80046"/>
      <trkpt lat="37.43059" lon="-83.80035"/>
      <trkpt lat="37.43058" lon="-83.80026"/>
      <trkpt lat="37.43058" lon="-83.80022"/>
      <trkpt lat="37.4306" lon="-83.8001"/>
      <trkpt lat="37.43062" lon="-83.79997"/>
      <trkpt lat="37.43064" lon="-83.79984"/>
      <trkpt lat="37.43065" lon="-83.79975"/>
      <trkpt lat="37.43065" lon="-83.79971"/>
      <trkpt lat="37.43068" lon="-83.79959"/>
      <trkpt lat="37.43071" lon="-83.79947"/>
      <trkpt lat="37.43076" lon="-83.79936"/>
      <trkpt lat="37.43088" lon="-83.79888"/>
      <trkpt lat="37.4309" lon="-83.79875"/>
      <trkpt lat="37.4309" lon="-83.7987"/>
      <trkpt lat="37.4309" lon="-83.79862"/>
      <trkpt lat="37.4309" lon="-83.79848"/>
      <trkpt lat="37.43091" lon="-83.79816"/>
      <trkpt lat="37.43092" lon="-83.798"/>
      <trkpt lat="37.43094" lon="-83.79766"/>
      <trkpt lat="37.43096" lon="-83.79749"/>
      <trkpt lat="37.43102" lon="-83.79718"/>
      <trkpt lat="37.43104" lon="-83.79703"/>
      <trkpt lat="37.43107" lon="-83.7969"/>
      <trkpt lat="37.4311" lon="-83.79677"/>
      <trkpt lat="37.43114" lon="-83.79664"/>
      <trkpt lat="37.43119" lon="-83.79653"/>
      <trkpt lat="37.43126" lon="-83.79642"/>
      <trkpt lat="37.4314" lon="-83.79621"/>
      <trkpt lat="37.43146" lon="-83.7961"/>
      <trkpt lat="37.43152" lon="-83.79599"/>
      <trkpt lat="37.43156" lon="-83.79586"/>
      <trkpt lat="37.4316" lon="-83.79573"/>
      <trkpt lat="37.43163" lon="-83.7956"/>
      <trkpt lat="37.43165" lon="-83.79547"/>
      <trkpt lat="37.43166" lon="-83.79534"/>
      <trkpt lat="37.43167" lon="-83.79522"/>
      <trkpt lat="37.43167" lon="-83.7951"/>
      <trkpt lat="37.43167" lon="-83.79499"/>
      <trkpt lat="37.43167" lon="-83.79488"/>
      <trkpt lat="37.43166" lon="-83.79477"/>
      <trkpt lat="37.43167" lon="-83.79467"/>
      <trkpt lat="37.43168" lon="-83.79462"/>
      <trkpt lat="37.43169" lon="-83.79456"/>
      <trkpt lat="37.43172" lon="-83.79445"/>
      <trkpt lat="37.43175" lon="-83.79435"/>
      <trkpt lat="37.43178" lon="-83.79425"/>
      <trkpt lat="37.4318" lon="-83.79416"/>
      <trkpt lat="37.43181" lon="-83.79407"/>
      <trkpt lat="37.43182" lon="-83.79397"/>
      <trkpt lat="37.43182" lon="-83.79387"/>
      <trkpt lat="37.43184" lon="-83.79376"/>
      <trkpt lat="37.43187" lon="-83.79366"/>
      <trkpt lat="37.43192" lon="-83.79356"/>
      <trkpt lat="37.43208" lon="-83.79324"/>
      <trkpt lat="37.43213" lon="-83.79313"/>
      <trkpt lat="37.43218" lon="-83.79301"/>
      <trkpt lat="37.4322" lon="-83.79292"/>
      <trkpt lat="37.43226" lon="-83.79261"/>
      <trkpt lat="37.43228" lon="-83.79245"/>
      <trkpt lat="37.4323" lon="-83.79229"/>
      <trkpt lat="37.43232" lon="-83.79213"/>
      <trkpt lat="37.43234" lon="-83.79181"/>
      <trkpt lat="37.43235" lon="-83.79165"/>
      <trkpt lat="37.43236" lon="-83.79148"/>
      <trkpt lat="37.43237" lon="-83.79134"/>
      <trkpt lat="37.43239" lon="-83.79119"/>
      <trkpt lat="37.43241" lon="-83.79104"/>
      <trkpt lat="37.43245" lon="-83.79076"/>
      <trkpt lat="37.43246" lon="-83.79062"/>
      <trkpt lat="37.43249" lon="-83.7905"/>
      <trkpt lat="37.43252" lon="-83.79039"/>
      <trkpt lat="37.43255" lon="-83.79028"/>
      <trkpt lat="37.4326" lon="-83.7902"/>
      <trkpt lat="37.43267" lon="-83.79013"/>
      <trkpt lat="37.43274" lon="-83.79011"/>
      <trkpt lat="37.43281" lon="-83.7901"/>
      <trkpt lat="37.43288" lon="-83.79011"/>
      <trkpt lat="37.43291" lon="-83.79012"/>
      <trkpt lat="37.43295" lon="-83.79013"/>
      <trkpt lat="37.43302" lon="-83.79015"/>
      <trkpt lat="37.43309" lon="-83.79017"/>
      <trkpt lat="37.43317" lon="-83.79018"/>
      <trkpt lat="37.43325" lon="-83.7902"/>
      <trkpt lat="37.43344" lon="-83.79024"/>
      <trkpt lat="37.43365" lon="-83.79029"/>
      <trkpt lat="37.43384" lon="-83.79032"/>
      <trkpt lat="37.43394" lon="-83.79033"/>
      <trkpt lat="37.43403" lon="-83.79033"/>
      <trkpt lat="37.43411" lon="-83.79031"/>
      <trkpt lat="37.43419" lon="-83.79029"/>
      <trkpt lat="37.43425" lon="-83.79026"/>
      <trkpt lat="37.43435" lon="-83.79022"/>
      <trkpt lat="37.43451" lon="-83.7902"/>
      <trkpt lat="37.43467" lon="-83.79023"/>
      <trkpt lat="37.43475" lon="-83.79025"/>
      <trkpt lat="37.43513" lon="-83.79035"/>
      <trkpt lat="37.43531" lon="-83.7904"/>
      <trkpt lat="37.43585" lon="-83.79055"/>
      <trkpt lat="37.43602" lon="-83.7906"/>
      <trkpt lat="37.43619" lon="-83.79064"/>
      <trkpt lat="37.43635" lon="-83.79067"/>
      <trkpt lat="37.43652" lon="-83.7907"/>
      <trkpt lat="37.43663" lon="-83.79071"/>
      <trkpt lat="37.43652" lon="-83.7907"/>
      <trkpt lat="37.43669" lon="-83.79071"/>
      <trkpt lat="37.43686" lon="-83.79072"/>
      <trkpt lat="37.43705" lon="-83.79073"/>
      <trkpt lat="37.43743" lon="-83.79075"/>
      <trkpt lat="37.43762" lon="-83.79076"/>
      <trkpt lat="37.43781" lon="-83.79077"/>
      <trkpt lat="37.43798" lon="-83.79078"/>
      <trkpt lat="37.43814" lon="-83.79077"/>
      <trkpt lat="37.4383" lon="-83.79073"/>
      <trkpt lat="37.43845" lon="-83.79067"/>
      <trkpt lat="37.43861" lon="-83.7906"/>
      <trkpt lat="37.43876" lon="-83.7905"/>
      <trkpt lat="37.4389" lon="-83.79041"/>
      <trkpt lat="37.43903" lon="-83.79031"/>
      <trkpt lat="37.43916" lon="-83.79021"/>
      <trkpt lat="37.43928" lon="-83.79011"/>
      <trkpt lat="37.4394" lon="-83.79"/>
      <trkpt lat="37.43953" lon="-83.78991"/>
      <trkpt lat="37.43965" lon="-83.78985"/>
      <trkpt lat="37.43978" lon="-83.78983"/>
      <trkpt lat="37.43992" lon="-83.78985"/>
      <trkpt lat="37.44005" lon="-83.7899"/>
      <trkpt lat="37.4402" lon="-83.78995"/>
      <trkpt lat="37.44036" lon="-83.79"/>
      <trkpt lat="37.4407" lon="-83.7901"/>
      <trkpt lat="37.44088" lon="-83.79015"/>
      <trkpt lat="37.44095" lon="-83.79016"/>
      <trkpt lat="37.44106" lon="-83.79018"/>
      <trkpt lat="37.44124" lon="-83.79023"/>
      <trkpt lat="37.44142" lon="-83.79027"/>
      <trkpt lat="37.44161" lon="-83.79032"/>
      <trkpt lat="37.44178" lon="-83.79037"/>
      <trkpt lat="37.44196" lon="-83.79044"/>
      <trkpt lat="37.44211" lon="-83.79051"/>
      <trkpt lat="37.44226" lon="-83.79056"/>
      <trkpt lat="37.44241" lon="-83.7906"/>
      <trkpt lat="37.44256" lon="-83.79061"/>
      <trkpt lat="37.44271" lon="-83.79059"/>
      <trkpt lat="37.44287" lon="-83.79054"/>
      <trkpt lat="37.44304" lon="-83.79047"/>
      <trkpt lat="37.4432" lon="-83.79039"/>
      <trkpt lat="37.44335" lon="-83.79032"/>
      <trkpt lat="37.44348" lon="-83.79023"/>
      <trkpt lat="37.4436" lon="-83.79014"/>
      <trkpt lat="37.44369" lon="-83.79003"/>
      <trkpt lat="37.44379" lon="-83.7899"/>
      <trkpt lat="37.44389" lon="-83.78978"/>
      <trkpt lat="37.44398" lon="-83.78968"/>
      <trkpt lat="37.4441" lon="-83.78961"/>
      <trkpt lat="37.44423" lon="-83.78956"/>
      <trkpt lat="37.44437" lon="-83.78954"/>
      <trkpt lat="37.44452" lon="-83.78954"/>
      <trkpt lat="37.44467" lon="-83.78955"/>
      <trkpt lat="37.44483" lon="-83.78957"/>
      <trkpt lat="37.44498" lon="-83.78959"/>
      <trkpt lat="37.44511" lon="-83.78963"/>
      <trkpt lat="37.44524" lon="-83.78967"/>
      <trkpt lat="37.44536" lon="-83.78973"/>
      <trkpt lat="37.44547" lon="-83.78981"/>
      <trkpt lat="37.44577" lon="-83.79005"/>
      <trkpt lat="37.44567" lon="-83.79031"/>
      <trkpt lat="37.44564" lon="-83.79038"/>
      <trkpt lat="37.44563" lon="-83.79046"/>
      <trkpt lat="37.44562" lon="-83.79053"/>
      <trkpt lat="37.44561" lon="-83.79059"/>
      <trkpt lat="37.4456" lon="-83.79067"/>
      <trkpt lat="37.4456" lon="-83.79073"/>
      <trkpt lat="37.44561" lon="-83.79093"/>
      <trkpt lat="37.44563" lon="-83.79109"/>
      <trkpt lat="37.44566" lon="-83.79127"/>
      <trkpt lat="37.44574" lon="-83.79185"/>
      <trkpt lat="37.44581" lon="-83.79212"/>
      <trkpt lat="37.44592" lon="-83.79237"/>
      <trkpt lat="37.44612" lon="-83.79261"/>
      <trkpt lat="37.44803" lon="-83.79035"/>
      <trkpt lat="37.44856" lon="-83.78973"/>
      <trkpt lat="37.44871" lon="-83.78992"/>
      <trkpt lat="37.44882" lon="-83.78997"/>
      <trkpt lat="37.44893" lon="-83.78992"/>
      <trkpt lat="37.44919" lon="-83.78967"/>
      <trkpt lat="37.44938" lon="-83.78958"/>
      <trkpt lat="37.44947" lon="-83.7896"/>
      <trkpt lat="37.44958" lon="-83.78961"/>
      <trkpt lat="37.4497" lon="-83.78961"/>
      <trkpt lat="37.44983" lon="-83.7896"/>
      <trkpt lat="37.44998" lon="-83.78959"/>
      <trkpt lat="37.45008" lon="-83.78958"/>
      <trkpt lat="37.45012" lon="-83.78957"/>
      <trkpt lat="37.45026" lon="-83.78956"/>
      <trkpt lat="37.4504" lon="-83.78954"/>
      <trkpt lat="37.45054" lon="-83.78952"/>
      <trkpt lat="37.45057" lon="-83.78951"/>
      <trkpt lat="37.45067" lon="-83.78949"/>
      <trkpt lat="37.4508" lon="-83.78943"/>
      <trkpt lat="37.45092" lon="-83.78937"/>
      <trkpt lat="37.45104" lon="-83.7893"/>
      <trkpt lat="37.45115" lon="-83.78923"/>
      <trkpt lat="37.45127" lon="-83.78917"/>
      <trkpt lat="37.45141" lon="-83.78912"/>
      <trkpt lat="37.45156" lon="-83.78906"/>
      <trkpt lat="37.45187" lon="-83.78893"/>
      <trkpt lat="37.45216" lon="-83.78879"/>
      <trkpt lat="37.45231" lon="-83.78873"/>
      <trkpt lat="37.45245" lon="-83.78867"/>
      <trkpt lat="37.45259" lon="-83.78863"/>
      <trkpt lat="37.45273" lon="-83.78861"/>
      <trkpt lat="37.45287" lon="-83.7886"/>
      <trkpt lat="37.45303" lon="-83.7886"/>
      <trkpt lat="37.45384" lon="-83.78864"/>
      <trkpt lat="37.45401" lon="-83.78865"/>
      <trkpt lat="37.4543" lon="-83.78868"/>
      <trkpt lat="37.45445" lon="-83.7887"/>
      <trkpt lat="37.4546" lon="-83.78872"/>
      <trkpt lat="37.45463" lon="-83.78873"/>
      <trkpt lat="37.45474" lon="-83.78875"/>
      <trkpt lat="37.45489" lon="-83.78877"/>
      <trkpt lat="37.45504" lon="-83.7888"/>
      <trkpt lat="37.45519" lon="-83.78881"/>
      <trkpt lat="37.4555" lon="-83.78885"/>
      <trkpt lat="37.45564" lon="-83.78887"/>
      <trkpt lat="37.45577" lon="-83.7889"/>
      <trkpt lat="37.45589" lon="-83.78896"/>
      <trkpt lat="37.456" lon="-83.78903"/>
      <trkpt lat="37.45611" lon="-83.78912"/>
      <trkpt lat="37.45621" lon="-83.78922"/>
      <trkpt lat="37.4563" lon="-83.78934"/>
      <trkpt lat="37.45638" lon="-83.78948"/>
      <trkpt lat="37.45645" lon="-83.78963"/>
      <trkpt lat="37.45651" lon="-83.78978"/>
      <trkpt lat="37.45656" lon="-83.78995"/>
      <trkpt lat="37.4566" lon="-83.79012"/>
      <trkpt lat="37.45664" lon="-83.7903"/>
      <trkpt lat="37.45668" lon="-83.79047"/>
      <trkpt lat="37.45671" lon="-83.79064"/>
      <trkpt lat="37.45674" lon="-83.7908"/>
      <trkpt lat="37.45674" lon="-83.79096"/>
      <trkpt lat="37.45673" lon="-83.79111"/>
      <trkpt lat="37.4567" lon="-83.79126"/>
      <trkpt lat="37.45665" lon="-83.7914"/>
      <trkpt lat="37.4566" lon="-83.79155"/>
      <trkpt lat="37.45655" lon="-83.7917"/>
      <trkpt lat="37.45653" lon="-83.79186"/>
      <trkpt lat="37.45651" lon="-83.79201"/>
      <trkpt lat="37.45652" lon="-83.79217"/>
      <trkpt lat="37.45654" lon="-83.79232"/>
      <trkpt lat="37.45657" lon="-83.79249"/>
      <trkpt lat="37.45661" lon="-83.79265"/>
      <trkpt lat="37.45663" lon="-83.79271"/>
      <trkpt lat="37.45665" lon="-83.79281"/>
      <trkpt lat="37.45667" lon="-83.79291"/>
      <trkpt lat="37.45669" lon="-83.79298"/>
      <trkpt lat="37.45672" lon="-83.79315"/>
      <trkpt lat="37.45674" lon="-83.79331"/>
      <trkpt lat="37.45678" lon="-83.79346"/>
      <trkpt lat="37.45682" lon="-83.79359"/>
      <trkpt lat="37.45688" lon="-83.7937"/>
      <trkpt lat="37.45695" lon="-83.79379"/>
      <trkpt lat="37.45704" lon="-83.79386"/>
      <trkpt lat="37.45715" lon="-83.79393"/>
      <trkpt lat="37.45727" lon="-83.794"/>
      <trkpt lat="37.45739" lon="-83.79407"/>
      <trkpt lat="37.4575" lon="-83.79415"/>
      <trkpt lat="37.45761" lon="-83.79425"/>
      <trkpt lat="37.4577" lon="-83.79435"/>
      <trkpt lat="37.4578" lon="-83.79446"/>
      <trkpt lat="37.45789" lon="-83.79455"/>
      <trkpt lat="37.458" lon="-83.79463"/>
      <trkpt lat="37.4581" lon="-83.79469"/>
      <trkpt lat="37.45821" lon="-83.79473"/>
      <trkpt lat="37.45833" lon="-83.79475"/>
      <trkpt lat="37.45844" lon="-83.79475"/>
      <trkpt lat="37.45857" lon="-83.79476"/>
      <trkpt lat="37.4587" lon="-83.79476"/>
      <trkpt lat="37.45883" lon="-83.79479"/>
      <trkpt lat="37.45897" lon="-83.79482"/>
      <trkpt lat="37.45911" lon="-83.79487"/>
      <trkpt lat="37.45926" lon="-83.79491"/>
      <trkpt lat="37.45941" lon="-83.79497"/>
      <trkpt lat="37.45954" lon="-83.79503"/>
      <trkpt lat="37.45967" lon="-83.7951"/>
      <trkpt lat="37.45979" lon="-83.79516"/>
      <trkpt lat="37.45998" lon="-83.79529"/>
      <trkpt lat="37.46007" lon="-83.79534"/>
      <trkpt lat="37.46015" lon="-83.79537"/>
      <trkpt lat="37.46022" lon="-83.79538"/>
      <trkpt lat="37.46027" lon="-83.79536"/>
      <trkpt lat="37.46031" lon="-83.79533"/>
      <trkpt lat="37.46034" lon="-83.79529"/>
      <trkpt lat="37.46036" lon="-83.79526"/>
      <trkpt lat="37.46037" lon="-83.79521"/>
      <trkpt lat="37.46039" lon="-83.79517"/>
      <trkpt lat="37.46042" lon="-83.79512"/>
      <trkpt lat="37.46046" lon="-83.79505"/>
      <trkpt lat="37.46051" lon="-83.795"/>
      <trkpt lat="37.46055" lon="-83.79496"/>
      <trkpt lat="37.4606" lon="-83.79492"/>
      <trkpt lat="37.46081" lon="-83.79478"/>
      <trkpt lat="37.46084" lon="-83.79476"/>
      <trkpt lat="37.4609" lon="-83.79472"/>
      <trkpt lat="37.461" lon="-83.79467"/>
      <trkpt lat="37.46111" lon="-83.79464"/>
      <trkpt lat="37.46122" lon="-83.79462"/>
      <trkpt lat="37.46134" lon="-83.7946"/>
      <trkpt lat="37.46146" lon="-83.79458"/>
      <trkpt lat="37.46159" lon="-83.79456"/>
      <trkpt lat="37.46172" lon="-83.79455"/>
      <trkpt lat="37.46185" lon="-83.79454"/>
      <trkpt lat="37.46197" lon="-83.79455"/>
      <trkpt lat="37.4621" lon="-83.79456"/>
      <trkpt lat="37.46222" lon="-83.79459"/>
      <trkpt lat="37.46234" lon="-83.79464"/>
      <trkpt lat="37.46244" lon="-83.79469"/>
      <trkpt lat="37.46255" lon="-83.79476"/>
      <trkpt lat="37.46265" lon="-83.79483"/>
      <trkpt lat="37.46274" lon="-83.79492"/>
      <trkpt lat="37.46281" lon="-83.795"/>
      <trkpt lat="37.46289" lon="-83.79509"/>
      <trkpt lat="37.46296" lon="-83.79517"/>
      <trkpt lat="37.46307" lon="-83.79526"/>
      <trkpt lat="37.46315" lon="-83.79534"/>
      <trkpt lat="37.46324" lon="-83.79543"/>
      <trkpt lat="37.46333" lon="-83.7955"/>
      <trkpt lat="37.46343" lon="-83.79557"/>
      <trkpt lat="37.46353" lon="-83.79562"/>
      <trkpt lat="37.46363" lon="-83.79567"/>
      <trkpt lat="37.46373" lon="-83.79569"/>
      <trkpt lat="37.46383" lon="-83.79571"/>
      <trkpt lat="37.46408" lon="-83.79576"/>
      <trkpt lat="37.46421" lon="-83.79579"/>
      <trkpt lat="37.46434" lon="-83.79582"/>
      <trkpt lat="37.46448" lon="-83.79584"/>
      <trkpt lat="37.46461" lon="-83.79588"/>
      <trkpt lat="37.46472" lon="-83.79591"/>
      <trkpt lat="37.46492" lon="-83.796"/>
      <trkpt lat="37.46501" lon="-83.79603"/>
      <trkpt lat="37.46516" lon="-83.79609"/>
      <trkpt lat="37.46525" lon="-83.79612"/>
      <trkpt lat="37.46535" lon="-83.79615"/>
      <trkpt lat="37.46541" lon="-83.79617"/>
      <trkpt lat="37.46546" lon="-83.79619"/>
      <trkpt lat="37.46559" lon="-83.79623"/>
      <trkpt lat="37.46572" lon="-83.79627"/>
      <trkpt lat="37.46585" lon="-83.79631"/>
      <trkpt lat="37.46598" lon="-83.79634"/>
      <trkpt lat="37.4661" lon="-83.79638"/>
      <trkpt lat="37.46623" lon="-83.79641"/>
      <trkpt lat="37.46636" lon="-83.79644"/>
      <trkpt lat="37.46649" lon="-83.79648"/>
      <trkpt lat="37.46661" lon="-83.79652"/>
      <trkpt lat="37.46673" lon="-83.79657"/>
      <trkpt lat="37.46685" lon="-83.79663"/>
      <trkpt lat="37.46702" lon="-83.79671"/>
      <trkpt lat="37.4671" lon="-83.79675"/>
      <trkpt lat="37.46722" lon="-83.79681"/>
      <trkpt lat="37.46734" lon="-83.79688"/>
      <trkpt lat="37.4674" lon="-83.79692"/>
      <trkpt lat="37.46745" lon="-83.79695"/>
      <trkpt lat="37.46757" lon="-83.79704"/>
      <trkpt lat="37.46772" lon="-83.79716"/>
      <trkpt lat="37.46782" lon="-83.79724"/>
      <trkpt lat="37.46821" lon="-83.79759"/>
      <trkpt lat="37.46834" lon="-83.7977"/>
      <trkpt lat="37.46863" lon="-83.79792"/>
      <trkpt lat="37.46877" lon="-83.79804"/>
      <trkpt lat="37.46891" lon="-83.79815"/>
      <trkpt lat="37.46905" lon="-83.79828"/>
      <trkpt lat="37.46919" lon="-83.7984"/>
      <trkpt lat="37.46932" lon="-83.79852"/>
      <trkpt lat="37.46957" lon="-83.79875"/>
      <trkpt lat="37.46969" lon="-83.79885"/>
      <trkpt lat="37.46979" lon="-83.79894"/>
      <trkpt lat="37.46988" lon="-83.79902"/>
      <trkpt lat="37.46998" lon="-83.79906"/>
      <trkpt lat="37.47008" lon="-83.79908"/>
      <trkpt lat="37.47018" lon="-83.79909"/>
      <trkpt lat="37.47028" lon="-83.79908"/>
      <trkpt lat="37.47036" lon="-83.79906"/>
      <trkpt lat="37.47044" lon="-83.79903"/>
      <trkpt lat="37.47051" lon="-83.79902"/>
      <trkpt lat="37.47058" lon="-83.79902"/>
      <trkpt lat="37.47065" lon="-83.79906"/>
      <trkpt lat="37.47072" lon="-83.7991"/>
      <trkpt lat="37.47089" lon="-83.79921"/>
      <trkpt lat="37.47097" lon="-83.79927"/>
      <trkpt lat="37.47108" lon="-83.79934"/>
      <trkpt lat="37.47115" lon="-83.79939"/>
      <trkpt lat="37.47125" lon="-83.79946"/>
      <trkpt lat="37.47131" lon="-83.79953"/>
      <trkpt lat="37.47134" lon="-83.79957"/>
      <trkpt lat="37.47146" lon="-83.7996"/>
      <trkpt lat="37.47158" lon="-83.79967"/>
      <trkpt lat="37.47181" lon="-83.79981"/>
      <trkpt lat="37.47193" lon="-83.79989"/>
      <trkpt lat="37.47205" lon="-83.79996"/>
      <trkpt lat="37.47216" lon="-83.80005"/>
      <trkpt lat="37.47226" lon="-83.80014"/>
      <trkpt lat="37.47236" lon="-83.80024"/>
      <trkpt lat="37.47247" lon="-83.80033"/>
      <trkpt lat="37.47258" lon="-83.80042"/>
      <trkpt lat="37.47269" lon="-83.80049"/>
      <trkpt lat="37.4728" lon="-83.80054"/>
      <trkpt lat="37.47303" lon="-83.80062"/>
      <trkpt lat="37.47314" lon="-83.80067"/>
      <trkpt lat="37.47325" lon="-83.80073"/>
      <trkpt lat="37.47335" lon="-83.8008"/>
      <trkpt lat="37.47346" lon="-83.80088"/>
      <trkpt lat="37.47356" lon="-83.80096"/>
      <trkpt lat="37.47367" lon="-83.80105"/>
      <trkpt lat="37.47377" lon="-83.80113"/>
      <trkpt lat="37.47388" lon="-83.80121"/>
      <trkpt lat="37.47407" lon="-83.80136"/>
      <trkpt lat="37.47416" lon="-83.80142"/>
      <trkpt lat="37.4743" lon="-83.80157"/>
      <trkpt lat="37.47436" lon="-83.80167"/>
      <trkpt lat="37.47439" lon="-83.80178"/>
      <trkpt lat="37.47441" lon="-83.8019"/>
      <trkpt lat="37.47444" lon="-83.80227"/>
      <trkpt lat="37.47445" lon="-83.8024"/>
      <trkpt lat="37.47447" lon="-83.80253"/>
      <trkpt lat="37.47448" lon="-83.80266"/>
      <trkpt lat="37.47449" lon="-83.80279"/>
      <trkpt lat="37.47445" lon="-83.8032"/>
      <trkpt lat="37.47443" lon="-83.80333"/>
      <trkpt lat="37.47441" lon="-83.80346"/>
      <trkpt lat="37.47437" lon="-83.8037"/>
      <trkpt lat="37.47433" lon="-83.80393"/>
      <trkpt lat="37.4743" lon="-83.80406"/>
      <trkpt lat="37.47428" lon="-83.80419"/>
      <trkpt lat="37.47425" lon="-83.80433"/>
      <trkpt lat="37.47422" lon="-83.80446"/>
      <trkpt lat="37.47421" lon="-83.8046"/>
      <trkpt lat="37.4742" lon="-83.80473"/>
      <trkpt lat="37.4742" lon="-83.80486"/>
      <trkpt lat="37.47421" lon="-83.80513"/>
      <trkpt lat="37.47422" lon="-83.80526"/>
      <trkpt lat="37.47424" lon="-83.80539"/>
      <trkpt lat="37.47427" lon="-83.80551"/>
      <trkpt lat="37.4743" lon="-83.80562"/>
      <trkpt lat="37.47434" lon="-83.80574"/>
      <trkpt lat="37.47445" lon="-83.80594"/>
      <trkpt lat="37.47451" lon="-83.80604"/>
      <trkpt lat="37.47463" lon="-83.80627"/>
      <trkpt lat="37.47476" lon="-83.8065"/>
      <trkpt lat="37.47482" lon="-83.80662"/>
      <trkpt lat="37.47488" lon="-83.80673"/>
      <trkpt lat="37.47493" lon="-83.80683"/>
      <trkpt lat="37.47505" lon="-83.80699"/>
      <trkpt lat="37.47512" lon="-83.80706"/>
      <trkpt lat="37.4752" lon="-83.80711"/>
      <trkpt lat="37.47528" lon="-83.80718"/>
      <trkpt lat="37.47537" lon="-83.80727"/>
      <trkpt lat="37.47544" lon="-83.80737"/>
      <trkpt lat="37.47551" lon="-83.80747"/>
      <trkpt lat="37.47558" lon="-83.80757"/>
      <trkpt lat="37.47564" lon="-83.80766"/>
      <trkpt lat="37.4757" lon="-83.80774"/>
      <trkpt lat="37.47575" lon="-83.80781"/>
      <trkpt lat="37.47578" lon="-83.80782"/>
      <trkpt lat="37.47583" lon="-83.80785"/>
      <trkpt lat="37.47586" lon="-83.80785"/>
      <trkpt lat="37.4759" lon="-83.80786"/>
      <trkpt lat="37.47594" lon="-83.80787"/>
      <trkpt lat="37.47598" lon="-83.80789"/>
      <trkpt lat="37.47603" lon="-83.8079"/>
      <trkpt lat="37.47608" lon="-83.80791"/>
      <trkpt lat="37.47619" lon="-83.80793"/>
      <trkpt lat="37.47625" lon="-83.80794"/>
      <trkpt lat="37.47631" lon="-83.80794"/>
      <trkpt lat="37.47637" lon="-83.80795"/>
      <trkpt lat="37.47643" lon="-83.80796"/>
      <trkpt lat="37.47649" lon="-83.80796"/>
      <trkpt lat="37.47655" lon="-83.80795"/>
      <trkpt lat="37.4766" lon="-83.80794"/>
      <trkpt lat="37.47666" lon="-83.80791"/>
      <trkpt lat="37.47671" lon="-83.80788"/>
      <trkpt lat="37.47675" lon="-83.80786"/>
      <trkpt lat="37.47682" lon="-83.8078"/>
      <trkpt lat="37.47685" lon="-83.80776"/>
      <trkpt lat="37.47688" lon="-83.80773"/>
      <trkpt lat="37.47691" lon="-83.8077"/>
      <trkpt lat="37.47698" lon="-83.80762"/>
      <trkpt lat="37.47701" lon="-83.80758"/>
      <trkpt lat="37.47708" lon="-83.8075"/>
      <trkpt lat="37.4771" lon="-83.80747"/>
      <trkpt lat="37.47714" lon="-83.80743"/>
      <trkpt lat="37.47717" lon="-83.80739"/>
      <trkpt lat="37.47721" lon="-83.80735"/>
      <trkpt lat="37.47725" lon="-83.80731"/>
      <trkpt lat="37.47729" lon="-83.80728"/>
      <trkpt lat="37.47739" lon="-83.80721"/>
      <trkpt lat="37.47744" lon="-83.80717"/>
      <trkpt lat="37.4775" lon="-83.80713"/>
      <trkpt lat="37.47755" lon="-83.80709"/>
      <trkpt lat="37.47761" lon="-83.80704"/>
      <trkpt lat="37.47766" lon="-83.80699"/>
      <trkpt lat="37.47786" lon="-83.80679"/>
      <trkpt lat="37.47791" lon="-83.80674"/>
      <trkpt lat="37.478" lon="-83.80664"/>
      <trkpt lat="37.47805" lon="-83.80659"/>
      <trkpt lat="37.47809" lon="-83.80655"/>
      <trkpt lat="37.47813" lon="-83.8065"/>
      <trkpt lat="37.47821" lon="-83.8064"/>
      <trkpt lat="37.47825" lon="-83.80635"/>
      <trkpt lat="37.47829" lon="-83.8063"/>
      <trkpt lat="37.47833" lon="-83.80625"/>
      <trkpt lat="37.47838" lon="-83.8062"/>
      <trkpt lat="37.47846" lon="-83.80611"/>
      <trkpt lat="37.47853" lon="-83.80604"/>
      <trkpt lat="37.47859" lon="-83.80598"/>
      <trkpt lat="37.47864" lon="-83.80591"/>
      <trkpt lat="37.47868" lon="-83.80584"/>
      <trkpt lat="37.47872" lon="-83.80577"/>
      <trkpt lat="37.4788" lon="-83.80561"/>
      <trkpt lat="37.47884" lon="-83.80553"/>
      <trkpt lat="37.47888" lon="-83.80545"/>
      <trkpt lat="37.47895" lon="-83.80532"/>
      <trkpt lat="37.479" lon="-83.80527"/>
      <trkpt lat="37.47904" lon="-83.80523"/>
      <trkpt lat="37.47909" lon="-83.80521"/>
      <trkpt lat="37.47914" lon="-83.80519"/>
      <trkpt lat="37.47919" lon="-83.80519"/>
      <trkpt lat="37.47925" lon="-83.80522"/>
      <trkpt lat="37.4793" lon="-83.80526"/>
      <trkpt lat="37.47936" lon="-83.80531"/>
      <trkpt lat="37.47942" lon="-83.80534"/>
      <trkpt lat="37.47949" lon="-83.80537"/>
      <trkpt lat="37.47957" lon="-83.80537"/>
      <trkpt lat="37.47966" lon="-83.80535"/>
      <trkpt lat="37.47974" lon="-83.80533"/>
      <trkpt lat="37.47983" lon="-83.80531"/>
      <trkpt lat="37.48" lon="-83.80527"/>
      <trkpt lat="37.48008" lon="-83.80525"/>
      <trkpt lat="37.48017" lon="-83.80524"/>
      <trkpt lat="37.48024" lon="-83.80521"/>
      <trkpt lat="37.48032" lon="-83.8052"/>
      <trkpt lat="37.48039" lon="-83.80518"/>
      <trkpt lat="37.48047" lon="-83.80514"/>
      <trkpt lat="37.48054" lon="-83.8051"/>
      <trkpt lat="37.48061" lon="-83.80505"/>
      <trkpt lat="37.48075" lon="-83.80497"/>
      <trkpt lat="37.48089" lon="-83.80488"/>
      <trkpt lat="37.48097" lon="-83.80483"/>
      <trkpt lat="37.48104" lon="-83.80479"/>
      <trkpt lat="37.48111" lon="-83.80474"/>
      <trkpt lat="37.48117" lon="-83.80471"/>
      <trkpt lat="37.48125" lon="-83.80463"/>
      <trkpt lat="37.48132" lon="-83.80458"/>
      <trkpt lat="37.48138" lon="-83.80451"/>
      <trkpt lat="37.48144" lon="-83.80446"/>
      <trkpt lat="37.4815" lon="-83.8044"/>
      <trkpt lat="37.48155" lon="-83.80435"/>
      <trkpt lat="37.48161" lon="-83.80429"/>
      <trkpt lat="37.48167" lon="-83.80423"/>
      <trkpt lat="37.48172" lon="-83.80417"/>
      <trkpt lat="37.48184" lon="-83.80408"/>
      <trkpt lat="37.48191" lon="-83.80404"/>
      <trkpt lat="37.48205" lon="-83.80399"/>
      <trkpt lat="37.48213" lon="-83.80397"/>
      <trkpt lat="37.48221" lon="-83.80394"/>
      <trkpt lat="37.48229" lon="-83.80392"/>
      <trkpt lat="37.48244" lon="-83.80385"/>
      <trkpt lat="37.4825" lon="-83.80384"/>
      <trkpt lat="37.48257" lon="-83.80381"/>
      <trkpt lat="37.48264" lon="-83.80379"/>
      <trkpt lat="37.48271" lon="-83.80377"/>
      <trkpt lat="37.48285" lon="-83.80372"/>
      <trkpt lat="37.48292" lon="-83.80367"/>
      <trkpt lat="37.48297" lon="-83.80362"/>
      <trkpt lat="37.48303" lon="-83.80355"/>
      <trkpt lat="37.48308" lon="-83.80347"/>
      <trkpt lat="37.48313" lon="-83.80339"/>
      <trkpt lat="37.48319" lon="-83.80332"/>
      <trkpt lat="37.48326" lon="-83.80323"/>
      <trkpt lat="37.48332" lon="-83.80316"/>
      <trkpt lat="37.48338" lon="-83.80308"/>
      <trkpt lat="37.48343" lon="-83.803"/>
      <trkpt lat="37.48349" lon="-83.80291"/>
      <trkpt lat="37.48355" lon="-83.80283"/>
      <trkpt lat="37.48361" lon="-83.80276"/>
      <trkpt lat="37.48367" lon="-83.80266"/>
      <trkpt lat="37.48372" lon="-83.80258"/>
      <trkpt lat="37.48378" lon="-83.80251"/>
      <trkpt lat="37.48382" lon="-83.80242"/>
      <trkpt lat="37.48389" lon="-83.80222"/>
      <trkpt lat="37.48393" lon="-83.80212"/>
      <trkpt lat="37.48397" lon="-83.80203"/>
      <trkpt lat="37.48401" lon="-83.80194"/>
      <trkpt lat="37.48407" lon="-83.80185"/>
      <trkpt lat="37.48413" lon="-83.80177"/>
      <trkpt lat="37.48419" lon="-83.80168"/>
      <trkpt lat="37.48426" lon="-83.8016"/>
      <trkpt lat="37.48432" lon="-83.80151"/>
      <trkpt lat="37.48438" lon="-83.80142"/>
      <trkpt lat="37.48445" lon="-83.80134"/>
      <trkpt lat="37.48451" lon="-83.80126"/>
      <trkpt lat="37.48458" lon="-83.80119"/>
      <trkpt lat="37.48464" lon="-83.80112"/>
      <trkpt lat="37.48469" lon="-83.80107"/>
      <trkpt lat="37.48475" lon="-83.80098"/>
      <trkpt lat="37.48479" lon="-83.8009"/>
      <trkpt lat="37.48483" lon="-83.80082"/>
      <trkpt lat="37.48488" lon="-83.80074"/>
      <trkpt lat="37.48493" lon="-83.80067"/>
      <trkpt lat="37.48505" lon="-83.80052"/>
      <trkpt lat="37.48511" lon="-83.80044"/>
      <trkpt lat="37.48524" lon="-83.80029"/>
      <trkpt lat="37.4853" lon="-83.80021"/>
      <trkpt lat="37.48536" lon="-83.80014"/>
      <trkpt lat="37.48542" lon="-83.80006"/>
      <trkpt lat="37.48547" lon="-83.79997"/>
      <trkpt lat="37.4855" lon="-83.79988"/>
      <trkpt lat="37.48552" lon="-83.79977"/>
      <trkpt lat="37.48556" lon="-83.79968"/>
      <trkpt lat="37.48564" lon="-83.79952"/>
      <trkpt lat="37.48569" lon="-83.79944"/>
      <trkpt lat="37.48573" lon="-83.79937"/>
      <trkpt lat="37.48576" lon="-83.7993"/>
      <trkpt lat="37.48579" lon="-83.79922"/>
      <trkpt lat="37.48582" lon="-83.79914"/>
      <trkpt lat="37.48587" lon="-83.79907"/>
      <trkpt lat="37.48591" lon="-83.799"/>
      <trkpt lat="37.48597" lon="-83.79894"/>
      <trkpt lat="37.48603" lon="-83.79887"/>
      <trkpt lat="37.48609" lon="-83.79881"/>
      <trkpt lat="37.48616" lon="-83.79874"/>
      <trkpt lat="37.48629" lon="-83.79862"/>
      <trkpt lat="37.48637" lon="-83.79856"/>
      <trkpt lat="37.48644" lon="-83.79851"/>
      <trkpt lat="37.48672" lon="-83.79826"/>
      <trkpt lat="37.48679" lon="-83.79821"/>
      <trkpt lat="37.48692" lon="-83.79809"/>
      <trkpt lat="37.48705" lon="-83.79799"/>
      <trkpt lat="37.48717" lon="-83.79789"/>
      <trkpt lat="37.48722" lon="-83.79784"/>
      <trkpt lat="37.48728" lon="-83.7978"/>
      <trkpt lat="37.4874" lon="-83.79773"/>
      <trkpt lat="37.48747" lon="-83.79769"/>
      <trkpt lat="37.48753" lon="-83.79766"/>
      <trkpt lat="37.4876" lon="-83.79763"/>
      <trkpt lat="37.48767" lon="-83.79761"/>
      <trkpt lat="37.48775" lon="-83.79759"/>
      <trkpt lat="37.48783" lon="-83.79757"/>
      <trkpt lat="37.48791" lon="-83.79756"/>
      <trkpt lat="37.488" lon="-83.79755"/>
      <trkpt lat="37.48809" lon="-83.79755"/>
      <trkpt lat="37.48819" lon="-83.79754"/>
      <trkpt lat="37.48838" lon="-83.79752"/>
      <trkpt lat="37.48848" lon="-83.79752"/>
      <trkpt lat="37.48858" lon="-83.79751"/>
      <trkpt lat="37.48868" lon="-83.7975"/>
      <trkpt lat="37.48879" lon="-83.79749"/>
      <trkpt lat="37.48888" lon="-83.79749"/>
      <trkpt lat="37.48908" lon="-83.79748"/>
      <trkpt lat="37.48927" lon="-83.79746"/>
      <trkpt lat="37.48936" lon="-83.79745"/>
      <trkpt lat="37.48945" lon="-83.79744"/>
      <trkpt lat="37.48952" lon="-83.79744"/>
      <trkpt lat="37.48986" lon="-83.79741"/>
      <trkpt lat="37.49005" lon="-83.79736"/>
      <trkpt lat="37.49025" lon="-83.79728"/>
      <trkpt lat="37.49032" lon="-83.79722"/>
      <trkpt lat="37.49039" lon="-83.79716"/>
      <trkpt lat="37.49048" lon="-83.79703"/>
      <trkpt lat="37.49052" lon="-83.79693"/>
      <trkpt lat="37.4905" lon="-83.79672"/>
      <trkpt lat="37.49044" lon="-83.79641"/>
      <trkpt lat="37.49044" lon="-83.7963"/>
      <trkpt lat="37.49046" lon="-83.79619"/>
      <trkpt lat="37.49055" lon="-83.79571"/>
      <trkpt lat="37.49057" lon="-83.79527"/>
      <trkpt lat="37.49057" lon="-83.79502"/>
      <trkpt lat="37.49054" lon="-83.79465"/>
      <trkpt lat="37.49053" lon="-83.79456"/>
      <trkpt lat="37.49048" lon="-83.79432"/>
      <trkpt lat="37.49048" lon="-83.79416"/>
      <trkpt lat="37.49049" lon="-83.79408"/>
      <trkpt lat="37.49052" lon="-83.79397"/>
      <trkpt lat="37.49055" lon="-83.79386"/>
      <trkpt lat="37.49061" lon="-83.79376"/>
      <trkpt lat="37.49073" lon="-83.79366"/>
      <trkpt lat="37.49116" lon="-83.79337"/>
      <trkpt lat="37.49122" lon="-83.79333"/>
      <trkpt lat="37.49131" lon="-83.79323"/>
      <trkpt lat="37.49135" lon="-83.79318"/>
      <trkpt lat="37.4914" lon="-83.79306"/>
      <trkpt lat="37.49144" lon="-83.79293"/>
      <trkpt lat="37.49149" lon="-83.79255"/>
      <trkpt lat="37.49149" lon="-83.79199"/>
      <trkpt lat="37.49152" lon="-83.79169"/>
      <trkpt lat="37.49167" lon="-83.79115"/>
      <trkpt lat="37.49184" lon="-83.79066"/>
      <trkpt lat="37.49195" lon="-83.79023"/>
      <trkpt lat="37.49204" lon="-83.78993"/>
      <trkpt lat="37.49211" lon="-83.78982"/>
      <trkpt lat="37.49216" lon="-83.78977"/>
      <trkpt lat="37.49226" lon="-83.78969"/>
      <trkpt lat="37.49292" lon="-83.78943"/>
      <trkpt lat="37.49304" lon="-83.78936"/>
      <trkpt lat="37.49324" lon="-83.78921"/>
      <trkpt lat="37.49345" lon="-83.78898"/>
      <trkpt lat="37.49356" lon="-83.78886"/>
      <trkpt lat="37.4937" lon="-83.78873"/>
      <trkpt lat="37.49375" lon="-83.7887"/>
      <trkpt lat="37.49381" lon="-83.78868"/>
      <trkpt lat="37.494" lon="-83.78863"/>
      <trkpt lat="37.49411" lon="-83.78862"/>
      <trkpt lat="37.49425" lon="-83.78864"/>
      <trkpt lat="37.49432" lon="-83.78867"/>
      <trkpt lat="37.49446" lon="-83.78877"/>
      <trkpt lat="37.49482" lon="-83.78912"/>
      <trkpt lat="37.49488" lon="-83.78916"/>
      <trkpt lat="37.49495" lon="-83.78919"/>
      <trkpt lat="37.49508" lon="-83.78922"/>
      <trkpt lat="37.49523" lon="-83.78922"/>
      <trkpt lat="37.49582" lon="-83.78904"/>
      <trkpt lat="37.49624" lon="-83.78874"/>
      <trkpt lat="37.49629" lon="-83.78871"/>
      <trkpt lat="37.49636" lon="-83.7887"/>
      <trkpt lat="37.49641" lon="-83.78871"/>
      <trkpt lat="37.49648" lon="-83.78873"/>
      <trkpt lat="37.49661" lon="-83.78883"/>
      <trkpt lat="37.4967" lon="-83.78895"/>
      <trkpt lat="37.49684" lon="-83.78916"/>
      <trkpt lat="37.4969" lon="-83.78921"/>
      <trkpt lat="37.49704" lon="-83.78939"/>
      <trkpt lat="37.49709" lon="-83.78944"/>
      <trkpt lat="37.49719" lon="-83.7895"/>
      <trkpt lat="37.49727" lon="-83.78952"/>
      <trkpt lat="37.49732" lon="-83.78952"/>
      <trkpt lat="37.49762" lon="-83.78945"/>
      <trkpt lat="37.49799" lon="-83.78938"/>
      <trkpt lat="37.49809" lon="-83.78933"/>
      <trkpt lat="37.49834" lon="-83.78904"/>
      <trkpt lat="37.49844" lon="-83.78895"/>
      <trkpt lat="37.49849" lon="-83.78891"/>
      <trkpt lat="37.49859" lon="-83.78887"/>
      <trkpt lat="37.49869" lon="-83.78887"/>
      <trkpt lat="37.49879" lon="-83.7889"/>
      <trkpt lat="37.49883" lon="-83.78894"/>
      <trkpt lat="37.49914" lon="-83.7892"/>
      <trkpt lat="37.50008" lon="-83.79004"/>
      <trkpt lat="37.50043" lon="-83.79039"/>
      <trkpt lat="37.50054" lon="-83.79049"/>
      <trkpt lat="37.50068" lon="-83.79057"/>
      <trkpt lat="37.50073" lon="-83.79058"/>
      <trkpt lat="37.50077" lon="-83.79058"/>
      <trkpt lat="37.50082" lon="-83.79056"/>
      <trkpt lat="37.50087" lon="-83.79053"/>
      <trkpt lat="37.5011" lon="-83.79026"/>
      <trkpt lat="37.50132" lon="-83.79006"/>
      <trkpt lat="37.50193" lon="-83.78932"/>
      <trkpt lat="37.50205" lon="-83.78917"/>
      <trkpt lat="37.50233" lon="-83.78882"/>
      <trkpt lat="37.50242" lon="-83.78873"/>
      <trkpt lat="37.50252" lon="-83.78868"/>
      <trkpt lat="37.50258" lon="-83.78866"/>
      <trkpt lat="37.50263" lon="-83.78866"/>
      <trkpt lat="37.50269" lon="-83.78867"/>
      <trkpt lat="37.50282" lon="-83.78871"/>
      <trkpt lat="37.50348" lon="-83.78908"/>
      <trkpt lat="37.50359" lon="-83.78912"/>
      <trkpt lat="37.50365" lon="-83.78913"/>
      <trkpt lat="37.50377" lon="-83.78911"/>
      <trkpt lat="37.50382" lon="-83.78908"/>
      <trkpt lat="37.5039" lon="-83.789"/>
      <trkpt lat="37.5042" lon="-83.78863"/>
      <trkpt lat="37.50427" lon="-83.78858"/>
      <trkpt lat="37.50435" lon="-83.78857"/>
      <trkpt lat="37.50444" lon="-83.78861"/>
      <trkpt lat="37.50452" lon="-83.78866"/>
      <trkpt lat="37.5046" lon="-83.78878"/>
      <trkpt lat="37.50466" lon="-83.78889"/>
      <trkpt lat="37.50473" lon="-83.78895"/>
      <trkpt lat="37.50479" lon="-83.78898"/>
      <trkpt lat="37.50476" lon="-83.7891"/>
      <trkpt lat="37.50458" lon="-83.7897"/>
      <trkpt lat="37.50434" lon="-83.79004"/>
      <trkpt lat="37.50365" lon="-83.79051"/>
      <trkpt lat="37.50267" lon="-83.7909"/>
      <trkpt lat="37.50243" lon="-83.79109"/>
      <trkpt lat="37.50179" lon="-83.79208"/>
      <trkpt lat="37.50106" lon="-83.79279"/>
      <trkpt lat="37.50067" lon="-83.79333"/>
      <trkpt lat="37.50024" lon="-83.79375"/>
      <trkpt lat="37.50011" lon="-83.79399"/>
      <trkpt lat="37.49999" lon="-83.79442"/>
      <trkpt lat="37.49988" lon="-83.79461"/>
      <trkpt lat="37.49975" lon="-83.79481"/>
      <trkpt lat="37.49891" lon="-83.79551"/>
      <trkpt lat="37.49863" lon="-83.79571"/>
      <trkpt lat="37.49838" lon="-83.79575"/>
      <trkpt lat="37.49758" lon="-83.79573"/>
      <trkpt lat="37.497" lon="-83.79592"/>
      <trkpt lat="37.49649" lon="-83.79599"/>
      <trkpt lat="37.49561" lon="-83.79637"/>
      <trkpt lat="37.49524" lon="-83.79667"/>
      <trkpt lat="37.49451" lon="-83.79792"/>
      <trkpt lat="37.49413" lon="-83.79903"/>
      <trkpt lat="37.49402" lon="-83.79946"/>
      <trkpt lat="37.49406" lon="-83.80047"/>
      <trkpt lat="37.49411" lon="-83.80086"/>
      <trkpt lat="37.49421" lon="-83.80105"/>
      <trkpt lat="37.49479" lon="-83.80182"/>
      <trkpt lat="37.49514" lon="-83.80236"/>
      <trkpt lat="37.49527" lon="-83.80283"/>
      <trkpt lat="37.49544" lon="-83.80418"/>
      <trkpt lat="37.49561" lon="-83.80571"/>
      <trkpt lat="37.49565" lon="-83.80736"/>
      <trkpt lat="37.49576" lon="-83.80824"/>
      <trkpt lat="37.49593" lon="-83.80893"/>
      <trkpt lat="37.49625" lon="-83.80983"/>
      <trkpt lat="37.49636" lon="-83.8103"/>
      <trkpt lat="37.49647" lon="-83.81045"/>
      <trkpt lat="37.49666" lon="-83.81045"/>
      <trkpt lat="37.49732" lon="-83.80987"/>
      <trkpt lat="37.49769" lon="-83.80974"/>
      <trkpt lat="37.49813" lon="-83.80981"/>
      <trkpt lat="37.49855" lon="-83.80987"/>
      <trkpt lat="37.49906" lon="-83.80976"/>
      <trkpt lat="37.49941" lon="-83.80974"/>
      <trkpt lat="37.50095" lon="-83.81006"/>
      <trkpt lat="37.50125" lon="-83.80993"/>
      <trkpt lat="37.50142" lon="-83.80972"/>
      <trkpt lat="37.50185" lon="-83.80871"/>
      <trkpt lat="37.50245" lon="-83.80747"/>
      <trkpt lat="37.50278" lon="-83.80697"/>
      <trkpt lat="37.5028" lon="-83.8068"/>
      <trkpt lat="37.50342" lon="-83.80586"/>
      <trkpt lat="37.50393" lon="-83.80511"/>
      <trkpt lat="37.50419" lon="-83.80493"/>
      <trkpt lat="37.50441" lon="-83.80487"/>
      <trkpt lat="37.50468" lon="-83.80491"/>
      <trkpt lat="37.50494" lon="-83.80506"/>
      <trkpt lat="37.50509" lon="-83.80526"/>
      <trkpt lat="37.50525" lon="-83.80557"/>
      <trkpt lat="37.50509" lon="-83.80526"/>
      <trkpt lat="37.50526" lon="-83.8056"/>
      <trkpt lat="37.50533" lon="-83.80588"/>
      <trkpt lat="37.50533" lon="-83.80629"/>
      <trkpt lat="37.50524" lon="-83.80687"/>
      <trkpt lat="37.50514" lon="-83.80811"/>
      <trkpt lat="37.50499" lon="-83.80897"/>
      <trkpt lat="37.50496" lon="-83.81026"/>
      <trkpt lat="37.50507" lon="-83.81208"/>
      <trkpt lat="37.50518" lon="-83.81266"/>
      <trkpt lat="37.50531" lon="-83.81292"/>
      <trkpt lat="37.50541" lon="-83.81305"/>
      <trkpt lat="37.50587" lon="-83.81337"/>
      <trkpt lat="37.50625" lon="-83.81347"/>
      <trkpt lat="37.50664" lon="-83.8135"/>
      <trkpt lat="37.50713" lon="-83.81337"/>
      <trkpt lat="37.50756" lon="-83.81332"/>
      <trkpt lat="37.50853" lon="-83.81356"/>
      <trkpt lat="37.50923" lon="-83.81354"/>
      <trkpt lat="37.50945" lon="-83.81358"/>
      <trkpt lat="37.50973" lon="-83.81382"/>
      <trkpt lat="37.50986" lon="-83.81403"/>
      <trkpt lat="37.50994" lon="-83.81442"/>
      <trkpt lat="37.50994" lon="-83.81472"/>
      <trkpt lat="37.50981" lon="-83.81508"/>
      <trkpt lat="37.50945" lon="-83.81592"/>
      <trkpt lat="37.50911" lon="-83.81777"/>
      <trkpt lat="37.50908" lon="-83.81903"/>
      <trkpt lat="37.50911" lon="-83.81923"/>
      <trkpt lat="37.50913" lon="-83.81938"/>
      <trkpt lat="37.50921" lon="-83.81983"/>
      <trkpt lat="37.50932" lon="-83.82006"/>
      <trkpt lat="37.5096" lon="-83.82036"/>
      <trkpt lat="37.51044" lon="-83.82077"/>
      <trkpt lat="37.51112" lon="-83.82088"/>
      <trkpt lat="37.51247" lon="-83.82073"/>
      <trkpt lat="37.51292" lon="-83.82066"/>
      <trkpt lat="37.51421" lon="-83.82043"/>
      <trkpt lat="37.51481" lon="-83.82045"/>
      <trkpt lat="37.51507" lon="-83.82051"/>
      <trkpt lat="37.51541" lon="-83.82071"/>
      <trkpt lat="37.51599" lon="-83.82081"/>
      <trkpt lat="37.51627" lon="-83.82094"/>
      <trkpt lat="37.51655" lon="-83.82122"/>
      <trkpt lat="37.5176" lon="-83.82298"/>
      <trkpt lat="37.51784" lon="-83.82328"/>
      <trkpt lat="37.51805" lon="-83.82345"/>
      <trkpt lat="37.51915" lon="-83.82403"/>
      <trkpt lat="37.51949" lon="-83.82416"/>
      <trkpt lat="37.52001" lon="-83.82414"/>
      <trkpt lat="37.52028" lon="-83.82407"/>
      <trkpt lat="37.52063" lon="-83.8239"/>
      <trkpt lat="37.52119" lon="-83.82341"/>
      <trkpt lat="37.52202" lon="-83.82229"/>
      <trkpt lat="37.52247" lon="-83.8215"/>
      <trkpt lat="37.52307" lon="-83.82017"/>
      <trkpt lat="37.52314" lon="-83.81987"/>
      <trkpt lat="37.52318" lon="-83.81942"/>
      <trkpt lat="37.52312" lon="-83.8188"/>
      <trkpt lat="37.52301" lon="-83.81841"/>
      <trkpt lat="37.52288" lon="-83.81815"/>
      <trkpt lat="37.52246" lon="-83.81767"/>
      <trkpt lat="37.52162" lon="-83.81691"/>
      <trkpt lat="37.52125" lon="-83.81652"/>
      <trkpt lat="37.52074" lon="-83.81579"/>
      <trkpt lat="37.52054" lon="-83.81534"/>
      <trkpt lat="37.52003" lon="-83.81392"/>
      <trkpt lat="37.51932" lon="-83.81277"/>
      <trkpt lat="37.51925" lon="-83.81242"/>
      <trkpt lat="37.51934" lon="-83.81217"/>
      <trkpt lat="37.5196" lon="-83.81195"/>
      <trkpt lat="37.5199" lon="-83.81189"/>
      <trkpt lat="37.52024" lon="-83.81199"/>
      <trkpt lat="37.52121" lon="-83.81255"/>
      <trkpt lat="37.52189" lon="-83.81277"/>
      <trkpt lat="37.52307" lon="-83.81279"/>
      <trkpt lat="37.52415" lon="-83.813"/>
      <trkpt lat="37.52445" lon="-83.81296"/>
      <trkpt lat="37.52473" lon="-83.81281"/>
      <trkpt lat="37.52522" lon="-83.81244"/>
      <trkpt lat="37.52567" lon="-83.81146"/>
      <trkpt lat="37.52572" lon="-83.81124"/>
      <trkpt lat="37.5258" lon="-83.81088"/>
      <trkpt lat="37.5258" lon="-83.81021"/>
      <trkpt lat="37.52548" lon="-83.8089"/>
      <trkpt lat="37.52546" lon="-83.80854"/>
      <trkpt lat="37.52571" lon="-83.80762"/>
      <trkpt lat="37.52589" lon="-83.8074"/>
      <trkpt lat="37.52625" lon="-83.80717"/>
      <trkpt lat="37.52674" lon="-83.80717"/>
      <trkpt lat="37.52734" lon="-83.8074"/>
      <trkpt lat="37.52775" lon="-83.8077"/>
      <trkpt lat="37.52792" lon="-83.80807"/>
      <trkpt lat="37.52799" lon="-83.80957"/>
      <trkpt lat="37.52844" lon="-83.81017"/>
      <trkpt lat="37.52865" lon="-83.8103"/>
      <trkpt lat="37.52895" lon="-83.81041"/>
      <trkpt lat="37.52928" lon="-83.81043"/>
      <trkpt lat="37.52988" lon="-83.81032"/>
      <trkpt lat="37.53078" lon="-83.81006"/>
      <trkpt lat="37.53119" lon="-83.81002"/>
      <trkpt lat="37.53164" lon="-83.81002"/>
      <trkpt lat="37.53189" lon="-83.81013"/>
      <trkpt lat="37.53204" lon="-83.81019"/>
      <trkpt lat="37.53224" lon="-83.81021"/>
      <trkpt lat="37.53267" lon="-83.81015"/>
      <trkpt lat="37.53357" lon="-83.81021"/>
      <trkpt lat="37.5349" lon="-83.81015"/>
      <trkpt lat="37.53563" lon="-83.81002"/>
      <trkpt lat="37.53689" lon="-83.81026"/>
      <trkpt lat="37.53713" lon="-83.81021"/>
      <trkpt lat="37.5376" lon="-83.81004"/>
      <trkpt lat="37.53788" lon="-83.80978"/>
      <trkpt lat="37.53809" lon="-83.8095"/>
      <trkpt lat="37.53852" lon="-83.80862"/>
      <trkpt lat="37.53882" lon="-83.80753"/>
      <trkpt lat="37.53893" lon="-83.80678"/>
      <trkpt lat="37.53906" lon="-83.80639"/>
      <trkpt lat="37.53912" lon="-83.80584"/>
      <trkpt lat="37.53893" lon="-83.80423"/>
      <trkpt lat="37.53889" lon="-83.80324"/>
      <trkpt lat="37.53882" lon="-83.80296"/>
      <trkpt lat="37.53863" lon="-83.80247"/>
      <trkpt lat="37.53839" lon="-83.80212"/>
      <trkpt lat="37.53814" lon="-83.80193"/>
      <trkpt lat="37.53756" lon="-83.80167"/>
      <trkpt lat="37.53719" lon="-83.80161"/>
      <trkpt lat="37.53668" lon="-83.80172"/>
      <trkpt lat="37.53603" lon="-83.80219"/>
      <trkpt lat="37.53541" lon="-83.80249"/>
      <trkpt lat="37.53494" lon="-83.80262"/>
      <trkpt lat="37.53432" lon="-83.80257"/>
      <trkpt lat="37.53419" lon="-83.80253"/>
      <trkpt lat="37.53404" lon="-83.80236"/>
      <trkpt lat="37.53385" lon="-83.8018"/>
      <trkpt lat="37.53344" lon="-83.80126"/>
      <trkpt lat="37.53276" lon="-83.8004"/>
      <trkpt lat="37.53196" lon="-83.79938"/>
      <trkpt lat="37.53164" lon="-83.79867"/>
      <trkpt lat="37.53091" lon="-83.79657"/>
      <trkpt lat="37.53071" lon="-83.79599"/>
      <trkpt lat="37.53071" lon="-83.79573"/>
      <trkpt lat="37.53084" lon="-83.79532"/>
      <trkpt lat="37.53106" lon="-83.79513"/>
      <trkpt lat="37.53217" lon="-83.79513"/>
      <trkpt lat="37.53412" lon="-83.79442"/>
      <trkpt lat="37.53438" lon="-83.79436"/>
      <trkpt lat="37.53466" lon="-83.79405"/>
      <trkpt lat="37.53494" lon="-83.79356"/>
      <trkpt lat="37.53503" lon="-83.79311"/>
      <trkpt lat="37.535" lon="-83.79253"/>
      <trkpt lat="37.53473" lon="-83.79086"/>
      <trkpt lat="37.53453" lon="-83.78925"/>
      <trkpt lat="37.53451" lon="-83.78875"/>
      <trkpt lat="37.5346" lon="-83.78642"/>
      <trkpt lat="37.53481" lon="-83.78545"/>
      <trkpt lat="37.53496" lon="-83.78511"/>
      <trkpt lat="37.53526" lon="-83.78479"/>
      <trkpt lat="37.53599" lon="-83.78425"/>
      <trkpt lat="37.53642" lon="-83.78378"/>
      <trkpt lat="37.53666" lon="-83.7833"/>
      <trkpt lat="37.53706" lon="-83.7819"/>
      <trkpt lat="37.53706" lon="-83.7819"/>
      <trkpt lat="37.53719" lon="-83.78142"/>
      <trkpt lat="37.53729" lon="-83.78147"/>
      <trkpt lat="37.53736" lon="-83.78149"/>
      <trkpt lat="37.53762" lon="-83.78153"/>
      <trkpt lat="37.53778" lon="-83.78154"/>
      <trkpt lat="37.53793" lon="-83.78152"/>
      <trkpt lat="37.53808" lon="-83.78149"/>
      <trkpt lat="37.53824" lon="-83.78143"/>
      <trkpt lat="37.53862" lon="-83.78126"/>
      <trkpt lat="37.53917" lon="-83.78099"/>
      <trkpt lat="37.53937" lon="-83.78088"/>
      <trkpt lat="37.53958" lon="-83.7808"/>
      <trkpt lat="37.53978" lon="-83.7807"/>
      <trkpt lat="37.54059" lon="-83.78022"/>
      <trkpt lat="37.54092" lon="-83.78"/>
      <trkpt lat="37.54144" lon="-83.77977"/>
      <trkpt lat="37.54247" lon="-83.77936"/>
      <trkpt lat="37.54283" lon="-83.77915"/>
      <trkpt lat="37.54306" lon="-83.77896"/>
      <trkpt lat="37.54318" lon="-83.77884"/>
      <trkpt lat="37.54329" lon="-83.77872"/>
      <trkpt lat="37.5434" lon="-83.77858"/>
      <trkpt lat="37.54345" lon="-83.77851"/>
      <trkpt lat="37.54365" lon="-83.77821"/>
      <trkpt lat="37.54411" lon="-83.77748"/>
      <trkpt lat="37.5442" lon="-83.77732"/>
      <trkpt lat="37.54456" lon="-83.77675"/>
      <trkpt lat="37.54467" lon="-83.77659"/>
      <trkpt lat="37.54486" lon="-83.77633"/>
      <trkpt lat="37.54498" lon="-83.77619"/>
      <trkpt lat="37.54524" lon="-83.77593"/>
      <trkpt lat="37.54592" lon="-83.7753"/>
      <trkpt lat="37.54616" lon="-83.77508"/>
      <trkpt lat="37.54611" lon="-83.77502"/>
      <trkpt lat="37.54808" lon="-83.77333"/>
      <trkpt lat="37.54852" lon="-83.77293"/>
      <trkpt lat="37.54906" lon="-83.77244"/>
      <trkpt lat="37.54909" lon="-83.77241"/>
      <trkpt lat="37.5492" lon="-83.7723"/>
      <trkpt lat="37.54939" lon="-83.77213"/>
      <trkpt lat="37.54946" lon="-83.77203"/>
      <trkpt lat="37.54951" lon="-83.77201"/>
      <trkpt lat="37.54954" lon="-83.772"/>
      <trkpt lat="37.54962" lon="-83.77194"/>
      <trkpt lat="37.54972" lon="-83.77188"/>
      <trkpt lat="37.54979" lon="-83.77183"/>
      <trkpt lat="37.55005" lon="-83.77178"/>
      <trkpt lat="37.55021" lon="-83.77177"/>
      <trkpt lat="37.55048" lon="-83.77175"/>
      <trkpt lat="37.55053" lon="-83.77175"/>
      <trkpt lat="37.55187" lon="-83.77182"/>
      <trkpt lat="37.55222" lon="-83.77185"/>
      <trkpt lat="37.55244" lon="-83.77185"/>
      <trkpt lat="37.55273" lon="-83.77181"/>
      <trkpt lat="37.55285" lon="-83.77181"/>
      <trkpt lat="37.55291" lon="-83.77183"/>
      <trkpt lat="37.55295" lon="-83.77187"/>
      <trkpt lat="37.55299" lon="-83.77192"/>
      <trkpt lat="37.55304" lon="-83.772"/>
      <trkpt lat="37.55308" lon="-83.77205"/>
      <trkpt lat="37.55311" lon="-83.77209"/>
      <trkpt lat="37.55314" lon="-83.77215"/>
      <trkpt lat="37.55315" lon="-83.77218"/>
      <trkpt lat="37.55315" lon="-83.77224"/>
      <trkpt lat="37.55315" lon="-83.77228"/>
      <trkpt lat="37.55314" lon="-83.77234"/>
      <trkpt lat="37.55308" lon="-83.77252"/>
      <trkpt lat="37.55297" lon="-83.77286"/>
      <trkpt lat="37.5529" lon="-83.7731"/>
      <trkpt lat="37.55283" lon="-83.77337"/>
      <trkpt lat="37.55278" lon="-83.77364"/>
      <trkpt lat="37.55275" lon="-83.77387"/>
      <trkpt lat="37.55274" lon="-83.77401"/>
      <trkpt lat="37.55274" lon="-83.77415"/>
      <trkpt lat="37.55274" lon="-83.77428"/>
      <trkpt lat="37.55275" lon="-83.77442"/>
      <trkpt lat="37.55279" lon="-83.77469"/>
      <trkpt lat="37.55283" lon="-83.7749"/>
      <trkpt lat="37.55292" lon="-83.77528"/>
      <trkpt lat="37.55315" lon="-83.77622"/>
      <trkpt lat="37.55332" lon="-83.77687"/>
      <trkpt lat="37.55337" lon="-83.77702"/>
      <trkpt lat="37.55345" lon="-83.77714"/>
      <trkpt lat="37.55349" lon="-83.77719"/>
      <trkpt lat="37.55355" lon="-83.77724"/>
      <trkpt lat="37.55401" lon="-83.77748"/>
      <trkpt lat="37.55414" lon="-83.77754"/>
      <trkpt lat="37.55429" lon="-83.7776"/>
      <trkpt lat="37.55446" lon="-83.77761"/>
      <trkpt lat="37.55461" lon="-83.77759"/>
      <trkpt lat="37.5548" lon="-83.77754"/>
      <trkpt lat="37.55488" lon="-83.77752"/>
      <trkpt lat="37.55512" lon="-83.77745"/>
      <trkpt lat="37.55522" lon="-83.77741"/>
      <trkpt lat="37.55535" lon="-83.77737"/>
      <trkpt lat="37.55546" lon="-83.77735"/>
      <trkpt lat="37.55553" lon="-83.77736"/>
      <trkpt lat="37.55561" lon="-83.77738"/>
      <trkpt lat="37.55567" lon="-83.77741"/>
      <trkpt lat="37.55571" lon="-83.77745"/>
      <trkpt lat="37.55583" lon="-83.77757"/>
      <trkpt lat="37.55586" lon="-83.7776"/>
      <trkpt lat="37.55592" lon="-83.77764"/>
      <trkpt lat="37.55596" lon="-83.77767"/>
      <trkpt lat="37.55607" lon="-83.7777"/>
      <trkpt lat="37.55622" lon="-83.77774"/>
      <trkpt lat="37.55645" lon="-83.77777"/>
      <trkpt lat="37.55653" lon="-83.77777"/>
      <trkpt lat="37.55668" lon="-83.77774"/>
      <trkpt lat="37.55679" lon="-83.7777"/>
      <trkpt lat="37.5569" lon="-83.77764"/>
      <trkpt lat="37.55701" lon="-83.77757"/>
      <trkpt lat="37.55718" lon="-83.77748"/>
      <trkpt lat="37.55734" lon="-83.77743"/>
      <trkpt lat="37.55743" lon="-83.77741"/>
      <trkpt lat="37.55777" lon="-83.77741"/>
      <trkpt lat="37.55835" lon="-83.77743"/>
      <trkpt lat="37.55872" lon="-83.77743"/>
      <trkpt lat="37.55901" lon="-83.77742"/>
      <trkpt lat="37.55931" lon="-83.77739"/>
      <trkpt lat="37.55947" lon="-83.77736"/>
      <trkpt lat="37.55954" lon="-83.77735"/>
      <trkpt lat="37.55975" lon="-83.77729"/>
      <trkpt lat="37.55997" lon="-83.77717"/>
      <trkpt lat="37.5601" lon="-83.77707"/>
      <trkpt lat="37.56022" lon="-83.77696"/>
      <trkpt lat="37.56031" lon="-83.77684"/>
      <trkpt lat="37.56037" lon="-83.77671"/>
      <trkpt lat="37.56043" lon="-83.77656"/>
      <trkpt lat="37.56063" lon="-83.77606"/>
      <trkpt lat="37.56074" lon="-83.77575"/>
      <trkpt lat="37.56078" lon="-83.77565"/>
      <trkpt lat="37.56086" lon="-83.77546"/>
      <trkpt lat="37.56093" lon="-83.77535"/>
      <trkpt lat="37.56101" lon="-83.77525"/>
      <trkpt lat="37.56131" lon="-83.7749"/>
      <trkpt lat="37.56162" lon="-83.77457"/>
      <trkpt lat="37.5617" lon="-83.7745"/>
      <trkpt lat="37.56179" lon="-83.77444"/>
      <trkpt lat="37.56189" lon="-83.77441"/>
      <trkpt lat="37.56199" lon="-83.77441"/>
      <trkpt lat="37.56209" lon="-83.77442"/>
      <trkpt lat="37.56237" lon="-83.7745"/>
      <trkpt lat="37.56246" lon="-83.77452"/>
      <trkpt lat="37.56257" lon="-83.77453"/>
      <trkpt lat="37.56266" lon="-83.77453"/>
      <trkpt lat="37.56276" lon="-83.77451"/>
      <trkpt lat="37.56284" lon="-83.77448"/>
      <trkpt lat="37.56293" lon="-83.77443"/>
      <trkpt lat="37.563" lon="-83.77436"/>
      <trkpt lat="37.56326" lon="-83.77405"/>
      <trkpt lat="37.56333" lon="-83.77398"/>
      <trkpt lat="37.56341" lon="-83.77392"/>
      <trkpt lat="37.56353" lon="-83.77383"/>
      <trkpt lat="37.56386" lon="-83.77363"/>
      <trkpt lat="37.564" lon="-83.77353"/>
      <trkpt lat="37.56414" lon="-83.77342"/>
      <trkpt lat="37.56442" lon="-83.77318"/>
      <trkpt lat="37.56472" lon="-83.77289"/>
      <trkpt lat="37.56468" lon="-83.77283"/>
      <trkpt lat="37.56497" lon="-83.77262"/>
      <trkpt lat="37.5651" lon="-83.7725"/>
      <trkpt lat="37.56529" lon="-83.77232"/>
      <trkpt lat="37.5654" lon="-83.77221"/>
      <trkpt lat="37.56545" lon="-83.77215"/>
      <trkpt lat="37.56554" lon="-83.77201"/>
      <trkpt lat="37.56561" lon="-83.7719"/>
      <trkpt lat="37.56565" lon="-83.77178"/>
      <trkpt lat="37.56574" lon="-83.7715"/>
      <trkpt lat="37.56576" lon="-83.77135"/>
      <trkpt lat="37.56579" lon="-83.77114"/>
      <trkpt lat="37.56579" lon="-83.77107"/>
      <trkpt lat="37.56579" lon="-83.77092"/>
      <trkpt lat="37.56578" lon="-83.77079"/>
      <trkpt lat="37.56571" lon="-83.7704"/>
      <trkpt lat="37.56571" lon="-83.77028"/>
      <trkpt lat="37.56572" lon="-83.77015"/>
      <trkpt lat="37.56575" lon="-83.77003"/>
      <trkpt lat="37.5658" lon="-83.76992"/>
      <trkpt lat="37.56586" lon="-83.76982"/>
      <trkpt lat="37.5659" lon="-83.76978"/>
      <trkpt lat="37.56594" lon="-83.76974"/>
      <trkpt lat="37.56603" lon="-83.76968"/>
      <trkpt lat="37.56613" lon="-83.76964"/>
      <trkpt lat="37.56616" lon="-83.76963"/>
      <trkpt lat="37.56623" lon="-83.76961"/>
      <trkpt lat="37.56634" lon="-83.76961"/>
      <trkpt lat="37.56644" lon="-83.76963"/>
      <trkpt lat="37.5665" lon="-83.76965"/>
      <trkpt lat="37.56666" lon="-83.76971"/>
      <trkpt lat="37.56689" lon="-83.76982"/>
      <trkpt lat="37.56713" lon="-83.76994"/>
      <trkpt lat="37.56724" lon="-83.77002"/>
      <trkpt lat="37.56735" lon="-83.7701"/>
      <trkpt lat="37.56746" lon="-83.7702"/>
      <trkpt lat="37.56755" lon="-83.77031"/>
      <trkpt lat="37.56764" lon="-83.77043"/>
      <trkpt lat="37.56772" lon="-83.77056"/>
      <trkpt lat="37.5678" lon="-83.7707"/>
      <trkpt lat="37.56801" lon="-83.77111"/>
      <trkpt lat="37.56809" lon="-83.77124"/>
      <trkpt lat="37.56811" lon="-83.77127"/>
      <trkpt lat="37.56817" lon="-83.77136"/>
      <trkpt lat="37.56826" lon="-83.77147"/>
      <trkpt lat="37.56831" lon="-83.77151"/>
      <trkpt lat="37.56837" lon="-83.77154"/>
      <trkpt lat="37.56842" lon="-83.77157"/>
      <trkpt lat="37.56848" lon="-83.77159"/>
      <trkpt lat="37.5686" lon="-83.77161"/>
      <trkpt lat="37.56871" lon="-83.77159"/>
      <trkpt lat="37.56879" lon="-83.77155"/>
      <trkpt lat="37.5689" lon="-83.77146"/>
      <trkpt lat="37.56897" lon="-83.77136"/>
      <trkpt lat="37.56903" lon="-83.77124"/>
      <trkpt lat="37.56907" lon="-83.77111"/>
      <trkpt lat="37.56908" lon="-83.77096"/>
      <trkpt lat="37.56908" lon="-83.77082"/>
      <trkpt lat="37.56905" lon="-83.77054"/>
      <trkpt lat="37.56905" lon="-83.77038"/>
      <trkpt lat="37.56905" lon="-83.77031"/>
      <trkpt lat="37.56907" lon="-83.77016"/>
      <trkpt lat="37.56909" lon="-83.77002"/>
      <trkpt lat="37.56914" lon="-83.76987"/>
      <trkpt lat="37.56922" lon="-83.76966"/>
      <trkpt lat="37.56928" lon="-83.76951"/>
      <trkpt lat="37.56935" lon="-83.76936"/>
      <trkpt lat="37.56948" lon="-83.76915"/>
      <trkpt lat="37.56951" lon="-83.76909"/>
      <trkpt lat="37.56961" lon="-83.76894"/>
      <trkpt lat="37.56975" lon="-83.76873"/>
      <trkpt lat="37.56989" lon="-83.76853"/>
      <trkpt lat="37.57026" lon="-83.76802"/>
      <trkpt lat="37.57044" lon="-83.76778"/>
      <trkpt lat="37.57112" lon="-83.76687"/>
      <trkpt lat="37.57197" lon="-83.7657"/>
      <trkpt lat="37.57205" lon="-83.76558"/>
      <trkpt lat="37.57213" lon="-83.76545"/>
      <trkpt lat="37.57219" lon="-83.76531"/>
      <trkpt lat="37.57222" lon="-83.76524"/>
      <trkpt lat="37.57227" lon="-83.76509"/>
      <trkpt lat="37.5723" lon="-83.76494"/>
      <trkpt lat="37.57235" lon="-83.76455"/>
      <trkpt lat="37.57237" lon="-83.76441"/>
      <trkpt lat="37.57241" lon="-83.76428"/>
      <trkpt lat="37.57246" lon="-83.76417"/>
      <trkpt lat="37.57253" lon="-83.76408"/>
      <trkpt lat="37.57257" lon="-83.76405"/>
      <trkpt lat="37.57261" lon="-83.76402"/>
      <trkpt lat="37.57271" lon="-83.76398"/>
      <trkpt lat="37.57287" lon="-83.76397"/>
      <trkpt lat="37.57303" lon="-83.76399"/>
      <trkpt lat="37.57337" lon="-83.76405"/>
      <trkpt lat="37.5736" lon="-83.76408"/>
      <trkpt lat="37.57371" lon="-83.76408"/>
      <trkpt lat="37.57385" lon="-83.76406"/>
      <trkpt lat="37.574" lon="-83.76402"/>
      <trkpt lat="37.57414" lon="-83.76395"/>
      <trkpt lat="37.57428" lon="-83.76387"/>
      <trkpt lat="37.57438" lon="-83.76379"/>
      <trkpt lat="37.57442" lon="-83.76375"/>
      <trkpt lat="37.57455" lon="-83.76364"/>
      <trkpt lat="37.5749" lon="-83.76331"/>
      <trkpt lat="37.57509" lon="-83.76315"/>
      <trkpt lat="37.57533" lon="-83.76296"/>
      <trkpt lat="37.57561" lon="-83.76277"/>
      <trkpt lat="37.57582" lon="-83.76266"/>
      <trkpt lat="37.57595" lon="-83.76261"/>
      <trkpt lat="37.57622" lon="-83.76252"/>
      <trkpt lat="37.57636" lon="-83.76248"/>
      <trkpt lat="37.57654" lon="-83.76245"/>
      <trkpt lat="37.57665" lon="-83.76243"/>
      <trkpt lat="37.57685" lon="-83.76241"/>
      <trkpt lat="37.57703" lon="-83.76241"/>
      <trkpt lat="37.5772" lon="-83.76242"/>
      <trkpt lat="37.57729" lon="-83.76244"/>
      <trkpt lat="37.57737" lon="-83.76247"/>
      <trkpt lat="37.5775" lon="-83.76252"/>
      <trkpt lat="37.57765" lon="-83.76262"/>
      <trkpt lat="37.57779" lon="-83.76274"/>
      <trkpt lat="37.57789" lon="-83.76284"/>
      <trkpt lat="37.57795" lon="-83.76292"/>
      <trkpt lat="37.57804" lon="-83.76305"/>
      <trkpt lat="37.57824" lon="-83.76338"/>
      <trkpt lat="37.57829" lon="-83.76348"/>
      <trkpt lat="37.57837" lon="-83.76363"/>
      <trkpt lat="37.57843" lon="-83.76379"/>
      <trkpt lat="37.57849" lon="-83.76395"/>
      <trkpt lat="37.57859" lon="-83.76428"/>
      <trkpt lat="37.5787" lon="-83.7648"/>
      <trkpt lat="37.57873" lon="-83.76491"/>
      <trkpt lat="37.57878" lon="-83.76509"/>
      <trkpt lat="37.57885" lon="-83.7653"/>
      <trkpt lat="37.57893" lon="-83.76546"/>
      <trkpt lat="37.57901" lon="-83.7656"/>
      <trkpt lat="37.57914" lon="-83.76579"/>
      <trkpt lat="37.57925" lon="-83.76591"/>
      <trkpt lat="37.5794" lon="-83.76604"/>
      <trkpt lat="37.57952" lon="-83.76614"/>
      <trkpt lat="37.57965" lon="-83.76622"/>
      <trkpt lat="37.58011" lon="-83.76651"/>
      <trkpt lat="37.58045" lon="-83.76671"/>
      <trkpt lat="37.58074" lon="-83.76684"/>
      <trkpt lat="37.58088" lon="-83.7669"/>
      <trkpt lat="37.58145" lon="-83.76706"/>
      <trkpt lat="37.58179" lon="-83.76714"/>
      <trkpt lat="37.5824" lon="-83.76731"/>
      <trkpt lat="37.58285" lon="-83.76745"/>
      <trkpt lat="37.58312" lon="-83.76756"/>
      <trkpt lat="37.5832" lon="-83.76759"/>
      <trkpt lat="37.58329" lon="-83.76764"/>
      <trkpt lat="37.58342" lon="-83.7677"/>
      <trkpt lat="37.58374" lon="-83.76789"/>
      <trkpt lat="37.58397" lon="-83.76805"/>
      <trkpt lat="37.58412" lon="-83.76816"/>
      <trkpt lat="37.58441" lon="-83.76841"/>
      <trkpt lat="37.58476" lon="-83.76871"/>
      <trkpt lat="37.5856" lon="-83.76946"/>
      <trkpt lat="37.58615" lon="-83.76994"/>
      <trkpt lat="37.58636" lon="-83.77013"/>
      <trkpt lat="37.58654" lon="-83.7703"/>
      <trkpt lat="37.58663" lon="-83.77041"/>
      <trkpt lat="37.58672" lon="-83.77052"/>
      <trkpt lat="37.58677" lon="-83.7706"/>
      <trkpt lat="37.5869" lon="-83.77085"/>
      <trkpt lat="37.58701" lon="-83.77112"/>
      <trkpt lat="37.5872" lon="-83.77169"/>
      <trkpt lat="37.58727" lon="-83.77187"/>
      <trkpt lat="37.58733" lon="-83.77201"/>
      <trkpt lat="37.58742" lon="-83.77219"/>
      <trkpt lat="37.58755" lon="-83.77239"/>
      <trkpt lat="37.58778" lon="-83.77273"/>
      <trkpt lat="37.58839" lon="-83.77351"/>
      <trkpt lat="37.58853" lon="-83.77372"/>
      <trkpt lat="37.58862" lon="-83.77385"/>
      <trkpt lat="37.5887" lon="-83.77398"/>
      <trkpt lat="37.58877" lon="-83.77412"/>
      <trkpt lat="37.58885" lon="-83.77432"/>
      <trkpt lat="37.58895" lon="-83.77459"/>
      <trkpt lat="37.58899" lon="-83.77476"/>
      <trkpt lat="37.58902" lon="-83.77494"/>
      <trkpt lat="37.58904" lon="-83.77511"/>
      <trkpt lat="37.58905" lon="-83.7753"/>
      <trkpt lat="37.58905" lon="-83.77548"/>
      <trkpt lat="37.58903" lon="-83.77573"/>
      <trkpt lat="37.58889" lon="-83.77679"/>
      <trkpt lat="37.58887" lon="-83.77698"/>
      <trkpt lat="37.58886" lon="-83.77716"/>
      <trkpt lat="37.58886" lon="-83.77734"/>
      <trkpt lat="37.58887" lon="-83.77746"/>
      <trkpt lat="37.58889" lon="-83.77764"/>
      <trkpt lat="37.58893" lon="-83.77782"/>
      <trkpt lat="37.58898" lon="-83.77805"/>
      <trkpt lat="37.58904" lon="-83.77822"/>
      <trkpt lat="37.58911" lon="-83.77839"/>
      <trkpt lat="37.58919" lon="-83.77855"/>
      <trkpt lat="37.58946" lon="-83.77909"/>
      <trkpt lat="37.5895" lon="-83.7792"/>
      <trkpt lat="37.58955" lon="-83.77936"/>
      <trkpt lat="37.58959" lon="-83.77954"/>
      <trkpt lat="37.58959" lon="-83.7796"/>
      <trkpt lat="37.5896" lon="-83.77977"/>
      <trkpt lat="37.5896" lon="-83.77988"/>
      <trkpt lat="37.58955" lon="-83.78039"/>
      <trkpt lat="37.58955" lon="-83.78057"/>
      <trkpt lat="37.58957" lon="-83.78074"/>
      <trkpt lat="37.58961" lon="-83.7809"/>
      <trkpt lat="37.58968" lon="-83.78104"/>
      <trkpt lat="37.58977" lon="-83.78117"/>
      <trkpt lat="37.58987" lon="-83.78128"/>
      <trkpt lat="37.58999" lon="-83.78138"/>
      <trkpt lat="37.59015" lon="-83.78148"/>
      <trkpt lat="37.59053" lon="-83.7817"/>
      <trkpt lat="37.59082" lon="-83.78186"/>
      <trkpt lat="37.591" lon="-83.78194"/>
      <trkpt lat="37.59114" lon="-83.78199"/>
      <trkpt lat="37.59128" lon="-83.78202"/>
      <trkpt lat="37.59138" lon="-83.78203"/>
      <trkpt lat="37.59152" lon="-83.78203"/>
      <trkpt lat="37.59167" lon="-83.78202"/>
      <trkpt lat="37.59182" lon="-83.78198"/>
      <trkpt lat="37.59197" lon="-83.78194"/>
      <trkpt lat="37.59216" lon="-83.78186"/>
      <trkpt lat="37.59229" lon="-83.7818"/>
      <trkpt lat="37.59309" lon="-83.78139"/>
      <trkpt lat="37.59335" lon="-83.78127"/>
      <trkpt lat="37.59348" lon="-83.78122"/>
      <trkpt lat="37.59362" lon="-83.78118"/>
      <trkpt lat="37.59376" lon="-83.78116"/>
      <trkpt lat="37.5939" lon="-83.78117"/>
      <trkpt lat="37.59403" lon="-83.78119"/>
      <trkpt lat="37.59417" lon="-83.78123"/>
      <trkpt lat="37.5943" lon="-83.78129"/>
      <trkpt lat="37.59443" lon="-83.78137"/>
      <trkpt lat="37.59454" lon="-83.78145"/>
      <trkpt lat="37.59461" lon="-83.78152"/>
      <trkpt lat="37.59497" lon="-83.78187"/>
      <trkpt lat="37.59529" lon="-83.78222"/>
      <trkpt lat="37.59549" lon="-83.78249"/>
      <trkpt lat="37.59558" lon="-83.78265"/>
      <trkpt lat="37.5957" lon="-83.7829"/>
      <trkpt lat="37.59589" lon="-83.78338"/>
      <trkpt lat="37.59598" lon="-83.78358"/>
      <trkpt lat="37.59607" lon="-83.78371"/>
      <trkpt lat="37.59611" lon="-83.78375"/>
      <trkpt lat="37.5962" lon="-83.78382"/>
      <trkpt lat="37.59626" lon="-83.78387"/>
      <trkpt lat="37.59641" lon="-83.78397"/>
      <trkpt lat="37.59665" lon="-83.78407"/>
      <trkpt lat="37.59677" lon="-83.78411"/>
      <trkpt lat="37.59697" lon="-83.78415"/>
      <trkpt lat="37.59717" lon="-83.78415"/>
      <trkpt lat="37.59732" lon="-83.78414"/>
      <trkpt lat="37.5979" lon="-83.78409"/>
      <trkpt lat="37.59808" lon="-83.78408"/>
      <trkpt lat="37.5983" lon="-83.7841"/>
      <trkpt lat="37.59843" lon="-83.78412"/>
      <trkpt lat="37.59852" lon="-83.78415"/>
      <trkpt lat="37.59861" lon="-83.78418"/>
      <trkpt lat="37.59873" lon="-83.78424"/>
      <trkpt lat="37.5989" lon="-83.78433"/>
      <trkpt lat="37.59906" lon="-83.78443"/>
      <trkpt lat="37.59936" lon="-83.78463"/>
      <trkpt lat="37.59969" lon="-83.78485"/>
      <trkpt lat="37.59981" lon="-83.78495"/>
      <trkpt lat="37.59993" lon="-83.78505"/>
      <trkpt lat="37.60003" lon="-83.78516"/>
      <trkpt lat="37.60012" lon="-83.78529"/>
      <trkpt lat="37.6002" lon="-83.78543"/>
      <trkpt lat="37.60029" lon="-83.78564"/>
      <trkpt lat="37.60033" lon="-83.78574"/>
      <trkpt lat="37.60036" lon="-83.78585"/>
      <trkpt lat="37.6004" lon="-83.78601"/>
      <trkpt lat="37.60042" lon="-83.78623"/>
      <trkpt lat="37.60042" lon="-83.78639"/>
      <trkpt lat="37.60039" lon="-83.78671"/>
      <trkpt lat="37.60039" lon="-83.78686"/>
      <trkpt lat="37.6004" lon="-83.78708"/>
      <trkpt lat="37.60042" lon="-83.78718"/>
      <trkpt lat="37.60044" lon="-83.78728"/>
      <trkpt lat="37.60046" lon="-83.78732"/>
      <trkpt lat="37.60052" lon="-83.78746"/>
      <trkpt lat="37.6006" lon="-83.78758"/>
      <trkpt lat="37.60068" lon="-83.78769"/>
      <trkpt lat="37.60077" lon="-83.78779"/>
      <trkpt lat="37.60096" lon="-83.78799"/>
      <trkpt lat="37.60113" lon="-83.78814"/>
      <trkpt lat="37.60128" lon="-83.78825"/>
      <trkpt lat="37.6015" lon="-83.78839"/>
      <trkpt lat="37.6017" lon="-83.78849"/>
      <trkpt lat="37.60187" lon="-83.78855"/>
      <trkpt lat="37.602" lon="-83.78857"/>
      <trkpt lat="37.60314" lon="-83.78871"/>
      <trkpt lat="37.60401" lon="-83.78883"/>
      <trkpt lat="37.60471" lon="-83.78892"/>
      <trkpt lat="37.6052" lon="-83.78897"/>
      <trkpt lat="37.60553" lon="-83.78902"/>
      <trkpt lat="37.60567" lon="-83.78906"/>
      <trkpt lat="37.6058" lon="-83.78911"/>
      <trkpt lat="37.60592" lon="-83.78917"/>
      <trkpt lat="37.60604" lon="-83.78924"/>
      <trkpt lat="37.60616" lon="-83.78933"/>
      <trkpt lat="37.60631" lon="-83.78947"/>
      <trkpt lat="37.60638" lon="-83.78955"/>
      <trkpt lat="37.60647" lon="-83.78967"/>
      <trkpt lat="37.60656" lon="-83.78981"/>
      <trkpt lat="37.60661" lon="-83.78991"/>
      <trkpt lat="37.6067" lon="-83.79011"/>
      <trkpt lat="37.60676" lon="-83.79027"/>
      <trkpt lat="37.6068" lon="-83.79044"/>
      <trkpt lat="37.60684" lon="-83.79062"/>
      <trkpt lat="37.6069" lon="-83.79096"/>
      <trkpt lat="37.60693" lon="-83.79114"/>
      <trkpt lat="37.60698" lon="-83.7913"/>
      <trkpt lat="37.60704" lon="-83.79146"/>
      <trkpt lat="37.60713" lon="-83.7916"/>
      <trkpt lat="37.60723" lon="-83.79172"/>
      <trkpt lat="37.60742" lon="-83.7919"/>
      <trkpt lat="37.6075" lon="-83.79196"/>
      <trkpt lat="37.60839" lon="-83.79236"/>
      <trkpt lat="37.60852" lon="-83.79244"/>
      <trkpt lat="37.60871" lon="-83.79257"/>
      <trkpt lat="37.60887" lon="-83.79271"/>
      <trkpt lat="37.60899" lon="-83.79285"/>
      <trkpt lat="37.60907" lon="-83.79296"/>
      <trkpt lat="37.60917" lon="-83.7931"/>
      <trkpt lat="37.60924" lon="-83.79324"/>
      <trkpt lat="37.60935" lon="-83.79342"/>
      <trkpt lat="37.6094" lon="-83.79352"/>
      <trkpt lat="37.60948" lon="-83.79363"/>
      <trkpt lat="37.60953" lon="-83.79369"/>
      <trkpt lat="37.60961" lon="-83.79376"/>
      <trkpt lat="37.60969" lon="-83.79383"/>
      <trkpt lat="37.60976" lon="-83.79389"/>
      <trkpt lat="37.60983" lon="-83.79392"/>
      <trkpt lat="37.60989" lon="-83.79395"/>
      <trkpt lat="37.61006" lon="-83.794"/>
      <trkpt lat="37.61017" lon="-83.79402"/>
      <trkpt lat="37.61025" lon="-83.79402"/>
      <trkpt lat="37.61039" lon="-83.79402"/>
      <trkpt lat="37.61056" lon="-83.79398"/>
      <trkpt lat="37.61071" lon="-83.79392"/>
      <trkpt lat="37.61087" lon="-83.79384"/>
      <trkpt lat="37.61137" lon="-83.79351"/>
      <trkpt lat="37.61159" lon="-83.79338"/>
      <trkpt lat="37.61174" lon="-83.7933"/>
      <trkpt lat="37.61187" lon="-83.79325"/>
      <trkpt lat="37.612" lon="-83.79322"/>
      <trkpt lat="37.61208" lon="-83.79321"/>
      <trkpt lat="37.61226" lon="-83.79321"/>
      <trkpt lat="37.61238" lon="-83.79322"/>
      <trkpt lat="37.61271" lon="-83.79329"/>
      <trkpt lat="37.61298" lon="-83.79332"/>
      <trkpt lat="37.61318" lon="-83.79333"/>
      <trkpt lat="37.61328" lon="-83.79333"/>
      <trkpt lat="37.61342" lon="-83.7933"/>
      <trkpt lat="37.61356" lon="-83.79326"/>
      <trkpt lat="37.61362" lon="-83.79323"/>
      <trkpt lat="37.61371" lon="-83.79319"/>
      <trkpt lat="37.61381" lon="-83.79313"/>
      <trkpt lat="37.61393" lon="-83.79305"/>
      <trkpt lat="37.61405" lon="-83.79297"/>
      <trkpt lat="37.61428" lon="-83.79281"/>
      <trkpt lat="37.61456" lon="-83.79264"/>
      <trkpt lat="37.61479" lon="-83.79259"/>
      <trkpt lat="37.61502" lon="-83.7926"/>
      <trkpt lat="37.61518" lon="-83.79267"/>
      <trkpt lat="37.61533" lon="-83.79275"/>
      <trkpt lat="37.61543" lon="-83.79283"/>
      <trkpt lat="37.61558" lon="-83.79299"/>
      <trkpt lat="37.61583" lon="-83.79324"/>
      <trkpt lat="37.61595" lon="-83.79335"/>
      <trkpt lat="37.61613" lon="-83.7935"/>
      <trkpt lat="37.61635" lon="-83.79366"/>
      <trkpt lat="37.61649" lon="-83.79376"/>
      <trkpt lat="37.61697" lon="-83.79405"/>
      <trkpt lat="37.61791" lon="-83.79464"/>
      <trkpt lat="37.6182" lon="-83.79481"/>
      <trkpt lat="37.61839" lon="-83.79491"/>
      <trkpt lat="37.61853" lon="-83.79497"/>
      <trkpt lat="37.61876" lon="-83.79502"/>
      <trkpt lat="37.61891" lon="-83.79503"/>
      <trkpt lat="37.61904" lon="-83.79503"/>
      <trkpt lat="37.61956" lon="-83.79499"/>
      <trkpt lat="37.61964" lon="-83.79498"/>
      <trkpt lat="37.61983" lon="-83.79499"/>
      <trkpt lat="37.61996" lon="-83.79502"/>
      <trkpt lat="37.62006" lon="-83.79504"/>
      <trkpt lat="37.62017" lon="-83.79508"/>
      <trkpt lat="37.62045" lon="-83.7952"/>
      <trkpt lat="37.62061" lon="-83.79528"/>
      <trkpt lat="37.62115" lon="-83.79559"/>
      <trkpt lat="37.62127" lon="-83.79565"/>
      <trkpt lat="37.62139" lon="-83.7957"/>
      <trkpt lat="37.62148" lon="-83.79572"/>
      <trkpt lat="37.62163" lon="-83.79574"/>
      <trkpt lat="37.62178" lon="-83.79572"/>
      <trkpt lat="37.62187" lon="-83.79569"/>
      <trkpt lat="37.62192" lon="-83.79567"/>
      <trkpt lat="37.62198" lon="-83.79563"/>
      <trkpt lat="37.62204" lon="-83.79558"/>
      <trkpt lat="37.62216" lon="-83.79548"/>
      <trkpt lat="37.6222" lon="-83.79541"/>
      <trkpt lat="37.62227" lon="-83.79529"/>
      <trkpt lat="37.62233" lon="-83.79515"/>
      <trkpt lat="37.62239" lon="-83.79496"/>
      <trkpt lat="37.62244" lon="-83.79476"/>
      <trkpt lat="37.6225" lon="-83.7946"/>
      <trkpt lat="37.62253" lon="-83.79449"/>
      <trkpt lat="37.6226" lon="-83.79435"/>
      <trkpt lat="37.62268" lon="-83.7942"/>
      <trkpt lat="37.62283" lon="-83.79397"/>
      <trkpt lat="37.62306" lon="-83.79368"/>
      <trkpt lat="37.62316" lon="-83.79355"/>
      <trkpt lat="37.62324" lon="-83.7934"/>
      <trkpt lat="37.62331" lon="-83.79325"/>
      <trkpt lat="37.62334" lon="-83.79319"/>
      <trkpt lat="37.62338" lon="-83.79303"/>
      <trkpt lat="37.6234" lon="-83.79292"/>
      <trkpt lat="37.62342" lon="-83.79275"/>
      <trkpt lat="37.62343" lon="-83.79254"/>
      <trkpt lat="37.62343" lon="-83.79221"/>
      <trkpt lat="37.62344" lon="-83.79201"/>
      <trkpt lat="37.62346" lon="-83.79175"/>
      <trkpt lat="37.62349" lon="-83.79158"/>
      <trkpt lat="37.62353" lon="-83.79142"/>
      <trkpt lat="37.62356" lon="-83.79127"/>
      <trkpt lat="37.62361" lon="-83.79109"/>
      <trkpt lat="37.62375" lon="-83.79072"/>
      <trkpt lat="37.62387" lon="-83.79041"/>
      <trkpt lat="37.62397" lon="-83.79017"/>
      <trkpt lat="37.62404" lon="-83.79"/>
      <trkpt lat="37.62413" lon="-83.78984"/>
      <trkpt lat="37.6242" lon="-83.78971"/>
      <trkpt lat="37.62426" lon="-83.78962"/>
      <trkpt lat="37.62441" lon="-83.78943"/>
      <trkpt lat="37.62455" lon="-83.7893"/>
      <trkpt lat="37.62466" lon="-83.78921"/>
      <trkpt lat="37.62481" lon="-83.78912"/>
      <trkpt lat="37.62496" lon="-83.78905"/>
      <trkpt lat="37.62514" lon="-83.78897"/>
      <trkpt lat="37.62531" lon="-83.7889"/>
      <trkpt lat="37.62545" lon="-83.78883"/>
      <trkpt lat="37.62561" lon="-83.78873"/>
      <trkpt lat="37.6257" lon="-83.78867"/>
      <trkpt lat="37.62581" lon="-83.78857"/>
      <trkpt lat="37.62591" lon="-83.78846"/>
      <trkpt lat="37.62602" lon="-83.78829"/>
      <trkpt lat="37.62607" lon="-83.78818"/>
      <trkpt lat="37.62611" lon="-83.7881"/>
      <trkpt lat="37.62617" lon="-83.7879"/>
      <trkpt lat="37.62621" lon="-83.78769"/>
      <trkpt lat="37.62623" lon="-83.78749"/>
      <trkpt lat="37.62622" lon="-83.7873"/>
      <trkpt lat="37.62618" lon="-83.78711"/>
      <trkpt lat="37.62614" lon="-83.78694"/>
      <trkpt lat="37.62609" lon="-83.78682"/>
      <trkpt lat="37.62607" lon="-83.78678"/>
      <trkpt lat="37.62599" lon="-83.78663"/>
      <trkpt lat="37.6259" lon="-83.78649"/>
      <trkpt lat="37.62577" lon="-83.78635"/>
      <trkpt lat="37.62568" lon="-83.78625"/>
      <trkpt lat="37.6256" lon="-83.78618"/>
      <trkpt lat="37.62529" lon="-83.78592"/>
      <trkpt lat="37.62519" lon="-83.78581"/>
      <trkpt lat="37.6251" lon="-83.78571"/>
      <trkpt lat="37.625" lon="-83.78557"/>
      <trkpt lat="37.62491" lon="-83.78543"/>
      <trkpt lat="37.62484" lon="-83.78529"/>
      <trkpt lat="37.62478" lon="-83.78516"/>
      <trkpt lat="37.62462" lon="-83.78465"/>
      <trkpt lat="37.62455" lon="-83.78447"/>
      <trkpt lat="37.6245" lon="-83.78437"/>
      <trkpt lat="37.62446" lon="-83.78431"/>
      <trkpt lat="37.62435" lon="-83.78417"/>
      <trkpt lat="37.62431" lon="-83.78413"/>
      <trkpt lat="37.62421" lon="-83.78404"/>
      <trkpt lat="37.62408" lon="-83.78396"/>
      <trkpt lat="37.62393" lon="-83.78389"/>
      <trkpt lat="37.62367" lon="-83.78378"/>
      <trkpt lat="37.62354" lon="-83.78372"/>
      <trkpt lat="37.62338" lon="-83.78362"/>
      <trkpt lat="37.62328" lon="-83.78354"/>
      <trkpt lat="37.62318" lon="-83.78343"/>
      <trkpt lat="37.62309" lon="-83.78331"/>
      <trkpt lat="37.62299" lon="-83.78315"/>
      <trkpt lat="37.62293" lon="-83.78303"/>
      <trkpt lat="37.62287" lon="-83.78289"/>
      <trkpt lat="37.62282" lon="-83.78273"/>
      <trkpt lat="37.62279" lon="-83.7826"/>
      <trkpt lat="37.62276" lon="-83.7825"/>
      <trkpt lat="37.62275" lon="-83.78236"/>
      <trkpt lat="37.62274" lon="-83.78224"/>
      <trkpt lat="37.62274" lon="-83.78207"/>
      <trkpt lat="37.62276" lon="-83.7819"/>
      <trkpt lat="37.62278" lon="-83.78182"/>
      <trkpt lat="37.62282" lon="-83.78165"/>
      <trkpt lat="37.62288" lon="-83.78149"/>
      <trkpt lat="37.62296" lon="-83.78131"/>
      <trkpt lat="37.62308" lon="-83.78107"/>
      <trkpt lat="37.62388" lon="-83.77951"/>
      <trkpt lat="37.6242" lon="-83.77888"/>
      <trkpt lat="37.62428" lon="-83.77871"/>
      <trkpt lat="37.62434" lon="-83.77855"/>
      <trkpt lat="37.62439" lon="-83.77839"/>
      <trkpt lat="37.6244" lon="-83.77834"/>
      <trkpt lat="37.6244" lon="-83.77822"/>
      <trkpt lat="37.62439" lon="-83.77811"/>
      <trkpt lat="37.62438" lon="-83.77806"/>
      <trkpt lat="37.62434" lon="-83.77799"/>
      <trkpt lat="37.62428" lon="-83.77791"/>
      <trkpt lat="37.62418" lon="-83.77781"/>
      <trkpt lat="37.62412" lon="-83.77777"/>
      <trkpt lat="37.62406" lon="-83.77775"/>
      <trkpt lat="37.62402" lon="-83.77774"/>
      <trkpt lat="37.62381" lon="-83.77771"/>
      <trkpt lat="37.62369" lon="-83.77768"/>
      <trkpt lat="37.62363" lon="-83.77766"/>
      <trkpt lat="37.62357" lon="-83.77763"/>
      <trkpt lat="37.62356" lon="-83.77762"/>
    </trkseg>
  </trk>
</gpx>
