<?xml version="1.0" encoding="UTF-8"?>
<gpx xmlns="http://www.topografix.com/GPX/1/1" xmlns:xsi="http://www.w3.org/2001/XMLSchema-instance" creator="REVER https://a.rever.co" version="1.1" xsi:schemaLocation="http://www.topografix.com/GPX/1/1 http://www.topografix.com/GPX/1/1/gpx.xsd">
  <metadata>
    <name>ADV Advanced Sandstone Loop RRS25</name>
    <author>
      <name>Drew Faulkner</name>
    </author>
    <link href="https://a.rever.co/embed/"/>
  </metadata>
  <wpt lat="37.61955" lon="-83.77665">
    <name>37.619548, -83.776653</name>
  </wpt>
  <wpt lat="37.62461" lon="-83.77538">
    <name>37.624605, -83.775378</name>
  </wpt>
  <trk>
    <name>ADV Advanced Sandstone Loop RRS25</name>
    <link href="https://a.rever.co/embed/"/>
    <type>Ride</type>
    <trkseg>
      <trkpt lat="37.61955" lon="-83.77665"/>
      <trkpt lat="37.61983" lon="-83.77665"/>
      <trkpt lat="37.62017" lon="-83.77633"/>
      <trkpt lat="37.62041" lon="-83.77627"/>
      <trkpt lat="37.62084" lon="-83.77644"/>
      <trkpt lat="37.62126" lon="-83.77678"/>
      <trkpt lat="37.62144" lon="-83.77676"/>
      <trkpt lat="37.62169" lon="-83.77659"/>
      <trkpt lat="37.62197" lon="-83.77657"/>
      <trkpt lat="37.62219" lon="-83.77663"/>
      <trkpt lat="37.62264" lon="-83.77691"/>
      <trkpt lat="37.62384" lon="-83.77633"/>
      <trkpt lat="37.62431" lon="-83.77616"/>
      <trkpt lat="37.62446" lon="-83.77618"/>
      <trkpt lat="37.62435" lon="-83.77631"/>
      <trkpt lat="37.62358" lon="-83.77667"/>
      <trkpt lat="37.62341" lon="-83.77682"/>
      <trkpt lat="37.62332" lon="-83.77719"/>
      <trkpt lat="37.62335" lon="-83.77736"/>
      <trkpt lat="37.62343" lon="-83.77753"/>
      <trkpt lat="37.62354" lon="-83.77762"/>
      <trkpt lat="37.62416" lon="-83.77777"/>
      <trkpt lat="37.62435" lon="-83.77796"/>
      <trkpt lat="37.62442" lon="-83.77839"/>
      <trkpt lat="37.62423" lon="-83.77888"/>
      <trkpt lat="37.62287" lon="-83.78152"/>
      <trkpt lat="37.62277" lon="-83.78204"/>
      <trkpt lat="37.62281" lon="-83.78264"/>
      <trkpt lat="37.623" lon="-83.78311"/>
      <trkpt lat="37.62328" lon="-83.78352"/>
      <trkpt lat="37.62358" lon="-83.78373"/>
      <trkpt lat="37.62416" lon="-83.78397"/>
      <trkpt lat="37.62442" lon="-83.78421"/>
      <trkpt lat="37.62457" lon="-83.78446"/>
      <trkpt lat="37.62478" lon="-83.78515"/>
      <trkpt lat="37.62502" lon="-83.78562"/>
      <trkpt lat="37.62519" lon="-83.78584"/>
      <trkpt lat="37.6259" lon="-83.78646"/>
      <trkpt lat="37.62611" lon="-83.7868"/>
      <trkpt lat="37.62622" lon="-83.78721"/>
      <trkpt lat="37.6262" lon="-83.78788"/>
      <trkpt lat="37.62609" lon="-83.78818"/>
      <trkpt lat="37.62575" lon="-83.78865"/>
      <trkpt lat="37.62536" lon="-83.78888"/>
      <trkpt lat="37.62487" lon="-83.7891"/>
      <trkpt lat="37.62448" lon="-83.7894"/>
      <trkpt lat="37.62416" lon="-83.78985"/>
      <trkpt lat="37.6239" lon="-83.79041"/>
      <trkpt lat="37.6236" lon="-83.7912"/>
      <trkpt lat="37.62352" lon="-83.7915"/>
      <trkpt lat="37.62343" lon="-83.7921"/>
      <trkpt lat="37.62345" lon="-83.79277"/>
      <trkpt lat="37.62335" lon="-83.79326"/>
      <trkpt lat="37.62322" lon="-83.79354"/>
      <trkpt lat="37.62264" lon="-83.79427"/>
      <trkpt lat="37.62251" lon="-83.79457"/>
      <trkpt lat="37.62238" lon="-83.79506"/>
      <trkpt lat="37.62214" lon="-83.79549"/>
      <trkpt lat="37.62204" lon="-83.79562"/>
      <trkpt lat="37.6218" lon="-83.79573"/>
      <trkpt lat="37.62154" lon="-83.79573"/>
      <trkpt lat="37.62133" lon="-83.79569"/>
      <trkpt lat="37.62051" lon="-83.79524"/>
      <trkpt lat="37.61998" lon="-83.79502"/>
      <trkpt lat="37.61963" lon="-83.79498"/>
      <trkpt lat="37.61888" lon="-83.79502"/>
      <trkpt lat="37.61837" lon="-83.79491"/>
      <trkpt lat="37.61637" lon="-83.79367"/>
      <trkpt lat="37.61592" lon="-83.79333"/>
      <trkpt lat="37.61541" lon="-83.79279"/>
      <trkpt lat="37.615" lon="-83.7926"/>
      <trkpt lat="37.61474" lon="-83.7926"/>
      <trkpt lat="37.61448" lon="-83.79266"/>
      <trkpt lat="37.61369" lon="-83.79322"/>
      <trkpt lat="37.61335" lon="-83.79335"/>
      <trkpt lat="37.61298" lon="-83.79335"/>
      <trkpt lat="37.6124" lon="-83.7932"/>
      <trkpt lat="37.61191" lon="-83.79324"/>
      <trkpt lat="37.61161" lon="-83.79337"/>
      <trkpt lat="37.61058" lon="-83.79403"/>
      <trkpt lat="37.61073" lon="-83.79448"/>
      <trkpt lat="37.61073" lon="-83.79491"/>
      <trkpt lat="37.6106" lon="-83.7953"/>
      <trkpt lat="37.61032" lon="-83.79579"/>
      <trkpt lat="37.61019" lon="-83.79633"/>
      <trkpt lat="37.61017" lon="-83.79665"/>
      <trkpt lat="37.61026" lon="-83.79697"/>
      <trkpt lat="37.61051" lon="-83.79742"/>
      <trkpt lat="37.61088" lon="-83.79787"/>
      <trkpt lat="37.61114" lon="-83.79809"/>
      <trkpt lat="37.61152" lon="-83.79824"/>
      <trkpt lat="37.6118" lon="-83.79843"/>
      <trkpt lat="37.61264" lon="-83.79925"/>
      <trkpt lat="37.61287" lon="-83.7997"/>
      <trkpt lat="37.61294" lon="-83.80023"/>
      <trkpt lat="37.61287" lon="-83.80077"/>
      <trkpt lat="37.61268" lon="-83.80137"/>
      <trkpt lat="37.61225" lon="-83.80221"/>
      <trkpt lat="37.61285" lon="-83.80268"/>
      <trkpt lat="37.61371" lon="-83.80296"/>
      <trkpt lat="37.61483" lon="-83.80285"/>
      <trkpt lat="37.61569" lon="-83.803"/>
      <trkpt lat="37.61635" lon="-83.80298"/>
      <trkpt lat="37.61684" lon="-83.80309"/>
      <trkpt lat="37.61749" lon="-83.80296"/>
      <trkpt lat="37.61775" lon="-83.803"/>
      <trkpt lat="37.61817" lon="-83.8032"/>
      <trkpt lat="37.6183" lon="-83.8033"/>
      <trkpt lat="37.61871" lon="-83.80388"/>
      <trkpt lat="37.6191" lon="-83.80427"/>
      <trkpt lat="37.61975" lon="-83.80438"/>
      <trkpt lat="37.61985" lon="-83.8044"/>
      <trkpt lat="37.62019" lon="-83.80463"/>
      <trkpt lat="37.62034" lon="-83.80481"/>
      <trkpt lat="37.6206" lon="-83.80489"/>
      <trkpt lat="37.62156" lon="-83.80592"/>
      <trkpt lat="37.62184" lon="-83.80618"/>
      <trkpt lat="37.62324" lon="-83.80783"/>
      <trkpt lat="37.62341" lon="-83.80796"/>
      <trkpt lat="37.62358" lon="-83.80811"/>
      <trkpt lat="37.62431" lon="-83.8092"/>
      <trkpt lat="37.62448" lon="-83.80929"/>
      <trkpt lat="37.62465" lon="-83.80929"/>
      <trkpt lat="37.62498" lon="-83.80914"/>
      <trkpt lat="37.62526" lon="-83.80888"/>
      <trkpt lat="37.62538" lon="-83.80884"/>
      <trkpt lat="37.62549" lon="-83.80888"/>
      <trkpt lat="37.62592" lon="-83.80931"/>
      <trkpt lat="37.62646" lon="-83.80961"/>
      <trkpt lat="37.62671" lon="-83.80983"/>
      <trkpt lat="37.6268" lon="-83.81013"/>
      <trkpt lat="37.62676" lon="-83.81049"/>
      <trkpt lat="37.62661" lon="-83.81086"/>
      <trkpt lat="37.62652" lon="-83.81129"/>
      <trkpt lat="37.6265" lon="-83.81174"/>
      <trkpt lat="37.62656" lon="-83.81227"/>
      <trkpt lat="37.62689" lon="-83.81302"/>
      <trkpt lat="37.62689" lon="-83.8135"/>
      <trkpt lat="37.62719" lon="-83.81345"/>
      <trkpt lat="37.62749" lon="-83.81354"/>
      <trkpt lat="37.62757" lon="-83.81367"/>
      <trkpt lat="37.62757" lon="-83.81395"/>
      <trkpt lat="37.62768" lon="-83.8142"/>
      <trkpt lat="37.62798" lon="-83.81453"/>
      <trkpt lat="37.6282" lon="-83.81457"/>
      <trkpt lat="37.62884" lon="-83.81407"/>
      <trkpt lat="37.62985" lon="-83.81367"/>
      <trkpt lat="37.63077" lon="-83.81296"/>
      <trkpt lat="37.63113" lon="-83.81277"/>
      <trkpt lat="37.63116" lon="-83.81253"/>
      <trkpt lat="37.6309" lon="-83.81208"/>
      <trkpt lat="37.63077" lon="-83.81148"/>
      <trkpt lat="37.63045" lon="-83.81103"/>
      <trkpt lat="37.63028" lon="-83.81062"/>
      <trkpt lat="37.63028" lon="-83.8103"/>
      <trkpt lat="37.63034" lon="-83.80998"/>
      <trkpt lat="37.63051" lon="-83.80976"/>
      <trkpt lat="37.63068" lon="-83.80968"/>
      <trkpt lat="37.63146" lon="-83.80963"/>
      <trkpt lat="37.63176" lon="-83.80953"/>
      <trkpt lat="37.63216" lon="-83.80918"/>
      <trkpt lat="37.63225" lon="-83.80903"/>
      <trkpt lat="37.63227" lon="-83.80884"/>
      <trkpt lat="37.63212" lon="-83.80811"/>
      <trkpt lat="37.63184" lon="-83.80742"/>
      <trkpt lat="37.63165" lon="-83.8071"/>
      <trkpt lat="37.63096" lon="-83.80626"/>
      <trkpt lat="37.63088" lon="-83.80611"/>
      <trkpt lat="37.63086" lon="-83.80594"/>
      <trkpt lat="37.63092" lon="-83.80575"/>
      <trkpt lat="37.63103" lon="-83.80569"/>
      <trkpt lat="37.63159" lon="-83.80551"/>
      <trkpt lat="37.6321" lon="-83.80526"/>
      <trkpt lat="37.63219" lon="-83.80513"/>
      <trkpt lat="37.63227" lon="-83.8047"/>
      <trkpt lat="37.63236" lon="-83.8045"/>
      <trkpt lat="37.63289" lon="-83.80395"/>
      <trkpt lat="37.63313" lon="-83.80365"/>
      <trkpt lat="37.63317" lon="-83.8033"/>
      <trkpt lat="37.63332" lon="-83.80264"/>
      <trkpt lat="37.63345" lon="-83.8024"/>
      <trkpt lat="37.63388" lon="-83.80202"/>
      <trkpt lat="37.63399" lon="-83.80204"/>
      <trkpt lat="37.63405" lon="-83.80212"/>
      <trkpt lat="37.63412" lon="-83.80266"/>
      <trkpt lat="37.63429" lon="-83.80292"/>
      <trkpt lat="37.63583" lon="-83.80307"/>
      <trkpt lat="37.63601" lon="-83.80298"/>
      <trkpt lat="37.63613" lon="-83.80285"/>
      <trkpt lat="37.63628" lon="-83.80249"/>
      <trkpt lat="37.63637" lon="-83.80234"/>
      <trkpt lat="37.63652" lon="-83.80223"/>
      <trkpt lat="37.63704" lon="-83.8021"/>
      <trkpt lat="37.63731" lon="-83.80178"/>
      <trkpt lat="37.63753" lon="-83.80161"/>
      <trkpt lat="37.63852" lon="-83.8015"/>
      <trkpt lat="37.6389" lon="-83.80133"/>
      <trkpt lat="37.63903" lon="-83.80111"/>
      <trkpt lat="37.63961" lon="-83.79966"/>
      <trkpt lat="37.64002" lon="-83.79699"/>
      <trkpt lat="37.64002" lon="-83.79648"/>
      <trkpt lat="37.63976" lon="-83.79425"/>
      <trkpt lat="37.63974" lon="-83.79363"/>
      <trkpt lat="37.63972" lon="-83.79307"/>
      <trkpt lat="37.63957" lon="-83.79223"/>
      <trkpt lat="37.63952" lon="-83.79157"/>
      <trkpt lat="37.63946" lon="-83.79133"/>
      <trkpt lat="37.63937" lon="-83.79129"/>
      <trkpt lat="37.63781" lon="-83.79133"/>
      <trkpt lat="37.6377" lon="-83.79127"/>
      <trkpt lat="37.63764" lon="-83.79116"/>
      <trkpt lat="37.63794" lon="-83.78985"/>
      <trkpt lat="37.63811" lon="-83.78837"/>
      <trkpt lat="37.63809" lon="-83.78824"/>
      <trkpt lat="37.63798" lon="-83.78809"/>
      <trkpt lat="37.63784" lon="-83.78803"/>
      <trkpt lat="37.63764" lon="-83.78794"/>
      <trkpt lat="37.63753" lon="-83.78777"/>
      <trkpt lat="37.63755" lon="-83.78719"/>
      <trkpt lat="37.63774" lon="-83.78676"/>
      <trkpt lat="37.63783" lon="-83.78635"/>
      <trkpt lat="37.63766" lon="-83.78436"/>
      <trkpt lat="37.63755" lon="-83.7841"/>
      <trkpt lat="37.6374" lon="-83.78386"/>
      <trkpt lat="37.6371" lon="-83.78376"/>
      <trkpt lat="37.63691" lon="-83.78384"/>
      <trkpt lat="37.63631" lon="-83.78438"/>
      <trkpt lat="37.63613" lon="-83.7844"/>
      <trkpt lat="37.63601" lon="-83.78425"/>
      <trkpt lat="37.63601" lon="-83.78399"/>
      <trkpt lat="37.63652" lon="-83.78264"/>
      <trkpt lat="37.63654" lon="-83.78221"/>
      <trkpt lat="37.6365" lon="-83.78202"/>
      <trkpt lat="37.63551" lon="-83.77966"/>
      <trkpt lat="37.63504" lon="-83.77893"/>
      <trkpt lat="37.63498" lon="-83.77878"/>
      <trkpt lat="37.63498" lon="-83.77867"/>
      <trkpt lat="37.63506" lon="-83.77856"/>
      <trkpt lat="37.63558" lon="-83.77899"/>
      <trkpt lat="37.63618" lon="-83.77998"/>
      <trkpt lat="37.63674" lon="-83.78092"/>
      <trkpt lat="37.63837" lon="-83.78303"/>
      <trkpt lat="37.63905" lon="-83.7841"/>
      <trkpt lat="37.64064" lon="-83.78554"/>
      <trkpt lat="37.64096" lon="-83.78575"/>
      <trkpt lat="37.64174" lon="-83.78607"/>
      <trkpt lat="37.64249" lon="-83.7865"/>
      <trkpt lat="37.64343" lon="-83.78712"/>
      <trkpt lat="37.64364" lon="-83.7874"/>
      <trkpt lat="37.64373" lon="-83.78785"/>
      <trkpt lat="37.6436" lon="-83.78863"/>
      <trkpt lat="37.64364" lon="-83.78903"/>
      <trkpt lat="37.64375" lon="-83.78936"/>
      <trkpt lat="37.64431" lon="-83.7903"/>
      <trkpt lat="37.64489" lon="-83.79114"/>
      <trkpt lat="37.64506" lon="-83.79148"/>
      <trkpt lat="37.64521" lon="-83.79195"/>
      <trkpt lat="37.6453" lon="-83.79264"/>
      <trkpt lat="37.6453" lon="-83.79393"/>
      <trkpt lat="37.6454" lon="-83.79457"/>
      <trkpt lat="37.64594" lon="-83.79549"/>
      <trkpt lat="37.64669" lon="-83.79633"/>
      <trkpt lat="37.64731" lon="-83.79697"/>
      <trkpt lat="37.64791" lon="-83.79781"/>
      <trkpt lat="37.64813" lon="-83.7983"/>
      <trkpt lat="37.64839" lon="-83.7991"/>
      <trkpt lat="37.64879" lon="-83.79976"/>
      <trkpt lat="37.64933" lon="-83.80021"/>
      <trkpt lat="37.65" lon="-83.80051"/>
      <trkpt lat="37.65025" lon="-83.80062"/>
      <trkpt lat="37.651" lon="-83.80096"/>
      <trkpt lat="37.65139" lon="-83.80118"/>
      <trkpt lat="37.65171" lon="-83.80146"/>
      <trkpt lat="37.65296" lon="-83.803"/>
      <trkpt lat="37.6536" lon="-83.80354"/>
      <trkpt lat="37.65375" lon="-83.80369"/>
      <trkpt lat="37.65418" lon="-83.80405"/>
      <trkpt lat="37.65444" lon="-83.80438"/>
      <trkpt lat="37.65467" lon="-83.80489"/>
      <trkpt lat="37.65478" lon="-83.8053"/>
      <trkpt lat="37.65476" lon="-83.80573"/>
      <trkpt lat="37.65433" lon="-83.80723"/>
      <trkpt lat="37.65405" lon="-83.80873"/>
      <trkpt lat="37.65401" lon="-83.80959"/>
      <trkpt lat="37.65414" lon="-83.81032"/>
      <trkpt lat="37.65455" lon="-83.81107"/>
      <trkpt lat="37.655" lon="-83.8118"/>
      <trkpt lat="37.65547" lon="-83.81259"/>
      <trkpt lat="37.65618" lon="-83.81375"/>
      <trkpt lat="37.65635" lon="-83.81395"/>
      <trkpt lat="37.65654" lon="-83.81405"/>
      <trkpt lat="37.65721" lon="-83.8141"/>
      <trkpt lat="37.65774" lon="-83.81423"/>
      <trkpt lat="37.65821" lon="-83.81442"/>
      <trkpt lat="37.65884" lon="-83.81468"/>
      <trkpt lat="37.65901" lon="-83.81483"/>
      <trkpt lat="37.65918" lon="-83.81504"/>
      <trkpt lat="37.65944" lon="-83.81605"/>
      <trkpt lat="37.6595" lon="-83.81667"/>
      <trkpt lat="37.65937" lon="-83.8177"/>
      <trkpt lat="37.65907" lon="-83.81978"/>
      <trkpt lat="37.65912" lon="-83.82028"/>
      <trkpt lat="37.65929" lon="-83.82096"/>
      <trkpt lat="37.65963" lon="-83.82156"/>
      <trkpt lat="37.66036" lon="-83.82251"/>
      <trkpt lat="37.66073" lon="-83.82277"/>
      <trkpt lat="37.66135" lon="-83.823"/>
      <trkpt lat="37.66208" lon="-83.82313"/>
      <trkpt lat="37.66242" lon="-83.82324"/>
      <trkpt lat="37.66268" lon="-83.82343"/>
      <trkpt lat="37.66296" lon="-83.82407"/>
      <trkpt lat="37.66304" lon="-83.82435"/>
      <trkpt lat="37.66328" lon="-83.82506"/>
      <trkpt lat="37.66324" lon="-83.82545"/>
      <trkpt lat="37.66321" lon="-83.82555"/>
      <trkpt lat="37.66257" lon="-83.82671"/>
      <trkpt lat="37.66253" lon="-83.82684"/>
      <trkpt lat="37.66242" lon="-83.82719"/>
      <trkpt lat="37.66236" lon="-83.82772"/>
      <trkpt lat="37.66242" lon="-83.82854"/>
      <trkpt lat="37.66257" lon="-83.82916"/>
      <trkpt lat="37.66287" lon="-83.82974"/>
      <trkpt lat="37.66315" lon="-83.83019"/>
      <trkpt lat="37.66394" lon="-83.83154"/>
      <trkpt lat="37.66414" lon="-83.83193"/>
      <trkpt lat="37.66424" lon="-83.83231"/>
      <trkpt lat="37.66431" lon="-83.83283"/>
      <trkpt lat="37.66433" lon="-83.83429"/>
      <trkpt lat="37.66448" lon="-83.83517"/>
      <trkpt lat="37.66461" lon="-83.8356"/>
      <trkpt lat="37.66489" lon="-83.83609"/>
      <trkpt lat="37.66596" lon="-83.83723"/>
      <trkpt lat="37.66738" lon="-83.83862"/>
      <trkpt lat="37.66783" lon="-83.83899"/>
      <trkpt lat="37.66869" lon="-83.8395"/>
      <trkpt lat="37.6689" lon="-83.8397"/>
      <trkpt lat="37.66907" lon="-83.84"/>
      <trkpt lat="37.66931" lon="-83.84103"/>
      <trkpt lat="37.66944" lon="-83.84163"/>
      <trkpt lat="37.66952" lon="-83.84216"/>
      <trkpt lat="37.66948" lon="-83.84296"/>
      <trkpt lat="37.66896" lon="-83.84519"/>
      <trkpt lat="37.66873" lon="-83.84609"/>
      <trkpt lat="37.66849" lon="-83.8466"/>
      <trkpt lat="37.66806" lon="-83.84706"/>
      <trkpt lat="37.66757" lon="-83.84736"/>
      <trkpt lat="37.66652" lon="-83.84806"/>
      <trkpt lat="37.66611" lon="-83.84841"/>
      <trkpt lat="37.66553" lon="-83.84899"/>
      <trkpt lat="37.66523" lon="-83.84946"/>
      <trkpt lat="37.66508" lon="-83.84991"/>
      <trkpt lat="37.66502" lon="-83.85034"/>
      <trkpt lat="37.66502" lon="-83.85077"/>
      <trkpt lat="37.66508" lon="-83.85118"/>
      <trkpt lat="37.66527" lon="-83.85175"/>
      <trkpt lat="37.66605" lon="-83.85334"/>
      <trkpt lat="37.66667" lon="-83.85459"/>
      <trkpt lat="37.6669" lon="-83.85493"/>
      <trkpt lat="37.66727" lon="-83.85521"/>
      <trkpt lat="37.66811" lon="-83.85547"/>
      <trkpt lat="37.66847" lon="-83.85564"/>
      <trkpt lat="37.66881" lon="-83.8559"/>
      <trkpt lat="37.66912" lon="-83.85624"/>
      <trkpt lat="37.66937" lon="-83.85663"/>
      <trkpt lat="37.66989" lon="-83.85772"/>
      <trkpt lat="37.66836" lon="-83.86012"/>
      <trkpt lat="37.66768" lon="-83.86132"/>
      <trkpt lat="37.66761" lon="-83.86173"/>
      <trkpt lat="37.6677" lon="-83.86212"/>
      <trkpt lat="37.66839" lon="-83.86304"/>
      <trkpt lat="37.66896" lon="-83.86414"/>
      <trkpt lat="37.66909" lon="-83.86487"/>
      <trkpt lat="37.66918" lon="-83.86566"/>
      <trkpt lat="37.66916" lon="-83.86607"/>
      <trkpt lat="37.66903" lon="-83.86667"/>
      <trkpt lat="37.668" lon="-83.86989"/>
      <trkpt lat="37.66772" lon="-83.87143"/>
      <trkpt lat="37.66763" lon="-83.87274"/>
      <trkpt lat="37.66772" lon="-83.87414"/>
      <trkpt lat="37.66796" lon="-83.87512"/>
      <trkpt lat="37.6683" lon="-83.87611"/>
      <trkpt lat="37.66854" lon="-83.87699"/>
      <trkpt lat="37.67015" lon="-83.88411"/>
      <trkpt lat="37.67019" lon="-83.88463"/>
      <trkpt lat="37.67015" lon="-83.88497"/>
      <trkpt lat="37.67004" lon="-83.88525"/>
      <trkpt lat="37.6695" lon="-83.88654"/>
      <trkpt lat="37.66939" lon="-83.88791"/>
      <trkpt lat="37.66892" lon="-83.88999"/>
      <trkpt lat="37.66881" lon="-83.89079"/>
      <trkpt lat="37.66879" lon="-83.89143"/>
      <trkpt lat="37.66881" lon="-83.89194"/>
      <trkpt lat="37.66888" lon="-83.8922"/>
      <trkpt lat="37.66916" lon="-83.8927"/>
      <trkpt lat="37.66929" lon="-83.89302"/>
      <trkpt lat="37.66957" lon="-83.89418"/>
      <trkpt lat="37.67023" lon="-83.89551"/>
      <trkpt lat="37.67055" lon="-83.896"/>
      <trkpt lat="37.67137" lon="-83.8966"/>
      <trkpt lat="37.6716" lon="-83.89684"/>
      <trkpt lat="37.67175" lon="-83.89709"/>
      <trkpt lat="37.67188" lon="-83.89755"/>
      <trkpt lat="37.67199" lon="-83.89821"/>
      <trkpt lat="37.67212" lon="-83.89918"/>
      <trkpt lat="37.6721" lon="-83.89924"/>
      <trkpt lat="37.67212" lon="-83.89943"/>
      <trkpt lat="37.67218" lon="-83.89961"/>
      <trkpt lat="37.67285" lon="-83.90083"/>
      <trkpt lat="37.67351" lon="-83.9022"/>
      <trkpt lat="37.67463" lon="-83.90375"/>
      <trkpt lat="37.67613" lon="-83.90615"/>
      <trkpt lat="37.67766" lon="-83.90881"/>
      <trkpt lat="37.67956" lon="-83.91192"/>
      <trkpt lat="37.68023" lon="-83.91312"/>
      <trkpt lat="37.68077" lon="-83.91439"/>
      <trkpt lat="37.68106" lon="-83.91533"/>
      <trkpt lat="37.68165" lon="-83.91724"/>
      <trkpt lat="37.6819" lon="-83.9184"/>
      <trkpt lat="37.68231" lon="-83.92222"/>
      <trkpt lat="37.68263" lon="-83.92563"/>
      <trkpt lat="37.68263" lon="-83.9272"/>
      <trkpt lat="37.68238" lon="-83.93027"/>
      <trkpt lat="37.68214" lon="-83.93156"/>
      <trkpt lat="37.68244" lon="-83.93093"/>
      <trkpt lat="37.68255" lon="-83.93085"/>
      <trkpt lat="37.68259" lon="-83.93065"/>
      <trkpt lat="37.68272" lon="-83.93038"/>
      <trkpt lat="37.68313" lon="-83.92999"/>
      <trkpt lat="37.68347" lon="-83.92977"/>
      <trkpt lat="37.68386" lon="-83.92975"/>
      <trkpt lat="37.68409" lon="-83.92995"/>
      <trkpt lat="37.68446" lon="-83.92995"/>
      <trkpt lat="37.68499" lon="-83.9301"/>
      <trkpt lat="37.68551" lon="-83.93012"/>
      <trkpt lat="37.6857" lon="-83.93023"/>
      <trkpt lat="37.68583" lon="-83.9302"/>
      <trkpt lat="37.6861" lon="-83.92995"/>
      <trkpt lat="37.6863" lon="-83.92977"/>
      <trkpt lat="37.68682" lon="-83.92971"/>
      <trkpt lat="37.68701" lon="-83.92958"/>
      <trkpt lat="37.68755" lon="-83.9295"/>
      <trkpt lat="37.68802" lon="-83.92909"/>
      <trkpt lat="37.68909" lon="-83.92808"/>
      <trkpt lat="37.68954" lon="-83.92759"/>
      <trkpt lat="37.68995" lon="-83.92701"/>
      <trkpt lat="37.6901" lon="-83.92696"/>
      <trkpt lat="37.6904" lon="-83.92711"/>
      <trkpt lat="37.69057" lon="-83.92714"/>
      <trkpt lat="37.69145" lon="-83.92681"/>
      <trkpt lat="37.69177" lon="-83.92686"/>
      <trkpt lat="37.69207" lon="-83.92703"/>
      <trkpt lat="37.69218" lon="-83.9272"/>
      <trkpt lat="37.69259" lon="-83.92761"/>
      <trkpt lat="37.69306" lon="-83.92797"/>
      <trkpt lat="37.69504" lon="-83.92944"/>
      <trkpt lat="37.69572" lon="-83.92995"/>
      <trkpt lat="37.69613" lon="-83.93016"/>
      <trkpt lat="37.69684" lon="-83.92937"/>
      <trkpt lat="37.69982" lon="-83.92604"/>
      <trkpt lat="37.70059" lon="-83.92516"/>
      <trkpt lat="37.70207" lon="-83.92347"/>
      <trkpt lat="37.70233" lon="-83.92295"/>
      <trkpt lat="37.70252" lon="-83.92218"/>
      <trkpt lat="37.70285" lon="-83.91769"/>
      <trkpt lat="37.70334" lon="-83.91085"/>
      <trkpt lat="37.70347" lon="-83.91036"/>
      <trkpt lat="37.70409" lon="-83.90909"/>
      <trkpt lat="37.70428" lon="-83.90872"/>
      <trkpt lat="37.70458" lon="-83.90838"/>
      <trkpt lat="37.70544" lon="-83.90778"/>
      <trkpt lat="37.70585" lon="-83.90712"/>
      <trkpt lat="37.70632" lon="-83.90666"/>
      <trkpt lat="37.70652" lon="-83.90615"/>
      <trkpt lat="37.7069" lon="-83.90551"/>
      <trkpt lat="37.70707" lon="-83.90476"/>
      <trkpt lat="37.70735" lon="-83.90418"/>
      <trkpt lat="37.70763" lon="-83.90332"/>
      <trkpt lat="37.70793" lon="-83.90282"/>
      <trkpt lat="37.70843" lon="-83.90216"/>
      <trkpt lat="37.70866" lon="-83.90169"/>
      <trkpt lat="37.70873" lon="-83.90141"/>
      <trkpt lat="37.70879" lon="-83.9001"/>
      <trkpt lat="37.70877" lon="-83.89976"/>
      <trkpt lat="37.70853" lon="-83.89834"/>
      <trkpt lat="37.70853" lon="-83.89797"/>
      <trkpt lat="37.70862" lon="-83.89778"/>
      <trkpt lat="37.70875" lon="-83.89763"/>
      <trkpt lat="37.709" lon="-83.8975"/>
      <trkpt lat="37.70971" lon="-83.89742"/>
      <trkpt lat="37.71057" lon="-83.89722"/>
      <trkpt lat="37.71081" lon="-83.89688"/>
      <trkpt lat="37.711" lon="-83.89611"/>
      <trkpt lat="37.71096" lon="-83.89587"/>
      <trkpt lat="37.71038" lon="-83.89473"/>
      <trkpt lat="37.71003" lon="-83.89422"/>
      <trkpt lat="37.7098" lon="-83.89394"/>
      <trkpt lat="37.70926" lon="-83.89353"/>
      <trkpt lat="37.7081" lon="-83.89323"/>
      <trkpt lat="37.70782" lon="-83.89302"/>
      <trkpt lat="37.7077" lon="-83.89272"/>
      <trkpt lat="37.70767" lon="-83.8925"/>
      <trkpt lat="37.70767" lon="-83.89214"/>
      <trkpt lat="37.70782" lon="-83.89109"/>
      <trkpt lat="37.70776" lon="-83.89079"/>
      <trkpt lat="37.7077" lon="-83.89068"/>
      <trkpt lat="37.70697" lon="-83.89016"/>
      <trkpt lat="37.70634" lon="-83.8895"/>
      <trkpt lat="37.70609" lon="-83.88941"/>
      <trkpt lat="37.7057" lon="-83.88943"/>
      <trkpt lat="37.70555" lon="-83.88937"/>
      <trkpt lat="37.70544" lon="-83.88924"/>
      <trkpt lat="37.70538" lon="-83.88905"/>
      <trkpt lat="37.70538" lon="-83.88883"/>
      <trkpt lat="37.70557" lon="-83.88815"/>
      <trkpt lat="37.70559" lon="-83.88778"/>
      <trkpt lat="37.70551" lon="-83.88647"/>
      <trkpt lat="37.70564" lon="-83.88581"/>
      <trkpt lat="37.706" lon="-83.88461"/>
      <trkpt lat="37.70619" lon="-83.88422"/>
      <trkpt lat="37.70637" lon="-83.88403"/>
      <trkpt lat="37.70662" lon="-83.88392"/>
      <trkpt lat="37.70682" lon="-83.88392"/>
      <trkpt lat="37.70761" lon="-83.88411"/>
      <trkpt lat="37.7078" lon="-83.88405"/>
      <trkpt lat="37.70816" lon="-83.88378"/>
      <trkpt lat="37.70816" lon="-83.88378"/>
      <trkpt lat="37.70853" lon="-83.88363"/>
      <trkpt lat="37.70884" lon="-83.88365"/>
      <trkpt lat="37.70914" lon="-83.88383"/>
      <trkpt lat="37.70931" lon="-83.88418"/>
      <trkpt lat="37.70956" lon="-83.88461"/>
      <trkpt lat="37.70978" lon="-83.88478"/>
      <trkpt lat="37.71014" lon="-83.88493"/>
      <trkpt lat="37.7104" lon="-83.88491"/>
      <trkpt lat="37.71087" lon="-83.88471"/>
      <trkpt lat="37.71175" lon="-83.88392"/>
      <trkpt lat="37.7124" lon="-83.88325"/>
      <trkpt lat="37.71306" lon="-83.88283"/>
      <trkpt lat="37.71362" lon="-83.88248"/>
      <trkpt lat="37.71394" lon="-83.88222"/>
      <trkpt lat="37.71493" lon="-83.88098"/>
      <trkpt lat="37.71514" lon="-83.88059"/>
      <trkpt lat="37.71536" lon="-83.8801"/>
      <trkpt lat="37.71551" lon="-83.87961"/>
      <trkpt lat="37.71576" lon="-83.8783"/>
      <trkpt lat="37.71613" lon="-83.87729"/>
      <trkpt lat="37.7163" lon="-83.87695"/>
      <trkpt lat="37.71649" lon="-83.87671"/>
      <trkpt lat="37.71782" lon="-83.87598"/>
      <trkpt lat="37.71812" lon="-83.87596"/>
      <trkpt lat="37.71868" lon="-83.87607"/>
      <trkpt lat="37.71898" lon="-83.87598"/>
      <trkpt lat="37.71924" lon="-83.87581"/>
      <trkpt lat="37.71943" lon="-83.87555"/>
      <trkpt lat="37.71952" lon="-83.87538"/>
      <trkpt lat="37.7196" lon="-83.87506"/>
      <trkpt lat="37.71971" lon="-83.87435"/>
      <trkpt lat="37.71978" lon="-83.87416"/>
      <trkpt lat="37.72006" lon="-83.87383"/>
      <trkpt lat="37.72074" lon="-83.87347"/>
      <trkpt lat="37.72119" lon="-83.87343"/>
      <trkpt lat="37.72244" lon="-83.87362"/>
      <trkpt lat="37.72319" lon="-83.87356"/>
      <trkpt lat="37.7245" lon="-83.87396"/>
      <trkpt lat="37.72493" lon="-83.87401"/>
      <trkpt lat="37.72518" lon="-83.87379"/>
      <trkpt lat="37.72585" lon="-83.87308"/>
      <trkpt lat="37.72615" lon="-83.87285"/>
      <trkpt lat="37.72654" lon="-83.87278"/>
      <trkpt lat="37.72703" lon="-83.87293"/>
      <trkpt lat="37.72729" lon="-83.87285"/>
      <trkpt lat="37.72744" lon="-83.87272"/>
      <trkpt lat="37.72817" lon="-83.87154"/>
      <trkpt lat="37.72851" lon="-83.87122"/>
      <trkpt lat="37.73102" lon="-83.87004"/>
      <trkpt lat="37.73321" lon="-83.86843"/>
      <trkpt lat="37.73385" lon="-83.86813"/>
      <trkpt lat="37.73501" lon="-83.8677"/>
      <trkpt lat="37.73525" lon="-83.86757"/>
      <trkpt lat="37.73557" lon="-83.86727"/>
      <trkpt lat="37.73591" lon="-83.8671"/>
      <trkpt lat="37.7363" lon="-83.86712"/>
      <trkpt lat="37.73709" lon="-83.86744"/>
      <trkpt lat="37.7378" lon="-83.86774"/>
      <trkpt lat="37.73817" lon="-83.86798"/>
      <trkpt lat="37.73926" lon="-83.86881"/>
      <trkpt lat="37.73993" lon="-83.86954"/>
      <trkpt lat="37.74038" lon="-83.86986"/>
      <trkpt lat="37.74068" lon="-83.86993"/>
      <trkpt lat="37.74134" lon="-83.8698"/>
      <trkpt lat="37.74162" lon="-83.86989"/>
      <trkpt lat="37.74162" lon="-83.86989"/>
      <trkpt lat="37.7427" lon="-83.87109"/>
      <trkpt lat="37.74268" lon="-83.87126"/>
      <trkpt lat="37.74265" lon="-83.87137"/>
      <trkpt lat="37.74258" lon="-83.87164"/>
      <trkpt lat="37.74248" lon="-83.87191"/>
      <trkpt lat="37.74241" lon="-83.87203"/>
      <trkpt lat="37.74227" lon="-83.87226"/>
      <trkpt lat="37.74217" lon="-83.8725"/>
      <trkpt lat="37.74213" lon="-83.87259"/>
      <trkpt lat="37.74209" lon="-83.8727"/>
      <trkpt lat="37.74203" lon="-83.87296"/>
      <trkpt lat="37.742" lon="-83.87322"/>
      <trkpt lat="37.74206" lon="-83.87369"/>
      <trkpt lat="37.7421" lon="-83.87381"/>
      <trkpt lat="37.74218" lon="-83.87403"/>
      <trkpt lat="37.74241" lon="-83.87457"/>
      <trkpt lat="37.74256" lon="-83.87496"/>
      <trkpt lat="37.74261" lon="-83.87509"/>
      <trkpt lat="37.74267" lon="-83.87519"/>
      <trkpt lat="37.7428" lon="-83.87551"/>
      <trkpt lat="37.74283" lon="-83.87562"/>
      <trkpt lat="37.74286" lon="-83.87611"/>
      <trkpt lat="37.74288" lon="-83.87625"/>
      <trkpt lat="37.74294" lon="-83.87667"/>
      <trkpt lat="37.743" lon="-83.87681"/>
      <trkpt lat="37.74306" lon="-83.87692"/>
      <trkpt lat="37.74311" lon="-83.87702"/>
      <trkpt lat="37.74319" lon="-83.87712"/>
      <trkpt lat="37.7433" lon="-83.87719"/>
      <trkpt lat="37.74342" lon="-83.87724"/>
      <trkpt lat="37.74352" lon="-83.87731"/>
      <trkpt lat="37.74362" lon="-83.87739"/>
      <trkpt lat="37.74377" lon="-83.87755"/>
      <trkpt lat="37.74398" lon="-83.87782"/>
      <trkpt lat="37.74421" lon="-83.87818"/>
      <trkpt lat="37.74428" lon="-83.87831"/>
      <trkpt lat="37.74435" lon="-83.87844"/>
      <trkpt lat="37.74438" lon="-83.8786"/>
      <trkpt lat="37.74456" lon="-83.87914"/>
      <trkpt lat="37.74461" lon="-83.87922"/>
      <trkpt lat="37.74473" lon="-83.87936"/>
      <trkpt lat="37.74478" lon="-83.87943"/>
      <trkpt lat="37.74482" lon="-83.8795"/>
      <trkpt lat="37.74485" lon="-83.87958"/>
      <trkpt lat="37.74487" lon="-83.87973"/>
      <trkpt lat="37.74485" lon="-83.87975"/>
      <trkpt lat="37.74484" lon="-83.87978"/>
      <trkpt lat="37.74476" lon="-83.87983"/>
      <trkpt lat="37.74471" lon="-83.87983"/>
      <trkpt lat="37.74458" lon="-83.87983"/>
      <trkpt lat="37.74444" lon="-83.87993"/>
      <trkpt lat="37.74437" lon="-83.87996"/>
      <trkpt lat="37.74424" lon="-83.88001"/>
      <trkpt lat="37.74417" lon="-83.88007"/>
      <trkpt lat="37.74396" lon="-83.8801"/>
      <trkpt lat="37.74388" lon="-83.8801"/>
      <trkpt lat="37.74369" lon="-83.88002"/>
      <trkpt lat="37.74362" lon="-83.88"/>
      <trkpt lat="37.74355" lon="-83.88"/>
      <trkpt lat="37.74349" lon="-83.88001"/>
      <trkpt lat="37.74341" lon="-83.88003"/>
      <trkpt lat="37.74337" lon="-83.8801"/>
      <trkpt lat="37.7433" lon="-83.88015"/>
      <trkpt lat="37.74328" lon="-83.88024"/>
      <trkpt lat="37.74324" lon="-83.88031"/>
      <trkpt lat="37.74306" lon="-83.88056"/>
      <trkpt lat="37.74303" lon="-83.8806"/>
      <trkpt lat="37.74301" lon="-83.88062"/>
      <trkpt lat="37.74298" lon="-83.88064"/>
      <trkpt lat="37.7429" lon="-83.88077"/>
      <trkpt lat="37.74286" lon="-83.88081"/>
      <trkpt lat="37.7428" lon="-83.88084"/>
      <trkpt lat="37.7427" lon="-83.88081"/>
      <trkpt lat="37.74267" lon="-83.8808"/>
      <trkpt lat="37.74262" lon="-83.88077"/>
      <trkpt lat="37.74259" lon="-83.88069"/>
      <trkpt lat="37.74253" lon="-83.88067"/>
      <trkpt lat="37.74247" lon="-83.88068"/>
      <trkpt lat="37.74221" lon="-83.8806"/>
      <trkpt lat="37.742" lon="-83.88058"/>
      <trkpt lat="37.74177" lon="-83.88059"/>
      <trkpt lat="37.74167" lon="-83.88064"/>
      <trkpt lat="37.74156" lon="-83.88066"/>
      <trkpt lat="37.74147" lon="-83.88071"/>
      <trkpt lat="37.74129" lon="-83.88079"/>
      <trkpt lat="37.74111" lon="-83.88089"/>
      <trkpt lat="37.74102" lon="-83.88098"/>
      <trkpt lat="37.74086" lon="-83.88112"/>
      <trkpt lat="37.74078" lon="-83.88117"/>
      <trkpt lat="37.74063" lon="-83.88127"/>
      <trkpt lat="37.74052" lon="-83.88127"/>
      <trkpt lat="37.74032" lon="-83.88134"/>
      <trkpt lat="37.74023" lon="-83.88138"/>
      <trkpt lat="37.74017" lon="-83.88144"/>
      <trkpt lat="37.74003" lon="-83.88153"/>
      <trkpt lat="37.73994" lon="-83.88156"/>
      <trkpt lat="37.73986" lon="-83.8816"/>
      <trkpt lat="37.73969" lon="-83.88167"/>
      <trkpt lat="37.73959" lon="-83.88179"/>
      <trkpt lat="37.73957" lon="-83.88186"/>
      <trkpt lat="37.73957" lon="-83.88201"/>
      <trkpt lat="37.73956" lon="-83.88207"/>
      <trkpt lat="37.73956" lon="-83.88217"/>
      <trkpt lat="37.73953" lon="-83.88245"/>
      <trkpt lat="37.73953" lon="-83.88253"/>
      <trkpt lat="37.73956" lon="-83.88283"/>
      <trkpt lat="37.73959" lon="-83.88293"/>
      <trkpt lat="37.7396" lon="-83.88304"/>
      <trkpt lat="37.73958" lon="-83.88317"/>
      <trkpt lat="37.7396" lon="-83.88328"/>
      <trkpt lat="37.73958" lon="-83.88349"/>
      <trkpt lat="37.73953" lon="-83.88359"/>
      <trkpt lat="37.73947" lon="-83.88398"/>
      <trkpt lat="37.73942" lon="-83.88421"/>
      <trkpt lat="37.73938" lon="-83.8843"/>
      <trkpt lat="37.73915" lon="-83.88465"/>
      <trkpt lat="37.7391" lon="-83.88469"/>
      <trkpt lat="37.73899" lon="-83.88475"/>
      <trkpt lat="37.73892" lon="-83.88484"/>
      <trkpt lat="37.73889" lon="-83.88489"/>
      <trkpt lat="37.73886" lon="-83.88497"/>
      <trkpt lat="37.73888" lon="-83.88508"/>
      <trkpt lat="37.73903" lon="-83.88514"/>
      <trkpt lat="37.73906" lon="-83.88515"/>
      <trkpt lat="37.73927" lon="-83.88518"/>
      <trkpt lat="37.73935" lon="-83.88521"/>
      <trkpt lat="37.73943" lon="-83.88526"/>
      <trkpt lat="37.73958" lon="-83.88536"/>
      <trkpt lat="37.73972" lon="-83.88549"/>
      <trkpt lat="37.73979" lon="-83.88556"/>
      <trkpt lat="37.74" lon="-83.88574"/>
      <trkpt lat="37.74004" lon="-83.88577"/>
      <trkpt lat="37.74027" lon="-83.88578"/>
      <trkpt lat="37.74035" lon="-83.88579"/>
      <trkpt lat="37.7406" lon="-83.88581"/>
      <trkpt lat="37.74069" lon="-83.88579"/>
      <trkpt lat="37.74084" lon="-83.88572"/>
      <trkpt lat="37.74092" lon="-83.88566"/>
      <trkpt lat="37.74098" lon="-83.88561"/>
      <trkpt lat="37.74104" lon="-83.88552"/>
      <trkpt lat="37.74111" lon="-83.88548"/>
      <trkpt lat="37.7412" lon="-83.88542"/>
      <trkpt lat="37.74129" lon="-83.88538"/>
      <trkpt lat="37.74139" lon="-83.88535"/>
      <trkpt lat="37.74147" lon="-83.88534"/>
      <trkpt lat="37.74153" lon="-83.88531"/>
      <trkpt lat="37.74165" lon="-83.88529"/>
      <trkpt lat="37.74167" lon="-83.8853"/>
      <trkpt lat="37.74229" lon="-83.88523"/>
      <trkpt lat="37.74237" lon="-83.88521"/>
      <trkpt lat="37.74246" lon="-83.88518"/>
      <trkpt lat="37.74256" lon="-83.88517"/>
      <trkpt lat="37.74289" lon="-83.88505"/>
      <trkpt lat="37.74298" lon="-83.88504"/>
      <trkpt lat="37.74303" lon="-83.88501"/>
      <trkpt lat="37.74308" lon="-83.88503"/>
      <trkpt lat="37.74311" lon="-83.88504"/>
      <trkpt lat="37.74315" lon="-83.88505"/>
      <trkpt lat="37.74315" lon="-83.8851"/>
      <trkpt lat="37.74313" lon="-83.88518"/>
      <trkpt lat="37.74309" lon="-83.88521"/>
      <trkpt lat="37.74307" lon="-83.88522"/>
      <trkpt lat="37.743" lon="-83.88534"/>
      <trkpt lat="37.74293" lon="-83.88543"/>
      <trkpt lat="37.74289" lon="-83.88548"/>
      <trkpt lat="37.74283" lon="-83.88552"/>
      <trkpt lat="37.74279" lon="-83.88555"/>
      <trkpt lat="37.74269" lon="-83.88564"/>
      <trkpt lat="37.7425" lon="-83.88595"/>
      <trkpt lat="37.74249" lon="-83.88603"/>
      <trkpt lat="37.74243" lon="-83.8862"/>
      <trkpt lat="37.7424" lon="-83.88625"/>
      <trkpt lat="37.74238" lon="-83.88637"/>
      <trkpt lat="37.74228" lon="-83.88656"/>
      <trkpt lat="37.7422" lon="-83.88669"/>
      <trkpt lat="37.74218" lon="-83.88672"/>
      <trkpt lat="37.74217" lon="-83.88676"/>
      <trkpt lat="37.74206" lon="-83.88683"/>
      <trkpt lat="37.7418" lon="-83.88694"/>
      <trkpt lat="37.74174" lon="-83.88697"/>
      <trkpt lat="37.74161" lon="-83.88704"/>
      <trkpt lat="37.74151" lon="-83.88717"/>
      <trkpt lat="37.74141" lon="-83.88725"/>
      <trkpt lat="37.74137" lon="-83.88733"/>
      <trkpt lat="37.74132" lon="-83.88739"/>
      <trkpt lat="37.74126" lon="-83.88749"/>
      <trkpt lat="37.7412" lon="-83.88757"/>
      <trkpt lat="37.74115" lon="-83.88766"/>
      <trkpt lat="37.74097" lon="-83.88788"/>
      <trkpt lat="37.74087" lon="-83.88798"/>
      <trkpt lat="37.74081" lon="-83.88802"/>
      <trkpt lat="37.74077" lon="-83.88805"/>
      <trkpt lat="37.74072" lon="-83.88809"/>
      <trkpt lat="37.74067" lon="-83.88813"/>
      <trkpt lat="37.74061" lon="-83.88812"/>
      <trkpt lat="37.74047" lon="-83.88816"/>
      <trkpt lat="37.74044" lon="-83.88815"/>
      <trkpt lat="37.7404" lon="-83.88816"/>
      <trkpt lat="37.74031" lon="-83.88824"/>
      <trkpt lat="37.74029" lon="-83.88828"/>
      <trkpt lat="37.74026" lon="-83.88831"/>
      <trkpt lat="37.7402" lon="-83.88846"/>
      <trkpt lat="37.74012" lon="-83.88857"/>
      <trkpt lat="37.74003" lon="-83.88861"/>
      <trkpt lat="37.74001" lon="-83.88863"/>
      <trkpt lat="37.73996" lon="-83.88865"/>
      <trkpt lat="37.73991" lon="-83.88863"/>
      <trkpt lat="37.7399" lon="-83.88865"/>
      <trkpt lat="37.73985" lon="-83.88862"/>
      <trkpt lat="37.73977" lon="-83.88862"/>
      <trkpt lat="37.73976" lon="-83.88865"/>
      <trkpt lat="37.7397" lon="-83.88868"/>
      <trkpt lat="37.73968" lon="-83.88867"/>
      <trkpt lat="37.73962" lon="-83.88867"/>
      <trkpt lat="37.73945" lon="-83.88869"/>
      <trkpt lat="37.73939" lon="-83.88869"/>
      <trkpt lat="37.73936" lon="-83.88868"/>
      <trkpt lat="37.7393" lon="-83.88866"/>
      <trkpt lat="37.7392" lon="-83.88866"/>
      <trkpt lat="37.73907" lon="-83.88864"/>
      <trkpt lat="37.73896" lon="-83.88863"/>
      <trkpt lat="37.73892" lon="-83.88862"/>
      <trkpt lat="37.73887" lon="-83.88859"/>
      <trkpt lat="37.7388" lon="-83.88846"/>
      <trkpt lat="37.73875" lon="-83.88842"/>
      <trkpt lat="37.73873" lon="-83.88837"/>
      <trkpt lat="37.73861" lon="-83.88827"/>
      <trkpt lat="37.73855" lon="-83.88823"/>
      <trkpt lat="37.7385" lon="-83.8882"/>
      <trkpt lat="37.73844" lon="-83.88819"/>
      <trkpt lat="37.73833" lon="-83.88818"/>
      <trkpt lat="37.73826" lon="-83.88814"/>
      <trkpt lat="37.73823" lon="-83.88812"/>
      <trkpt lat="37.73818" lon="-83.8881"/>
      <trkpt lat="37.73815" lon="-83.88802"/>
      <trkpt lat="37.73813" lon="-83.88799"/>
      <trkpt lat="37.73808" lon="-83.888"/>
      <trkpt lat="37.73802" lon="-83.88806"/>
      <trkpt lat="37.73798" lon="-83.88806"/>
      <trkpt lat="37.73784" lon="-83.88809"/>
      <trkpt lat="37.73779" lon="-83.8881"/>
      <trkpt lat="37.7377" lon="-83.88813"/>
      <trkpt lat="37.73766" lon="-83.88816"/>
      <trkpt lat="37.73751" lon="-83.88835"/>
      <trkpt lat="37.73745" lon="-83.8884"/>
      <trkpt lat="37.73741" lon="-83.88843"/>
      <trkpt lat="37.73733" lon="-83.88853"/>
      <trkpt lat="37.73732" lon="-83.88861"/>
      <trkpt lat="37.73717" lon="-83.88879"/>
      <trkpt lat="37.73712" lon="-83.88884"/>
      <trkpt lat="37.73707" lon="-83.88892"/>
      <trkpt lat="37.737" lon="-83.88897"/>
      <trkpt lat="37.73694" lon="-83.88902"/>
      <trkpt lat="37.73686" lon="-83.88911"/>
      <trkpt lat="37.73679" lon="-83.88914"/>
      <trkpt lat="37.73675" lon="-83.8892"/>
      <trkpt lat="37.73673" lon="-83.88924"/>
      <trkpt lat="37.73669" lon="-83.88927"/>
      <trkpt lat="37.73667" lon="-83.88931"/>
      <trkpt lat="37.73664" lon="-83.88934"/>
      <trkpt lat="37.7366" lon="-83.88936"/>
      <trkpt lat="37.73653" lon="-83.88941"/>
      <trkpt lat="37.73643" lon="-83.8895"/>
      <trkpt lat="37.73631" lon="-83.88977"/>
      <trkpt lat="37.73628" lon="-83.8898"/>
      <trkpt lat="37.73623" lon="-83.88982"/>
      <trkpt lat="37.73618" lon="-83.88986"/>
      <trkpt lat="37.73613" lon="-83.88989"/>
      <trkpt lat="37.73592" lon="-83.88993"/>
      <trkpt lat="37.73586" lon="-83.88994"/>
      <trkpt lat="37.73575" lon="-83.88992"/>
      <trkpt lat="37.73569" lon="-83.8899"/>
      <trkpt lat="37.73563" lon="-83.88987"/>
      <trkpt lat="37.73558" lon="-83.88986"/>
      <trkpt lat="37.73554" lon="-83.88984"/>
      <trkpt lat="37.7355" lon="-83.88984"/>
      <trkpt lat="37.73544" lon="-83.88987"/>
      <trkpt lat="37.73528" lon="-83.88984"/>
      <trkpt lat="37.73518" lon="-83.88975"/>
      <trkpt lat="37.73513" lon="-83.88972"/>
      <trkpt lat="37.73502" lon="-83.88969"/>
      <trkpt lat="37.73495" lon="-83.88968"/>
      <trkpt lat="37.73491" lon="-83.88966"/>
      <trkpt lat="37.73484" lon="-83.88957"/>
      <trkpt lat="37.73479" lon="-83.88953"/>
      <trkpt lat="37.73475" lon="-83.88947"/>
      <trkpt lat="37.73472" lon="-83.8894"/>
      <trkpt lat="37.73469" lon="-83.88927"/>
      <trkpt lat="37.7347" lon="-83.88921"/>
      <trkpt lat="37.73468" lon="-83.88912"/>
      <trkpt lat="37.73468" lon="-83.88899"/>
      <trkpt lat="37.73466" lon="-83.88898"/>
      <trkpt lat="37.73464" lon="-83.88895"/>
      <trkpt lat="37.73461" lon="-83.88892"/>
      <trkpt lat="37.73459" lon="-83.88887"/>
      <trkpt lat="37.73455" lon="-83.88884"/>
      <trkpt lat="37.73443" lon="-83.88869"/>
      <trkpt lat="37.73432" lon="-83.88859"/>
      <trkpt lat="37.7342" lon="-83.88849"/>
      <trkpt lat="37.73412" lon="-83.88846"/>
      <trkpt lat="37.73393" lon="-83.8884"/>
      <trkpt lat="37.73386" lon="-83.88834"/>
      <trkpt lat="37.73369" lon="-83.88832"/>
      <trkpt lat="37.73361" lon="-83.88833"/>
      <trkpt lat="37.7334" lon="-83.88839"/>
      <trkpt lat="37.73335" lon="-83.88844"/>
      <trkpt lat="37.7333" lon="-83.88856"/>
      <trkpt lat="37.73324" lon="-83.88868"/>
      <trkpt lat="37.73315" lon="-83.88877"/>
      <trkpt lat="37.73314" lon="-83.88881"/>
      <trkpt lat="37.73312" lon="-83.88883"/>
      <trkpt lat="37.73296" lon="-83.88904"/>
      <trkpt lat="37.73292" lon="-83.88919"/>
      <trkpt lat="37.73285" lon="-83.88927"/>
      <trkpt lat="37.73281" lon="-83.88929"/>
      <trkpt lat="37.73273" lon="-83.88934"/>
      <trkpt lat="37.73274" lon="-83.8894"/>
      <trkpt lat="37.73277" lon="-83.88942"/>
      <trkpt lat="37.73286" lon="-83.88941"/>
      <trkpt lat="37.73289" lon="-83.88943"/>
      <trkpt lat="37.73297" lon="-83.88941"/>
      <trkpt lat="37.73302" lon="-83.88943"/>
      <trkpt lat="37.73309" lon="-83.88944"/>
      <trkpt lat="37.73319" lon="-83.88949"/>
      <trkpt lat="37.73326" lon="-83.88951"/>
      <trkpt lat="37.73331" lon="-83.88955"/>
      <trkpt lat="37.73332" lon="-83.88959"/>
      <trkpt lat="37.73335" lon="-83.88963"/>
      <trkpt lat="37.73347" lon="-83.88969"/>
      <trkpt lat="37.73347" lon="-83.88972"/>
      <trkpt lat="37.73351" lon="-83.8898"/>
      <trkpt lat="37.7335" lon="-83.88988"/>
      <trkpt lat="37.73353" lon="-83.88999"/>
      <trkpt lat="37.73358" lon="-83.8901"/>
      <trkpt lat="37.73362" lon="-83.89015"/>
      <trkpt lat="37.73365" lon="-83.89023"/>
      <trkpt lat="37.73368" lon="-83.89029"/>
      <trkpt lat="37.73373" lon="-83.89048"/>
      <trkpt lat="37.73383" lon="-83.8907"/>
      <trkpt lat="37.73391" lon="-83.89071"/>
      <trkpt lat="37.73396" lon="-83.89075"/>
      <trkpt lat="37.73408" lon="-83.89078"/>
      <trkpt lat="37.73424" lon="-83.89088"/>
      <trkpt lat="37.7343" lon="-83.89093"/>
      <trkpt lat="37.73442" lon="-83.89107"/>
      <trkpt lat="37.73446" lon="-83.89112"/>
      <trkpt lat="37.7345" lon="-83.89116"/>
      <trkpt lat="37.73454" lon="-83.89118"/>
      <trkpt lat="37.73475" lon="-83.8912"/>
      <trkpt lat="37.73482" lon="-83.89119"/>
      <trkpt lat="37.73498" lon="-83.89122"/>
      <trkpt lat="37.73506" lon="-83.89127"/>
      <trkpt lat="37.73514" lon="-83.89129"/>
      <trkpt lat="37.73521" lon="-83.89133"/>
      <trkpt lat="37.73534" lon="-83.89139"/>
      <trkpt lat="37.73539" lon="-83.89139"/>
      <trkpt lat="37.73544" lon="-83.89138"/>
      <trkpt lat="37.73548" lon="-83.89138"/>
      <trkpt lat="37.73555" lon="-83.89138"/>
      <trkpt lat="37.73561" lon="-83.89137"/>
      <trkpt lat="37.73567" lon="-83.89135"/>
      <trkpt lat="37.73581" lon="-83.89146"/>
      <trkpt lat="37.73584" lon="-83.89151"/>
      <trkpt lat="37.73594" lon="-83.89155"/>
      <trkpt lat="37.73603" lon="-83.89158"/>
      <trkpt lat="37.73606" lon="-83.89162"/>
      <trkpt lat="37.73607" lon="-83.89166"/>
      <trkpt lat="37.73607" lon="-83.89172"/>
      <trkpt lat="37.73602" lon="-83.89174"/>
      <trkpt lat="37.73597" lon="-83.89178"/>
      <trkpt lat="37.73586" lon="-83.89177"/>
      <trkpt lat="37.73574" lon="-83.89183"/>
      <trkpt lat="37.73569" lon="-83.89187"/>
      <trkpt lat="37.73556" lon="-83.89199"/>
      <trkpt lat="37.73548" lon="-83.89208"/>
      <trkpt lat="37.73542" lon="-83.89216"/>
      <trkpt lat="37.73533" lon="-83.89224"/>
      <trkpt lat="37.73528" lon="-83.89229"/>
      <trkpt lat="37.73523" lon="-83.89231"/>
      <trkpt lat="37.73506" lon="-83.89244"/>
      <trkpt lat="37.73494" lon="-83.89255"/>
      <trkpt lat="37.73492" lon="-83.89257"/>
      <trkpt lat="37.73487" lon="-83.89263"/>
      <trkpt lat="37.73469" lon="-83.8927"/>
      <trkpt lat="37.73469" lon="-83.89271"/>
      <trkpt lat="37.73469" lon="-83.89273"/>
      <trkpt lat="37.73464" lon="-83.89272"/>
      <trkpt lat="37.73454" lon="-83.89265"/>
      <trkpt lat="37.73445" lon="-83.89263"/>
      <trkpt lat="37.73429" lon="-83.89256"/>
      <trkpt lat="37.73419" lon="-83.89251"/>
      <trkpt lat="37.73407" lon="-83.89244"/>
      <trkpt lat="37.73378" lon="-83.89222"/>
      <trkpt lat="37.73352" lon="-83.89203"/>
      <trkpt lat="37.73334" lon="-83.8919"/>
      <trkpt lat="37.73326" lon="-83.89187"/>
      <trkpt lat="37.73326" lon="-83.89189"/>
      <trkpt lat="37.73326" lon="-83.89192"/>
      <trkpt lat="37.73325" lon="-83.89194"/>
      <trkpt lat="37.73322" lon="-83.89203"/>
      <trkpt lat="37.7332" lon="-83.8923"/>
      <trkpt lat="37.7332" lon="-83.89244"/>
      <trkpt lat="37.73321" lon="-83.89289"/>
      <trkpt lat="37.73324" lon="-83.89315"/>
      <trkpt lat="37.73332" lon="-83.89353"/>
      <trkpt lat="37.73337" lon="-83.89365"/>
      <trkpt lat="37.73343" lon="-83.8938"/>
      <trkpt lat="37.73359" lon="-83.89424"/>
      <trkpt lat="37.73369" lon="-83.89473"/>
      <trkpt lat="37.73376" lon="-83.89521"/>
      <trkpt lat="37.7338" lon="-83.89534"/>
      <trkpt lat="37.73384" lon="-83.89545"/>
      <trkpt lat="37.73395" lon="-83.89568"/>
      <trkpt lat="37.73399" lon="-83.89578"/>
      <trkpt lat="37.73401" lon="-83.89591"/>
      <trkpt lat="37.73401" lon="-83.89602"/>
      <trkpt lat="37.73405" lon="-83.89615"/>
      <trkpt lat="37.73404" lon="-83.89625"/>
      <trkpt lat="37.73407" lon="-83.89636"/>
      <trkpt lat="37.73407" lon="-83.89644"/>
      <trkpt lat="37.73407" lon="-83.89651"/>
      <trkpt lat="37.73396" lon="-83.89653"/>
      <trkpt lat="37.73392" lon="-83.89652"/>
      <trkpt lat="37.73375" lon="-83.89633"/>
      <trkpt lat="37.73364" lon="-83.89624"/>
      <trkpt lat="37.73353" lon="-83.89618"/>
      <trkpt lat="37.73343" lon="-83.89616"/>
      <trkpt lat="37.73333" lon="-83.89612"/>
      <trkpt lat="37.73325" lon="-83.89605"/>
      <trkpt lat="37.73317" lon="-83.89596"/>
      <trkpt lat="37.733" lon="-83.89572"/>
      <trkpt lat="37.73288" lon="-83.89559"/>
      <trkpt lat="37.73279" lon="-83.89545"/>
      <trkpt lat="37.73272" lon="-83.89532"/>
      <trkpt lat="37.73255" lon="-83.89506"/>
      <trkpt lat="37.73245" lon="-83.89491"/>
      <trkpt lat="37.73237" lon="-83.89475"/>
      <trkpt lat="37.73223" lon="-83.89451"/>
      <trkpt lat="37.73196" lon="-83.89427"/>
      <trkpt lat="37.73183" lon="-83.89424"/>
      <trkpt lat="37.73182" lon="-83.89423"/>
      <trkpt lat="37.7318" lon="-83.89421"/>
      <trkpt lat="37.7317" lon="-83.89417"/>
      <trkpt lat="37.73132" lon="-83.89401"/>
      <trkpt lat="37.73124" lon="-83.89399"/>
      <trkpt lat="37.73108" lon="-83.89391"/>
      <trkpt lat="37.73079" lon="-83.89388"/>
      <trkpt lat="37.73058" lon="-83.89387"/>
      <trkpt lat="37.73037" lon="-83.89389"/>
      <trkpt lat="37.73026" lon="-83.89389"/>
      <trkpt lat="37.73018" lon="-83.8939"/>
      <trkpt lat="37.72977" lon="-83.89391"/>
      <trkpt lat="37.72961" lon="-83.89394"/>
      <trkpt lat="37.72953" lon="-83.89398"/>
      <trkpt lat="37.72942" lon="-83.89402"/>
      <trkpt lat="37.72934" lon="-83.89406"/>
      <trkpt lat="37.72917" lon="-83.89411"/>
      <trkpt lat="37.72908" lon="-83.89413"/>
      <trkpt lat="37.72891" lon="-83.89422"/>
      <trkpt lat="37.72885" lon="-83.89429"/>
      <trkpt lat="37.72878" lon="-83.89447"/>
      <trkpt lat="37.72877" lon="-83.89456"/>
      <trkpt lat="37.72877" lon="-83.89466"/>
      <trkpt lat="37.72879" lon="-83.89472"/>
      <trkpt lat="37.72878" lon="-83.89477"/>
      <trkpt lat="37.72879" lon="-83.89482"/>
      <trkpt lat="37.7288" lon="-83.89489"/>
      <trkpt lat="37.72886" lon="-83.89508"/>
      <trkpt lat="37.72892" lon="-83.89516"/>
      <trkpt lat="37.72901" lon="-83.89525"/>
      <trkpt lat="37.72908" lon="-83.89534"/>
      <trkpt lat="37.72912" lon="-83.89542"/>
      <trkpt lat="37.72919" lon="-83.89566"/>
      <trkpt lat="37.72921" lon="-83.89583"/>
      <trkpt lat="37.72924" lon="-83.89592"/>
      <trkpt lat="37.72929" lon="-83.896"/>
      <trkpt lat="37.72934" lon="-83.89608"/>
      <trkpt lat="37.72936" lon="-83.89616"/>
      <trkpt lat="37.72937" lon="-83.89633"/>
      <trkpt lat="37.72945" lon="-83.89667"/>
      <trkpt lat="37.72946" lon="-83.89676"/>
      <trkpt lat="37.72947" lon="-83.89683"/>
      <trkpt lat="37.72949" lon="-83.89682"/>
      <trkpt lat="37.7295" lon="-83.89684"/>
      <trkpt lat="37.7295" lon="-83.89692"/>
      <trkpt lat="37.72953" lon="-83.89686"/>
      <trkpt lat="37.72957" lon="-83.89694"/>
      <trkpt lat="37.72961" lon="-83.89712"/>
      <trkpt lat="37.72967" lon="-83.89728"/>
      <trkpt lat="37.72969" lon="-83.89735"/>
      <trkpt lat="37.72968" lon="-83.89743"/>
      <trkpt lat="37.72972" lon="-83.89754"/>
      <trkpt lat="37.72981" lon="-83.89766"/>
      <trkpt lat="37.72986" lon="-83.89771"/>
      <trkpt lat="37.72986" lon="-83.89772"/>
      <trkpt lat="37.72989" lon="-83.89775"/>
      <trkpt lat="37.73002" lon="-83.89772"/>
      <trkpt lat="37.73008" lon="-83.89773"/>
      <trkpt lat="37.73014" lon="-83.89771"/>
      <trkpt lat="37.73021" lon="-83.89772"/>
      <trkpt lat="37.73025" lon="-83.89773"/>
      <trkpt lat="37.73035" lon="-83.89774"/>
      <trkpt lat="37.73046" lon="-83.89774"/>
      <trkpt lat="37.73048" lon="-83.89771"/>
      <trkpt lat="37.73051" lon="-83.89772"/>
      <trkpt lat="37.7306" lon="-83.89769"/>
      <trkpt lat="37.73063" lon="-83.89764"/>
      <trkpt lat="37.73065" lon="-83.89759"/>
      <trkpt lat="37.7307" lon="-83.89751"/>
      <trkpt lat="37.73071" lon="-83.89751"/>
      <trkpt lat="37.73073" lon="-83.89752"/>
      <trkpt lat="37.73077" lon="-83.89758"/>
      <trkpt lat="37.73079" lon="-83.89759"/>
      <trkpt lat="37.73084" lon="-83.89761"/>
      <trkpt lat="37.73103" lon="-83.89755"/>
      <trkpt lat="37.73114" lon="-83.89749"/>
      <trkpt lat="37.73128" lon="-83.89743"/>
      <trkpt lat="37.73134" lon="-83.89743"/>
      <trkpt lat="37.73141" lon="-83.89742"/>
      <trkpt lat="37.73157" lon="-83.89738"/>
      <trkpt lat="37.73166" lon="-83.89732"/>
      <trkpt lat="37.73175" lon="-83.89722"/>
      <trkpt lat="37.73179" lon="-83.89719"/>
      <trkpt lat="37.73185" lon="-83.89718"/>
      <trkpt lat="37.7319" lon="-83.89718"/>
      <trkpt lat="37.73193" lon="-83.89721"/>
      <trkpt lat="37.73196" lon="-83.89722"/>
      <trkpt lat="37.73198" lon="-83.89721"/>
      <trkpt lat="37.73199" lon="-83.89724"/>
      <trkpt lat="37.73201" lon="-83.89728"/>
      <trkpt lat="37.73215" lon="-83.8977"/>
      <trkpt lat="37.73218" lon="-83.89775"/>
      <trkpt lat="37.7322" lon="-83.89781"/>
      <trkpt lat="37.73229" lon="-83.8981"/>
      <trkpt lat="37.73233" lon="-83.89841"/>
      <trkpt lat="37.73233" lon="-83.89848"/>
      <trkpt lat="37.73233" lon="-83.89854"/>
      <trkpt lat="37.73234" lon="-83.89873"/>
      <trkpt lat="37.73234" lon="-83.89892"/>
      <trkpt lat="37.73239" lon="-83.89942"/>
      <trkpt lat="37.7324" lon="-83.89951"/>
      <trkpt lat="37.73249" lon="-83.90007"/>
      <trkpt lat="37.73253" lon="-83.90022"/>
      <trkpt lat="37.73256" lon="-83.90028"/>
      <trkpt lat="37.73259" lon="-83.90033"/>
      <trkpt lat="37.73266" lon="-83.90047"/>
      <trkpt lat="37.73281" lon="-83.90067"/>
      <trkpt lat="37.73285" lon="-83.90075"/>
      <trkpt lat="37.733" lon="-83.90094"/>
      <trkpt lat="37.73304" lon="-83.90099"/>
      <trkpt lat="37.73314" lon="-83.90113"/>
      <trkpt lat="37.73321" lon="-83.90125"/>
      <trkpt lat="37.73328" lon="-83.90133"/>
      <trkpt lat="37.73339" lon="-83.9015"/>
      <trkpt lat="37.7334" lon="-83.90152"/>
      <trkpt lat="37.73342" lon="-83.90151"/>
      <trkpt lat="37.73354" lon="-83.90155"/>
      <trkpt lat="37.73367" lon="-83.90163"/>
      <trkpt lat="37.73401" lon="-83.90195"/>
      <trkpt lat="37.73412" lon="-83.90205"/>
      <trkpt lat="37.73434" lon="-83.90222"/>
      <trkpt lat="37.73459" lon="-83.90236"/>
      <trkpt lat="37.7347" lon="-83.90244"/>
      <trkpt lat="37.73481" lon="-83.90254"/>
      <trkpt lat="37.73489" lon="-83.90264"/>
      <trkpt lat="37.73502" lon="-83.90285"/>
      <trkpt lat="37.73508" lon="-83.90296"/>
      <trkpt lat="37.73519" lon="-83.90319"/>
      <trkpt lat="37.73527" lon="-83.90331"/>
      <trkpt lat="37.73536" lon="-83.90343"/>
      <trkpt lat="37.73545" lon="-83.90353"/>
      <trkpt lat="37.73576" lon="-83.9038"/>
      <trkpt lat="37.73585" lon="-83.90386"/>
      <trkpt lat="37.73597" lon="-83.90393"/>
      <trkpt lat="37.73627" lon="-83.90405"/>
      <trkpt lat="37.73649" lon="-83.90408"/>
      <trkpt lat="37.7369" lon="-83.90423"/>
      <trkpt lat="37.73701" lon="-83.90423"/>
      <trkpt lat="37.73712" lon="-83.90422"/>
      <trkpt lat="37.73722" lon="-83.90418"/>
      <trkpt lat="37.73731" lon="-83.90412"/>
      <trkpt lat="37.73739" lon="-83.90404"/>
      <trkpt lat="37.73758" lon="-83.90379"/>
      <trkpt lat="37.73772" lon="-83.90367"/>
      <trkpt lat="37.73779" lon="-83.90364"/>
      <trkpt lat="37.73786" lon="-83.90362"/>
      <trkpt lat="37.73794" lon="-83.90361"/>
      <trkpt lat="37.73811" lon="-83.90363"/>
      <trkpt lat="37.73821" lon="-83.90367"/>
      <trkpt lat="37.7384" lon="-83.90377"/>
      <trkpt lat="37.73862" lon="-83.90386"/>
      <trkpt lat="37.73872" lon="-83.90391"/>
      <trkpt lat="37.73881" lon="-83.90397"/>
      <trkpt lat="37.73905" lon="-83.90418"/>
      <trkpt lat="37.73914" lon="-83.90425"/>
      <trkpt lat="37.73944" lon="-83.90439"/>
      <trkpt lat="37.73955" lon="-83.90442"/>
      <trkpt lat="37.73965" lon="-83.90445"/>
      <trkpt lat="37.73977" lon="-83.90448"/>
      <trkpt lat="37.73999" lon="-83.90447"/>
      <trkpt lat="37.74011" lon="-83.90448"/>
      <trkpt lat="37.74024" lon="-83.90451"/>
      <trkpt lat="37.74038" lon="-83.90451"/>
      <trkpt lat="37.74068" lon="-83.90469"/>
      <trkpt lat="37.74077" lon="-83.90475"/>
      <trkpt lat="37.74086" lon="-83.90478"/>
      <trkpt lat="37.74095" lon="-83.90479"/>
      <trkpt lat="37.74104" lon="-83.90479"/>
      <trkpt lat="37.74113" lon="-83.90477"/>
      <trkpt lat="37.74121" lon="-83.90473"/>
      <trkpt lat="37.74159" lon="-83.90454"/>
      <trkpt lat="37.74169" lon="-83.90449"/>
      <trkpt lat="37.74179" lon="-83.90444"/>
      <trkpt lat="37.74199" lon="-83.90431"/>
      <trkpt lat="37.74215" lon="-83.90416"/>
      <trkpt lat="37.74223" lon="-83.90407"/>
      <trkpt lat="37.7423" lon="-83.90397"/>
      <trkpt lat="37.74234" lon="-83.90387"/>
      <trkpt lat="37.74243" lon="-83.90377"/>
      <trkpt lat="37.7425" lon="-83.90367"/>
      <trkpt lat="37.74258" lon="-83.90359"/>
      <trkpt lat="37.74282" lon="-83.90339"/>
      <trkpt lat="37.743" lon="-83.90327"/>
      <trkpt lat="37.74307" lon="-83.9032"/>
      <trkpt lat="37.74329" lon="-83.90305"/>
      <trkpt lat="37.74339" lon="-83.90297"/>
      <trkpt lat="37.74362" lon="-83.90283"/>
      <trkpt lat="37.74379" lon="-83.90273"/>
      <trkpt lat="37.74395" lon="-83.90263"/>
      <trkpt lat="37.74418" lon="-83.90252"/>
      <trkpt lat="37.74429" lon="-83.90245"/>
      <trkpt lat="37.74441" lon="-83.90237"/>
      <trkpt lat="37.74464" lon="-83.90222"/>
      <trkpt lat="37.74486" lon="-83.90206"/>
      <trkpt lat="37.74501" lon="-83.90185"/>
      <trkpt lat="37.74522" lon="-83.90151"/>
      <trkpt lat="37.7453" lon="-83.90142"/>
      <trkpt lat="37.74539" lon="-83.90136"/>
      <trkpt lat="37.74549" lon="-83.90132"/>
      <trkpt lat="37.7456" lon="-83.90129"/>
      <trkpt lat="37.74571" lon="-83.90129"/>
      <trkpt lat="37.74603" lon="-83.90132"/>
      <trkpt lat="37.74627" lon="-83.90136"/>
      <trkpt lat="37.74639" lon="-83.90138"/>
      <trkpt lat="37.7466" lon="-83.90139"/>
      <trkpt lat="37.74669" lon="-83.90142"/>
      <trkpt lat="37.74679" lon="-83.90145"/>
      <trkpt lat="37.74689" lon="-83.9015"/>
      <trkpt lat="37.74698" lon="-83.90157"/>
      <trkpt lat="37.74707" lon="-83.90168"/>
      <trkpt lat="37.74722" lon="-83.90188"/>
      <trkpt lat="37.74729" lon="-83.90197"/>
      <trkpt lat="37.74747" lon="-83.9021"/>
      <trkpt lat="37.74776" lon="-83.90225"/>
      <trkpt lat="37.74797" lon="-83.90238"/>
      <trkpt lat="37.74819" lon="-83.90251"/>
      <trkpt lat="37.74829" lon="-83.90258"/>
      <trkpt lat="37.74851" lon="-83.90271"/>
      <trkpt lat="37.74874" lon="-83.90284"/>
      <trkpt lat="37.74929" lon="-83.90318"/>
      <trkpt lat="37.7494" lon="-83.90324"/>
      <trkpt lat="37.74974" lon="-83.90345"/>
      <trkpt lat="37.75008" lon="-83.90363"/>
      <trkpt lat="37.75031" lon="-83.9037"/>
      <trkpt lat="37.75042" lon="-83.90366"/>
      <trkpt lat="37.75053" lon="-83.90363"/>
      <trkpt lat="37.75097" lon="-83.90343"/>
      <trkpt lat="37.75108" lon="-83.9034"/>
      <trkpt lat="37.75129" lon="-83.90339"/>
      <trkpt lat="37.75152" lon="-83.90341"/>
      <trkpt lat="37.7516" lon="-83.90342"/>
      <trkpt lat="37.75175" lon="-83.90346"/>
      <trkpt lat="37.75194" lon="-83.90346"/>
      <trkpt lat="37.75201" lon="-83.90344"/>
      <trkpt lat="37.7521" lon="-83.90348"/>
      <trkpt lat="37.75236" lon="-83.90356"/>
      <trkpt lat="37.75245" lon="-83.9036"/>
      <trkpt lat="37.75262" lon="-83.9037"/>
      <trkpt lat="37.7527" lon="-83.90377"/>
      <trkpt lat="37.75293" lon="-83.90401"/>
      <trkpt lat="37.75308" lon="-83.90418"/>
      <trkpt lat="37.75316" lon="-83.90423"/>
      <trkpt lat="37.75323" lon="-83.90429"/>
      <trkpt lat="37.75338" lon="-83.90437"/>
      <trkpt lat="37.75393" lon="-83.90461"/>
      <trkpt lat="37.75401" lon="-83.90466"/>
      <trkpt lat="37.75409" lon="-83.90473"/>
      <trkpt lat="37.75427" lon="-83.90486"/>
      <trkpt lat="37.75437" lon="-83.90492"/>
      <trkpt lat="37.75479" lon="-83.90512"/>
      <trkpt lat="37.75488" lon="-83.90518"/>
      <trkpt lat="37.75496" lon="-83.90526"/>
      <trkpt lat="37.75515" lon="-83.90542"/>
      <trkpt lat="37.75526" lon="-83.90547"/>
      <trkpt lat="37.75537" lon="-83.9055"/>
      <trkpt lat="37.75547" lon="-83.90549"/>
      <trkpt lat="37.7557" lon="-83.90544"/>
      <trkpt lat="37.75594" lon="-83.90545"/>
      <trkpt lat="37.75606" lon="-83.90546"/>
      <trkpt lat="37.75619" lon="-83.90549"/>
      <trkpt lat="37.75631" lon="-83.90548"/>
      <trkpt lat="37.75643" lon="-83.90546"/>
      <trkpt lat="37.75655" lon="-83.90541"/>
      <trkpt lat="37.75665" lon="-83.90535"/>
      <trkpt lat="37.75685" lon="-83.90528"/>
      <trkpt lat="37.75693" lon="-83.90527"/>
      <trkpt lat="37.75703" lon="-83.90528"/>
      <trkpt lat="37.75715" lon="-83.90532"/>
      <trkpt lat="37.75735" lon="-83.90525"/>
      <trkpt lat="37.75745" lon="-83.9052"/>
      <trkpt lat="37.75754" lon="-83.90513"/>
      <trkpt lat="37.75777" lon="-83.90502"/>
      <trkpt lat="37.758" lon="-83.905"/>
      <trkpt lat="37.75811" lon="-83.905"/>
      <trkpt lat="37.75822" lon="-83.90502"/>
      <trkpt lat="37.75832" lon="-83.90501"/>
      <trkpt lat="37.75842" lon="-83.90499"/>
      <trkpt lat="37.7585" lon="-83.90496"/>
      <trkpt lat="37.75856" lon="-83.90492"/>
      <trkpt lat="37.75866" lon="-83.90493"/>
      <trkpt lat="37.75894" lon="-83.90576"/>
      <trkpt lat="37.75928" lon="-83.90611"/>
      <trkpt lat="37.7596" lon="-83.90632"/>
      <trkpt lat="37.76005" lon="-83.90649"/>
      <trkpt lat="37.761" lon="-83.90662"/>
      <trkpt lat="37.76162" lon="-83.90677"/>
      <trkpt lat="37.76183" lon="-83.90682"/>
      <trkpt lat="37.76196" lon="-83.90692"/>
      <trkpt lat="37.76304" lon="-83.90789"/>
      <trkpt lat="37.76327" lon="-83.90795"/>
      <trkpt lat="37.76366" lon="-83.90787"/>
      <trkpt lat="37.76387" lon="-83.90791"/>
      <trkpt lat="37.76443" lon="-83.90845"/>
      <trkpt lat="37.76469" lon="-83.90864"/>
      <trkpt lat="37.76535" lon="-83.90879"/>
      <trkpt lat="37.76561" lon="-83.90892"/>
      <trkpt lat="37.76621" lon="-83.9096"/>
      <trkpt lat="37.76649" lon="-83.90982"/>
      <trkpt lat="37.76658" lon="-83.90993"/>
      <trkpt lat="37.76666" lon="-83.91006"/>
      <trkpt lat="37.76673" lon="-83.91025"/>
      <trkpt lat="37.7667" lon="-83.91055"/>
      <trkpt lat="37.76664" lon="-83.91081"/>
      <trkpt lat="37.76647" lon="-83.91109"/>
      <trkpt lat="37.76638" lon="-83.91122"/>
      <trkpt lat="37.76664" lon="-83.91129"/>
      <trkpt lat="37.76693" lon="-83.91125"/>
      <trkpt lat="37.76716" lon="-83.91122"/>
      <trkpt lat="37.76745" lon="-83.91119"/>
      <trkpt lat="37.76759" lon="-83.9112"/>
      <trkpt lat="37.76768" lon="-83.91122"/>
      <trkpt lat="37.76781" lon="-83.91129"/>
      <trkpt lat="37.76814" lon="-83.91147"/>
      <trkpt lat="37.7683" lon="-83.91156"/>
      <trkpt lat="37.76864" lon="-83.91173"/>
      <trkpt lat="37.76873" lon="-83.91178"/>
      <trkpt lat="37.76894" lon="-83.91198"/>
      <trkpt lat="37.76906" lon="-83.91214"/>
      <trkpt lat="37.76915" lon="-83.91233"/>
      <trkpt lat="37.7693" lon="-83.91275"/>
      <trkpt lat="37.76937" lon="-83.91297"/>
      <trkpt lat="37.76946" lon="-83.91317"/>
      <trkpt lat="37.76964" lon="-83.91332"/>
      <trkpt lat="37.77017" lon="-83.91339"/>
      <trkpt lat="37.77052" lon="-83.91345"/>
      <trkpt lat="37.77124" lon="-83.91356"/>
      <trkpt lat="37.77207" lon="-83.91368"/>
      <trkpt lat="37.77215" lon="-83.91372"/>
      <trkpt lat="37.77227" lon="-83.91384"/>
      <trkpt lat="37.77283" lon="-83.91442"/>
      <trkpt lat="37.77308" lon="-83.91475"/>
      <trkpt lat="37.77326" lon="-83.91493"/>
      <trkpt lat="37.77394" lon="-83.9155"/>
      <trkpt lat="37.77465" lon="-83.91595"/>
      <trkpt lat="37.77528" lon="-83.91625"/>
      <trkpt lat="37.77579" lon="-83.91652"/>
      <trkpt lat="37.77609" lon="-83.91673"/>
      <trkpt lat="37.77637" lon="-83.91692"/>
      <trkpt lat="37.77657" lon="-83.91708"/>
      <trkpt lat="37.77693" lon="-83.91731"/>
      <trkpt lat="37.7777" lon="-83.91777"/>
      <trkpt lat="37.77818" lon="-83.91805"/>
      <trkpt lat="37.7784" lon="-83.91811"/>
      <trkpt lat="37.77908" lon="-83.91818"/>
      <trkpt lat="37.77941" lon="-83.91815"/>
      <trkpt lat="37.77954" lon="-83.9181"/>
      <trkpt lat="37.77976" lon="-83.91796"/>
      <trkpt lat="37.78007" lon="-83.91771"/>
      <trkpt lat="37.78071" lon="-83.91731"/>
      <trkpt lat="37.78102" lon="-83.91707"/>
      <trkpt lat="37.78133" lon="-83.91681"/>
      <trkpt lat="37.78198" lon="-83.9162"/>
      <trkpt lat="37.78224" lon="-83.91598"/>
      <trkpt lat="37.78274" lon="-83.91561"/>
      <trkpt lat="37.7832" lon="-83.91526"/>
      <trkpt lat="37.78351" lon="-83.915"/>
      <trkpt lat="37.78385" lon="-83.91466"/>
      <trkpt lat="37.78452" lon="-83.9141"/>
      <trkpt lat="37.78482" lon="-83.91384"/>
      <trkpt lat="37.78513" lon="-83.91348"/>
      <trkpt lat="37.78536" lon="-83.91306"/>
      <trkpt lat="37.78558" lon="-83.91249"/>
      <trkpt lat="37.78571" lon="-83.91204"/>
      <trkpt lat="37.78592" lon="-83.91118"/>
      <trkpt lat="37.78608" lon="-83.91057"/>
      <trkpt lat="37.78617" lon="-83.91007"/>
      <trkpt lat="37.78618" lon="-83.90964"/>
      <trkpt lat="37.78614" lon="-83.90922"/>
      <trkpt lat="37.7861" lon="-83.90872"/>
      <trkpt lat="37.78611" lon="-83.90834"/>
      <trkpt lat="37.78619" lon="-83.90787"/>
      <trkpt lat="37.78626" lon="-83.90764"/>
      <trkpt lat="37.78647" lon="-83.907"/>
      <trkpt lat="37.78661" lon="-83.90637"/>
      <trkpt lat="37.7867" lon="-83.90593"/>
      <trkpt lat="37.78682" lon="-83.90542"/>
      <trkpt lat="37.78691" lon="-83.90526"/>
      <trkpt lat="37.78702" lon="-83.90516"/>
      <trkpt lat="37.78713" lon="-83.90512"/>
      <trkpt lat="37.78723" lon="-83.90511"/>
      <trkpt lat="37.78791" lon="-83.90511"/>
      <trkpt lat="37.78803" lon="-83.90508"/>
      <trkpt lat="37.78829" lon="-83.90447"/>
      <trkpt lat="37.78833" lon="-83.90436"/>
      <trkpt lat="37.78846" lon="-83.90421"/>
      <trkpt lat="37.78889" lon="-83.90382"/>
      <trkpt lat="37.78908" lon="-83.90367"/>
      <trkpt lat="37.78933" lon="-83.90364"/>
      <trkpt lat="37.78952" lon="-83.90345"/>
      <trkpt lat="37.78982" lon="-83.90315"/>
      <trkpt lat="37.79" lon="-83.90302"/>
      <trkpt lat="37.79022" lon="-83.90299"/>
      <trkpt lat="37.79044" lon="-83.903"/>
      <trkpt lat="37.79053" lon="-83.90299"/>
      <trkpt lat="37.79075" lon="-83.9029"/>
      <trkpt lat="37.79099" lon="-83.90276"/>
      <trkpt lat="37.79108" lon="-83.90268"/>
      <trkpt lat="37.79146" lon="-83.90214"/>
      <trkpt lat="37.79185" lon="-83.90166"/>
      <trkpt lat="37.79198" lon="-83.90147"/>
      <trkpt lat="37.79223" lon="-83.90116"/>
      <trkpt lat="37.79234" lon="-83.90108"/>
      <trkpt lat="37.79247" lon="-83.90101"/>
      <trkpt lat="37.79308" lon="-83.90065"/>
      <trkpt lat="37.79323" lon="-83.90059"/>
      <trkpt lat="37.79348" lon="-83.9005"/>
      <trkpt lat="37.79376" lon="-83.90044"/>
      <trkpt lat="37.7939" lon="-83.90045"/>
      <trkpt lat="37.79421" lon="-83.9005"/>
      <trkpt lat="37.79443" lon="-83.90051"/>
      <trkpt lat="37.79448" lon="-83.90064"/>
      <trkpt lat="37.79582" lon="-83.9028"/>
      <trkpt lat="37.79638" lon="-83.90381"/>
      <trkpt lat="37.79672" lon="-83.90413"/>
      <trkpt lat="37.7976" lon="-83.90469"/>
      <trkpt lat="37.79786" lon="-83.90501"/>
      <trkpt lat="37.79814" lon="-83.90568"/>
      <trkpt lat="37.79842" lon="-83.90705"/>
      <trkpt lat="37.79926" lon="-83.90851"/>
      <trkpt lat="37.80093" lon="-83.91063"/>
      <trkpt lat="37.80117" lon="-83.91089"/>
      <trkpt lat="37.8023" lon="-83.91169"/>
      <trkpt lat="37.80338" lon="-83.91248"/>
      <trkpt lat="37.80383" lon="-83.91306"/>
      <trkpt lat="37.80432" lon="-83.9133"/>
      <trkpt lat="37.80509" lon="-83.91385"/>
      <trkpt lat="37.80529" lon="-83.91392"/>
      <trkpt lat="37.80597" lon="-83.91383"/>
      <trkpt lat="37.80687" lon="-83.91353"/>
      <trkpt lat="37.80771" lon="-83.91345"/>
      <trkpt lat="37.80868" lon="-83.91353"/>
      <trkpt lat="37.80986" lon="-83.91418"/>
      <trkpt lat="37.81039" lon="-83.9145"/>
      <trkpt lat="37.81213" lon="-83.91583"/>
      <trkpt lat="37.81378" lon="-83.91699"/>
      <trkpt lat="37.81479" lon="-83.91769"/>
      <trkpt lat="37.81595" lon="-83.91864"/>
      <trkpt lat="37.8164" lon="-83.91913"/>
      <trkpt lat="37.81662" lon="-83.91928"/>
      <trkpt lat="37.81773" lon="-83.91967"/>
      <trkpt lat="37.8182" lon="-83.91967"/>
      <trkpt lat="37.81913" lon="-83.91952"/>
      <trkpt lat="37.82048" lon="-83.9195"/>
      <trkpt lat="37.82153" lon="-83.9195"/>
      <trkpt lat="37.82256" lon="-83.91965"/>
      <trkpt lat="37.82307" lon="-83.91973"/>
      <trkpt lat="37.82481" lon="-83.91999"/>
      <trkpt lat="37.82541" lon="-83.92001"/>
      <trkpt lat="37.82614" lon="-83.91986"/>
      <trkpt lat="37.82674" lon="-83.91999"/>
      <trkpt lat="37.82711" lon="-83.91997"/>
      <trkpt lat="37.8279" lon="-83.91969"/>
      <trkpt lat="37.82829" lon="-83.91945"/>
      <trkpt lat="37.82852" lon="-83.91939"/>
      <trkpt lat="37.82889" lon="-83.91948"/>
      <trkpt lat="37.83005" lon="-83.92001"/>
      <trkpt lat="37.83112" lon="-83.92038"/>
      <trkpt lat="37.83157" lon="-83.9204"/>
      <trkpt lat="37.83185" lon="-83.92035"/>
      <trkpt lat="37.83312" lon="-83.91967"/>
      <trkpt lat="37.83344" lon="-83.9196"/>
      <trkpt lat="37.83404" lon="-83.91965"/>
      <trkpt lat="37.83451" lon="-83.91956"/>
      <trkpt lat="37.83498" lon="-83.91945"/>
      <trkpt lat="37.83539" lon="-83.91948"/>
      <trkpt lat="37.83578" lon="-83.91958"/>
      <trkpt lat="37.83636" lon="-83.91999"/>
      <trkpt lat="37.83672" lon="-83.92031"/>
      <trkpt lat="37.83792" lon="-83.9216"/>
      <trkpt lat="37.83945" lon="-83.92244"/>
      <trkpt lat="37.83992" lon="-83.92256"/>
      <trkpt lat="37.84043" lon="-83.92256"/>
      <trkpt lat="37.84086" lon="-83.9225"/>
      <trkpt lat="37.84176" lon="-83.9222"/>
      <trkpt lat="37.84271" lon="-83.92194"/>
      <trkpt lat="37.84316" lon="-83.92164"/>
      <trkpt lat="37.84374" lon="-83.921"/>
      <trkpt lat="37.84441" lon="-83.92009"/>
      <trkpt lat="37.84535" lon="-83.91883"/>
      <trkpt lat="37.84552" lon="-83.91868"/>
      <trkpt lat="37.8458" lon="-83.91847"/>
      <trkpt lat="37.84627" lon="-83.91827"/>
      <trkpt lat="37.84644" lon="-83.91823"/>
      <trkpt lat="37.84668" lon="-83.91823"/>
      <trkpt lat="37.8473" lon="-83.91821"/>
      <trkpt lat="37.84771" lon="-83.91821"/>
      <trkpt lat="37.84925" lon="-83.91819"/>
      <trkpt lat="37.84953" lon="-83.91797"/>
      <trkpt lat="37.84968" lon="-83.9178"/>
      <trkpt lat="37.85112" lon="-83.91548"/>
      <trkpt lat="37.85198" lon="-83.91409"/>
      <trkpt lat="37.85162" lon="-83.9135"/>
      <trkpt lat="37.85114" lon="-83.91269"/>
      <trkpt lat="37.85041" lon="-83.91149"/>
      <trkpt lat="37.8484" lon="-83.90811"/>
      <trkpt lat="37.84663" lon="-83.90512"/>
      <trkpt lat="37.84625" lon="-83.90458"/>
      <trkpt lat="37.84541" lon="-83.9037"/>
      <trkpt lat="37.84389" lon="-83.90222"/>
      <trkpt lat="37.84344" lon="-83.90171"/>
      <trkpt lat="37.84236" lon="-83.90006"/>
      <trkpt lat="37.84153" lon="-83.89864"/>
      <trkpt lat="37.84138" lon="-83.89827"/>
      <trkpt lat="37.84058" lon="-83.8957"/>
      <trkpt lat="37.84056" lon="-83.89559"/>
      <trkpt lat="37.83945" lon="-83.89319"/>
      <trkpt lat="37.83848" lon="-83.89081"/>
      <trkpt lat="37.83762" lon="-83.88908"/>
      <trkpt lat="37.83668" lon="-83.88718"/>
      <trkpt lat="37.83627" lon="-83.88596"/>
      <trkpt lat="37.83599" lon="-83.88454"/>
      <trkpt lat="37.83595" lon="-83.88383"/>
      <trkpt lat="37.83599" lon="-83.8833"/>
      <trkpt lat="37.83608" lon="-83.8827"/>
      <trkpt lat="37.83631" lon="-83.88201"/>
      <trkpt lat="37.83666" lon="-83.88139"/>
      <trkpt lat="37.83769" lon="-83.87997"/>
      <trkpt lat="37.83839" lon="-83.87879"/>
      <trkpt lat="37.83814" lon="-83.87838"/>
      <trkpt lat="37.83792" lon="-83.87821"/>
      <trkpt lat="37.83764" lon="-83.87815"/>
      <trkpt lat="37.83713" lon="-83.87815"/>
      <trkpt lat="37.83614" lon="-83.87793"/>
      <trkpt lat="37.83595" lon="-83.87778"/>
      <trkpt lat="37.83585" lon="-83.87761"/>
      <trkpt lat="37.83567" lon="-83.87729"/>
      <trkpt lat="37.83468" lon="-83.87553"/>
      <trkpt lat="37.83412" lon="-83.87499"/>
      <trkpt lat="37.83355" lon="-83.87456"/>
      <trkpt lat="37.83305" lon="-83.87414"/>
      <trkpt lat="37.83174" lon="-83.87306"/>
      <trkpt lat="37.83052" lon="-83.87229"/>
      <trkpt lat="37.82998" lon="-83.87192"/>
      <trkpt lat="37.82874" lon="-83.87156"/>
      <trkpt lat="37.82825" lon="-83.8713"/>
      <trkpt lat="37.82737" lon="-83.87055"/>
      <trkpt lat="37.82661" lon="-83.87025"/>
      <trkpt lat="37.8258" lon="-83.86967"/>
      <trkpt lat="37.8252" lon="-83.86922"/>
      <trkpt lat="37.82473" lon="-83.86841"/>
      <trkpt lat="37.82402" lon="-83.86781"/>
      <trkpt lat="37.82333" lon="-83.8674"/>
      <trkpt lat="37.82285" lon="-83.86686"/>
      <trkpt lat="37.82271" lon="-83.86639"/>
      <trkpt lat="37.82256" lon="-83.86407"/>
      <trkpt lat="37.82252" lon="-83.8639"/>
      <trkpt lat="37.82241" lon="-83.86377"/>
      <trkpt lat="37.822" lon="-83.86362"/>
      <trkpt lat="37.82144" lon="-83.86366"/>
      <trkpt lat="37.8208" lon="-83.86369"/>
      <trkpt lat="37.82031" lon="-83.86358"/>
      <trkpt lat="37.81975" lon="-83.86353"/>
      <trkpt lat="37.81895" lon="-83.86362"/>
      <trkpt lat="37.81837" lon="-83.8639"/>
      <trkpt lat="37.81803" lon="-83.86407"/>
      <trkpt lat="37.8178" lon="-83.86409"/>
      <trkpt lat="37.81756" lon="-83.86399"/>
      <trkpt lat="37.81702" lon="-83.86356"/>
      <trkpt lat="37.81666" lon="-83.86345"/>
      <trkpt lat="37.81584" lon="-83.86356"/>
      <trkpt lat="37.81507" lon="-83.86338"/>
      <trkpt lat="37.81471" lon="-83.86512"/>
      <trkpt lat="37.81466" lon="-83.86521"/>
      <trkpt lat="37.81456" lon="-83.86532"/>
      <trkpt lat="37.81438" lon="-83.86536"/>
      <trkpt lat="37.81372" lon="-83.86529"/>
      <trkpt lat="37.8133" lon="-83.86511"/>
      <trkpt lat="37.81243" lon="-83.86474"/>
      <trkpt lat="37.81213" lon="-83.86422"/>
      <trkpt lat="37.81194" lon="-83.86407"/>
      <trkpt lat="37.81168" lon="-83.86409"/>
      <trkpt lat="37.81108" lon="-83.86429"/>
      <trkpt lat="37.81024" lon="-83.86437"/>
      <trkpt lat="37.81007" lon="-83.86444"/>
      <trkpt lat="37.80964" lon="-83.8648"/>
      <trkpt lat="37.80945" lon="-83.86478"/>
      <trkpt lat="37.80891" lon="-83.86444"/>
      <trkpt lat="37.80812" lon="-83.86433"/>
      <trkpt lat="37.80674" lon="-83.86392"/>
      <trkpt lat="37.80636" lon="-83.86386"/>
      <trkpt lat="37.80589" lon="-83.86366"/>
      <trkpt lat="37.80569" lon="-83.86351"/>
      <trkpt lat="37.80535" lon="-83.86323"/>
      <trkpt lat="37.80466" lon="-83.86248"/>
      <trkpt lat="37.80438" lon="-83.86225"/>
      <trkpt lat="37.80396" lon="-83.86212"/>
      <trkpt lat="37.80335" lon="-83.86214"/>
      <trkpt lat="37.8031" lon="-83.86201"/>
      <trkpt lat="37.80282" lon="-83.86178"/>
      <trkpt lat="37.80222" lon="-83.86165"/>
      <trkpt lat="37.80159" lon="-83.86128"/>
      <trkpt lat="37.80144" lon="-83.86117"/>
      <trkpt lat="37.80063" lon="-83.86023"/>
      <trkpt lat="37.80029" lon="-83.85944"/>
      <trkpt lat="37.80016" lon="-83.85884"/>
      <trkpt lat="37.79977" lon="-83.85819"/>
      <trkpt lat="37.79938" lon="-83.85693"/>
      <trkpt lat="37.79885" lon="-83.85579"/>
      <trkpt lat="37.79889" lon="-83.85538"/>
      <trkpt lat="37.79911" lon="-83.85491"/>
      <trkpt lat="37.79902" lon="-83.85463"/>
      <trkpt lat="37.79881" lon="-83.85435"/>
      <trkpt lat="37.79848" lon="-83.85386"/>
      <trkpt lat="37.79846" lon="-83.85371"/>
      <trkpt lat="37.7985" lon="-83.85291"/>
      <trkpt lat="37.79848" lon="-83.85231"/>
      <trkpt lat="37.79863" lon="-83.85128"/>
      <trkpt lat="37.79874" lon="-83.85047"/>
      <trkpt lat="37.79898" lon="-83.84933"/>
      <trkpt lat="37.79902" lon="-83.84851"/>
      <trkpt lat="37.79911" lon="-83.848"/>
      <trkpt lat="37.79919" lon="-83.84731"/>
      <trkpt lat="37.7993" lon="-83.84648"/>
      <trkpt lat="37.79934" lon="-83.84549"/>
      <trkpt lat="37.7996" lon="-83.84482"/>
      <trkpt lat="37.80009" lon="-83.84377"/>
      <trkpt lat="37.80059" lon="-83.84311"/>
      <trkpt lat="37.80063" lon="-83.84289"/>
      <trkpt lat="37.80065" lon="-83.84261"/>
      <trkpt lat="37.8006" lon="-83.84225"/>
      <trkpt lat="37.80056" lon="-83.84197"/>
      <trkpt lat="37.80059" lon="-83.84152"/>
      <trkpt lat="37.80089" lon="-83.84055"/>
      <trkpt lat="37.8011" lon="-83.84027"/>
      <trkpt lat="37.80099" lon="-83.84019"/>
      <trkpt lat="37.80065" lon="-83.83967"/>
      <trkpt lat="37.80048" lon="-83.83955"/>
      <trkpt lat="37.79941" lon="-83.83944"/>
      <trkpt lat="37.7984" lon="-83.83952"/>
      <trkpt lat="37.79687" lon="-83.83963"/>
      <trkpt lat="37.79587" lon="-83.83957"/>
      <trkpt lat="37.79559" lon="-83.83967"/>
      <trkpt lat="37.79531" lon="-83.83991"/>
      <trkpt lat="37.79503" lon="-83.84"/>
      <trkpt lat="37.79486" lon="-83.83995"/>
      <trkpt lat="37.79441" lon="-83.83965"/>
      <trkpt lat="37.79411" lon="-83.83952"/>
      <trkpt lat="37.79396" lon="-83.83952"/>
      <trkpt lat="37.79357" lon="-83.83959"/>
      <trkpt lat="37.79237" lon="-83.84"/>
      <trkpt lat="37.79217" lon="-83.84"/>
      <trkpt lat="37.79172" lon="-83.83991"/>
      <trkpt lat="37.79149" lon="-83.83976"/>
      <trkpt lat="37.79117" lon="-83.83924"/>
      <trkpt lat="37.79087" lon="-83.83897"/>
      <trkpt lat="37.79031" lon="-83.83879"/>
      <trkpt lat="37.78986" lon="-83.83856"/>
      <trkpt lat="37.78919" lon="-83.83862"/>
      <trkpt lat="37.78874" lon="-83.83856"/>
      <trkpt lat="37.78855" lon="-83.83837"/>
      <trkpt lat="37.78833" lon="-83.83789"/>
      <trkpt lat="37.78821" lon="-83.83766"/>
      <trkpt lat="37.78782" lon="-83.83716"/>
      <trkpt lat="37.78758" lon="-83.83701"/>
      <trkpt lat="37.78743" lon="-83.83703"/>
      <trkpt lat="37.78696" lon="-83.83736"/>
      <trkpt lat="37.7866" lon="-83.83734"/>
      <trkpt lat="37.78593" lon="-83.83708"/>
      <trkpt lat="37.78552" lon="-83.83718"/>
      <trkpt lat="37.78529" lon="-83.83716"/>
      <trkpt lat="37.78509" lon="-83.83708"/>
      <trkpt lat="37.78488" lon="-83.8368"/>
      <trkpt lat="37.78471" lon="-83.83573"/>
      <trkpt lat="37.78462" lon="-83.83551"/>
      <trkpt lat="37.78436" lon="-83.83504"/>
      <trkpt lat="37.78417" lon="-83.83412"/>
      <trkpt lat="37.78402" lon="-83.8339"/>
      <trkpt lat="37.78355" lon="-83.8336"/>
      <trkpt lat="37.78323" lon="-83.83328"/>
      <trkpt lat="37.7831" lon="-83.83298"/>
      <trkpt lat="37.78321" lon="-83.83236"/>
      <trkpt lat="37.7834" lon="-83.83184"/>
      <trkpt lat="37.78497" lon="-83.82998"/>
      <trkpt lat="37.78522" lon="-83.82937"/>
      <trkpt lat="37.78524" lon="-83.82916"/>
      <trkpt lat="37.78522" lon="-83.82899"/>
      <trkpt lat="37.78509" lon="-83.82879"/>
      <trkpt lat="37.78421" lon="-83.82824"/>
      <trkpt lat="37.78394" lon="-83.82824"/>
      <trkpt lat="37.78321" lon="-83.82852"/>
      <trkpt lat="37.78293" lon="-83.82854"/>
      <trkpt lat="37.78271" lon="-83.82845"/>
      <trkpt lat="37.78218" lon="-83.828"/>
      <trkpt lat="37.78198" lon="-83.82794"/>
      <trkpt lat="37.78177" lon="-83.82796"/>
      <trkpt lat="37.78134" lon="-83.82796"/>
      <trkpt lat="37.78108" lon="-83.82785"/>
      <trkpt lat="37.78095" lon="-83.82764"/>
      <trkpt lat="37.78089" lon="-83.8271"/>
      <trkpt lat="37.78074" lon="-83.82689"/>
      <trkpt lat="37.78059" lon="-83.82678"/>
      <trkpt lat="37.78012" lon="-83.82665"/>
      <trkpt lat="37.7799" lon="-83.82652"/>
      <trkpt lat="37.77934" lon="-83.82586"/>
      <trkpt lat="37.77917" lon="-83.82573"/>
      <trkpt lat="37.77874" lon="-83.82568"/>
      <trkpt lat="37.7781" lon="-83.82581"/>
      <trkpt lat="37.77784" lon="-83.82601"/>
      <trkpt lat="37.77745" lon="-83.82648"/>
      <trkpt lat="37.7773" lon="-83.82656"/>
      <trkpt lat="37.77692" lon="-83.82656"/>
      <trkpt lat="37.77664" lon="-83.82646"/>
      <trkpt lat="37.77638" lon="-83.82628"/>
      <trkpt lat="37.77606" lon="-83.82598"/>
      <trkpt lat="37.77587" lon="-83.82592"/>
      <trkpt lat="37.77563" lon="-83.82601"/>
      <trkpt lat="37.77475" lon="-83.82669"/>
      <trkpt lat="37.77424" lon="-83.82691"/>
      <trkpt lat="37.77387" lon="-83.82693"/>
      <trkpt lat="37.77338" lon="-83.82671"/>
      <trkpt lat="37.77276" lon="-83.82639"/>
      <trkpt lat="37.77256" lon="-83.82637"/>
      <trkpt lat="37.77228" lon="-83.8265"/>
      <trkpt lat="37.77207" lon="-83.82669"/>
      <trkpt lat="37.77183" lon="-83.82768"/>
      <trkpt lat="37.77173" lon="-83.82787"/>
      <trkpt lat="37.77149" lon="-83.82809"/>
      <trkpt lat="37.77082" lon="-83.82834"/>
      <trkpt lat="37.77048" lon="-83.82839"/>
      <trkpt lat="37.77009" lon="-83.8283"/>
      <trkpt lat="37.76975" lon="-83.82785"/>
      <trkpt lat="37.76943" lon="-83.8277"/>
      <trkpt lat="37.76866" lon="-83.8277"/>
      <trkpt lat="37.76827" lon="-83.82783"/>
      <trkpt lat="37.76816" lon="-83.82789"/>
      <trkpt lat="37.76758" lon="-83.82826"/>
      <trkpt lat="37.76707" lon="-83.82888"/>
      <trkpt lat="37.76673" lon="-83.8295"/>
      <trkpt lat="37.76649" lon="-83.83028"/>
      <trkpt lat="37.76638" lon="-83.83053"/>
      <trkpt lat="37.76587" lon="-83.83081"/>
      <trkpt lat="37.76525" lon="-83.83158"/>
      <trkpt lat="37.7651" lon="-83.83163"/>
      <trkpt lat="37.7649" lon="-83.83156"/>
      <trkpt lat="37.76447" lon="-83.83126"/>
      <trkpt lat="37.76413" lon="-83.83122"/>
      <trkpt lat="37.76355" lon="-83.83146"/>
      <trkpt lat="37.76299" lon="-83.83139"/>
      <trkpt lat="37.76278" lon="-83.83143"/>
      <trkpt lat="37.7625" lon="-83.83154"/>
      <trkpt lat="37.7625" lon="-83.83154"/>
      <trkpt lat="37.76226" lon="-83.83169"/>
      <trkpt lat="37.76218" lon="-83.83135"/>
      <trkpt lat="37.76207" lon="-83.82839"/>
      <trkpt lat="37.76203" lon="-83.82817"/>
      <trkpt lat="37.7617" lon="-83.82714"/>
      <trkpt lat="37.76155" lon="-83.82695"/>
      <trkpt lat="37.76138" lon="-83.8268"/>
      <trkpt lat="37.76115" lon="-83.82648"/>
      <trkpt lat="37.76085" lon="-83.82641"/>
      <trkpt lat="37.76065" lon="-83.82661"/>
      <trkpt lat="37.76035" lon="-83.82749"/>
      <trkpt lat="37.76012" lon="-83.82772"/>
      <trkpt lat="37.75988" lon="-83.82781"/>
      <trkpt lat="37.75954" lon="-83.82781"/>
      <trkpt lat="37.75915" lon="-83.82764"/>
      <trkpt lat="37.75889" lon="-83.82759"/>
      <trkpt lat="37.75846" lon="-83.82761"/>
      <trkpt lat="37.75793" lon="-83.82772"/>
      <trkpt lat="37.75739" lon="-83.82809"/>
      <trkpt lat="37.7572" lon="-83.82815"/>
      <trkpt lat="37.75683" lon="-83.82813"/>
      <trkpt lat="37.7566" lon="-83.82819"/>
      <trkpt lat="37.75595" lon="-83.82875"/>
      <trkpt lat="37.75572" lon="-83.82888"/>
      <trkpt lat="37.75529" lon="-83.82895"/>
      <trkpt lat="37.75434" lon="-83.82897"/>
      <trkpt lat="37.75385" lon="-83.82882"/>
      <trkpt lat="37.75359" lon="-83.82884"/>
      <trkpt lat="37.75342" lon="-83.82892"/>
      <trkpt lat="37.75312" lon="-83.82933"/>
      <trkpt lat="37.75267" lon="-83.82952"/>
      <trkpt lat="37.75237" lon="-83.82959"/>
      <trkpt lat="37.75196" lon="-83.82955"/>
      <trkpt lat="37.75164" lon="-83.82937"/>
      <trkpt lat="37.75149" lon="-83.82912"/>
      <trkpt lat="37.75141" lon="-83.82877"/>
      <trkpt lat="37.75143" lon="-83.82841"/>
      <trkpt lat="37.7516" lon="-83.82779"/>
      <trkpt lat="37.75162" lon="-83.82742"/>
      <trkpt lat="37.751" lon="-83.82603"/>
      <trkpt lat="37.75078" lon="-83.8259"/>
      <trkpt lat="37.75059" lon="-83.82588"/>
      <trkpt lat="37.74982" lon="-83.82598"/>
      <trkpt lat="37.74965" lon="-83.82594"/>
      <trkpt lat="37.74896" lon="-83.8254"/>
      <trkpt lat="37.74847" lon="-83.82528"/>
      <trkpt lat="37.74804" lon="-83.82504"/>
      <trkpt lat="37.74791" lon="-83.82493"/>
      <trkpt lat="37.74729" lon="-83.82367"/>
      <trkpt lat="37.74698" lon="-83.82326"/>
      <trkpt lat="37.74673" lon="-83.82307"/>
      <trkpt lat="37.74613" lon="-83.82292"/>
      <trkpt lat="37.74595" lon="-83.82279"/>
      <trkpt lat="37.74578" lon="-83.82242"/>
      <trkpt lat="37.74575" lon="-83.82241"/>
      <trkpt lat="37.74575" lon="-83.82241"/>
      <trkpt lat="37.74542" lon="-83.82214"/>
      <trkpt lat="37.74541" lon="-83.822"/>
      <trkpt lat="37.74536" lon="-83.82156"/>
      <trkpt lat="37.74532" lon="-83.82143"/>
      <trkpt lat="37.74524" lon="-83.82122"/>
      <trkpt lat="37.7452" lon="-83.82105"/>
      <trkpt lat="37.74521" lon="-83.82097"/>
      <trkpt lat="37.74523" lon="-83.8209"/>
      <trkpt lat="37.74528" lon="-83.82083"/>
      <trkpt lat="37.74534" lon="-83.8208"/>
      <trkpt lat="37.74545" lon="-83.82076"/>
      <trkpt lat="37.74553" lon="-83.82073"/>
      <trkpt lat="37.7456" lon="-83.82066"/>
      <trkpt lat="37.74566" lon="-83.82056"/>
      <trkpt lat="37.74569" lon="-83.82046"/>
      <trkpt lat="37.74572" lon="-83.82025"/>
      <trkpt lat="37.74573" lon="-83.82013"/>
      <trkpt lat="37.74573" lon="-83.81986"/>
      <trkpt lat="37.74571" lon="-83.81974"/>
      <trkpt lat="37.7457" lon="-83.81963"/>
      <trkpt lat="37.7457" lon="-83.81945"/>
      <trkpt lat="37.74564" lon="-83.81929"/>
      <trkpt lat="37.74543" lon="-83.81907"/>
      <trkpt lat="37.74527" lon="-83.81898"/>
      <trkpt lat="37.74517" lon="-83.81896"/>
      <trkpt lat="37.74495" lon="-83.81889"/>
      <trkpt lat="37.74472" lon="-83.81881"/>
      <trkpt lat="37.74451" lon="-83.81871"/>
      <trkpt lat="37.74441" lon="-83.81864"/>
      <trkpt lat="37.74421" lon="-83.81848"/>
      <trkpt lat="37.74412" lon="-83.81841"/>
      <trkpt lat="37.74392" lon="-83.81828"/>
      <trkpt lat="37.74382" lon="-83.81824"/>
      <trkpt lat="37.74372" lon="-83.81821"/>
      <trkpt lat="37.74362" lon="-83.8182"/>
      <trkpt lat="37.7434" lon="-83.81821"/>
      <trkpt lat="37.74331" lon="-83.81821"/>
      <trkpt lat="37.74323" lon="-83.81819"/>
      <trkpt lat="37.74316" lon="-83.81813"/>
      <trkpt lat="37.74309" lon="-83.81808"/>
      <trkpt lat="37.74299" lon="-83.81799"/>
      <trkpt lat="37.74284" lon="-83.81785"/>
      <trkpt lat="37.74273" lon="-83.81772"/>
      <trkpt lat="37.74269" lon="-83.81766"/>
      <trkpt lat="37.74266" lon="-83.81759"/>
      <trkpt lat="37.74267" lon="-83.81752"/>
      <trkpt lat="37.74271" lon="-83.81747"/>
      <trkpt lat="37.74275" lon="-83.81741"/>
      <trkpt lat="37.74282" lon="-83.81736"/>
      <trkpt lat="37.74295" lon="-83.81723"/>
      <trkpt lat="37.74299" lon="-83.81716"/>
      <trkpt lat="37.74304" lon="-83.81697"/>
      <trkpt lat="37.74308" lon="-83.81678"/>
      <trkpt lat="37.7431" lon="-83.81666"/>
      <trkpt lat="37.74301" lon="-83.8164"/>
      <trkpt lat="37.74297" lon="-83.81617"/>
      <trkpt lat="37.74293" lon="-83.81607"/>
      <trkpt lat="37.74288" lon="-83.81598"/>
      <trkpt lat="37.74273" lon="-83.81592"/>
      <trkpt lat="37.74261" lon="-83.81585"/>
      <trkpt lat="37.74249" lon="-83.81581"/>
      <trkpt lat="37.74238" lon="-83.81577"/>
      <trkpt lat="37.74216" lon="-83.81571"/>
      <trkpt lat="37.74208" lon="-83.81563"/>
      <trkpt lat="37.74199" lon="-83.81556"/>
      <trkpt lat="37.7419" lon="-83.81548"/>
      <trkpt lat="37.74172" lon="-83.81536"/>
      <trkpt lat="37.74156" lon="-83.81523"/>
      <trkpt lat="37.74148" lon="-83.81516"/>
      <trkpt lat="37.74133" lon="-83.81498"/>
      <trkpt lat="37.74126" lon="-83.81483"/>
      <trkpt lat="37.74112" lon="-83.81457"/>
      <trkpt lat="37.7408" lon="-83.81412"/>
      <trkpt lat="37.74075" lon="-83.81401"/>
      <trkpt lat="37.74068" lon="-83.8139"/>
      <trkpt lat="37.74065" lon="-83.81378"/>
      <trkpt lat="37.7406" lon="-83.81365"/>
      <trkpt lat="37.74054" lon="-83.81357"/>
      <trkpt lat="37.74041" lon="-83.81342"/>
      <trkpt lat="37.74023" lon="-83.81332"/>
      <trkpt lat="37.74013" lon="-83.81328"/>
      <trkpt lat="37.74004" lon="-83.81323"/>
      <trkpt lat="37.73977" lon="-83.81304"/>
      <trkpt lat="37.73918" lon="-83.81259"/>
      <trkpt lat="37.73906" lon="-83.8125"/>
      <trkpt lat="37.73885" lon="-83.81234"/>
      <trkpt lat="37.73856" lon="-83.8121"/>
      <trkpt lat="37.73849" lon="-83.812"/>
      <trkpt lat="37.73834" lon="-83.81179"/>
      <trkpt lat="37.73827" lon="-83.81171"/>
      <trkpt lat="37.73818" lon="-83.81165"/>
      <trkpt lat="37.73793" lon="-83.81152"/>
      <trkpt lat="37.73785" lon="-83.81145"/>
      <trkpt lat="37.73771" lon="-83.81128"/>
      <trkpt lat="37.73758" lon="-83.81103"/>
      <trkpt lat="37.73754" lon="-83.81098"/>
      <trkpt lat="37.73739" lon="-83.81082"/>
      <trkpt lat="37.73732" lon="-83.81071"/>
      <trkpt lat="37.73715" lon="-83.81056"/>
      <trkpt lat="37.73711" lon="-83.81054"/>
      <trkpt lat="37.73694" lon="-83.81035"/>
      <trkpt lat="37.73679" lon="-83.81021"/>
      <trkpt lat="37.73657" lon="-83.80997"/>
      <trkpt lat="37.73652" lon="-83.8099"/>
      <trkpt lat="37.73648" lon="-83.80981"/>
      <trkpt lat="37.73642" lon="-83.8096"/>
      <trkpt lat="37.73627" lon="-83.80922"/>
      <trkpt lat="37.73622" lon="-83.80901"/>
      <trkpt lat="37.73617" lon="-83.80893"/>
      <trkpt lat="37.73603" lon="-83.80877"/>
      <trkpt lat="37.73588" lon="-83.80864"/>
      <trkpt lat="37.73566" lon="-83.80847"/>
      <trkpt lat="37.7355" lon="-83.80838"/>
      <trkpt lat="37.73544" lon="-83.80834"/>
      <trkpt lat="37.73538" lon="-83.80828"/>
      <trkpt lat="37.73528" lon="-83.80808"/>
      <trkpt lat="37.73524" lon="-83.80798"/>
      <trkpt lat="37.7352" lon="-83.80787"/>
      <trkpt lat="37.73519" lon="-83.80778"/>
      <trkpt lat="37.73514" lon="-83.8076"/>
      <trkpt lat="37.73517" lon="-83.80755"/>
      <trkpt lat="37.73517" lon="-83.80749"/>
      <trkpt lat="37.73516" lon="-83.80726"/>
      <trkpt lat="37.73517" lon="-83.80694"/>
      <trkpt lat="37.7352" lon="-83.80681"/>
      <trkpt lat="37.73519" lon="-83.80669"/>
      <trkpt lat="37.73523" lon="-83.8066"/>
      <trkpt lat="37.73525" lon="-83.80651"/>
      <trkpt lat="37.73529" lon="-83.80632"/>
      <trkpt lat="37.73532" lon="-83.80627"/>
      <trkpt lat="37.73537" lon="-83.80623"/>
      <trkpt lat="37.73547" lon="-83.80613"/>
      <trkpt lat="37.73557" lon="-83.80607"/>
      <trkpt lat="37.73567" lon="-83.80603"/>
      <trkpt lat="37.73574" lon="-83.80597"/>
      <trkpt lat="37.73584" lon="-83.80594"/>
      <trkpt lat="37.73596" lon="-83.8059"/>
      <trkpt lat="37.73606" lon="-83.80589"/>
      <trkpt lat="37.73614" lon="-83.80586"/>
      <trkpt lat="37.73635" lon="-83.80573"/>
      <trkpt lat="37.7364" lon="-83.80571"/>
      <trkpt lat="37.73646" lon="-83.80569"/>
      <trkpt lat="37.73653" lon="-83.80571"/>
      <trkpt lat="37.7366" lon="-83.80568"/>
      <trkpt lat="37.73671" lon="-83.8057"/>
      <trkpt lat="37.73709" lon="-83.80563"/>
      <trkpt lat="37.73721" lon="-83.80562"/>
      <trkpt lat="37.73731" lon="-83.80563"/>
      <trkpt lat="37.73742" lon="-83.80561"/>
      <trkpt lat="37.73801" lon="-83.80552"/>
      <trkpt lat="37.73809" lon="-83.80551"/>
      <trkpt lat="37.73817" lon="-83.8055"/>
      <trkpt lat="37.73825" lon="-83.80547"/>
      <trkpt lat="37.73833" lon="-83.80544"/>
      <trkpt lat="37.73853" lon="-83.8054"/>
      <trkpt lat="37.73892" lon="-83.80538"/>
      <trkpt lat="37.73898" lon="-83.80538"/>
      <trkpt lat="37.73919" lon="-83.80537"/>
      <trkpt lat="37.73926" lon="-83.80538"/>
      <trkpt lat="37.73947" lon="-83.80538"/>
      <trkpt lat="37.73951" lon="-83.80535"/>
      <trkpt lat="37.73959" lon="-83.80532"/>
      <trkpt lat="37.73968" lon="-83.80534"/>
      <trkpt lat="37.73978" lon="-83.80527"/>
      <trkpt lat="37.73987" lon="-83.8053"/>
      <trkpt lat="37.73991" lon="-83.80535"/>
      <trkpt lat="37.73988" lon="-83.80533"/>
      <trkpt lat="37.7399" lon="-83.80532"/>
      <trkpt lat="37.74015" lon="-83.8053"/>
      <trkpt lat="37.74021" lon="-83.80527"/>
      <trkpt lat="37.74035" lon="-83.80525"/>
      <trkpt lat="37.74044" lon="-83.80528"/>
      <trkpt lat="37.74053" lon="-83.80528"/>
      <trkpt lat="37.74067" lon="-83.80536"/>
      <trkpt lat="37.74076" lon="-83.8054"/>
      <trkpt lat="37.74086" lon="-83.80548"/>
      <trkpt lat="37.7409" lon="-83.80547"/>
      <trkpt lat="37.74089" lon="-83.80552"/>
      <trkpt lat="37.7409" lon="-83.80556"/>
      <trkpt lat="37.7409" lon="-83.80559"/>
      <trkpt lat="37.74092" lon="-83.80562"/>
      <trkpt lat="37.74093" lon="-83.80565"/>
      <trkpt lat="37.74097" lon="-83.80566"/>
      <trkpt lat="37.74099" lon="-83.80559"/>
      <trkpt lat="37.74106" lon="-83.80551"/>
      <trkpt lat="37.74109" lon="-83.80548"/>
      <trkpt lat="37.74119" lon="-83.8055"/>
      <trkpt lat="37.74129" lon="-83.80549"/>
      <trkpt lat="37.74135" lon="-83.80551"/>
      <trkpt lat="37.74137" lon="-83.80553"/>
      <trkpt lat="37.74141" lon="-83.8055"/>
      <trkpt lat="37.74145" lon="-83.80551"/>
      <trkpt lat="37.74148" lon="-83.80551"/>
      <trkpt lat="37.74149" lon="-83.80553"/>
      <trkpt lat="37.74153" lon="-83.80553"/>
      <trkpt lat="37.74158" lon="-83.80547"/>
      <trkpt lat="37.74161" lon="-83.80546"/>
      <trkpt lat="37.74163" lon="-83.80545"/>
      <trkpt lat="37.74168" lon="-83.80539"/>
      <trkpt lat="37.74188" lon="-83.80538"/>
      <trkpt lat="37.74196" lon="-83.80543"/>
      <trkpt lat="37.74201" lon="-83.80549"/>
      <trkpt lat="37.74203" lon="-83.8055"/>
      <trkpt lat="37.74222" lon="-83.80563"/>
      <trkpt lat="37.74229" lon="-83.80566"/>
      <trkpt lat="37.74237" lon="-83.80568"/>
      <trkpt lat="37.74251" lon="-83.80577"/>
      <trkpt lat="37.7426" lon="-83.80582"/>
      <trkpt lat="37.74265" lon="-83.80582"/>
      <trkpt lat="37.74297" lon="-83.80588"/>
      <trkpt lat="37.74312" lon="-83.80593"/>
      <trkpt lat="37.74322" lon="-83.80598"/>
      <trkpt lat="37.74339" lon="-83.80601"/>
      <trkpt lat="37.74348" lon="-83.80601"/>
      <trkpt lat="37.74358" lon="-83.80602"/>
      <trkpt lat="37.74365" lon="-83.80594"/>
      <trkpt lat="37.74386" lon="-83.80586"/>
      <trkpt lat="37.74393" lon="-83.80585"/>
      <trkpt lat="37.74401" lon="-83.80587"/>
      <trkpt lat="37.74404" lon="-83.8059"/>
      <trkpt lat="37.74407" lon="-83.80598"/>
      <trkpt lat="37.7441" lon="-83.80605"/>
      <trkpt lat="37.74414" lon="-83.8061"/>
      <trkpt lat="37.74416" lon="-83.80615"/>
      <trkpt lat="37.74423" lon="-83.80637"/>
      <trkpt lat="37.74425" lon="-83.80635"/>
      <trkpt lat="37.74441" lon="-83.80648"/>
      <trkpt lat="37.74446" lon="-83.80653"/>
      <trkpt lat="37.74458" lon="-83.80659"/>
      <trkpt lat="37.74482" lon="-83.8068"/>
      <trkpt lat="37.74494" lon="-83.80685"/>
      <trkpt lat="37.745" lon="-83.80686"/>
      <trkpt lat="37.74504" lon="-83.80691"/>
      <trkpt lat="37.74507" lon="-83.80696"/>
      <trkpt lat="37.74512" lon="-83.80708"/>
      <trkpt lat="37.74513" lon="-83.80707"/>
      <trkpt lat="37.74517" lon="-83.80717"/>
      <trkpt lat="37.7452" lon="-83.80722"/>
      <trkpt lat="37.74523" lon="-83.80728"/>
      <trkpt lat="37.74526" lon="-83.80733"/>
      <trkpt lat="37.74536" lon="-83.80759"/>
      <trkpt lat="37.7454" lon="-83.80765"/>
      <trkpt lat="37.74543" lon="-83.80769"/>
      <trkpt lat="37.74552" lon="-83.8077"/>
      <trkpt lat="37.74558" lon="-83.80771"/>
      <trkpt lat="37.74565" lon="-83.80776"/>
      <trkpt lat="37.74574" lon="-83.8078"/>
      <trkpt lat="37.74584" lon="-83.80781"/>
      <trkpt lat="37.74597" lon="-83.80788"/>
      <trkpt lat="37.74607" lon="-83.80795"/>
      <trkpt lat="37.7462" lon="-83.80811"/>
      <trkpt lat="37.7462" lon="-83.80819"/>
      <trkpt lat="37.74622" lon="-83.80825"/>
      <trkpt lat="37.74628" lon="-83.80837"/>
      <trkpt lat="37.7464" lon="-83.80847"/>
      <trkpt lat="37.74641" lon="-83.80851"/>
      <trkpt lat="37.74643" lon="-83.80859"/>
      <trkpt lat="37.74646" lon="-83.80864"/>
      <trkpt lat="37.74647" lon="-83.8087"/>
      <trkpt lat="37.74646" lon="-83.80894"/>
      <trkpt lat="37.74644" lon="-83.80902"/>
      <trkpt lat="37.74644" lon="-83.80906"/>
      <trkpt lat="37.74646" lon="-83.80915"/>
      <trkpt lat="37.74642" lon="-83.8092"/>
      <trkpt lat="37.74642" lon="-83.80923"/>
      <trkpt lat="37.74648" lon="-83.80936"/>
      <trkpt lat="37.74649" lon="-83.80942"/>
      <trkpt lat="37.74652" lon="-83.8095"/>
      <trkpt lat="37.74665" lon="-83.80964"/>
      <trkpt lat="37.74678" lon="-83.80973"/>
      <trkpt lat="37.74683" lon="-83.80975"/>
      <trkpt lat="37.74714" lon="-83.80982"/>
      <trkpt lat="37.74731" lon="-83.80987"/>
      <trkpt lat="37.74736" lon="-83.80991"/>
      <trkpt lat="37.74742" lon="-83.80996"/>
      <trkpt lat="37.7476" lon="-83.81015"/>
      <trkpt lat="37.74767" lon="-83.8102"/>
      <trkpt lat="37.7479" lon="-83.81028"/>
      <trkpt lat="37.74797" lon="-83.81032"/>
      <trkpt lat="37.74802" lon="-83.8104"/>
      <trkpt lat="37.74808" lon="-83.81048"/>
      <trkpt lat="37.74815" lon="-83.81055"/>
      <trkpt lat="37.74838" lon="-83.81094"/>
      <trkpt lat="37.74855" lon="-83.81112"/>
      <trkpt lat="37.74863" lon="-83.81117"/>
      <trkpt lat="37.7487" lon="-83.81123"/>
      <trkpt lat="37.74876" lon="-83.81131"/>
      <trkpt lat="37.74897" lon="-83.81162"/>
      <trkpt lat="37.74907" lon="-83.8117"/>
      <trkpt lat="37.74912" lon="-83.81172"/>
      <trkpt lat="37.74921" lon="-83.81173"/>
      <trkpt lat="37.74926" lon="-83.81172"/>
      <trkpt lat="37.74929" lon="-83.81167"/>
      <trkpt lat="37.74932" lon="-83.81163"/>
      <trkpt lat="37.74937" lon="-83.81155"/>
      <trkpt lat="37.7494" lon="-83.81154"/>
      <trkpt lat="37.7494" lon="-83.81154"/>
      <trkpt lat="37.74952" lon="-83.81152"/>
      <trkpt lat="37.74972" lon="-83.81139"/>
      <trkpt lat="37.74984" lon="-83.81129"/>
      <trkpt lat="37.75007" lon="-83.81077"/>
      <trkpt lat="37.75014" lon="-83.81034"/>
      <trkpt lat="37.75046" lon="-83.81021"/>
      <trkpt lat="37.75065" lon="-83.81028"/>
      <trkpt lat="37.75102" lon="-83.81034"/>
      <trkpt lat="37.75136" lon="-83.81062"/>
      <trkpt lat="37.75158" lon="-83.81062"/>
      <trkpt lat="37.75177" lon="-83.81053"/>
      <trkpt lat="37.75209" lon="-83.81017"/>
      <trkpt lat="37.75269" lon="-83.80972"/>
      <trkpt lat="37.75288" lon="-83.80948"/>
      <trkpt lat="37.75304" lon="-83.80929"/>
      <trkpt lat="37.75319" lon="-83.80875"/>
      <trkpt lat="37.7534" lon="-83.80832"/>
      <trkpt lat="37.75379" lon="-83.8077"/>
      <trkpt lat="37.75402" lon="-83.8074"/>
      <trkpt lat="37.75392" lon="-83.80754"/>
      <trkpt lat="37.75392" lon="-83.80754"/>
      <trkpt lat="37.754" lon="-83.80743"/>
      <trkpt lat="37.75444" lon="-83.80771"/>
      <trkpt lat="37.75477" lon="-83.80736"/>
      <trkpt lat="37.75536" lon="-83.80734"/>
      <trkpt lat="37.75574" lon="-83.80652"/>
      <trkpt lat="37.75587" lon="-83.80573"/>
      <trkpt lat="37.7564" lon="-83.80526"/>
      <trkpt lat="37.75668" lon="-83.80473"/>
      <trkpt lat="37.75725" lon="-83.80408"/>
      <trkpt lat="37.75722" lon="-83.80341"/>
      <trkpt lat="37.75727" lon="-83.80258"/>
      <trkpt lat="37.75747" lon="-83.80211"/>
      <trkpt lat="37.75778" lon="-83.8016"/>
      <trkpt lat="37.75724" lon="-83.80089"/>
      <trkpt lat="37.75803" lon="-83.80047"/>
      <trkpt lat="37.75866" lon="-83.80068"/>
      <trkpt lat="37.75839" lon="-83.79998"/>
      <trkpt lat="37.75852" lon="-83.79931"/>
      <trkpt lat="37.75925" lon="-83.79922"/>
      <trkpt lat="37.75992" lon="-83.79921"/>
      <trkpt lat="37.76096" lon="-83.7993"/>
      <trkpt lat="37.76066" lon="-83.79854"/>
      <trkpt lat="37.76038" lon="-83.79809"/>
      <trkpt lat="37.76001" lon="-83.79688"/>
      <trkpt lat="37.76079" lon="-83.79766"/>
      <trkpt lat="37.76129" lon="-83.79796"/>
      <trkpt lat="37.762" lon="-83.79826"/>
      <trkpt lat="37.76261" lon="-83.79839"/>
      <trkpt lat="37.76355" lon="-83.79749"/>
      <trkpt lat="37.76393" lon="-83.79623"/>
      <trkpt lat="37.76359" lon="-83.79553"/>
      <trkpt lat="37.76385" lon="-83.79539"/>
      <trkpt lat="37.76442" lon="-83.79567"/>
      <trkpt lat="37.7645" lon="-83.79597"/>
      <trkpt lat="37.76482" lon="-83.7964"/>
      <trkpt lat="37.76489" lon="-83.79673"/>
      <trkpt lat="37.76491" lon="-83.79715"/>
      <trkpt lat="37.76501" lon="-83.79726"/>
      <trkpt lat="37.76511" lon="-83.79719"/>
      <trkpt lat="37.76524" lon="-83.79704"/>
      <trkpt lat="37.76528" lon="-83.79699"/>
      <trkpt lat="37.76535" lon="-83.79694"/>
      <trkpt lat="37.76543" lon="-83.79692"/>
      <trkpt lat="37.76547" lon="-83.79689"/>
      <trkpt lat="37.76555" lon="-83.79674"/>
      <trkpt lat="37.76562" lon="-83.7967"/>
      <trkpt lat="37.76565" lon="-83.79667"/>
      <trkpt lat="37.76567" lon="-83.79662"/>
      <trkpt lat="37.76578" lon="-83.79653"/>
      <trkpt lat="37.76581" lon="-83.79652"/>
      <trkpt lat="37.76588" lon="-83.79648"/>
      <trkpt lat="37.76591" lon="-83.79647"/>
      <trkpt lat="37.76599" lon="-83.79643"/>
      <trkpt lat="37.76608" lon="-83.79641"/>
      <trkpt lat="37.76616" lon="-83.79638"/>
      <trkpt lat="37.76622" lon="-83.79635"/>
      <trkpt lat="37.76627" lon="-83.79631"/>
      <trkpt lat="37.76637" lon="-83.79628"/>
      <trkpt lat="37.76658" lon="-83.79614"/>
      <trkpt lat="37.76656" lon="-83.79617"/>
      <trkpt lat="37.7666" lon="-83.79615"/>
      <trkpt lat="37.76663" lon="-83.79615"/>
      <trkpt lat="37.76665" lon="-83.79613"/>
      <trkpt lat="37.76666" lon="-83.79613"/>
      <trkpt lat="37.76671" lon="-83.79614"/>
      <trkpt lat="37.76679" lon="-83.79614"/>
      <trkpt lat="37.76686" lon="-83.7961"/>
      <trkpt lat="37.76691" lon="-83.79609"/>
      <trkpt lat="37.76714" lon="-83.79601"/>
      <trkpt lat="37.76729" lon="-83.79592"/>
      <trkpt lat="37.76734" lon="-83.79591"/>
      <trkpt lat="37.76739" lon="-83.79592"/>
      <trkpt lat="37.76744" lon="-83.7959"/>
      <trkpt lat="37.76754" lon="-83.79586"/>
      <trkpt lat="37.7676" lon="-83.79577"/>
      <trkpt lat="37.76764" lon="-83.79573"/>
      <trkpt lat="37.76774" lon="-83.79566"/>
      <trkpt lat="37.7678" lon="-83.79554"/>
      <trkpt lat="37.76784" lon="-83.79549"/>
      <trkpt lat="37.76789" lon="-83.79539"/>
      <trkpt lat="37.76796" lon="-83.79535"/>
      <trkpt lat="37.76818" lon="-83.79518"/>
      <trkpt lat="37.76839" lon="-83.79508"/>
      <trkpt lat="37.76847" lon="-83.79505"/>
      <trkpt lat="37.76852" lon="-83.795"/>
      <trkpt lat="37.76863" lon="-83.79495"/>
      <trkpt lat="37.76872" lon="-83.79488"/>
      <trkpt lat="37.76878" lon="-83.79481"/>
      <trkpt lat="37.76885" lon="-83.79479"/>
      <trkpt lat="37.76888" lon="-83.79477"/>
      <trkpt lat="37.76893" lon="-83.79472"/>
      <trkpt lat="37.76907" lon="-83.79466"/>
      <trkpt lat="37.7693" lon="-83.7946"/>
      <trkpt lat="37.7694" lon="-83.79456"/>
      <trkpt lat="37.76946" lon="-83.79453"/>
      <trkpt lat="37.76963" lon="-83.79448"/>
      <trkpt lat="37.76967" lon="-83.79444"/>
      <trkpt lat="37.76975" lon="-83.79441"/>
      <trkpt lat="37.76987" lon="-83.79438"/>
      <trkpt lat="37.76996" lon="-83.79438"/>
      <trkpt lat="37.77002" lon="-83.79438"/>
      <trkpt lat="37.77025" lon="-83.79432"/>
      <trkpt lat="37.77041" lon="-83.7943"/>
      <trkpt lat="37.77043" lon="-83.79431"/>
      <trkpt lat="37.77067" lon="-83.79436"/>
      <trkpt lat="37.77088" lon="-83.79437"/>
      <trkpt lat="37.77094" lon="-83.79436"/>
      <trkpt lat="37.77108" lon="-83.79437"/>
      <trkpt lat="37.77118" lon="-83.79435"/>
      <trkpt lat="37.77129" lon="-83.79432"/>
      <trkpt lat="37.77145" lon="-83.79435"/>
      <trkpt lat="37.77151" lon="-83.79436"/>
      <trkpt lat="37.77169" lon="-83.79438"/>
      <trkpt lat="37.77204" lon="-83.79415"/>
      <trkpt lat="37.77214" lon="-83.7941"/>
      <trkpt lat="37.77224" lon="-83.79405"/>
      <trkpt lat="37.77259" lon="-83.79385"/>
      <trkpt lat="37.77281" lon="-83.79367"/>
      <trkpt lat="37.77293" lon="-83.79359"/>
      <trkpt lat="37.77297" lon="-83.79357"/>
      <trkpt lat="37.77307" lon="-83.79356"/>
      <trkpt lat="37.77308" lon="-83.79359"/>
      <trkpt lat="37.77312" lon="-83.79358"/>
      <trkpt lat="37.77349" lon="-83.79311"/>
      <trkpt lat="37.77404" lon="-83.79137"/>
      <trkpt lat="37.77452" lon="-83.79039"/>
      <trkpt lat="37.77497" lon="-83.78983"/>
      <trkpt lat="37.77548" lon="-83.78942"/>
      <trkpt lat="37.77593" lon="-83.78897"/>
      <trkpt lat="37.77608" lon="-83.78865"/>
      <trkpt lat="37.77621" lon="-83.78813"/>
      <trkpt lat="37.7763" lon="-83.78627"/>
      <trkpt lat="37.77612" lon="-83.78474"/>
      <trkpt lat="37.77602" lon="-83.78438"/>
      <trkpt lat="37.7758" lon="-83.78403"/>
      <trkpt lat="37.77512" lon="-83.78337"/>
      <trkpt lat="37.77507" lon="-83.78303"/>
      <trkpt lat="37.77488" lon="-83.78309"/>
      <trkpt lat="37.77417" lon="-83.78343"/>
      <trkpt lat="37.77297" lon="-83.78339"/>
      <trkpt lat="37.77273" lon="-83.78333"/>
      <trkpt lat="37.77228" lon="-83.78307"/>
      <trkpt lat="37.77192" lon="-83.78285"/>
      <trkpt lat="37.77175" lon="-83.78266"/>
      <trkpt lat="37.77117" lon="-83.78122"/>
      <trkpt lat="37.77046" lon="-83.78019"/>
      <trkpt lat="37.76846" lon="-83.77878"/>
      <trkpt lat="37.76771" lon="-83.77788"/>
      <trkpt lat="37.76765" lon="-83.77775"/>
      <trkpt lat="37.76761" lon="-83.77721"/>
      <trkpt lat="37.76739" lon="-83.77706"/>
      <trkpt lat="37.76711" lon="-83.777"/>
      <trkpt lat="37.76692" lon="-83.77674"/>
      <trkpt lat="37.76675" lon="-83.77663"/>
      <trkpt lat="37.76613" lon="-83.77569"/>
      <trkpt lat="37.76589" lon="-83.77481"/>
      <trkpt lat="37.76565" lon="-83.77431"/>
      <trkpt lat="37.76563" lon="-83.77416"/>
      <trkpt lat="37.76565" lon="-83.77403"/>
      <trkpt lat="37.7658" lon="-83.77384"/>
      <trkpt lat="37.76643" lon="-83.77382"/>
      <trkpt lat="37.76666" lon="-83.77371"/>
      <trkpt lat="37.76685" lon="-83.77354"/>
      <trkpt lat="37.76698" lon="-83.77324"/>
      <trkpt lat="37.76698" lon="-83.77247"/>
      <trkpt lat="37.76664" lon="-83.77105"/>
      <trkpt lat="37.76623" lon="-83.77047"/>
      <trkpt lat="37.76593" lon="-83.76979"/>
      <trkpt lat="37.76548" lon="-83.76942"/>
      <trkpt lat="37.7654" lon="-83.76927"/>
      <trkpt lat="37.7651" lon="-83.76854"/>
      <trkpt lat="37.7651" lon="-83.76835"/>
      <trkpt lat="37.76522" lon="-83.76805"/>
      <trkpt lat="37.76548" lon="-83.76777"/>
      <trkpt lat="37.76557" lon="-83.76751"/>
      <trkpt lat="37.76557" lon="-83.76732"/>
      <trkpt lat="37.76548" lon="-83.76693"/>
      <trkpt lat="37.7651" lon="-83.76616"/>
      <trkpt lat="37.76501" lon="-83.76612"/>
      <trkpt lat="37.76434" lon="-83.76616"/>
      <trkpt lat="37.76355" lon="-83.76633"/>
      <trkpt lat="37.76316" lon="-83.76652"/>
      <trkpt lat="37.76304" lon="-83.76652"/>
      <trkpt lat="37.76293" lon="-83.76646"/>
      <trkpt lat="37.76278" lon="-83.76627"/>
      <trkpt lat="37.76226" lon="-83.765"/>
      <trkpt lat="37.76216" lon="-83.76492"/>
      <trkpt lat="37.76166" lon="-83.76479"/>
      <trkpt lat="37.76147" lon="-83.76464"/>
      <trkpt lat="37.76128" lon="-83.7644"/>
      <trkpt lat="37.76108" lon="-83.76395"/>
      <trkpt lat="37.76093" lon="-83.7638"/>
      <trkpt lat="37.76078" lon="-83.7638"/>
      <trkpt lat="37.76042" lon="-83.76395"/>
      <trkpt lat="37.75947" lon="-83.76391"/>
      <trkpt lat="37.7593" lon="-83.76384"/>
      <trkpt lat="37.75872" lon="-83.76343"/>
      <trkpt lat="37.75857" lon="-83.76337"/>
      <trkpt lat="37.75782" lon="-83.76337"/>
      <trkpt lat="37.75767" lon="-83.76343"/>
      <trkpt lat="37.75743" lon="-83.76354"/>
      <trkpt lat="37.75735" lon="-83.76367"/>
      <trkpt lat="37.75726" lon="-83.76427"/>
      <trkpt lat="37.7572" lon="-83.7644"/>
      <trkpt lat="37.75632" lon="-83.76468"/>
      <trkpt lat="37.75619" lon="-83.76479"/>
      <trkpt lat="37.75589" lon="-83.76511"/>
      <trkpt lat="37.7558" lon="-83.76547"/>
      <trkpt lat="37.7558" lon="-83.76625"/>
      <trkpt lat="37.7557" lon="-83.7664"/>
      <trkpt lat="37.75535" lon="-83.76655"/>
      <trkpt lat="37.75522" lon="-83.76674"/>
      <trkpt lat="37.75518" lon="-83.76691"/>
      <trkpt lat="37.75527" lon="-83.7676"/>
      <trkpt lat="37.75516" lon="-83.7679"/>
      <trkpt lat="37.75501" lon="-83.76818"/>
      <trkpt lat="37.7549" lon="-83.76822"/>
      <trkpt lat="37.75434" lon="-83.76807"/>
      <trkpt lat="37.75411" lon="-83.76807"/>
      <trkpt lat="37.75387" lon="-83.7682"/>
      <trkpt lat="37.75338" lon="-83.76869"/>
      <trkpt lat="37.75325" lon="-83.76873"/>
      <trkpt lat="37.75316" lon="-83.76869"/>
      <trkpt lat="37.7531" lon="-83.76858"/>
      <trkpt lat="37.75308" lon="-83.76762"/>
      <trkpt lat="37.75293" lon="-83.7673"/>
      <trkpt lat="37.7528" lon="-83.76721"/>
      <trkpt lat="37.75192" lon="-83.76704"/>
      <trkpt lat="37.75173" lon="-83.76691"/>
      <trkpt lat="37.75158" lon="-83.76674"/>
      <trkpt lat="37.75179" lon="-83.76612"/>
      <trkpt lat="37.75192" lon="-83.76597"/>
      <trkpt lat="37.75284" lon="-83.76541"/>
      <trkpt lat="37.75295" lon="-83.76526"/>
      <trkpt lat="37.75293" lon="-83.76485"/>
      <trkpt lat="37.75233" lon="-83.76378"/>
      <trkpt lat="37.75213" lon="-83.76311"/>
      <trkpt lat="37.75205" lon="-83.76301"/>
      <trkpt lat="37.75188" lon="-83.76303"/>
      <trkpt lat="37.75149" lon="-83.76341"/>
      <trkpt lat="37.75123" lon="-83.76389"/>
      <trkpt lat="37.75076" lon="-83.76429"/>
      <trkpt lat="37.75055" lon="-83.76438"/>
      <trkpt lat="37.75001" lon="-83.76444"/>
      <trkpt lat="37.74977" lon="-83.76431"/>
      <trkpt lat="37.74967" lon="-83.76408"/>
      <trkpt lat="37.74965" lon="-83.76279"/>
      <trkpt lat="37.7495" lon="-83.76262"/>
      <trkpt lat="37.74928" lon="-83.76262"/>
      <trkpt lat="37.74913" lon="-83.76271"/>
      <trkpt lat="37.74896" lon="-83.76292"/>
      <trkpt lat="37.74881" lon="-83.76369"/>
      <trkpt lat="37.74862" lon="-83.76416"/>
      <trkpt lat="37.74786" lon="-83.76489"/>
      <trkpt lat="37.7475" lon="-83.7656"/>
      <trkpt lat="37.74666" lon="-83.76614"/>
      <trkpt lat="37.74656" lon="-83.76629"/>
      <trkpt lat="37.74636" lon="-83.76663"/>
      <trkpt lat="37.74623" lon="-83.76674"/>
      <trkpt lat="37.74531" lon="-83.76695"/>
      <trkpt lat="37.74497" lon="-83.76715"/>
      <trkpt lat="37.7449" lon="-83.76723"/>
      <trkpt lat="37.7448" lon="-83.76768"/>
      <trkpt lat="37.74469" lon="-83.76944"/>
      <trkpt lat="37.74475" lon="-83.77041"/>
      <trkpt lat="37.74473" lon="-83.77058"/>
      <trkpt lat="37.74469" lon="-83.7706"/>
      <trkpt lat="37.74379" lon="-83.77041"/>
      <trkpt lat="37.74364" lon="-83.77039"/>
      <trkpt lat="37.74261" lon="-83.76983"/>
      <trkpt lat="37.74214" lon="-83.76979"/>
      <trkpt lat="37.74186" lon="-83.76964"/>
      <trkpt lat="37.74119" lon="-83.76889"/>
      <trkpt lat="37.741" lon="-83.76839"/>
      <trkpt lat="37.74098" lon="-83.76781"/>
      <trkpt lat="37.74087" lon="-83.7673"/>
      <trkpt lat="37.74063" lon="-83.76689"/>
      <trkpt lat="37.74014" lon="-83.76625"/>
      <trkpt lat="37.74001" lon="-83.7661"/>
      <trkpt lat="37.73995" lon="-83.76588"/>
      <trkpt lat="37.73995" lon="-83.7656"/>
      <trkpt lat="37.73988" lon="-83.76498"/>
      <trkpt lat="37.73965" lon="-83.76421"/>
      <trkpt lat="37.73969" lon="-83.76341"/>
      <trkpt lat="37.73975" lon="-83.76303"/>
      <trkpt lat="37.73975" lon="-83.76271"/>
      <trkpt lat="37.73958" lon="-83.76208"/>
      <trkpt lat="37.7393" lon="-83.76144"/>
      <trkpt lat="37.7393" lon="-83.76086"/>
      <trkpt lat="37.73917" lon="-83.76028"/>
      <trkpt lat="37.73924" lon="-83.75983"/>
      <trkpt lat="37.73943" lon="-83.75964"/>
      <trkpt lat="37.73982" lon="-83.75944"/>
      <trkpt lat="37.74044" lon="-83.75927"/>
      <trkpt lat="37.74001" lon="-83.75846"/>
      <trkpt lat="37.73999" lon="-83.75775"/>
      <trkpt lat="37.73988" lon="-83.75753"/>
      <trkpt lat="37.73943" lon="-83.75728"/>
      <trkpt lat="37.73917" lon="-83.75728"/>
      <trkpt lat="37.73825" lon="-83.75786"/>
      <trkpt lat="37.73808" lon="-83.75786"/>
      <trkpt lat="37.73784" lon="-83.75773"/>
      <trkpt lat="37.73759" lon="-83.75747"/>
      <trkpt lat="37.73741" lon="-83.75678"/>
      <trkpt lat="37.73739" lon="-83.75623"/>
      <trkpt lat="37.73748" lon="-83.75569"/>
      <trkpt lat="37.7378" lon="-83.75434"/>
      <trkpt lat="37.73784" lon="-83.75391"/>
      <trkpt lat="37.73774" lon="-83.75307"/>
      <trkpt lat="37.73737" lon="-83.75238"/>
      <trkpt lat="37.73733" lon="-83.75204"/>
      <trkpt lat="37.73737" lon="-83.75185"/>
      <trkpt lat="37.73752" lon="-83.75161"/>
      <trkpt lat="37.73767" lon="-83.75153"/>
      <trkpt lat="37.73791" lon="-83.75148"/>
      <trkpt lat="37.73826" lon="-83.75154"/>
      <trkpt lat="37.73826" lon="-83.75154"/>
      <trkpt lat="37.73853" lon="-83.75159"/>
      <trkpt lat="37.73872" lon="-83.75162"/>
      <trkpt lat="37.73893" lon="-83.75165"/>
      <trkpt lat="37.73971" lon="-83.75178"/>
      <trkpt lat="37.74029" lon="-83.75165"/>
      <trkpt lat="37.74065" lon="-83.75146"/>
      <trkpt lat="37.74098" lon="-83.7512"/>
      <trkpt lat="37.74201" lon="-83.75007"/>
      <trkpt lat="37.74274" lon="-83.74914"/>
      <trkpt lat="37.7431" lon="-83.7485"/>
      <trkpt lat="37.74378" lon="-83.74692"/>
      <trkpt lat="37.74392" lon="-83.74661"/>
      <trkpt lat="37.7449" lon="-83.74341"/>
      <trkpt lat="37.7452" lon="-83.74281"/>
      <trkpt lat="37.74555" lon="-83.74238"/>
      <trkpt lat="37.74561" lon="-83.74202"/>
      <trkpt lat="37.74593" lon="-83.74129"/>
      <trkpt lat="37.74604" lon="-83.74078"/>
      <trkpt lat="37.74591" lon="-83.73962"/>
      <trkpt lat="37.7457" lon="-83.73919"/>
      <trkpt lat="37.74572" lon="-83.73893"/>
      <trkpt lat="37.74593" lon="-83.73861"/>
      <trkpt lat="37.74594" lon="-83.73855"/>
      <trkpt lat="37.746" lon="-83.73829"/>
      <trkpt lat="37.746" lon="-83.73811"/>
      <trkpt lat="37.74587" lon="-83.73764"/>
      <trkpt lat="37.74591" lon="-83.73715"/>
      <trkpt lat="37.74585" lon="-83.7364"/>
      <trkpt lat="37.74565" lon="-83.73595"/>
      <trkpt lat="37.74546" lon="-83.73567"/>
      <trkpt lat="37.74417" lon="-83.73483"/>
      <trkpt lat="37.74323" lon="-83.73389"/>
      <trkpt lat="37.74226" lon="-83.73333"/>
      <trkpt lat="37.74205" lon="-83.73316"/>
      <trkpt lat="37.74179" lon="-83.73277"/>
      <trkpt lat="37.74178" lon="-83.7325"/>
      <trkpt lat="37.74178" lon="-83.7325"/>
      <trkpt lat="37.74178" lon="-83.73243"/>
      <trkpt lat="37.74178" lon="-83.73213"/>
      <trkpt lat="37.74173" lon="-83.732"/>
      <trkpt lat="37.74166" lon="-83.73183"/>
      <trkpt lat="37.74153" lon="-83.73163"/>
      <trkpt lat="37.74117" lon="-83.73151"/>
      <trkpt lat="37.74089" lon="-83.73106"/>
      <trkpt lat="37.74012" lon="-83.73041"/>
      <trkpt lat="37.7398" lon="-83.73037"/>
      <trkpt lat="37.73937" lon="-83.73088"/>
      <trkpt lat="37.73885" lon="-83.73123"/>
      <trkpt lat="37.7387" lon="-83.73123"/>
      <trkpt lat="37.73857" lon="-83.73116"/>
      <trkpt lat="37.73774" lon="-83.73052"/>
      <trkpt lat="37.73718" lon="-83.72988"/>
      <trkpt lat="37.73688" lon="-83.72979"/>
      <trkpt lat="37.73664" lon="-83.7299"/>
      <trkpt lat="37.73602" lon="-83.73054"/>
      <trkpt lat="37.73559" lon="-83.73136"/>
      <trkpt lat="37.73544" lon="-83.73148"/>
      <trkpt lat="37.73499" lon="-83.73168"/>
      <trkpt lat="37.73422" lon="-83.73226"/>
      <trkpt lat="37.73383" lon="-83.73243"/>
      <trkpt lat="37.73347" lon="-83.73254"/>
      <trkpt lat="37.73269" lon="-83.73303"/>
      <trkpt lat="37.73248" lon="-83.73314"/>
      <trkpt lat="37.7319" lon="-83.73273"/>
      <trkpt lat="37.73154" lon="-83.73251"/>
      <trkpt lat="37.73128" lon="-83.7323"/>
      <trkpt lat="37.73119" lon="-83.73211"/>
      <trkpt lat="37.73117" lon="-83.73191"/>
      <trkpt lat="37.73149" lon="-83.73095"/>
      <trkpt lat="37.73147" lon="-83.73063"/>
      <trkpt lat="37.73139" lon="-83.73035"/>
      <trkpt lat="37.73128" lon="-83.73026"/>
      <trkpt lat="37.73113" lon="-83.73024"/>
      <trkpt lat="37.73021" lon="-83.73045"/>
      <trkpt lat="37.72999" lon="-83.73039"/>
      <trkpt lat="37.72995" lon="-83.73022"/>
      <trkpt lat="37.72997" lon="-83.72968"/>
      <trkpt lat="37.7299" lon="-83.7294"/>
      <trkpt lat="37.72969" lon="-83.72889"/>
      <trkpt lat="37.72918" lon="-83.72809"/>
      <trkpt lat="37.72877" lon="-83.72762"/>
      <trkpt lat="37.72812" lon="-83.72711"/>
      <trkpt lat="37.72782" lon="-83.72661"/>
      <trkpt lat="37.72772" lon="-83.72623"/>
      <trkpt lat="37.72767" lon="-83.72591"/>
      <trkpt lat="37.72776" lon="-83.72505"/>
      <trkpt lat="37.72827" lon="-83.72327"/>
      <trkpt lat="37.72834" lon="-83.72301"/>
      <trkpt lat="37.72832" lon="-83.72267"/>
      <trkpt lat="37.72821" lon="-83.72243"/>
      <trkpt lat="37.72789" lon="-83.72226"/>
      <trkpt lat="37.7275" lon="-83.72226"/>
      <trkpt lat="37.72621" lon="-83.72161"/>
      <trkpt lat="37.72572" lon="-83.7214"/>
      <trkpt lat="37.72555" lon="-83.72142"/>
      <trkpt lat="37.7251" lon="-83.72168"/>
      <trkpt lat="37.72448" lon="-83.72179"/>
      <trkpt lat="37.72394" lon="-83.72202"/>
      <trkpt lat="37.72323" lon="-83.72234"/>
      <trkpt lat="37.72291" lon="-83.72241"/>
      <trkpt lat="37.72254" lon="-83.72234"/>
      <trkpt lat="37.72201" lon="-83.72211"/>
      <trkpt lat="37.72169" lon="-83.72206"/>
      <trkpt lat="37.72156" lon="-83.72211"/>
      <trkpt lat="37.72106" lon="-83.72262"/>
      <trkpt lat="37.72087" lon="-83.72279"/>
      <trkpt lat="37.7204" lon="-83.72299"/>
      <trkpt lat="37.71997" lon="-83.72297"/>
      <trkpt lat="37.71954" lon="-83.72273"/>
      <trkpt lat="37.71883" lon="-83.72185"/>
      <trkpt lat="37.71855" lon="-83.72166"/>
      <trkpt lat="37.71778" lon="-83.72166"/>
      <trkpt lat="37.71718" lon="-83.72174"/>
      <trkpt lat="37.71662" lon="-83.72172"/>
      <trkpt lat="37.71626" lon="-83.72164"/>
      <trkpt lat="37.71617" lon="-83.72155"/>
      <trkpt lat="37.71609" lon="-83.72114"/>
      <trkpt lat="37.71613" lon="-83.72095"/>
      <trkpt lat="37.71636" lon="-83.72076"/>
      <trkpt lat="37.71684" lon="-83.72052"/>
      <trkpt lat="37.71697" lon="-83.72039"/>
      <trkpt lat="37.71744" lon="-83.71945"/>
      <trkpt lat="37.71763" lon="-83.71882"/>
      <trkpt lat="37.7178" lon="-83.71758"/>
      <trkpt lat="37.71793" lon="-83.71722"/>
      <trkpt lat="37.71866" lon="-83.71584"/>
      <trkpt lat="37.71877" lon="-83.71543"/>
      <trkpt lat="37.71883" lon="-83.7147"/>
      <trkpt lat="37.71896" lon="-83.7143"/>
      <trkpt lat="37.71993" lon="-83.71303"/>
      <trkpt lat="37.72003" lon="-83.71271"/>
      <trkpt lat="37.71995" lon="-83.71234"/>
      <trkpt lat="37.71858" lon="-83.71073"/>
      <trkpt lat="37.71652" lon="-83.70876"/>
      <trkpt lat="37.71643" lon="-83.70859"/>
      <trkpt lat="37.7163" lon="-83.70829"/>
      <trkpt lat="37.71626" lon="-83.70807"/>
      <trkpt lat="37.7163" lon="-83.70756"/>
      <trkpt lat="37.71669" lon="-83.70681"/>
      <trkpt lat="37.71671" lon="-83.70661"/>
      <trkpt lat="37.71664" lon="-83.7064"/>
      <trkpt lat="37.71615" lon="-83.7058"/>
      <trkpt lat="37.71379" lon="-83.70335"/>
      <trkpt lat="37.71364" lon="-83.70312"/>
      <trkpt lat="37.71349" lon="-83.70265"/>
      <trkpt lat="37.71345" lon="-83.70224"/>
      <trkpt lat="37.71351" lon="-83.70162"/>
      <trkpt lat="37.7134" lon="-83.70174"/>
      <trkpt lat="37.7133" lon="-83.70224"/>
      <trkpt lat="37.71319" lon="-83.70237"/>
      <trkpt lat="37.7128" lon="-83.70245"/>
      <trkpt lat="37.7122" lon="-83.70243"/>
      <trkpt lat="37.71201" lon="-83.70252"/>
      <trkpt lat="37.71188" lon="-83.70271"/>
      <trkpt lat="37.71175" lon="-83.70346"/>
      <trkpt lat="37.71162" lon="-83.70368"/>
      <trkpt lat="37.71147" lon="-83.70374"/>
      <trkpt lat="37.71106" lon="-83.70361"/>
      <trkpt lat="37.71098" lon="-83.70365"/>
      <trkpt lat="37.71094" lon="-83.7038"/>
      <trkpt lat="37.711" lon="-83.7041"/>
      <trkpt lat="37.71115" lon="-83.70438"/>
      <trkpt lat="37.71113" lon="-83.7046"/>
      <trkpt lat="37.71009" lon="-83.70561"/>
      <trkpt lat="37.70976" lon="-83.70593"/>
      <trkpt lat="37.70946" lon="-83.70638"/>
      <trkpt lat="37.70924" lon="-83.70681"/>
      <trkpt lat="37.70881" lon="-83.70737"/>
      <trkpt lat="37.708" lon="-83.70925"/>
      <trkpt lat="37.7078" lon="-83.70981"/>
      <trkpt lat="37.7077" lon="-83.70998"/>
      <trkpt lat="37.70757" lon="-83.71009"/>
      <trkpt lat="37.70727" lon="-83.71022"/>
      <trkpt lat="37.70641" lon="-83.71039"/>
      <trkpt lat="37.70591" lon="-83.71067"/>
      <trkpt lat="37.70555" lon="-83.7108"/>
      <trkpt lat="37.70544" lon="-83.71091"/>
      <trkpt lat="37.70531" lon="-83.71114"/>
      <trkpt lat="37.70519" lon="-83.71129"/>
      <trkpt lat="37.70467" lon="-83.71146"/>
      <trkpt lat="37.70435" lon="-83.71176"/>
      <trkpt lat="37.70392" lon="-83.71237"/>
      <trkpt lat="37.70362" lon="-83.71301"/>
      <trkpt lat="37.70283" lon="-83.71406"/>
      <trkpt lat="37.70261" lon="-83.71419"/>
      <trkpt lat="37.70171" lon="-83.71453"/>
      <trkpt lat="37.70145" lon="-83.7146"/>
      <trkpt lat="37.70096" lon="-83.71455"/>
      <trkpt lat="37.70053" lon="-83.71481"/>
      <trkpt lat="37.70038" lon="-83.71483"/>
      <trkpt lat="37.69961" lon="-83.71449"/>
      <trkpt lat="37.69913" lon="-83.71453"/>
      <trkpt lat="37.69791" lon="-83.71438"/>
      <trkpt lat="37.6977" lon="-83.7144"/>
      <trkpt lat="37.6975" lon="-83.71453"/>
      <trkpt lat="37.69714" lon="-83.71464"/>
      <trkpt lat="37.69658" lon="-83.71438"/>
      <trkpt lat="37.69619" lon="-83.71374"/>
      <trkpt lat="37.69613" lon="-83.71374"/>
      <trkpt lat="37.69602" lon="-83.71376"/>
      <trkpt lat="37.69583" lon="-83.714"/>
      <trkpt lat="37.69559" lon="-83.71413"/>
      <trkpt lat="37.69482" lon="-83.7138"/>
      <trkpt lat="37.69435" lon="-83.71335"/>
      <trkpt lat="37.69371" lon="-83.71331"/>
      <trkpt lat="37.69328" lon="-83.7131"/>
      <trkpt lat="37.69283" lon="-83.7131"/>
      <trkpt lat="37.69263" lon="-83.71316"/>
      <trkpt lat="37.69246" lon="-83.71314"/>
      <trkpt lat="37.69147" lon="-83.71237"/>
      <trkpt lat="37.69115" lon="-83.71207"/>
      <trkpt lat="37.69059" lon="-83.71168"/>
      <trkpt lat="37.68965" lon="-83.71089"/>
      <trkpt lat="37.68961" lon="-83.71078"/>
      <trkpt lat="37.68963" lon="-83.71043"/>
      <trkpt lat="37.68929" lon="-83.71048"/>
      <trkpt lat="37.68901" lon="-83.71131"/>
      <trkpt lat="37.68892" lon="-83.71142"/>
      <trkpt lat="37.68826" lon="-83.71142"/>
      <trkpt lat="37.68787" lon="-83.71168"/>
      <trkpt lat="37.68753" lon="-83.712"/>
      <trkpt lat="37.68725" lon="-83.71294"/>
      <trkpt lat="37.68686" lon="-83.71365"/>
      <trkpt lat="37.68669" lon="-83.71382"/>
      <trkpt lat="37.68635" lon="-83.71397"/>
      <trkpt lat="37.68602" lon="-83.71402"/>
      <trkpt lat="37.68586" lon="-83.71415"/>
      <trkpt lat="37.68564" lon="-83.71434"/>
      <trkpt lat="37.68525" lon="-83.71438"/>
      <trkpt lat="37.68495" lon="-83.71458"/>
      <trkpt lat="37.68373" lon="-83.71629"/>
      <trkpt lat="37.6836" lon="-83.71638"/>
      <trkpt lat="37.68238" lon="-83.71664"/>
      <trkpt lat="37.68205" lon="-83.71683"/>
      <trkpt lat="37.68195" lon="-83.71702"/>
      <trkpt lat="37.68182" lon="-83.71749"/>
      <trkpt lat="37.681" lon="-83.71932"/>
      <trkpt lat="37.68092" lon="-83.71943"/>
      <trkpt lat="37.68075" lon="-83.71943"/>
      <trkpt lat="37.68012" lon="-83.7194"/>
      <trkpt lat="37.67995" lon="-83.71934"/>
      <trkpt lat="37.6795" lon="-83.71904"/>
      <trkpt lat="37.67888" lon="-83.71895"/>
      <trkpt lat="37.67869" lon="-83.7188"/>
      <trkpt lat="37.67862" lon="-83.71852"/>
      <trkpt lat="37.67832" lon="-83.71842"/>
      <trkpt lat="37.67817" lon="-83.71842"/>
      <trkpt lat="37.67802" lon="-83.7185"/>
      <trkpt lat="37.6766" lon="-83.72033"/>
      <trkpt lat="37.67652" lon="-83.7205"/>
      <trkpt lat="37.67645" lon="-83.72078"/>
      <trkpt lat="37.67648" lon="-83.72204"/>
      <trkpt lat="37.67641" lon="-83.7223"/>
      <trkpt lat="37.6763" lon="-83.72243"/>
      <trkpt lat="37.67607" lon="-83.72247"/>
      <trkpt lat="37.67527" lon="-83.72228"/>
      <trkpt lat="37.67506" lon="-83.72239"/>
      <trkpt lat="37.67465" lon="-83.72275"/>
      <trkpt lat="37.67407" lon="-83.72277"/>
      <trkpt lat="37.67403" lon="-83.72331"/>
      <trkpt lat="37.67362" lon="-83.72385"/>
      <trkpt lat="37.67285" lon="-83.72445"/>
      <trkpt lat="37.67214" lon="-83.72511"/>
      <trkpt lat="37.67154" lon="-83.72539"/>
      <trkpt lat="37.67055" lon="-83.72569"/>
      <trkpt lat="37.66961" lon="-83.72582"/>
      <trkpt lat="37.66935" lon="-83.72606"/>
      <trkpt lat="37.66899" lon="-83.72685"/>
      <trkpt lat="37.66881" lon="-83.72704"/>
      <trkpt lat="37.66851" lon="-83.72713"/>
      <trkpt lat="37.66785" lon="-83.72711"/>
      <trkpt lat="37.66759" lon="-83.72721"/>
      <trkpt lat="37.66738" lon="-83.72739"/>
      <trkpt lat="37.66697" lon="-83.7279"/>
      <trkpt lat="37.66669" lon="-83.7288"/>
      <trkpt lat="37.66658" lon="-83.73071"/>
      <trkpt lat="37.66626" lon="-83.73116"/>
      <trkpt lat="37.66596" lon="-83.73125"/>
      <trkpt lat="37.66551" lon="-83.7311"/>
      <trkpt lat="37.66512" lon="-83.73112"/>
      <trkpt lat="37.66484" lon="-83.73125"/>
      <trkpt lat="37.66439" lon="-83.73157"/>
      <trkpt lat="37.66341" lon="-83.732"/>
      <trkpt lat="37.66266" lon="-83.7323"/>
      <trkpt lat="37.66163" lon="-83.73256"/>
      <trkpt lat="37.6615" lon="-83.73247"/>
      <trkpt lat="37.66139" lon="-83.73232"/>
      <trkpt lat="37.66122" lon="-83.73166"/>
      <trkpt lat="37.66094" lon="-83.73009"/>
      <trkpt lat="37.66088" lon="-83.72994"/>
      <trkpt lat="37.66077" lon="-83.72981"/>
      <trkpt lat="37.66017" lon="-83.72964"/>
      <trkpt lat="37.65974" lon="-83.72934"/>
      <trkpt lat="37.65948" lon="-83.72927"/>
      <trkpt lat="37.65851" lon="-83.72945"/>
      <trkpt lat="37.658" lon="-83.72972"/>
      <trkpt lat="37.65824" lon="-83.72955"/>
      <trkpt lat="37.65806" lon="-83.72951"/>
      <trkpt lat="37.6577" lon="-83.72897"/>
      <trkpt lat="37.65753" lon="-83.7282"/>
      <trkpt lat="37.65738" lon="-83.72779"/>
      <trkpt lat="37.6574" lon="-83.72749"/>
      <trkpt lat="37.65761" lon="-83.72659"/>
      <trkpt lat="37.65774" lon="-83.72586"/>
      <trkpt lat="37.65764" lon="-83.72473"/>
      <trkpt lat="37.65783" lon="-83.72406"/>
      <trkpt lat="37.65849" lon="-83.72277"/>
      <trkpt lat="37.65907" lon="-83.72236"/>
      <trkpt lat="37.65948" lon="-83.722"/>
      <trkpt lat="37.65993" lon="-83.72194"/>
      <trkpt lat="37.66015" lon="-83.72181"/>
      <trkpt lat="37.66049" lon="-83.72185"/>
      <trkpt lat="37.66064" lon="-83.72168"/>
      <trkpt lat="37.66077" lon="-83.72035"/>
      <trkpt lat="37.66073" lon="-83.7199"/>
      <trkpt lat="37.66062" lon="-83.7196"/>
      <trkpt lat="37.6606" lon="-83.71904"/>
      <trkpt lat="37.66064" lon="-83.71876"/>
      <trkpt lat="37.6609" lon="-83.71822"/>
      <trkpt lat="37.66128" lon="-83.71767"/>
      <trkpt lat="37.66154" lon="-83.71739"/>
      <trkpt lat="37.66186" lon="-83.71698"/>
      <trkpt lat="37.6621" lon="-83.71679"/>
      <trkpt lat="37.66266" lon="-83.7161"/>
      <trkpt lat="37.66332" lon="-83.71561"/>
      <trkpt lat="37.6639" lon="-83.71503"/>
      <trkpt lat="37.66414" lon="-83.71466"/>
      <trkpt lat="37.66465" lon="-83.71391"/>
      <trkpt lat="37.66504" lon="-83.71348"/>
      <trkpt lat="37.66542" lon="-83.7132"/>
      <trkpt lat="37.66551" lon="-83.71305"/>
      <trkpt lat="37.66555" lon="-83.71275"/>
      <trkpt lat="37.66557" lon="-83.71168"/>
      <trkpt lat="37.6657" lon="-83.71084"/>
      <trkpt lat="37.66581" lon="-83.71063"/>
      <trkpt lat="37.66639" lon="-83.71007"/>
      <trkpt lat="37.66654" lon="-83.70975"/>
      <trkpt lat="37.66673" lon="-83.70908"/>
      <trkpt lat="37.66665" lon="-83.7088"/>
      <trkpt lat="37.66663" lon="-83.70857"/>
      <trkpt lat="37.66686" lon="-83.70722"/>
      <trkpt lat="37.66727" lon="-83.70672"/>
      <trkpt lat="37.6674" lon="-83.70589"/>
      <trkpt lat="37.66751" lon="-83.70541"/>
      <trkpt lat="37.66748" lon="-83.70473"/>
      <trkpt lat="37.66753" lon="-83.70436"/>
      <trkpt lat="37.66759" lon="-83.70415"/>
      <trkpt lat="37.66787" lon="-83.70378"/>
      <trkpt lat="37.66798" lon="-83.70335"/>
      <trkpt lat="37.66776" lon="-83.70241"/>
      <trkpt lat="37.6677" lon="-83.7017"/>
      <trkpt lat="37.66757" lon="-83.70149"/>
      <trkpt lat="37.66729" lon="-83.70121"/>
      <trkpt lat="37.66718" lon="-83.70104"/>
      <trkpt lat="37.66708" lon="-83.70052"/>
      <trkpt lat="37.66669" lon="-83.69932"/>
      <trkpt lat="37.66667" lon="-83.69917"/>
      <trkpt lat="37.6669" lon="-83.69878"/>
      <trkpt lat="37.66714" lon="-83.6982"/>
      <trkpt lat="37.66721" lon="-83.69769"/>
      <trkpt lat="37.66615" lon="-83.69694"/>
      <trkpt lat="37.66515" lon="-83.69644"/>
      <trkpt lat="37.66474" lon="-83.69644"/>
      <trkpt lat="37.6642" lon="-83.69666"/>
      <trkpt lat="37.66386" lon="-83.6967"/>
      <trkpt lat="37.66354" lon="-83.69659"/>
      <trkpt lat="37.66347" lon="-83.69649"/>
      <trkpt lat="37.66347" lon="-83.69638"/>
      <trkpt lat="37.66354" lon="-83.69627"/>
      <trkpt lat="37.66377" lon="-83.69619"/>
      <trkpt lat="37.66405" lon="-83.69584"/>
      <trkpt lat="37.66416" lon="-83.69556"/>
      <trkpt lat="37.6642" lon="-83.69529"/>
      <trkpt lat="37.66429" lon="-83.69464"/>
      <trkpt lat="37.66463" lon="-83.69406"/>
      <trkpt lat="37.66476" lon="-83.69398"/>
      <trkpt lat="37.66484" lon="-83.69402"/>
      <trkpt lat="37.66497" lon="-83.69436"/>
      <trkpt lat="37.66504" lon="-83.69447"/>
      <trkpt lat="37.6651" lon="-83.69449"/>
      <trkpt lat="37.66551" lon="-83.69441"/>
      <trkpt lat="37.6656" lon="-83.69434"/>
      <trkpt lat="37.66572" lon="-83.69417"/>
      <trkpt lat="37.66575" lon="-83.69387"/>
      <trkpt lat="37.66566" lon="-83.69368"/>
      <trkpt lat="37.66549" lon="-83.69353"/>
      <trkpt lat="37.66472" lon="-83.69299"/>
      <trkpt lat="37.66457" lon="-83.69273"/>
      <trkpt lat="37.66253" lon="-83.69419"/>
      <trkpt lat="37.66238" lon="-83.69421"/>
      <trkpt lat="37.66218" lon="-83.69408"/>
      <trkpt lat="37.66066" lon="-83.69649"/>
      <trkpt lat="37.65931" lon="-83.69859"/>
      <trkpt lat="37.65806" lon="-83.70052"/>
      <trkpt lat="37.65746" lon="-83.70127"/>
      <trkpt lat="37.65701" lon="-83.70162"/>
      <trkpt lat="37.65654" lon="-83.70187"/>
      <trkpt lat="37.65615" lon="-83.70202"/>
      <trkpt lat="37.65558" lon="-83.70213"/>
      <trkpt lat="37.65463" lon="-83.70226"/>
      <trkpt lat="37.65371" lon="-83.70241"/>
      <trkpt lat="37.65186" lon="-83.70265"/>
      <trkpt lat="37.65176" lon="-83.70267"/>
      <trkpt lat="37.65049" lon="-83.70284"/>
      <trkpt lat="37.6491" lon="-83.70301"/>
      <trkpt lat="37.64817" lon="-83.70312"/>
      <trkpt lat="37.64734" lon="-83.7031"/>
      <trkpt lat="37.64671" lon="-83.70297"/>
      <trkpt lat="37.64609" lon="-83.70275"/>
      <trkpt lat="37.64605" lon="-83.70271"/>
      <trkpt lat="37.64545" lon="-83.70239"/>
      <trkpt lat="37.64525" lon="-83.70228"/>
      <trkpt lat="37.64508" lon="-83.70215"/>
      <trkpt lat="37.64216" lon="-83.69988"/>
      <trkpt lat="37.64075" lon="-83.69878"/>
      <trkpt lat="37.6388" lon="-83.69707"/>
      <trkpt lat="37.63753" lon="-83.69979"/>
      <trkpt lat="37.63716" lon="-83.70037"/>
      <trkpt lat="37.63648" lon="-83.70114"/>
      <trkpt lat="37.63616" lon="-83.70142"/>
      <trkpt lat="37.63536" lon="-83.70177"/>
      <trkpt lat="37.6351" lon="-83.702"/>
      <trkpt lat="37.63498" lon="-83.70222"/>
      <trkpt lat="37.63495" lon="-83.70247"/>
      <trkpt lat="37.63508" lon="-83.70295"/>
      <trkpt lat="37.63538" lon="-83.70361"/>
      <trkpt lat="37.63545" lon="-83.70404"/>
      <trkpt lat="37.63534" lon="-83.70548"/>
      <trkpt lat="37.63508" lon="-83.70719"/>
      <trkpt lat="37.63506" lon="-83.70795"/>
      <trkpt lat="37.63513" lon="-83.70861"/>
      <trkpt lat="37.63495" lon="-83.71084"/>
      <trkpt lat="37.63493" lon="-83.71213"/>
      <trkpt lat="37.63493" lon="-83.71232"/>
      <trkpt lat="37.63493" lon="-83.71264"/>
      <trkpt lat="37.63495" lon="-83.71333"/>
      <trkpt lat="37.63517" lon="-83.7155"/>
      <trkpt lat="37.63525" lon="-83.71593"/>
      <trkpt lat="37.63541" lon="-83.71614"/>
      <trkpt lat="37.6356" lon="-83.71623"/>
      <trkpt lat="37.63624" lon="-83.71606"/>
      <trkpt lat="37.63586" lon="-83.71561"/>
      <trkpt lat="37.63579" lon="-83.71539"/>
      <trkpt lat="37.63579" lon="-83.71518"/>
      <trkpt lat="37.63598" lon="-83.71488"/>
      <trkpt lat="37.63646" lon="-83.71445"/>
      <trkpt lat="37.63686" lon="-83.71397"/>
      <trkpt lat="37.63697" lon="-83.7138"/>
      <trkpt lat="37.63714" lon="-83.71372"/>
      <trkpt lat="37.63813" lon="-83.7137"/>
      <trkpt lat="37.63832" lon="-83.71376"/>
      <trkpt lat="37.63875" lon="-83.71419"/>
      <trkpt lat="37.63942" lon="-83.71419"/>
      <trkpt lat="37.63952" lon="-83.71419"/>
      <trkpt lat="37.63989" lon="-83.71425"/>
      <trkpt lat="37.64008" lon="-83.71425"/>
      <trkpt lat="37.64025" lon="-83.71413"/>
      <trkpt lat="37.64053" lon="-83.71348"/>
      <trkpt lat="37.64066" lon="-83.71327"/>
      <trkpt lat="37.64094" lon="-83.71307"/>
      <trkpt lat="37.64154" lon="-83.71286"/>
      <trkpt lat="37.64165" lon="-83.71269"/>
      <trkpt lat="37.64169" lon="-83.71245"/>
      <trkpt lat="37.64178" lon="-83.71224"/>
      <trkpt lat="37.64208" lon="-83.71217"/>
      <trkpt lat="37.64229" lon="-83.71226"/>
      <trkpt lat="37.64244" lon="-83.71256"/>
      <trkpt lat="37.64251" lon="-83.71264"/>
      <trkpt lat="37.64281" lon="-83.71271"/>
      <trkpt lat="37.6433" lon="-83.71252"/>
      <trkpt lat="37.64345" lon="-83.71256"/>
      <trkpt lat="37.64375" lon="-83.71273"/>
      <trkpt lat="37.64429" lon="-83.71348"/>
      <trkpt lat="37.64446" lon="-83.71387"/>
      <trkpt lat="37.64452" lon="-83.71425"/>
      <trkpt lat="37.64472" lon="-83.71434"/>
      <trkpt lat="37.64498" lon="-83.71438"/>
      <trkpt lat="37.64513" lon="-83.71447"/>
      <trkpt lat="37.6453" lon="-83.71462"/>
      <trkpt lat="37.64585" lon="-83.71541"/>
      <trkpt lat="37.64621" lon="-83.71604"/>
      <trkpt lat="37.64646" lon="-83.71646"/>
      <trkpt lat="37.64669" lon="-83.71709"/>
      <trkpt lat="37.64706" lon="-83.71782"/>
      <trkpt lat="37.64719" lon="-83.71825"/>
      <trkpt lat="37.64721" lon="-83.71852"/>
      <trkpt lat="37.64699" lon="-83.71938"/>
      <trkpt lat="37.64686" lon="-83.71977"/>
      <trkpt lat="37.64684" lon="-83.71994"/>
      <trkpt lat="37.64688" lon="-83.72015"/>
      <trkpt lat="37.64738" lon="-83.72108"/>
      <trkpt lat="37.64751" lon="-83.72161"/>
      <trkpt lat="37.64774" lon="-83.72198"/>
      <trkpt lat="37.64794" lon="-83.72294"/>
      <trkpt lat="37.64824" lon="-83.72395"/>
      <trkpt lat="37.64834" lon="-83.72417"/>
      <trkpt lat="37.64854" lon="-83.72434"/>
      <trkpt lat="37.6486" lon="-83.72447"/>
      <trkpt lat="37.64839" lon="-83.72462"/>
      <trkpt lat="37.64839" lon="-83.72473"/>
      <trkpt lat="37.64845" lon="-83.72498"/>
      <trkpt lat="37.64849" lon="-83.72509"/>
      <trkpt lat="37.64854" lon="-83.7252"/>
      <trkpt lat="37.64879" lon="-83.7253"/>
      <trkpt lat="37.64894" lon="-83.7253"/>
      <trkpt lat="37.64899" lon="-83.72545"/>
      <trkpt lat="37.64894" lon="-83.72556"/>
      <trkpt lat="37.64858" lon="-83.72668"/>
      <trkpt lat="37.64869" lon="-83.72739"/>
      <trkpt lat="37.64901" lon="-83.72803"/>
      <trkpt lat="37.64901" lon="-83.72827"/>
      <trkpt lat="37.64884" lon="-83.72891"/>
      <trkpt lat="37.64884" lon="-83.72917"/>
      <trkpt lat="37.64894" lon="-83.72957"/>
      <trkpt lat="37.64882" lon="-83.73007"/>
      <trkpt lat="37.64882" lon="-83.73037"/>
      <trkpt lat="37.64888" lon="-83.73078"/>
      <trkpt lat="37.64903" lon="-83.73112"/>
      <trkpt lat="37.64912" lon="-83.73142"/>
      <trkpt lat="37.6491" lon="-83.73163"/>
      <trkpt lat="37.64894" lon="-83.73215"/>
      <trkpt lat="37.64884" lon="-83.73271"/>
      <trkpt lat="37.64869" lon="-83.73391"/>
      <trkpt lat="37.64867" lon="-83.7346"/>
      <trkpt lat="37.64873" lon="-83.735"/>
      <trkpt lat="37.64892" lon="-83.73541"/>
      <trkpt lat="37.6491" lon="-83.7356"/>
      <trkpt lat="37.64931" lon="-83.73567"/>
      <trkpt lat="37.6501" lon="-83.73563"/>
      <trkpt lat="37.65034" lon="-83.73569"/>
      <trkpt lat="37.6507" lon="-83.73554"/>
      <trkpt lat="37.65105" lon="-83.73518"/>
      <trkpt lat="37.65122" lon="-83.73509"/>
      <trkpt lat="37.65122" lon="-83.73509"/>
      <trkpt lat="37.65121" lon="-83.73534"/>
      <trkpt lat="37.65086" lon="-83.73577"/>
      <trkpt lat="37.65033" lon="-83.73603"/>
      <trkpt lat="37.64987" lon="-83.73598"/>
      <trkpt lat="37.6489" lon="-83.7361"/>
      <trkpt lat="37.64937" lon="-83.73715"/>
      <trkpt lat="37.64979" lon="-83.73831"/>
      <trkpt lat="37.64987" lon="-83.7388"/>
      <trkpt lat="37.65021" lon="-83.73921"/>
      <trkpt lat="37.65033" lon="-83.73967"/>
      <trkpt lat="37.65058" lon="-83.74007"/>
      <trkpt lat="37.64984" lon="-83.74106"/>
      <trkpt lat="37.6496" lon="-83.74116"/>
      <trkpt lat="37.64936" lon="-83.74134"/>
      <trkpt lat="37.64898" lon="-83.74128"/>
      <trkpt lat="37.64868" lon="-83.74099"/>
      <trkpt lat="37.64757" lon="-83.74099"/>
      <trkpt lat="37.64726" lon="-83.74195"/>
      <trkpt lat="37.64706" lon="-83.74234"/>
      <trkpt lat="37.64718" lon="-83.74302"/>
      <trkpt lat="37.64709" lon="-83.74361"/>
      <trkpt lat="37.64645" lon="-83.74405"/>
      <trkpt lat="37.64627" lon="-83.74432"/>
      <trkpt lat="37.64585" lon="-83.7446"/>
      <trkpt lat="37.64512" lon="-83.74461"/>
      <trkpt lat="37.64485" lon="-83.74445"/>
      <trkpt lat="37.64516" lon="-83.74486"/>
      <trkpt lat="37.64584" lon="-83.74504"/>
      <trkpt lat="37.64656" lon="-83.74505"/>
      <trkpt lat="37.64679" lon="-83.74477"/>
      <trkpt lat="37.64708" lon="-83.7448"/>
      <trkpt lat="37.64708" lon="-83.7452"/>
      <trkpt lat="37.64669" lon="-83.7456"/>
      <trkpt lat="37.64657" lon="-83.74597"/>
      <trkpt lat="37.64579" lon="-83.74611"/>
      <trkpt lat="37.64555" lon="-83.74665"/>
      <trkpt lat="37.64624" lon="-83.74743"/>
      <trkpt lat="37.6461" lon="-83.74814"/>
      <trkpt lat="37.64608" lon="-83.74882"/>
      <trkpt lat="37.64635" lon="-83.74999"/>
      <trkpt lat="37.64605" lon="-83.75084"/>
      <trkpt lat="37.64563" lon="-83.75125"/>
      <trkpt lat="37.64494" lon="-83.75087"/>
      <trkpt lat="37.6442" lon="-83.75038"/>
      <trkpt lat="37.64431" lon="-83.75078"/>
      <trkpt lat="37.64514" lon="-83.75153"/>
      <trkpt lat="37.64555" lon="-83.75234"/>
      <trkpt lat="37.64563" lon="-83.75264"/>
      <trkpt lat="37.64551" lon="-83.75294"/>
      <trkpt lat="37.64597" lon="-83.75364"/>
      <trkpt lat="37.6463" lon="-83.75399"/>
      <trkpt lat="37.64658" lon="-83.75399"/>
      <trkpt lat="37.64692" lon="-83.75451"/>
      <trkpt lat="37.64717" lon="-83.75525"/>
      <trkpt lat="37.64704" lon="-83.75591"/>
      <trkpt lat="37.64709" lon="-83.75653"/>
      <trkpt lat="37.64696" lon="-83.75713"/>
      <trkpt lat="37.64698" lon="-83.75754"/>
      <trkpt lat="37.64713" lon="-83.75809"/>
      <trkpt lat="37.64708" lon="-83.75835"/>
      <trkpt lat="37.64695" lon="-83.75832"/>
      <trkpt lat="37.64665" lon="-83.75798"/>
      <trkpt lat="37.64628" lon="-83.75698"/>
      <trkpt lat="37.64601" lon="-83.75674"/>
      <trkpt lat="37.64581" lon="-83.75672"/>
      <trkpt lat="37.64474" lon="-83.75693"/>
      <trkpt lat="37.64422" lon="-83.75726"/>
      <trkpt lat="37.64401" lon="-83.7573"/>
      <trkpt lat="37.64343" lon="-83.75732"/>
      <trkpt lat="37.64317" lon="-83.75719"/>
      <trkpt lat="37.64281" lon="-83.75685"/>
      <trkpt lat="37.64279" lon="-83.75668"/>
      <trkpt lat="37.64287" lon="-83.75638"/>
      <trkpt lat="37.64281" lon="-83.7562"/>
      <trkpt lat="37.64176" lon="-83.75569"/>
      <trkpt lat="37.64154" lon="-83.75586"/>
      <trkpt lat="37.64126" lon="-83.75646"/>
      <trkpt lat="37.64062" lon="-83.75704"/>
      <trkpt lat="37.6404" lon="-83.75708"/>
      <trkpt lat="37.63978" lon="-83.75683"/>
      <trkpt lat="37.63944" lon="-83.75685"/>
      <trkpt lat="37.6391" lon="-83.757"/>
      <trkpt lat="37.63873" lon="-83.75741"/>
      <trkpt lat="37.63849" lon="-83.7579"/>
      <trkpt lat="37.63832" lon="-83.7585"/>
      <trkpt lat="37.63811" lon="-83.75904"/>
      <trkpt lat="37.63777" lon="-83.75955"/>
      <trkpt lat="37.63764" lon="-83.75959"/>
      <trkpt lat="37.63747" lon="-83.75957"/>
      <trkpt lat="37.63714" lon="-83.75916"/>
      <trkpt lat="37.63676" lon="-83.75889"/>
      <trkpt lat="37.63641" lon="-83.7588"/>
      <trkpt lat="37.63618" lon="-83.75889"/>
      <trkpt lat="37.63588" lon="-83.75921"/>
      <trkpt lat="37.63534" lon="-83.76013"/>
      <trkpt lat="37.63457" lon="-83.76067"/>
      <trkpt lat="37.6342" lon="-83.76133"/>
      <trkpt lat="37.63395" lon="-83.76144"/>
      <trkpt lat="37.63335" lon="-83.76144"/>
      <trkpt lat="37.63287" lon="-83.76161"/>
      <trkpt lat="37.63229" lon="-83.76215"/>
      <trkpt lat="37.63187" lon="-83.76252"/>
      <trkpt lat="37.6318" lon="-83.76258"/>
      <trkpt lat="37.63163" lon="-83.76273"/>
      <trkpt lat="37.63124" lon="-83.76292"/>
      <trkpt lat="37.63109" lon="-83.76296"/>
      <trkpt lat="37.63081" lon="-83.76292"/>
      <trkpt lat="37.6306" lon="-83.76279"/>
      <trkpt lat="37.62925" lon="-83.76183"/>
      <trkpt lat="37.62847" lon="-83.76155"/>
      <trkpt lat="37.6282" lon="-83.76161"/>
      <trkpt lat="37.62807" lon="-83.76176"/>
      <trkpt lat="37.62792" lon="-83.76195"/>
      <trkpt lat="37.62753" lon="-83.76219"/>
      <trkpt lat="37.62729" lon="-83.76219"/>
      <trkpt lat="37.62702" lon="-83.76206"/>
      <trkpt lat="37.62702" lon="-83.76251"/>
      <trkpt lat="37.62719" lon="-83.76354"/>
      <trkpt lat="37.62717" lon="-83.76391"/>
      <trkpt lat="37.62697" lon="-83.76464"/>
      <trkpt lat="37.62686" lon="-83.76485"/>
      <trkpt lat="37.62663" lon="-83.76502"/>
      <trkpt lat="37.62633" lon="-83.76507"/>
      <trkpt lat="37.62575" lon="-83.765"/>
      <trkpt lat="37.62534" lon="-83.76504"/>
      <trkpt lat="37.6248" lon="-83.76526"/>
      <trkpt lat="37.62388" lon="-83.76582"/>
      <trkpt lat="37.62365" lon="-83.76599"/>
      <trkpt lat="37.62339" lon="-83.76625"/>
      <trkpt lat="37.62326" lon="-83.76648"/>
      <trkpt lat="37.62317" lon="-83.76678"/>
      <trkpt lat="37.62315" lon="-83.76715"/>
      <trkpt lat="37.62238" lon="-83.76725"/>
      <trkpt lat="37.62199" lon="-83.76747"/>
      <trkpt lat="37.62176" lon="-83.7679"/>
      <trkpt lat="37.62169" lon="-83.76837"/>
      <trkpt lat="37.62182" lon="-83.76942"/>
      <trkpt lat="37.62199" lon="-83.76992"/>
      <trkpt lat="37.62227" lon="-83.77022"/>
      <trkpt lat="37.6229" lon="-83.77058"/>
      <trkpt lat="37.6232" lon="-83.77103"/>
      <trkpt lat="37.62356" lon="-83.77202"/>
      <trkpt lat="37.62373" lon="-83.77234"/>
      <trkpt lat="37.62397" lon="-83.7726"/>
      <trkpt lat="37.6245" lon="-83.7729"/>
      <trkpt lat="37.62463" lon="-83.77307"/>
      <trkpt lat="37.62474" lon="-83.77361"/>
      <trkpt lat="37.62472" lon="-83.77421"/>
      <trkpt lat="37.62455" lon="-83.77491"/>
      <trkpt lat="37.62461" lon="-83.77538"/>
      <trkpt lat="37.62461" lon="-83.77538"/>
    </trkseg>
  </trk>
</gpx>
