<?xml version="1.0" encoding="UTF-8"?>
<gpx xmlns="http://www.topografix.com/GPX/1/1" xmlns:xsi="http://www.w3.org/2001/XMLSchema-instance" creator="REVER https://a.rever.co" version="1.1" xsi:schemaLocation="http://www.topografix.com/GPX/1/1 http://www.topografix.com/GPX/1/1/gpx.xsd">
  <metadata>
    <name>ADV Scenic Ironworks Loop RRS25</name>
    <author>
      <name>Drew Faulkner</name>
    </author>
    <link href="https://a.rever.co/embed/"/>
  </metadata>
  <wpt lat="37.61435" lon="-83.77463">
    <name>37.614351, -83.77463</name>
  </wpt>
  <wpt lat="37.62337" lon="-83.76825">
    <name>37.623374, -83.768251</name>
  </wpt>
  <trk>
    <name>ADV Scenic Ironworks Loop RRS25</name>
    <link href="https://a.rever.co/embed/"/>
    <type>Ride</type>
    <trkseg>
      <trkpt lat="37.61435" lon="-83.77463"/>
      <trkpt lat="37.61443" lon="-83.7746"/>
      <trkpt lat="37.61458" lon="-83.77448"/>
      <trkpt lat="37.61465" lon="-83.77446"/>
      <trkpt lat="37.61475" lon="-83.77449"/>
      <trkpt lat="37.61531" lon="-83.77479"/>
      <trkpt lat="37.61553" lon="-83.77492"/>
      <trkpt lat="37.61577" lon="-83.77495"/>
      <trkpt lat="37.61589" lon="-83.77494"/>
      <trkpt lat="37.6161" lon="-83.7748"/>
      <trkpt lat="37.61618" lon="-83.77479"/>
      <trkpt lat="37.61638" lon="-83.7748"/>
      <trkpt lat="37.61661" lon="-83.77484"/>
      <trkpt lat="37.61677" lon="-83.77491"/>
      <trkpt lat="37.61695" lon="-83.77496"/>
      <trkpt lat="37.61717" lon="-83.77506"/>
      <trkpt lat="37.61726" lon="-83.77516"/>
      <trkpt lat="37.61733" lon="-83.7752"/>
      <trkpt lat="37.61747" lon="-83.77534"/>
      <trkpt lat="37.61756" lon="-83.77551"/>
      <trkpt lat="37.61759" lon="-83.77558"/>
      <trkpt lat="37.61761" lon="-83.77572"/>
      <trkpt lat="37.61761" lon="-83.77585"/>
      <trkpt lat="37.61764" lon="-83.77606"/>
      <trkpt lat="37.61765" lon="-83.77615"/>
      <trkpt lat="37.61768" lon="-83.77624"/>
      <trkpt lat="37.61777" lon="-83.77637"/>
      <trkpt lat="37.6179" lon="-83.77647"/>
      <trkpt lat="37.6181" lon="-83.77658"/>
      <trkpt lat="37.6183" lon="-83.7767"/>
      <trkpt lat="37.61841" lon="-83.77675"/>
      <trkpt lat="37.61851" lon="-83.77678"/>
      <trkpt lat="37.61861" lon="-83.77678"/>
      <trkpt lat="37.61871" lon="-83.77675"/>
      <trkpt lat="37.61884" lon="-83.77666"/>
      <trkpt lat="37.61902" lon="-83.77651"/>
      <trkpt lat="37.61913" lon="-83.77649"/>
      <trkpt lat="37.61918" lon="-83.77649"/>
      <trkpt lat="37.61925" lon="-83.77652"/>
      <trkpt lat="37.61949" lon="-83.77666"/>
      <trkpt lat="37.6196" lon="-83.77668"/>
      <trkpt lat="37.61971" lon="-83.77667"/>
      <trkpt lat="37.61977" lon="-83.77665"/>
      <trkpt lat="37.61991" lon="-83.77656"/>
      <trkpt lat="37.62021" lon="-83.77631"/>
      <trkpt lat="37.62038" lon="-83.77627"/>
      <trkpt lat="37.62045" lon="-83.77627"/>
      <trkpt lat="37.62057" lon="-83.7763"/>
      <trkpt lat="37.62068" lon="-83.77635"/>
      <trkpt lat="37.62078" lon="-83.7764"/>
      <trkpt lat="37.62094" lon="-83.77652"/>
      <trkpt lat="37.62101" lon="-83.77659"/>
      <trkpt lat="37.62111" lon="-83.77666"/>
      <trkpt lat="37.62118" lon="-83.77675"/>
      <trkpt lat="37.62129" lon="-83.77678"/>
      <trkpt lat="37.62135" lon="-83.77677"/>
      <trkpt lat="37.6214" lon="-83.77677"/>
      <trkpt lat="37.6216" lon="-83.77662"/>
      <trkpt lat="37.62182" lon="-83.77655"/>
      <trkpt lat="37.62201" lon="-83.77656"/>
      <trkpt lat="37.62213" lon="-83.7766"/>
      <trkpt lat="37.62218" lon="-83.77663"/>
      <trkpt lat="37.62243" lon="-83.77682"/>
      <trkpt lat="37.62253" lon="-83.77687"/>
      <trkpt lat="37.62264" lon="-83.77688"/>
      <trkpt lat="37.62274" lon="-83.77685"/>
      <trkpt lat="37.62304" lon="-83.77669"/>
      <trkpt lat="37.62327" lon="-83.77662"/>
      <trkpt lat="37.62346" lon="-83.7765"/>
      <trkpt lat="37.62378" lon="-83.77635"/>
      <trkpt lat="37.62407" lon="-83.77625"/>
      <trkpt lat="37.62411" lon="-83.77622"/>
      <trkpt lat="37.62434" lon="-83.77616"/>
      <trkpt lat="37.62445" lon="-83.7762"/>
      <trkpt lat="37.62453" lon="-83.77611"/>
      <trkpt lat="37.6246" lon="-83.77598"/>
      <trkpt lat="37.62463" lon="-83.77583"/>
      <trkpt lat="37.62465" lon="-83.7757"/>
      <trkpt lat="37.62464" lon="-83.77559"/>
      <trkpt lat="37.62463" lon="-83.77551"/>
      <trkpt lat="37.62456" lon="-83.77517"/>
      <trkpt lat="37.62455" lon="-83.77504"/>
      <trkpt lat="37.62455" lon="-83.77491"/>
      <trkpt lat="37.62458" lon="-83.77475"/>
      <trkpt lat="37.62459" lon="-83.7747"/>
      <trkpt lat="37.62467" lon="-83.77441"/>
      <trkpt lat="37.62472" lon="-83.77422"/>
      <trkpt lat="37.62474" lon="-83.77407"/>
      <trkpt lat="37.62475" lon="-83.77389"/>
      <trkpt lat="37.62475" lon="-83.77374"/>
      <trkpt lat="37.62474" lon="-83.7736"/>
      <trkpt lat="37.62472" lon="-83.77338"/>
      <trkpt lat="37.62469" lon="-83.77321"/>
      <trkpt lat="37.62464" lon="-83.77307"/>
      <trkpt lat="37.62457" lon="-83.77296"/>
      <trkpt lat="37.6245" lon="-83.7729"/>
      <trkpt lat="37.6244" lon="-83.77283"/>
      <trkpt lat="37.62409" lon="-83.77267"/>
      <trkpt lat="37.62398" lon="-83.7726"/>
      <trkpt lat="37.62385" lon="-83.77248"/>
      <trkpt lat="37.62373" lon="-83.77235"/>
      <trkpt lat="37.62365" lon="-83.77222"/>
      <trkpt lat="37.62355" lon="-83.77202"/>
      <trkpt lat="37.62345" lon="-83.77174"/>
      <trkpt lat="37.6233" lon="-83.77129"/>
      <trkpt lat="37.6232" lon="-83.77104"/>
      <trkpt lat="37.62311" lon="-83.77086"/>
      <trkpt lat="37.62301" lon="-83.77071"/>
      <trkpt lat="37.62289" lon="-83.77057"/>
      <trkpt lat="37.62281" lon="-83.77051"/>
      <trkpt lat="37.62272" lon="-83.77045"/>
      <trkpt lat="37.6224" lon="-83.7703"/>
      <trkpt lat="37.62228" lon="-83.77023"/>
      <trkpt lat="37.62219" lon="-83.77016"/>
      <trkpt lat="37.62211" lon="-83.77008"/>
      <trkpt lat="37.622" lon="-83.76992"/>
      <trkpt lat="37.62195" lon="-83.76983"/>
      <trkpt lat="37.62192" lon="-83.76977"/>
      <trkpt lat="37.62186" lon="-83.7696"/>
      <trkpt lat="37.62182" lon="-83.76942"/>
      <trkpt lat="37.62179" lon="-83.76924"/>
      <trkpt lat="37.62171" lon="-83.76865"/>
      <trkpt lat="37.6217" lon="-83.76846"/>
      <trkpt lat="37.62169" lon="-83.76837"/>
      <trkpt lat="37.62169" lon="-83.76825"/>
      <trkpt lat="37.62171" lon="-83.76808"/>
      <trkpt lat="37.62176" lon="-83.76791"/>
      <trkpt lat="37.62183" lon="-83.76775"/>
      <trkpt lat="37.62187" lon="-83.76766"/>
      <trkpt lat="37.62193" lon="-83.76756"/>
      <trkpt lat="37.622" lon="-83.76748"/>
      <trkpt lat="37.62212" lon="-83.76738"/>
      <trkpt lat="37.62222" lon="-83.76732"/>
      <trkpt lat="37.62229" lon="-83.76729"/>
      <trkpt lat="37.62238" lon="-83.76725"/>
      <trkpt lat="37.62249" lon="-83.76723"/>
      <trkpt lat="37.62261" lon="-83.76721"/>
      <trkpt lat="37.62293" lon="-83.76718"/>
      <trkpt lat="37.62307" lon="-83.76716"/>
      <trkpt lat="37.62318" lon="-83.76714"/>
      <trkpt lat="37.62316" lon="-83.76698"/>
      <trkpt lat="37.62316" lon="-83.76684"/>
      <trkpt lat="37.62318" lon="-83.76671"/>
      <trkpt lat="37.62321" lon="-83.76658"/>
      <trkpt lat="37.62325" lon="-83.76649"/>
      <trkpt lat="37.62332" lon="-83.76636"/>
      <trkpt lat="37.62339" lon="-83.76625"/>
      <trkpt lat="37.6235" lon="-83.76612"/>
      <trkpt lat="37.62365" lon="-83.76599"/>
      <trkpt lat="37.6237" lon="-83.76595"/>
      <trkpt lat="37.6238" lon="-83.76587"/>
      <trkpt lat="37.62389" lon="-83.76581"/>
      <trkpt lat="37.62404" lon="-83.76572"/>
      <trkpt lat="37.62429" lon="-83.76556"/>
      <trkpt lat="37.62463" lon="-83.76536"/>
      <trkpt lat="37.6248" lon="-83.76526"/>
      <trkpt lat="37.62502" lon="-83.76515"/>
      <trkpt lat="37.62516" lon="-83.76509"/>
      <trkpt lat="37.62534" lon="-83.76504"/>
      <trkpt lat="37.62545" lon="-83.76502"/>
      <trkpt lat="37.62561" lon="-83.76501"/>
      <trkpt lat="37.62575" lon="-83.76501"/>
      <trkpt lat="37.62619" lon="-83.76506"/>
      <trkpt lat="37.62634" lon="-83.76506"/>
      <trkpt lat="37.62649" lon="-83.76506"/>
      <trkpt lat="37.62663" lon="-83.76502"/>
      <trkpt lat="37.62676" lon="-83.76495"/>
      <trkpt lat="37.62687" lon="-83.76484"/>
      <trkpt lat="37.62691" lon="-83.76478"/>
      <trkpt lat="37.62694" lon="-83.76472"/>
      <trkpt lat="37.62697" lon="-83.76464"/>
      <trkpt lat="37.627" lon="-83.76458"/>
      <trkpt lat="37.62705" lon="-83.76439"/>
      <trkpt lat="37.62708" lon="-83.76426"/>
      <trkpt lat="37.62713" lon="-83.76406"/>
      <trkpt lat="37.62716" lon="-83.76391"/>
      <trkpt lat="37.62719" lon="-83.76369"/>
      <trkpt lat="37.62719" lon="-83.76362"/>
      <trkpt lat="37.62719" lon="-83.76353"/>
      <trkpt lat="37.62719" lon="-83.76346"/>
      <trkpt lat="37.62718" lon="-83.7633"/>
      <trkpt lat="37.62716" lon="-83.76322"/>
      <trkpt lat="37.62715" lon="-83.76314"/>
      <trkpt lat="37.62707" lon="-83.76282"/>
      <trkpt lat="37.62704" lon="-83.76267"/>
      <trkpt lat="37.62702" lon="-83.76251"/>
      <trkpt lat="37.62701" lon="-83.76228"/>
      <trkpt lat="37.62702" lon="-83.76206"/>
      <trkpt lat="37.62705" lon="-83.76179"/>
      <trkpt lat="37.6271" lon="-83.76146"/>
      <trkpt lat="37.62713" lon="-83.76116"/>
      <trkpt lat="37.62713" lon="-83.76101"/>
      <trkpt lat="37.62712" lon="-83.76086"/>
      <trkpt lat="37.62709" lon="-83.76071"/>
      <trkpt lat="37.62705" lon="-83.76058"/>
      <trkpt lat="37.62699" lon="-83.76045"/>
      <trkpt lat="37.62692" lon="-83.76034"/>
      <trkpt lat="37.6267" lon="-83.76002"/>
      <trkpt lat="37.62663" lon="-83.75991"/>
      <trkpt lat="37.62658" lon="-83.75979"/>
      <trkpt lat="37.62655" lon="-83.75965"/>
      <trkpt lat="37.62654" lon="-83.75952"/>
      <trkpt lat="37.62654" lon="-83.75939"/>
      <trkpt lat="37.62657" lon="-83.75926"/>
      <trkpt lat="37.62662" lon="-83.75914"/>
      <trkpt lat="37.62668" lon="-83.75903"/>
      <trkpt lat="37.6268" lon="-83.75888"/>
      <trkpt lat="37.62694" lon="-83.75872"/>
      <trkpt lat="37.62713" lon="-83.75849"/>
      <trkpt lat="37.62719" lon="-83.75843"/>
      <trkpt lat="37.62731" lon="-83.75826"/>
      <trkpt lat="37.62746" lon="-83.75803"/>
      <trkpt lat="37.62757" lon="-83.75785"/>
      <trkpt lat="37.62767" lon="-83.75768"/>
      <trkpt lat="37.62771" lon="-83.75759"/>
      <trkpt lat="37.62777" lon="-83.75747"/>
      <trkpt lat="37.62786" lon="-83.75726"/>
      <trkpt lat="37.62793" lon="-83.75704"/>
      <trkpt lat="37.62796" lon="-83.75689"/>
      <trkpt lat="37.62798" lon="-83.75674"/>
      <trkpt lat="37.62799" lon="-83.75659"/>
      <trkpt lat="37.62799" lon="-83.75643"/>
      <trkpt lat="37.62798" lon="-83.75611"/>
      <trkpt lat="37.62797" lon="-83.75603"/>
      <trkpt lat="37.62795" lon="-83.75587"/>
      <trkpt lat="37.62793" lon="-83.75579"/>
      <trkpt lat="37.62789" lon="-83.75567"/>
      <trkpt lat="37.62783" lon="-83.7555"/>
      <trkpt lat="37.62776" lon="-83.75536"/>
      <trkpt lat="37.62735" lon="-83.7546"/>
      <trkpt lat="37.62722" lon="-83.75434"/>
      <trkpt lat="37.62713" lon="-83.75414"/>
      <trkpt lat="37.62711" lon="-83.75407"/>
      <trkpt lat="37.62707" lon="-83.75393"/>
      <trkpt lat="37.62707" lon="-83.75388"/>
      <trkpt lat="37.62705" lon="-83.75378"/>
      <trkpt lat="37.62705" lon="-83.75355"/>
      <trkpt lat="37.62705" lon="-83.75349"/>
      <trkpt lat="37.62705" lon="-83.75339"/>
      <trkpt lat="37.62713" lon="-83.75203"/>
      <trkpt lat="37.62716" lon="-83.75171"/>
      <trkpt lat="37.62717" lon="-83.75165"/>
      <trkpt lat="37.62719" lon="-83.75153"/>
      <trkpt lat="37.6273" lon="-83.75099"/>
      <trkpt lat="37.62784" lon="-83.74847"/>
      <trkpt lat="37.62792" lon="-83.74814"/>
      <trkpt lat="37.62797" lon="-83.74798"/>
      <trkpt lat="37.62805" lon="-83.74775"/>
      <trkpt lat="37.62811" lon="-83.7476"/>
      <trkpt lat="37.62831" lon="-83.74715"/>
      <trkpt lat="37.6284" lon="-83.74691"/>
      <trkpt lat="37.62845" lon="-83.74675"/>
      <trkpt lat="37.6285" lon="-83.74658"/>
      <trkpt lat="37.62853" lon="-83.74641"/>
      <trkpt lat="37.62855" lon="-83.74624"/>
      <trkpt lat="37.62858" lon="-83.74598"/>
      <trkpt lat="37.62859" lon="-83.74591"/>
      <trkpt lat="37.6286" lon="-83.74571"/>
      <trkpt lat="37.62863" lon="-83.74518"/>
      <trkpt lat="37.62867" lon="-83.74446"/>
      <trkpt lat="37.62868" lon="-83.74428"/>
      <trkpt lat="37.62867" lon="-83.74402"/>
      <trkpt lat="37.62866" lon="-83.7439"/>
      <trkpt lat="37.62864" lon="-83.74372"/>
      <trkpt lat="37.62858" lon="-83.74337"/>
      <trkpt lat="37.62856" lon="-83.74327"/>
      <trkpt lat="37.62848" lon="-83.74277"/>
      <trkpt lat="37.62829" lon="-83.74169"/>
      <trkpt lat="37.62824" lon="-83.74136"/>
      <trkpt lat="37.62823" lon="-83.7412"/>
      <trkpt lat="37.62822" lon="-83.74105"/>
      <trkpt lat="37.62823" lon="-83.74095"/>
      <trkpt lat="37.62824" lon="-83.7409"/>
      <trkpt lat="37.62826" lon="-83.74082"/>
      <trkpt lat="37.62827" lon="-83.74076"/>
      <trkpt lat="37.62833" lon="-83.74062"/>
      <trkpt lat="37.6284" lon="-83.74049"/>
      <trkpt lat="37.62868" lon="-83.74005"/>
      <trkpt lat="37.62879" lon="-83.73985"/>
      <trkpt lat="37.62886" lon="-83.7397"/>
      <trkpt lat="37.62891" lon="-83.73955"/>
      <trkpt lat="37.62895" lon="-83.73939"/>
      <trkpt lat="37.62898" lon="-83.73919"/>
      <trkpt lat="37.62898" lon="-83.73916"/>
      <trkpt lat="37.629" lon="-83.73883"/>
      <trkpt lat="37.62902" lon="-83.73833"/>
      <trkpt lat="37.62903" lon="-83.73799"/>
      <trkpt lat="37.62903" lon="-83.73782"/>
      <trkpt lat="37.62903" lon="-83.73765"/>
      <trkpt lat="37.62902" lon="-83.73756"/>
      <trkpt lat="37.62899" lon="-83.73739"/>
      <trkpt lat="37.62893" lon="-83.73723"/>
      <trkpt lat="37.62886" lon="-83.73708"/>
      <trkpt lat="37.62877" lon="-83.73696"/>
      <trkpt lat="37.62867" lon="-83.73685"/>
      <trkpt lat="37.62855" lon="-83.73675"/>
      <trkpt lat="37.6284" lon="-83.73665"/>
      <trkpt lat="37.62784" lon="-83.73631"/>
      <trkpt lat="37.62744" lon="-83.73608"/>
      <trkpt lat="37.6273" lon="-83.73599"/>
      <trkpt lat="37.62694" lon="-83.73577"/>
      <trkpt lat="37.62684" lon="-83.7357"/>
      <trkpt lat="37.62674" lon="-83.73561"/>
      <trkpt lat="37.62667" lon="-83.73551"/>
      <trkpt lat="37.62662" lon="-83.7354"/>
      <trkpt lat="37.62659" lon="-83.73528"/>
      <trkpt lat="37.62657" lon="-83.73516"/>
      <trkpt lat="37.62658" lon="-83.73503"/>
      <trkpt lat="37.6266" lon="-83.73489"/>
      <trkpt lat="37.62663" lon="-83.73474"/>
      <trkpt lat="37.62673" lon="-83.73431"/>
      <trkpt lat="37.62682" lon="-83.73394"/>
      <trkpt lat="37.62699" lon="-83.73322"/>
      <trkpt lat="37.62717" lon="-83.73247"/>
      <trkpt lat="37.62733" lon="-83.73178"/>
      <trkpt lat="37.62736" lon="-83.73161"/>
      <trkpt lat="37.62737" lon="-83.73153"/>
      <trkpt lat="37.62739" lon="-83.73143"/>
      <trkpt lat="37.62741" lon="-83.73125"/>
      <trkpt lat="37.62741" lon="-83.73107"/>
      <trkpt lat="37.62741" lon="-83.73102"/>
      <trkpt lat="37.62741" lon="-83.73091"/>
      <trkpt lat="37.62741" lon="-83.73071"/>
      <trkpt lat="37.6274" lon="-83.73055"/>
      <trkpt lat="37.62739" lon="-83.73039"/>
      <trkpt lat="37.62738" lon="-83.73018"/>
      <trkpt lat="37.62735" lon="-83.72993"/>
      <trkpt lat="37.62732" lon="-83.72975"/>
      <trkpt lat="37.62751" lon="-83.7297"/>
      <trkpt lat="37.62766" lon="-83.72964"/>
      <trkpt lat="37.62778" lon="-83.72957"/>
      <trkpt lat="37.62804" lon="-83.7294"/>
      <trkpt lat="37.62818" lon="-83.72928"/>
      <trkpt lat="37.62826" lon="-83.72919"/>
      <trkpt lat="37.62844" lon="-83.72897"/>
      <trkpt lat="37.62863" lon="-83.72868"/>
      <trkpt lat="37.6289" lon="-83.72818"/>
      <trkpt lat="37.62926" lon="-83.72751"/>
      <trkpt lat="37.62941" lon="-83.72724"/>
      <trkpt lat="37.62963" lon="-83.72688"/>
      <trkpt lat="37.62977" lon="-83.72669"/>
      <trkpt lat="37.62988" lon="-83.72659"/>
      <trkpt lat="37.62993" lon="-83.72654"/>
      <trkpt lat="37.62999" lon="-83.72651"/>
      <trkpt lat="37.63011" lon="-83.72644"/>
      <trkpt lat="37.63024" lon="-83.72639"/>
      <trkpt lat="37.63046" lon="-83.72631"/>
      <trkpt lat="37.63086" lon="-83.72618"/>
      <trkpt lat="37.63102" lon="-83.72611"/>
      <trkpt lat="37.63111" lon="-83.72606"/>
      <trkpt lat="37.63123" lon="-83.72597"/>
      <trkpt lat="37.63131" lon="-83.7259"/>
      <trkpt lat="37.63136" lon="-83.72584"/>
      <trkpt lat="37.63144" lon="-83.72571"/>
      <trkpt lat="37.63151" lon="-83.72557"/>
      <trkpt lat="37.63157" lon="-83.72542"/>
      <trkpt lat="37.63168" lon="-83.72511"/>
      <trkpt lat="37.63182" lon="-83.72475"/>
      <trkpt lat="37.63187" lon="-83.72463"/>
      <trkpt lat="37.63194" lon="-83.72448"/>
      <trkpt lat="37.63204" lon="-83.72429"/>
      <trkpt lat="37.63214" lon="-83.72413"/>
      <trkpt lat="37.63221" lon="-83.72401"/>
      <trkpt lat="37.63251" lon="-83.7236"/>
      <trkpt lat="37.6327" lon="-83.72335"/>
      <trkpt lat="37.63276" lon="-83.72328"/>
      <trkpt lat="37.6329" lon="-83.7231"/>
      <trkpt lat="37.63309" lon="-83.72287"/>
      <trkpt lat="37.63321" lon="-83.7227"/>
      <trkpt lat="37.63327" lon="-83.72262"/>
      <trkpt lat="37.63334" lon="-83.7225"/>
      <trkpt lat="37.6334" lon="-83.72238"/>
      <trkpt lat="37.63348" lon="-83.72216"/>
      <trkpt lat="37.6336" lon="-83.72183"/>
      <trkpt lat="37.63366" lon="-83.72169"/>
      <trkpt lat="37.6337" lon="-83.72163"/>
      <trkpt lat="37.63375" lon="-83.72158"/>
      <trkpt lat="37.63385" lon="-83.72147"/>
      <trkpt lat="37.63392" lon="-83.72142"/>
      <trkpt lat="37.63406" lon="-83.72137"/>
      <trkpt lat="37.63418" lon="-83.72135"/>
      <trkpt lat="37.63429" lon="-83.72137"/>
      <trkpt lat="37.6344" lon="-83.72141"/>
      <trkpt lat="37.63451" lon="-83.72147"/>
      <trkpt lat="37.6346" lon="-83.72155"/>
      <trkpt lat="37.63468" lon="-83.72167"/>
      <trkpt lat="37.63477" lon="-83.72184"/>
      <trkpt lat="37.63488" lon="-83.72205"/>
      <trkpt lat="37.63497" lon="-83.72215"/>
      <trkpt lat="37.63507" lon="-83.72223"/>
      <trkpt lat="37.63514" lon="-83.72227"/>
      <trkpt lat="37.63518" lon="-83.72229"/>
      <trkpt lat="37.63529" lon="-83.7223"/>
      <trkpt lat="37.63533" lon="-83.72229"/>
      <trkpt lat="37.6354" lon="-83.72227"/>
      <trkpt lat="37.63546" lon="-83.72223"/>
      <trkpt lat="37.63552" lon="-83.72217"/>
      <trkpt lat="37.63557" lon="-83.7221"/>
      <trkpt lat="37.63561" lon="-83.72203"/>
      <trkpt lat="37.63566" lon="-83.72191"/>
      <trkpt lat="37.63571" lon="-83.72173"/>
      <trkpt lat="37.63578" lon="-83.72145"/>
      <trkpt lat="37.63582" lon="-83.72131"/>
      <trkpt lat="37.63586" lon="-83.7212"/>
      <trkpt lat="37.63594" lon="-83.72107"/>
      <trkpt lat="37.63603" lon="-83.72097"/>
      <trkpt lat="37.63612" lon="-83.72088"/>
      <trkpt lat="37.63623" lon="-83.72079"/>
      <trkpt lat="37.63651" lon="-83.72059"/>
      <trkpt lat="37.6367" lon="-83.72045"/>
      <trkpt lat="37.63693" lon="-83.72026"/>
      <trkpt lat="37.63704" lon="-83.72015"/>
      <trkpt lat="37.63713" lon="-83.72003"/>
      <trkpt lat="37.63721" lon="-83.71989"/>
      <trkpt lat="37.63728" lon="-83.71974"/>
      <trkpt lat="37.63732" lon="-83.71959"/>
      <trkpt lat="37.63735" lon="-83.71943"/>
      <trkpt lat="37.63736" lon="-83.71926"/>
      <trkpt lat="37.63735" lon="-83.71909"/>
      <trkpt lat="37.63733" lon="-83.71892"/>
      <trkpt lat="37.63728" lon="-83.71875"/>
      <trkpt lat="37.63725" lon="-83.71867"/>
      <trkpt lat="37.63719" lon="-83.71855"/>
      <trkpt lat="37.63712" lon="-83.71843"/>
      <trkpt lat="37.63701" lon="-83.7183"/>
      <trkpt lat="37.63678" lon="-83.71808"/>
      <trkpt lat="37.63667" lon="-83.71796"/>
      <trkpt lat="37.63663" lon="-83.71789"/>
      <trkpt lat="37.63659" lon="-83.71781"/>
      <trkpt lat="37.63657" lon="-83.71773"/>
      <trkpt lat="37.63655" lon="-83.71766"/>
      <trkpt lat="37.63654" lon="-83.7175"/>
      <trkpt lat="37.63655" lon="-83.71734"/>
      <trkpt lat="37.63658" lon="-83.71718"/>
      <trkpt lat="37.63664" lon="-83.71685"/>
      <trkpt lat="37.63665" lon="-83.71667"/>
      <trkpt lat="37.63664" lon="-83.71654"/>
      <trkpt lat="37.63662" lon="-83.71645"/>
      <trkpt lat="37.63658" lon="-83.71633"/>
      <trkpt lat="37.63653" lon="-83.71626"/>
      <trkpt lat="37.63648" lon="-83.7162"/>
      <trkpt lat="37.63635" lon="-83.71611"/>
      <trkpt lat="37.63625" lon="-83.71605"/>
      <trkpt lat="37.63614" lon="-83.71607"/>
      <trkpt lat="37.63607" lon="-83.71609"/>
      <trkpt lat="37.63581" lon="-83.71619"/>
      <trkpt lat="37.63567" lon="-83.71622"/>
      <trkpt lat="37.63559" lon="-83.71622"/>
      <trkpt lat="37.63555" lon="-83.71622"/>
      <trkpt lat="37.63549" lon="-83.71619"/>
      <trkpt lat="37.63539" lon="-83.71613"/>
      <trkpt lat="37.63532" lon="-83.71604"/>
      <trkpt lat="37.63526" lon="-83.71593"/>
      <trkpt lat="37.63522" lon="-83.71579"/>
      <trkpt lat="37.63519" lon="-83.71565"/>
      <trkpt lat="37.63517" lon="-83.71549"/>
      <trkpt lat="37.63496" lon="-83.71333"/>
      <trkpt lat="37.63493" lon="-83.71303"/>
      <trkpt lat="37.63492" lon="-83.71265"/>
      <trkpt lat="37.63493" lon="-83.71233"/>
      <trkpt lat="37.63494" lon="-83.71214"/>
      <trkpt lat="37.63495" lon="-83.71132"/>
      <trkpt lat="37.63496" lon="-83.71084"/>
      <trkpt lat="37.635" lon="-83.71032"/>
      <trkpt lat="37.63508" lon="-83.7094"/>
      <trkpt lat="37.63513" lon="-83.70874"/>
      <trkpt lat="37.63512" lon="-83.7086"/>
      <trkpt lat="37.63511" lon="-83.70843"/>
      <trkpt lat="37.63506" lon="-83.70794"/>
      <trkpt lat="37.63504" lon="-83.70776"/>
      <trkpt lat="37.63504" lon="-83.70755"/>
      <trkpt lat="37.63507" lon="-83.7072"/>
      <trkpt lat="37.6351" lon="-83.70702"/>
      <trkpt lat="37.6351" lon="-83.70698"/>
      <trkpt lat="37.63524" lon="-83.70617"/>
      <trkpt lat="37.63534" lon="-83.70547"/>
      <trkpt lat="37.63536" lon="-83.70529"/>
      <trkpt lat="37.63542" lon="-83.70465"/>
      <trkpt lat="37.63545" lon="-83.70419"/>
      <trkpt lat="37.63545" lon="-83.70403"/>
      <trkpt lat="37.63544" lon="-83.70391"/>
      <trkpt lat="37.63541" lon="-83.70373"/>
      <trkpt lat="37.63538" lon="-83.70362"/>
      <trkpt lat="37.63533" lon="-83.70347"/>
      <trkpt lat="37.63508" lon="-83.70294"/>
      <trkpt lat="37.63503" lon="-83.70282"/>
      <trkpt lat="37.63498" lon="-83.70268"/>
      <trkpt lat="37.63497" lon="-83.70261"/>
      <trkpt lat="37.63495" lon="-83.70248"/>
      <trkpt lat="37.63496" lon="-83.70234"/>
      <trkpt lat="37.63498" lon="-83.70223"/>
      <trkpt lat="37.63502" lon="-83.70212"/>
      <trkpt lat="37.63505" lon="-83.70206"/>
      <trkpt lat="37.63509" lon="-83.70199"/>
      <trkpt lat="37.63514" lon="-83.70194"/>
      <trkpt lat="37.63522" lon="-83.70186"/>
      <trkpt lat="37.63527" lon="-83.70182"/>
      <trkpt lat="37.63536" lon="-83.70177"/>
      <trkpt lat="37.63549" lon="-83.70171"/>
      <trkpt lat="37.63594" lon="-83.70154"/>
      <trkpt lat="37.63604" lon="-83.7015"/>
      <trkpt lat="37.63616" lon="-83.70142"/>
      <trkpt lat="37.63629" lon="-83.70133"/>
      <trkpt lat="37.63638" lon="-83.70126"/>
      <trkpt lat="37.63649" lon="-83.70115"/>
      <trkpt lat="37.6366" lon="-83.70104"/>
      <trkpt lat="37.63691" lon="-83.70069"/>
      <trkpt lat="37.63701" lon="-83.70057"/>
      <trkpt lat="37.63716" lon="-83.70038"/>
      <trkpt lat="37.63727" lon="-83.70023"/>
      <trkpt lat="37.63738" lon="-83.70005"/>
      <trkpt lat="37.63746" lon="-83.69991"/>
      <trkpt lat="37.63752" lon="-83.6998"/>
      <trkpt lat="37.63768" lon="-83.69945"/>
      <trkpt lat="37.63809" lon="-83.69852"/>
      <trkpt lat="37.63831" lon="-83.69803"/>
      <trkpt lat="37.63869" lon="-83.69725"/>
      <trkpt lat="37.63879" lon="-83.69708"/>
      <trkpt lat="37.63626" lon="-83.69479"/>
      <trkpt lat="37.63664" lon="-83.69418"/>
      <trkpt lat="37.63504" lon="-83.69131"/>
      <trkpt lat="37.63471" lon="-83.69066"/>
      <trkpt lat="37.63427" lon="-83.68991"/>
      <trkpt lat="37.63409" lon="-83.68972"/>
      <trkpt lat="37.6339" lon="-83.68951"/>
      <trkpt lat="37.63374" lon="-83.68938"/>
      <trkpt lat="37.63359" lon="-83.68923"/>
      <trkpt lat="37.63338" lon="-83.68906"/>
      <trkpt lat="37.63316" lon="-83.68901"/>
      <trkpt lat="37.63292" lon="-83.68897"/>
      <trkpt lat="37.6326" lon="-83.68895"/>
      <trkpt lat="37.63226" lon="-83.68895"/>
      <trkpt lat="37.63185" lon="-83.689"/>
      <trkpt lat="37.63063" lon="-83.68908"/>
      <trkpt lat="37.62977" lon="-83.68918"/>
      <trkpt lat="37.6295" lon="-83.6892"/>
      <trkpt lat="37.62903" lon="-83.68925"/>
      <trkpt lat="37.62835" lon="-83.6893"/>
      <trkpt lat="37.62816" lon="-83.68928"/>
      <trkpt lat="37.62807" lon="-83.68924"/>
      <trkpt lat="37.62799" lon="-83.6892"/>
      <trkpt lat="37.62783" lon="-83.68908"/>
      <trkpt lat="37.62771" lon="-83.68892"/>
      <trkpt lat="37.62766" lon="-83.68884"/>
      <trkpt lat="37.62757" lon="-83.68865"/>
      <trkpt lat="37.62756" lon="-83.68861"/>
      <trkpt lat="37.6273" lon="-83.68793"/>
      <trkpt lat="37.62713" lon="-83.68752"/>
      <trkpt lat="37.62708" lon="-83.68742"/>
      <trkpt lat="37.62697" lon="-83.68726"/>
      <trkpt lat="37.62683" lon="-83.68712"/>
      <trkpt lat="37.62649" lon="-83.687"/>
      <trkpt lat="37.62631" lon="-83.68701"/>
      <trkpt lat="37.62617" lon="-83.68705"/>
      <trkpt lat="37.62588" lon="-83.68712"/>
      <trkpt lat="37.62579" lon="-83.68713"/>
      <trkpt lat="37.6257" lon="-83.68712"/>
      <trkpt lat="37.62561" lon="-83.6871"/>
      <trkpt lat="37.62545" lon="-83.68703"/>
      <trkpt lat="37.6253" lon="-83.68692"/>
      <trkpt lat="37.62518" lon="-83.68678"/>
      <trkpt lat="37.62501" lon="-83.68654"/>
      <trkpt lat="37.62482" lon="-83.6862"/>
      <trkpt lat="37.6246" lon="-83.68588"/>
      <trkpt lat="37.62447" lon="-83.68572"/>
      <trkpt lat="37.6243" lon="-83.68556"/>
      <trkpt lat="37.62419" lon="-83.68549"/>
      <trkpt lat="37.62404" lon="-83.68541"/>
      <trkpt lat="37.62389" lon="-83.68536"/>
      <trkpt lat="37.62381" lon="-83.68533"/>
      <trkpt lat="37.62327" lon="-83.68528"/>
      <trkpt lat="37.62291" lon="-83.68526"/>
      <trkpt lat="37.62273" lon="-83.68523"/>
      <trkpt lat="37.62253" lon="-83.68518"/>
      <trkpt lat="37.62243" lon="-83.68514"/>
      <trkpt lat="37.62235" lon="-83.6851"/>
      <trkpt lat="37.62222" lon="-83.68498"/>
      <trkpt lat="37.62212" lon="-83.68484"/>
      <trkpt lat="37.62203" lon="-83.68464"/>
      <trkpt lat="37.62184" lon="-83.68421"/>
      <trkpt lat="37.62178" lon="-83.68411"/>
      <trkpt lat="37.62165" lon="-83.68394"/>
      <trkpt lat="37.62148" lon="-83.68383"/>
      <trkpt lat="37.62139" lon="-83.68379"/>
      <trkpt lat="37.6213" lon="-83.68377"/>
      <trkpt lat="37.62112" lon="-83.68376"/>
      <trkpt lat="37.62094" lon="-83.68379"/>
      <trkpt lat="37.61969" lon="-83.6841"/>
      <trkpt lat="37.61941" lon="-83.6842"/>
      <trkpt lat="37.61923" lon="-83.68428"/>
      <trkpt lat="37.61897" lon="-83.68442"/>
      <trkpt lat="37.61872" lon="-83.68458"/>
      <trkpt lat="37.61861" lon="-83.68432"/>
      <trkpt lat="37.61852" lon="-83.68418"/>
      <trkpt lat="37.61846" lon="-83.68412"/>
      <trkpt lat="37.61839" lon="-83.68406"/>
      <trkpt lat="37.61816" lon="-83.68391"/>
      <trkpt lat="37.61803" lon="-83.68376"/>
      <trkpt lat="37.61781" lon="-83.68342"/>
      <trkpt lat="37.61758" lon="-83.68304"/>
      <trkpt lat="37.61762" lon="-83.68285"/>
      <trkpt lat="37.61764" lon="-83.68278"/>
      <trkpt lat="37.61768" lon="-83.6827"/>
      <trkpt lat="37.61777" lon="-83.68255"/>
      <trkpt lat="37.61783" lon="-83.68247"/>
      <trkpt lat="37.61797" lon="-83.68232"/>
      <trkpt lat="37.61804" lon="-83.68225"/>
      <trkpt lat="37.6182" lon="-83.68214"/>
      <trkpt lat="37.61836" lon="-83.68204"/>
      <trkpt lat="37.61851" lon="-83.68193"/>
      <trkpt lat="37.61862" lon="-83.68177"/>
      <trkpt lat="37.61872" lon="-83.68158"/>
      <trkpt lat="37.61882" lon="-83.68126"/>
      <trkpt lat="37.6189" lon="-83.68091"/>
      <trkpt lat="37.61897" lon="-83.68043"/>
      <trkpt lat="37.61897" lon="-83.68018"/>
      <trkpt lat="37.61895" lon="-83.67994"/>
      <trkpt lat="37.61891" lon="-83.67971"/>
      <trkpt lat="37.61884" lon="-83.67939"/>
      <trkpt lat="37.6188" lon="-83.67919"/>
      <trkpt lat="37.61879" lon="-83.67896"/>
      <trkpt lat="37.6188" lon="-83.67873"/>
      <trkpt lat="37.61885" lon="-83.67851"/>
      <trkpt lat="37.61895" lon="-83.67831"/>
      <trkpt lat="37.61915" lon="-83.67801"/>
      <trkpt lat="37.61936" lon="-83.67776"/>
      <trkpt lat="37.61958" lon="-83.67757"/>
      <trkpt lat="37.61967" lon="-83.6775"/>
      <trkpt lat="37.61982" lon="-83.67736"/>
      <trkpt lat="37.62" lon="-83.6771"/>
      <trkpt lat="37.62015" lon="-83.67683"/>
      <trkpt lat="37.62024" lon="-83.67656"/>
      <trkpt lat="37.62028" lon="-83.67638"/>
      <trkpt lat="37.62029" lon="-83.6763"/>
      <trkpt lat="37.62026" lon="-83.67606"/>
      <trkpt lat="37.62024" lon="-83.67598"/>
      <trkpt lat="37.62019" lon="-83.67578"/>
      <trkpt lat="37.62015" lon="-83.67564"/>
      <trkpt lat="37.62017" lon="-83.67548"/>
      <trkpt lat="37.62019" lon="-83.67536"/>
      <trkpt lat="37.62024" lon="-83.67517"/>
      <trkpt lat="37.62026" lon="-83.6751"/>
      <trkpt lat="37.62028" lon="-83.67497"/>
      <trkpt lat="37.62027" lon="-83.67487"/>
      <trkpt lat="37.62024" lon="-83.67472"/>
      <trkpt lat="37.62012" lon="-83.67417"/>
      <trkpt lat="37.62019" lon="-83.67399"/>
      <trkpt lat="37.62024" lon="-83.6739"/>
      <trkpt lat="37.62032" lon="-83.6738"/>
      <trkpt lat="37.6204" lon="-83.67364"/>
      <trkpt lat="37.62052" lon="-83.67335"/>
      <trkpt lat="37.62063" lon="-83.67312"/>
      <trkpt lat="37.62077" lon="-83.67288"/>
      <trkpt lat="37.62091" lon="-83.67271"/>
      <trkpt lat="37.62113" lon="-83.6725"/>
      <trkpt lat="37.62139" lon="-83.67233"/>
      <trkpt lat="37.62173" lon="-83.67205"/>
      <trkpt lat="37.62245" lon="-83.67144"/>
      <trkpt lat="37.62266" lon="-83.67124"/>
      <trkpt lat="37.62287" lon="-83.67102"/>
      <trkpt lat="37.62296" lon="-83.67089"/>
      <trkpt lat="37.62341" lon="-83.67012"/>
      <trkpt lat="37.62347" lon="-83.67002"/>
      <trkpt lat="37.62357" lon="-83.66995"/>
      <trkpt lat="37.62374" lon="-83.66993"/>
      <trkpt lat="37.62383" lon="-83.6699"/>
      <trkpt lat="37.62389" lon="-83.66986"/>
      <trkpt lat="37.624" lon="-83.66977"/>
      <trkpt lat="37.62414" lon="-83.66962"/>
      <trkpt lat="37.62426" lon="-83.66946"/>
      <trkpt lat="37.62433" lon="-83.6693"/>
      <trkpt lat="37.62445" lon="-83.66903"/>
      <trkpt lat="37.62447" lon="-83.66889"/>
      <trkpt lat="37.62449" lon="-83.66873"/>
      <trkpt lat="37.6245" lon="-83.66839"/>
      <trkpt lat="37.62448" lon="-83.66815"/>
      <trkpt lat="37.62444" lon="-83.66793"/>
      <trkpt lat="37.62451" lon="-83.66769"/>
      <trkpt lat="37.62461" lon="-83.66759"/>
      <trkpt lat="37.62493" lon="-83.6674"/>
      <trkpt lat="37.625" lon="-83.66735"/>
      <trkpt lat="37.62506" lon="-83.66729"/>
      <trkpt lat="37.62517" lon="-83.66715"/>
      <trkpt lat="37.62525" lon="-83.66701"/>
      <trkpt lat="37.62531" lon="-83.66687"/>
      <trkpt lat="37.62537" lon="-83.66672"/>
      <trkpt lat="37.62554" lon="-83.66602"/>
      <trkpt lat="37.62558" lon="-83.66587"/>
      <trkpt lat="37.62561" lon="-83.66573"/>
      <trkpt lat="37.62566" lon="-83.66511"/>
      <trkpt lat="37.62569" lon="-83.66448"/>
      <trkpt lat="37.62571" lon="-83.66418"/>
      <trkpt lat="37.62575" lon="-83.66398"/>
      <trkpt lat="37.62579" lon="-83.66387"/>
      <trkpt lat="37.62582" lon="-83.66382"/>
      <trkpt lat="37.62589" lon="-83.66376"/>
      <trkpt lat="37.62598" lon="-83.66372"/>
      <trkpt lat="37.62628" lon="-83.66363"/>
      <trkpt lat="37.62647" lon="-83.66355"/>
      <trkpt lat="37.62671" lon="-83.66342"/>
      <trkpt lat="37.6269" lon="-83.66331"/>
      <trkpt lat="37.62702" lon="-83.66329"/>
      <trkpt lat="37.62734" lon="-83.66322"/>
      <trkpt lat="37.62744" lon="-83.6632"/>
      <trkpt lat="37.62751" lon="-83.66314"/>
      <trkpt lat="37.62755" lon="-83.66308"/>
      <trkpt lat="37.62756" lon="-83.66299"/>
      <trkpt lat="37.62758" lon="-83.66268"/>
      <trkpt lat="37.62758" lon="-83.6623"/>
      <trkpt lat="37.6276" lon="-83.66214"/>
      <trkpt lat="37.62763" lon="-83.66205"/>
      <trkpt lat="37.62766" lon="-83.66196"/>
      <trkpt lat="37.62774" lon="-83.66184"/>
      <trkpt lat="37.62786" lon="-83.66172"/>
      <trkpt lat="37.62801" lon="-83.66161"/>
      <trkpt lat="37.62814" lon="-83.66156"/>
      <trkpt lat="37.6283" lon="-83.66152"/>
      <trkpt lat="37.62867" lon="-83.66149"/>
      <trkpt lat="37.62918" lon="-83.66134"/>
      <trkpt lat="37.62929" lon="-83.66128"/>
      <trkpt lat="37.62933" lon="-83.66123"/>
      <trkpt lat="37.62942" lon="-83.66118"/>
      <trkpt lat="37.62958" lon="-83.6611"/>
      <trkpt lat="37.62971" lon="-83.661"/>
      <trkpt lat="37.63001" lon="-83.66074"/>
      <trkpt lat="37.63017" lon="-83.66064"/>
      <trkpt lat="37.63026" lon="-83.66061"/>
      <trkpt lat="37.63039" lon="-83.66057"/>
      <trkpt lat="37.63054" lon="-83.66056"/>
      <trkpt lat="37.63065" lon="-83.66054"/>
      <trkpt lat="37.63076" lon="-83.6605"/>
      <trkpt lat="37.63094" lon="-83.6604"/>
      <trkpt lat="37.63113" lon="-83.66028"/>
      <trkpt lat="37.63133" lon="-83.66006"/>
      <trkpt lat="37.63154" lon="-83.65985"/>
      <trkpt lat="37.63171" lon="-83.65966"/>
      <trkpt lat="37.6318" lon="-83.65958"/>
      <trkpt lat="37.6319" lon="-83.6595"/>
      <trkpt lat="37.63211" lon="-83.65937"/>
      <trkpt lat="37.63238" lon="-83.65919"/>
      <trkpt lat="37.63272" lon="-83.65894"/>
      <trkpt lat="37.63303" lon="-83.65881"/>
      <trkpt lat="37.63316" lon="-83.65875"/>
      <trkpt lat="37.63322" lon="-83.65874"/>
      <trkpt lat="37.63334" lon="-83.65865"/>
      <trkpt lat="37.63364" lon="-83.65837"/>
      <trkpt lat="37.63382" lon="-83.65823"/>
      <trkpt lat="37.63441" lon="-83.65787"/>
      <trkpt lat="37.63486" lon="-83.65761"/>
      <trkpt lat="37.63523" lon="-83.65738"/>
      <trkpt lat="37.63537" lon="-83.65731"/>
      <trkpt lat="37.63546" lon="-83.65728"/>
      <trkpt lat="37.6356" lon="-83.65729"/>
      <trkpt lat="37.63574" lon="-83.65732"/>
      <trkpt lat="37.63591" lon="-83.65739"/>
      <trkpt lat="37.63605" lon="-83.65741"/>
      <trkpt lat="37.63621" lon="-83.65739"/>
      <trkpt lat="37.63649" lon="-83.65733"/>
      <trkpt lat="37.63694" lon="-83.65728"/>
      <trkpt lat="37.63709" lon="-83.65725"/>
      <trkpt lat="37.63726" lon="-83.65717"/>
      <trkpt lat="37.63734" lon="-83.6571"/>
      <trkpt lat="37.63738" lon="-83.65702"/>
      <trkpt lat="37.63747" lon="-83.65697"/>
      <trkpt lat="37.63762" lon="-83.65687"/>
      <trkpt lat="37.63771" lon="-83.6568"/>
      <trkpt lat="37.63784" lon="-83.65674"/>
      <trkpt lat="37.63796" lon="-83.65671"/>
      <trkpt lat="37.63807" lon="-83.65671"/>
      <trkpt lat="37.63822" lon="-83.65674"/>
      <trkpt lat="37.63828" lon="-83.65676"/>
      <trkpt lat="37.63853" lon="-83.65692"/>
      <trkpt lat="37.63899" lon="-83.65718"/>
      <trkpt lat="37.63916" lon="-83.65731"/>
      <trkpt lat="37.6393" lon="-83.65746"/>
      <trkpt lat="37.63948" lon="-83.65765"/>
      <trkpt lat="37.63974" lon="-83.65789"/>
      <trkpt lat="37.64015" lon="-83.65822"/>
      <trkpt lat="37.64035" lon="-83.65837"/>
      <trkpt lat="37.64049" lon="-83.65844"/>
      <trkpt lat="37.64062" lon="-83.65848"/>
      <trkpt lat="37.64074" lon="-83.65848"/>
      <trkpt lat="37.64089" lon="-83.65846"/>
      <trkpt lat="37.64098" lon="-83.65843"/>
      <trkpt lat="37.64116" lon="-83.65834"/>
      <trkpt lat="37.64125" lon="-83.65831"/>
      <trkpt lat="37.64144" lon="-83.65831"/>
      <trkpt lat="37.64173" lon="-83.65841"/>
      <trkpt lat="37.64201" lon="-83.65854"/>
      <trkpt lat="37.64242" lon="-83.65881"/>
      <trkpt lat="37.64269" lon="-83.659"/>
      <trkpt lat="37.64274" lon="-83.65904"/>
      <trkpt lat="37.64282" lon="-83.65911"/>
      <trkpt lat="37.64293" lon="-83.65923"/>
      <trkpt lat="37.64304" lon="-83.65937"/>
      <trkpt lat="37.64322" lon="-83.6597"/>
      <trkpt lat="37.64337" lon="-83.65995"/>
      <trkpt lat="37.64386" lon="-83.66069"/>
      <trkpt lat="37.6442" lon="-83.66116"/>
      <trkpt lat="37.64431" lon="-83.66134"/>
      <trkpt lat="37.64435" lon="-83.66145"/>
      <trkpt lat="37.64439" lon="-83.66168"/>
      <trkpt lat="37.64439" lon="-83.66179"/>
      <trkpt lat="37.64437" lon="-83.66211"/>
      <trkpt lat="37.64437" lon="-83.66222"/>
      <trkpt lat="37.64439" lon="-83.66232"/>
      <trkpt lat="37.64442" lon="-83.66241"/>
      <trkpt lat="37.64446" lon="-83.66251"/>
      <trkpt lat="37.64452" lon="-83.6626"/>
      <trkpt lat="37.64458" lon="-83.66268"/>
      <trkpt lat="37.64471" lon="-83.66287"/>
      <trkpt lat="37.64499" lon="-83.6632"/>
      <trkpt lat="37.64513" lon="-83.66335"/>
      <trkpt lat="37.6452" lon="-83.66342"/>
      <trkpt lat="37.64527" lon="-83.66347"/>
      <trkpt lat="37.64535" lon="-83.6635"/>
      <trkpt lat="37.64544" lon="-83.66351"/>
      <trkpt lat="37.64551" lon="-83.6635"/>
      <trkpt lat="37.64576" lon="-83.66342"/>
      <trkpt lat="37.64609" lon="-83.66324"/>
      <trkpt lat="37.64626" lon="-83.66313"/>
      <trkpt lat="37.64632" lon="-83.66307"/>
      <trkpt lat="37.64675" lon="-83.66262"/>
      <trkpt lat="37.64683" lon="-83.66255"/>
      <trkpt lat="37.64693" lon="-83.6625"/>
      <trkpt lat="37.64702" lon="-83.66247"/>
      <trkpt lat="37.64711" lon="-83.66245"/>
      <trkpt lat="37.6472" lon="-83.66245"/>
      <trkpt lat="37.64817" lon="-83.66252"/>
      <trkpt lat="37.64876" lon="-83.66251"/>
      <trkpt lat="37.64885" lon="-83.66252"/>
      <trkpt lat="37.64893" lon="-83.66255"/>
      <trkpt lat="37.6491" lon="-83.66262"/>
      <trkpt lat="37.64918" lon="-83.66268"/>
      <trkpt lat="37.64933" lon="-83.66283"/>
      <trkpt lat="37.6494" lon="-83.66292"/>
      <trkpt lat="37.64945" lon="-83.66302"/>
      <trkpt lat="37.6495" lon="-83.66313"/>
      <trkpt lat="37.6496" lon="-83.66345"/>
      <trkpt lat="37.64967" lon="-83.66364"/>
      <trkpt lat="37.64971" lon="-83.6637"/>
      <trkpt lat="37.64978" lon="-83.66377"/>
      <trkpt lat="37.64993" lon="-83.66382"/>
      <trkpt lat="37.65001" lon="-83.66384"/>
      <trkpt lat="37.65028" lon="-83.66384"/>
      <trkpt lat="37.6505" lon="-83.66378"/>
      <trkpt lat="37.65057" lon="-83.66377"/>
      <trkpt lat="37.65075" lon="-83.66378"/>
      <trkpt lat="37.65087" lon="-83.66382"/>
      <trkpt lat="37.65101" lon="-83.66387"/>
      <trkpt lat="37.65108" lon="-83.66391"/>
      <trkpt lat="37.65127" lon="-83.66401"/>
      <trkpt lat="37.65142" lon="-83.66411"/>
      <trkpt lat="37.65151" lon="-83.66415"/>
      <trkpt lat="37.65174" lon="-83.66428"/>
      <trkpt lat="37.652" lon="-83.66441"/>
      <trkpt lat="37.65206" lon="-83.66445"/>
      <trkpt lat="37.65214" lon="-83.66453"/>
      <trkpt lat="37.65218" lon="-83.66459"/>
      <trkpt lat="37.65222" lon="-83.66466"/>
      <trkpt lat="37.65224" lon="-83.66474"/>
      <trkpt lat="37.65224" lon="-83.66482"/>
      <trkpt lat="37.65223" lon="-83.6649"/>
      <trkpt lat="37.65221" lon="-83.66497"/>
      <trkpt lat="37.65219" lon="-83.66505"/>
      <trkpt lat="37.65197" lon="-83.66546"/>
      <trkpt lat="37.65192" lon="-83.66557"/>
      <trkpt lat="37.65189" lon="-83.66567"/>
      <trkpt lat="37.65189" lon="-83.66575"/>
      <trkpt lat="37.65191" lon="-83.66583"/>
      <trkpt lat="37.65195" lon="-83.66591"/>
      <trkpt lat="37.65199" lon="-83.66597"/>
      <trkpt lat="37.65205" lon="-83.66602"/>
      <trkpt lat="37.6521" lon="-83.66607"/>
      <trkpt lat="37.65218" lon="-83.66611"/>
      <trkpt lat="37.65228" lon="-83.66615"/>
      <trkpt lat="37.65263" lon="-83.6662"/>
      <trkpt lat="37.65274" lon="-83.66623"/>
      <trkpt lat="37.65286" lon="-83.66626"/>
      <trkpt lat="37.65298" lon="-83.6663"/>
      <trkpt lat="37.65306" lon="-83.66634"/>
      <trkpt lat="37.65314" lon="-83.66639"/>
      <trkpt lat="37.65323" lon="-83.66645"/>
      <trkpt lat="37.65329" lon="-83.6665"/>
      <trkpt lat="37.65336" lon="-83.66659"/>
      <trkpt lat="37.65343" lon="-83.6667"/>
      <trkpt lat="37.65347" lon="-83.66677"/>
      <trkpt lat="37.65356" lon="-83.66697"/>
      <trkpt lat="37.65368" lon="-83.66731"/>
      <trkpt lat="37.65372" lon="-83.66742"/>
      <trkpt lat="37.6538" lon="-83.66757"/>
      <trkpt lat="37.65388" lon="-83.66767"/>
      <trkpt lat="37.65398" lon="-83.66775"/>
      <trkpt lat="37.6541" lon="-83.66781"/>
      <trkpt lat="37.65418" lon="-83.66784"/>
      <trkpt lat="37.65432" lon="-83.66786"/>
      <trkpt lat="37.6545" lon="-83.66785"/>
      <trkpt lat="37.6546" lon="-83.66785"/>
      <trkpt lat="37.6547" lon="-83.66788"/>
      <trkpt lat="37.65479" lon="-83.66793"/>
      <trkpt lat="37.65487" lon="-83.668"/>
      <trkpt lat="37.65513" lon="-83.66826"/>
      <trkpt lat="37.65519" lon="-83.66832"/>
      <trkpt lat="37.65528" lon="-83.66837"/>
      <trkpt lat="37.65536" lon="-83.66842"/>
      <trkpt lat="37.6554" lon="-83.66843"/>
      <trkpt lat="37.65548" lon="-83.66846"/>
      <trkpt lat="37.65557" lon="-83.66846"/>
      <trkpt lat="37.65565" lon="-83.66843"/>
      <trkpt lat="37.65578" lon="-83.66838"/>
      <trkpt lat="37.6559" lon="-83.66832"/>
      <trkpt lat="37.65603" lon="-83.66827"/>
      <trkpt lat="37.65618" lon="-83.66823"/>
      <trkpt lat="37.65633" lon="-83.6682"/>
      <trkpt lat="37.65641" lon="-83.66817"/>
      <trkpt lat="37.65661" lon="-83.66816"/>
      <trkpt lat="37.65674" lon="-83.66817"/>
      <trkpt lat="37.6569" lon="-83.66822"/>
      <trkpt lat="37.65718" lon="-83.66836"/>
      <trkpt lat="37.65737" lon="-83.6684"/>
      <trkpt lat="37.65745" lon="-83.6684"/>
      <trkpt lat="37.65762" lon="-83.66837"/>
      <trkpt lat="37.65772" lon="-83.66834"/>
      <trkpt lat="37.65775" lon="-83.66833"/>
      <trkpt lat="37.65782" lon="-83.66833"/>
      <trkpt lat="37.65792" lon="-83.66837"/>
      <trkpt lat="37.658" lon="-83.6684"/>
      <trkpt lat="37.65806" lon="-83.66845"/>
      <trkpt lat="37.65817" lon="-83.66859"/>
      <trkpt lat="37.65828" lon="-83.66884"/>
      <trkpt lat="37.6584" lon="-83.66903"/>
      <trkpt lat="37.65849" lon="-83.66918"/>
      <trkpt lat="37.65864" lon="-83.66928"/>
      <trkpt lat="37.65872" lon="-83.66932"/>
      <trkpt lat="37.65889" lon="-83.66937"/>
      <trkpt lat="37.6592" lon="-83.66941"/>
      <trkpt lat="37.65931" lon="-83.66944"/>
      <trkpt lat="37.65941" lon="-83.6695"/>
      <trkpt lat="37.65948" lon="-83.66957"/>
      <trkpt lat="37.65952" lon="-83.66963"/>
      <trkpt lat="37.65956" lon="-83.6697"/>
      <trkpt lat="37.65965" lon="-83.66995"/>
      <trkpt lat="37.65969" lon="-83.67007"/>
      <trkpt lat="37.65976" lon="-83.67028"/>
      <trkpt lat="37.65982" lon="-83.67042"/>
      <trkpt lat="37.65987" lon="-83.67053"/>
      <trkpt lat="37.65994" lon="-83.67064"/>
      <trkpt lat="37.66005" lon="-83.67077"/>
      <trkpt lat="37.66011" lon="-83.67081"/>
      <trkpt lat="37.6602" lon="-83.67086"/>
      <trkpt lat="37.66031" lon="-83.67091"/>
      <trkpt lat="37.66041" lon="-83.67093"/>
      <trkpt lat="37.66054" lon="-83.67095"/>
      <trkpt lat="37.66063" lon="-83.67096"/>
      <trkpt lat="37.66076" lon="-83.67093"/>
      <trkpt lat="37.66087" lon="-83.6709"/>
      <trkpt lat="37.66098" lon="-83.67084"/>
      <trkpt lat="37.66113" lon="-83.67071"/>
      <trkpt lat="37.66132" lon="-83.67051"/>
      <trkpt lat="37.6614" lon="-83.67043"/>
      <trkpt lat="37.66156" lon="-83.67032"/>
      <trkpt lat="37.66176" lon="-83.67028"/>
      <trkpt lat="37.66184" lon="-83.67028"/>
      <trkpt lat="37.66194" lon="-83.67031"/>
      <trkpt lat="37.6623" lon="-83.67045"/>
      <trkpt lat="37.66233" lon="-83.67047"/>
      <trkpt lat="37.66241" lon="-83.67051"/>
      <trkpt lat="37.66254" lon="-83.67058"/>
      <trkpt lat="37.66287" lon="-83.67083"/>
      <trkpt lat="37.66299" lon="-83.67095"/>
      <trkpt lat="37.66304" lon="-83.671"/>
      <trkpt lat="37.66314" lon="-83.67118"/>
      <trkpt lat="37.66319" lon="-83.67134"/>
      <trkpt lat="37.66322" lon="-83.67147"/>
      <trkpt lat="37.66323" lon="-83.67152"/>
      <trkpt lat="37.66323" lon="-83.67168"/>
      <trkpt lat="37.66318" lon="-83.67182"/>
      <trkpt lat="37.66314" lon="-83.67188"/>
      <trkpt lat="37.66303" lon="-83.67204"/>
      <trkpt lat="37.66289" lon="-83.6722"/>
      <trkpt lat="37.66282" lon="-83.67229"/>
      <trkpt lat="37.66274" lon="-83.67243"/>
      <trkpt lat="37.66272" lon="-83.67249"/>
      <trkpt lat="37.66271" lon="-83.67256"/>
      <trkpt lat="37.66269" lon="-83.67267"/>
      <trkpt lat="37.6627" lon="-83.6728"/>
      <trkpt lat="37.6627" lon="-83.67284"/>
      <trkpt lat="37.66273" lon="-83.67293"/>
      <trkpt lat="37.66274" lon="-83.67298"/>
      <trkpt lat="37.66278" lon="-83.67304"/>
      <trkpt lat="37.66283" lon="-83.67309"/>
      <trkpt lat="37.66285" lon="-83.67311"/>
      <trkpt lat="37.66293" lon="-83.67316"/>
      <trkpt lat="37.66305" lon="-83.6732"/>
      <trkpt lat="37.66318" lon="-83.67321"/>
      <trkpt lat="37.66333" lon="-83.67322"/>
      <trkpt lat="37.66377" lon="-83.67317"/>
      <trkpt lat="37.66388" lon="-83.67317"/>
      <trkpt lat="37.66405" lon="-83.6732"/>
      <trkpt lat="37.66415" lon="-83.67326"/>
      <trkpt lat="37.66422" lon="-83.67332"/>
      <trkpt lat="37.66427" lon="-83.67339"/>
      <trkpt lat="37.6643" lon="-83.67346"/>
      <trkpt lat="37.66434" lon="-83.67364"/>
      <trkpt lat="37.66444" lon="-83.67411"/>
      <trkpt lat="37.6645" lon="-83.67423"/>
      <trkpt lat="37.66459" lon="-83.67432"/>
      <trkpt lat="37.66461" lon="-83.67434"/>
      <trkpt lat="37.66469" lon="-83.67438"/>
      <trkpt lat="37.66481" lon="-83.67441"/>
      <trkpt lat="37.66486" lon="-83.67442"/>
      <trkpt lat="37.66492" lon="-83.67442"/>
      <trkpt lat="37.66504" lon="-83.67441"/>
      <trkpt lat="37.66514" lon="-83.67439"/>
      <trkpt lat="37.66527" lon="-83.67433"/>
      <trkpt lat="37.66533" lon="-83.6743"/>
      <trkpt lat="37.66543" lon="-83.67426"/>
      <trkpt lat="37.66553" lon="-83.67421"/>
      <trkpt lat="37.66562" lon="-83.67416"/>
      <trkpt lat="37.66583" lon="-83.674"/>
      <trkpt lat="37.66594" lon="-83.67392"/>
      <trkpt lat="37.66606" lon="-83.67386"/>
      <trkpt lat="37.66616" lon="-83.67382"/>
      <trkpt lat="37.6663" lon="-83.67378"/>
      <trkpt lat="37.66641" lon="-83.67376"/>
      <trkpt lat="37.66681" lon="-83.67373"/>
      <trkpt lat="37.6669" lon="-83.67371"/>
      <trkpt lat="37.66697" lon="-83.67368"/>
      <trkpt lat="37.66701" lon="-83.67365"/>
      <trkpt lat="37.66705" lon="-83.67361"/>
      <trkpt lat="37.6671" lon="-83.67355"/>
      <trkpt lat="37.66718" lon="-83.67341"/>
      <trkpt lat="37.66725" lon="-83.67332"/>
      <trkpt lat="37.66735" lon="-83.67315"/>
      <trkpt lat="37.6674" lon="-83.67309"/>
      <trkpt lat="37.66748" lon="-83.67301"/>
      <trkpt lat="37.66756" lon="-83.67294"/>
      <trkpt lat="37.66764" lon="-83.67288"/>
      <trkpt lat="37.6678" lon="-83.67279"/>
      <trkpt lat="37.66824" lon="-83.67255"/>
      <trkpt lat="37.66841" lon="-83.67249"/>
      <trkpt lat="37.66851" lon="-83.67247"/>
      <trkpt lat="37.66864" lon="-83.67252"/>
      <trkpt lat="37.66871" lon="-83.67258"/>
      <trkpt lat="37.66878" lon="-83.67269"/>
      <trkpt lat="37.66893" lon="-83.67298"/>
      <trkpt lat="37.669" lon="-83.67309"/>
      <trkpt lat="37.66907" lon="-83.67319"/>
      <trkpt lat="37.6692" lon="-83.67327"/>
      <trkpt lat="37.66932" lon="-83.67333"/>
      <trkpt lat="37.66942" lon="-83.67339"/>
      <trkpt lat="37.66953" lon="-83.67347"/>
      <trkpt lat="37.66962" lon="-83.67357"/>
      <trkpt lat="37.66978" lon="-83.67383"/>
      <trkpt lat="37.66983" lon="-83.67394"/>
      <trkpt lat="37.66986" lon="-83.67406"/>
      <trkpt lat="37.66988" lon="-83.67416"/>
      <trkpt lat="37.66989" lon="-83.67426"/>
      <trkpt lat="37.66989" lon="-83.67453"/>
      <trkpt lat="37.66987" lon="-83.67469"/>
      <trkpt lat="37.66987" lon="-83.67487"/>
      <trkpt lat="37.66988" lon="-83.67503"/>
      <trkpt lat="37.6699" lon="-83.67514"/>
      <trkpt lat="37.66995" lon="-83.67525"/>
      <trkpt lat="37.67001" lon="-83.67534"/>
      <trkpt lat="37.67007" lon="-83.6754"/>
      <trkpt lat="37.6701" lon="-83.67544"/>
      <trkpt lat="37.6702" lon="-83.67551"/>
      <trkpt lat="37.67031" lon="-83.67557"/>
      <trkpt lat="37.67041" lon="-83.67561"/>
      <trkpt lat="37.67057" lon="-83.67567"/>
      <trkpt lat="37.67112" lon="-83.67588"/>
      <trkpt lat="37.67146" lon="-83.67602"/>
      <trkpt lat="37.67171" lon="-83.67614"/>
      <trkpt lat="37.67191" lon="-83.67623"/>
      <trkpt lat="37.67239" lon="-83.67648"/>
      <trkpt lat="37.67315" lon="-83.67689"/>
      <trkpt lat="37.67351" lon="-83.67707"/>
      <trkpt lat="37.67365" lon="-83.67713"/>
      <trkpt lat="37.67389" lon="-83.67723"/>
      <trkpt lat="37.67399" lon="-83.67727"/>
      <trkpt lat="37.67412" lon="-83.6773"/>
      <trkpt lat="37.67465" lon="-83.67741"/>
      <trkpt lat="37.67475" lon="-83.67744"/>
      <trkpt lat="37.67483" lon="-83.67748"/>
      <trkpt lat="37.67492" lon="-83.67755"/>
      <trkpt lat="37.67498" lon="-83.67762"/>
      <trkpt lat="37.67504" lon="-83.67769"/>
      <trkpt lat="37.67508" lon="-83.67779"/>
      <trkpt lat="37.6751" lon="-83.67785"/>
      <trkpt lat="37.67511" lon="-83.67792"/>
      <trkpt lat="37.67512" lon="-83.67804"/>
      <trkpt lat="37.67511" lon="-83.67812"/>
      <trkpt lat="37.6751" lon="-83.6782"/>
      <trkpt lat="37.67507" lon="-83.67825"/>
      <trkpt lat="37.67492" lon="-83.67854"/>
      <trkpt lat="37.67506" lon="-83.67863"/>
      <trkpt lat="37.6751" lon="-83.67866"/>
      <trkpt lat="37.67528" lon="-83.6788"/>
      <trkpt lat="37.67538" lon="-83.67888"/>
      <trkpt lat="37.67555" lon="-83.67904"/>
      <trkpt lat="37.67572" lon="-83.67922"/>
      <trkpt lat="37.67605" lon="-83.67959"/>
      <trkpt lat="37.67618" lon="-83.67975"/>
      <trkpt lat="37.67695" lon="-83.68064"/>
      <trkpt lat="37.67733" lon="-83.68109"/>
      <trkpt lat="37.67907" lon="-83.68311"/>
      <trkpt lat="37.67957" lon="-83.68368"/>
      <trkpt lat="37.67979" lon="-83.68392"/>
      <trkpt lat="37.67994" lon="-83.68409"/>
      <trkpt lat="37.67997" lon="-83.68411"/>
      <trkpt lat="37.68011" lon="-83.68425"/>
      <trkpt lat="37.68031" lon="-83.68441"/>
      <trkpt lat="37.68047" lon="-83.68453"/>
      <trkpt lat="37.68066" lon="-83.68466"/>
      <trkpt lat="37.68085" lon="-83.68477"/>
      <trkpt lat="37.68105" lon="-83.68486"/>
      <trkpt lat="37.6811" lon="-83.68488"/>
      <trkpt lat="37.68126" lon="-83.68493"/>
      <trkpt lat="37.68147" lon="-83.68499"/>
      <trkpt lat="37.68168" lon="-83.68503"/>
      <trkpt lat="37.68189" lon="-83.68504"/>
      <trkpt lat="37.68211" lon="-83.68505"/>
      <trkpt lat="37.68232" lon="-83.68503"/>
      <trkpt lat="37.68253" lon="-83.68501"/>
      <trkpt lat="37.68285" lon="-83.68496"/>
      <trkpt lat="37.6854" lon="-83.68449"/>
      <trkpt lat="37.68592" lon="-83.68441"/>
      <trkpt lat="37.68634" lon="-83.68435"/>
      <trkpt lat="37.68666" lon="-83.68431"/>
      <trkpt lat="37.68707" lon="-83.68427"/>
      <trkpt lat="37.68723" lon="-83.68426"/>
      <trkpt lat="37.68724" lon="-83.68451"/>
      <trkpt lat="37.68728" lon="-83.68475"/>
      <trkpt lat="37.68732" lon="-83.68488"/>
      <trkpt lat="37.68738" lon="-83.685"/>
      <trkpt lat="37.68742" lon="-83.68505"/>
      <trkpt lat="37.68752" lon="-83.68514"/>
      <trkpt lat="37.68762" lon="-83.68521"/>
      <trkpt lat="37.68801" lon="-83.68543"/>
      <trkpt lat="37.6883" lon="-83.68554"/>
      <trkpt lat="37.68853" lon="-83.6856"/>
      <trkpt lat="37.68963" lon="-83.6858"/>
      <trkpt lat="37.68973" lon="-83.68583"/>
      <trkpt lat="37.68976" lon="-83.68585"/>
      <trkpt lat="37.6898" lon="-83.68591"/>
      <trkpt lat="37.68979" lon="-83.68606"/>
      <trkpt lat="37.68967" lon="-83.68637"/>
      <trkpt lat="37.6896" lon="-83.68662"/>
      <trkpt lat="37.68956" lon="-83.68682"/>
      <trkpt lat="37.68954" lon="-83.68703"/>
      <trkpt lat="37.68951" lon="-83.68722"/>
      <trkpt lat="37.68949" lon="-83.6873"/>
      <trkpt lat="37.68944" lon="-83.6874"/>
      <trkpt lat="37.68942" lon="-83.68745"/>
      <trkpt lat="37.68937" lon="-83.68753"/>
      <trkpt lat="37.68924" lon="-83.68766"/>
      <trkpt lat="37.68896" lon="-83.68795"/>
      <trkpt lat="37.6889" lon="-83.68802"/>
      <trkpt lat="37.68877" lon="-83.68817"/>
      <trkpt lat="37.68864" lon="-83.68836"/>
      <trkpt lat="37.68842" lon="-83.68879"/>
      <trkpt lat="37.68828" lon="-83.68899"/>
      <trkpt lat="37.68805" lon="-83.68922"/>
      <trkpt lat="37.68797" lon="-83.68928"/>
      <trkpt lat="37.68783" lon="-83.68944"/>
      <trkpt lat="37.68777" lon="-83.68954"/>
      <trkpt lat="37.68772" lon="-83.68964"/>
      <trkpt lat="37.68769" lon="-83.68974"/>
      <trkpt lat="37.68767" lon="-83.68997"/>
      <trkpt lat="37.68767" lon="-83.69008"/>
      <trkpt lat="37.68769" lon="-83.69018"/>
      <trkpt lat="37.68776" lon="-83.69037"/>
      <trkpt lat="37.68787" lon="-83.69052"/>
      <trkpt lat="37.68808" lon="-83.69069"/>
      <trkpt lat="37.68815" lon="-83.69074"/>
      <trkpt lat="37.68823" lon="-83.69081"/>
      <trkpt lat="37.68831" lon="-83.69089"/>
      <trkpt lat="37.68837" lon="-83.69099"/>
      <trkpt lat="37.68841" lon="-83.6911"/>
      <trkpt lat="37.68843" lon="-83.69122"/>
      <trkpt lat="37.68843" lon="-83.69134"/>
      <trkpt lat="37.68842" lon="-83.69145"/>
      <trkpt lat="37.68838" lon="-83.69155"/>
      <trkpt lat="37.68834" lon="-83.69165"/>
      <trkpt lat="37.68825" lon="-83.69181"/>
      <trkpt lat="37.68796" lon="-83.69227"/>
      <trkpt lat="37.68792" lon="-83.69243"/>
      <trkpt lat="37.68799" lon="-83.69252"/>
      <trkpt lat="37.68785" lon="-83.69263"/>
      <trkpt lat="37.6878" lon="-83.69272"/>
      <trkpt lat="37.68753" lon="-83.69367"/>
      <trkpt lat="37.68748" lon="-83.69393"/>
      <trkpt lat="37.68746" lon="-83.69406"/>
      <trkpt lat="37.68745" lon="-83.69419"/>
      <trkpt lat="37.68745" lon="-83.69433"/>
      <trkpt lat="37.68747" lon="-83.69446"/>
      <trkpt lat="37.6875" lon="-83.69458"/>
      <trkpt lat="37.6876" lon="-83.69477"/>
      <trkpt lat="37.68772" lon="-83.69494"/>
      <trkpt lat="37.68798" lon="-83.69521"/>
      <trkpt lat="37.68817" lon="-83.69546"/>
      <trkpt lat="37.68836" lon="-83.69576"/>
      <trkpt lat="37.68866" lon="-83.69631"/>
      <trkpt lat="37.68873" lon="-83.69651"/>
      <trkpt lat="37.68874" lon="-83.69662"/>
      <trkpt lat="37.68875" lon="-83.69673"/>
      <trkpt lat="37.68875" lon="-83.69685"/>
      <trkpt lat="37.68873" lon="-83.69697"/>
      <trkpt lat="37.6887" lon="-83.69709"/>
      <trkpt lat="37.68865" lon="-83.6972"/>
      <trkpt lat="37.6886" lon="-83.69729"/>
      <trkpt lat="37.68853" lon="-83.69738"/>
      <trkpt lat="37.68846" lon="-83.69746"/>
      <trkpt lat="37.68828" lon="-83.69757"/>
      <trkpt lat="37.68789" lon="-83.6977"/>
      <trkpt lat="37.6877" lon="-83.69778"/>
      <trkpt lat="37.6876" lon="-83.69783"/>
      <trkpt lat="37.68744" lon="-83.69798"/>
      <trkpt lat="37.68736" lon="-83.69806"/>
      <trkpt lat="37.68719" lon="-83.69836"/>
      <trkpt lat="37.68714" lon="-83.69847"/>
      <trkpt lat="37.68702" lon="-83.69869"/>
      <trkpt lat="37.68688" lon="-83.6989"/>
      <trkpt lat="37.68673" lon="-83.69907"/>
      <trkpt lat="37.68651" lon="-83.69926"/>
      <trkpt lat="37.68642" lon="-83.69934"/>
      <trkpt lat="37.68621" lon="-83.69958"/>
      <trkpt lat="37.68612" lon="-83.69978"/>
      <trkpt lat="37.6861" lon="-83.69989"/>
      <trkpt lat="37.68608" lon="-83.70014"/>
      <trkpt lat="37.6861" lon="-83.70052"/>
      <trkpt lat="37.68609" lon="-83.70064"/>
      <trkpt lat="37.68607" lon="-83.70076"/>
      <trkpt lat="37.68605" lon="-83.70086"/>
      <trkpt lat="37.68601" lon="-83.70095"/>
      <trkpt lat="37.68596" lon="-83.70104"/>
      <trkpt lat="37.68568" lon="-83.70136"/>
      <trkpt lat="37.68553" lon="-83.70158"/>
      <trkpt lat="37.68548" lon="-83.70165"/>
      <trkpt lat="37.68542" lon="-83.70175"/>
      <trkpt lat="37.68538" lon="-83.70187"/>
      <trkpt lat="37.68535" lon="-83.702"/>
      <trkpt lat="37.68536" lon="-83.70253"/>
      <trkpt lat="37.68539" lon="-83.70281"/>
      <trkpt lat="37.68544" lon="-83.70308"/>
      <trkpt lat="37.68553" lon="-83.70345"/>
      <trkpt lat="37.68556" lon="-83.70356"/>
      <trkpt lat="37.68557" lon="-83.70367"/>
      <trkpt lat="37.68556" lon="-83.70377"/>
      <trkpt lat="37.68554" lon="-83.70387"/>
      <trkpt lat="37.68549" lon="-83.70395"/>
      <trkpt lat="37.68544" lon="-83.70402"/>
      <trkpt lat="37.68537" lon="-83.70406"/>
      <trkpt lat="37.6853" lon="-83.70408"/>
      <trkpt lat="37.68504" lon="-83.70412"/>
      <trkpt lat="37.68463" lon="-83.70414"/>
      <trkpt lat="37.68415" lon="-83.70413"/>
      <trkpt lat="37.68403" lon="-83.70414"/>
      <trkpt lat="37.68371" lon="-83.70417"/>
      <trkpt lat="37.6835" lon="-83.70422"/>
      <trkpt lat="37.68332" lon="-83.70428"/>
      <trkpt lat="37.68323" lon="-83.70432"/>
      <trkpt lat="37.68315" lon="-83.70437"/>
      <trkpt lat="37.68308" lon="-83.70443"/>
      <trkpt lat="37.68301" lon="-83.7045"/>
      <trkpt lat="37.68276" lon="-83.70484"/>
      <trkpt lat="37.68268" lon="-83.70492"/>
      <trkpt lat="37.68259" lon="-83.705"/>
      <trkpt lat="37.68249" lon="-83.70505"/>
      <trkpt lat="37.68227" lon="-83.70512"/>
      <trkpt lat="37.68145" lon="-83.70524"/>
      <trkpt lat="37.68123" lon="-83.70528"/>
      <trkpt lat="37.68102" lon="-83.70534"/>
      <trkpt lat="37.68093" lon="-83.70539"/>
      <trkpt lat="37.68068" lon="-83.70559"/>
      <trkpt lat="37.68047" lon="-83.70584"/>
      <trkpt lat="37.68005" lon="-83.70643"/>
      <trkpt lat="37.67986" lon="-83.70673"/>
      <trkpt lat="37.67975" lon="-83.70694"/>
      <trkpt lat="37.67967" lon="-83.70716"/>
      <trkpt lat="37.67962" lon="-83.70738"/>
      <trkpt lat="37.67955" lon="-83.70796"/>
      <trkpt lat="37.67956" lon="-83.70819"/>
      <trkpt lat="37.67958" lon="-83.70831"/>
      <trkpt lat="37.67961" lon="-83.70843"/>
      <trkpt lat="37.67966" lon="-83.70855"/>
      <trkpt lat="37.67977" lon="-83.70877"/>
      <trkpt lat="37.67995" lon="-83.70909"/>
      <trkpt lat="37.68001" lon="-83.70919"/>
      <trkpt lat="37.68009" lon="-83.70941"/>
      <trkpt lat="37.68021" lon="-83.70998"/>
      <trkpt lat="37.68031" lon="-83.7105"/>
      <trkpt lat="37.6805" lon="-83.71137"/>
      <trkpt lat="37.68058" lon="-83.71181"/>
      <trkpt lat="37.68062" lon="-83.71208"/>
      <trkpt lat="37.68062" lon="-83.7122"/>
      <trkpt lat="37.68062" lon="-83.71244"/>
      <trkpt lat="37.68056" lon="-83.71321"/>
      <trkpt lat="37.68053" lon="-83.71387"/>
      <trkpt lat="37.68046" lon="-83.71424"/>
      <trkpt lat="37.68045" lon="-83.71436"/>
      <trkpt lat="37.68046" lon="-83.71448"/>
      <trkpt lat="37.68049" lon="-83.71459"/>
      <trkpt lat="37.68052" lon="-83.71466"/>
      <trkpt lat="37.68054" lon="-83.71469"/>
      <trkpt lat="37.68069" lon="-83.71497"/>
      <trkpt lat="37.68072" lon="-83.71507"/>
      <trkpt lat="37.68073" lon="-83.71517"/>
      <trkpt lat="37.68073" lon="-83.71528"/>
      <trkpt lat="37.68071" lon="-83.71539"/>
      <trkpt lat="37.68068" lon="-83.7155"/>
      <trkpt lat="37.68042" lon="-83.71599"/>
      <trkpt lat="37.68035" lon="-83.7162"/>
      <trkpt lat="37.68032" lon="-83.71633"/>
      <trkpt lat="37.6803" lon="-83.71654"/>
      <trkpt lat="37.68031" lon="-83.71665"/>
      <trkpt lat="37.68041" lon="-83.71713"/>
      <trkpt lat="37.68047" lon="-83.71733"/>
      <trkpt lat="37.68049" lon="-83.71753"/>
      <trkpt lat="37.68047" lon="-83.71765"/>
      <trkpt lat="37.68042" lon="-83.71786"/>
      <trkpt lat="37.68036" lon="-83.71809"/>
      <trkpt lat="37.68032" lon="-83.71819"/>
      <trkpt lat="37.68022" lon="-83.71835"/>
      <trkpt lat="37.6801" lon="-83.71848"/>
      <trkpt lat="37.68003" lon="-83.71853"/>
      <trkpt lat="37.67994" lon="-83.71858"/>
      <trkpt lat="37.67975" lon="-83.71864"/>
      <trkpt lat="37.67955" lon="-83.71866"/>
      <trkpt lat="37.67945" lon="-83.71865"/>
      <trkpt lat="37.67915" lon="-83.71858"/>
      <trkpt lat="37.67905" lon="-83.71857"/>
      <trkpt lat="37.67888" lon="-83.71859"/>
      <trkpt lat="37.67881" lon="-83.71858"/>
      <trkpt lat="37.67863" lon="-83.71853"/>
      <trkpt lat="37.67868" lon="-83.71875"/>
      <trkpt lat="37.67874" lon="-83.71888"/>
      <trkpt lat="37.67881" lon="-83.71893"/>
      <trkpt lat="37.67884" lon="-83.71895"/>
      <trkpt lat="37.67895" lon="-83.71901"/>
      <trkpt lat="37.67905" lon="-83.71902"/>
      <trkpt lat="37.67931" lon="-83.71901"/>
      <trkpt lat="37.67945" lon="-83.71903"/>
      <trkpt lat="37.67959" lon="-83.71907"/>
      <trkpt lat="37.6797" lon="-83.71913"/>
      <trkpt lat="37.67974" lon="-83.71917"/>
      <trkpt lat="37.67987" lon="-83.71936"/>
      <trkpt lat="37.67993" lon="-83.71941"/>
      <trkpt lat="37.68003" lon="-83.71944"/>
      <trkpt lat="37.68014" lon="-83.71942"/>
      <trkpt lat="37.68024" lon="-83.71939"/>
      <trkpt lat="37.68031" lon="-83.71941"/>
      <trkpt lat="37.68047" lon="-83.71941"/>
      <trkpt lat="37.68059" lon="-83.71942"/>
      <trkpt lat="37.68071" lon="-83.71945"/>
      <trkpt lat="37.68075" lon="-83.71946"/>
      <trkpt lat="37.68079" lon="-83.71946"/>
      <trkpt lat="37.6809" lon="-83.71942"/>
      <trkpt lat="37.68097" lon="-83.71936"/>
      <trkpt lat="37.68103" lon="-83.71926"/>
      <trkpt lat="37.68113" lon="-83.71903"/>
      <trkpt lat="37.68132" lon="-83.71865"/>
      <trkpt lat="37.6815" lon="-83.71819"/>
      <trkpt lat="37.68169" lon="-83.71778"/>
      <trkpt lat="37.68183" lon="-83.71745"/>
      <trkpt lat="37.68188" lon="-83.7173"/>
      <trkpt lat="37.68193" lon="-83.71704"/>
      <trkpt lat="37.68207" lon="-83.71683"/>
      <trkpt lat="37.68214" lon="-83.71677"/>
      <trkpt lat="37.68224" lon="-83.71671"/>
      <trkpt lat="37.68251" lon="-83.71661"/>
      <trkpt lat="37.68321" lon="-83.71642"/>
      <trkpt lat="37.68358" lon="-83.71636"/>
      <trkpt lat="37.68364" lon="-83.71635"/>
      <trkpt lat="37.68375" lon="-83.71631"/>
      <trkpt lat="37.68379" lon="-83.71625"/>
      <trkpt lat="37.68389" lon="-83.71606"/>
      <trkpt lat="37.684" lon="-83.71591"/>
      <trkpt lat="37.68424" lon="-83.7157"/>
      <trkpt lat="37.68434" lon="-83.7155"/>
      <trkpt lat="37.68476" lon="-83.71484"/>
      <trkpt lat="37.68497" lon="-83.71456"/>
      <trkpt lat="37.68508" lon="-83.71446"/>
      <trkpt lat="37.6852" lon="-83.7144"/>
      <trkpt lat="37.6853" lon="-83.71438"/>
      <trkpt lat="37.68558" lon="-83.71433"/>
      <trkpt lat="37.68566" lon="-83.7143"/>
      <trkpt lat="37.68571" lon="-83.71426"/>
      <trkpt lat="37.68578" lon="-83.7142"/>
      <trkpt lat="37.68589" lon="-83.7141"/>
      <trkpt lat="37.68599" lon="-83.71404"/>
      <trkpt lat="37.68644" lon="-83.71393"/>
      <trkpt lat="37.68663" lon="-83.71385"/>
      <trkpt lat="37.68668" lon="-83.71381"/>
      <trkpt lat="37.6869" lon="-83.71358"/>
      <trkpt lat="37.68704" lon="-83.71331"/>
      <trkpt lat="37.68713" lon="-83.71316"/>
      <trkpt lat="37.68724" lon="-83.71301"/>
      <trkpt lat="37.68727" lon="-83.71295"/>
      <trkpt lat="37.68735" lon="-83.71261"/>
      <trkpt lat="37.68745" lon="-83.71237"/>
      <trkpt lat="37.68747" lon="-83.71231"/>
      <trkpt lat="37.68755" lon="-83.712"/>
      <trkpt lat="37.6876" lon="-83.71192"/>
      <trkpt lat="37.6879" lon="-83.71165"/>
      <trkpt lat="37.68812" lon="-83.7115"/>
      <trkpt lat="37.6882" lon="-83.71144"/>
      <trkpt lat="37.68831" lon="-83.71139"/>
      <trkpt lat="37.68843" lon="-83.71137"/>
      <trkpt lat="37.68853" lon="-83.71139"/>
      <trkpt lat="37.68864" lon="-83.71142"/>
      <trkpt lat="37.68889" lon="-83.71144"/>
      <trkpt lat="37.68894" lon="-83.71143"/>
      <trkpt lat="37.689" lon="-83.71136"/>
      <trkpt lat="37.68901" lon="-83.71132"/>
      <trkpt lat="37.68905" lon="-83.71123"/>
      <trkpt lat="37.68906" lon="-83.71118"/>
      <trkpt lat="37.68924" lon="-83.71065"/>
      <trkpt lat="37.6893" lon="-83.71052"/>
      <trkpt lat="37.68936" lon="-83.71046"/>
      <trkpt lat="37.68944" lon="-83.71043"/>
      <trkpt lat="37.68957" lon="-83.71041"/>
      <trkpt lat="37.68964" lon="-83.71041"/>
      <trkpt lat="37.68969" lon="-83.7101"/>
      <trkpt lat="37.68972" lon="-83.70999"/>
      <trkpt lat="37.6898" lon="-83.70978"/>
      <trkpt lat="37.68983" lon="-83.70948"/>
      <trkpt lat="37.68989" lon="-83.70935"/>
      <trkpt lat="37.68995" lon="-83.70927"/>
      <trkpt lat="37.69002" lon="-83.70922"/>
      <trkpt lat="37.69014" lon="-83.70917"/>
      <trkpt lat="37.69034" lon="-83.70916"/>
      <trkpt lat="37.69054" lon="-83.70917"/>
      <trkpt lat="37.69062" lon="-83.70919"/>
      <trkpt lat="37.69077" lon="-83.70917"/>
      <trkpt lat="37.6911" lon="-83.70904"/>
      <trkpt lat="37.69112" lon="-83.70903"/>
      <trkpt lat="37.69115" lon="-83.70901"/>
      <trkpt lat="37.69134" lon="-83.70871"/>
      <trkpt lat="37.69136" lon="-83.70863"/>
      <trkpt lat="37.69136" lon="-83.70859"/>
      <trkpt lat="37.69136" lon="-83.70853"/>
      <trkpt lat="37.69135" lon="-83.70845"/>
      <trkpt lat="37.69133" lon="-83.7084"/>
      <trkpt lat="37.69132" lon="-83.70835"/>
      <trkpt lat="37.69121" lon="-83.7082"/>
      <trkpt lat="37.69087" lon="-83.70794"/>
      <trkpt lat="37.69082" lon="-83.70788"/>
      <trkpt lat="37.69077" lon="-83.70778"/>
      <trkpt lat="37.69074" lon="-83.70764"/>
      <trkpt lat="37.69074" lon="-83.70758"/>
      <trkpt lat="37.69075" lon="-83.7075"/>
      <trkpt lat="37.69083" lon="-83.70724"/>
      <trkpt lat="37.69091" lon="-83.70711"/>
      <trkpt lat="37.69095" lon="-83.70706"/>
      <trkpt lat="37.69108" lon="-83.70696"/>
      <trkpt lat="37.69117" lon="-83.70693"/>
      <trkpt lat="37.69122" lon="-83.70692"/>
      <trkpt lat="37.69137" lon="-83.70693"/>
      <trkpt lat="37.69174" lon="-83.70687"/>
      <trkpt lat="37.69191" lon="-83.70689"/>
      <trkpt lat="37.69204" lon="-83.70689"/>
      <trkpt lat="37.69217" lon="-83.70686"/>
      <trkpt lat="37.69226" lon="-83.70681"/>
      <trkpt lat="37.69255" lon="-83.70662"/>
      <trkpt lat="37.69296" lon="-83.70634"/>
      <trkpt lat="37.69304" lon="-83.70627"/>
      <trkpt lat="37.69315" lon="-83.70615"/>
      <trkpt lat="37.69349" lon="-83.70575"/>
      <trkpt lat="37.69397" lon="-83.70527"/>
      <trkpt lat="37.69409" lon="-83.70513"/>
      <trkpt lat="37.69413" lon="-83.70506"/>
      <trkpt lat="37.69416" lon="-83.70499"/>
      <trkpt lat="37.69418" lon="-83.70488"/>
      <trkpt lat="37.69416" lon="-83.70473"/>
      <trkpt lat="37.69414" lon="-83.7046"/>
      <trkpt lat="37.69414" lon="-83.70442"/>
      <trkpt lat="37.69415" lon="-83.70418"/>
      <trkpt lat="37.69419" lon="-83.704"/>
      <trkpt lat="37.69431" lon="-83.70374"/>
      <trkpt lat="37.69442" lon="-83.70355"/>
      <trkpt lat="37.69461" lon="-83.70327"/>
      <trkpt lat="37.69469" lon="-83.70311"/>
      <trkpt lat="37.69494" lon="-83.70236"/>
      <trkpt lat="37.69508" lon="-83.70201"/>
      <trkpt lat="37.69527" lon="-83.70158"/>
      <trkpt lat="37.69558" lon="-83.70108"/>
      <trkpt lat="37.69563" lon="-83.70102"/>
      <trkpt lat="37.69587" lon="-83.70081"/>
      <trkpt lat="37.69594" lon="-83.70079"/>
      <trkpt lat="37.69602" lon="-83.70077"/>
      <trkpt lat="37.69621" lon="-83.70076"/>
      <trkpt lat="37.6967" lon="-83.70081"/>
      <trkpt lat="37.6968" lon="-83.70081"/>
      <trkpt lat="37.69693" lon="-83.70078"/>
      <trkpt lat="37.69749" lon="-83.7005"/>
      <trkpt lat="37.69811" lon="-83.70024"/>
      <trkpt lat="37.69836" lon="-83.70013"/>
      <trkpt lat="37.69849" lon="-83.70003"/>
      <trkpt lat="37.69857" lon="-83.69994"/>
      <trkpt lat="37.69869" lon="-83.69982"/>
      <trkpt lat="37.69887" lon="-83.69971"/>
      <trkpt lat="37.69894" lon="-83.69968"/>
      <trkpt lat="37.69911" lon="-83.69967"/>
      <trkpt lat="37.69926" lon="-83.69968"/>
      <trkpt lat="37.6995" lon="-83.69964"/>
      <trkpt lat="37.69972" lon="-83.69958"/>
      <trkpt lat="37.69981" lon="-83.69957"/>
      <trkpt lat="37.70002" lon="-83.69966"/>
      <trkpt lat="37.70032" lon="-83.69983"/>
      <trkpt lat="37.70044" lon="-83.69989"/>
      <trkpt lat="37.70051" lon="-83.69991"/>
      <trkpt lat="37.70058" lon="-83.69991"/>
      <trkpt lat="37.70065" lon="-83.6999"/>
      <trkpt lat="37.70078" lon="-83.69985"/>
      <trkpt lat="37.7009" lon="-83.69977"/>
      <trkpt lat="37.70112" lon="-83.69958"/>
      <trkpt lat="37.7013" lon="-83.69947"/>
      <trkpt lat="37.7015" lon="-83.69935"/>
      <trkpt lat="37.70156" lon="-83.69931"/>
      <trkpt lat="37.70166" lon="-83.69925"/>
      <trkpt lat="37.70178" lon="-83.69912"/>
      <trkpt lat="37.702" lon="-83.69886"/>
      <trkpt lat="37.70209" lon="-83.69874"/>
      <trkpt lat="37.7022" lon="-83.69852"/>
      <trkpt lat="37.70229" lon="-83.6983"/>
      <trkpt lat="37.70242" lon="-83.69791"/>
      <trkpt lat="37.70253" lon="-83.69761"/>
      <trkpt lat="37.70261" lon="-83.69745"/>
      <trkpt lat="37.70269" lon="-83.69732"/>
      <trkpt lat="37.70283" lon="-83.69715"/>
      <trkpt lat="37.70296" lon="-83.69701"/>
      <trkpt lat="37.70306" lon="-83.69693"/>
      <trkpt lat="37.70317" lon="-83.69689"/>
      <trkpt lat="37.70369" lon="-83.69677"/>
      <trkpt lat="37.70373" lon="-83.69678"/>
      <trkpt lat="37.70382" lon="-83.69682"/>
      <trkpt lat="37.70402" lon="-83.69696"/>
      <trkpt lat="37.70427" lon="-83.69707"/>
      <trkpt lat="37.70437" lon="-83.6971"/>
      <trkpt lat="37.70456" lon="-83.69713"/>
      <trkpt lat="37.70474" lon="-83.69714"/>
      <trkpt lat="37.70478" lon="-83.69713"/>
      <trkpt lat="37.70493" lon="-83.69707"/>
      <trkpt lat="37.70502" lon="-83.69702"/>
      <trkpt lat="37.7051" lon="-83.69696"/>
      <trkpt lat="37.70526" lon="-83.69679"/>
      <trkpt lat="37.70559" lon="-83.6965"/>
      <trkpt lat="37.70573" lon="-83.69632"/>
      <trkpt lat="37.70582" lon="-83.69625"/>
      <trkpt lat="37.70596" lon="-83.69617"/>
      <trkpt lat="37.70601" lon="-83.69615"/>
      <trkpt lat="37.70607" lon="-83.69614"/>
      <trkpt lat="37.70627" lon="-83.69606"/>
      <trkpt lat="37.70641" lon="-83.696"/>
      <trkpt lat="37.70655" lon="-83.69592"/>
      <trkpt lat="37.70664" lon="-83.6959"/>
      <trkpt lat="37.70668" lon="-83.69591"/>
      <trkpt lat="37.70672" lon="-83.69593"/>
      <trkpt lat="37.70676" lon="-83.69598"/>
      <trkpt lat="37.70677" lon="-83.69606"/>
      <trkpt lat="37.70676" lon="-83.69614"/>
      <trkpt lat="37.70665" lon="-83.69627"/>
      <trkpt lat="37.70651" lon="-83.69641"/>
      <trkpt lat="37.70638" lon="-83.69659"/>
      <trkpt lat="37.70633" lon="-83.69673"/>
      <trkpt lat="37.7063" lon="-83.69685"/>
      <trkpt lat="37.7063" lon="-83.69696"/>
      <trkpt lat="37.70631" lon="-83.69702"/>
      <trkpt lat="37.70633" lon="-83.69706"/>
      <trkpt lat="37.70636" lon="-83.69709"/>
      <trkpt lat="37.7064" lon="-83.6971"/>
      <trkpt lat="37.70645" lon="-83.6971"/>
      <trkpt lat="37.7065" lon="-83.69708"/>
      <trkpt lat="37.70657" lon="-83.69701"/>
      <trkpt lat="37.70686" lon="-83.69666"/>
      <trkpt lat="37.70723" lon="-83.69623"/>
      <trkpt lat="37.70735" lon="-83.69608"/>
      <trkpt lat="37.70757" lon="-83.69579"/>
      <trkpt lat="37.70774" lon="-83.69558"/>
      <trkpt lat="37.70784" lon="-83.69549"/>
      <trkpt lat="37.70792" lon="-83.69543"/>
      <trkpt lat="37.70808" lon="-83.69534"/>
      <trkpt lat="37.70858" lon="-83.69509"/>
      <trkpt lat="37.70967" lon="-83.69462"/>
      <trkpt lat="37.70975" lon="-83.6946"/>
      <trkpt lat="37.70991" lon="-83.69457"/>
      <trkpt lat="37.71002" lon="-83.69458"/>
      <trkpt lat="37.71021" lon="-83.69461"/>
      <trkpt lat="37.71034" lon="-83.69458"/>
      <trkpt lat="37.71037" lon="-83.69467"/>
      <trkpt lat="37.71041" lon="-83.69472"/>
      <trkpt lat="37.71046" lon="-83.69476"/>
      <trkpt lat="37.71049" lon="-83.69479"/>
      <trkpt lat="37.71057" lon="-83.69484"/>
      <trkpt lat="37.71067" lon="-83.69487"/>
      <trkpt lat="37.71088" lon="-83.69493"/>
      <trkpt lat="37.71116" lon="-83.69499"/>
      <trkpt lat="37.71142" lon="-83.69505"/>
      <trkpt lat="37.71152" lon="-83.69508"/>
      <trkpt lat="37.71162" lon="-83.69513"/>
      <trkpt lat="37.71171" lon="-83.69522"/>
      <trkpt lat="37.71177" lon="-83.69533"/>
      <trkpt lat="37.7118" lon="-83.6954"/>
      <trkpt lat="37.71182" lon="-83.69548"/>
      <trkpt lat="37.71184" lon="-83.69555"/>
      <trkpt lat="37.71186" lon="-83.69572"/>
      <trkpt lat="37.71188" lon="-83.69597"/>
      <trkpt lat="37.71192" lon="-83.69649"/>
      <trkpt lat="37.71194" lon="-83.69684"/>
      <trkpt lat="37.71198" lon="-83.69719"/>
      <trkpt lat="37.71198" lon="-83.69731"/>
      <trkpt lat="37.71201" lon="-83.69754"/>
      <trkpt lat="37.71205" lon="-83.69776"/>
      <trkpt lat="37.71207" lon="-83.69783"/>
      <trkpt lat="37.71211" lon="-83.69796"/>
      <trkpt lat="37.71217" lon="-83.69808"/>
      <trkpt lat="37.71225" lon="-83.69817"/>
      <trkpt lat="37.71234" lon="-83.69825"/>
      <trkpt lat="37.71244" lon="-83.69832"/>
      <trkpt lat="37.71259" lon="-83.6984"/>
      <trkpt lat="37.71267" lon="-83.69844"/>
      <trkpt lat="37.71277" lon="-83.69852"/>
      <trkpt lat="37.71287" lon="-83.69861"/>
      <trkpt lat="37.71304" lon="-83.6988"/>
      <trkpt lat="37.71313" lon="-83.69891"/>
      <trkpt lat="37.71333" lon="-83.69918"/>
      <trkpt lat="37.71353" lon="-83.69943"/>
      <trkpt lat="37.71361" lon="-83.69954"/>
      <trkpt lat="37.71365" lon="-83.6996"/>
      <trkpt lat="37.71368" lon="-83.69966"/>
      <trkpt lat="37.71373" lon="-83.6998"/>
      <trkpt lat="37.71377" lon="-83.69995"/>
      <trkpt lat="37.71378" lon="-83.70012"/>
      <trkpt lat="37.71377" lon="-83.70029"/>
      <trkpt lat="37.71369" lon="-83.7008"/>
      <trkpt lat="37.71357" lon="-83.70149"/>
      <trkpt lat="37.7135" lon="-83.70193"/>
      <trkpt lat="37.71347" lon="-83.70211"/>
      <trkpt lat="37.71347" lon="-83.70219"/>
      <trkpt lat="37.71346" lon="-83.70237"/>
      <trkpt lat="37.71347" lon="-83.70253"/>
      <trkpt lat="37.71354" lon="-83.70286"/>
      <trkpt lat="37.71359" lon="-83.70302"/>
      <trkpt lat="37.71366" lon="-83.70315"/>
      <trkpt lat="37.71374" lon="-83.70328"/>
      <trkpt lat="37.71383" lon="-83.70339"/>
      <trkpt lat="37.71389" lon="-83.70346"/>
      <trkpt lat="37.71393" lon="-83.7035"/>
      <trkpt lat="37.71434" lon="-83.70391"/>
      <trkpt lat="37.71454" lon="-83.70412"/>
      <trkpt lat="37.71464" lon="-83.70424"/>
      <trkpt lat="37.71475" lon="-83.70435"/>
      <trkpt lat="37.71531" lon="-83.70492"/>
      <trkpt lat="37.71569" lon="-83.70533"/>
      <trkpt lat="37.71589" lon="-83.70554"/>
      <trkpt lat="37.71645" lon="-83.70614"/>
      <trkpt lat="37.71657" lon="-83.70629"/>
      <trkpt lat="37.71668" lon="-83.70632"/>
      <trkpt lat="37.71664" lon="-83.7064"/>
      <trkpt lat="37.71668" lon="-83.70652"/>
      <trkpt lat="37.7167" lon="-83.70659"/>
      <trkpt lat="37.7167" lon="-83.70666"/>
      <trkpt lat="37.7167" lon="-83.70674"/>
      <trkpt lat="37.71669" lon="-83.70681"/>
      <trkpt lat="37.71665" lon="-83.70695"/>
      <trkpt lat="37.71662" lon="-83.70701"/>
      <trkpt lat="37.71655" lon="-83.70716"/>
      <trkpt lat="37.7165" lon="-83.70727"/>
      <trkpt lat="37.71636" lon="-83.70759"/>
      <trkpt lat="37.71632" lon="-83.70773"/>
      <trkpt lat="37.71629" lon="-83.70787"/>
      <trkpt lat="37.71627" lon="-83.70801"/>
      <trkpt lat="37.71639" lon="-83.70856"/>
      <trkpt lat="37.71647" lon="-83.70868"/>
      <trkpt lat="37.71655" lon="-83.70878"/>
      <trkpt lat="37.71664" lon="-83.70888"/>
      <trkpt lat="37.71689" lon="-83.70909"/>
      <trkpt lat="37.71716" lon="-83.70935"/>
      <trkpt lat="37.71762" lon="-83.70975"/>
      <trkpt lat="37.71783" lon="-83.70996"/>
      <trkpt lat="37.71802" lon="-83.71013"/>
      <trkpt lat="37.7184" lon="-83.71052"/>
      <trkpt lat="37.7187" lon="-83.71086"/>
      <trkpt lat="37.71945" lon="-83.71176"/>
      <trkpt lat="37.7197" lon="-83.71203"/>
      <trkpt lat="37.71987" lon="-83.71224"/>
      <trkpt lat="37.71995" lon="-83.71235"/>
      <trkpt lat="37.72001" lon="-83.71247"/>
      <trkpt lat="37.72004" lon="-83.7126"/>
      <trkpt lat="37.72005" lon="-83.71273"/>
      <trkpt lat="37.72002" lon="-83.71286"/>
      <trkpt lat="37.71996" lon="-83.71299"/>
      <trkpt lat="37.7199" lon="-83.7131"/>
      <trkpt lat="37.71984" lon="-83.71318"/>
      <trkpt lat="37.71939" lon="-83.71373"/>
      <trkpt lat="37.71912" lon="-83.71407"/>
      <trkpt lat="37.719" lon="-83.71425"/>
      <trkpt lat="37.71892" lon="-83.7144"/>
      <trkpt lat="37.71888" lon="-83.71451"/>
      <trkpt lat="37.71884" lon="-83.71465"/>
      <trkpt lat="37.71882" lon="-83.71483"/>
      <trkpt lat="37.71878" lon="-83.71526"/>
      <trkpt lat="37.71876" lon="-83.71543"/>
      <trkpt lat="37.71874" lon="-83.71553"/>
      <trkpt lat="37.71873" lon="-83.71559"/>
      <trkpt lat="37.71867" lon="-83.71583"/>
      <trkpt lat="37.71862" lon="-83.71598"/>
      <trkpt lat="37.71859" lon="-83.71606"/>
      <trkpt lat="37.71812" lon="-83.71692"/>
      <trkpt lat="37.71805" lon="-83.71705"/>
      <trkpt lat="37.71797" lon="-83.71718"/>
      <trkpt lat="37.71791" lon="-83.71732"/>
      <trkpt lat="37.71785" lon="-83.71746"/>
      <trkpt lat="37.71779" lon="-83.71768"/>
      <trkpt lat="37.71773" lon="-83.71799"/>
      <trkpt lat="37.71766" lon="-83.7186"/>
      <trkpt lat="37.71762" lon="-83.71882"/>
      <trkpt lat="37.71759" lon="-83.71896"/>
      <trkpt lat="37.71752" lon="-83.71924"/>
      <trkpt lat="37.71733" lon="-83.71976"/>
      <trkpt lat="37.71721" lon="-83.72001"/>
      <trkpt lat="37.71714" lon="-83.72013"/>
      <trkpt lat="37.71703" lon="-83.7203"/>
      <trkpt lat="37.71691" lon="-83.72044"/>
      <trkpt lat="37.71682" lon="-83.72051"/>
      <trkpt lat="37.71673" lon="-83.72057"/>
      <trkpt lat="37.71664" lon="-83.72063"/>
      <trkpt lat="37.71632" lon="-83.72079"/>
      <trkpt lat="37.71621" lon="-83.72089"/>
      <trkpt lat="37.71616" lon="-83.72098"/>
      <trkpt lat="37.71612" lon="-83.72111"/>
      <trkpt lat="37.71611" lon="-83.72118"/>
      <trkpt lat="37.71611" lon="-83.7213"/>
      <trkpt lat="37.71616" lon="-83.72149"/>
      <trkpt lat="37.71619" lon="-83.72159"/>
      <trkpt lat="37.71617" lon="-83.72178"/>
      <trkpt lat="37.71609" lon="-83.72224"/>
      <trkpt lat="37.71607" lon="-83.72237"/>
      <trkpt lat="37.71603" lon="-83.7225"/>
      <trkpt lat="37.71596" lon="-83.72262"/>
      <trkpt lat="37.71593" lon="-83.72267"/>
      <trkpt lat="37.71584" lon="-83.72277"/>
      <trkpt lat="37.7156" lon="-83.72298"/>
      <trkpt lat="37.71527" lon="-83.72322"/>
      <trkpt lat="37.71516" lon="-83.72329"/>
      <trkpt lat="37.71494" lon="-83.72341"/>
      <trkpt lat="37.71483" lon="-83.72347"/>
      <trkpt lat="37.71461" lon="-83.72355"/>
      <trkpt lat="37.71449" lon="-83.72358"/>
      <trkpt lat="37.71438" lon="-83.72361"/>
      <trkpt lat="37.71416" lon="-83.72361"/>
      <trkpt lat="37.71382" lon="-83.72358"/>
      <trkpt lat="37.71362" lon="-83.72358"/>
      <trkpt lat="37.71353" lon="-83.7236"/>
      <trkpt lat="37.71344" lon="-83.72364"/>
      <trkpt lat="37.71336" lon="-83.72372"/>
      <trkpt lat="37.71322" lon="-83.72393"/>
      <trkpt lat="37.71314" lon="-83.72403"/>
      <trkpt lat="37.71305" lon="-83.72412"/>
      <trkpt lat="37.71296" lon="-83.7242"/>
      <trkpt lat="37.71286" lon="-83.72427"/>
      <trkpt lat="37.71276" lon="-83.72432"/>
      <trkpt lat="37.71265" lon="-83.72435"/>
      <trkpt lat="37.71254" lon="-83.72436"/>
      <trkpt lat="37.71227" lon="-83.72425"/>
      <trkpt lat="37.71206" lon="-83.72396"/>
      <trkpt lat="37.71198" lon="-83.72385"/>
      <trkpt lat="37.71182" lon="-83.72359"/>
      <trkpt lat="37.71174" lon="-83.72348"/>
      <trkpt lat="37.71165" lon="-83.72338"/>
      <trkpt lat="37.71156" lon="-83.72332"/>
      <trkpt lat="37.71145" lon="-83.72327"/>
      <trkpt lat="37.71141" lon="-83.72327"/>
      <trkpt lat="37.71135" lon="-83.72327"/>
      <trkpt lat="37.71125" lon="-83.72329"/>
      <trkpt lat="37.71115" lon="-83.72335"/>
      <trkpt lat="37.71087" lon="-83.72356"/>
      <trkpt lat="37.71007" lon="-83.72427"/>
      <trkpt lat="37.70991" lon="-83.72443"/>
      <trkpt lat="37.70952" lon="-83.72478"/>
      <trkpt lat="37.70937" lon="-83.7249"/>
      <trkpt lat="37.70925" lon="-83.72497"/>
      <trkpt lat="37.70913" lon="-83.72503"/>
      <trkpt lat="37.709" lon="-83.72508"/>
      <trkpt lat="37.70887" lon="-83.72512"/>
      <trkpt lat="37.70872" lon="-83.72515"/>
      <trkpt lat="37.70817" lon="-83.72526"/>
      <trkpt lat="37.70775" lon="-83.72535"/>
      <trkpt lat="37.70769" lon="-83.72537"/>
      <trkpt lat="37.70758" lon="-83.72543"/>
      <trkpt lat="37.70746" lon="-83.7255"/>
      <trkpt lat="37.7072" lon="-83.7257"/>
      <trkpt lat="37.70704" lon="-83.72582"/>
      <trkpt lat="37.70693" lon="-83.72589"/>
      <trkpt lat="37.70682" lon="-83.72595"/>
      <trkpt lat="37.70671" lon="-83.72598"/>
      <trkpt lat="37.70659" lon="-83.72599"/>
      <trkpt lat="37.70648" lon="-83.72597"/>
      <trkpt lat="37.70639" lon="-83.7259"/>
      <trkpt lat="37.70629" lon="-83.72583"/>
      <trkpt lat="37.70602" lon="-83.72553"/>
      <trkpt lat="37.70593" lon="-83.72544"/>
      <trkpt lat="37.70583" lon="-83.72538"/>
      <trkpt lat="37.70572" lon="-83.72534"/>
      <trkpt lat="37.70562" lon="-83.72532"/>
      <trkpt lat="37.70555" lon="-83.72533"/>
      <trkpt lat="37.70536" lon="-83.72539"/>
      <trkpt lat="37.70532" lon="-83.72541"/>
      <trkpt lat="37.70457" lon="-83.72584"/>
      <trkpt lat="37.70396" lon="-83.72619"/>
      <trkpt lat="37.70371" lon="-83.72634"/>
      <trkpt lat="37.70365" lon="-83.72638"/>
      <trkpt lat="37.70348" lon="-83.72651"/>
      <trkpt lat="37.7031" lon="-83.72687"/>
      <trkpt lat="37.70295" lon="-83.72702"/>
      <trkpt lat="37.70283" lon="-83.72712"/>
      <trkpt lat="37.70272" lon="-83.7272"/>
      <trkpt lat="37.7026" lon="-83.72726"/>
      <trkpt lat="37.70247" lon="-83.7273"/>
      <trkpt lat="37.70241" lon="-83.72731"/>
      <trkpt lat="37.70227" lon="-83.72732"/>
      <trkpt lat="37.7022" lon="-83.72731"/>
      <trkpt lat="37.70192" lon="-83.72726"/>
      <trkpt lat="37.7013" lon="-83.72712"/>
      <trkpt lat="37.70128" lon="-83.72704"/>
      <trkpt lat="37.70126" lon="-83.727"/>
      <trkpt lat="37.70128" lon="-83.72704"/>
      <trkpt lat="37.7013" lon="-83.72712"/>
      <trkpt lat="37.70081" lon="-83.72702"/>
      <trkpt lat="37.70054" lon="-83.72698"/>
      <trkpt lat="37.70015" lon="-83.72694"/>
      <trkpt lat="37.69947" lon="-83.72692"/>
      <trkpt lat="37.69913" lon="-83.72693"/>
      <trkpt lat="37.6988" lon="-83.72692"/>
      <trkpt lat="37.6987" lon="-83.72692"/>
      <trkpt lat="37.69855" lon="-83.72695"/>
      <trkpt lat="37.69843" lon="-83.72701"/>
      <trkpt lat="37.69833" lon="-83.72707"/>
      <trkpt lat="37.69823" lon="-83.72717"/>
      <trkpt lat="37.6981" lon="-83.72737"/>
      <trkpt lat="37.698" lon="-83.72755"/>
      <trkpt lat="37.69797" lon="-83.72762"/>
      <trkpt lat="37.69791" lon="-83.72777"/>
      <trkpt lat="37.69773" lon="-83.72828"/>
      <trkpt lat="37.6975" lon="-83.72887"/>
      <trkpt lat="37.69744" lon="-83.72901"/>
      <trkpt lat="37.69731" lon="-83.72925"/>
      <trkpt lat="37.69719" lon="-83.72942"/>
      <trkpt lat="37.69711" lon="-83.72953"/>
      <trkpt lat="37.69673" lon="-83.72995"/>
      <trkpt lat="37.69655" lon="-83.73016"/>
      <trkpt lat="37.69646" lon="-83.73028"/>
      <trkpt lat="37.6964" lon="-83.7304"/>
      <trkpt lat="37.69637" lon="-83.73046"/>
      <trkpt lat="37.69632" lon="-83.73059"/>
      <trkpt lat="37.69619" lon="-83.73109"/>
      <trkpt lat="37.69615" lon="-83.73123"/>
      <trkpt lat="37.69609" lon="-83.73136"/>
      <trkpt lat="37.69602" lon="-83.73149"/>
      <trkpt lat="37.69592" lon="-83.73162"/>
      <trkpt lat="37.6958" lon="-83.73175"/>
      <trkpt lat="37.69572" lon="-83.73182"/>
      <trkpt lat="37.69561" lon="-83.73189"/>
      <trkpt lat="37.6954" lon="-83.73199"/>
      <trkpt lat="37.69525" lon="-83.73204"/>
      <trkpt lat="37.695" lon="-83.73213"/>
      <trkpt lat="37.69475" lon="-83.73223"/>
      <trkpt lat="37.69456" lon="-83.73235"/>
      <trkpt lat="37.69438" lon="-83.73246"/>
      <trkpt lat="37.69409" lon="-83.73268"/>
      <trkpt lat="37.69403" lon="-83.73273"/>
      <trkpt lat="37.69381" lon="-83.73297"/>
      <trkpt lat="37.69349" lon="-83.73336"/>
      <trkpt lat="37.69341" lon="-83.73348"/>
      <trkpt lat="37.69337" lon="-83.73355"/>
      <trkpt lat="37.6933" lon="-83.7337"/>
      <trkpt lat="37.69328" lon="-83.73376"/>
      <trkpt lat="37.69322" lon="-83.73402"/>
      <trkpt lat="37.69318" lon="-83.73416"/>
      <trkpt lat="37.69313" lon="-83.73428"/>
      <trkpt lat="37.6931" lon="-83.73434"/>
      <trkpt lat="37.69293" lon="-83.73459"/>
      <trkpt lat="37.69285" lon="-83.73473"/>
      <trkpt lat="37.6928" lon="-83.73485"/>
      <trkpt lat="37.69267" lon="-83.73521"/>
      <trkpt lat="37.6925" lon="-83.73574"/>
      <trkpt lat="37.69244" lon="-83.7359"/>
      <trkpt lat="37.69237" lon="-83.73606"/>
      <trkpt lat="37.6923" lon="-83.73621"/>
      <trkpt lat="37.69215" lon="-83.73647"/>
      <trkpt lat="37.69193" lon="-83.73684"/>
      <trkpt lat="37.69163" lon="-83.7373"/>
      <trkpt lat="37.69154" lon="-83.73744"/>
      <trkpt lat="37.691" lon="-83.73828"/>
      <trkpt lat="37.69084" lon="-83.73854"/>
      <trkpt lat="37.69074" lon="-83.73869"/>
      <trkpt lat="37.6907" lon="-83.73874"/>
      <trkpt lat="37.69057" lon="-83.73888"/>
      <trkpt lat="37.69043" lon="-83.73899"/>
      <trkpt lat="37.69036" lon="-83.73904"/>
      <trkpt lat="37.69027" lon="-83.7391"/>
      <trkpt lat="37.68995" lon="-83.73924"/>
      <trkpt lat="37.68964" lon="-83.73938"/>
      <trkpt lat="37.68942" lon="-83.73946"/>
      <trkpt lat="37.68916" lon="-83.73951"/>
      <trkpt lat="37.68876" lon="-83.73957"/>
      <trkpt lat="37.68855" lon="-83.73964"/>
      <trkpt lat="37.68835" lon="-83.73974"/>
      <trkpt lat="37.68825" lon="-83.73982"/>
      <trkpt lat="37.68811" lon="-83.73993"/>
      <trkpt lat="37.68774" lon="-83.7403"/>
      <trkpt lat="37.68747" lon="-83.74053"/>
      <trkpt lat="37.68737" lon="-83.74061"/>
      <trkpt lat="37.68723" lon="-83.7407"/>
      <trkpt lat="37.68711" lon="-83.74077"/>
      <trkpt lat="37.68694" lon="-83.74084"/>
      <trkpt lat="37.68681" lon="-83.74087"/>
      <trkpt lat="37.68667" lon="-83.74089"/>
      <trkpt lat="37.68631" lon="-83.74091"/>
      <trkpt lat="37.68611" lon="-83.74095"/>
      <trkpt lat="37.68595" lon="-83.74106"/>
      <trkpt lat="37.68587" lon="-83.74113"/>
      <trkpt lat="37.68553" lon="-83.7415"/>
      <trkpt lat="37.68542" lon="-83.74161"/>
      <trkpt lat="37.68533" lon="-83.74169"/>
      <trkpt lat="37.68528" lon="-83.74173"/>
      <trkpt lat="37.68508" lon="-83.74184"/>
      <trkpt lat="37.68453" lon="-83.74211"/>
      <trkpt lat="37.68439" lon="-83.74221"/>
      <trkpt lat="37.6843" lon="-83.74229"/>
      <trkpt lat="37.68424" lon="-83.74237"/>
      <trkpt lat="37.68415" lon="-83.74251"/>
      <trkpt lat="37.68365" lon="-83.74353"/>
      <trkpt lat="37.68364" lon="-83.74357"/>
      <trkpt lat="37.6835" lon="-83.74382"/>
      <trkpt lat="37.68346" lon="-83.74388"/>
      <trkpt lat="37.68336" lon="-83.74398"/>
      <trkpt lat="37.68328" lon="-83.74406"/>
      <trkpt lat="37.68295" lon="-83.74429"/>
      <trkpt lat="37.68288" lon="-83.74435"/>
      <trkpt lat="37.68281" lon="-83.74441"/>
      <trkpt lat="37.68276" lon="-83.74446"/>
      <trkpt lat="37.68267" lon="-83.7446"/>
      <trkpt lat="37.68259" lon="-83.74475"/>
      <trkpt lat="37.68254" lon="-83.74491"/>
      <trkpt lat="37.6825" lon="-83.74508"/>
      <trkpt lat="37.68244" lon="-83.74524"/>
      <trkpt lat="37.68236" lon="-83.74537"/>
      <trkpt lat="37.6823" lon="-83.74544"/>
      <trkpt lat="37.68225" lon="-83.74548"/>
      <trkpt lat="37.68209" lon="-83.74558"/>
      <trkpt lat="37.68165" lon="-83.74576"/>
      <trkpt lat="37.68161" lon="-83.74577"/>
      <trkpt lat="37.68128" lon="-83.746"/>
      <trkpt lat="37.68116" lon="-83.7461"/>
      <trkpt lat="37.68105" lon="-83.74622"/>
      <trkpt lat="37.68099" lon="-83.74629"/>
      <trkpt lat="37.68095" lon="-83.74636"/>
      <trkpt lat="37.68091" lon="-83.74645"/>
      <trkpt lat="37.68086" lon="-83.74662"/>
      <trkpt lat="37.68083" lon="-83.74672"/>
      <trkpt lat="37.68076" lon="-83.74731"/>
      <trkpt lat="37.68071" lon="-83.74755"/>
      <trkpt lat="37.68069" lon="-83.74765"/>
      <trkpt lat="37.68066" lon="-83.74772"/>
      <trkpt lat="37.68049" lon="-83.74806"/>
      <trkpt lat="37.68042" lon="-83.74817"/>
      <trkpt lat="37.68036" lon="-83.74824"/>
      <trkpt lat="37.68032" lon="-83.74829"/>
      <trkpt lat="37.68026" lon="-83.74835"/>
      <trkpt lat="37.68021" lon="-83.74838"/>
      <trkpt lat="37.68014" lon="-83.74843"/>
      <trkpt lat="37.68008" lon="-83.74845"/>
      <trkpt lat="37.67993" lon="-83.74849"/>
      <trkpt lat="37.67964" lon="-83.74852"/>
      <trkpt lat="37.6795" lon="-83.74856"/>
      <trkpt lat="37.67947" lon="-83.74858"/>
      <trkpt lat="37.67936" lon="-83.74864"/>
      <trkpt lat="37.67913" lon="-83.74882"/>
      <trkpt lat="37.67899" lon="-83.74891"/>
      <trkpt lat="37.67867" lon="-83.74906"/>
      <trkpt lat="37.67857" lon="-83.74913"/>
      <trkpt lat="37.67848" lon="-83.74921"/>
      <trkpt lat="37.6784" lon="-83.74935"/>
      <trkpt lat="37.67833" lon="-83.74953"/>
      <trkpt lat="37.67827" lon="-83.74969"/>
      <trkpt lat="37.67821" lon="-83.74985"/>
      <trkpt lat="37.67813" lon="-83.75"/>
      <trkpt lat="37.67769" lon="-83.75079"/>
      <trkpt lat="37.67758" lon="-83.75098"/>
      <trkpt lat="37.67728" lon="-83.75146"/>
      <trkpt lat="37.67718" lon="-83.75159"/>
      <trkpt lat="37.67691" lon="-83.75191"/>
      <trkpt lat="37.6766" lon="-83.75223"/>
      <trkpt lat="37.67645" lon="-83.7524"/>
      <trkpt lat="37.67624" lon="-83.75257"/>
      <trkpt lat="37.6761" lon="-83.75266"/>
      <trkpt lat="37.67599" lon="-83.7527"/>
      <trkpt lat="37.67586" lon="-83.75268"/>
      <trkpt lat="37.67578" lon="-83.75265"/>
      <trkpt lat="37.6755" lon="-83.75252"/>
      <trkpt lat="37.67539" lon="-83.75249"/>
      <trkpt lat="37.67529" lon="-83.75249"/>
      <trkpt lat="37.67519" lon="-83.75252"/>
      <trkpt lat="37.67516" lon="-83.75253"/>
      <trkpt lat="37.67463" lon="-83.75291"/>
      <trkpt lat="37.67454" lon="-83.75298"/>
      <trkpt lat="37.67447" lon="-83.75306"/>
      <trkpt lat="37.67441" lon="-83.75311"/>
      <trkpt lat="37.67436" lon="-83.75317"/>
      <trkpt lat="37.6743" lon="-83.75322"/>
      <trkpt lat="37.67419" lon="-83.75331"/>
      <trkpt lat="37.67395" lon="-83.75345"/>
      <trkpt lat="37.67386" lon="-83.75349"/>
      <trkpt lat="37.67381" lon="-83.75351"/>
      <trkpt lat="37.67357" lon="-83.75354"/>
      <trkpt lat="37.67341" lon="-83.75354"/>
      <trkpt lat="37.67323" lon="-83.75354"/>
      <trkpt lat="37.67305" lon="-83.75353"/>
      <trkpt lat="37.67291" lon="-83.75351"/>
      <trkpt lat="37.67268" lon="-83.7535"/>
      <trkpt lat="37.67256" lon="-83.75352"/>
      <trkpt lat="37.67231" lon="-83.75362"/>
      <trkpt lat="37.67222" lon="-83.75368"/>
      <trkpt lat="37.67215" lon="-83.75377"/>
      <trkpt lat="37.67208" lon="-83.75391"/>
      <trkpt lat="37.67202" lon="-83.75408"/>
      <trkpt lat="37.67198" lon="-83.7542"/>
      <trkpt lat="37.67193" lon="-83.75429"/>
      <trkpt lat="37.67187" lon="-83.75438"/>
      <trkpt lat="37.67179" lon="-83.75446"/>
      <trkpt lat="37.67172" lon="-83.7545"/>
      <trkpt lat="37.67161" lon="-83.7545"/>
      <trkpt lat="37.67151" lon="-83.75448"/>
      <trkpt lat="37.67139" lon="-83.75449"/>
      <trkpt lat="37.6709" lon="-83.75473"/>
      <trkpt lat="37.67076" lon="-83.75476"/>
      <trkpt lat="37.67046" lon="-83.75476"/>
      <trkpt lat="37.6702" lon="-83.75473"/>
      <trkpt lat="37.66942" lon="-83.75463"/>
      <trkpt lat="37.66938" lon="-83.75462"/>
      <trkpt lat="37.6692" lon="-83.75465"/>
      <trkpt lat="37.66878" lon="-83.75465"/>
      <trkpt lat="37.66865" lon="-83.75461"/>
      <trkpt lat="37.66854" lon="-83.7546"/>
      <trkpt lat="37.66821" lon="-83.75454"/>
      <trkpt lat="37.66807" lon="-83.75453"/>
      <trkpt lat="37.66801" lon="-83.75455"/>
      <trkpt lat="37.66796" lon="-83.75458"/>
      <trkpt lat="37.66787" lon="-83.75467"/>
      <trkpt lat="37.66783" lon="-83.75473"/>
      <trkpt lat="37.66779" lon="-83.75488"/>
      <trkpt lat="37.66777" lon="-83.75509"/>
      <trkpt lat="37.66776" lon="-83.75514"/>
      <trkpt lat="37.66774" lon="-83.75534"/>
      <trkpt lat="37.66771" lon="-83.75549"/>
      <trkpt lat="37.66768" lon="-83.75557"/>
      <trkpt lat="37.66763" lon="-83.75569"/>
      <trkpt lat="37.66755" lon="-83.75582"/>
      <trkpt lat="37.66748" lon="-83.75593"/>
      <trkpt lat="37.6674" lon="-83.75601"/>
      <trkpt lat="37.6673" lon="-83.75607"/>
      <trkpt lat="37.66683" lon="-83.75618"/>
      <trkpt lat="37.66664" lon="-83.75627"/>
      <trkpt lat="37.66639" lon="-83.75646"/>
      <trkpt lat="37.66625" lon="-83.75664"/>
      <trkpt lat="37.66609" lon="-83.75682"/>
      <trkpt lat="37.66589" lon="-83.75711"/>
      <trkpt lat="37.66575" lon="-83.75738"/>
      <trkpt lat="37.66567" lon="-83.75756"/>
      <trkpt lat="37.66566" lon="-83.7576"/>
      <trkpt lat="37.66554" lon="-83.75796"/>
      <trkpt lat="37.66545" lon="-83.75812"/>
      <trkpt lat="37.6653" lon="-83.75836"/>
      <trkpt lat="37.66517" lon="-83.7585"/>
      <trkpt lat="37.66503" lon="-83.75863"/>
      <trkpt lat="37.66493" lon="-83.75871"/>
      <trkpt lat="37.66482" lon="-83.75877"/>
      <trkpt lat="37.66458" lon="-83.75883"/>
      <trkpt lat="37.66445" lon="-83.75889"/>
      <trkpt lat="37.66433" lon="-83.75897"/>
      <trkpt lat="37.66424" lon="-83.75905"/>
      <trkpt lat="37.66384" lon="-83.75943"/>
      <trkpt lat="37.66355" lon="-83.75969"/>
      <trkpt lat="37.66343" lon="-83.75984"/>
      <trkpt lat="37.66339" lon="-83.7599"/>
      <trkpt lat="37.66331" lon="-83.76013"/>
      <trkpt lat="37.66327" lon="-83.76024"/>
      <trkpt lat="37.66326" lon="-83.7603"/>
      <trkpt lat="37.66329" lon="-83.76037"/>
      <trkpt lat="37.66333" lon="-83.76045"/>
      <trkpt lat="37.66341" lon="-83.76054"/>
      <trkpt lat="37.66372" lon="-83.76077"/>
      <trkpt lat="37.66395" lon="-83.76098"/>
      <trkpt lat="37.66411" lon="-83.76114"/>
      <trkpt lat="37.66423" lon="-83.76124"/>
      <trkpt lat="37.66479" lon="-83.76167"/>
      <trkpt lat="37.66485" lon="-83.76173"/>
      <trkpt lat="37.665" lon="-83.76179"/>
      <trkpt lat="37.66507" lon="-83.76181"/>
      <trkpt lat="37.66521" lon="-83.76183"/>
      <trkpt lat="37.66536" lon="-83.76181"/>
      <trkpt lat="37.66552" lon="-83.76177"/>
      <trkpt lat="37.66588" lon="-83.76156"/>
      <trkpt lat="37.666" lon="-83.76151"/>
      <trkpt lat="37.66609" lon="-83.76149"/>
      <trkpt lat="37.66617" lon="-83.76151"/>
      <trkpt lat="37.66624" lon="-83.76158"/>
      <trkpt lat="37.66631" lon="-83.76172"/>
      <trkpt lat="37.66639" lon="-83.7621"/>
      <trkpt lat="37.66644" lon="-83.76228"/>
      <trkpt lat="37.66651" lon="-83.76245"/>
      <trkpt lat="37.66655" lon="-83.76253"/>
      <trkpt lat="37.66693" lon="-83.76291"/>
      <trkpt lat="37.66706" lon="-83.76303"/>
      <trkpt lat="37.66718" lon="-83.7631"/>
      <trkpt lat="37.66745" lon="-83.76314"/>
      <trkpt lat="37.66761" lon="-83.76319"/>
      <trkpt lat="37.66776" lon="-83.76326"/>
      <trkpt lat="37.66806" lon="-83.7634"/>
      <trkpt lat="37.66841" lon="-83.76361"/>
      <trkpt lat="37.66885" lon="-83.76384"/>
      <trkpt lat="37.66903" lon="-83.76398"/>
      <trkpt lat="37.66924" lon="-83.7642"/>
      <trkpt lat="37.66935" lon="-83.76427"/>
      <trkpt lat="37.66947" lon="-83.76431"/>
      <trkpt lat="37.66966" lon="-83.76431"/>
      <trkpt lat="37.66987" lon="-83.76435"/>
      <trkpt lat="37.66999" lon="-83.76442"/>
      <trkpt lat="37.67006" lon="-83.76446"/>
      <trkpt lat="37.67011" lon="-83.76452"/>
      <trkpt lat="37.67015" lon="-83.76458"/>
      <trkpt lat="37.67028" lon="-83.76486"/>
      <trkpt lat="37.67034" lon="-83.76516"/>
      <trkpt lat="37.67043" lon="-83.76548"/>
      <trkpt lat="37.67051" lon="-83.76564"/>
      <trkpt lat="37.67062" lon="-83.76578"/>
      <trkpt lat="37.67082" lon="-83.76592"/>
      <trkpt lat="37.67089" lon="-83.76595"/>
      <trkpt lat="37.67104" lon="-83.76599"/>
      <trkpt lat="37.67138" lon="-83.76606"/>
      <trkpt lat="37.67149" lon="-83.7661"/>
      <trkpt lat="37.6716" lon="-83.76615"/>
      <trkpt lat="37.67165" lon="-83.76619"/>
      <trkpt lat="37.6717" lon="-83.76625"/>
      <trkpt lat="37.67174" lon="-83.76632"/>
      <trkpt lat="37.67179" lon="-83.76649"/>
      <trkpt lat="37.67181" lon="-83.76667"/>
      <trkpt lat="37.67181" lon="-83.76675"/>
      <trkpt lat="37.6718" lon="-83.76706"/>
      <trkpt lat="37.67183" lon="-83.76722"/>
      <trkpt lat="37.67189" lon="-83.76737"/>
      <trkpt lat="37.67222" lon="-83.76791"/>
      <trkpt lat="37.6724" lon="-83.76826"/>
      <trkpt lat="37.6725" lon="-83.76842"/>
      <trkpt lat="37.67265" lon="-83.76862"/>
      <trkpt lat="37.67337" lon="-83.76938"/>
      <trkpt lat="37.67347" lon="-83.7695"/>
      <trkpt lat="37.67351" lon="-83.76959"/>
      <trkpt lat="37.67355" lon="-83.76965"/>
      <trkpt lat="37.67358" lon="-83.76975"/>
      <trkpt lat="37.6738" lon="-83.7703"/>
      <trkpt lat="37.67395" lon="-83.77064"/>
      <trkpt lat="37.674" lon="-83.77077"/>
      <trkpt lat="37.67412" lon="-83.77112"/>
      <trkpt lat="37.6743" lon="-83.77179"/>
      <trkpt lat="37.67436" lon="-83.77207"/>
      <trkpt lat="37.67441" lon="-83.77242"/>
      <trkpt lat="37.67443" lon="-83.77271"/>
      <trkpt lat="37.67443" lon="-83.773"/>
      <trkpt lat="37.67439" lon="-83.77326"/>
      <trkpt lat="37.67436" lon="-83.7734"/>
      <trkpt lat="37.6743" lon="-83.77353"/>
      <trkpt lat="37.67423" lon="-83.77364"/>
      <trkpt lat="37.67414" lon="-83.77375"/>
      <trkpt lat="37.67404" lon="-83.77392"/>
      <trkpt lat="37.67403" lon="-83.77399"/>
      <trkpt lat="37.67404" lon="-83.77405"/>
      <trkpt lat="37.67409" lon="-83.77415"/>
      <trkpt lat="37.67438" lon="-83.77435"/>
      <trkpt lat="37.6745" lon="-83.77441"/>
      <trkpt lat="37.67475" lon="-83.77449"/>
      <trkpt lat="37.67485" lon="-83.77456"/>
      <trkpt lat="37.67493" lon="-83.77466"/>
      <trkpt lat="37.67496" lon="-83.77473"/>
      <trkpt lat="37.67501" lon="-83.77501"/>
      <trkpt lat="37.67499" lon="-83.77542"/>
      <trkpt lat="37.67495" lon="-83.77562"/>
      <trkpt lat="37.67488" lon="-83.77581"/>
      <trkpt lat="37.67447" lon="-83.77669"/>
      <trkpt lat="37.6743" lon="-83.77712"/>
      <trkpt lat="37.6742" lon="-83.77742"/>
      <trkpt lat="37.67415" lon="-83.7776"/>
      <trkpt lat="37.67412" lon="-83.77779"/>
      <trkpt lat="37.67412" lon="-83.77788"/>
      <trkpt lat="37.67412" lon="-83.77798"/>
      <trkpt lat="37.67415" lon="-83.77816"/>
      <trkpt lat="37.67422" lon="-83.77831"/>
      <trkpt lat="37.67432" lon="-83.77843"/>
      <trkpt lat="37.67449" lon="-83.77855"/>
      <trkpt lat="37.67458" lon="-83.77869"/>
      <trkpt lat="37.67461" lon="-83.77877"/>
      <trkpt lat="37.67461" lon="-83.77886"/>
      <trkpt lat="37.67461" lon="-83.77932"/>
      <trkpt lat="37.67462" lon="-83.77949"/>
      <trkpt lat="37.67464" lon="-83.77957"/>
      <trkpt lat="37.67469" lon="-83.77972"/>
      <trkpt lat="37.67477" lon="-83.77985"/>
      <trkpt lat="37.67488" lon="-83.78002"/>
      <trkpt lat="37.6749" lon="-83.78009"/>
      <trkpt lat="37.6749" lon="-83.78017"/>
      <trkpt lat="37.67488" lon="-83.78025"/>
      <trkpt lat="37.67485" lon="-83.78032"/>
      <trkpt lat="37.6748" lon="-83.78039"/>
      <trkpt lat="37.67468" lon="-83.7805"/>
      <trkpt lat="37.6744" lon="-83.78067"/>
      <trkpt lat="37.67398" lon="-83.78091"/>
      <trkpt lat="37.67377" lon="-83.78106"/>
      <trkpt lat="37.67358" lon="-83.78124"/>
      <trkpt lat="37.67348" lon="-83.78137"/>
      <trkpt lat="37.67344" lon="-83.78145"/>
      <trkpt lat="37.67338" lon="-83.78161"/>
      <trkpt lat="37.67331" lon="-83.7819"/>
      <trkpt lat="37.67328" lon="-83.78209"/>
      <trkpt lat="37.67326" lon="-83.78236"/>
      <trkpt lat="37.67328" lon="-83.78275"/>
      <trkpt lat="37.67338" lon="-83.78322"/>
      <trkpt lat="37.67339" lon="-83.78333"/>
      <trkpt lat="37.67341" lon="-83.78354"/>
      <trkpt lat="37.6734" lon="-83.78377"/>
      <trkpt lat="37.67334" lon="-83.7841"/>
      <trkpt lat="37.6733" lon="-83.78455"/>
      <trkpt lat="37.67328" lon="-83.7853"/>
      <trkpt lat="37.67324" lon="-83.78562"/>
      <trkpt lat="37.67318" lon="-83.78593"/>
      <trkpt lat="37.67315" lon="-83.78614"/>
      <trkpt lat="37.67314" lon="-83.78624"/>
      <trkpt lat="37.67315" lon="-83.78676"/>
      <trkpt lat="37.67314" lon="-83.78686"/>
      <trkpt lat="37.6731" lon="-83.78707"/>
      <trkpt lat="37.67301" lon="-83.78747"/>
      <trkpt lat="37.67298" lon="-83.78775"/>
      <trkpt lat="37.67295" lon="-83.78795"/>
      <trkpt lat="37.67295" lon="-83.78813"/>
      <trkpt lat="37.67285" lon="-83.78866"/>
      <trkpt lat="37.67283" lon="-83.78894"/>
      <trkpt lat="37.67285" lon="-83.78913"/>
      <trkpt lat="37.67286" lon="-83.78936"/>
      <trkpt lat="37.67301" lon="-83.78998"/>
      <trkpt lat="37.67301" lon="-83.79011"/>
      <trkpt lat="37.673" lon="-83.79024"/>
      <trkpt lat="37.67293" lon="-83.79051"/>
      <trkpt lat="37.67282" lon="-83.79077"/>
      <trkpt lat="37.67262" lon="-83.79105"/>
      <trkpt lat="37.67241" lon="-83.7913"/>
      <trkpt lat="37.67236" lon="-83.79134"/>
      <trkpt lat="37.67227" lon="-83.79139"/>
      <trkpt lat="37.67217" lon="-83.79142"/>
      <trkpt lat="37.67212" lon="-83.79141"/>
      <trkpt lat="37.67207" lon="-83.79141"/>
      <trkpt lat="37.67192" lon="-83.79135"/>
      <trkpt lat="37.67181" lon="-83.79127"/>
      <trkpt lat="37.6717" lon="-83.79119"/>
      <trkpt lat="37.6716" lon="-83.79115"/>
      <trkpt lat="37.67156" lon="-83.79112"/>
      <trkpt lat="37.67117" lon="-83.79106"/>
      <trkpt lat="37.67101" lon="-83.79101"/>
      <trkpt lat="37.67077" lon="-83.7909"/>
      <trkpt lat="37.67054" lon="-83.79085"/>
      <trkpt lat="37.67046" lon="-83.79082"/>
      <trkpt lat="37.67034" lon="-83.79071"/>
      <trkpt lat="37.67018" lon="-83.79053"/>
      <trkpt lat="37.67009" lon="-83.79041"/>
      <trkpt lat="37.66999" lon="-83.79023"/>
      <trkpt lat="37.66994" lon="-83.79018"/>
      <trkpt lat="37.66988" lon="-83.79016"/>
      <trkpt lat="37.66983" lon="-83.79015"/>
      <trkpt lat="37.66975" lon="-83.7902"/>
      <trkpt lat="37.66973" lon="-83.79025"/>
      <trkpt lat="37.66965" lon="-83.79061"/>
      <trkpt lat="37.66962" lon="-83.79071"/>
      <trkpt lat="37.66953" lon="-83.79092"/>
      <trkpt lat="37.6694" lon="-83.7911"/>
      <trkpt lat="37.66908" lon="-83.79152"/>
      <trkpt lat="37.669" lon="-83.7917"/>
      <trkpt lat="37.66893" lon="-83.79199"/>
      <trkpt lat="37.6689" lon="-83.79208"/>
      <trkpt lat="37.66886" lon="-83.79217"/>
      <trkpt lat="37.66881" lon="-83.79225"/>
      <trkpt lat="37.66875" lon="-83.7923"/>
      <trkpt lat="37.66868" lon="-83.79235"/>
      <trkpt lat="37.66862" lon="-83.79236"/>
      <trkpt lat="37.66848" lon="-83.79234"/>
      <trkpt lat="37.66818" lon="-83.79221"/>
      <trkpt lat="37.66802" lon="-83.79218"/>
      <trkpt lat="37.66794" lon="-83.79218"/>
      <trkpt lat="37.66787" lon="-83.7922"/>
      <trkpt lat="37.6678" lon="-83.79224"/>
      <trkpt lat="37.66774" lon="-83.79229"/>
      <trkpt lat="37.66762" lon="-83.79244"/>
      <trkpt lat="37.66752" lon="-83.79263"/>
      <trkpt lat="37.66728" lon="-83.79315"/>
      <trkpt lat="37.66706" lon="-83.79371"/>
      <trkpt lat="37.66695" lon="-83.79391"/>
      <trkpt lat="37.66673" lon="-83.79426"/>
      <trkpt lat="37.66662" lon="-83.79445"/>
      <trkpt lat="37.66641" lon="-83.79496"/>
      <trkpt lat="37.66631" lon="-83.79516"/>
      <trkpt lat="37.66625" lon="-83.79524"/>
      <trkpt lat="37.66618" lon="-83.79531"/>
      <trkpt lat="37.6661" lon="-83.79535"/>
      <trkpt lat="37.66593" lon="-83.79552"/>
      <trkpt lat="37.66577" lon="-83.79568"/>
      <trkpt lat="37.66557" lon="-83.79586"/>
      <trkpt lat="37.66518" lon="-83.79615"/>
      <trkpt lat="37.66481" lon="-83.79647"/>
      <trkpt lat="37.66475" lon="-83.79654"/>
      <trkpt lat="37.66469" lon="-83.79662"/>
      <trkpt lat="37.66465" lon="-83.79671"/>
      <trkpt lat="37.66457" lon="-83.79691"/>
      <trkpt lat="37.66451" lon="-83.7971"/>
      <trkpt lat="37.66444" lon="-83.79722"/>
      <trkpt lat="37.66435" lon="-83.79732"/>
      <trkpt lat="37.66424" lon="-83.79742"/>
      <trkpt lat="37.66398" lon="-83.79756"/>
      <trkpt lat="37.66389" lon="-83.7976"/>
      <trkpt lat="37.66364" lon="-83.79766"/>
      <trkpt lat="37.66329" lon="-83.7977"/>
      <trkpt lat="37.6631" lon="-83.79777"/>
      <trkpt lat="37.66282" lon="-83.79791"/>
      <trkpt lat="37.66191" lon="-83.79851"/>
      <trkpt lat="37.66164" lon="-83.7987"/>
      <trkpt lat="37.66158" lon="-83.79874"/>
      <trkpt lat="37.66128" lon="-83.79897"/>
      <trkpt lat="37.661" lon="-83.79926"/>
      <trkpt lat="37.66093" lon="-83.79931"/>
      <trkpt lat="37.66084" lon="-83.79934"/>
      <trkpt lat="37.6607" lon="-83.79935"/>
      <trkpt lat="37.66035" lon="-83.79933"/>
      <trkpt lat="37.65986" lon="-83.79937"/>
      <trkpt lat="37.65952" lon="-83.79943"/>
      <trkpt lat="37.65926" lon="-83.79945"/>
      <trkpt lat="37.65908" lon="-83.79944"/>
      <trkpt lat="37.6588" lon="-83.79941"/>
      <trkpt lat="37.65854" lon="-83.7994"/>
      <trkpt lat="37.65837" lon="-83.79939"/>
      <trkpt lat="37.65821" lon="-83.79934"/>
      <trkpt lat="37.65814" lon="-83.7993"/>
      <trkpt lat="37.65807" lon="-83.79925"/>
      <trkpt lat="37.65794" lon="-83.79912"/>
      <trkpt lat="37.65788" lon="-83.79906"/>
      <trkpt lat="37.65779" lon="-83.79891"/>
      <trkpt lat="37.65771" lon="-83.79876"/>
      <trkpt lat="37.65763" lon="-83.79848"/>
      <trkpt lat="37.65751" lon="-83.7982"/>
      <trkpt lat="37.65748" lon="-83.79812"/>
      <trkpt lat="37.65747" lon="-83.79801"/>
      <trkpt lat="37.65747" lon="-83.79792"/>
      <trkpt lat="37.65757" lon="-83.79722"/>
      <trkpt lat="37.65756" lon="-83.79702"/>
      <trkpt lat="37.65753" lon="-83.79691"/>
      <trkpt lat="37.6575" lon="-83.79687"/>
      <trkpt lat="37.65743" lon="-83.79679"/>
      <trkpt lat="37.65739" lon="-83.79677"/>
      <trkpt lat="37.65734" lon="-83.79678"/>
      <trkpt lat="37.65725" lon="-83.79682"/>
      <trkpt lat="37.65727" lon="-83.79694"/>
      <trkpt lat="37.65727" lon="-83.79706"/>
      <trkpt lat="37.65722" lon="-83.79723"/>
      <trkpt lat="37.65719" lon="-83.7973"/>
      <trkpt lat="37.65713" lon="-83.7974"/>
      <trkpt lat="37.65709" lon="-83.79744"/>
      <trkpt lat="37.65705" lon="-83.79748"/>
      <trkpt lat="37.65698" lon="-83.79753"/>
      <trkpt lat="37.65685" lon="-83.79759"/>
      <trkpt lat="37.65672" lon="-83.79765"/>
      <trkpt lat="37.65663" lon="-83.79769"/>
      <trkpt lat="37.65632" lon="-83.79789"/>
      <trkpt lat="37.65615" lon="-83.79808"/>
      <trkpt lat="37.65608" lon="-83.79818"/>
      <trkpt lat="37.65578" lon="-83.7986"/>
      <trkpt lat="37.65532" lon="-83.79916"/>
      <trkpt lat="37.6549" lon="-83.79972"/>
      <trkpt lat="37.65474" lon="-83.79994"/>
      <trkpt lat="37.65463" lon="-83.80014"/>
      <trkpt lat="37.65459" lon="-83.80022"/>
      <trkpt lat="37.65453" lon="-83.80038"/>
      <trkpt lat="37.65415" lon="-83.80122"/>
      <trkpt lat="37.65401" lon="-83.8015"/>
      <trkpt lat="37.65399" lon="-83.80153"/>
      <trkpt lat="37.65383" lon="-83.80173"/>
      <trkpt lat="37.65371" lon="-83.80184"/>
      <trkpt lat="37.65358" lon="-83.80192"/>
      <trkpt lat="37.65313" lon="-83.80209"/>
      <trkpt lat="37.65306" lon="-83.80211"/>
      <trkpt lat="37.65293" lon="-83.80214"/>
      <trkpt lat="37.65288" lon="-83.80214"/>
      <trkpt lat="37.6528" lon="-83.80214"/>
      <trkpt lat="37.65277" lon="-83.80213"/>
      <trkpt lat="37.6527" lon="-83.80209"/>
      <trkpt lat="37.65261" lon="-83.80201"/>
      <trkpt lat="37.65253" lon="-83.80191"/>
      <trkpt lat="37.65246" lon="-83.80181"/>
      <trkpt lat="37.65231" lon="-83.80161"/>
      <trkpt lat="37.65212" lon="-83.80135"/>
      <trkpt lat="37.65202" lon="-83.80123"/>
      <trkpt lat="37.6519" lon="-83.80112"/>
      <trkpt lat="37.65174" lon="-83.80099"/>
      <trkpt lat="37.65161" lon="-83.80091"/>
      <trkpt lat="37.6515" lon="-83.80084"/>
      <trkpt lat="37.65142" lon="-83.80081"/>
      <trkpt lat="37.65135" lon="-83.8008"/>
      <trkpt lat="37.65125" lon="-83.8008"/>
      <trkpt lat="37.65117" lon="-83.80082"/>
      <trkpt lat="37.65113" lon="-83.80084"/>
      <trkpt lat="37.65108" lon="-83.80089"/>
      <trkpt lat="37.65102" lon="-83.80098"/>
      <trkpt lat="37.65118" lon="-83.80106"/>
      <trkpt lat="37.65133" lon="-83.80114"/>
      <trkpt lat="37.65152" lon="-83.80128"/>
      <trkpt lat="37.65164" lon="-83.80139"/>
      <trkpt lat="37.65176" lon="-83.80151"/>
      <trkpt lat="37.65184" lon="-83.8016"/>
      <trkpt lat="37.65217" lon="-83.80199"/>
      <trkpt lat="37.65238" lon="-83.80226"/>
      <trkpt lat="37.65283" lon="-83.80287"/>
      <trkpt lat="37.65302" lon="-83.80305"/>
      <trkpt lat="37.65318" lon="-83.8032"/>
      <trkpt lat="37.65355" lon="-83.80351"/>
      <trkpt lat="37.65384" lon="-83.80374"/>
      <trkpt lat="37.65395" lon="-83.80383"/>
      <trkpt lat="37.65403" lon="-83.8039"/>
      <trkpt lat="37.65407" lon="-83.80394"/>
      <trkpt lat="37.65419" lon="-83.80406"/>
      <trkpt lat="37.65431" lon="-83.80419"/>
      <trkpt lat="37.65441" lon="-83.80432"/>
      <trkpt lat="37.6545" lon="-83.80448"/>
      <trkpt lat="37.65458" lon="-83.80463"/>
      <trkpt lat="37.65463" lon="-83.80475"/>
      <trkpt lat="37.65471" lon="-83.80497"/>
      <trkpt lat="37.65476" lon="-83.80515"/>
      <trkpt lat="37.65477" lon="-83.80521"/>
      <trkpt lat="37.65479" lon="-83.80533"/>
      <trkpt lat="37.65479" lon="-83.80553"/>
      <trkpt lat="37.65477" lon="-83.80572"/>
      <trkpt lat="37.65474" lon="-83.80584"/>
      <trkpt lat="37.65469" lon="-83.80602"/>
      <trkpt lat="37.65449" lon="-83.80662"/>
      <trkpt lat="37.65444" lon="-83.8068"/>
      <trkpt lat="37.65439" lon="-83.80698"/>
      <trkpt lat="37.65422" lon="-83.80781"/>
      <trkpt lat="37.65408" lon="-83.80852"/>
      <trkpt lat="37.65405" lon="-83.80878"/>
      <trkpt lat="37.65401" lon="-83.80909"/>
      <trkpt lat="37.654" lon="-83.80934"/>
      <trkpt lat="37.654" lon="-83.80952"/>
      <trkpt lat="37.65401" lon="-83.8097"/>
      <trkpt lat="37.65403" lon="-83.80988"/>
      <trkpt lat="37.65405" lon="-83.80999"/>
      <trkpt lat="37.65408" lon="-83.81016"/>
      <trkpt lat="37.65413" lon="-83.81032"/>
      <trkpt lat="37.65424" lon="-83.81057"/>
      <trkpt lat="37.65431" lon="-83.81072"/>
      <trkpt lat="37.65456" lon="-83.8111"/>
      <trkpt lat="37.65538" lon="-83.81245"/>
      <trkpt lat="37.65605" lon="-83.81355"/>
      <trkpt lat="37.65618" lon="-83.81377"/>
      <trkpt lat="37.65627" lon="-83.81388"/>
      <trkpt lat="37.6563" lon="-83.81391"/>
      <trkpt lat="37.65637" lon="-83.81397"/>
      <trkpt lat="37.65648" lon="-83.81403"/>
      <trkpt lat="37.6566" lon="-83.81407"/>
      <trkpt lat="37.65672" lon="-83.81408"/>
      <trkpt lat="37.65699" lon="-83.81407"/>
      <trkpt lat="37.65712" lon="-83.81408"/>
      <trkpt lat="37.65721" lon="-83.81409"/>
      <trkpt lat="37.65735" lon="-83.81411"/>
      <trkpt lat="37.65749" lon="-83.81415"/>
      <trkpt lat="37.65772" lon="-83.81423"/>
      <trkpt lat="37.65837" lon="-83.81448"/>
      <trkpt lat="37.65872" lon="-83.81462"/>
      <trkpt lat="37.6588" lon="-83.81466"/>
      <trkpt lat="37.65888" lon="-83.81471"/>
      <trkpt lat="37.65896" lon="-83.81477"/>
      <trkpt lat="37.65903" lon="-83.81484"/>
      <trkpt lat="37.65909" lon="-83.81492"/>
      <trkpt lat="37.65912" lon="-83.81496"/>
      <trkpt lat="37.65917" lon="-83.81505"/>
      <trkpt lat="37.65924" lon="-83.81521"/>
      <trkpt lat="37.65929" lon="-83.81537"/>
      <trkpt lat="37.65934" lon="-83.81554"/>
      <trkpt lat="37.65941" lon="-83.81589"/>
      <trkpt lat="37.65947" lon="-83.81618"/>
      <trkpt lat="37.6595" lon="-83.81642"/>
      <trkpt lat="37.65951" lon="-83.8166"/>
      <trkpt lat="37.6595" lon="-83.81673"/>
      <trkpt lat="37.65948" lon="-83.81698"/>
      <trkpt lat="37.65945" lon="-83.81723"/>
      <trkpt lat="37.65933" lon="-83.81801"/>
      <trkpt lat="37.65913" lon="-83.81925"/>
      <trkpt lat="37.6591" lon="-83.81943"/>
      <trkpt lat="37.65909" lon="-83.81961"/>
      <trkpt lat="37.65908" lon="-83.81985"/>
      <trkpt lat="37.65909" lon="-83.82003"/>
      <trkpt lat="37.65911" lon="-83.82021"/>
      <trkpt lat="37.65917" lon="-83.82055"/>
      <trkpt lat="37.65921" lon="-83.82072"/>
      <trkpt lat="37.65923" lon="-83.82081"/>
      <trkpt lat="37.65926" lon="-83.82088"/>
      <trkpt lat="37.6593" lon="-83.82098"/>
      <trkpt lat="37.65936" lon="-83.82113"/>
      <trkpt lat="37.65947" lon="-83.82132"/>
      <trkpt lat="37.65962" lon="-83.82155"/>
      <trkpt lat="37.65984" lon="-83.82187"/>
      <trkpt lat="37.66013" lon="-83.82226"/>
      <trkpt lat="37.66019" lon="-83.82234"/>
      <trkpt lat="37.66029" lon="-83.82245"/>
      <trkpt lat="37.6604" lon="-83.82255"/>
      <trkpt lat="37.66051" lon="-83.82264"/>
      <trkpt lat="37.66064" lon="-83.82271"/>
      <trkpt lat="37.6608" lon="-83.8228"/>
      <trkpt lat="37.66122" lon="-83.82297"/>
      <trkpt lat="37.66131" lon="-83.823"/>
      <trkpt lat="37.66148" lon="-83.82304"/>
      <trkpt lat="37.66178" lon="-83.8231"/>
      <trkpt lat="37.66217" lon="-83.82316"/>
      <trkpt lat="37.66229" lon="-83.82318"/>
      <trkpt lat="37.66241" lon="-83.82322"/>
      <trkpt lat="37.66252" lon="-83.82327"/>
      <trkpt lat="37.66261" lon="-83.82336"/>
      <trkpt lat="37.66265" lon="-83.82341"/>
      <trkpt lat="37.66272" lon="-83.82351"/>
      <trkpt lat="37.6628" lon="-83.82368"/>
      <trkpt lat="37.66288" lon="-83.82386"/>
      <trkpt lat="37.66295" lon="-83.82405"/>
      <trkpt lat="37.66302" lon="-83.82428"/>
      <trkpt lat="37.6632" lon="-83.82484"/>
      <trkpt lat="37.66324" lon="-83.82496"/>
      <trkpt lat="37.66325" lon="-83.82503"/>
      <trkpt lat="37.66326" lon="-83.82513"/>
      <trkpt lat="37.66326" lon="-83.82524"/>
      <trkpt lat="37.66325" lon="-83.82535"/>
      <trkpt lat="37.66323" lon="-83.82547"/>
      <trkpt lat="37.66317" lon="-83.82561"/>
      <trkpt lat="37.66311" lon="-83.82573"/>
      <trkpt lat="37.66274" lon="-83.82635"/>
      <trkpt lat="37.66268" lon="-83.82647"/>
      <trkpt lat="37.66259" lon="-83.82668"/>
      <trkpt lat="37.66254" lon="-83.82681"/>
      <trkpt lat="37.66247" lon="-83.82701"/>
      <trkpt lat="37.66241" lon="-83.82724"/>
      <trkpt lat="37.66238" lon="-83.82739"/>
      <trkpt lat="37.66236" lon="-83.82759"/>
      <trkpt lat="37.66235" lon="-83.82774"/>
      <trkpt lat="37.66235" lon="-83.82794"/>
      <trkpt lat="37.66236" lon="-83.82799"/>
      <trkpt lat="37.66238" lon="-83.82819"/>
      <trkpt lat="37.66246" lon="-83.82875"/>
      <trkpt lat="37.66251" lon="-83.82902"/>
      <trkpt lat="37.66256" lon="-83.82916"/>
      <trkpt lat="37.66261" lon="-83.8293"/>
      <trkpt lat="37.66271" lon="-83.82948"/>
      <trkpt lat="37.66286" lon="-83.82975"/>
      <trkpt lat="37.66351" lon="-83.8308"/>
      <trkpt lat="37.66393" lon="-83.83151"/>
      <trkpt lat="37.66401" lon="-83.83167"/>
      <trkpt lat="37.66407" lon="-83.83179"/>
      <trkpt lat="37.66418" lon="-83.83208"/>
      <trkpt lat="37.66422" lon="-83.83222"/>
      <trkpt lat="37.66425" lon="-83.83236"/>
      <trkpt lat="37.66428" lon="-83.83253"/>
      <trkpt lat="37.66429" lon="-83.8327"/>
      <trkpt lat="37.6643" lon="-83.83301"/>
      <trkpt lat="37.66429" lon="-83.83387"/>
      <trkpt lat="37.66431" lon="-83.83423"/>
      <trkpt lat="37.66435" lon="-83.83454"/>
      <trkpt lat="37.6644" lon="-83.83485"/>
      <trkpt lat="37.66446" lon="-83.83517"/>
      <trkpt lat="37.6645" lon="-83.83533"/>
      <trkpt lat="37.66455" lon="-83.83548"/>
      <trkpt lat="37.66461" lon="-83.83563"/>
      <trkpt lat="37.66467" lon="-83.83577"/>
      <trkpt lat="37.66475" lon="-83.83591"/>
      <trkpt lat="37.66483" lon="-83.83604"/>
      <trkpt lat="37.6649" lon="-83.83614"/>
      <trkpt lat="37.665" lon="-83.83626"/>
      <trkpt lat="37.66509" lon="-83.83635"/>
      <trkpt lat="37.66688" lon="-83.83816"/>
      <trkpt lat="37.6672" lon="-83.83848"/>
      <trkpt lat="37.66741" lon="-83.83868"/>
      <trkpt lat="37.66766" lon="-83.83889"/>
      <trkpt lat="37.66787" lon="-83.83904"/>
      <trkpt lat="37.66809" lon="-83.83917"/>
      <trkpt lat="37.66854" lon="-83.83941"/>
      <trkpt lat="37.66872" lon="-83.83953"/>
      <trkpt lat="37.66882" lon="-83.83962"/>
      <trkpt lat="37.66896" lon="-83.83979"/>
      <trkpt lat="37.66902" lon="-83.8399"/>
      <trkpt lat="37.66906" lon="-83.83998"/>
      <trkpt lat="37.66907" lon="-83.84001"/>
      <trkpt lat="37.66913" lon="-83.84017"/>
      <trkpt lat="37.66917" lon="-83.84033"/>
      <trkpt lat="37.66944" lon="-83.84168"/>
      <trkpt lat="37.66948" lon="-83.8419"/>
      <trkpt lat="37.66951" lon="-83.84214"/>
      <trkpt lat="37.66951" lon="-83.84227"/>
      <trkpt lat="37.66951" lon="-83.84247"/>
      <trkpt lat="37.66949" lon="-83.8428"/>
      <trkpt lat="37.66947" lon="-83.84297"/>
      <trkpt lat="37.66941" lon="-83.8433"/>
      <trkpt lat="37.66934" lon="-83.84364"/>
      <trkpt lat="37.66926" lon="-83.84398"/>
      <trkpt lat="37.66905" lon="-83.84481"/>
      <trkpt lat="37.66886" lon="-83.84558"/>
      <trkpt lat="37.66875" lon="-83.84603"/>
      <trkpt lat="37.66869" lon="-83.84622"/>
      <trkpt lat="37.66864" lon="-83.84634"/>
      <trkpt lat="37.66859" lon="-83.84645"/>
      <trkpt lat="37.66851" lon="-83.84658"/>
      <trkpt lat="37.66844" lon="-83.84667"/>
      <trkpt lat="37.66836" lon="-83.84678"/>
      <trkpt lat="37.66822" lon="-83.84692"/>
      <trkpt lat="37.66814" lon="-83.84699"/>
      <trkpt lat="37.66801" lon="-83.84708"/>
      <trkpt lat="37.6677" lon="-83.84728"/>
      <trkpt lat="37.66728" lon="-83.84754"/>
      <trkpt lat="37.66659" lon="-83.84801"/>
      <trkpt lat="37.66644" lon="-83.84812"/>
      <trkpt lat="37.66622" lon="-83.8483"/>
      <trkpt lat="37.66599" lon="-83.8485"/>
      <trkpt lat="37.66576" lon="-83.84872"/>
      <trkpt lat="37.66563" lon="-83.84887"/>
      <trkpt lat="37.66553" lon="-83.84897"/>
      <trkpt lat="37.66535" lon="-83.84923"/>
      <trkpt lat="37.66527" lon="-83.84941"/>
      <trkpt lat="37.66522" lon="-83.8495"/>
      <trkpt lat="37.66517" lon="-83.84963"/>
      <trkpt lat="37.66509" lon="-83.84986"/>
      <trkpt lat="37.66505" lon="-83.85004"/>
      <trkpt lat="37.66502" lon="-83.85019"/>
      <trkpt lat="37.665" lon="-83.85036"/>
      <trkpt lat="37.66499" lon="-83.85065"/>
      <trkpt lat="37.66501" lon="-83.8508"/>
      <trkpt lat="37.66502" lon="-83.85091"/>
      <trkpt lat="37.66505" lon="-83.85109"/>
      <trkpt lat="37.66508" lon="-83.85123"/>
      <trkpt lat="37.66515" lon="-83.85145"/>
      <trkpt lat="37.66521" lon="-83.85162"/>
      <trkpt lat="37.66527" lon="-83.85176"/>
      <trkpt lat="37.66577" lon="-83.85276"/>
      <trkpt lat="37.66627" lon="-83.85382"/>
      <trkpt lat="37.66651" lon="-83.85429"/>
      <trkpt lat="37.66654" lon="-83.85435"/>
      <trkpt lat="37.66667" lon="-83.85458"/>
      <trkpt lat="37.66673" lon="-83.85469"/>
      <trkpt lat="37.66681" lon="-83.8548"/>
      <trkpt lat="37.6669" lon="-83.85492"/>
      <trkpt lat="37.66703" lon="-83.85505"/>
      <trkpt lat="37.66708" lon="-83.8551"/>
      <trkpt lat="37.66718" lon="-83.85517"/>
      <trkpt lat="37.66728" lon="-83.85523"/>
      <trkpt lat="37.66739" lon="-83.85528"/>
      <trkpt lat="37.66751" lon="-83.85532"/>
      <trkpt lat="37.66794" lon="-83.85543"/>
      <trkpt lat="37.66812" lon="-83.85548"/>
      <trkpt lat="37.66825" lon="-83.85554"/>
      <trkpt lat="37.66842" lon="-83.85563"/>
      <trkpt lat="37.66857" lon="-83.85572"/>
      <trkpt lat="37.66878" lon="-83.85588"/>
      <trkpt lat="37.66888" lon="-83.85598"/>
      <trkpt lat="37.66896" lon="-83.85605"/>
      <trkpt lat="37.66904" lon="-83.85614"/>
      <trkpt lat="37.66919" lon="-83.85634"/>
      <trkpt lat="37.66933" lon="-83.85655"/>
      <trkpt lat="37.66945" lon="-83.85678"/>
      <trkpt lat="37.66964" lon="-83.85717"/>
      <trkpt lat="37.66988" lon="-83.85769"/>
      <trkpt lat="37.67016" lon="-83.8583"/>
      <trkpt lat="37.67034" lon="-83.85865"/>
      <trkpt lat="37.67041" lon="-83.85877"/>
      <trkpt lat="37.67055" lon="-83.85898"/>
      <trkpt lat="37.67063" lon="-83.85908"/>
      <trkpt lat="37.67081" lon="-83.85926"/>
      <trkpt lat="37.67124" lon="-83.85976"/>
      <trkpt lat="37.67142" lon="-83.85995"/>
      <trkpt lat="37.67161" lon="-83.86014"/>
      <trkpt lat="37.67171" lon="-83.86021"/>
      <trkpt lat="37.67186" lon="-83.8603"/>
      <trkpt lat="37.67198" lon="-83.86035"/>
      <trkpt lat="37.6721" lon="-83.86039"/>
      <trkpt lat="37.67218" lon="-83.86039"/>
      <trkpt lat="37.67232" lon="-83.86038"/>
      <trkpt lat="37.67246" lon="-83.86033"/>
      <trkpt lat="37.67279" lon="-83.86017"/>
      <trkpt lat="37.673" lon="-83.86004"/>
      <trkpt lat="37.67321" lon="-83.8599"/>
      <trkpt lat="37.6734" lon="-83.85974"/>
      <trkpt lat="37.67375" lon="-83.85943"/>
      <trkpt lat="37.67382" lon="-83.85937"/>
      <trkpt lat="37.67393" lon="-83.85931"/>
      <trkpt lat="37.67402" lon="-83.85926"/>
      <trkpt lat="37.67425" lon="-83.85922"/>
      <trkpt lat="37.67441" lon="-83.85923"/>
      <trkpt lat="37.67461" lon="-83.85925"/>
      <trkpt lat="37.67495" lon="-83.8593"/>
      <trkpt lat="37.67549" lon="-83.85938"/>
      <trkpt lat="37.67568" lon="-83.85942"/>
      <trkpt lat="37.67801" lon="-83.85979"/>
      <trkpt lat="37.67818" lon="-83.85981"/>
      <trkpt lat="37.67832" lon="-83.85981"/>
      <trkpt lat="37.67855" lon="-83.8598"/>
      <trkpt lat="37.67878" lon="-83.85978"/>
      <trkpt lat="37.67901" lon="-83.85975"/>
      <trkpt lat="37.67937" lon="-83.85967"/>
      <trkpt lat="37.6803" lon="-83.85946"/>
      <trkpt lat="37.68046" lon="-83.85941"/>
      <trkpt lat="37.68053" lon="-83.85937"/>
      <trkpt lat="37.68064" lon="-83.8593"/>
      <trkpt lat="37.68071" lon="-83.85924"/>
      <trkpt lat="37.68097" lon="-83.859"/>
      <trkpt lat="37.68178" lon="-83.85822"/>
      <trkpt lat="37.68191" lon="-83.8581"/>
      <trkpt lat="37.68204" lon="-83.858"/>
      <trkpt lat="37.68215" lon="-83.85793"/>
      <trkpt lat="37.6824" lon="-83.85777"/>
      <trkpt lat="37.68272" lon="-83.85759"/>
      <trkpt lat="37.68295" lon="-83.85745"/>
      <trkpt lat="37.68332" lon="-83.85725"/>
      <trkpt lat="37.68352" lon="-83.85715"/>
      <trkpt lat="37.68379" lon="-83.85702"/>
      <trkpt lat="37.68403" lon="-83.85692"/>
      <trkpt lat="37.68433" lon="-83.85681"/>
      <trkpt lat="37.68469" lon="-83.85672"/>
      <trkpt lat="37.68507" lon="-83.85666"/>
      <trkpt lat="37.68569" lon="-83.85655"/>
      <trkpt lat="37.68588" lon="-83.85653"/>
      <trkpt lat="37.68604" lon="-83.85652"/>
      <trkpt lat="37.68623" lon="-83.85653"/>
      <trkpt lat="37.68636" lon="-83.85655"/>
      <trkpt lat="37.6865" lon="-83.85659"/>
      <trkpt lat="37.68666" lon="-83.85667"/>
      <trkpt lat="37.68684" lon="-83.85679"/>
      <trkpt lat="37.68693" lon="-83.85685"/>
      <trkpt lat="37.68701" lon="-83.85692"/>
      <trkpt lat="37.68712" lon="-83.85706"/>
      <trkpt lat="37.68719" lon="-83.85715"/>
      <trkpt lat="37.68725" lon="-83.85723"/>
      <trkpt lat="37.68733" lon="-83.85737"/>
      <trkpt lat="37.68734" lon="-83.8574"/>
      <trkpt lat="37.68742" lon="-83.85756"/>
      <trkpt lat="37.68746" lon="-83.85767"/>
      <trkpt lat="37.68751" lon="-83.85783"/>
      <trkpt lat="37.68763" lon="-83.85823"/>
      <trkpt lat="37.6877" lon="-83.85844"/>
      <trkpt lat="37.68778" lon="-83.85862"/>
      <trkpt lat="37.68785" lon="-83.85874"/>
      <trkpt lat="37.6879" lon="-83.85881"/>
      <trkpt lat="37.68794" lon="-83.85884"/>
      <trkpt lat="37.68802" lon="-83.8589"/>
      <trkpt lat="37.68805" lon="-83.85892"/>
      <trkpt lat="37.68815" lon="-83.85893"/>
      <trkpt lat="37.68823" lon="-83.85892"/>
      <trkpt lat="37.68828" lon="-83.85891"/>
      <trkpt lat="37.68861" lon="-83.85884"/>
      <trkpt lat="37.68873" lon="-83.85882"/>
      <trkpt lat="37.68884" lon="-83.85883"/>
      <trkpt lat="37.68911" lon="-83.85887"/>
      <trkpt lat="37.68929" lon="-83.85892"/>
      <trkpt lat="37.68942" lon="-83.85896"/>
      <trkpt lat="37.68966" lon="-83.85904"/>
      <trkpt lat="37.68986" lon="-83.85912"/>
      <trkpt lat="37.68996" lon="-83.85919"/>
      <trkpt lat="37.69006" lon="-83.85928"/>
      <trkpt lat="37.69012" lon="-83.85936"/>
      <trkpt lat="37.69025" lon="-83.85959"/>
      <trkpt lat="37.69032" lon="-83.85969"/>
      <trkpt lat="37.69041" lon="-83.85979"/>
      <trkpt lat="37.69045" lon="-83.85982"/>
      <trkpt lat="37.6905" lon="-83.85986"/>
      <trkpt lat="37.69066" lon="-83.85996"/>
      <trkpt lat="37.69164" lon="-83.86051"/>
      <trkpt lat="37.69187" lon="-83.86065"/>
      <trkpt lat="37.69199" lon="-83.86074"/>
      <trkpt lat="37.6921" lon="-83.86083"/>
      <trkpt lat="37.6923" lon="-83.861"/>
      <trkpt lat="37.6925" lon="-83.86121"/>
      <trkpt lat="37.69272" lon="-83.86142"/>
      <trkpt lat="37.69302" lon="-83.86172"/>
      <trkpt lat="37.69344" lon="-83.86219"/>
      <trkpt lat="37.69367" lon="-83.86253"/>
      <trkpt lat="37.694" lon="-83.86312"/>
      <trkpt lat="37.69406" lon="-83.86326"/>
      <trkpt lat="37.6942" lon="-83.86353"/>
      <trkpt lat="37.69434" lon="-83.86376"/>
      <trkpt lat="37.69456" lon="-83.8641"/>
      <trkpt lat="37.69464" lon="-83.8642"/>
      <trkpt lat="37.69466" lon="-83.86423"/>
      <trkpt lat="37.69474" lon="-83.86427"/>
      <trkpt lat="37.69482" lon="-83.86428"/>
      <trkpt lat="37.69494" lon="-83.86429"/>
      <trkpt lat="37.69564" lon="-83.8643"/>
      <trkpt lat="37.69597" lon="-83.86437"/>
      <trkpt lat="37.69605" lon="-83.86438"/>
      <trkpt lat="37.69615" lon="-83.86438"/>
      <trkpt lat="37.69621" lon="-83.86437"/>
      <trkpt lat="37.69633" lon="-83.86434"/>
      <trkpt lat="37.69649" lon="-83.86427"/>
      <trkpt lat="37.69664" lon="-83.86419"/>
      <trkpt lat="37.69673" lon="-83.86415"/>
      <trkpt lat="37.69682" lon="-83.86413"/>
      <trkpt lat="37.69691" lon="-83.86412"/>
      <trkpt lat="37.69698" lon="-83.86412"/>
      <trkpt lat="37.69705" lon="-83.86414"/>
      <trkpt lat="37.69711" lon="-83.86417"/>
      <trkpt lat="37.69716" lon="-83.86421"/>
      <trkpt lat="37.6972" lon="-83.86425"/>
      <trkpt lat="37.69737" lon="-83.86445"/>
      <trkpt lat="37.69747" lon="-83.86457"/>
      <trkpt lat="37.69759" lon="-83.86475"/>
      <trkpt lat="37.69778" lon="-83.86508"/>
      <trkpt lat="37.69791" lon="-83.86532"/>
      <trkpt lat="37.69807" lon="-83.86567"/>
      <trkpt lat="37.69825" lon="-83.86601"/>
      <trkpt lat="37.69836" lon="-83.86622"/>
      <trkpt lat="37.69847" lon="-83.86634"/>
      <trkpt lat="37.69857" lon="-83.86642"/>
      <trkpt lat="37.69867" lon="-83.86648"/>
      <trkpt lat="37.69877" lon="-83.86651"/>
      <trkpt lat="37.69896" lon="-83.86654"/>
      <trkpt lat="37.69902" lon="-83.86654"/>
      <trkpt lat="37.69918" lon="-83.86653"/>
      <trkpt lat="37.69939" lon="-83.86649"/>
      <trkpt lat="37.69959" lon="-83.86647"/>
      <trkpt lat="37.69971" lon="-83.86648"/>
      <trkpt lat="37.69985" lon="-83.86652"/>
      <trkpt lat="37.70002" lon="-83.86659"/>
      <trkpt lat="37.70016" lon="-83.86666"/>
      <trkpt lat="37.70027" lon="-83.86673"/>
      <trkpt lat="37.70039" lon="-83.86683"/>
      <trkpt lat="37.70046" lon="-83.86692"/>
      <trkpt lat="37.70053" lon="-83.86701"/>
      <trkpt lat="37.70058" lon="-83.86711"/>
      <trkpt lat="37.70062" lon="-83.86722"/>
      <trkpt lat="37.70066" lon="-83.86736"/>
      <trkpt lat="37.70068" lon="-83.86746"/>
      <trkpt lat="37.7007" lon="-83.86763"/>
      <trkpt lat="37.70072" lon="-83.86789"/>
      <trkpt lat="37.70074" lon="-83.86817"/>
      <trkpt lat="37.70077" lon="-83.86841"/>
      <trkpt lat="37.7008" lon="-83.86852"/>
      <trkpt lat="37.70082" lon="-83.86859"/>
      <trkpt lat="37.70086" lon="-83.86869"/>
      <trkpt lat="37.70092" lon="-83.86879"/>
      <trkpt lat="37.701" lon="-83.86886"/>
      <trkpt lat="37.70108" lon="-83.86892"/>
      <trkpt lat="37.7012" lon="-83.86898"/>
      <trkpt lat="37.70132" lon="-83.86903"/>
      <trkpt lat="37.70147" lon="-83.86908"/>
      <trkpt lat="37.70165" lon="-83.86914"/>
      <trkpt lat="37.70177" lon="-83.86918"/>
      <trkpt lat="37.70188" lon="-83.8692"/>
      <trkpt lat="37.70201" lon="-83.8692"/>
      <trkpt lat="37.70217" lon="-83.86918"/>
      <trkpt lat="37.7024" lon="-83.86912"/>
      <trkpt lat="37.7025" lon="-83.8691"/>
      <trkpt lat="37.70272" lon="-83.86908"/>
      <trkpt lat="37.70305" lon="-83.86909"/>
      <trkpt lat="37.7033" lon="-83.86911"/>
      <trkpt lat="37.70353" lon="-83.86914"/>
      <trkpt lat="37.70397" lon="-83.86924"/>
      <trkpt lat="37.70408" lon="-83.86925"/>
      <trkpt lat="37.70414" lon="-83.86926"/>
      <trkpt lat="37.70425" lon="-83.86925"/>
      <trkpt lat="37.70439" lon="-83.86922"/>
      <trkpt lat="37.70448" lon="-83.86918"/>
      <trkpt lat="37.70458" lon="-83.86911"/>
      <trkpt lat="37.70486" lon="-83.86883"/>
      <trkpt lat="37.70495" lon="-83.86873"/>
      <trkpt lat="37.70509" lon="-83.86856"/>
      <trkpt lat="37.70513" lon="-83.86852"/>
      <trkpt lat="37.70555" lon="-83.86811"/>
      <trkpt lat="37.70561" lon="-83.86806"/>
      <trkpt lat="37.70571" lon="-83.86799"/>
      <trkpt lat="37.70582" lon="-83.86795"/>
      <trkpt lat="37.70596" lon="-83.86791"/>
      <trkpt lat="37.70616" lon="-83.86789"/>
      <trkpt lat="37.70623" lon="-83.8679"/>
      <trkpt lat="37.70634" lon="-83.86791"/>
      <trkpt lat="37.70645" lon="-83.86793"/>
      <trkpt lat="37.70653" lon="-83.86795"/>
      <trkpt lat="37.70659" lon="-83.86797"/>
      <trkpt lat="37.70669" lon="-83.86803"/>
      <trkpt lat="37.70679" lon="-83.8681"/>
      <trkpt lat="37.70691" lon="-83.86822"/>
      <trkpt lat="37.70705" lon="-83.86838"/>
      <trkpt lat="37.70712" lon="-83.86849"/>
      <trkpt lat="37.7072" lon="-83.86859"/>
      <trkpt lat="37.70742" lon="-83.86889"/>
      <trkpt lat="37.7075" lon="-83.869"/>
      <trkpt lat="37.70762" lon="-83.86913"/>
      <trkpt lat="37.70782" lon="-83.86931"/>
      <trkpt lat="37.70809" lon="-83.8695"/>
      <trkpt lat="37.70839" lon="-83.86965"/>
      <trkpt lat="37.70881" lon="-83.86984"/>
      <trkpt lat="37.7093" lon="-83.87009"/>
      <trkpt lat="37.70951" lon="-83.87019"/>
      <trkpt lat="37.7096" lon="-83.87026"/>
      <trkpt lat="37.70963" lon="-83.87029"/>
      <trkpt lat="37.70967" lon="-83.87034"/>
      <trkpt lat="37.70974" lon="-83.87043"/>
      <trkpt lat="37.70977" lon="-83.87051"/>
      <trkpt lat="37.70983" lon="-83.87076"/>
      <trkpt lat="37.70986" lon="-83.87099"/>
      <trkpt lat="37.70989" lon="-83.87111"/>
      <trkpt lat="37.70992" lon="-83.87124"/>
      <trkpt lat="37.70997" lon="-83.87136"/>
      <trkpt lat="37.71006" lon="-83.87155"/>
      <trkpt lat="37.71014" lon="-83.87172"/>
      <trkpt lat="37.7104" lon="-83.87219"/>
      <trkpt lat="37.71046" lon="-83.8723"/>
      <trkpt lat="37.71057" lon="-83.87253"/>
      <trkpt lat="37.71065" lon="-83.87276"/>
      <trkpt lat="37.71069" lon="-83.87288"/>
      <trkpt lat="37.71072" lon="-83.873"/>
      <trkpt lat="37.71076" lon="-83.87328"/>
      <trkpt lat="37.71078" lon="-83.8735"/>
      <trkpt lat="37.71079" lon="-83.87389"/>
      <trkpt lat="37.7108" lon="-83.87401"/>
      <trkpt lat="37.71082" lon="-83.87416"/>
      <trkpt lat="37.71087" lon="-83.87444"/>
      <trkpt lat="37.7109" lon="-83.87462"/>
      <trkpt lat="37.71092" lon="-83.87475"/>
      <trkpt lat="37.71092" lon="-83.87481"/>
      <trkpt lat="37.71091" lon="-83.87495"/>
      <trkpt lat="37.71089" lon="-83.87513"/>
      <trkpt lat="37.71072" lon="-83.87602"/>
      <trkpt lat="37.71066" lon="-83.87626"/>
      <trkpt lat="37.71052" lon="-83.87666"/>
      <trkpt lat="37.71033" lon="-83.87719"/>
      <trkpt lat="37.71029" lon="-83.87727"/>
      <trkpt lat="37.71018" lon="-83.87746"/>
      <trkpt lat="37.71008" lon="-83.87759"/>
      <trkpt lat="37.71005" lon="-83.87762"/>
      <trkpt lat="37.70999" lon="-83.87766"/>
      <trkpt lat="37.70994" lon="-83.87768"/>
      <trkpt lat="37.70987" lon="-83.87771"/>
      <trkpt lat="37.70976" lon="-83.87773"/>
      <trkpt lat="37.70967" lon="-83.87774"/>
      <trkpt lat="37.70938" lon="-83.87776"/>
      <trkpt lat="37.70932" lon="-83.87777"/>
      <trkpt lat="37.70922" lon="-83.8778"/>
      <trkpt lat="37.70914" lon="-83.87783"/>
      <trkpt lat="37.70908" lon="-83.87787"/>
      <trkpt lat="37.70897" lon="-83.878"/>
      <trkpt lat="37.70894" lon="-83.87805"/>
      <trkpt lat="37.70891" lon="-83.87816"/>
      <trkpt lat="37.70889" lon="-83.87833"/>
      <trkpt lat="37.70886" lon="-83.87881"/>
      <trkpt lat="37.70885" lon="-83.87913"/>
      <trkpt lat="37.70885" lon="-83.87941"/>
      <trkpt lat="37.70886" lon="-83.87956"/>
      <trkpt lat="37.70887" lon="-83.87971"/>
      <trkpt lat="37.7089" lon="-83.87981"/>
      <trkpt lat="37.70897" lon="-83.87993"/>
      <trkpt lat="37.70905" lon="-83.88004"/>
      <trkpt lat="37.70913" lon="-83.88008"/>
      <trkpt lat="37.70932" lon="-83.88016"/>
      <trkpt lat="37.70941" lon="-83.88019"/>
      <trkpt lat="37.70957" lon="-83.88026"/>
      <trkpt lat="37.70977" lon="-83.88033"/>
      <trkpt lat="37.70981" lon="-83.88035"/>
      <trkpt lat="37.71002" lon="-83.8805"/>
      <trkpt lat="37.71009" lon="-83.88056"/>
      <trkpt lat="37.71025" lon="-83.88076"/>
      <trkpt lat="37.71033" lon="-83.88087"/>
      <trkpt lat="37.71039" lon="-83.88097"/>
      <trkpt lat="37.71052" lon="-83.88124"/>
      <trkpt lat="37.71061" lon="-83.88149"/>
      <trkpt lat="37.71064" lon="-83.88161"/>
      <trkpt lat="37.71066" lon="-83.88173"/>
      <trkpt lat="37.71068" lon="-83.88188"/>
      <trkpt lat="37.71069" lon="-83.88213"/>
      <trkpt lat="37.7107" lon="-83.88241"/>
      <trkpt lat="37.7107" lon="-83.88326"/>
      <trkpt lat="37.71069" lon="-83.88352"/>
      <trkpt lat="37.71067" lon="-83.88364"/>
      <trkpt lat="37.71066" lon="-83.8837"/>
      <trkpt lat="37.71064" lon="-83.88376"/>
      <trkpt lat="37.71059" lon="-83.88387"/>
      <trkpt lat="37.71055" lon="-83.88394"/>
      <trkpt lat="37.71046" lon="-83.88407"/>
      <trkpt lat="37.71038" lon="-83.88415"/>
      <trkpt lat="37.7103" lon="-83.88421"/>
      <trkpt lat="37.71026" lon="-83.88423"/>
      <trkpt lat="37.71015" lon="-83.88425"/>
      <trkpt lat="37.71006" lon="-83.88425"/>
      <trkpt lat="37.71002" lon="-83.88425"/>
      <trkpt lat="37.70971" lon="-83.88417"/>
      <trkpt lat="37.7096" lon="-83.88413"/>
      <trkpt lat="37.70938" lon="-83.88398"/>
      <trkpt lat="37.70929" lon="-83.88416"/>
      <trkpt lat="37.70938" lon="-83.88433"/>
      <trkpt lat="37.70948" lon="-83.88449"/>
      <trkpt lat="37.70955" lon="-83.88459"/>
      <trkpt lat="37.70963" lon="-83.88468"/>
      <trkpt lat="37.70972" lon="-83.88475"/>
      <trkpt lat="37.70991" lon="-83.88486"/>
      <trkpt lat="37.7101" lon="-83.88491"/>
      <trkpt lat="37.71024" lon="-83.88493"/>
      <trkpt lat="37.71031" lon="-83.88492"/>
      <trkpt lat="37.71041" lon="-83.88491"/>
      <trkpt lat="37.71051" lon="-83.88488"/>
      <trkpt lat="37.7107" lon="-83.88482"/>
      <trkpt lat="37.71081" lon="-83.88476"/>
      <trkpt lat="37.71087" lon="-83.88472"/>
      <trkpt lat="37.71102" lon="-83.88459"/>
      <trkpt lat="37.71106" lon="-83.88456"/>
      <trkpt lat="37.71122" lon="-83.88439"/>
      <trkpt lat="37.71136" lon="-83.88425"/>
      <trkpt lat="37.71168" lon="-83.88399"/>
      <trkpt lat="37.71174" lon="-83.88393"/>
      <trkpt lat="37.7118" lon="-83.88387"/>
      <trkpt lat="37.71201" lon="-83.88364"/>
      <trkpt lat="37.71215" lon="-83.88348"/>
      <trkpt lat="37.71225" lon="-83.88338"/>
      <trkpt lat="37.71238" lon="-83.88327"/>
      <trkpt lat="37.71267" lon="-83.88305"/>
      <trkpt lat="37.71288" lon="-83.88291"/>
      <trkpt lat="37.7133" lon="-83.88266"/>
      <trkpt lat="37.71349" lon="-83.88256"/>
      <trkpt lat="37.71354" lon="-83.88253"/>
      <trkpt lat="37.71373" lon="-83.88241"/>
      <trkpt lat="37.71381" lon="-83.88235"/>
      <trkpt lat="37.71392" lon="-83.88225"/>
      <trkpt lat="37.71406" lon="-83.88209"/>
      <trkpt lat="37.71424" lon="-83.88186"/>
      <trkpt lat="37.7145" lon="-83.88153"/>
      <trkpt lat="37.71484" lon="-83.88107"/>
      <trkpt lat="37.71501" lon="-83.88082"/>
      <trkpt lat="37.71508" lon="-83.8807"/>
      <trkpt lat="37.71521" lon="-83.88044"/>
      <trkpt lat="37.71528" lon="-83.88029"/>
      <trkpt lat="37.71542" lon="-83.87987"/>
      <trkpt lat="37.71548" lon="-83.87965"/>
      <trkpt lat="37.71553" lon="-83.87944"/>
      <trkpt lat="37.71558" lon="-83.87912"/>
      <trkpt lat="37.71565" lon="-83.87871"/>
      <trkpt lat="37.71572" lon="-83.87844"/>
      <trkpt lat="37.71575" lon="-83.87832"/>
      <trkpt lat="37.71613" lon="-83.87724"/>
      <trkpt lat="37.71617" lon="-83.87714"/>
      <trkpt lat="37.71626" lon="-83.87698"/>
      <trkpt lat="37.71634" lon="-83.87687"/>
      <trkpt lat="37.71642" lon="-83.87679"/>
      <trkpt lat="37.71652" lon="-83.87669"/>
      <trkpt lat="37.71661" lon="-83.87664"/>
      <trkpt lat="37.71687" lon="-83.87651"/>
      <trkpt lat="37.71727" lon="-83.87628"/>
      <trkpt lat="37.71741" lon="-83.87621"/>
      <trkpt lat="37.7175" lon="-83.87615"/>
      <trkpt lat="37.71769" lon="-83.87605"/>
      <trkpt lat="37.7178" lon="-83.876"/>
      <trkpt lat="37.7179" lon="-83.87597"/>
      <trkpt lat="37.71793" lon="-83.87597"/>
      <trkpt lat="37.718" lon="-83.87596"/>
      <trkpt lat="37.7181" lon="-83.87596"/>
      <trkpt lat="37.71815" lon="-83.87597"/>
      <trkpt lat="37.71844" lon="-83.87604"/>
      <trkpt lat="37.71854" lon="-83.87606"/>
      <trkpt lat="37.71864" lon="-83.87607"/>
      <trkpt lat="37.71877" lon="-83.87606"/>
      <trkpt lat="37.71885" lon="-83.87604"/>
      <trkpt lat="37.71901" lon="-83.87598"/>
      <trkpt lat="37.71907" lon="-83.87594"/>
      <trkpt lat="37.71919" lon="-83.87585"/>
      <trkpt lat="37.71929" lon="-83.87576"/>
      <trkpt lat="37.71937" lon="-83.87565"/>
      <trkpt lat="37.71949" lon="-83.87546"/>
      <trkpt lat="37.71954" lon="-83.87532"/>
      <trkpt lat="37.71958" lon="-83.87521"/>
      <trkpt lat="37.71961" lon="-83.87507"/>
      <trkpt lat="37.71969" lon="-83.87441"/>
      <trkpt lat="37.71972" lon="-83.8743"/>
      <trkpt lat="37.71975" lon="-83.87419"/>
      <trkpt lat="37.71978" lon="-83.87414"/>
      <trkpt lat="37.71985" lon="-83.87402"/>
      <trkpt lat="37.71993" lon="-83.87392"/>
      <trkpt lat="37.72003" lon="-83.87382"/>
      <trkpt lat="37.72007" lon="-83.87379"/>
      <trkpt lat="37.72012" lon="-83.87376"/>
      <trkpt lat="37.72023" lon="-83.87369"/>
      <trkpt lat="37.72039" lon="-83.87362"/>
      <trkpt lat="37.72059" lon="-83.87354"/>
      <trkpt lat="37.72076" lon="-83.87348"/>
      <trkpt lat="37.7209" lon="-83.87344"/>
      <trkpt lat="37.72102" lon="-83.87342"/>
      <trkpt lat="37.72112" lon="-83.87343"/>
      <trkpt lat="37.72147" lon="-83.87346"/>
      <trkpt lat="37.72166" lon="-83.87349"/>
      <trkpt lat="37.72226" lon="-83.8736"/>
      <trkpt lat="37.72241" lon="-83.87361"/>
      <trkpt lat="37.72253" lon="-83.87361"/>
      <trkpt lat="37.72265" lon="-83.87361"/>
      <trkpt lat="37.72303" lon="-83.87354"/>
      <trkpt lat="37.72312" lon="-83.87354"/>
      <trkpt lat="37.72323" lon="-83.87355"/>
      <trkpt lat="37.72333" lon="-83.87358"/>
      <trkpt lat="37.72343" lon="-83.87362"/>
      <trkpt lat="37.72406" lon="-83.87385"/>
      <trkpt lat="37.72435" lon="-83.87394"/>
      <trkpt lat="37.72459" lon="-83.874"/>
      <trkpt lat="37.72468" lon="-83.87402"/>
      <trkpt lat="37.72483" lon="-83.87402"/>
      <trkpt lat="37.7249" lon="-83.874"/>
      <trkpt lat="37.72498" lon="-83.87397"/>
      <trkpt lat="37.72503" lon="-83.87394"/>
      <trkpt lat="37.72512" lon="-83.87386"/>
      <trkpt lat="37.72516" lon="-83.87383"/>
      <trkpt lat="37.72542" lon="-83.87351"/>
      <trkpt lat="37.72576" lon="-83.87315"/>
      <trkpt lat="37.72593" lon="-83.87299"/>
      <trkpt lat="37.72601" lon="-83.87293"/>
      <trkpt lat="37.72609" lon="-83.87287"/>
      <trkpt lat="37.72627" lon="-83.8728"/>
      <trkpt lat="37.72637" lon="-83.87278"/>
      <trkpt lat="37.72643" lon="-83.87278"/>
      <trkpt lat="37.72653" lon="-83.87279"/>
      <trkpt lat="37.72662" lon="-83.87281"/>
      <trkpt lat="37.72672" lon="-83.87285"/>
      <trkpt lat="37.72692" lon="-83.87291"/>
      <trkpt lat="37.72707" lon="-83.87293"/>
      <trkpt lat="37.72712" lon="-83.87293"/>
      <trkpt lat="37.72723" lon="-83.8729"/>
      <trkpt lat="37.72727" lon="-83.87288"/>
      <trkpt lat="37.72731" lon="-83.87286"/>
      <trkpt lat="37.72736" lon="-83.8728"/>
      <trkpt lat="37.72749" lon="-83.87262"/>
      <trkpt lat="37.72806" lon="-83.87171"/>
      <trkpt lat="37.72816" lon="-83.87157"/>
      <trkpt lat="37.72824" lon="-83.87147"/>
      <trkpt lat="37.72838" lon="-83.87133"/>
      <trkpt lat="37.72849" lon="-83.87124"/>
      <trkpt lat="37.72855" lon="-83.87119"/>
      <trkpt lat="37.72861" lon="-83.87115"/>
      <trkpt lat="37.72879" lon="-83.87106"/>
      <trkpt lat="37.72967" lon="-83.87065"/>
      <trkpt lat="37.73014" lon="-83.87045"/>
      <trkpt lat="37.73025" lon="-83.87039"/>
      <trkpt lat="37.73078" lon="-83.87016"/>
      <trkpt lat="37.73099" lon="-83.87005"/>
      <trkpt lat="37.7311" lon="-83.86998"/>
      <trkpt lat="37.73131" lon="-83.86984"/>
      <trkpt lat="37.73174" lon="-83.86948"/>
      <trkpt lat="37.73194" lon="-83.86932"/>
      <trkpt lat="37.7326" lon="-83.86885"/>
      <trkpt lat="37.73289" lon="-83.86863"/>
      <trkpt lat="37.73307" lon="-83.86851"/>
      <trkpt lat="37.7332" lon="-83.86843"/>
      <trkpt lat="37.73331" lon="-83.86836"/>
      <trkpt lat="37.73368" lon="-83.86819"/>
      <trkpt lat="37.73423" lon="-83.86798"/>
      <trkpt lat="37.73474" lon="-83.86781"/>
      <trkpt lat="37.73493" lon="-83.86774"/>
      <trkpt lat="37.7351" lon="-83.86766"/>
      <trkpt lat="37.73525" lon="-83.86755"/>
      <trkpt lat="37.73535" lon="-83.86746"/>
      <trkpt lat="37.73546" lon="-83.86735"/>
      <trkpt lat="37.73559" lon="-83.86724"/>
      <trkpt lat="37.73563" lon="-83.86721"/>
      <trkpt lat="37.73573" lon="-83.86716"/>
      <trkpt lat="37.73583" lon="-83.86712"/>
      <trkpt lat="37.73595" lon="-83.86709"/>
      <trkpt lat="37.73607" lon="-83.86708"/>
      <trkpt lat="37.73625" lon="-83.8671"/>
      <trkpt lat="37.73645" lon="-83.86716"/>
      <trkpt lat="37.73704" lon="-83.86743"/>
      <trkpt lat="37.73716" lon="-83.86748"/>
      <trkpt lat="37.73764" lon="-83.86768"/>
      <trkpt lat="37.7377" lon="-83.8677"/>
      <trkpt lat="37.7378" lon="-83.86774"/>
      <trkpt lat="37.73795" lon="-83.86783"/>
      <trkpt lat="37.73813" lon="-83.86795"/>
      <trkpt lat="37.73861" lon="-83.86831"/>
      <trkpt lat="37.73921" lon="-83.86879"/>
      <trkpt lat="37.73932" lon="-83.86889"/>
      <trkpt lat="37.73941" lon="-83.86898"/>
      <trkpt lat="37.73969" lon="-83.86931"/>
      <trkpt lat="37.73991" lon="-83.86952"/>
      <trkpt lat="37.73999" lon="-83.86959"/>
      <trkpt lat="37.74031" lon="-83.86982"/>
      <trkpt lat="37.74042" lon="-83.86988"/>
      <trkpt lat="37.74052" lon="-83.86993"/>
      <trkpt lat="37.74063" lon="-83.86994"/>
      <trkpt lat="37.7407" lon="-83.86994"/>
      <trkpt lat="37.74083" lon="-83.86991"/>
      <trkpt lat="37.74115" lon="-83.86982"/>
      <trkpt lat="37.74122" lon="-83.86981"/>
      <trkpt lat="37.7413" lon="-83.86981"/>
      <trkpt lat="37.74142" lon="-83.86981"/>
      <trkpt lat="37.74153" lon="-83.86984"/>
      <trkpt lat="37.74161" lon="-83.86989"/>
      <trkpt lat="37.74165" lon="-83.86991"/>
      <trkpt lat="37.74183" lon="-83.87004"/>
      <trkpt lat="37.74193" lon="-83.87013"/>
      <trkpt lat="37.74203" lon="-83.87022"/>
      <trkpt lat="37.74212" lon="-83.87032"/>
      <trkpt lat="37.74221" lon="-83.87043"/>
      <trkpt lat="37.74262" lon="-83.87096"/>
      <trkpt lat="37.74272" lon="-83.87105"/>
      <trkpt lat="37.74278" lon="-83.87109"/>
      <trkpt lat="37.74286" lon="-83.87113"/>
      <trkpt lat="37.74296" lon="-83.87116"/>
      <trkpt lat="37.7434" lon="-83.87126"/>
      <trkpt lat="37.74352" lon="-83.87129"/>
      <trkpt lat="37.74364" lon="-83.8713"/>
      <trkpt lat="37.74376" lon="-83.87131"/>
      <trkpt lat="37.74389" lon="-83.8713"/>
      <trkpt lat="37.74401" lon="-83.87128"/>
      <trkpt lat="37.74444" lon="-83.87118"/>
      <trkpt lat="37.74479" lon="-83.8711"/>
      <trkpt lat="37.74509" lon="-83.87108"/>
      <trkpt lat="37.74523" lon="-83.87107"/>
      <trkpt lat="37.74537" lon="-83.87105"/>
      <trkpt lat="37.74545" lon="-83.87102"/>
      <trkpt lat="37.74556" lon="-83.87098"/>
      <trkpt lat="37.74567" lon="-83.87091"/>
      <trkpt lat="37.74576" lon="-83.87083"/>
      <trkpt lat="37.74591" lon="-83.87067"/>
      <trkpt lat="37.74615" lon="-83.87037"/>
      <trkpt lat="37.74633" lon="-83.87015"/>
      <trkpt lat="37.74639" lon="-83.87009"/>
      <trkpt lat="37.74648" lon="-83.87001"/>
      <trkpt lat="37.74658" lon="-83.86993"/>
      <trkpt lat="37.74668" lon="-83.86987"/>
      <trkpt lat="37.74675" lon="-83.86985"/>
      <trkpt lat="37.74685" lon="-83.86982"/>
      <trkpt lat="37.7469" lon="-83.86981"/>
      <trkpt lat="37.74699" lon="-83.86979"/>
      <trkpt lat="37.74728" lon="-83.86977"/>
      <trkpt lat="37.74739" lon="-83.86974"/>
      <trkpt lat="37.74749" lon="-83.86969"/>
      <trkpt lat="37.74757" lon="-83.86962"/>
      <trkpt lat="37.74765" lon="-83.86954"/>
      <trkpt lat="37.74783" lon="-83.86925"/>
      <trkpt lat="37.74789" lon="-83.86918"/>
      <trkpt lat="37.74799" lon="-83.86908"/>
      <trkpt lat="37.74807" lon="-83.86901"/>
      <trkpt lat="37.74816" lon="-83.86895"/>
      <trkpt lat="37.74826" lon="-83.8689"/>
      <trkpt lat="37.74837" lon="-83.86886"/>
      <trkpt lat="37.74847" lon="-83.86884"/>
      <trkpt lat="37.74869" lon="-83.8688"/>
      <trkpt lat="37.74879" lon="-83.86877"/>
      <trkpt lat="37.74886" lon="-83.86873"/>
      <trkpt lat="37.74896" lon="-83.86867"/>
      <trkpt lat="37.74929" lon="-83.86839"/>
      <trkpt lat="37.74934" lon="-83.86846"/>
      <trkpt lat="37.74942" lon="-83.8685"/>
      <trkpt lat="37.74973" lon="-83.86854"/>
      <trkpt lat="37.74987" lon="-83.86859"/>
      <trkpt lat="37.75" lon="-83.86869"/>
      <trkpt lat="37.75006" lon="-83.86876"/>
      <trkpt lat="37.75015" lon="-83.86891"/>
      <trkpt lat="37.75034" lon="-83.86935"/>
      <trkpt lat="37.75044" lon="-83.86951"/>
      <trkpt lat="37.75061" lon="-83.86972"/>
      <trkpt lat="37.75118" lon="-83.87034"/>
      <trkpt lat="37.75141" lon="-83.87057"/>
      <trkpt lat="37.7515" lon="-83.87064"/>
      <trkpt lat="37.75166" lon="-83.87074"/>
      <trkpt lat="37.75184" lon="-83.87082"/>
      <trkpt lat="37.75198" lon="-83.87085"/>
      <trkpt lat="37.75211" lon="-83.87089"/>
      <trkpt lat="37.75241" lon="-83.87096"/>
      <trkpt lat="37.75274" lon="-83.87106"/>
      <trkpt lat="37.75279" lon="-83.87108"/>
      <trkpt lat="37.75288" lon="-83.87118"/>
      <trkpt lat="37.75294" lon="-83.87126"/>
      <trkpt lat="37.75302" lon="-83.87146"/>
      <trkpt lat="37.75304" lon="-83.87165"/>
      <trkpt lat="37.75303" lon="-83.87175"/>
      <trkpt lat="37.75299" lon="-83.87197"/>
      <trkpt lat="37.75296" lon="-83.87233"/>
      <trkpt lat="37.75296" lon="-83.87245"/>
      <trkpt lat="37.75304" lon="-83.87326"/>
      <trkpt lat="37.75307" lon="-83.87361"/>
      <trkpt lat="37.75306" lon="-83.87384"/>
      <trkpt lat="37.75301" lon="-83.87405"/>
      <trkpt lat="37.75298" lon="-83.87412"/>
      <trkpt lat="37.75294" lon="-83.87419"/>
      <trkpt lat="37.75282" lon="-83.87437"/>
      <trkpt lat="37.7528" lon="-83.87441"/>
      <trkpt lat="37.75238" lon="-83.87492"/>
      <trkpt lat="37.75226" lon="-83.87509"/>
      <trkpt lat="37.7522" lon="-83.87519"/>
      <trkpt lat="37.75216" lon="-83.87527"/>
      <trkpt lat="37.75212" lon="-83.87537"/>
      <trkpt lat="37.75206" lon="-83.87557"/>
      <trkpt lat="37.75202" lon="-83.87591"/>
      <trkpt lat="37.75203" lon="-83.87611"/>
      <trkpt lat="37.75204" lon="-83.87625"/>
      <trkpt lat="37.7521" lon="-83.87661"/>
      <trkpt lat="37.75218" lon="-83.87684"/>
      <trkpt lat="37.75222" lon="-83.87695"/>
      <trkpt lat="37.75258" lon="-83.87762"/>
      <trkpt lat="37.7527" lon="-83.87782"/>
      <trkpt lat="37.75278" lon="-83.87795"/>
      <trkpt lat="37.75293" lon="-83.87812"/>
      <trkpt lat="37.75311" lon="-83.87827"/>
      <trkpt lat="37.75319" lon="-83.87835"/>
      <trkpt lat="37.75346" lon="-83.87856"/>
      <trkpt lat="37.75372" lon="-83.87874"/>
      <trkpt lat="37.7541" lon="-83.87898"/>
      <trkpt lat="37.75467" lon="-83.87927"/>
      <trkpt lat="37.75486" lon="-83.87936"/>
      <trkpt lat="37.7551" lon="-83.87947"/>
      <trkpt lat="37.75522" lon="-83.87951"/>
      <trkpt lat="37.75549" lon="-83.87964"/>
      <trkpt lat="37.75571" lon="-83.87972"/>
      <trkpt lat="37.75591" lon="-83.87978"/>
      <trkpt lat="37.75606" lon="-83.8798"/>
      <trkpt lat="37.75642" lon="-83.87979"/>
      <trkpt lat="37.75657" lon="-83.87981"/>
      <trkpt lat="37.75672" lon="-83.87985"/>
      <trkpt lat="37.75702" lon="-83.88002"/>
      <trkpt lat="37.75717" lon="-83.88014"/>
      <trkpt lat="37.75748" lon="-83.88045"/>
      <trkpt lat="37.7576" lon="-83.8806"/>
      <trkpt lat="37.7577" lon="-83.88076"/>
      <trkpt lat="37.7579" lon="-83.88112"/>
      <trkpt lat="37.75806" lon="-83.8815"/>
      <trkpt lat="37.75853" lon="-83.88287"/>
      <trkpt lat="37.75855" lon="-83.88294"/>
      <trkpt lat="37.75862" lon="-83.88338"/>
      <trkpt lat="37.75863" lon="-83.88347"/>
      <trkpt lat="37.75863" lon="-83.88357"/>
      <trkpt lat="37.75862" lon="-83.88368"/>
      <trkpt lat="37.75859" lon="-83.88377"/>
      <trkpt lat="37.75855" lon="-83.88386"/>
      <trkpt lat="37.75846" lon="-83.88402"/>
      <trkpt lat="37.75839" lon="-83.88409"/>
      <trkpt lat="37.75825" lon="-83.88421"/>
      <trkpt lat="37.75817" lon="-83.88424"/>
      <trkpt lat="37.75799" lon="-83.88428"/>
      <trkpt lat="37.7578" lon="-83.88433"/>
      <trkpt lat="37.75751" lon="-83.88438"/>
      <trkpt lat="37.75741" lon="-83.88441"/>
      <trkpt lat="37.75735" lon="-83.88446"/>
      <trkpt lat="37.7572" lon="-83.88466"/>
      <trkpt lat="37.75713" lon="-83.88477"/>
      <trkpt lat="37.75702" lon="-83.88497"/>
      <trkpt lat="37.75695" lon="-83.88522"/>
      <trkpt lat="37.75686" lon="-83.88544"/>
      <trkpt lat="37.75657" lon="-83.88631"/>
      <trkpt lat="37.75655" lon="-83.88642"/>
      <trkpt lat="37.75655" lon="-83.88659"/>
      <trkpt lat="37.75655" lon="-83.8867"/>
      <trkpt lat="37.75657" lon="-83.88693"/>
      <trkpt lat="37.7566" lon="-83.88704"/>
      <trkpt lat="37.7567" lon="-83.88725"/>
      <trkpt lat="37.75681" lon="-83.88746"/>
      <trkpt lat="37.75697" lon="-83.8876"/>
      <trkpt lat="37.75741" lon="-83.88792"/>
      <trkpt lat="37.75749" lon="-83.88799"/>
      <trkpt lat="37.75769" lon="-83.88822"/>
      <trkpt lat="37.75792" lon="-83.88855"/>
      <trkpt lat="37.75814" lon="-83.88893"/>
      <trkpt lat="37.75824" lon="-83.88912"/>
      <trkpt lat="37.75872" lon="-83.88982"/>
      <trkpt lat="37.75892" lon="-83.89017"/>
      <trkpt lat="37.75899" lon="-83.89036"/>
      <trkpt lat="37.75907" lon="-83.89063"/>
      <trkpt lat="37.75914" lon="-83.89113"/>
      <trkpt lat="37.75918" lon="-83.89142"/>
      <trkpt lat="37.7592" lon="-83.89194"/>
      <trkpt lat="37.75914" lon="-83.8925"/>
      <trkpt lat="37.75914" lon="-83.89254"/>
      <trkpt lat="37.75915" lon="-83.89262"/>
      <trkpt lat="37.75918" lon="-83.89277"/>
      <trkpt lat="37.75923" lon="-83.89297"/>
      <trkpt lat="37.7593" lon="-83.89317"/>
      <trkpt lat="37.75976" lon="-83.89438"/>
      <trkpt lat="37.75979" lon="-83.89447"/>
      <trkpt lat="37.75984" lon="-83.89463"/>
      <trkpt lat="37.76001" lon="-83.89535"/>
      <trkpt lat="37.76003" lon="-83.89546"/>
      <trkpt lat="37.76005" lon="-83.8958"/>
      <trkpt lat="37.76005" lon="-83.89614"/>
      <trkpt lat="37.76001" lon="-83.89666"/>
      <trkpt lat="37.75995" lon="-83.89717"/>
      <trkpt lat="37.75994" lon="-83.89748"/>
      <trkpt lat="37.75997" lon="-83.89768"/>
      <trkpt lat="37.76007" lon="-83.89804"/>
      <trkpt lat="37.76013" lon="-83.89833"/>
      <trkpt lat="37.76013" lon="-83.8985"/>
      <trkpt lat="37.76012" lon="-83.89863"/>
      <trkpt lat="37.7601" lon="-83.89874"/>
      <trkpt lat="37.76007" lon="-83.89888"/>
      <trkpt lat="37.76006" lon="-83.89892"/>
      <trkpt lat="37.75995" lon="-83.89935"/>
      <trkpt lat="37.75987" lon="-83.89956"/>
      <trkpt lat="37.75972" lon="-83.9001"/>
      <trkpt lat="37.75967" lon="-83.90031"/>
      <trkpt lat="37.75966" lon="-83.9005"/>
      <trkpt lat="37.75966" lon="-83.9009"/>
      <trkpt lat="37.75965" lon="-83.90102"/>
      <trkpt lat="37.75961" lon="-83.90117"/>
      <trkpt lat="37.75955" lon="-83.90133"/>
      <trkpt lat="37.75946" lon="-83.90157"/>
      <trkpt lat="37.75937" lon="-83.90187"/>
      <trkpt lat="37.75937" lon="-83.90223"/>
      <trkpt lat="37.7594" lon="-83.90262"/>
      <trkpt lat="37.75939" lon="-83.90293"/>
      <trkpt lat="37.75934" lon="-83.9032"/>
      <trkpt lat="37.75932" lon="-83.90324"/>
      <trkpt lat="37.75922" lon="-83.90343"/>
      <trkpt lat="37.75916" lon="-83.90351"/>
      <trkpt lat="37.75887" lon="-83.90382"/>
      <trkpt lat="37.75875" lon="-83.90398"/>
      <trkpt lat="37.75865" lon="-83.90415"/>
      <trkpt lat="37.75861" lon="-83.90436"/>
      <trkpt lat="37.7586" lon="-83.90457"/>
      <trkpt lat="37.75862" lon="-83.90468"/>
      <trkpt lat="37.75864" lon="-83.90483"/>
      <trkpt lat="37.75866" lon="-83.90497"/>
      <trkpt lat="37.75871" lon="-83.90516"/>
      <trkpt lat="37.75887" lon="-83.90561"/>
      <trkpt lat="37.75891" lon="-83.90569"/>
      <trkpt lat="37.75903" lon="-83.90586"/>
      <trkpt lat="37.75917" lon="-83.90599"/>
      <trkpt lat="37.75942" lon="-83.90619"/>
      <trkpt lat="37.75972" lon="-83.90638"/>
      <trkpt lat="37.75986" lon="-83.90645"/>
      <trkpt lat="37.76001" lon="-83.90648"/>
      <trkpt lat="37.76101" lon="-83.90662"/>
      <trkpt lat="37.76135" lon="-83.9067"/>
      <trkpt lat="37.76149" lon="-83.90673"/>
      <trkpt lat="37.76167" lon="-83.90679"/>
      <trkpt lat="37.76171" lon="-83.90686"/>
      <trkpt lat="37.7619" lon="-83.9069"/>
      <trkpt lat="37.76205" lon="-83.90703"/>
      <trkpt lat="37.76252" lon="-83.90747"/>
      <trkpt lat="37.76289" lon="-83.90779"/>
      <trkpt lat="37.76302" lon="-83.90787"/>
      <trkpt lat="37.76314" lon="-83.90792"/>
      <trkpt lat="37.76323" lon="-83.90794"/>
      <trkpt lat="37.7633" lon="-83.90795"/>
      <trkpt lat="37.76338" lon="-83.90794"/>
      <trkpt lat="37.76359" lon="-83.90788"/>
      <trkpt lat="37.76366" lon="-83.90787"/>
      <trkpt lat="37.76381" lon="-83.90789"/>
      <trkpt lat="37.76395" lon="-83.90796"/>
      <trkpt lat="37.76401" lon="-83.90801"/>
      <trkpt lat="37.76414" lon="-83.90812"/>
      <trkpt lat="37.76434" lon="-83.90836"/>
      <trkpt lat="37.76452" lon="-83.90851"/>
      <trkpt lat="37.76464" lon="-83.9086"/>
      <trkpt lat="37.76484" lon="-83.90869"/>
      <trkpt lat="37.76488" lon="-83.90869"/>
      <trkpt lat="37.76493" lon="-83.9087"/>
      <trkpt lat="37.76516" lon="-83.90875"/>
      <trkpt lat="37.7653" lon="-83.90877"/>
      <trkpt lat="37.76552" lon="-83.90887"/>
      <trkpt lat="37.76564" lon="-83.90896"/>
      <trkpt lat="37.76573" lon="-83.90903"/>
      <trkpt lat="37.76647" lon="-83.90982"/>
      <trkpt lat="37.76662" lon="-83.91004"/>
      <trkpt lat="37.76667" lon="-83.91017"/>
      <trkpt lat="37.76668" lon="-83.91025"/>
      <trkpt lat="37.7667" lon="-83.91039"/>
      <trkpt lat="37.7667" lon="-83.91047"/>
      <trkpt lat="37.76668" lon="-83.91058"/>
      <trkpt lat="37.76666" lon="-83.91067"/>
      <trkpt lat="37.76662" lon="-83.91075"/>
      <trkpt lat="37.76654" lon="-83.91093"/>
      <trkpt lat="37.76639" lon="-83.91122"/>
      <trkpt lat="37.76627" lon="-83.91144"/>
      <trkpt lat="37.76602" lon="-83.91187"/>
      <trkpt lat="37.76597" lon="-83.91198"/>
      <trkpt lat="37.76591" lon="-83.91214"/>
      <trkpt lat="37.76586" lon="-83.9124"/>
      <trkpt lat="37.76588" lon="-83.91231"/>
      <trkpt lat="37.76586" lon="-83.91245"/>
      <trkpt lat="37.76587" lon="-83.91258"/>
      <trkpt lat="37.76589" lon="-83.91273"/>
      <trkpt lat="37.76594" lon="-83.91295"/>
      <trkpt lat="37.76598" lon="-83.91312"/>
      <trkpt lat="37.76598" lon="-83.91329"/>
      <trkpt lat="37.76598" lon="-83.91338"/>
      <trkpt lat="37.76595" lon="-83.91354"/>
      <trkpt lat="37.76593" lon="-83.9136"/>
      <trkpt lat="37.76589" lon="-83.91366"/>
      <trkpt lat="37.76584" lon="-83.91372"/>
      <trkpt lat="37.76509" lon="-83.91429"/>
      <trkpt lat="37.7647" lon="-83.9146"/>
      <trkpt lat="37.764" lon="-83.91524"/>
      <trkpt lat="37.76369" lon="-83.91542"/>
      <trkpt lat="37.76349" lon="-83.91551"/>
      <trkpt lat="37.76275" lon="-83.91576"/>
      <trkpt lat="37.7626" lon="-83.91582"/>
      <trkpt lat="37.76254" lon="-83.91587"/>
      <trkpt lat="37.76244" lon="-83.91599"/>
      <trkpt lat="37.76238" lon="-83.91609"/>
      <trkpt lat="37.76233" lon="-83.91621"/>
      <trkpt lat="37.76218" lon="-83.91674"/>
      <trkpt lat="37.76211" lon="-83.91693"/>
      <trkpt lat="37.76203" lon="-83.91704"/>
      <trkpt lat="37.76198" lon="-83.91709"/>
      <trkpt lat="37.76188" lon="-83.91716"/>
      <trkpt lat="37.76171" lon="-83.91724"/>
      <trkpt lat="37.76161" lon="-83.91733"/>
      <trkpt lat="37.76157" lon="-83.91738"/>
      <trkpt lat="37.76146" lon="-83.91761"/>
      <trkpt lat="37.76141" lon="-83.91778"/>
      <trkpt lat="37.76139" lon="-83.91797"/>
      <trkpt lat="37.76139" lon="-83.91814"/>
      <trkpt lat="37.76143" lon="-83.91861"/>
      <trkpt lat="37.76145" lon="-83.91879"/>
      <trkpt lat="37.76148" lon="-83.91894"/>
      <trkpt lat="37.76151" lon="-83.91906"/>
      <trkpt lat="37.76156" lon="-83.91918"/>
      <trkpt lat="37.76164" lon="-83.91933"/>
      <trkpt lat="37.76184" lon="-83.91963"/>
      <trkpt lat="37.76194" lon="-83.91985"/>
      <trkpt lat="37.762" lon="-83.92007"/>
      <trkpt lat="37.76207" lon="-83.92053"/>
      <trkpt lat="37.76208" lon="-83.92129"/>
      <trkpt lat="37.76206" lon="-83.92156"/>
      <trkpt lat="37.76198" lon="-83.9219"/>
      <trkpt lat="37.76179" lon="-83.9225"/>
      <trkpt lat="37.76172" lon="-83.92267"/>
      <trkpt lat="37.76158" lon="-83.92293"/>
      <trkpt lat="37.76144" lon="-83.92313"/>
      <trkpt lat="37.76137" lon="-83.92326"/>
      <trkpt lat="37.76127" lon="-83.92349"/>
      <trkpt lat="37.76124" lon="-83.92369"/>
      <trkpt lat="37.7612" lon="-83.92421"/>
      <trkpt lat="37.76117" lon="-83.92433"/>
      <trkpt lat="37.76113" lon="-83.92445"/>
      <trkpt lat="37.76107" lon="-83.92455"/>
      <trkpt lat="37.76098" lon="-83.92466"/>
      <trkpt lat="37.76086" lon="-83.92479"/>
      <trkpt lat="37.76073" lon="-83.92488"/>
      <trkpt lat="37.76058" lon="-83.92496"/>
      <trkpt lat="37.76049" lon="-83.92498"/>
      <trkpt lat="37.76021" lon="-83.925"/>
      <trkpt lat="37.75999" lon="-83.92506"/>
      <trkpt lat="37.75984" lon="-83.92514"/>
      <trkpt lat="37.75936" lon="-83.92543"/>
      <trkpt lat="37.75909" lon="-83.9256"/>
      <trkpt lat="37.75875" lon="-83.92577"/>
      <trkpt lat="37.75861" lon="-83.92582"/>
      <trkpt lat="37.75844" lon="-83.92588"/>
      <trkpt lat="37.75805" lon="-83.92596"/>
      <trkpt lat="37.75788" lon="-83.92597"/>
      <trkpt lat="37.75737" lon="-83.92598"/>
      <trkpt lat="37.75706" lon="-83.92602"/>
      <trkpt lat="37.75681" lon="-83.92609"/>
      <trkpt lat="37.75658" lon="-83.92618"/>
      <trkpt lat="37.75645" lon="-83.92624"/>
      <trkpt lat="37.7563" lon="-83.92634"/>
      <trkpt lat="37.75586" lon="-83.92673"/>
      <trkpt lat="37.75519" lon="-83.92726"/>
      <trkpt lat="37.75433" lon="-83.92782"/>
      <trkpt lat="37.75406" lon="-83.92796"/>
      <trkpt lat="37.75387" lon="-83.92807"/>
      <trkpt lat="37.75372" lon="-83.9282"/>
      <trkpt lat="37.75344" lon="-83.92849"/>
      <trkpt lat="37.75323" lon="-83.92872"/>
      <trkpt lat="37.75316" lon="-83.92878"/>
      <trkpt lat="37.75295" lon="-83.92892"/>
      <trkpt lat="37.75288" lon="-83.92894"/>
      <trkpt lat="37.7528" lon="-83.92896"/>
      <trkpt lat="37.75271" lon="-83.92896"/>
      <trkpt lat="37.75184" lon="-83.92895"/>
      <trkpt lat="37.75133" lon="-83.92896"/>
      <trkpt lat="37.75011" lon="-83.92892"/>
      <trkpt lat="37.74854" lon="-83.92878"/>
      <trkpt lat="37.74817" lon="-83.92871"/>
      <trkpt lat="37.748" lon="-83.92866"/>
      <trkpt lat="37.74791" lon="-83.92865"/>
      <trkpt lat="37.74781" lon="-83.92866"/>
      <trkpt lat="37.74774" lon="-83.92869"/>
      <trkpt lat="37.74765" lon="-83.92874"/>
      <trkpt lat="37.74756" lon="-83.92882"/>
      <trkpt lat="37.7475" lon="-83.92887"/>
      <trkpt lat="37.74745" lon="-83.92895"/>
      <trkpt lat="37.7474" lon="-83.92906"/>
      <trkpt lat="37.74719" lon="-83.92959"/>
      <trkpt lat="37.74706" lon="-83.92981"/>
      <trkpt lat="37.74698" lon="-83.92988"/>
      <trkpt lat="37.7469" lon="-83.92992"/>
      <trkpt lat="37.74679" lon="-83.92995"/>
      <trkpt lat="37.7465" lon="-83.92999"/>
      <trkpt lat="37.74634" lon="-83.93005"/>
      <trkpt lat="37.74624" lon="-83.9301"/>
      <trkpt lat="37.74595" lon="-83.93027"/>
      <trkpt lat="37.7455" lon="-83.9305"/>
      <trkpt lat="37.7454" lon="-83.93052"/>
      <trkpt lat="37.74507" lon="-83.93055"/>
      <trkpt lat="37.74443" lon="-83.93056"/>
      <trkpt lat="37.74328" lon="-83.93069"/>
      <trkpt lat="37.74278" lon="-83.93073"/>
      <trkpt lat="37.74272" lon="-83.93074"/>
      <trkpt lat="37.74268" lon="-83.93077"/>
      <trkpt lat="37.74264" lon="-83.93081"/>
      <trkpt lat="37.74262" lon="-83.93087"/>
      <trkpt lat="37.7426" lon="-83.93095"/>
      <trkpt lat="37.7426" lon="-83.93111"/>
      <trkpt lat="37.74263" lon="-83.93155"/>
      <trkpt lat="37.74263" lon="-83.93174"/>
      <trkpt lat="37.74257" lon="-83.93253"/>
      <trkpt lat="37.74254" lon="-83.93269"/>
      <trkpt lat="37.74251" lon="-83.93277"/>
      <trkpt lat="37.74244" lon="-83.93293"/>
      <trkpt lat="37.7424" lon="-83.933"/>
      <trkpt lat="37.74221" lon="-83.93321"/>
      <trkpt lat="37.74191" lon="-83.93348"/>
      <trkpt lat="37.74164" lon="-83.93366"/>
      <trkpt lat="37.74153" lon="-83.9337"/>
      <trkpt lat="37.74142" lon="-83.93373"/>
      <trkpt lat="37.74124" lon="-83.93375"/>
      <trkpt lat="37.74107" lon="-83.93375"/>
      <trkpt lat="37.74077" lon="-83.93373"/>
      <trkpt lat="37.74059" lon="-83.93374"/>
      <trkpt lat="37.74048" lon="-83.93376"/>
      <trkpt lat="37.74041" lon="-83.93378"/>
      <trkpt lat="37.73992" lon="-83.93398"/>
      <trkpt lat="37.73928" lon="-83.93421"/>
      <trkpt lat="37.73904" lon="-83.93432"/>
      <trkpt lat="37.73887" lon="-83.93444"/>
      <trkpt lat="37.73878" lon="-83.93453"/>
      <trkpt lat="37.73864" lon="-83.93468"/>
      <trkpt lat="37.73849" lon="-83.93479"/>
      <trkpt lat="37.73831" lon="-83.93489"/>
      <trkpt lat="37.73823" lon="-83.93499"/>
      <trkpt lat="37.73816" lon="-83.93509"/>
      <trkpt lat="37.73809" lon="-83.93522"/>
      <trkpt lat="37.73801" lon="-83.93543"/>
      <trkpt lat="37.73785" lon="-83.93611"/>
      <trkpt lat="37.73772" lon="-83.93651"/>
      <trkpt lat="37.73765" lon="-83.93682"/>
      <trkpt lat="37.73761" lon="-83.93694"/>
      <trkpt lat="37.73755" lon="-83.93708"/>
      <trkpt lat="37.73743" lon="-83.93728"/>
      <trkpt lat="37.73732" lon="-83.93746"/>
      <trkpt lat="37.73687" lon="-83.93836"/>
      <trkpt lat="37.73676" lon="-83.93861"/>
      <trkpt lat="37.73669" lon="-83.93882"/>
      <trkpt lat="37.7366" lon="-83.93916"/>
      <trkpt lat="37.73655" lon="-83.93929"/>
      <trkpt lat="37.73636" lon="-83.93967"/>
      <trkpt lat="37.73609" lon="-83.94029"/>
      <trkpt lat="37.736" lon="-83.94045"/>
      <trkpt lat="37.73591" lon="-83.94058"/>
      <trkpt lat="37.73581" lon="-83.9407"/>
      <trkpt lat="37.7357" lon="-83.94079"/>
      <trkpt lat="37.73556" lon="-83.94088"/>
      <trkpt lat="37.73517" lon="-83.94101"/>
      <trkpt lat="37.73483" lon="-83.94105"/>
      <trkpt lat="37.73471" lon="-83.94107"/>
      <trkpt lat="37.7346" lon="-83.94114"/>
      <trkpt lat="37.7345" lon="-83.94125"/>
      <trkpt lat="37.73413" lon="-83.94176"/>
      <trkpt lat="37.73408" lon="-83.94181"/>
      <trkpt lat="37.73397" lon="-83.94187"/>
      <trkpt lat="37.73382" lon="-83.94193"/>
      <trkpt lat="37.73356" lon="-83.94194"/>
      <trkpt lat="37.73321" lon="-83.94192"/>
      <trkpt lat="37.73293" lon="-83.94193"/>
      <trkpt lat="37.73272" lon="-83.94192"/>
      <trkpt lat="37.73244" lon="-83.94186"/>
      <trkpt lat="37.73206" lon="-83.94174"/>
      <trkpt lat="37.73178" lon="-83.94164"/>
      <trkpt lat="37.7317" lon="-83.94162"/>
      <trkpt lat="37.73145" lon="-83.9416"/>
      <trkpt lat="37.73136" lon="-83.94162"/>
      <trkpt lat="37.73125" lon="-83.94167"/>
      <trkpt lat="37.73116" lon="-83.94175"/>
      <trkpt lat="37.73099" lon="-83.94195"/>
      <trkpt lat="37.73087" lon="-83.94212"/>
      <trkpt lat="37.7307" lon="-83.94247"/>
      <trkpt lat="37.73065" lon="-83.94258"/>
      <trkpt lat="37.73056" lon="-83.94272"/>
      <trkpt lat="37.73031" lon="-83.94301"/>
      <trkpt lat="37.73022" lon="-83.9431"/>
      <trkpt lat="37.73011" lon="-83.94319"/>
      <trkpt lat="37.73" lon="-83.94324"/>
      <trkpt lat="37.72977" lon="-83.94328"/>
      <trkpt lat="37.7295" lon="-83.94332"/>
      <trkpt lat="37.72939" lon="-83.94339"/>
      <trkpt lat="37.72933" lon="-83.94347"/>
      <trkpt lat="37.7289" lon="-83.94414"/>
      <trkpt lat="37.72887" lon="-83.94424"/>
      <trkpt lat="37.72885" lon="-83.94456"/>
      <trkpt lat="37.72881" lon="-83.94471"/>
      <trkpt lat="37.72877" lon="-83.94483"/>
      <trkpt lat="37.72861" lon="-83.94513"/>
      <trkpt lat="37.72839" lon="-83.94549"/>
      <trkpt lat="37.72814" lon="-83.94598"/>
      <trkpt lat="37.72809" lon="-83.94615"/>
      <trkpt lat="37.72807" lon="-83.94623"/>
      <trkpt lat="37.72799" lon="-83.94682"/>
      <trkpt lat="37.72794" lon="-83.947"/>
      <trkpt lat="37.72786" lon="-83.94719"/>
      <trkpt lat="37.72785" lon="-83.94724"/>
      <trkpt lat="37.72752" lon="-83.94767"/>
      <trkpt lat="37.72725" lon="-83.94806"/>
      <trkpt lat="37.72681" lon="-83.94837"/>
      <trkpt lat="37.72661" lon="-83.94858"/>
      <trkpt lat="37.72636" lon="-83.94894"/>
      <trkpt lat="37.72612" lon="-83.94931"/>
      <trkpt lat="37.72555" lon="-83.94992"/>
      <trkpt lat="37.7251" lon="-83.95033"/>
      <trkpt lat="37.72466" lon="-83.95069"/>
      <trkpt lat="37.72422" lon="-83.95112"/>
      <trkpt lat="37.72398" lon="-83.95135"/>
      <trkpt lat="37.72359" lon="-83.95176"/>
      <trkpt lat="37.72336" lon="-83.95201"/>
      <trkpt lat="37.72321" lon="-83.95215"/>
      <trkpt lat="37.723" lon="-83.95232"/>
      <trkpt lat="37.72274" lon="-83.95253"/>
      <trkpt lat="37.72209" lon="-83.95304"/>
      <trkpt lat="37.7215" lon="-83.95355"/>
      <trkpt lat="37.72094" lon="-83.954"/>
      <trkpt lat="37.72081" lon="-83.95412"/>
      <trkpt lat="37.7205" lon="-83.95444"/>
      <trkpt lat="37.72033" lon="-83.95465"/>
      <trkpt lat="37.72014" lon="-83.9549"/>
      <trkpt lat="37.71998" lon="-83.95509"/>
      <trkpt lat="37.7199" lon="-83.9552"/>
      <trkpt lat="37.7197" lon="-83.95553"/>
      <trkpt lat="37.71963" lon="-83.95562"/>
      <trkpt lat="37.7195" lon="-83.95572"/>
      <trkpt lat="37.71931" lon="-83.95583"/>
      <trkpt lat="37.71923" lon="-83.95587"/>
      <trkpt lat="37.71904" lon="-83.95593"/>
      <trkpt lat="37.7189" lon="-83.95596"/>
      <trkpt lat="37.71872" lon="-83.95596"/>
      <trkpt lat="37.71862" lon="-83.95595"/>
      <trkpt lat="37.71854" lon="-83.95592"/>
      <trkpt lat="37.71832" lon="-83.95582"/>
      <trkpt lat="37.71817" lon="-83.95573"/>
      <trkpt lat="37.71802" lon="-83.95568"/>
      <trkpt lat="37.71748" lon="-83.95558"/>
      <trkpt lat="37.71719" lon="-83.95559"/>
      <trkpt lat="37.71693" lon="-83.95562"/>
      <trkpt lat="37.71666" lon="-83.95567"/>
      <trkpt lat="37.71653" lon="-83.95573"/>
      <trkpt lat="37.71623" lon="-83.95595"/>
      <trkpt lat="37.71588" lon="-83.95616"/>
      <trkpt lat="37.71568" lon="-83.95631"/>
      <trkpt lat="37.7156" lon="-83.95636"/>
      <trkpt lat="37.71536" lon="-83.95647"/>
      <trkpt lat="37.71511" lon="-83.95656"/>
      <trkpt lat="37.71496" lon="-83.95661"/>
      <trkpt lat="37.71488" lon="-83.95661"/>
      <trkpt lat="37.7145" lon="-83.95657"/>
      <trkpt lat="37.71435" lon="-83.95659"/>
      <trkpt lat="37.71427" lon="-83.95663"/>
      <trkpt lat="37.7142" lon="-83.95668"/>
      <trkpt lat="37.71403" lon="-83.95691"/>
      <trkpt lat="37.71396" lon="-83.95703"/>
      <trkpt lat="37.71392" lon="-83.95713"/>
      <trkpt lat="37.71375" lon="-83.95759"/>
      <trkpt lat="37.71369" lon="-83.95779"/>
      <trkpt lat="37.71362" lon="-83.95811"/>
      <trkpt lat="37.71354" lon="-83.95843"/>
      <trkpt lat="37.71345" lon="-83.95897"/>
      <trkpt lat="37.71342" lon="-83.95906"/>
      <trkpt lat="37.71325" lon="-83.95954"/>
      <trkpt lat="37.71316" lon="-83.95983"/>
      <trkpt lat="37.71299" lon="-83.96041"/>
      <trkpt lat="37.71286" lon="-83.96101"/>
      <trkpt lat="37.71273" lon="-83.96141"/>
      <trkpt lat="37.71261" lon="-83.96176"/>
      <trkpt lat="37.71234" lon="-83.96275"/>
      <trkpt lat="37.71226" lon="-83.96294"/>
      <trkpt lat="37.71221" lon="-83.96301"/>
      <trkpt lat="37.71205" lon="-83.96317"/>
      <trkpt lat="37.71195" lon="-83.96324"/>
      <trkpt lat="37.71177" lon="-83.96342"/>
      <trkpt lat="37.71171" lon="-83.96349"/>
      <trkpt lat="37.71136" lon="-83.96404"/>
      <trkpt lat="37.71108" lon="-83.96446"/>
      <trkpt lat="37.71066" lon="-83.96507"/>
      <trkpt lat="37.71039" lon="-83.96547"/>
      <trkpt lat="37.71011" lon="-83.96589"/>
      <trkpt lat="37.70987" lon="-83.96636"/>
      <trkpt lat="37.70939" lon="-83.96723"/>
      <trkpt lat="37.70919" lon="-83.96755"/>
      <trkpt lat="37.70901" lon="-83.96786"/>
      <trkpt lat="37.70896" lon="-83.96795"/>
      <trkpt lat="37.70894" lon="-83.96803"/>
      <trkpt lat="37.70884" lon="-83.96841"/>
      <trkpt lat="37.70877" lon="-83.96858"/>
      <trkpt lat="37.70857" lon="-83.96888"/>
      <trkpt lat="37.70834" lon="-83.96914"/>
      <trkpt lat="37.7082" lon="-83.96923"/>
      <trkpt lat="37.70804" lon="-83.9694"/>
      <trkpt lat="37.70797" lon="-83.96957"/>
      <trkpt lat="37.70791" lon="-83.9699"/>
      <trkpt lat="37.70781" lon="-83.97063"/>
      <trkpt lat="37.7078" lon="-83.9708"/>
      <trkpt lat="37.70776" lon="-83.97139"/>
      <trkpt lat="37.70774" lon="-83.97153"/>
      <trkpt lat="37.70769" lon="-83.97171"/>
      <trkpt lat="37.70766" lon="-83.97183"/>
      <trkpt lat="37.70765" lon="-83.9719"/>
      <trkpt lat="37.70766" lon="-83.97214"/>
      <trkpt lat="37.70765" lon="-83.97344"/>
      <trkpt lat="37.70765" lon="-83.97383"/>
      <trkpt lat="37.70764" lon="-83.97398"/>
      <trkpt lat="37.70764" lon="-83.9746"/>
      <trkpt lat="37.70765" lon="-83.97479"/>
      <trkpt lat="37.70763" lon="-83.97536"/>
      <trkpt lat="37.70762" lon="-83.97556"/>
      <trkpt lat="37.7076" lon="-83.97606"/>
      <trkpt lat="37.7076" lon="-83.97617"/>
      <trkpt lat="37.70735" lon="-83.97617"/>
      <trkpt lat="37.70689" lon="-83.97616"/>
      <trkpt lat="37.70556" lon="-83.97612"/>
      <trkpt lat="37.70545" lon="-83.97611"/>
      <trkpt lat="37.70521" lon="-83.97607"/>
      <trkpt lat="37.70483" lon="-83.976"/>
      <trkpt lat="37.70455" lon="-83.97594"/>
      <trkpt lat="37.70441" lon="-83.97592"/>
      <trkpt lat="37.70393" lon="-83.97583"/>
      <trkpt lat="37.70355" lon="-83.97576"/>
      <trkpt lat="37.70339" lon="-83.97573"/>
      <trkpt lat="37.70319" lon="-83.9757"/>
      <trkpt lat="37.70301" lon="-83.97566"/>
      <trkpt lat="37.70248" lon="-83.97557"/>
      <trkpt lat="37.70239" lon="-83.97556"/>
      <trkpt lat="37.70175" lon="-83.97548"/>
      <trkpt lat="37.70164" lon="-83.97546"/>
      <trkpt lat="37.70149" lon="-83.97543"/>
      <trkpt lat="37.70142" lon="-83.97542"/>
      <trkpt lat="37.70113" lon="-83.97537"/>
      <trkpt lat="37.70097" lon="-83.97535"/>
      <trkpt lat="37.70061" lon="-83.97531"/>
      <trkpt lat="37.69991" lon="-83.97522"/>
      <trkpt lat="37.69977" lon="-83.97519"/>
      <trkpt lat="37.69967" lon="-83.97518"/>
      <trkpt lat="37.69933" lon="-83.97515"/>
      <trkpt lat="37.69926" lon="-83.97517"/>
      <trkpt lat="37.69919" lon="-83.9752"/>
      <trkpt lat="37.69912" lon="-83.97525"/>
      <trkpt lat="37.69883" lon="-83.97549"/>
      <trkpt lat="37.69811" lon="-83.97599"/>
      <trkpt lat="37.69806" lon="-83.97603"/>
      <trkpt lat="37.6979" lon="-83.97617"/>
      <trkpt lat="37.69775" lon="-83.9763"/>
      <trkpt lat="37.6976" lon="-83.97646"/>
      <trkpt lat="37.69743" lon="-83.97663"/>
      <trkpt lat="37.69715" lon="-83.97688"/>
      <trkpt lat="37.69702" lon="-83.977"/>
      <trkpt lat="37.69682" lon="-83.97722"/>
      <trkpt lat="37.69664" lon="-83.9773"/>
      <trkpt lat="37.69656" lon="-83.97734"/>
      <trkpt lat="37.69653" lon="-83.97734"/>
      <trkpt lat="37.69649" lon="-83.97736"/>
      <trkpt lat="37.69641" lon="-83.97737"/>
      <trkpt lat="37.69637" lon="-83.97737"/>
      <trkpt lat="37.6963" lon="-83.97737"/>
      <trkpt lat="37.69614" lon="-83.97737"/>
      <trkpt lat="37.69592" lon="-83.97731"/>
      <trkpt lat="37.69524" lon="-83.97712"/>
      <trkpt lat="37.69506" lon="-83.97707"/>
      <trkpt lat="37.69346" lon="-83.97665"/>
      <trkpt lat="37.69313" lon="-83.97656"/>
      <trkpt lat="37.69199" lon="-83.97625"/>
      <trkpt lat="37.6909" lon="-83.97596"/>
      <trkpt lat="37.68744" lon="-83.97504"/>
      <trkpt lat="37.6873" lon="-83.97501"/>
      <trkpt lat="37.68715" lon="-83.97499"/>
      <trkpt lat="37.68701" lon="-83.97498"/>
      <trkpt lat="37.68686" lon="-83.97497"/>
      <trkpt lat="37.68645" lon="-83.975"/>
      <trkpt lat="37.68528" lon="-83.97511"/>
      <trkpt lat="37.68515" lon="-83.9751"/>
      <trkpt lat="37.68509" lon="-83.97508"/>
      <trkpt lat="37.68502" lon="-83.97505"/>
      <trkpt lat="37.68493" lon="-83.97499"/>
      <trkpt lat="37.68472" lon="-83.97484"/>
      <trkpt lat="37.68465" lon="-83.9748"/>
      <trkpt lat="37.68458" lon="-83.97471"/>
      <trkpt lat="37.68446" lon="-83.97461"/>
      <trkpt lat="37.68402" lon="-83.97423"/>
      <trkpt lat="37.68392" lon="-83.97413"/>
      <trkpt lat="37.68385" lon="-83.97405"/>
      <trkpt lat="37.68372" lon="-83.97389"/>
      <trkpt lat="37.68363" lon="-83.97376"/>
      <trkpt lat="37.68357" lon="-83.97364"/>
      <trkpt lat="37.68331" lon="-83.97315"/>
      <trkpt lat="37.68307" lon="-83.97267"/>
      <trkpt lat="37.68287" lon="-83.97231"/>
      <trkpt lat="37.68271" lon="-83.97208"/>
      <trkpt lat="37.68256" lon="-83.97191"/>
      <trkpt lat="37.68238" lon="-83.97172"/>
      <trkpt lat="37.68171" lon="-83.97112"/>
      <trkpt lat="37.68141" lon="-83.97086"/>
      <trkpt lat="37.68095" lon="-83.9704"/>
      <trkpt lat="37.68073" lon="-83.97015"/>
      <trkpt lat="37.68068" lon="-83.97008"/>
      <trkpt lat="37.68055" lon="-83.96988"/>
      <trkpt lat="37.6805" lon="-83.96979"/>
      <trkpt lat="37.6804" lon="-83.9696"/>
      <trkpt lat="37.6803" lon="-83.9694"/>
      <trkpt lat="37.68011" lon="-83.96899"/>
      <trkpt lat="37.67943" lon="-83.96754"/>
      <trkpt lat="37.67932" lon="-83.9673"/>
      <trkpt lat="37.67917" lon="-83.96704"/>
      <trkpt lat="37.67909" lon="-83.96692"/>
      <trkpt lat="37.67894" lon="-83.9667"/>
      <trkpt lat="37.67883" lon="-83.96654"/>
      <trkpt lat="37.67874" lon="-83.96638"/>
      <trkpt lat="37.67868" lon="-83.96625"/>
      <trkpt lat="37.67865" lon="-83.96614"/>
      <trkpt lat="37.67859" lon="-83.96592"/>
      <trkpt lat="37.67849" lon="-83.96541"/>
      <trkpt lat="37.67841" lon="-83.96507"/>
      <trkpt lat="37.67816" lon="-83.96424"/>
      <trkpt lat="37.67775" lon="-83.96281"/>
      <trkpt lat="37.67759" lon="-83.96226"/>
      <trkpt lat="37.67744" lon="-83.96172"/>
      <trkpt lat="37.67734" lon="-83.96138"/>
      <trkpt lat="37.67728" lon="-83.96121"/>
      <trkpt lat="37.67722" lon="-83.96106"/>
      <trkpt lat="37.67715" lon="-83.9609"/>
      <trkpt lat="37.67708" lon="-83.96076"/>
      <trkpt lat="37.67699" lon="-83.96061"/>
      <trkpt lat="37.67689" lon="-83.96047"/>
      <trkpt lat="37.67679" lon="-83.96034"/>
      <trkpt lat="37.67652" lon="-83.96002"/>
      <trkpt lat="37.67594" lon="-83.95933"/>
      <trkpt lat="37.6758" lon="-83.95918"/>
      <trkpt lat="37.6756" lon="-83.95899"/>
      <trkpt lat="37.6752" lon="-83.95866"/>
      <trkpt lat="37.67512" lon="-83.95859"/>
      <trkpt lat="37.67502" lon="-83.95851"/>
      <trkpt lat="37.67489" lon="-83.95842"/>
      <trkpt lat="37.6747" lon="-83.95834"/>
      <trkpt lat="37.67457" lon="-83.9583"/>
      <trkpt lat="37.67432" lon="-83.95827"/>
      <trkpt lat="37.67422" lon="-83.95825"/>
      <trkpt lat="37.67413" lon="-83.95821"/>
      <trkpt lat="37.67405" lon="-83.95815"/>
      <trkpt lat="37.67397" lon="-83.95806"/>
      <trkpt lat="37.6739" lon="-83.95796"/>
      <trkpt lat="37.67383" lon="-83.95785"/>
      <trkpt lat="37.67356" lon="-83.95743"/>
      <trkpt lat="37.67345" lon="-83.95728"/>
      <trkpt lat="37.67337" lon="-83.95718"/>
      <trkpt lat="37.67327" lon="-83.95709"/>
      <trkpt lat="37.67302" lon="-83.95688"/>
      <trkpt lat="37.6729" lon="-83.95677"/>
      <trkpt lat="37.67282" lon="-83.95667"/>
      <trkpt lat="37.67276" lon="-83.95655"/>
      <trkpt lat="37.67273" lon="-83.95647"/>
      <trkpt lat="37.67271" lon="-83.95638"/>
      <trkpt lat="37.67269" lon="-83.95629"/>
      <trkpt lat="37.67269" lon="-83.95615"/>
      <trkpt lat="37.67269" lon="-83.95602"/>
      <trkpt lat="37.67271" lon="-83.95592"/>
      <trkpt lat="37.67275" lon="-83.95581"/>
      <trkpt lat="37.67281" lon="-83.95561"/>
      <trkpt lat="37.67285" lon="-83.95546"/>
      <trkpt lat="37.67287" lon="-83.95528"/>
      <trkpt lat="37.67288" lon="-83.95511"/>
      <trkpt lat="37.67288" lon="-83.95495"/>
      <trkpt lat="37.67285" lon="-83.95466"/>
      <trkpt lat="37.67283" lon="-83.95449"/>
      <trkpt lat="37.67276" lon="-83.954"/>
      <trkpt lat="37.67274" lon="-83.95385"/>
      <trkpt lat="37.67273" lon="-83.95369"/>
      <trkpt lat="37.67274" lon="-83.95354"/>
      <trkpt lat="37.67275" lon="-83.95343"/>
      <trkpt lat="37.67279" lon="-83.95324"/>
      <trkpt lat="37.67297" lon="-83.9527"/>
      <trkpt lat="37.67299" lon="-83.95256"/>
      <trkpt lat="37.67302" lon="-83.95236"/>
      <trkpt lat="37.67303" lon="-83.95225"/>
      <trkpt lat="37.67303" lon="-83.95204"/>
      <trkpt lat="37.67303" lon="-83.95177"/>
      <trkpt lat="37.67301" lon="-83.95141"/>
      <trkpt lat="37.67298" lon="-83.95115"/>
      <trkpt lat="37.67293" lon="-83.95086"/>
      <trkpt lat="37.67288" lon="-83.95061"/>
      <trkpt lat="37.67281" lon="-83.95035"/>
      <trkpt lat="37.67269" lon="-83.94996"/>
      <trkpt lat="37.67246" lon="-83.94924"/>
      <trkpt lat="37.67205" lon="-83.94784"/>
      <trkpt lat="37.6717" lon="-83.94657"/>
      <trkpt lat="37.67163" lon="-83.94632"/>
      <trkpt lat="37.67156" lon="-83.94605"/>
      <trkpt lat="37.67147" lon="-83.94576"/>
      <trkpt lat="37.67127" lon="-83.94493"/>
      <trkpt lat="37.67124" lon="-83.94474"/>
      <trkpt lat="37.67122" lon="-83.94452"/>
      <trkpt lat="37.67122" lon="-83.94427"/>
      <trkpt lat="37.67129" lon="-83.9432"/>
      <trkpt lat="37.6713" lon="-83.94277"/>
      <trkpt lat="37.67132" lon="-83.94187"/>
      <trkpt lat="37.67132" lon="-83.94147"/>
      <trkpt lat="37.67129" lon="-83.94076"/>
      <trkpt lat="37.67128" lon="-83.94054"/>
      <trkpt lat="37.67128" lon="-83.94046"/>
      <trkpt lat="37.67124" lon="-83.93975"/>
      <trkpt lat="37.6712" lon="-83.93883"/>
      <trkpt lat="37.6712" lon="-83.93874"/>
      <trkpt lat="37.6712" lon="-83.93806"/>
      <trkpt lat="37.67121" lon="-83.93748"/>
      <trkpt lat="37.67123" lon="-83.93704"/>
      <trkpt lat="37.67125" lon="-83.93646"/>
      <trkpt lat="37.67126" lon="-83.93626"/>
      <trkpt lat="37.67128" lon="-83.93589"/>
      <trkpt lat="37.6713" lon="-83.93572"/>
      <trkpt lat="37.67133" lon="-83.93553"/>
      <trkpt lat="37.67135" lon="-83.9354"/>
      <trkpt lat="37.6714" lon="-83.93522"/>
      <trkpt lat="37.67144" lon="-83.93509"/>
      <trkpt lat="37.67153" lon="-83.93484"/>
      <trkpt lat="37.67166" lon="-83.93453"/>
      <trkpt lat="37.67173" lon="-83.93437"/>
      <trkpt lat="37.6719" lon="-83.93409"/>
      <trkpt lat="37.67213" lon="-83.9337"/>
      <trkpt lat="37.67233" lon="-83.93341"/>
      <trkpt lat="37.67252" lon="-83.93313"/>
      <trkpt lat="37.6726" lon="-83.93299"/>
      <trkpt lat="37.67258" lon="-83.93291"/>
      <trkpt lat="37.67254" lon="-83.93283"/>
      <trkpt lat="37.67235" lon="-83.93252"/>
      <trkpt lat="37.6722" lon="-83.93228"/>
      <trkpt lat="37.67188" lon="-83.93169"/>
      <trkpt lat="37.67172" lon="-83.93142"/>
      <trkpt lat="37.67159" lon="-83.93123"/>
      <trkpt lat="37.67149" lon="-83.93113"/>
      <trkpt lat="37.6714" lon="-83.93107"/>
      <trkpt lat="37.6711" lon="-83.93094"/>
      <trkpt lat="37.67099" lon="-83.93089"/>
      <trkpt lat="37.67094" lon="-83.93086"/>
      <trkpt lat="37.67089" lon="-83.93083"/>
      <trkpt lat="37.67062" lon="-83.93063"/>
      <trkpt lat="37.67052" lon="-83.93057"/>
      <trkpt lat="37.67016" lon="-83.93041"/>
      <trkpt lat="37.67006" lon="-83.93035"/>
      <trkpt lat="37.66996" lon="-83.9303"/>
      <trkpt lat="37.66986" lon="-83.93023"/>
      <trkpt lat="37.66969" lon="-83.9301"/>
      <trkpt lat="37.66938" lon="-83.92985"/>
      <trkpt lat="37.66927" lon="-83.92977"/>
      <trkpt lat="37.6691" lon="-83.92965"/>
      <trkpt lat="37.6687" lon="-83.92939"/>
      <trkpt lat="37.66858" lon="-83.9293"/>
      <trkpt lat="37.6685" lon="-83.92921"/>
      <trkpt lat="37.66844" lon="-83.92912"/>
      <trkpt lat="37.66838" lon="-83.92901"/>
      <trkpt lat="37.66833" lon="-83.92889"/>
      <trkpt lat="37.66825" lon="-83.92864"/>
      <trkpt lat="37.66816" lon="-83.9284"/>
      <trkpt lat="37.66811" lon="-83.9283"/>
      <trkpt lat="37.66805" lon="-83.92823"/>
      <trkpt lat="37.66802" lon="-83.92821"/>
      <trkpt lat="37.66797" lon="-83.92819"/>
      <trkpt lat="37.6679" lon="-83.92818"/>
      <trkpt lat="37.66786" lon="-83.92819"/>
      <trkpt lat="37.66779" lon="-83.92822"/>
      <trkpt lat="37.66774" lon="-83.92825"/>
      <trkpt lat="37.66757" lon="-83.92836"/>
      <trkpt lat="37.6675" lon="-83.92838"/>
      <trkpt lat="37.66739" lon="-83.9284"/>
      <trkpt lat="37.6673" lon="-83.92839"/>
      <trkpt lat="37.6671" lon="-83.92832"/>
      <trkpt lat="37.66699" lon="-83.92827"/>
      <trkpt lat="37.66675" lon="-83.92814"/>
      <trkpt lat="37.6665" lon="-83.928"/>
      <trkpt lat="37.66637" lon="-83.92793"/>
      <trkpt lat="37.66613" lon="-83.92777"/>
      <trkpt lat="37.66589" lon="-83.92759"/>
      <trkpt lat="37.66544" lon="-83.92725"/>
      <trkpt lat="37.66523" lon="-83.92712"/>
      <trkpt lat="37.66504" lon="-83.92699"/>
      <trkpt lat="37.66495" lon="-83.92692"/>
      <trkpt lat="37.66487" lon="-83.92683"/>
      <trkpt lat="37.66468" lon="-83.92659"/>
      <trkpt lat="37.66457" lon="-83.92648"/>
      <trkpt lat="37.66449" lon="-83.92642"/>
      <trkpt lat="37.6644" lon="-83.92638"/>
      <trkpt lat="37.66431" lon="-83.92636"/>
      <trkpt lat="37.66417" lon="-83.92633"/>
      <trkpt lat="37.66374" lon="-83.92629"/>
      <trkpt lat="37.66351" lon="-83.92626"/>
      <trkpt lat="37.66327" lon="-83.92621"/>
      <trkpt lat="37.66276" lon="-83.92611"/>
      <trkpt lat="37.66253" lon="-83.92607"/>
      <trkpt lat="37.66231" lon="-83.92605"/>
      <trkpt lat="37.6622" lon="-83.92603"/>
      <trkpt lat="37.66203" lon="-83.92598"/>
      <trkpt lat="37.66189" lon="-83.92592"/>
      <trkpt lat="37.66178" lon="-83.92587"/>
      <trkpt lat="37.66168" lon="-83.92581"/>
      <trkpt lat="37.66156" lon="-83.9257"/>
      <trkpt lat="37.66142" lon="-83.92554"/>
      <trkpt lat="37.66117" lon="-83.92524"/>
      <trkpt lat="37.66108" lon="-83.92512"/>
      <trkpt lat="37.66066" lon="-83.92452"/>
      <trkpt lat="37.66052" lon="-83.92429"/>
      <trkpt lat="37.66046" lon="-83.92416"/>
      <trkpt lat="37.6604" lon="-83.92397"/>
      <trkpt lat="37.66036" lon="-83.92383"/>
      <trkpt lat="37.6603" lon="-83.92373"/>
      <trkpt lat="37.66025" lon="-83.92365"/>
      <trkpt lat="37.66016" lon="-83.92358"/>
      <trkpt lat="37.66009" lon="-83.92354"/>
      <trkpt lat="37.65973" lon="-83.92335"/>
      <trkpt lat="37.65962" lon="-83.92328"/>
      <trkpt lat="37.65958" lon="-83.92325"/>
      <trkpt lat="37.65922" lon="-83.923"/>
      <trkpt lat="37.65878" lon="-83.9227"/>
      <trkpt lat="37.65872" lon="-83.92266"/>
      <trkpt lat="37.65856" lon="-83.92254"/>
      <trkpt lat="37.65846" lon="-83.92245"/>
      <trkpt lat="37.65838" lon="-83.92236"/>
      <trkpt lat="37.65835" lon="-83.92233"/>
      <trkpt lat="37.65829" lon="-83.92225"/>
      <trkpt lat="37.65816" lon="-83.92204"/>
      <trkpt lat="37.65781" lon="-83.92139"/>
      <trkpt lat="37.65777" lon="-83.92131"/>
      <trkpt lat="37.65761" lon="-83.92104"/>
      <trkpt lat="37.65746" lon="-83.92074"/>
      <trkpt lat="37.65733" lon="-83.92039"/>
      <trkpt lat="37.65727" lon="-83.92025"/>
      <trkpt lat="37.65716" lon="-83.92002"/>
      <trkpt lat="37.6571" lon="-83.91991"/>
      <trkpt lat="37.65703" lon="-83.9198"/>
      <trkpt lat="37.65698" lon="-83.91975"/>
      <trkpt lat="37.65696" lon="-83.91971"/>
      <trkpt lat="37.65679" lon="-83.91954"/>
      <trkpt lat="37.65667" lon="-83.91941"/>
      <trkpt lat="37.65661" lon="-83.91932"/>
      <trkpt lat="37.65656" lon="-83.91922"/>
      <trkpt lat="37.65654" lon="-83.91918"/>
      <trkpt lat="37.65652" lon="-83.91914"/>
      <trkpt lat="37.65647" lon="-83.91901"/>
      <trkpt lat="37.6563" lon="-83.91854"/>
      <trkpt lat="37.65624" lon="-83.91843"/>
      <trkpt lat="37.65618" lon="-83.91832"/>
      <trkpt lat="37.65605" lon="-83.91812"/>
      <trkpt lat="37.65582" lon="-83.91778"/>
      <trkpt lat="37.65573" lon="-83.91768"/>
      <trkpt lat="37.65567" lon="-83.91763"/>
      <trkpt lat="37.65539" lon="-83.91745"/>
      <trkpt lat="37.65534" lon="-83.91742"/>
      <trkpt lat="37.65516" lon="-83.91732"/>
      <trkpt lat="37.65469" lon="-83.9171"/>
      <trkpt lat="37.65409" lon="-83.91679"/>
      <trkpt lat="37.65381" lon="-83.91664"/>
      <trkpt lat="37.65372" lon="-83.91659"/>
      <trkpt lat="37.65364" lon="-83.91652"/>
      <trkpt lat="37.65294" lon="-83.91587"/>
      <trkpt lat="37.65275" lon="-83.91568"/>
      <trkpt lat="37.6526" lon="-83.91551"/>
      <trkpt lat="37.65251" lon="-83.91539"/>
      <trkpt lat="37.65243" lon="-83.91526"/>
      <trkpt lat="37.65237" lon="-83.91514"/>
      <trkpt lat="37.65226" lon="-83.91484"/>
      <trkpt lat="37.65221" lon="-83.91475"/>
      <trkpt lat="37.65219" lon="-83.91471"/>
      <trkpt lat="37.65214" lon="-83.91467"/>
      <trkpt lat="37.65207" lon="-83.91461"/>
      <trkpt lat="37.65198" lon="-83.91456"/>
      <trkpt lat="37.65189" lon="-83.91454"/>
      <trkpt lat="37.6518" lon="-83.91452"/>
      <trkpt lat="37.65156" lon="-83.9145"/>
      <trkpt lat="37.65145" lon="-83.91448"/>
      <trkpt lat="37.65133" lon="-83.91445"/>
      <trkpt lat="37.65086" lon="-83.91428"/>
      <trkpt lat="37.65062" lon="-83.91419"/>
      <trkpt lat="37.64991" lon="-83.91387"/>
      <trkpt lat="37.64925" lon="-83.9136"/>
      <trkpt lat="37.64904" lon="-83.91353"/>
      <trkpt lat="37.64889" lon="-83.91349"/>
      <trkpt lat="37.64838" lon="-83.91341"/>
      <trkpt lat="37.64826" lon="-83.9134"/>
      <trkpt lat="37.64807" lon="-83.91341"/>
      <trkpt lat="37.64789" lon="-83.91343"/>
      <trkpt lat="37.64741" lon="-83.91354"/>
      <trkpt lat="37.64716" lon="-83.91362"/>
      <trkpt lat="37.647" lon="-83.91368"/>
      <trkpt lat="37.64692" lon="-83.91373"/>
      <trkpt lat="37.64676" lon="-83.91383"/>
      <trkpt lat="37.64642" lon="-83.91407"/>
      <trkpt lat="37.64608" lon="-83.91432"/>
      <trkpt lat="37.64596" lon="-83.91441"/>
      <trkpt lat="37.64573" lon="-83.91456"/>
      <trkpt lat="37.64529" lon="-83.91483"/>
      <trkpt lat="37.64518" lon="-83.91492"/>
      <trkpt lat="37.64511" lon="-83.91499"/>
      <trkpt lat="37.64507" lon="-83.91503"/>
      <trkpt lat="37.64503" lon="-83.91508"/>
      <trkpt lat="37.64492" lon="-83.91526"/>
      <trkpt lat="37.6448" lon="-83.91541"/>
      <trkpt lat="37.64463" lon="-83.91562"/>
      <trkpt lat="37.64448" lon="-83.91582"/>
      <trkpt lat="37.6444" lon="-83.91594"/>
      <trkpt lat="37.64429" lon="-83.91613"/>
      <trkpt lat="37.64423" lon="-83.91625"/>
      <trkpt lat="37.64419" lon="-83.91638"/>
      <trkpt lat="37.64407" lon="-83.91679"/>
      <trkpt lat="37.64398" lon="-83.91705"/>
      <trkpt lat="37.64389" lon="-83.91727"/>
      <trkpt lat="37.64352" lon="-83.91803"/>
      <trkpt lat="37.6435" lon="-83.91809"/>
      <trkpt lat="37.6431" lon="-83.91898"/>
      <trkpt lat="37.64286" lon="-83.91954"/>
      <trkpt lat="37.64278" lon="-83.91971"/>
      <trkpt lat="37.64258" lon="-83.92009"/>
      <trkpt lat="37.6425" lon="-83.92023"/>
      <trkpt lat="37.64223" lon="-83.92083"/>
      <trkpt lat="37.64211" lon="-83.92108"/>
      <trkpt lat="37.64204" lon="-83.92119"/>
      <trkpt lat="37.64197" lon="-83.9213"/>
      <trkpt lat="37.64188" lon="-83.92139"/>
      <trkpt lat="37.64178" lon="-83.92147"/>
      <trkpt lat="37.6417" lon="-83.92152"/>
      <trkpt lat="37.6416" lon="-83.92157"/>
      <trkpt lat="37.64121" lon="-83.92174"/>
      <trkpt lat="37.64094" lon="-83.92185"/>
      <trkpt lat="37.64062" lon="-83.922"/>
      <trkpt lat="37.64043" lon="-83.92208"/>
      <trkpt lat="37.64018" lon="-83.92215"/>
      <trkpt lat="37.63993" lon="-83.9222"/>
      <trkpt lat="37.63981" lon="-83.92222"/>
      <trkpt lat="37.63968" lon="-83.92223"/>
      <trkpt lat="37.63956" lon="-83.92224"/>
      <trkpt lat="37.63946" lon="-83.92223"/>
      <trkpt lat="37.63942" lon="-83.92223"/>
      <trkpt lat="37.6393" lon="-83.92221"/>
      <trkpt lat="37.63894" lon="-83.92211"/>
      <trkpt lat="37.63868" lon="-83.92205"/>
      <trkpt lat="37.63843" lon="-83.922"/>
      <trkpt lat="37.63822" lon="-83.92196"/>
      <trkpt lat="37.63791" lon="-83.92188"/>
      <trkpt lat="37.63768" lon="-83.9218"/>
      <trkpt lat="37.63747" lon="-83.92171"/>
      <trkpt lat="37.63721" lon="-83.92153"/>
      <trkpt lat="37.63708" lon="-83.92145"/>
      <trkpt lat="37.63677" lon="-83.92131"/>
      <trkpt lat="37.63649" lon="-83.9212"/>
      <trkpt lat="37.63638" lon="-83.92117"/>
      <trkpt lat="37.63592" lon="-83.92105"/>
      <trkpt lat="37.63589" lon="-83.92104"/>
      <trkpt lat="37.63577" lon="-83.921"/>
      <trkpt lat="37.63564" lon="-83.92094"/>
      <trkpt lat="37.63551" lon="-83.92087"/>
      <trkpt lat="37.63506" lon="-83.92059"/>
      <trkpt lat="37.63477" lon="-83.92043"/>
      <trkpt lat="37.63463" lon="-83.92039"/>
      <trkpt lat="37.63454" lon="-83.92038"/>
      <trkpt lat="37.63443" lon="-83.92039"/>
      <trkpt lat="37.6342" lon="-83.92043"/>
      <trkpt lat="37.63379" lon="-83.92049"/>
      <trkpt lat="37.63369" lon="-83.9205"/>
      <trkpt lat="37.63351" lon="-83.9205"/>
      <trkpt lat="37.63335" lon="-83.9205"/>
      <trkpt lat="37.633" lon="-83.92046"/>
      <trkpt lat="37.63276" lon="-83.9204"/>
      <trkpt lat="37.63261" lon="-83.92033"/>
      <trkpt lat="37.63219" lon="-83.92015"/>
      <trkpt lat="37.63198" lon="-83.92002"/>
      <trkpt lat="37.63187" lon="-83.91994"/>
      <trkpt lat="37.6318" lon="-83.91988"/>
      <trkpt lat="37.63172" lon="-83.91978"/>
      <trkpt lat="37.63165" lon="-83.91968"/>
      <trkpt lat="37.63158" lon="-83.91957"/>
      <trkpt lat="37.63153" lon="-83.91946"/>
      <trkpt lat="37.63149" lon="-83.91933"/>
      <trkpt lat="37.63143" lon="-83.9191"/>
      <trkpt lat="37.63134" lon="-83.91878"/>
      <trkpt lat="37.63129" lon="-83.91865"/>
      <trkpt lat="37.63124" lon="-83.91853"/>
      <trkpt lat="37.63115" lon="-83.91835"/>
      <trkpt lat="37.63109" lon="-83.91825"/>
      <trkpt lat="37.63099" lon="-83.91811"/>
      <trkpt lat="37.63089" lon="-83.91798"/>
      <trkpt lat="37.63083" lon="-83.91791"/>
      <trkpt lat="37.63076" lon="-83.91786"/>
      <trkpt lat="37.63064" lon="-83.91779"/>
      <trkpt lat="37.63036" lon="-83.91767"/>
      <trkpt lat="37.63027" lon="-83.91761"/>
      <trkpt lat="37.63019" lon="-83.91752"/>
      <trkpt lat="37.63014" lon="-83.91741"/>
      <trkpt lat="37.6301" lon="-83.91729"/>
      <trkpt lat="37.63008" lon="-83.9172"/>
      <trkpt lat="37.63007" lon="-83.91705"/>
      <trkpt lat="37.63007" lon="-83.91693"/>
      <trkpt lat="37.63007" lon="-83.91681"/>
      <trkpt lat="37.63008" lon="-83.91669"/>
      <trkpt lat="37.63007" lon="-83.91648"/>
      <trkpt lat="37.63005" lon="-83.91639"/>
      <trkpt lat="37.63" lon="-83.91628"/>
      <trkpt lat="37.6298" lon="-83.91584"/>
      <trkpt lat="37.62961" lon="-83.91556"/>
      <trkpt lat="37.62954" lon="-83.91547"/>
      <trkpt lat="37.62949" lon="-83.91542"/>
      <trkpt lat="37.62936" lon="-83.91529"/>
      <trkpt lat="37.62928" lon="-83.91523"/>
      <trkpt lat="37.62909" lon="-83.9151"/>
      <trkpt lat="37.62895" lon="-83.91503"/>
      <trkpt lat="37.62886" lon="-83.915"/>
      <trkpt lat="37.62871" lon="-83.91496"/>
      <trkpt lat="37.62856" lon="-83.91492"/>
      <trkpt lat="37.62836" lon="-83.9149"/>
      <trkpt lat="37.62817" lon="-83.91489"/>
      <trkpt lat="37.62792" lon="-83.9149"/>
      <trkpt lat="37.62779" lon="-83.91488"/>
      <trkpt lat="37.62752" lon="-83.9148"/>
      <trkpt lat="37.62732" lon="-83.91472"/>
      <trkpt lat="37.6271" lon="-83.91461"/>
      <trkpt lat="37.627" lon="-83.91455"/>
      <trkpt lat="37.6269" lon="-83.91449"/>
      <trkpt lat="37.62672" lon="-83.91434"/>
      <trkpt lat="37.62663" lon="-83.91425"/>
      <trkpt lat="37.62637" lon="-83.91397"/>
      <trkpt lat="37.62628" lon="-83.9139"/>
      <trkpt lat="37.62617" lon="-83.91383"/>
      <trkpt lat="37.62609" lon="-83.91379"/>
      <trkpt lat="37.62599" lon="-83.91377"/>
      <trkpt lat="37.62588" lon="-83.91377"/>
      <trkpt lat="37.62584" lon="-83.91377"/>
      <trkpt lat="37.62572" lon="-83.9138"/>
      <trkpt lat="37.62561" lon="-83.91386"/>
      <trkpt lat="37.62549" lon="-83.91393"/>
      <trkpt lat="37.62543" lon="-83.91396"/>
      <trkpt lat="37.62533" lon="-83.91404"/>
      <trkpt lat="37.6251" lon="-83.91421"/>
      <trkpt lat="37.62484" lon="-83.91442"/>
      <trkpt lat="37.62461" lon="-83.91458"/>
      <trkpt lat="37.6245" lon="-83.91463"/>
      <trkpt lat="37.6244" lon="-83.91465"/>
      <trkpt lat="37.62436" lon="-83.91465"/>
      <trkpt lat="37.6243" lon="-83.91463"/>
      <trkpt lat="37.6241" lon="-83.91451"/>
      <trkpt lat="37.6236" lon="-83.91411"/>
      <trkpt lat="37.62352" lon="-83.91402"/>
      <trkpt lat="37.62346" lon="-83.91394"/>
      <trkpt lat="37.62344" lon="-83.9139"/>
      <trkpt lat="37.6234" lon="-83.91381"/>
      <trkpt lat="37.62338" lon="-83.91373"/>
      <trkpt lat="37.62331" lon="-83.91343"/>
      <trkpt lat="37.62328" lon="-83.91329"/>
      <trkpt lat="37.62322" lon="-83.91314"/>
      <trkpt lat="37.62318" lon="-83.91304"/>
      <trkpt lat="37.62308" lon="-83.91288"/>
      <trkpt lat="37.62289" lon="-83.91262"/>
      <trkpt lat="37.62278" lon="-83.91247"/>
      <trkpt lat="37.62245" lon="-83.91207"/>
      <trkpt lat="37.62242" lon="-83.91203"/>
      <trkpt lat="37.62223" lon="-83.9118"/>
      <trkpt lat="37.62203" lon="-83.91155"/>
      <trkpt lat="37.62192" lon="-83.91141"/>
      <trkpt lat="37.62162" lon="-83.91098"/>
      <trkpt lat="37.62155" lon="-83.91083"/>
      <trkpt lat="37.62133" lon="-83.91028"/>
      <trkpt lat="37.62128" lon="-83.91017"/>
      <trkpt lat="37.62124" lon="-83.91011"/>
      <trkpt lat="37.62115" lon="-83.91"/>
      <trkpt lat="37.62108" lon="-83.90994"/>
      <trkpt lat="37.62029" lon="-83.90936"/>
      <trkpt lat="37.62015" lon="-83.90924"/>
      <trkpt lat="37.62008" lon="-83.90918"/>
      <trkpt lat="37.62" lon="-83.90908"/>
      <trkpt lat="37.61994" lon="-83.90897"/>
      <trkpt lat="37.61991" lon="-83.90889"/>
      <trkpt lat="37.61989" lon="-83.90881"/>
      <trkpt lat="37.61987" lon="-83.90872"/>
      <trkpt lat="37.61989" lon="-83.90844"/>
      <trkpt lat="37.61992" lon="-83.90798"/>
      <trkpt lat="37.61993" lon="-83.90784"/>
      <trkpt lat="37.61993" lon="-83.90769"/>
      <trkpt lat="37.61992" lon="-83.90754"/>
      <trkpt lat="37.6199" lon="-83.90738"/>
      <trkpt lat="37.61986" lon="-83.90727"/>
      <trkpt lat="37.6198" lon="-83.9071"/>
      <trkpt lat="37.61973" lon="-83.90697"/>
      <trkpt lat="37.61967" lon="-83.90688"/>
      <trkpt lat="37.61956" lon="-83.90674"/>
      <trkpt lat="37.61946" lon="-83.90663"/>
      <trkpt lat="37.61938" lon="-83.90654"/>
      <trkpt lat="37.61916" lon="-83.90633"/>
      <trkpt lat="37.6181" lon="-83.90531"/>
      <trkpt lat="37.61764" lon="-83.90486"/>
      <trkpt lat="37.61755" lon="-83.90477"/>
      <trkpt lat="37.61747" lon="-83.9047"/>
      <trkpt lat="37.61734" lon="-83.9046"/>
      <trkpt lat="37.61716" lon="-83.90454"/>
      <trkpt lat="37.61693" lon="-83.9045"/>
      <trkpt lat="37.61591" lon="-83.90441"/>
      <trkpt lat="37.61557" lon="-83.90438"/>
      <trkpt lat="37.61486" lon="-83.9043"/>
      <trkpt lat="37.6144" lon="-83.90425"/>
      <trkpt lat="37.61429" lon="-83.90425"/>
      <trkpt lat="37.61419" lon="-83.90426"/>
      <trkpt lat="37.61409" lon="-83.90428"/>
      <trkpt lat="37.61401" lon="-83.90434"/>
      <trkpt lat="37.61393" lon="-83.90441"/>
      <trkpt lat="37.61386" lon="-83.9045"/>
      <trkpt lat="37.6138" lon="-83.90464"/>
      <trkpt lat="37.61376" lon="-83.90475"/>
      <trkpt lat="37.61369" lon="-83.90498"/>
      <trkpt lat="37.61361" lon="-83.9053"/>
      <trkpt lat="37.61358" lon="-83.9054"/>
      <trkpt lat="37.61354" lon="-83.90551"/>
      <trkpt lat="37.61346" lon="-83.90569"/>
      <trkpt lat="37.6134" lon="-83.90581"/>
      <trkpt lat="37.6133" lon="-83.90595"/>
      <trkpt lat="37.61314" lon="-83.90612"/>
      <trkpt lat="37.61304" lon="-83.90621"/>
      <trkpt lat="37.61287" lon="-83.90636"/>
      <trkpt lat="37.61274" lon="-83.90644"/>
      <trkpt lat="37.61263" lon="-83.90648"/>
      <trkpt lat="37.61251" lon="-83.90651"/>
      <trkpt lat="37.61236" lon="-83.90652"/>
      <trkpt lat="37.61227" lon="-83.90651"/>
      <trkpt lat="37.6119" lon="-83.90642"/>
      <trkpt lat="37.61158" lon="-83.90634"/>
      <trkpt lat="37.61112" lon="-83.90615"/>
      <trkpt lat="37.61099" lon="-83.90608"/>
      <trkpt lat="37.61093" lon="-83.90603"/>
      <trkpt lat="37.61081" lon="-83.90588"/>
      <trkpt lat="37.61073" lon="-83.90579"/>
      <trkpt lat="37.61068" lon="-83.9057"/>
      <trkpt lat="37.61048" lon="-83.90536"/>
      <trkpt lat="37.61024" lon="-83.90495"/>
      <trkpt lat="37.61014" lon="-83.90479"/>
      <trkpt lat="37.61006" lon="-83.90468"/>
      <trkpt lat="37.60998" lon="-83.90458"/>
      <trkpt lat="37.6099" lon="-83.9045"/>
      <trkpt lat="37.60981" lon="-83.90442"/>
      <trkpt lat="37.60971" lon="-83.90435"/>
      <trkpt lat="37.60961" lon="-83.90429"/>
      <trkpt lat="37.60932" lon="-83.90413"/>
      <trkpt lat="37.60923" lon="-83.90407"/>
      <trkpt lat="37.60914" lon="-83.904"/>
      <trkpt lat="37.60889" lon="-83.90377"/>
      <trkpt lat="37.6088" lon="-83.90371"/>
      <trkpt lat="37.60871" lon="-83.90365"/>
      <trkpt lat="37.60861" lon="-83.90361"/>
      <trkpt lat="37.60851" lon="-83.90358"/>
      <trkpt lat="37.60796" lon="-83.90351"/>
      <trkpt lat="37.60775" lon="-83.90348"/>
      <trkpt lat="37.60765" lon="-83.90345"/>
      <trkpt lat="37.60755" lon="-83.90342"/>
      <trkpt lat="37.6072" lon="-83.90328"/>
      <trkpt lat="37.60699" lon="-83.90316"/>
      <trkpt lat="37.60677" lon="-83.90303"/>
      <trkpt lat="37.60658" lon="-83.90289"/>
      <trkpt lat="37.60646" lon="-83.9028"/>
      <trkpt lat="37.60616" lon="-83.90252"/>
      <trkpt lat="37.6059" lon="-83.90224"/>
      <trkpt lat="37.60559" lon="-83.90188"/>
      <trkpt lat="37.60548" lon="-83.90176"/>
      <trkpt lat="37.60542" lon="-83.90169"/>
      <trkpt lat="37.60525" lon="-83.90155"/>
      <trkpt lat="37.60488" lon="-83.90126"/>
      <trkpt lat="37.60478" lon="-83.90117"/>
      <trkpt lat="37.60466" lon="-83.90106"/>
      <trkpt lat="37.60459" lon="-83.90096"/>
      <trkpt lat="37.60453" lon="-83.90084"/>
      <trkpt lat="37.60441" lon="-83.90051"/>
      <trkpt lat="37.60436" lon="-83.9004"/>
      <trkpt lat="37.6043" lon="-83.9003"/>
      <trkpt lat="37.60422" lon="-83.90022"/>
      <trkpt lat="37.60414" lon="-83.90016"/>
      <trkpt lat="37.60393" lon="-83.90007"/>
      <trkpt lat="37.60344" lon="-83.89991"/>
      <trkpt lat="37.60326" lon="-83.89984"/>
      <trkpt lat="37.60316" lon="-83.8998"/>
      <trkpt lat="37.60303" lon="-83.89972"/>
      <trkpt lat="37.60297" lon="-83.89967"/>
      <trkpt lat="37.6029" lon="-83.89959"/>
      <trkpt lat="37.60284" lon="-83.89952"/>
      <trkpt lat="37.60281" lon="-83.89949"/>
      <trkpt lat="37.60275" lon="-83.8994"/>
      <trkpt lat="37.60261" lon="-83.89918"/>
      <trkpt lat="37.6025" lon="-83.899"/>
      <trkpt lat="37.60243" lon="-83.89889"/>
      <trkpt lat="37.60235" lon="-83.89878"/>
      <trkpt lat="37.60227" lon="-83.89869"/>
      <trkpt lat="37.60218" lon="-83.89862"/>
      <trkpt lat="37.60208" lon="-83.89857"/>
      <trkpt lat="37.60193" lon="-83.89853"/>
      <trkpt lat="37.60156" lon="-83.89848"/>
      <trkpt lat="37.60148" lon="-83.89846"/>
      <trkpt lat="37.60135" lon="-83.89841"/>
      <trkpt lat="37.60125" lon="-83.89835"/>
      <trkpt lat="37.60083" lon="-83.89808"/>
      <trkpt lat="37.60072" lon="-83.89803"/>
      <trkpt lat="37.60061" lon="-83.89798"/>
      <trkpt lat="37.60048" lon="-83.89794"/>
      <trkpt lat="37.60017" lon="-83.89786"/>
      <trkpt lat="37.59963" lon="-83.89778"/>
      <trkpt lat="37.59921" lon="-83.89769"/>
      <trkpt lat="37.59907" lon="-83.89768"/>
      <trkpt lat="37.59884" lon="-83.89771"/>
      <trkpt lat="37.59878" lon="-83.8977"/>
      <trkpt lat="37.59875" lon="-83.89768"/>
      <trkpt lat="37.59873" lon="-83.89766"/>
      <trkpt lat="37.59872" lon="-83.89761"/>
      <trkpt lat="37.59872" lon="-83.89757"/>
      <trkpt lat="37.59873" lon="-83.8975"/>
      <trkpt lat="37.59874" lon="-83.89744"/>
      <trkpt lat="37.59887" lon="-83.89706"/>
      <trkpt lat="37.59908" lon="-83.89637"/>
      <trkpt lat="37.59918" lon="-83.8961"/>
      <trkpt lat="37.59929" lon="-83.89586"/>
      <trkpt lat="37.59935" lon="-83.89573"/>
      <trkpt lat="37.59949" lon="-83.89549"/>
      <trkpt lat="37.59961" lon="-83.89532"/>
      <trkpt lat="37.5997" lon="-83.89521"/>
      <trkpt lat="37.60003" lon="-83.89484"/>
      <trkpt lat="37.60041" lon="-83.89445"/>
      <trkpt lat="37.60053" lon="-83.89431"/>
      <trkpt lat="37.6006" lon="-83.89421"/>
      <trkpt lat="37.60072" lon="-83.89403"/>
      <trkpt lat="37.60079" lon="-83.89389"/>
      <trkpt lat="37.60084" lon="-83.89375"/>
      <trkpt lat="37.60086" lon="-83.89368"/>
      <trkpt lat="37.60088" lon="-83.89357"/>
      <trkpt lat="37.60089" lon="-83.89345"/>
      <trkpt lat="37.60087" lon="-83.89274"/>
      <trkpt lat="37.60089" lon="-83.89261"/>
      <trkpt lat="37.60093" lon="-83.89246"/>
      <trkpt lat="37.60097" lon="-83.89238"/>
      <trkpt lat="37.60103" lon="-83.89227"/>
      <trkpt lat="37.60132" lon="-83.89189"/>
      <trkpt lat="37.60141" lon="-83.89177"/>
      <trkpt lat="37.60152" lon="-83.89158"/>
      <trkpt lat="37.60158" lon="-83.89146"/>
      <trkpt lat="37.60164" lon="-83.8913"/>
      <trkpt lat="37.6017" lon="-83.89108"/>
      <trkpt lat="37.60173" lon="-83.89089"/>
      <trkpt lat="37.60175" lon="-83.89075"/>
      <trkpt lat="37.60178" lon="-83.89031"/>
      <trkpt lat="37.6018" lon="-83.88997"/>
      <trkpt lat="37.60182" lon="-83.88976"/>
      <trkpt lat="37.60187" lon="-83.88953"/>
      <trkpt lat="37.60191" lon="-83.88941"/>
      <trkpt lat="37.6022" lon="-83.88866"/>
      <trkpt lat="37.60254" lon="-83.88782"/>
      <trkpt lat="37.60267" lon="-83.88753"/>
      <trkpt lat="37.60278" lon="-83.8873"/>
      <trkpt lat="37.60284" lon="-83.88718"/>
      <trkpt lat="37.60291" lon="-83.88706"/>
      <trkpt lat="37.60314" lon="-83.88674"/>
      <trkpt lat="37.6033" lon="-83.88652"/>
      <trkpt lat="37.60343" lon="-83.88638"/>
      <trkpt lat="37.60355" lon="-83.88625"/>
      <trkpt lat="37.60368" lon="-83.8861"/>
      <trkpt lat="37.60383" lon="-83.88591"/>
      <trkpt lat="37.60392" lon="-83.88577"/>
      <trkpt lat="37.60399" lon="-83.88565"/>
      <trkpt lat="37.60405" lon="-83.88553"/>
      <trkpt lat="37.60413" lon="-83.88536"/>
      <trkpt lat="37.60446" lon="-83.88456"/>
      <trkpt lat="37.60456" lon="-83.88433"/>
      <trkpt lat="37.60467" lon="-83.88411"/>
      <trkpt lat="37.60492" lon="-83.88368"/>
      <trkpt lat="37.605" lon="-83.88351"/>
      <trkpt lat="37.60507" lon="-83.88334"/>
      <trkpt lat="37.60511" lon="-83.88318"/>
      <trkpt lat="37.60514" lon="-83.88302"/>
      <trkpt lat="37.60516" lon="-83.88289"/>
      <trkpt lat="37.60516" lon="-83.88279"/>
      <trkpt lat="37.60515" lon="-83.88255"/>
      <trkpt lat="37.60513" lon="-83.88238"/>
      <trkpt lat="37.60509" lon="-83.88194"/>
      <trkpt lat="37.60508" lon="-83.88168"/>
      <trkpt lat="37.60507" lon="-83.88135"/>
      <trkpt lat="37.60504" lon="-83.88097"/>
      <trkpt lat="37.60501" lon="-83.88064"/>
      <trkpt lat="37.60494" lon="-83.87989"/>
      <trkpt lat="37.60493" lon="-83.87976"/>
      <trkpt lat="37.60493" lon="-83.87966"/>
      <trkpt lat="37.60495" lon="-83.87951"/>
      <trkpt lat="37.60498" lon="-83.87938"/>
      <trkpt lat="37.60513" lon="-83.879"/>
      <trkpt lat="37.60522" lon="-83.87878"/>
      <trkpt lat="37.6053" lon="-83.87852"/>
      <trkpt lat="37.60541" lon="-83.87817"/>
      <trkpt lat="37.60547" lon="-83.87799"/>
      <trkpt lat="37.60553" lon="-83.87786"/>
      <trkpt lat="37.60558" lon="-83.87776"/>
      <trkpt lat="37.60565" lon="-83.87765"/>
      <trkpt lat="37.6057" lon="-83.8776"/>
      <trkpt lat="37.60582" lon="-83.87749"/>
      <trkpt lat="37.60604" lon="-83.87728"/>
      <trkpt lat="37.60612" lon="-83.87719"/>
      <trkpt lat="37.60621" lon="-83.87706"/>
      <trkpt lat="37.60629" lon="-83.8769"/>
      <trkpt lat="37.60633" lon="-83.87679"/>
      <trkpt lat="37.60637" lon="-83.87663"/>
      <trkpt lat="37.60638" lon="-83.87651"/>
      <trkpt lat="37.60638" lon="-83.87647"/>
      <trkpt lat="37.60637" lon="-83.87638"/>
      <trkpt lat="37.60634" lon="-83.87621"/>
      <trkpt lat="37.60632" lon="-83.87609"/>
      <trkpt lat="37.60631" lon="-83.87595"/>
      <trkpt lat="37.60631" lon="-83.87585"/>
      <trkpt lat="37.60636" lon="-83.87552"/>
      <trkpt lat="37.60641" lon="-83.87523"/>
      <trkpt lat="37.60657" lon="-83.87436"/>
      <trkpt lat="37.60661" lon="-83.87408"/>
      <trkpt lat="37.60671" lon="-83.87307"/>
      <trkpt lat="37.60675" lon="-83.87283"/>
      <trkpt lat="37.6068" lon="-83.87254"/>
      <trkpt lat="37.60688" lon="-83.87229"/>
      <trkpt lat="37.60691" lon="-83.87216"/>
      <trkpt lat="37.60693" lon="-83.87203"/>
      <trkpt lat="37.60694" lon="-83.87186"/>
      <trkpt lat="37.60694" lon="-83.87175"/>
      <trkpt lat="37.60693" lon="-83.87153"/>
      <trkpt lat="37.60688" lon="-83.87119"/>
      <trkpt lat="37.60684" lon="-83.87094"/>
      <trkpt lat="37.60679" lon="-83.87072"/>
      <trkpt lat="37.60677" lon="-83.87066"/>
      <trkpt lat="37.60674" lon="-83.87061"/>
      <trkpt lat="37.60671" lon="-83.87058"/>
      <trkpt lat="37.60668" lon="-83.87056"/>
      <trkpt lat="37.60663" lon="-83.87054"/>
      <trkpt lat="37.60655" lon="-83.87053"/>
      <trkpt lat="37.60637" lon="-83.87054"/>
      <trkpt lat="37.60623" lon="-83.87057"/>
      <trkpt lat="37.60606" lon="-83.87057"/>
      <trkpt lat="37.60596" lon="-83.87057"/>
      <trkpt lat="37.60587" lon="-83.87056"/>
      <trkpt lat="37.60578" lon="-83.87054"/>
      <trkpt lat="37.60569" lon="-83.87051"/>
      <trkpt lat="37.60558" lon="-83.87045"/>
      <trkpt lat="37.60553" lon="-83.87041"/>
      <trkpt lat="37.60544" lon="-83.87032"/>
      <trkpt lat="37.6054" lon="-83.87025"/>
      <trkpt lat="37.60535" lon="-83.87016"/>
      <trkpt lat="37.60531" lon="-83.87006"/>
      <trkpt lat="37.60529" lon="-83.86999"/>
      <trkpt lat="37.60523" lon="-83.86973"/>
      <trkpt lat="37.60521" lon="-83.86961"/>
      <trkpt lat="37.6052" lon="-83.86944"/>
      <trkpt lat="37.6052" lon="-83.86931"/>
      <trkpt lat="37.60522" lon="-83.86918"/>
      <trkpt lat="37.60526" lon="-83.86906"/>
      <trkpt lat="37.60547" lon="-83.86863"/>
      <trkpt lat="37.60556" lon="-83.86845"/>
      <trkpt lat="37.60565" lon="-83.86831"/>
      <trkpt lat="37.60574" lon="-83.86819"/>
      <trkpt lat="37.60588" lon="-83.86806"/>
      <trkpt lat="37.60602" lon="-83.86793"/>
      <trkpt lat="37.60615" lon="-83.86784"/>
      <trkpt lat="37.60635" lon="-83.86772"/>
      <trkpt lat="37.60641" lon="-83.8677"/>
      <trkpt lat="37.60656" lon="-83.86767"/>
      <trkpt lat="37.60671" lon="-83.86766"/>
      <trkpt lat="37.6069" lon="-83.86765"/>
      <trkpt lat="37.60706" lon="-83.86768"/>
      <trkpt lat="37.60716" lon="-83.8677"/>
      <trkpt lat="37.60726" lon="-83.86772"/>
      <trkpt lat="37.6073" lon="-83.8677"/>
      <trkpt lat="37.60733" lon="-83.86766"/>
      <trkpt lat="37.60736" lon="-83.86762"/>
      <trkpt lat="37.60736" lon="-83.86758"/>
      <trkpt lat="37.60736" lon="-83.86751"/>
      <trkpt lat="37.60734" lon="-83.86747"/>
      <trkpt lat="37.60718" lon="-83.86737"/>
      <trkpt lat="37.6071" lon="-83.86733"/>
      <trkpt lat="37.60697" lon="-83.86725"/>
      <trkpt lat="37.60677" lon="-83.86711"/>
      <trkpt lat="37.60658" lon="-83.86699"/>
      <trkpt lat="37.60637" lon="-83.86686"/>
      <trkpt lat="37.60626" lon="-83.86681"/>
      <trkpt lat="37.60617" lon="-83.86679"/>
      <trkpt lat="37.60611" lon="-83.86679"/>
      <trkpt lat="37.60582" lon="-83.86681"/>
      <trkpt lat="37.6056" lon="-83.86681"/>
      <trkpt lat="37.60505" lon="-83.86682"/>
      <trkpt lat="37.60494" lon="-83.86682"/>
      <trkpt lat="37.60478" lon="-83.8668"/>
      <trkpt lat="37.60461" lon="-83.86675"/>
      <trkpt lat="37.60451" lon="-83.8667"/>
      <trkpt lat="37.6044" lon="-83.86663"/>
      <trkpt lat="37.6039" lon="-83.86618"/>
      <trkpt lat="37.60382" lon="-83.86612"/>
      <trkpt lat="37.60374" lon="-83.86603"/>
      <trkpt lat="37.60366" lon="-83.86593"/>
      <trkpt lat="37.60361" lon="-83.86585"/>
      <trkpt lat="37.60355" lon="-83.86575"/>
      <trkpt lat="37.60344" lon="-83.8655"/>
      <trkpt lat="37.60318" lon="-83.86473"/>
      <trkpt lat="37.6031" lon="-83.86441"/>
      <trkpt lat="37.60304" lon="-83.86418"/>
      <trkpt lat="37.6029" lon="-83.86318"/>
      <trkpt lat="37.60286" lon="-83.86281"/>
      <trkpt lat="37.60273" lon="-83.86242"/>
      <trkpt lat="37.60267" lon="-83.86228"/>
      <trkpt lat="37.60261" lon="-83.8621"/>
      <trkpt lat="37.60257" lon="-83.86191"/>
      <trkpt lat="37.60255" lon="-83.86154"/>
      <trkpt lat="37.60256" lon="-83.86124"/>
      <trkpt lat="37.60256" lon="-83.86111"/>
      <trkpt lat="37.60264" lon="-83.86061"/>
      <trkpt lat="37.60267" lon="-83.86032"/>
      <trkpt lat="37.60271" lon="-83.86017"/>
      <trkpt lat="37.60276" lon="-83.86"/>
      <trkpt lat="37.60283" lon="-83.85984"/>
      <trkpt lat="37.60295" lon="-83.8596"/>
      <trkpt lat="37.60303" lon="-83.85946"/>
      <trkpt lat="37.60317" lon="-83.85924"/>
      <trkpt lat="37.60334" lon="-83.85901"/>
      <trkpt lat="37.60348" lon="-83.85878"/>
      <trkpt lat="37.60355" lon="-83.85863"/>
      <trkpt lat="37.60368" lon="-83.85824"/>
      <trkpt lat="37.60379" lon="-83.85796"/>
      <trkpt lat="37.60397" lon="-83.85757"/>
      <trkpt lat="37.60415" lon="-83.8572"/>
      <trkpt lat="37.60423" lon="-83.85708"/>
      <trkpt lat="37.60431" lon="-83.85696"/>
      <trkpt lat="37.60438" lon="-83.85688"/>
      <trkpt lat="37.60447" lon="-83.85678"/>
      <trkpt lat="37.60466" lon="-83.85659"/>
      <trkpt lat="37.60504" lon="-83.85625"/>
      <trkpt lat="37.60517" lon="-83.85615"/>
      <trkpt lat="37.60529" lon="-83.85606"/>
      <trkpt lat="37.60542" lon="-83.85598"/>
      <trkpt lat="37.60556" lon="-83.85591"/>
      <trkpt lat="37.60582" lon="-83.85579"/>
      <trkpt lat="37.60605" lon="-83.85571"/>
      <trkpt lat="37.60617" lon="-83.85568"/>
      <trkpt lat="37.60628" lon="-83.85566"/>
      <trkpt lat="37.60641" lon="-83.85566"/>
      <trkpt lat="37.60658" lon="-83.85567"/>
      <trkpt lat="37.60675" lon="-83.8557"/>
      <trkpt lat="37.60707" lon="-83.85576"/>
      <trkpt lat="37.60719" lon="-83.85579"/>
      <trkpt lat="37.60734" lon="-83.85582"/>
      <trkpt lat="37.60752" lon="-83.85588"/>
      <trkpt lat="37.60766" lon="-83.85593"/>
      <trkpt lat="37.60779" lon="-83.85599"/>
      <trkpt lat="37.60792" lon="-83.85607"/>
      <trkpt lat="37.60805" lon="-83.85617"/>
      <trkpt lat="37.60821" lon="-83.85631"/>
      <trkpt lat="37.60829" lon="-83.85639"/>
      <trkpt lat="37.60851" lon="-83.8566"/>
      <trkpt lat="37.6086" lon="-83.85668"/>
      <trkpt lat="37.60864" lon="-83.85671"/>
      <trkpt lat="37.60871" lon="-83.85675"/>
      <trkpt lat="37.6088" lon="-83.85679"/>
      <trkpt lat="37.6089" lon="-83.85681"/>
      <trkpt lat="37.60901" lon="-83.85682"/>
      <trkpt lat="37.60914" lon="-83.85678"/>
      <trkpt lat="37.60929" lon="-83.85672"/>
      <trkpt lat="37.60952" lon="-83.85659"/>
      <trkpt lat="37.60972" lon="-83.85646"/>
      <trkpt lat="37.60989" lon="-83.85634"/>
      <trkpt lat="37.60995" lon="-83.85628"/>
      <trkpt lat="37.61027" lon="-83.85596"/>
      <trkpt lat="37.61049" lon="-83.85578"/>
      <trkpt lat="37.6107" lon="-83.85562"/>
      <trkpt lat="37.61097" lon="-83.85539"/>
      <trkpt lat="37.61106" lon="-83.85523"/>
      <trkpt lat="37.6111" lon="-83.85508"/>
      <trkpt lat="37.61113" lon="-83.8549"/>
      <trkpt lat="37.61118" lon="-83.8545"/>
      <trkpt lat="37.61122" lon="-83.85438"/>
      <trkpt lat="37.6113" lon="-83.85426"/>
      <trkpt lat="37.61187" lon="-83.85376"/>
      <trkpt lat="37.61199" lon="-83.85366"/>
      <trkpt lat="37.61247" lon="-83.8532"/>
      <trkpt lat="37.61285" lon="-83.85284"/>
      <trkpt lat="37.6132" lon="-83.85246"/>
      <trkpt lat="37.61351" lon="-83.85222"/>
      <trkpt lat="37.61357" lon="-83.85216"/>
      <trkpt lat="37.61375" lon="-83.85195"/>
      <trkpt lat="37.61408" lon="-83.85151"/>
      <trkpt lat="37.61431" lon="-83.85118"/>
      <trkpt lat="37.61445" lon="-83.85101"/>
      <trkpt lat="37.61489" lon="-83.85062"/>
      <trkpt lat="37.61515" lon="-83.85035"/>
      <trkpt lat="37.61582" lon="-83.84973"/>
      <trkpt lat="37.61635" lon="-83.84918"/>
      <trkpt lat="37.61662" lon="-83.8489"/>
      <trkpt lat="37.61681" lon="-83.84867"/>
      <trkpt lat="37.61686" lon="-83.84863"/>
      <trkpt lat="37.61694" lon="-83.84852"/>
      <trkpt lat="37.61729" lon="-83.84812"/>
      <trkpt lat="37.61752" lon="-83.84786"/>
      <trkpt lat="37.61764" lon="-83.84772"/>
      <trkpt lat="37.61797" lon="-83.84703"/>
      <trkpt lat="37.61814" lon="-83.84673"/>
      <trkpt lat="37.61821" lon="-83.84656"/>
      <trkpt lat="37.6183" lon="-83.8464"/>
      <trkpt lat="37.61845" lon="-83.84618"/>
      <trkpt lat="37.61893" lon="-83.84554"/>
      <trkpt lat="37.61934" lon="-83.84489"/>
      <trkpt lat="37.61955" lon="-83.84454"/>
      <trkpt lat="37.6201" lon="-83.84342"/>
      <trkpt lat="37.62046" lon="-83.8427"/>
      <trkpt lat="37.62055" lon="-83.84249"/>
      <trkpt lat="37.62062" lon="-83.84227"/>
      <trkpt lat="37.62081" lon="-83.84159"/>
      <trkpt lat="37.62121" lon="-83.84029"/>
      <trkpt lat="37.62158" lon="-83.83881"/>
      <trkpt lat="37.62168" lon="-83.83827"/>
      <trkpt lat="37.62169" lon="-83.83819"/>
      <trkpt lat="37.62168" lon="-83.83804"/>
      <trkpt lat="37.62167" lon="-83.83798"/>
      <trkpt lat="37.62165" lon="-83.83794"/>
      <trkpt lat="37.62161" lon="-83.8379"/>
      <trkpt lat="37.62152" lon="-83.83786"/>
      <trkpt lat="37.62141" lon="-83.83784"/>
      <trkpt lat="37.62118" lon="-83.83776"/>
      <trkpt lat="37.62108" lon="-83.83769"/>
      <trkpt lat="37.62104" lon="-83.83758"/>
      <trkpt lat="37.62107" lon="-83.83745"/>
      <trkpt lat="37.62114" lon="-83.8373"/>
      <trkpt lat="37.62124" lon="-83.83716"/>
      <trkpt lat="37.62133" lon="-83.83706"/>
      <trkpt lat="37.62147" lon="-83.83688"/>
      <trkpt lat="37.62158" lon="-83.83667"/>
      <trkpt lat="37.62179" lon="-83.83605"/>
      <trkpt lat="37.62186" lon="-83.83589"/>
      <trkpt lat="37.62191" lon="-83.83583"/>
      <trkpt lat="37.62198" lon="-83.83559"/>
      <trkpt lat="37.622" lon="-83.83539"/>
      <trkpt lat="37.62201" lon="-83.83488"/>
      <trkpt lat="37.62203" lon="-83.8347"/>
      <trkpt lat="37.6221" lon="-83.83447"/>
      <trkpt lat="37.62213" lon="-83.8344"/>
      <trkpt lat="37.62218" lon="-83.83422"/>
      <trkpt lat="37.6222" lon="-83.83402"/>
      <trkpt lat="37.6222" lon="-83.8337"/>
      <trkpt lat="37.62215" lon="-83.83309"/>
      <trkpt lat="37.62217" lon="-83.83283"/>
      <trkpt lat="37.62223" lon="-83.83258"/>
      <trkpt lat="37.62225" lon="-83.83228"/>
      <trkpt lat="37.62224" lon="-83.83208"/>
      <trkpt lat="37.62218" lon="-83.83164"/>
      <trkpt lat="37.62215" lon="-83.83164"/>
      <trkpt lat="37.6221" lon="-83.83163"/>
      <trkpt lat="37.622" lon="-83.83154"/>
      <trkpt lat="37.62195" lon="-83.8315"/>
      <trkpt lat="37.62188" lon="-83.83147"/>
      <trkpt lat="37.62181" lon="-83.83147"/>
      <trkpt lat="37.62162" lon="-83.83149"/>
      <trkpt lat="37.62124" lon="-83.83163"/>
      <trkpt lat="37.62115" lon="-83.83166"/>
      <trkpt lat="37.62094" lon="-83.83167"/>
      <trkpt lat="37.62043" lon="-83.83166"/>
      <trkpt lat="37.62003" lon="-83.8317"/>
      <trkpt lat="37.61984" lon="-83.83167"/>
      <trkpt lat="37.61932" lon="-83.8316"/>
      <trkpt lat="37.61853" lon="-83.83164"/>
      <trkpt lat="37.61843" lon="-83.83162"/>
      <trkpt lat="37.61824" lon="-83.83162"/>
      <trkpt lat="37.61814" lon="-83.83165"/>
      <trkpt lat="37.61797" lon="-83.83174"/>
      <trkpt lat="37.61761" lon="-83.83204"/>
      <trkpt lat="37.6173" lon="-83.83226"/>
      <trkpt lat="37.61719" lon="-83.83232"/>
      <trkpt lat="37.6169" lon="-83.83244"/>
      <trkpt lat="37.6168" lon="-83.83246"/>
      <trkpt lat="37.61662" lon="-83.83247"/>
      <trkpt lat="37.61652" lon="-83.83246"/>
      <trkpt lat="37.61579" lon="-83.83233"/>
      <trkpt lat="37.61538" lon="-83.83229"/>
      <trkpt lat="37.61528" lon="-83.83226"/>
      <trkpt lat="37.61475" lon="-83.83211"/>
      <trkpt lat="37.61446" lon="-83.83205"/>
      <trkpt lat="37.61385" lon="-83.83195"/>
      <trkpt lat="37.61376" lon="-83.83196"/>
      <trkpt lat="37.61349" lon="-83.83194"/>
      <trkpt lat="37.61332" lon="-83.83197"/>
      <trkpt lat="37.61324" lon="-83.83199"/>
      <trkpt lat="37.61301" lon="-83.8321"/>
      <trkpt lat="37.61297" lon="-83.83212"/>
      <trkpt lat="37.61267" lon="-83.83229"/>
      <trkpt lat="37.61251" lon="-83.8324"/>
      <trkpt lat="37.61236" lon="-83.83253"/>
      <trkpt lat="37.61222" lon="-83.83267"/>
      <trkpt lat="37.6121" lon="-83.83282"/>
      <trkpt lat="37.61203" lon="-83.83298"/>
      <trkpt lat="37.61186" lon="-83.83353"/>
      <trkpt lat="37.61185" lon="-83.83357"/>
      <trkpt lat="37.61176" lon="-83.83378"/>
      <trkpt lat="37.6117" lon="-83.83388"/>
      <trkpt lat="37.61163" lon="-83.83397"/>
      <trkpt lat="37.61148" lon="-83.83415"/>
      <trkpt lat="37.61131" lon="-83.8343"/>
      <trkpt lat="37.61098" lon="-83.83453"/>
      <trkpt lat="37.61092" lon="-83.83458"/>
      <trkpt lat="37.61087" lon="-83.83465"/>
      <trkpt lat="37.61085" lon="-83.83468"/>
      <trkpt lat="37.61083" lon="-83.83472"/>
      <trkpt lat="37.6108" lon="-83.8348"/>
      <trkpt lat="37.61073" lon="-83.83522"/>
      <trkpt lat="37.6107" lon="-83.83534"/>
      <trkpt lat="37.61066" lon="-83.83546"/>
      <trkpt lat="37.61061" lon="-83.83556"/>
      <trkpt lat="37.61046" lon="-83.83574"/>
      <trkpt lat="37.61038" lon="-83.83581"/>
      <trkpt lat="37.61021" lon="-83.83593"/>
      <trkpt lat="37.61001" lon="-83.83601"/>
      <trkpt lat="37.60933" lon="-83.8362"/>
      <trkpt lat="37.60918" lon="-83.83626"/>
      <trkpt lat="37.60905" lon="-83.83636"/>
      <trkpt lat="37.609" lon="-83.83641"/>
      <trkpt lat="37.60892" lon="-83.83651"/>
      <trkpt lat="37.6088" lon="-83.83668"/>
      <trkpt lat="37.60872" lon="-83.83679"/>
      <trkpt lat="37.60858" lon="-83.83693"/>
      <trkpt lat="37.6085" lon="-83.83699"/>
      <trkpt lat="37.60833" lon="-83.8371"/>
      <trkpt lat="37.60816" lon="-83.83718"/>
      <trkpt lat="37.60799" lon="-83.83723"/>
      <trkpt lat="37.6079" lon="-83.83724"/>
      <trkpt lat="37.60757" lon="-83.83722"/>
      <trkpt lat="37.60693" lon="-83.83717"/>
      <trkpt lat="37.60659" lon="-83.83713"/>
      <trkpt lat="37.60596" lon="-83.83701"/>
      <trkpt lat="37.60542" lon="-83.83684"/>
      <trkpt lat="37.60533" lon="-83.83679"/>
      <trkpt lat="37.60498" lon="-83.8366"/>
      <trkpt lat="37.60486" lon="-83.83656"/>
      <trkpt lat="37.60471" lon="-83.83655"/>
      <trkpt lat="37.60458" lon="-83.83658"/>
      <trkpt lat="37.60448" lon="-83.83665"/>
      <trkpt lat="37.60436" lon="-83.8368"/>
      <trkpt lat="37.60417" lon="-83.83714"/>
      <trkpt lat="37.60362" lon="-83.83782"/>
      <trkpt lat="37.60343" lon="-83.83803"/>
      <trkpt lat="37.60322" lon="-83.8382"/>
      <trkpt lat="37.60234" lon="-83.83897"/>
      <trkpt lat="37.60214" lon="-83.83912"/>
      <trkpt lat="37.6019" lon="-83.83928"/>
      <trkpt lat="37.60173" lon="-83.83942"/>
      <trkpt lat="37.60149" lon="-83.83968"/>
      <trkpt lat="37.60127" lon="-83.83988"/>
      <trkpt lat="37.60103" lon="-83.84006"/>
      <trkpt lat="37.60092" lon="-83.84016"/>
      <trkpt lat="37.60061" lon="-83.8405"/>
      <trkpt lat="37.60041" lon="-83.84069"/>
      <trkpt lat="37.60027" lon="-83.84079"/>
      <trkpt lat="37.59924" lon="-83.8415"/>
      <trkpt lat="37.59898" lon="-83.84172"/>
      <trkpt lat="37.59879" lon="-83.84191"/>
      <trkpt lat="37.59824" lon="-83.84256"/>
      <trkpt lat="37.59766" lon="-83.84319"/>
      <trkpt lat="37.59741" lon="-83.84344"/>
      <trkpt lat="37.59728" lon="-83.84353"/>
      <trkpt lat="37.59715" lon="-83.8436"/>
      <trkpt lat="37.597" lon="-83.84364"/>
      <trkpt lat="37.59693" lon="-83.84365"/>
      <trkpt lat="37.59677" lon="-83.84365"/>
      <trkpt lat="37.5967" lon="-83.84363"/>
      <trkpt lat="37.59613" lon="-83.84362"/>
      <trkpt lat="37.59549" lon="-83.84365"/>
      <trkpt lat="37.59498" lon="-83.84371"/>
      <trkpt lat="37.59473" lon="-83.84376"/>
      <trkpt lat="37.59466" lon="-83.8438"/>
      <trkpt lat="37.59445" lon="-83.84402"/>
      <trkpt lat="37.59435" lon="-83.84418"/>
      <trkpt lat="37.59417" lon="-83.8446"/>
      <trkpt lat="37.59406" lon="-83.84477"/>
      <trkpt lat="37.59389" lon="-83.8449"/>
      <trkpt lat="37.59334" lon="-83.84526"/>
      <trkpt lat="37.59308" lon="-83.84537"/>
      <trkpt lat="37.59286" lon="-83.84544"/>
      <trkpt lat="37.59263" lon="-83.8455"/>
      <trkpt lat="37.59242" lon="-83.84553"/>
      <trkpt lat="37.59215" lon="-83.84558"/>
      <trkpt lat="37.59187" lon="-83.84561"/>
      <trkpt lat="37.59125" lon="-83.84559"/>
      <trkpt lat="37.59023" lon="-83.84572"/>
      <trkpt lat="37.59016" lon="-83.84574"/>
      <trkpt lat="37.59012" lon="-83.84575"/>
      <trkpt lat="37.58974" lon="-83.84592"/>
      <trkpt lat="37.58942" lon="-83.84603"/>
      <trkpt lat="37.58931" lon="-83.84608"/>
      <trkpt lat="37.58921" lon="-83.84616"/>
      <trkpt lat="37.58913" lon="-83.84625"/>
      <trkpt lat="37.5891" lon="-83.84635"/>
      <trkpt lat="37.5891" lon="-83.84645"/>
      <trkpt lat="37.58917" lon="-83.84661"/>
      <trkpt lat="37.58923" lon="-83.84674"/>
      <trkpt lat="37.58927" lon="-83.84679"/>
      <trkpt lat="37.5894" lon="-83.84686"/>
      <trkpt lat="37.58969" lon="-83.84697"/>
      <trkpt lat="37.59003" lon="-83.8471"/>
      <trkpt lat="37.59014" lon="-83.84716"/>
      <trkpt lat="37.5902" lon="-83.8472"/>
      <trkpt lat="37.59024" lon="-83.84726"/>
      <trkpt lat="37.5903" lon="-83.84742"/>
      <trkpt lat="37.59037" lon="-83.84783"/>
      <trkpt lat="37.59044" lon="-83.84816"/>
      <trkpt lat="37.59067" lon="-83.8489"/>
      <trkpt lat="37.59069" lon="-83.84909"/>
      <trkpt lat="37.59068" lon="-83.84918"/>
      <trkpt lat="37.59064" lon="-83.84937"/>
      <trkpt lat="37.59053" lon="-83.84972"/>
      <trkpt lat="37.59051" lon="-83.8499"/>
      <trkpt lat="37.5905" lon="-83.85008"/>
      <trkpt lat="37.59055" lon="-83.85037"/>
      <trkpt lat="37.59072" lon="-83.85094"/>
      <trkpt lat="37.5908" lon="-83.85123"/>
      <trkpt lat="37.59083" lon="-83.85143"/>
      <trkpt lat="37.59085" lon="-83.85164"/>
      <trkpt lat="37.59085" lon="-83.85185"/>
      <trkpt lat="37.59085" lon="-83.85196"/>
      <trkpt lat="37.59083" lon="-83.85207"/>
      <trkpt lat="37.59075" lon="-83.85248"/>
      <trkpt lat="37.59067" lon="-83.85296"/>
      <trkpt lat="37.59061" lon="-83.85312"/>
      <trkpt lat="37.59046" lon="-83.8534"/>
      <trkpt lat="37.59038" lon="-83.85352"/>
      <trkpt lat="37.59034" lon="-83.85355"/>
      <trkpt lat="37.59027" lon="-83.8536"/>
      <trkpt lat="37.59013" lon="-83.85366"/>
      <trkpt lat="37.58999" lon="-83.85368"/>
      <trkpt lat="37.58984" lon="-83.85368"/>
      <trkpt lat="37.58953" lon="-83.85365"/>
      <trkpt lat="37.58858" lon="-83.85349"/>
      <trkpt lat="37.58843" lon="-83.85345"/>
      <trkpt lat="37.58837" lon="-83.85341"/>
      <trkpt lat="37.58824" lon="-83.85332"/>
      <trkpt lat="37.58783" lon="-83.85288"/>
      <trkpt lat="37.58771" lon="-83.85278"/>
      <trkpt lat="37.58757" lon="-83.85271"/>
      <trkpt lat="37.58743" lon="-83.85268"/>
      <trkpt lat="37.58662" lon="-83.85265"/>
      <trkpt lat="37.58637" lon="-83.85265"/>
      <trkpt lat="37.58597" lon="-83.85269"/>
      <trkpt lat="37.58547" lon="-83.85281"/>
      <trkpt lat="37.58524" lon="-83.85292"/>
      <trkpt lat="37.58496" lon="-83.85311"/>
      <trkpt lat="37.58479" lon="-83.85325"/>
      <trkpt lat="37.58432" lon="-83.85367"/>
      <trkpt lat="37.58413" lon="-83.85382"/>
      <trkpt lat="37.58401" lon="-83.8539"/>
      <trkpt lat="37.5838" lon="-83.85399"/>
      <trkpt lat="37.58351" lon="-83.85406"/>
      <trkpt lat="37.58331" lon="-83.85406"/>
      <trkpt lat="37.58313" lon="-83.8541"/>
      <trkpt lat="37.583" lon="-83.85422"/>
      <trkpt lat="37.58285" lon="-83.8544"/>
      <trkpt lat="37.58276" lon="-83.85461"/>
      <trkpt lat="37.58273" lon="-83.85471"/>
      <trkpt lat="37.58251" lon="-83.85549"/>
      <trkpt lat="37.58231" lon="-83.85592"/>
      <trkpt lat="37.58222" lon="-83.85607"/>
      <trkpt lat="37.5821" lon="-83.85618"/>
      <trkpt lat="37.58196" lon="-83.85628"/>
      <trkpt lat="37.58153" lon="-83.85655"/>
      <trkpt lat="37.5813" lon="-83.85665"/>
      <trkpt lat="37.58107" lon="-83.85671"/>
      <trkpt lat="37.58091" lon="-83.85671"/>
      <trkpt lat="37.58074" lon="-83.85669"/>
      <trkpt lat="37.58049" lon="-83.85661"/>
      <trkpt lat="37.58042" lon="-83.85656"/>
      <trkpt lat="37.58028" lon="-83.85646"/>
      <trkpt lat="37.58007" lon="-83.85628"/>
      <trkpt lat="37.57966" lon="-83.85588"/>
      <trkpt lat="37.57939" lon="-83.85564"/>
      <trkpt lat="37.57926" lon="-83.85555"/>
      <trkpt lat="37.57912" lon="-83.8555"/>
      <trkpt lat="37.57904" lon="-83.85548"/>
      <trkpt lat="37.57866" lon="-83.85545"/>
      <trkpt lat="37.57844" lon="-83.85538"/>
      <trkpt lat="37.57815" lon="-83.85523"/>
      <trkpt lat="37.57769" lon="-83.85505"/>
      <trkpt lat="37.57742" lon="-83.85489"/>
      <trkpt lat="37.57707" lon="-83.85464"/>
      <trkpt lat="37.57692" lon="-83.85455"/>
      <trkpt lat="37.57679" lon="-83.85453"/>
      <trkpt lat="37.57663" lon="-83.85457"/>
      <trkpt lat="37.57657" lon="-83.85461"/>
      <trkpt lat="37.57648" lon="-83.85469"/>
      <trkpt lat="37.57639" lon="-83.85484"/>
      <trkpt lat="37.57626" lon="-83.85509"/>
      <trkpt lat="37.57609" lon="-83.85551"/>
      <trkpt lat="37.57602" lon="-83.85567"/>
      <trkpt lat="37.57598" lon="-83.85573"/>
      <trkpt lat="37.57588" lon="-83.85583"/>
      <trkpt lat="37.57575" lon="-83.85589"/>
      <trkpt lat="37.57519" lon="-83.85591"/>
      <trkpt lat="37.57498" lon="-83.85597"/>
      <trkpt lat="37.57481" lon="-83.85611"/>
      <trkpt lat="37.57462" lon="-83.85637"/>
      <trkpt lat="37.57457" lon="-83.85653"/>
      <trkpt lat="37.57447" lon="-83.85674"/>
      <trkpt lat="37.57433" lon="-83.85689"/>
      <trkpt lat="37.57428" lon="-83.85693"/>
      <trkpt lat="37.57359" lon="-83.85712"/>
      <trkpt lat="37.57334" lon="-83.85723"/>
      <trkpt lat="37.57327" lon="-83.85724"/>
      <trkpt lat="37.57316" lon="-83.85721"/>
      <trkpt lat="37.57308" lon="-83.85712"/>
      <trkpt lat="37.57297" lon="-83.8569"/>
      <trkpt lat="37.57283" lon="-83.85658"/>
      <trkpt lat="37.57274" lon="-83.85644"/>
      <trkpt lat="37.57246" lon="-83.85613"/>
      <trkpt lat="37.57216" lon="-83.8559"/>
      <trkpt lat="37.57201" lon="-83.8558"/>
      <trkpt lat="37.57183" lon="-83.85572"/>
      <trkpt lat="37.57175" lon="-83.85568"/>
      <trkpt lat="37.57157" lon="-83.85565"/>
      <trkpt lat="37.5714" lon="-83.85564"/>
      <trkpt lat="37.57126" lon="-83.85566"/>
      <trkpt lat="37.57102" lon="-83.85575"/>
      <trkpt lat="37.57055" lon="-83.85596"/>
      <trkpt lat="37.56988" lon="-83.85635"/>
      <trkpt lat="37.56923" lon="-83.85675"/>
      <trkpt lat="37.56901" lon="-83.85692"/>
      <trkpt lat="37.56881" lon="-83.8571"/>
      <trkpt lat="37.56864" lon="-83.85729"/>
      <trkpt lat="37.56823" lon="-83.85784"/>
      <trkpt lat="37.56796" lon="-83.85823"/>
      <trkpt lat="37.56777" lon="-83.85853"/>
      <trkpt lat="37.56757" lon="-83.85891"/>
      <trkpt lat="37.56722" lon="-83.85967"/>
      <trkpt lat="37.56697" lon="-83.86009"/>
      <trkpt lat="37.56677" lon="-83.86031"/>
      <trkpt lat="37.56661" lon="-83.86046"/>
      <trkpt lat="37.56645" lon="-83.86058"/>
      <trkpt lat="37.5663" lon="-83.86065"/>
      <trkpt lat="37.56633" lon="-83.86072"/>
      <trkpt lat="37.56614" lon="-83.86071"/>
      <trkpt lat="37.56565" lon="-83.86084"/>
      <trkpt lat="37.56534" lon="-83.86097"/>
      <trkpt lat="37.56494" lon="-83.8612"/>
      <trkpt lat="37.56462" lon="-83.86144"/>
      <trkpt lat="37.56439" lon="-83.86157"/>
      <trkpt lat="37.56427" lon="-83.86161"/>
      <trkpt lat="37.56413" lon="-83.86163"/>
      <trkpt lat="37.56402" lon="-83.86164"/>
      <trkpt lat="37.56378" lon="-83.86162"/>
      <trkpt lat="37.56368" lon="-83.86159"/>
      <trkpt lat="37.56357" lon="-83.86154"/>
      <trkpt lat="37.56341" lon="-83.86143"/>
      <trkpt lat="37.56331" lon="-83.86133"/>
      <trkpt lat="37.563" lon="-83.86087"/>
      <trkpt lat="37.56264" lon="-83.86026"/>
      <trkpt lat="37.56242" lon="-83.85982"/>
      <trkpt lat="37.56235" lon="-83.85963"/>
      <trkpt lat="37.56224" lon="-83.85932"/>
      <trkpt lat="37.5622" lon="-83.85912"/>
      <trkpt lat="37.56216" lon="-83.8589"/>
      <trkpt lat="37.56216" lon="-83.85857"/>
      <trkpt lat="37.56219" lon="-83.85824"/>
      <trkpt lat="37.56223" lon="-83.85787"/>
      <trkpt lat="37.56228" lon="-83.8577"/>
      <trkpt lat="37.56234" lon="-83.85755"/>
      <trkpt lat="37.56242" lon="-83.85742"/>
      <trkpt lat="37.56249" lon="-83.85735"/>
      <trkpt lat="37.56253" lon="-83.8573"/>
      <trkpt lat="37.56265" lon="-83.8572"/>
      <trkpt lat="37.56284" lon="-83.8571"/>
      <trkpt lat="37.56333" lon="-83.85689"/>
      <trkpt lat="37.56368" lon="-83.85672"/>
      <trkpt lat="37.56397" lon="-83.85652"/>
      <trkpt lat="37.56417" lon="-83.85633"/>
      <trkpt lat="37.56431" lon="-83.85615"/>
      <trkpt lat="37.56435" lon="-83.85601"/>
      <trkpt lat="37.56437" lon="-83.85589"/>
      <trkpt lat="37.56436" lon="-83.85575"/>
      <trkpt lat="37.56431" lon="-83.85559"/>
      <trkpt lat="37.56426" lon="-83.85548"/>
      <trkpt lat="37.56414" lon="-83.85528"/>
      <trkpt lat="37.5641" lon="-83.8551"/>
      <trkpt lat="37.56409" lon="-83.85503"/>
      <trkpt lat="37.5641" lon="-83.85487"/>
      <trkpt lat="37.56412" lon="-83.85479"/>
      <trkpt lat="37.56414" lon="-83.85473"/>
      <trkpt lat="37.56422" lon="-83.85449"/>
      <trkpt lat="37.56436" lon="-83.8542"/>
      <trkpt lat="37.5646" lon="-83.85389"/>
      <trkpt lat="37.5647" lon="-83.85378"/>
      <trkpt lat="37.56482" lon="-83.85367"/>
      <trkpt lat="37.56518" lon="-83.85342"/>
      <trkpt lat="37.56548" lon="-83.85313"/>
      <trkpt lat="37.56567" lon="-83.85292"/>
      <trkpt lat="37.56582" lon="-83.85268"/>
      <trkpt lat="37.5659" lon="-83.8525"/>
      <trkpt lat="37.56591" lon="-83.8523"/>
      <trkpt lat="37.5659" lon="-83.85209"/>
      <trkpt lat="37.5658" lon="-83.85179"/>
      <trkpt lat="37.56566" lon="-83.85153"/>
      <trkpt lat="37.56556" lon="-83.85136"/>
      <trkpt lat="37.56511" lon="-83.85075"/>
      <trkpt lat="37.56501" lon="-83.8506"/>
      <trkpt lat="37.56493" lon="-83.85044"/>
      <trkpt lat="37.56489" lon="-83.85035"/>
      <trkpt lat="37.56484" lon="-83.85018"/>
      <trkpt lat="37.56484" lon="-83.84999"/>
      <trkpt lat="37.56488" lon="-83.84981"/>
      <trkpt lat="37.56497" lon="-83.84952"/>
      <trkpt lat="37.56504" lon="-83.84922"/>
      <trkpt lat="37.56505" lon="-83.84911"/>
      <trkpt lat="37.56505" lon="-83.849"/>
      <trkpt lat="37.56501" lon="-83.84879"/>
      <trkpt lat="37.56487" lon="-83.84836"/>
      <trkpt lat="37.56484" lon="-83.8482"/>
      <trkpt lat="37.56482" lon="-83.84811"/>
      <trkpt lat="37.56482" lon="-83.84793"/>
      <trkpt lat="37.56494" lon="-83.8471"/>
      <trkpt lat="37.565" lon="-83.84633"/>
      <trkpt lat="37.56502" lon="-83.84621"/>
      <trkpt lat="37.56509" lon="-83.84589"/>
      <trkpt lat="37.5652" lon="-83.84571"/>
      <trkpt lat="37.56525" lon="-83.84565"/>
      <trkpt lat="37.56539" lon="-83.84558"/>
      <trkpt lat="37.56561" lon="-83.84559"/>
      <trkpt lat="37.5659" lon="-83.84569"/>
      <trkpt lat="37.56612" lon="-83.84575"/>
      <trkpt lat="37.56628" lon="-83.84576"/>
      <trkpt lat="37.56644" lon="-83.84575"/>
      <trkpt lat="37.56706" lon="-83.84566"/>
      <trkpt lat="37.56733" lon="-83.84561"/>
      <trkpt lat="37.56741" lon="-83.84558"/>
      <trkpt lat="37.56749" lon="-83.84553"/>
      <trkpt lat="37.56755" lon="-83.84548"/>
      <trkpt lat="37.56766" lon="-83.84533"/>
      <trkpt lat="37.5677" lon="-83.84524"/>
      <trkpt lat="37.56777" lon="-83.84502"/>
      <trkpt lat="37.56781" lon="-83.84474"/>
      <trkpt lat="37.5678" lon="-83.84437"/>
      <trkpt lat="37.56777" lon="-83.84402"/>
      <trkpt lat="37.5677" lon="-83.84356"/>
      <trkpt lat="37.56764" lon="-83.84329"/>
      <trkpt lat="37.56763" lon="-83.8432"/>
      <trkpt lat="37.56757" lon="-83.84295"/>
      <trkpt lat="37.56754" lon="-83.84278"/>
      <trkpt lat="37.56753" lon="-83.84269"/>
      <trkpt lat="37.56754" lon="-83.8426"/>
      <trkpt lat="37.56755" lon="-83.84252"/>
      <trkpt lat="37.56764" lon="-83.84226"/>
      <trkpt lat="37.56775" lon="-83.84187"/>
      <trkpt lat="37.56775" lon="-83.84173"/>
      <trkpt lat="37.56775" lon="-83.8416"/>
      <trkpt lat="37.56761" lon="-83.8413"/>
      <trkpt lat="37.56701" lon="-83.84032"/>
      <trkpt lat="37.56686" lon="-83.84008"/>
      <trkpt lat="37.56664" lon="-83.83978"/>
      <trkpt lat="37.56652" lon="-83.83965"/>
      <trkpt lat="37.56615" lon="-83.83935"/>
      <trkpt lat="37.56585" lon="-83.83915"/>
      <trkpt lat="37.56544" lon="-83.83885"/>
      <trkpt lat="37.5653" lon="-83.83871"/>
      <trkpt lat="37.56508" lon="-83.83842"/>
      <trkpt lat="37.56503" lon="-83.83834"/>
      <trkpt lat="37.56494" lon="-83.83816"/>
      <trkpt lat="37.56489" lon="-83.83799"/>
      <trkpt lat="37.56482" lon="-83.83752"/>
      <trkpt lat="37.56479" lon="-83.83714"/>
      <trkpt lat="37.56474" lon="-83.83686"/>
      <trkpt lat="37.56467" lon="-83.83656"/>
      <trkpt lat="37.56464" lon="-83.83646"/>
      <trkpt lat="37.56459" lon="-83.83636"/>
      <trkpt lat="37.5645" lon="-83.83617"/>
      <trkpt lat="37.56435" lon="-83.83594"/>
      <trkpt lat="37.56423" lon="-83.83581"/>
      <trkpt lat="37.56401" lon="-83.83555"/>
      <trkpt lat="37.56393" lon="-83.83541"/>
      <trkpt lat="37.56387" lon="-83.83526"/>
      <trkpt lat="37.56381" lon="-83.835"/>
      <trkpt lat="37.56383" lon="-83.83479"/>
      <trkpt lat="37.56392" lon="-83.83449"/>
      <trkpt lat="37.56401" lon="-83.83433"/>
      <trkpt lat="37.56411" lon="-83.83418"/>
      <trkpt lat="37.56417" lon="-83.83413"/>
      <trkpt lat="37.56432" lon="-83.83404"/>
      <trkpt lat="37.56455" lon="-83.83393"/>
      <trkpt lat="37.56472" lon="-83.83388"/>
      <trkpt lat="37.56525" lon="-83.83374"/>
      <trkpt lat="37.56548" lon="-83.83366"/>
      <trkpt lat="37.56562" lon="-83.83358"/>
      <trkpt lat="37.56575" lon="-83.83349"/>
      <trkpt lat="37.56588" lon="-83.83335"/>
      <trkpt lat="37.56593" lon="-83.83327"/>
      <trkpt lat="37.56601" lon="-83.83301"/>
      <trkpt lat="37.56602" lon="-83.83292"/>
      <trkpt lat="37.56601" lon="-83.83276"/>
      <trkpt lat="37.566" lon="-83.83266"/>
      <trkpt lat="37.56594" lon="-83.83248"/>
      <trkpt lat="37.56584" lon="-83.83234"/>
      <trkpt lat="37.56577" lon="-83.8323"/>
      <trkpt lat="37.5657" lon="-83.83228"/>
      <trkpt lat="37.56555" lon="-83.83227"/>
      <trkpt lat="37.56519" lon="-83.83233"/>
      <trkpt lat="37.56489" lon="-83.83234"/>
      <trkpt lat="37.56481" lon="-83.83232"/>
      <trkpt lat="37.56468" lon="-83.83224"/>
      <trkpt lat="37.56462" lon="-83.83219"/>
      <trkpt lat="37.56429" lon="-83.83182"/>
      <trkpt lat="37.56413" lon="-83.83169"/>
      <trkpt lat="37.56388" lon="-83.83157"/>
      <trkpt lat="37.5633" lon="-83.83134"/>
      <trkpt lat="37.56307" lon="-83.83121"/>
      <trkpt lat="37.563" lon="-83.83114"/>
      <trkpt lat="37.56289" lon="-83.83099"/>
      <trkpt lat="37.5628" lon="-83.83079"/>
      <trkpt lat="37.5626" lon="-83.83009"/>
      <trkpt lat="37.56246" lon="-83.82973"/>
      <trkpt lat="37.56235" lon="-83.82952"/>
      <trkpt lat="37.56215" lon="-83.82916"/>
      <trkpt lat="37.56205" lon="-83.829"/>
      <trkpt lat="37.56188" lon="-83.8288"/>
      <trkpt lat="37.56182" lon="-83.82873"/>
      <trkpt lat="37.56168" lon="-83.82861"/>
      <trkpt lat="37.56161" lon="-83.82855"/>
      <trkpt lat="37.56141" lon="-83.82832"/>
      <trkpt lat="37.56124" lon="-83.82808"/>
      <trkpt lat="37.56113" lon="-83.82795"/>
      <trkpt lat="37.56106" lon="-83.82784"/>
      <trkpt lat="37.56091" lon="-83.82765"/>
      <trkpt lat="37.56072" lon="-83.82722"/>
      <trkpt lat="37.56066" lon="-83.82693"/>
      <trkpt lat="37.56056" lon="-83.82658"/>
      <trkpt lat="37.56051" lon="-83.82632"/>
      <trkpt lat="37.56047" lon="-83.82615"/>
      <trkpt lat="37.56046" lon="-83.82597"/>
      <trkpt lat="37.56041" lon="-83.82563"/>
      <trkpt lat="37.56041" lon="-83.82531"/>
      <trkpt lat="37.56039" lon="-83.82506"/>
      <trkpt lat="37.56038" lon="-83.82458"/>
      <trkpt lat="37.56033" lon="-83.82435"/>
      <trkpt lat="37.56024" lon="-83.82412"/>
      <trkpt lat="37.56017" lon="-83.82405"/>
      <trkpt lat="37.5601" lon="-83.824"/>
      <trkpt lat="37.55926" lon="-83.82394"/>
      <trkpt lat="37.55911" lon="-83.82391"/>
      <trkpt lat="37.55897" lon="-83.82385"/>
      <trkpt lat="37.55884" lon="-83.82375"/>
      <trkpt lat="37.55876" lon="-83.82364"/>
      <trkpt lat="37.55869" lon="-83.8235"/>
      <trkpt lat="37.55867" lon="-83.82342"/>
      <trkpt lat="37.55864" lon="-83.82323"/>
      <trkpt lat="37.55865" lon="-83.82313"/>
      <trkpt lat="37.55867" lon="-83.82303"/>
      <trkpt lat="37.5587" lon="-83.82294"/>
      <trkpt lat="37.55874" lon="-83.82285"/>
      <trkpt lat="37.55879" lon="-83.82278"/>
      <trkpt lat="37.5589" lon="-83.82265"/>
      <trkpt lat="37.55915" lon="-83.82246"/>
      <trkpt lat="37.55921" lon="-83.82241"/>
      <trkpt lat="37.55942" lon="-83.8222"/>
      <trkpt lat="37.55955" lon="-83.82203"/>
      <trkpt lat="37.55971" lon="-83.82178"/>
      <trkpt lat="37.55985" lon="-83.82151"/>
      <trkpt lat="37.56002" lon="-83.82112"/>
      <trkpt lat="37.56019" lon="-83.82057"/>
      <trkpt lat="37.56024" lon="-83.82043"/>
      <trkpt lat="37.5603" lon="-83.82025"/>
      <trkpt lat="37.56038" lon="-83.82006"/>
      <trkpt lat="37.56046" lon="-83.81989"/>
      <trkpt lat="37.56053" lon="-83.81978"/>
      <trkpt lat="37.56059" lon="-83.81969"/>
      <trkpt lat="37.56072" lon="-83.81953"/>
      <trkpt lat="37.5608" lon="-83.81945"/>
      <trkpt lat="37.56096" lon="-83.81931"/>
      <trkpt lat="37.56112" lon="-83.8192"/>
      <trkpt lat="37.5613" lon="-83.81912"/>
      <trkpt lat="37.56139" lon="-83.81909"/>
      <trkpt lat="37.56159" lon="-83.81905"/>
      <trkpt lat="37.5618" lon="-83.81902"/>
      <trkpt lat="37.56202" lon="-83.81898"/>
      <trkpt lat="37.56214" lon="-83.8189"/>
      <trkpt lat="37.56223" lon="-83.81881"/>
      <trkpt lat="37.56231" lon="-83.81868"/>
      <trkpt lat="37.56234" lon="-83.81858"/>
      <trkpt lat="37.56235" lon="-83.81844"/>
      <trkpt lat="37.56232" lon="-83.81822"/>
      <trkpt lat="37.56227" lon="-83.81801"/>
      <trkpt lat="37.56209" lon="-83.81755"/>
      <trkpt lat="37.56205" lon="-83.81742"/>
      <trkpt lat="37.56201" lon="-83.81716"/>
      <trkpt lat="37.562" lon="-83.81694"/>
      <trkpt lat="37.56205" lon="-83.81643"/>
      <trkpt lat="37.56205" lon="-83.81632"/>
      <trkpt lat="37.56204" lon="-83.8162"/>
      <trkpt lat="37.56195" lon="-83.81598"/>
      <trkpt lat="37.5619" lon="-83.81588"/>
      <trkpt lat="37.56177" lon="-83.8157"/>
      <trkpt lat="37.56135" lon="-83.81518"/>
      <trkpt lat="37.56116" lon="-83.81494"/>
      <trkpt lat="37.56104" lon="-83.81474"/>
      <trkpt lat="37.56099" lon="-83.81463"/>
      <trkpt lat="37.56092" lon="-83.8144"/>
      <trkpt lat="37.56091" lon="-83.81377"/>
      <trkpt lat="37.56089" lon="-83.81365"/>
      <trkpt lat="37.56085" lon="-83.81354"/>
      <trkpt lat="37.5608" lon="-83.81345"/>
      <trkpt lat="37.56075" lon="-83.81339"/>
      <trkpt lat="37.56063" lon="-83.81327"/>
      <trkpt lat="37.56054" lon="-83.81324"/>
      <trkpt lat="37.56045" lon="-83.81325"/>
      <trkpt lat="37.56031" lon="-83.81332"/>
      <trkpt lat="37.56005" lon="-83.81346"/>
      <trkpt lat="37.55985" lon="-83.81353"/>
      <trkpt lat="37.55964" lon="-83.81355"/>
      <trkpt lat="37.55954" lon="-83.81355"/>
      <trkpt lat="37.55934" lon="-83.81354"/>
      <trkpt lat="37.55916" lon="-83.81348"/>
      <trkpt lat="37.55861" lon="-83.8133"/>
      <trkpt lat="37.55844" lon="-83.81319"/>
      <trkpt lat="37.55836" lon="-83.81312"/>
      <trkpt lat="37.55823" lon="-83.81296"/>
      <trkpt lat="37.55797" lon="-83.81254"/>
      <trkpt lat="37.5579" lon="-83.81244"/>
      <trkpt lat="37.55777" lon="-83.81229"/>
      <trkpt lat="37.55765" lon="-83.8121"/>
      <trkpt lat="37.5576" lon="-83.812"/>
      <trkpt lat="37.55752" lon="-83.81177"/>
      <trkpt lat="37.55747" lon="-83.81155"/>
      <trkpt lat="37.55745" lon="-83.81144"/>
      <trkpt lat="37.55744" lon="-83.81133"/>
      <trkpt lat="37.55746" lon="-83.81077"/>
      <trkpt lat="37.55746" lon="-83.81054"/>
      <trkpt lat="37.5574" lon="-83.81033"/>
      <trkpt lat="37.55737" lon="-83.8103"/>
      <trkpt lat="37.55734" lon="-83.81024"/>
      <trkpt lat="37.55721" lon="-83.81012"/>
      <trkpt lat="37.55697" lon="-83.81"/>
      <trkpt lat="37.55679" lon="-83.80993"/>
      <trkpt lat="37.55656" lon="-83.80977"/>
      <trkpt lat="37.55632" lon="-83.80958"/>
      <trkpt lat="37.55626" lon="-83.8095"/>
      <trkpt lat="37.55596" lon="-83.80904"/>
      <trkpt lat="37.5558" lon="-83.80877"/>
      <trkpt lat="37.55555" lon="-83.8084"/>
      <trkpt lat="37.55518" lon="-83.8079"/>
      <trkpt lat="37.55501" lon="-83.80774"/>
      <trkpt lat="37.55493" lon="-83.80767"/>
      <trkpt lat="37.55484" lon="-83.80762"/>
      <trkpt lat="37.55474" lon="-83.80759"/>
      <trkpt lat="37.55464" lon="-83.80757"/>
      <trkpt lat="37.55455" lon="-83.80757"/>
      <trkpt lat="37.55445" lon="-83.80759"/>
      <trkpt lat="37.55435" lon="-83.80762"/>
      <trkpt lat="37.55417" lon="-83.80771"/>
      <trkpt lat="37.55408" lon="-83.80778"/>
      <trkpt lat="37.55393" lon="-83.80794"/>
      <trkpt lat="37.55363" lon="-83.80834"/>
      <trkpt lat="37.55354" lon="-83.80847"/>
      <trkpt lat="37.55349" lon="-83.80854"/>
      <trkpt lat="37.55331" lon="-83.80883"/>
      <trkpt lat="37.55325" lon="-83.80891"/>
      <trkpt lat="37.55318" lon="-83.80898"/>
      <trkpt lat="37.55301" lon="-83.80907"/>
      <trkpt lat="37.55293" lon="-83.80909"/>
      <trkpt lat="37.55274" lon="-83.80911"/>
      <trkpt lat="37.55265" lon="-83.8091"/>
      <trkpt lat="37.55256" lon="-83.80906"/>
      <trkpt lat="37.55248" lon="-83.809"/>
      <trkpt lat="37.5524" lon="-83.80893"/>
      <trkpt lat="37.55233" lon="-83.80884"/>
      <trkpt lat="37.55227" lon="-83.80874"/>
      <trkpt lat="37.55222" lon="-83.80864"/>
      <trkpt lat="37.55213" lon="-83.8084"/>
      <trkpt lat="37.55204" lon="-83.8082"/>
      <trkpt lat="37.55193" lon="-83.808"/>
      <trkpt lat="37.55178" lon="-83.80783"/>
      <trkpt lat="37.5517" lon="-83.80776"/>
      <trkpt lat="37.55152" lon="-83.80765"/>
      <trkpt lat="37.55133" lon="-83.80756"/>
      <trkpt lat="37.55114" lon="-83.80751"/>
      <trkpt lat="37.55061" lon="-83.80741"/>
      <trkpt lat="37.55052" lon="-83.80738"/>
      <trkpt lat="37.55044" lon="-83.80734"/>
      <trkpt lat="37.55029" lon="-83.80719"/>
      <trkpt lat="37.5501" lon="-83.8069"/>
      <trkpt lat="37.55003" lon="-83.80681"/>
      <trkpt lat="37.54995" lon="-83.80673"/>
      <trkpt lat="37.54977" lon="-83.80662"/>
      <trkpt lat="37.54968" lon="-83.80658"/>
      <trkpt lat="37.54949" lon="-83.80652"/>
      <trkpt lat="37.54869" lon="-83.80649"/>
      <trkpt lat="37.54817" lon="-83.80643"/>
      <trkpt lat="37.54795" lon="-83.80638"/>
      <trkpt lat="37.54774" lon="-83.80628"/>
      <trkpt lat="37.54764" lon="-83.80621"/>
      <trkpt lat="37.54756" lon="-83.80612"/>
      <trkpt lat="37.54739" lon="-83.80593"/>
      <trkpt lat="37.54729" lon="-83.80576"/>
      <trkpt lat="37.54692" lon="-83.805"/>
      <trkpt lat="37.54665" lon="-83.80458"/>
      <trkpt lat="37.54639" lon="-83.80416"/>
      <trkpt lat="37.54624" lon="-83.80392"/>
      <trkpt lat="37.54616" lon="-83.80379"/>
      <trkpt lat="37.54601" lon="-83.80355"/>
      <trkpt lat="37.54585" lon="-83.80332"/>
      <trkpt lat="37.54567" lon="-83.80312"/>
      <trkpt lat="37.54548" lon="-83.80294"/>
      <trkpt lat="37.54538" lon="-83.80287"/>
      <trkpt lat="37.54516" lon="-83.80277"/>
      <trkpt lat="37.54487" lon="-83.80265"/>
      <trkpt lat="37.54473" lon="-83.80259"/>
      <trkpt lat="37.54464" lon="-83.80254"/>
      <trkpt lat="37.54454" lon="-83.80247"/>
      <trkpt lat="37.54446" lon="-83.80239"/>
      <trkpt lat="37.54438" lon="-83.80229"/>
      <trkpt lat="37.54415" lon="-83.80197"/>
      <trkpt lat="37.54406" lon="-83.80186"/>
      <trkpt lat="37.54387" lon="-83.80167"/>
      <trkpt lat="37.54356" lon="-83.80141"/>
      <trkpt lat="37.5434" lon="-83.8012"/>
      <trkpt lat="37.54328" lon="-83.80096"/>
      <trkpt lat="37.54318" lon="-83.80072"/>
      <trkpt lat="37.5431" lon="-83.80047"/>
      <trkpt lat="37.54307" lon="-83.80035"/>
      <trkpt lat="37.54303" lon="-83.8001"/>
      <trkpt lat="37.54301" lon="-83.79984"/>
      <trkpt lat="37.543" lon="-83.79958"/>
      <trkpt lat="37.543" lon="-83.79904"/>
      <trkpt lat="37.54299" lon="-83.79891"/>
      <trkpt lat="37.54294" lon="-83.79866"/>
      <trkpt lat="37.54286" lon="-83.79844"/>
      <trkpt lat="37.54281" lon="-83.79833"/>
      <trkpt lat="37.54274" lon="-83.79824"/>
      <trkpt lat="37.54265" lon="-83.79816"/>
      <trkpt lat="37.54255" lon="-83.79811"/>
      <trkpt lat="37.54226" lon="-83.798"/>
      <trkpt lat="37.5422" lon="-83.79796"/>
      <trkpt lat="37.54178" lon="-83.79753"/>
      <trkpt lat="37.54164" lon="-83.79736"/>
      <trkpt lat="37.54156" lon="-83.79717"/>
      <trkpt lat="37.54144" lon="-83.79672"/>
      <trkpt lat="37.5413" lon="-83.79626"/>
      <trkpt lat="37.54125" lon="-83.79601"/>
      <trkpt lat="37.54122" lon="-83.79573"/>
      <trkpt lat="37.54119" lon="-83.79507"/>
      <trkpt lat="37.54115" lon="-83.79483"/>
      <trkpt lat="37.54111" lon="-83.79471"/>
      <trkpt lat="37.54107" lon="-83.79461"/>
      <trkpt lat="37.54101" lon="-83.79452"/>
      <trkpt lat="37.54094" lon="-83.79444"/>
      <trkpt lat="37.54087" lon="-83.79436"/>
      <trkpt lat="37.54055" lon="-83.7941"/>
      <trkpt lat="37.54047" lon="-83.79403"/>
      <trkpt lat="37.54034" lon="-83.79386"/>
      <trkpt lat="37.54015" lon="-83.79352"/>
      <trkpt lat="37.54007" lon="-83.79325"/>
      <trkpt lat="37.54002" lon="-83.79305"/>
      <trkpt lat="37.53998" lon="-83.79267"/>
      <trkpt lat="37.53999" lon="-83.79228"/>
      <trkpt lat="37.53999" lon="-83.79219"/>
      <trkpt lat="37.54001" lon="-83.79198"/>
      <trkpt lat="37.54009" lon="-83.79164"/>
      <trkpt lat="37.54028" lon="-83.79105"/>
      <trkpt lat="37.54049" lon="-83.79047"/>
      <trkpt lat="37.54052" lon="-83.79034"/>
      <trkpt lat="37.54056" lon="-83.79008"/>
      <trkpt lat="37.54057" lon="-83.78993"/>
      <trkpt lat="37.54054" lon="-83.78964"/>
      <trkpt lat="37.54048" lon="-83.78921"/>
      <trkpt lat="37.54043" lon="-83.78882"/>
      <trkpt lat="37.54044" lon="-83.7887"/>
      <trkpt lat="37.54045" lon="-83.78857"/>
      <trkpt lat="37.54053" lon="-83.78834"/>
      <trkpt lat="37.54067" lon="-83.78798"/>
      <trkpt lat="37.5407" lon="-83.78785"/>
      <trkpt lat="37.54072" lon="-83.78772"/>
      <trkpt lat="37.54072" lon="-83.78758"/>
      <trkpt lat="37.54069" lon="-83.78744"/>
      <trkpt lat="37.54066" lon="-83.7873"/>
      <trkpt lat="37.5406" lon="-83.78718"/>
      <trkpt lat="37.54054" lon="-83.78706"/>
      <trkpt lat="37.54035" lon="-83.78678"/>
      <trkpt lat="37.54024" lon="-83.78659"/>
      <trkpt lat="37.54017" lon="-83.78637"/>
      <trkpt lat="37.54014" lon="-83.78625"/>
      <trkpt lat="37.54013" lon="-83.78613"/>
      <trkpt lat="37.54015" lon="-83.78539"/>
      <trkpt lat="37.54011" lon="-83.78519"/>
      <trkpt lat="37.54008" lon="-83.78511"/>
      <trkpt lat="37.54002" lon="-83.78502"/>
      <trkpt lat="37.53997" lon="-83.78495"/>
      <trkpt lat="37.5399" lon="-83.78488"/>
      <trkpt lat="37.53978" lon="-83.78477"/>
      <trkpt lat="37.53964" lon="-83.78468"/>
      <trkpt lat="37.53952" lon="-83.78462"/>
      <trkpt lat="37.53925" lon="-83.78451"/>
      <trkpt lat="37.53915" lon="-83.7845"/>
      <trkpt lat="37.53866" lon="-83.78448"/>
      <trkpt lat="37.53847" lon="-83.78444"/>
      <trkpt lat="37.53839" lon="-83.78441"/>
      <trkpt lat="37.53832" lon="-83.78436"/>
      <trkpt lat="37.53814" lon="-83.78422"/>
      <trkpt lat="37.53808" lon="-83.7842"/>
      <trkpt lat="37.53801" lon="-83.78419"/>
      <trkpt lat="37.53793" lon="-83.7842"/>
      <trkpt lat="37.53769" lon="-83.78425"/>
      <trkpt lat="37.5376" lon="-83.78429"/>
      <trkpt lat="37.53754" lon="-83.78435"/>
      <trkpt lat="37.5375" lon="-83.78443"/>
      <trkpt lat="37.53748" lon="-83.78457"/>
      <trkpt lat="37.53749" lon="-83.78471"/>
      <trkpt lat="37.53756" lon="-83.78503"/>
      <trkpt lat="37.53756" lon="-83.78512"/>
      <trkpt lat="37.53754" lon="-83.78519"/>
      <trkpt lat="37.53751" lon="-83.78525"/>
      <trkpt lat="37.53745" lon="-83.78528"/>
      <trkpt lat="37.5374" lon="-83.78529"/>
      <trkpt lat="37.53734" lon="-83.78528"/>
      <trkpt lat="37.53728" lon="-83.78525"/>
      <trkpt lat="37.53709" lon="-83.78512"/>
      <trkpt lat="37.53685" lon="-83.78494"/>
      <trkpt lat="37.53623" lon="-83.78443"/>
      <trkpt lat="37.53604" lon="-83.7843"/>
      <trkpt lat="37.53599" lon="-83.78425"/>
      <trkpt lat="37.53627" lon="-83.78397"/>
      <trkpt lat="37.53642" lon="-83.78377"/>
      <trkpt lat="37.53655" lon="-83.78355"/>
      <trkpt lat="37.53665" lon="-83.7833"/>
      <trkpt lat="37.53671" lon="-83.78311"/>
      <trkpt lat="37.53688" lon="-83.78256"/>
      <trkpt lat="37.53715" lon="-83.78161"/>
      <trkpt lat="37.5372" lon="-83.78144"/>
      <trkpt lat="37.53736" lon="-83.78149"/>
      <trkpt lat="37.53762" lon="-83.78153"/>
      <trkpt lat="37.53778" lon="-83.78154"/>
      <trkpt lat="37.53793" lon="-83.78152"/>
      <trkpt lat="37.53808" lon="-83.78149"/>
      <trkpt lat="37.53824" lon="-83.78143"/>
      <trkpt lat="37.53862" lon="-83.78126"/>
      <trkpt lat="37.53917" lon="-83.78099"/>
      <trkpt lat="37.53937" lon="-83.78088"/>
      <trkpt lat="37.53958" lon="-83.7808"/>
      <trkpt lat="37.53978" lon="-83.7807"/>
      <trkpt lat="37.54059" lon="-83.78022"/>
      <trkpt lat="37.54092" lon="-83.78"/>
      <trkpt lat="37.54144" lon="-83.77977"/>
      <trkpt lat="37.54247" lon="-83.77936"/>
      <trkpt lat="37.54283" lon="-83.77915"/>
      <trkpt lat="37.54306" lon="-83.77896"/>
      <trkpt lat="37.54318" lon="-83.77884"/>
      <trkpt lat="37.54329" lon="-83.77872"/>
      <trkpt lat="37.5434" lon="-83.77858"/>
      <trkpt lat="37.54345" lon="-83.77851"/>
      <trkpt lat="37.54365" lon="-83.77821"/>
      <trkpt lat="37.54411" lon="-83.77748"/>
      <trkpt lat="37.5442" lon="-83.77732"/>
      <trkpt lat="37.54456" lon="-83.77675"/>
      <trkpt lat="37.54467" lon="-83.77659"/>
      <trkpt lat="37.54486" lon="-83.77633"/>
      <trkpt lat="37.54498" lon="-83.77619"/>
      <trkpt lat="37.54524" lon="-83.77593"/>
      <trkpt lat="37.54592" lon="-83.7753"/>
      <trkpt lat="37.54616" lon="-83.77508"/>
      <trkpt lat="37.54808" lon="-83.77333"/>
      <trkpt lat="37.54852" lon="-83.77293"/>
      <trkpt lat="37.54906" lon="-83.77244"/>
      <trkpt lat="37.5492" lon="-83.7723"/>
      <trkpt lat="37.54939" lon="-83.77213"/>
      <trkpt lat="37.54954" lon="-83.772"/>
      <trkpt lat="37.5497" lon="-83.77188"/>
      <trkpt lat="37.54978" lon="-83.77184"/>
      <trkpt lat="37.54987" lon="-83.77181"/>
      <trkpt lat="37.54999" lon="-83.77178"/>
      <trkpt lat="37.55015" lon="-83.77176"/>
      <trkpt lat="37.55053" lon="-83.77175"/>
      <trkpt lat="37.55187" lon="-83.77182"/>
      <trkpt lat="37.55222" lon="-83.77185"/>
      <trkpt lat="37.55244" lon="-83.77185"/>
      <trkpt lat="37.55273" lon="-83.77181"/>
      <trkpt lat="37.55285" lon="-83.77181"/>
      <trkpt lat="37.55291" lon="-83.77183"/>
      <trkpt lat="37.55299" lon="-83.77192"/>
      <trkpt lat="37.55304" lon="-83.772"/>
      <trkpt lat="37.55315" lon="-83.77218"/>
      <trkpt lat="37.55315" lon="-83.77224"/>
      <trkpt lat="37.55308" lon="-83.77252"/>
      <trkpt lat="37.55297" lon="-83.77286"/>
      <trkpt lat="37.5529" lon="-83.7731"/>
      <trkpt lat="37.55283" lon="-83.77337"/>
      <trkpt lat="37.55278" lon="-83.77364"/>
      <trkpt lat="37.55275" lon="-83.77387"/>
      <trkpt lat="37.55274" lon="-83.77401"/>
      <trkpt lat="37.55274" lon="-83.77415"/>
      <trkpt lat="37.55274" lon="-83.77428"/>
      <trkpt lat="37.55275" lon="-83.77442"/>
      <trkpt lat="37.55279" lon="-83.77469"/>
      <trkpt lat="37.55283" lon="-83.7749"/>
      <trkpt lat="37.55292" lon="-83.77528"/>
      <trkpt lat="37.55315" lon="-83.77622"/>
      <trkpt lat="37.55332" lon="-83.77687"/>
      <trkpt lat="37.55337" lon="-83.77702"/>
      <trkpt lat="37.55345" lon="-83.77714"/>
      <trkpt lat="37.55349" lon="-83.77719"/>
      <trkpt lat="37.55355" lon="-83.77724"/>
      <trkpt lat="37.55401" lon="-83.77748"/>
      <trkpt lat="37.55414" lon="-83.77754"/>
      <trkpt lat="37.55429" lon="-83.7776"/>
      <trkpt lat="37.55446" lon="-83.77761"/>
      <trkpt lat="37.55461" lon="-83.77759"/>
      <trkpt lat="37.5548" lon="-83.77754"/>
      <trkpt lat="37.55512" lon="-83.77745"/>
      <trkpt lat="37.55522" lon="-83.77741"/>
      <trkpt lat="37.55535" lon="-83.77737"/>
      <trkpt lat="37.55546" lon="-83.77735"/>
      <trkpt lat="37.55553" lon="-83.77736"/>
      <trkpt lat="37.55561" lon="-83.77738"/>
      <trkpt lat="37.55567" lon="-83.77741"/>
      <trkpt lat="37.55571" lon="-83.77745"/>
      <trkpt lat="37.55583" lon="-83.77757"/>
      <trkpt lat="37.55586" lon="-83.7776"/>
      <trkpt lat="37.55592" lon="-83.77764"/>
      <trkpt lat="37.55596" lon="-83.77767"/>
      <trkpt lat="37.55607" lon="-83.7777"/>
      <trkpt lat="37.55622" lon="-83.77774"/>
      <trkpt lat="37.55645" lon="-83.77777"/>
      <trkpt lat="37.55653" lon="-83.77777"/>
      <trkpt lat="37.55668" lon="-83.77774"/>
      <trkpt lat="37.55679" lon="-83.7777"/>
      <trkpt lat="37.5569" lon="-83.77764"/>
      <trkpt lat="37.55701" lon="-83.77757"/>
      <trkpt lat="37.55718" lon="-83.77748"/>
      <trkpt lat="37.55734" lon="-83.77743"/>
      <trkpt lat="37.55743" lon="-83.77741"/>
      <trkpt lat="37.55777" lon="-83.77741"/>
      <trkpt lat="37.55835" lon="-83.77743"/>
      <trkpt lat="37.55872" lon="-83.77743"/>
      <trkpt lat="37.55901" lon="-83.77742"/>
      <trkpt lat="37.55931" lon="-83.77739"/>
      <trkpt lat="37.55947" lon="-83.77736"/>
      <trkpt lat="37.55954" lon="-83.77735"/>
      <trkpt lat="37.55975" lon="-83.77729"/>
      <trkpt lat="37.55997" lon="-83.77717"/>
      <trkpt lat="37.5601" lon="-83.77707"/>
      <trkpt lat="37.56022" lon="-83.77696"/>
      <trkpt lat="37.56031" lon="-83.77684"/>
      <trkpt lat="37.56037" lon="-83.77671"/>
      <trkpt lat="37.56043" lon="-83.77656"/>
      <trkpt lat="37.56063" lon="-83.77606"/>
      <trkpt lat="37.56074" lon="-83.77575"/>
      <trkpt lat="37.56078" lon="-83.77565"/>
      <trkpt lat="37.56086" lon="-83.77546"/>
      <trkpt lat="37.56093" lon="-83.77535"/>
      <trkpt lat="37.56101" lon="-83.77525"/>
      <trkpt lat="37.56131" lon="-83.7749"/>
      <trkpt lat="37.56162" lon="-83.77457"/>
      <trkpt lat="37.5617" lon="-83.7745"/>
      <trkpt lat="37.56179" lon="-83.77444"/>
      <trkpt lat="37.56189" lon="-83.77441"/>
      <trkpt lat="37.56199" lon="-83.77441"/>
      <trkpt lat="37.56209" lon="-83.77442"/>
      <trkpt lat="37.56237" lon="-83.7745"/>
      <trkpt lat="37.56246" lon="-83.77452"/>
      <trkpt lat="37.56257" lon="-83.77453"/>
      <trkpt lat="37.56266" lon="-83.77453"/>
      <trkpt lat="37.56276" lon="-83.77451"/>
      <trkpt lat="37.56284" lon="-83.77448"/>
      <trkpt lat="37.56293" lon="-83.77443"/>
      <trkpt lat="37.563" lon="-83.77436"/>
      <trkpt lat="37.56326" lon="-83.77405"/>
      <trkpt lat="37.56333" lon="-83.77398"/>
      <trkpt lat="37.56341" lon="-83.77392"/>
      <trkpt lat="37.56353" lon="-83.77383"/>
      <trkpt lat="37.56386" lon="-83.77363"/>
      <trkpt lat="37.564" lon="-83.77353"/>
      <trkpt lat="37.56414" lon="-83.77342"/>
      <trkpt lat="37.56442" lon="-83.77318"/>
      <trkpt lat="37.56472" lon="-83.77289"/>
      <trkpt lat="37.56497" lon="-83.77262"/>
      <trkpt lat="37.5651" lon="-83.7725"/>
      <trkpt lat="37.56529" lon="-83.77232"/>
      <trkpt lat="37.5654" lon="-83.77221"/>
      <trkpt lat="37.56545" lon="-83.77215"/>
      <trkpt lat="37.56554" lon="-83.77201"/>
      <trkpt lat="37.56561" lon="-83.7719"/>
      <trkpt lat="37.56565" lon="-83.77178"/>
      <trkpt lat="37.56574" lon="-83.7715"/>
      <trkpt lat="37.56576" lon="-83.77135"/>
      <trkpt lat="37.56579" lon="-83.77114"/>
      <trkpt lat="37.56579" lon="-83.77107"/>
      <trkpt lat="37.56579" lon="-83.77092"/>
      <trkpt lat="37.56578" lon="-83.77079"/>
      <trkpt lat="37.56571" lon="-83.7704"/>
      <trkpt lat="37.56571" lon="-83.77028"/>
      <trkpt lat="37.56572" lon="-83.77015"/>
      <trkpt lat="37.56575" lon="-83.77003"/>
      <trkpt lat="37.5658" lon="-83.76992"/>
      <trkpt lat="37.56586" lon="-83.76982"/>
      <trkpt lat="37.5659" lon="-83.76978"/>
      <trkpt lat="37.56594" lon="-83.76974"/>
      <trkpt lat="37.56603" lon="-83.76968"/>
      <trkpt lat="37.56613" lon="-83.76964"/>
      <trkpt lat="37.56616" lon="-83.76963"/>
      <trkpt lat="37.56623" lon="-83.76961"/>
      <trkpt lat="37.56634" lon="-83.76961"/>
      <trkpt lat="37.5665" lon="-83.76965"/>
      <trkpt lat="37.56666" lon="-83.76971"/>
      <trkpt lat="37.56689" lon="-83.76982"/>
      <trkpt lat="37.56713" lon="-83.76994"/>
      <trkpt lat="37.56724" lon="-83.77002"/>
      <trkpt lat="37.56735" lon="-83.7701"/>
      <trkpt lat="37.56746" lon="-83.7702"/>
      <trkpt lat="37.56755" lon="-83.77031"/>
      <trkpt lat="37.56764" lon="-83.77043"/>
      <trkpt lat="37.56772" lon="-83.77056"/>
      <trkpt lat="37.5678" lon="-83.7707"/>
      <trkpt lat="37.56801" lon="-83.77111"/>
      <trkpt lat="37.56811" lon="-83.77127"/>
      <trkpt lat="37.56817" lon="-83.77136"/>
      <trkpt lat="37.56826" lon="-83.77147"/>
      <trkpt lat="37.56831" lon="-83.77151"/>
      <trkpt lat="37.56837" lon="-83.77154"/>
      <trkpt lat="37.56842" lon="-83.77157"/>
      <trkpt lat="37.56848" lon="-83.77159"/>
      <trkpt lat="37.5686" lon="-83.77161"/>
      <trkpt lat="37.56871" lon="-83.77159"/>
      <trkpt lat="37.56879" lon="-83.77155"/>
      <trkpt lat="37.5689" lon="-83.77146"/>
      <trkpt lat="37.56897" lon="-83.77136"/>
      <trkpt lat="37.56903" lon="-83.77124"/>
      <trkpt lat="37.56907" lon="-83.77111"/>
      <trkpt lat="37.56908" lon="-83.77096"/>
      <trkpt lat="37.56908" lon="-83.77082"/>
      <trkpt lat="37.56905" lon="-83.77054"/>
      <trkpt lat="37.56905" lon="-83.77038"/>
      <trkpt lat="37.56905" lon="-83.77031"/>
      <trkpt lat="37.56907" lon="-83.77016"/>
      <trkpt lat="37.56909" lon="-83.77002"/>
      <trkpt lat="37.56914" lon="-83.76987"/>
      <trkpt lat="37.56922" lon="-83.76966"/>
      <trkpt lat="37.56928" lon="-83.76951"/>
      <trkpt lat="37.56935" lon="-83.76936"/>
      <trkpt lat="37.56951" lon="-83.76909"/>
      <trkpt lat="37.56961" lon="-83.76894"/>
      <trkpt lat="37.56975" lon="-83.76873"/>
      <trkpt lat="37.56989" lon="-83.76853"/>
      <trkpt lat="37.57026" lon="-83.76802"/>
      <trkpt lat="37.57044" lon="-83.76778"/>
      <trkpt lat="37.57112" lon="-83.76687"/>
      <trkpt lat="37.57197" lon="-83.7657"/>
      <trkpt lat="37.57205" lon="-83.76558"/>
      <trkpt lat="37.57213" lon="-83.76545"/>
      <trkpt lat="37.57219" lon="-83.76531"/>
      <trkpt lat="37.57222" lon="-83.76524"/>
      <trkpt lat="37.57227" lon="-83.76509"/>
      <trkpt lat="37.5723" lon="-83.76494"/>
      <trkpt lat="37.57235" lon="-83.76455"/>
      <trkpt lat="37.57237" lon="-83.76441"/>
      <trkpt lat="37.57241" lon="-83.76428"/>
      <trkpt lat="37.57246" lon="-83.76417"/>
      <trkpt lat="37.57253" lon="-83.76408"/>
      <trkpt lat="37.57257" lon="-83.76405"/>
      <trkpt lat="37.57261" lon="-83.76402"/>
      <trkpt lat="37.57271" lon="-83.76398"/>
      <trkpt lat="37.57287" lon="-83.76397"/>
      <trkpt lat="37.57303" lon="-83.76399"/>
      <trkpt lat="37.57337" lon="-83.76405"/>
      <trkpt lat="37.5736" lon="-83.76408"/>
      <trkpt lat="37.57371" lon="-83.76408"/>
      <trkpt lat="37.57385" lon="-83.76406"/>
      <trkpt lat="37.574" lon="-83.76402"/>
      <trkpt lat="37.57414" lon="-83.76395"/>
      <trkpt lat="37.57428" lon="-83.76387"/>
      <trkpt lat="37.57438" lon="-83.76379"/>
      <trkpt lat="37.57442" lon="-83.76375"/>
      <trkpt lat="37.57455" lon="-83.76364"/>
      <trkpt lat="37.5749" lon="-83.76331"/>
      <trkpt lat="37.57509" lon="-83.76315"/>
      <trkpt lat="37.57533" lon="-83.76296"/>
      <trkpt lat="37.57561" lon="-83.76277"/>
      <trkpt lat="37.57582" lon="-83.76266"/>
      <trkpt lat="37.57595" lon="-83.76261"/>
      <trkpt lat="37.57622" lon="-83.76252"/>
      <trkpt lat="37.57636" lon="-83.76248"/>
      <trkpt lat="37.57654" lon="-83.76245"/>
      <trkpt lat="37.57665" lon="-83.76243"/>
      <trkpt lat="37.57685" lon="-83.76241"/>
      <trkpt lat="37.57703" lon="-83.76241"/>
      <trkpt lat="37.5772" lon="-83.76242"/>
      <trkpt lat="37.57729" lon="-83.76244"/>
      <trkpt lat="37.57737" lon="-83.76247"/>
      <trkpt lat="37.5775" lon="-83.76252"/>
      <trkpt lat="37.57765" lon="-83.76262"/>
      <trkpt lat="37.57779" lon="-83.76274"/>
      <trkpt lat="37.57789" lon="-83.76284"/>
      <trkpt lat="37.57795" lon="-83.76292"/>
      <trkpt lat="37.57804" lon="-83.76305"/>
      <trkpt lat="37.57824" lon="-83.76338"/>
      <trkpt lat="37.57829" lon="-83.76348"/>
      <trkpt lat="37.57837" lon="-83.76363"/>
      <trkpt lat="37.57843" lon="-83.76379"/>
      <trkpt lat="37.57849" lon="-83.76395"/>
      <trkpt lat="37.57859" lon="-83.76428"/>
      <trkpt lat="37.5787" lon="-83.7648"/>
      <trkpt lat="37.57873" lon="-83.76491"/>
      <trkpt lat="37.57878" lon="-83.76509"/>
      <trkpt lat="37.57885" lon="-83.7653"/>
      <trkpt lat="37.57893" lon="-83.76546"/>
      <trkpt lat="37.57901" lon="-83.7656"/>
      <trkpt lat="37.57914" lon="-83.76579"/>
      <trkpt lat="37.57925" lon="-83.76591"/>
      <trkpt lat="37.5794" lon="-83.76604"/>
      <trkpt lat="37.57952" lon="-83.76614"/>
      <trkpt lat="37.57965" lon="-83.76622"/>
      <trkpt lat="37.58011" lon="-83.76651"/>
      <trkpt lat="37.58045" lon="-83.76671"/>
      <trkpt lat="37.58074" lon="-83.76684"/>
      <trkpt lat="37.58088" lon="-83.7669"/>
      <trkpt lat="37.58145" lon="-83.76706"/>
      <trkpt lat="37.58179" lon="-83.76714"/>
      <trkpt lat="37.5824" lon="-83.76731"/>
      <trkpt lat="37.58285" lon="-83.76745"/>
      <trkpt lat="37.5832" lon="-83.76759"/>
      <trkpt lat="37.58329" lon="-83.76764"/>
      <trkpt lat="37.58342" lon="-83.7677"/>
      <trkpt lat="37.58374" lon="-83.76789"/>
      <trkpt lat="37.58397" lon="-83.76805"/>
      <trkpt lat="37.58412" lon="-83.76816"/>
      <trkpt lat="37.58441" lon="-83.76841"/>
      <trkpt lat="37.58476" lon="-83.76871"/>
      <trkpt lat="37.5856" lon="-83.76946"/>
      <trkpt lat="37.58615" lon="-83.76994"/>
      <trkpt lat="37.58636" lon="-83.77013"/>
      <trkpt lat="37.58654" lon="-83.7703"/>
      <trkpt lat="37.58663" lon="-83.77041"/>
      <trkpt lat="37.58672" lon="-83.77052"/>
      <trkpt lat="37.58677" lon="-83.7706"/>
      <trkpt lat="37.5869" lon="-83.77085"/>
      <trkpt lat="37.58701" lon="-83.77112"/>
      <trkpt lat="37.5872" lon="-83.77169"/>
      <trkpt lat="37.58727" lon="-83.77187"/>
      <trkpt lat="37.58733" lon="-83.77201"/>
      <trkpt lat="37.58742" lon="-83.77219"/>
      <trkpt lat="37.58755" lon="-83.77239"/>
      <trkpt lat="37.58778" lon="-83.77273"/>
      <trkpt lat="37.58839" lon="-83.77351"/>
      <trkpt lat="37.58853" lon="-83.77372"/>
      <trkpt lat="37.58862" lon="-83.77385"/>
      <trkpt lat="37.5887" lon="-83.77398"/>
      <trkpt lat="37.58877" lon="-83.77412"/>
      <trkpt lat="37.58885" lon="-83.77432"/>
      <trkpt lat="37.58895" lon="-83.77459"/>
      <trkpt lat="37.58899" lon="-83.77476"/>
      <trkpt lat="37.58902" lon="-83.77494"/>
      <trkpt lat="37.58904" lon="-83.77514"/>
      <trkpt lat="37.58905" lon="-83.7753"/>
      <trkpt lat="37.58905" lon="-83.77548"/>
      <trkpt lat="37.58903" lon="-83.77573"/>
      <trkpt lat="37.58889" lon="-83.77679"/>
      <trkpt lat="37.58887" lon="-83.77698"/>
      <trkpt lat="37.58886" lon="-83.77716"/>
      <trkpt lat="37.58886" lon="-83.77734"/>
      <trkpt lat="37.58887" lon="-83.77746"/>
      <trkpt lat="37.58889" lon="-83.77764"/>
      <trkpt lat="37.58893" lon="-83.77782"/>
      <trkpt lat="37.58898" lon="-83.77805"/>
      <trkpt lat="37.58904" lon="-83.77822"/>
      <trkpt lat="37.58911" lon="-83.77839"/>
      <trkpt lat="37.58913" lon="-83.77843"/>
      <trkpt lat="37.58919" lon="-83.77855"/>
      <trkpt lat="37.58946" lon="-83.77909"/>
      <trkpt lat="37.5895" lon="-83.7792"/>
      <trkpt lat="37.58955" lon="-83.77936"/>
      <trkpt lat="37.58959" lon="-83.77954"/>
      <trkpt lat="37.58959" lon="-83.7796"/>
      <trkpt lat="37.5896" lon="-83.77977"/>
      <trkpt lat="37.5896" lon="-83.77988"/>
      <trkpt lat="37.58955" lon="-83.78039"/>
      <trkpt lat="37.58955" lon="-83.78057"/>
      <trkpt lat="37.58957" lon="-83.78074"/>
      <trkpt lat="37.58961" lon="-83.7809"/>
      <trkpt lat="37.58968" lon="-83.78104"/>
      <trkpt lat="37.58977" lon="-83.78117"/>
      <trkpt lat="37.58987" lon="-83.78128"/>
      <trkpt lat="37.58999" lon="-83.78138"/>
      <trkpt lat="37.59015" lon="-83.78148"/>
      <trkpt lat="37.59053" lon="-83.7817"/>
      <trkpt lat="37.59082" lon="-83.78186"/>
      <trkpt lat="37.591" lon="-83.78194"/>
      <trkpt lat="37.59114" lon="-83.78199"/>
      <trkpt lat="37.59128" lon="-83.78202"/>
      <trkpt lat="37.59138" lon="-83.78203"/>
      <trkpt lat="37.59152" lon="-83.78203"/>
      <trkpt lat="37.59167" lon="-83.78202"/>
      <trkpt lat="37.59182" lon="-83.78198"/>
      <trkpt lat="37.59197" lon="-83.78194"/>
      <trkpt lat="37.59216" lon="-83.78186"/>
      <trkpt lat="37.59229" lon="-83.7818"/>
      <trkpt lat="37.59309" lon="-83.78139"/>
      <trkpt lat="37.59335" lon="-83.78127"/>
      <trkpt lat="37.59348" lon="-83.78122"/>
      <trkpt lat="37.59362" lon="-83.78118"/>
      <trkpt lat="37.59376" lon="-83.78116"/>
      <trkpt lat="37.5939" lon="-83.78117"/>
      <trkpt lat="37.59403" lon="-83.78119"/>
      <trkpt lat="37.59417" lon="-83.78123"/>
      <trkpt lat="37.5943" lon="-83.78129"/>
      <trkpt lat="37.59443" lon="-83.78137"/>
      <trkpt lat="37.59454" lon="-83.78145"/>
      <trkpt lat="37.59461" lon="-83.78152"/>
      <trkpt lat="37.59497" lon="-83.78187"/>
      <trkpt lat="37.59529" lon="-83.78222"/>
      <trkpt lat="37.59549" lon="-83.78249"/>
      <trkpt lat="37.59558" lon="-83.78265"/>
      <trkpt lat="37.5957" lon="-83.7829"/>
      <trkpt lat="37.59589" lon="-83.78338"/>
      <trkpt lat="37.59598" lon="-83.78358"/>
      <trkpt lat="37.59607" lon="-83.78371"/>
      <trkpt lat="37.59611" lon="-83.78375"/>
      <trkpt lat="37.59626" lon="-83.78387"/>
      <trkpt lat="37.59641" lon="-83.78397"/>
      <trkpt lat="37.59665" lon="-83.78407"/>
      <trkpt lat="37.59677" lon="-83.78411"/>
      <trkpt lat="37.59697" lon="-83.78415"/>
      <trkpt lat="37.59717" lon="-83.78415"/>
      <trkpt lat="37.59732" lon="-83.78414"/>
      <trkpt lat="37.5979" lon="-83.78409"/>
      <trkpt lat="37.59808" lon="-83.78408"/>
      <trkpt lat="37.5983" lon="-83.7841"/>
      <trkpt lat="37.59843" lon="-83.78412"/>
      <trkpt lat="37.59852" lon="-83.78415"/>
      <trkpt lat="37.59861" lon="-83.78418"/>
      <trkpt lat="37.59873" lon="-83.78424"/>
      <trkpt lat="37.5989" lon="-83.78433"/>
      <trkpt lat="37.59906" lon="-83.78443"/>
      <trkpt lat="37.59936" lon="-83.78463"/>
      <trkpt lat="37.59969" lon="-83.78485"/>
      <trkpt lat="37.59981" lon="-83.78495"/>
      <trkpt lat="37.59993" lon="-83.78505"/>
      <trkpt lat="37.60003" lon="-83.78516"/>
      <trkpt lat="37.60012" lon="-83.78529"/>
      <trkpt lat="37.6002" lon="-83.78543"/>
      <trkpt lat="37.60029" lon="-83.78564"/>
      <trkpt lat="37.60033" lon="-83.78574"/>
      <trkpt lat="37.60036" lon="-83.78585"/>
      <trkpt lat="37.6004" lon="-83.78601"/>
      <trkpt lat="37.60042" lon="-83.78623"/>
      <trkpt lat="37.60042" lon="-83.78639"/>
      <trkpt lat="37.60039" lon="-83.78671"/>
      <trkpt lat="37.60039" lon="-83.78686"/>
      <trkpt lat="37.6004" lon="-83.78708"/>
      <trkpt lat="37.60042" lon="-83.78718"/>
      <trkpt lat="37.60044" lon="-83.78728"/>
      <trkpt lat="37.60046" lon="-83.78732"/>
      <trkpt lat="37.60052" lon="-83.78746"/>
      <trkpt lat="37.6006" lon="-83.78758"/>
      <trkpt lat="37.60068" lon="-83.78769"/>
      <trkpt lat="37.60077" lon="-83.78779"/>
      <trkpt lat="37.60096" lon="-83.78799"/>
      <trkpt lat="37.60113" lon="-83.78814"/>
      <trkpt lat="37.60128" lon="-83.78825"/>
      <trkpt lat="37.6015" lon="-83.78839"/>
      <trkpt lat="37.6017" lon="-83.78849"/>
      <trkpt lat="37.60187" lon="-83.78855"/>
      <trkpt lat="37.602" lon="-83.78857"/>
      <trkpt lat="37.60314" lon="-83.78871"/>
      <trkpt lat="37.60401" lon="-83.78883"/>
      <trkpt lat="37.60471" lon="-83.78892"/>
      <trkpt lat="37.6052" lon="-83.78897"/>
      <trkpt lat="37.60553" lon="-83.78902"/>
      <trkpt lat="37.60567" lon="-83.78906"/>
      <trkpt lat="37.6058" lon="-83.78911"/>
      <trkpt lat="37.60592" lon="-83.78917"/>
      <trkpt lat="37.60604" lon="-83.78924"/>
      <trkpt lat="37.60616" lon="-83.78933"/>
      <trkpt lat="37.60631" lon="-83.78947"/>
      <trkpt lat="37.60638" lon="-83.78955"/>
      <trkpt lat="37.60647" lon="-83.78967"/>
      <trkpt lat="37.60656" lon="-83.78981"/>
      <trkpt lat="37.60661" lon="-83.78991"/>
      <trkpt lat="37.6067" lon="-83.79011"/>
      <trkpt lat="37.60676" lon="-83.79027"/>
      <trkpt lat="37.6068" lon="-83.79044"/>
      <trkpt lat="37.60684" lon="-83.79062"/>
      <trkpt lat="37.6069" lon="-83.79096"/>
      <trkpt lat="37.60693" lon="-83.79114"/>
      <trkpt lat="37.60698" lon="-83.7913"/>
      <trkpt lat="37.60704" lon="-83.79146"/>
      <trkpt lat="37.60713" lon="-83.7916"/>
      <trkpt lat="37.60723" lon="-83.79172"/>
      <trkpt lat="37.60742" lon="-83.7919"/>
      <trkpt lat="37.6075" lon="-83.79196"/>
      <trkpt lat="37.60839" lon="-83.79236"/>
      <trkpt lat="37.60852" lon="-83.79244"/>
      <trkpt lat="37.60871" lon="-83.79257"/>
      <trkpt lat="37.60887" lon="-83.79271"/>
      <trkpt lat="37.60899" lon="-83.79285"/>
      <trkpt lat="37.60907" lon="-83.79296"/>
      <trkpt lat="37.60917" lon="-83.7931"/>
      <trkpt lat="37.60924" lon="-83.79324"/>
      <trkpt lat="37.60935" lon="-83.79342"/>
      <trkpt lat="37.6094" lon="-83.79352"/>
      <trkpt lat="37.60948" lon="-83.79363"/>
      <trkpt lat="37.60953" lon="-83.79369"/>
      <trkpt lat="37.60961" lon="-83.79376"/>
      <trkpt lat="37.60969" lon="-83.79383"/>
      <trkpt lat="37.60976" lon="-83.79389"/>
      <trkpt lat="37.60983" lon="-83.79392"/>
      <trkpt lat="37.60989" lon="-83.79395"/>
      <trkpt lat="37.61006" lon="-83.794"/>
      <trkpt lat="37.61017" lon="-83.79402"/>
      <trkpt lat="37.61025" lon="-83.79402"/>
      <trkpt lat="37.61039" lon="-83.79402"/>
      <trkpt lat="37.61056" lon="-83.79398"/>
      <trkpt lat="37.61062" lon="-83.7942"/>
      <trkpt lat="37.61068" lon="-83.79432"/>
      <trkpt lat="37.61072" lon="-83.79445"/>
      <trkpt lat="37.61074" lon="-83.79462"/>
      <trkpt lat="37.61069" lon="-83.795"/>
      <trkpt lat="37.61067" lon="-83.79509"/>
      <trkpt lat="37.61058" lon="-83.79538"/>
      <trkpt lat="37.61036" lon="-83.79571"/>
      <trkpt lat="37.61035" lon="-83.79576"/>
      <trkpt lat="37.6103" lon="-83.79588"/>
      <trkpt lat="37.61026" lon="-83.796"/>
      <trkpt lat="37.61022" lon="-83.79617"/>
      <trkpt lat="37.61018" lon="-83.79657"/>
      <trkpt lat="37.61018" lon="-83.79661"/>
      <trkpt lat="37.61022" lon="-83.79676"/>
      <trkpt lat="37.61031" lon="-83.79705"/>
      <trkpt lat="37.6104" lon="-83.79725"/>
      <trkpt lat="37.61056" lon="-83.7975"/>
      <trkpt lat="37.61078" lon="-83.79776"/>
      <trkpt lat="37.61095" lon="-83.79795"/>
      <trkpt lat="37.61116" lon="-83.79809"/>
      <trkpt lat="37.6114" lon="-83.7982"/>
      <trkpt lat="37.6116" lon="-83.79827"/>
      <trkpt lat="37.61177" lon="-83.7984"/>
      <trkpt lat="37.6121" lon="-83.79873"/>
      <trkpt lat="37.61233" lon="-83.79893"/>
      <trkpt lat="37.61253" lon="-83.79913"/>
      <trkpt lat="37.61283" lon="-83.79951"/>
      <trkpt lat="37.61288" lon="-83.79962"/>
      <trkpt lat="37.61293" lon="-83.79977"/>
      <trkpt lat="37.61294" lon="-83.79988"/>
      <trkpt lat="37.61294" lon="-83.80003"/>
      <trkpt lat="37.61292" lon="-83.80046"/>
      <trkpt lat="37.61291" lon="-83.80064"/>
      <trkpt lat="37.61281" lon="-83.80108"/>
      <trkpt lat="37.61269" lon="-83.8014"/>
      <trkpt lat="37.61255" lon="-83.8017"/>
      <trkpt lat="37.61246" lon="-83.80188"/>
      <trkpt lat="37.61238" lon="-83.80204"/>
      <trkpt lat="37.61228" lon="-83.80221"/>
      <trkpt lat="37.61242" lon="-83.80233"/>
      <trkpt lat="37.61256" lon="-83.80245"/>
      <trkpt lat="37.61271" lon="-83.80257"/>
      <trkpt lat="37.61284" lon="-83.80265"/>
      <trkpt lat="37.6131" lon="-83.80275"/>
      <trkpt lat="37.61354" lon="-83.80291"/>
      <trkpt lat="37.61363" lon="-83.80294"/>
      <trkpt lat="37.61368" lon="-83.80294"/>
      <trkpt lat="37.61439" lon="-83.80287"/>
      <trkpt lat="37.61464" lon="-83.80287"/>
      <trkpt lat="37.61488" lon="-83.80288"/>
      <trkpt lat="37.61511" lon="-83.80291"/>
      <trkpt lat="37.61561" lon="-83.80303"/>
      <trkpt lat="37.61578" lon="-83.80305"/>
      <trkpt lat="37.61596" lon="-83.80305"/>
      <trkpt lat="37.61612" lon="-83.80302"/>
      <trkpt lat="37.61634" lon="-83.803"/>
      <trkpt lat="37.61661" lon="-83.80307"/>
      <trkpt lat="37.61702" lon="-83.80313"/>
      <trkpt lat="37.6171" lon="-83.80313"/>
      <trkpt lat="37.61751" lon="-83.80301"/>
      <trkpt lat="37.61765" lon="-83.80302"/>
      <trkpt lat="37.61773" lon="-83.80304"/>
      <trkpt lat="37.61784" lon="-83.80308"/>
      <trkpt lat="37.61809" lon="-83.80318"/>
      <trkpt lat="37.61822" lon="-83.80326"/>
      <trkpt lat="37.6183" lon="-83.80333"/>
      <trkpt lat="37.61847" lon="-83.80354"/>
      <trkpt lat="37.61858" lon="-83.80372"/>
      <trkpt lat="37.61873" lon="-83.80393"/>
      <trkpt lat="37.61887" lon="-83.80408"/>
      <trkpt lat="37.61906" lon="-83.80427"/>
      <trkpt lat="37.6191" lon="-83.8043"/>
      <trkpt lat="37.6192" lon="-83.80433"/>
      <trkpt lat="37.61976" lon="-83.80442"/>
      <trkpt lat="37.61988" lon="-83.80446"/>
      <trkpt lat="37.62017" lon="-83.80463"/>
      <trkpt lat="37.62036" lon="-83.80477"/>
      <trkpt lat="37.62051" lon="-83.80486"/>
      <trkpt lat="37.62072" lon="-83.80503"/>
      <trkpt lat="37.62122" lon="-83.80555"/>
      <trkpt lat="37.62143" lon="-83.80579"/>
      <trkpt lat="37.62182" lon="-83.80617"/>
      <trkpt lat="37.62208" lon="-83.80649"/>
      <trkpt lat="37.62213" lon="-83.80656"/>
      <trkpt lat="37.62255" lon="-83.80702"/>
      <trkpt lat="37.62316" lon="-83.80773"/>
      <trkpt lat="37.62354" lon="-83.80809"/>
      <trkpt lat="37.62362" lon="-83.8082"/>
      <trkpt lat="37.62405" lon="-83.80889"/>
      <trkpt lat="37.62419" lon="-83.80904"/>
      <trkpt lat="37.62429" lon="-83.80913"/>
      <trkpt lat="37.6244" lon="-83.8092"/>
      <trkpt lat="37.6245" lon="-83.80925"/>
      <trkpt lat="37.62458" lon="-83.80927"/>
      <trkpt lat="37.62466" lon="-83.80927"/>
      <trkpt lat="37.62483" lon="-83.80919"/>
      <trkpt lat="37.62503" lon="-83.80908"/>
      <trkpt lat="37.62525" lon="-83.80885"/>
      <trkpt lat="37.62533" lon="-83.80882"/>
      <trkpt lat="37.62538" lon="-83.80882"/>
      <trkpt lat="37.62546" lon="-83.80887"/>
      <trkpt lat="37.62568" lon="-83.80912"/>
      <trkpt lat="37.62613" lon="-83.80952"/>
      <trkpt lat="37.62632" lon="-83.80961"/>
      <trkpt lat="37.62648" lon="-83.80966"/>
      <trkpt lat="37.62658" lon="-83.80971"/>
      <trkpt lat="37.62668" lon="-83.80978"/>
      <trkpt lat="37.62672" lon="-83.80982"/>
      <trkpt lat="37.62677" lon="-83.80993"/>
      <trkpt lat="37.62678" lon="-83.80998"/>
      <trkpt lat="37.62678" lon="-83.81011"/>
      <trkpt lat="37.62677" lon="-83.81023"/>
      <trkpt lat="37.62669" lon="-83.81062"/>
      <trkpt lat="37.62659" lon="-83.81095"/>
      <trkpt lat="37.62654" lon="-83.81112"/>
      <trkpt lat="37.6265" lon="-83.81153"/>
      <trkpt lat="37.62649" lon="-83.81177"/>
      <trkpt lat="37.62652" lon="-83.81208"/>
      <trkpt lat="37.62658" lon="-83.81234"/>
      <trkpt lat="37.62666" lon="-83.81254"/>
      <trkpt lat="37.62681" lon="-83.81283"/>
      <trkpt lat="37.62687" lon="-83.81299"/>
      <trkpt lat="37.62689" lon="-83.81308"/>
      <trkpt lat="37.6269" lon="-83.8132"/>
      <trkpt lat="37.62688" lon="-83.81338"/>
      <trkpt lat="37.62689" lon="-83.81349"/>
      <trkpt lat="37.62711" lon="-83.81346"/>
      <trkpt lat="37.62737" lon="-83.81349"/>
      <trkpt lat="37.62744" lon="-83.81351"/>
      <trkpt lat="37.62752" lon="-83.81355"/>
      <trkpt lat="37.62756" lon="-83.81363"/>
      <trkpt lat="37.62759" lon="-83.81375"/>
      <trkpt lat="37.62759" lon="-83.81399"/>
      <trkpt lat="37.6276" lon="-83.81407"/>
      <trkpt lat="37.62765" lon="-83.81418"/>
      <trkpt lat="37.62772" lon="-83.81428"/>
      <trkpt lat="37.62779" lon="-83.81437"/>
      <trkpt lat="37.62789" lon="-83.81444"/>
      <trkpt lat="37.628" lon="-83.81451"/>
      <trkpt lat="37.62805" lon="-83.81454"/>
      <trkpt lat="37.62811" lon="-83.81454"/>
      <trkpt lat="37.62822" lon="-83.81449"/>
      <trkpt lat="37.62846" lon="-83.8143"/>
      <trkpt lat="37.62867" lon="-83.81416"/>
      <trkpt lat="37.6289" lon="-83.81403"/>
      <trkpt lat="37.62922" lon="-83.81389"/>
      <trkpt lat="37.62963" lon="-83.81375"/>
      <trkpt lat="37.62985" lon="-83.81365"/>
      <trkpt lat="37.63005" lon="-83.81355"/>
      <trkpt lat="37.6303" lon="-83.81339"/>
      <trkpt lat="37.63047" lon="-83.81323"/>
      <trkpt lat="37.63064" lon="-83.81303"/>
      <trkpt lat="37.63097" lon="-83.81281"/>
      <trkpt lat="37.63112" lon="-83.81271"/>
      <trkpt lat="37.63115" lon="-83.81263"/>
      <trkpt lat="37.63115" lon="-83.81255"/>
      <trkpt lat="37.63112" lon="-83.81246"/>
      <trkpt lat="37.6311" lon="-83.81242"/>
      <trkpt lat="37.63093" lon="-83.81213"/>
      <trkpt lat="37.63087" lon="-83.81202"/>
      <trkpt lat="37.63082" lon="-83.81187"/>
      <trkpt lat="37.63074" lon="-83.81154"/>
      <trkpt lat="37.6307" lon="-83.81142"/>
      <trkpt lat="37.63063" lon="-83.8113"/>
      <trkpt lat="37.6305" lon="-83.81116"/>
      <trkpt lat="37.63034" lon="-83.81091"/>
      <trkpt lat="37.63028" lon="-83.81069"/>
      <trkpt lat="37.63026" lon="-83.81058"/>
      <trkpt lat="37.63028" lon="-83.81014"/>
      <trkpt lat="37.6303" lon="-83.81002"/>
      <trkpt lat="37.63035" lon="-83.80987"/>
      <trkpt lat="37.63044" lon="-83.80979"/>
      <trkpt lat="37.63057" lon="-83.80971"/>
      <trkpt lat="37.63084" lon="-83.80961"/>
      <trkpt lat="37.63113" lon="-83.80964"/>
      <trkpt lat="37.63149" lon="-83.80963"/>
      <trkpt lat="37.63165" lon="-83.80957"/>
      <trkpt lat="37.63178" lon="-83.80951"/>
      <trkpt lat="37.63203" lon="-83.80934"/>
      <trkpt lat="37.63214" lon="-83.80925"/>
      <trkpt lat="37.63218" lon="-83.8092"/>
      <trkpt lat="37.63225" lon="-83.80901"/>
      <trkpt lat="37.63225" lon="-83.80892"/>
      <trkpt lat="37.63223" lon="-83.8087"/>
      <trkpt lat="37.63217" lon="-83.80839"/>
      <trkpt lat="37.63206" lon="-83.808"/>
      <trkpt lat="37.63194" lon="-83.80768"/>
      <trkpt lat="37.63186" lon="-83.80748"/>
      <trkpt lat="37.63178" lon="-83.80733"/>
      <trkpt lat="37.63166" lon="-83.80717"/>
      <trkpt lat="37.63141" lon="-83.80687"/>
      <trkpt lat="37.63112" lon="-83.8065"/>
      <trkpt lat="37.63096" lon="-83.80628"/>
      <trkpt lat="37.63091" lon="-83.80622"/>
      <trkpt lat="37.63084" lon="-83.80604"/>
      <trkpt lat="37.63084" lon="-83.80598"/>
      <trkpt lat="37.63085" lon="-83.80592"/>
      <trkpt lat="37.63091" lon="-83.80578"/>
      <trkpt lat="37.63097" lon="-83.80573"/>
      <trkpt lat="37.63107" lon="-83.80567"/>
      <trkpt lat="37.63125" lon="-83.80559"/>
      <trkpt lat="37.63156" lon="-83.80551"/>
      <trkpt lat="37.6319" lon="-83.80538"/>
      <trkpt lat="37.63202" lon="-83.80533"/>
      <trkpt lat="37.63209" lon="-83.80528"/>
      <trkpt lat="37.63216" lon="-83.8052"/>
      <trkpt lat="37.63222" lon="-83.80507"/>
      <trkpt lat="37.63224" lon="-83.80499"/>
      <trkpt lat="37.63233" lon="-83.80459"/>
      <trkpt lat="37.63238" lon="-83.80447"/>
      <trkpt lat="37.63246" lon="-83.80435"/>
      <trkpt lat="37.63269" lon="-83.80415"/>
      <trkpt lat="37.63288" lon="-83.804"/>
      <trkpt lat="37.63292" lon="-83.80394"/>
      <trkpt lat="37.63303" lon="-83.80381"/>
      <trkpt lat="37.63308" lon="-83.80367"/>
      <trkpt lat="37.63311" lon="-83.80358"/>
      <trkpt lat="37.63315" lon="-83.8034"/>
      <trkpt lat="37.63317" lon="-83.8033"/>
      <trkpt lat="37.63319" lon="-83.80319"/>
      <trkpt lat="37.63321" lon="-83.80304"/>
      <trkpt lat="37.63323" lon="-83.80292"/>
      <trkpt lat="37.63326" lon="-83.80284"/>
      <trkpt lat="37.6333" lon="-83.80272"/>
      <trkpt lat="37.63338" lon="-83.80253"/>
      <trkpt lat="37.63343" lon="-83.80246"/>
      <trkpt lat="37.63352" lon="-83.80234"/>
      <trkpt lat="37.63357" lon="-83.80229"/>
      <trkpt lat="37.63367" lon="-83.80221"/>
      <trkpt lat="37.63374" lon="-83.80212"/>
      <trkpt lat="37.63382" lon="-83.80207"/>
      <trkpt lat="37.63388" lon="-83.80204"/>
      <trkpt lat="37.63395" lon="-83.80203"/>
      <trkpt lat="37.63401" lon="-83.80206"/>
      <trkpt lat="37.63404" lon="-83.80209"/>
      <trkpt lat="37.63405" lon="-83.80214"/>
      <trkpt lat="37.63406" lon="-83.80222"/>
      <trkpt lat="37.63407" lon="-83.80242"/>
      <trkpt lat="37.63411" lon="-83.80256"/>
      <trkpt lat="37.63415" lon="-83.80268"/>
      <trkpt lat="37.63419" lon="-83.80278"/>
      <trkpt lat="37.63432" lon="-83.80291"/>
      <trkpt lat="37.6345" lon="-83.80298"/>
      <trkpt lat="37.63464" lon="-83.803"/>
      <trkpt lat="37.63488" lon="-83.80301"/>
      <trkpt lat="37.63504" lon="-83.80303"/>
      <trkpt lat="37.63542" lon="-83.80306"/>
      <trkpt lat="37.63548" lon="-83.80306"/>
      <trkpt lat="37.63574" lon="-83.80307"/>
      <trkpt lat="37.63583" lon="-83.80306"/>
      <trkpt lat="37.63598" lon="-83.803"/>
      <trkpt lat="37.63609" lon="-83.8029"/>
      <trkpt lat="37.63614" lon="-83.80283"/>
      <trkpt lat="37.63619" lon="-83.80274"/>
      <trkpt lat="37.63635" lon="-83.80244"/>
      <trkpt lat="37.6365" lon="-83.80228"/>
      <trkpt lat="37.63658" lon="-83.80224"/>
      <trkpt lat="37.6367" lon="-83.80219"/>
      <trkpt lat="37.63689" lon="-83.80216"/>
      <trkpt lat="37.63701" lon="-83.8021"/>
      <trkpt lat="37.63706" lon="-83.80207"/>
      <trkpt lat="37.63713" lon="-83.802"/>
      <trkpt lat="37.63728" lon="-83.8018"/>
      <trkpt lat="37.63736" lon="-83.80173"/>
      <trkpt lat="37.63751" lon="-83.80162"/>
      <trkpt lat="37.63764" lon="-83.80158"/>
      <trkpt lat="37.63776" lon="-83.80156"/>
      <trkpt lat="37.63789" lon="-83.80154"/>
      <trkpt lat="37.6384" lon="-83.80151"/>
      <trkpt lat="37.63851" lon="-83.8015"/>
      <trkpt lat="37.63862" lon="-83.80147"/>
      <trkpt lat="37.63872" lon="-83.80143"/>
      <trkpt lat="37.63882" lon="-83.80137"/>
      <trkpt lat="37.63891" lon="-83.8013"/>
      <trkpt lat="37.63899" lon="-83.80121"/>
      <trkpt lat="37.63906" lon="-83.8011"/>
      <trkpt lat="37.63911" lon="-83.80098"/>
      <trkpt lat="37.63936" lon="-83.80038"/>
      <trkpt lat="37.63953" lon="-83.79994"/>
      <trkpt lat="37.63963" lon="-83.79962"/>
      <trkpt lat="37.63967" lon="-83.79948"/>
      <trkpt lat="37.63971" lon="-83.7993"/>
      <trkpt lat="37.63975" lon="-83.79908"/>
      <trkpt lat="37.63979" lon="-83.79877"/>
      <trkpt lat="37.6399" lon="-83.79791"/>
      <trkpt lat="37.63992" lon="-83.79777"/>
      <trkpt lat="37.64001" lon="-83.79699"/>
      <trkpt lat="37.64003" lon="-83.79672"/>
      <trkpt lat="37.64003" lon="-83.79655"/>
      <trkpt lat="37.64001" lon="-83.79625"/>
      <trkpt lat="37.63999" lon="-83.79608"/>
      <trkpt lat="37.63992" lon="-83.79556"/>
      <trkpt lat="37.63983" lon="-83.79479"/>
      <trkpt lat="37.6398" lon="-83.79457"/>
      <trkpt lat="37.63976" lon="-83.79424"/>
      <trkpt lat="37.63974" lon="-83.79408"/>
      <trkpt lat="37.63973" lon="-83.79381"/>
      <trkpt lat="37.63973" lon="-83.79362"/>
      <trkpt lat="37.63973" lon="-83.79327"/>
      <trkpt lat="37.63972" lon="-83.79311"/>
      <trkpt lat="37.63971" lon="-83.79295"/>
      <trkpt lat="37.63968" lon="-83.79277"/>
      <trkpt lat="37.63956" lon="-83.79225"/>
      <trkpt lat="37.63954" lon="-83.79212"/>
      <trkpt lat="37.63953" lon="-83.79199"/>
      <trkpt lat="37.63952" lon="-83.79158"/>
      <trkpt lat="37.6395" lon="-83.79149"/>
      <trkpt lat="37.63949" lon="-83.79145"/>
      <trkpt lat="37.63943" lon="-83.79136"/>
      <trkpt lat="37.63937" lon="-83.79132"/>
      <trkpt lat="37.6393" lon="-83.7913"/>
      <trkpt lat="37.63921" lon="-83.7913"/>
      <trkpt lat="37.6386" lon="-83.79132"/>
      <trkpt lat="37.63853" lon="-83.79132"/>
      <trkpt lat="37.63815" lon="-83.79132"/>
      <trkpt lat="37.63791" lon="-83.79133"/>
      <trkpt lat="37.63783" lon="-83.79132"/>
      <trkpt lat="37.63777" lon="-83.79131"/>
      <trkpt lat="37.63771" lon="-83.79127"/>
      <trkpt lat="37.63767" lon="-83.79121"/>
      <trkpt lat="37.63765" lon="-83.79115"/>
      <trkpt lat="37.63764" lon="-83.79106"/>
      <trkpt lat="37.63766" lon="-83.79093"/>
      <trkpt lat="37.63772" lon="-83.7907"/>
      <trkpt lat="37.63778" lon="-83.79052"/>
      <trkpt lat="37.6378" lon="-83.79044"/>
      <trkpt lat="37.63792" lon="-83.78997"/>
      <trkpt lat="37.63796" lon="-83.78968"/>
      <trkpt lat="37.63803" lon="-83.78921"/>
      <trkpt lat="37.63805" lon="-83.78907"/>
      <trkpt lat="37.63813" lon="-83.7885"/>
      <trkpt lat="37.63814" lon="-83.78836"/>
      <trkpt lat="37.63813" lon="-83.78828"/>
      <trkpt lat="37.63811" lon="-83.78821"/>
      <trkpt lat="37.63808" lon="-83.78815"/>
      <trkpt lat="37.63803" lon="-83.78811"/>
      <trkpt lat="37.63799" lon="-83.78808"/>
      <trkpt lat="37.63781" lon="-83.78801"/>
      <trkpt lat="37.63773" lon="-83.78798"/>
      <trkpt lat="37.63767" lon="-83.78793"/>
      <trkpt lat="37.63762" lon="-83.78786"/>
      <trkpt lat="37.63758" lon="-83.78777"/>
      <trkpt lat="37.63755" lon="-83.78767"/>
      <trkpt lat="37.63754" lon="-83.78743"/>
      <trkpt lat="37.63754" lon="-83.78734"/>
      <trkpt lat="37.63755" lon="-83.78724"/>
      <trkpt lat="37.63759" lon="-83.78705"/>
      <trkpt lat="37.63764" lon="-83.78696"/>
      <trkpt lat="37.63775" lon="-83.78679"/>
      <trkpt lat="37.63781" lon="-83.78664"/>
      <trkpt lat="37.63782" lon="-83.78651"/>
      <trkpt lat="37.63783" lon="-83.78634"/>
      <trkpt lat="37.63781" lon="-83.78585"/>
      <trkpt lat="37.63777" lon="-83.78544"/>
      <trkpt lat="37.63774" lon="-83.78525"/>
      <trkpt lat="37.63773" lon="-83.78515"/>
      <trkpt lat="37.63768" lon="-83.78456"/>
      <trkpt lat="37.63767" lon="-83.78443"/>
      <trkpt lat="37.63764" lon="-83.78427"/>
      <trkpt lat="37.63755" lon="-83.78404"/>
      <trkpt lat="37.6374" lon="-83.78389"/>
      <trkpt lat="37.63729" lon="-83.78382"/>
      <trkpt lat="37.6372" lon="-83.78378"/>
      <trkpt lat="37.63711" lon="-83.78378"/>
      <trkpt lat="37.63703" lon="-83.78378"/>
      <trkpt lat="37.63691" lon="-83.78383"/>
      <trkpt lat="37.63682" lon="-83.78389"/>
      <trkpt lat="37.63667" lon="-83.78403"/>
      <trkpt lat="37.63648" lon="-83.78424"/>
      <trkpt lat="37.63636" lon="-83.78437"/>
      <trkpt lat="37.63629" lon="-83.78439"/>
      <trkpt lat="37.63621" lon="-83.78439"/>
      <trkpt lat="37.63614" lon="-83.78434"/>
      <trkpt lat="37.63609" lon="-83.78429"/>
      <trkpt lat="37.63607" lon="-83.78426"/>
      <trkpt lat="37.63605" lon="-83.78421"/>
      <trkpt lat="37.63605" lon="-83.78415"/>
      <trkpt lat="37.63605" lon="-83.78411"/>
      <trkpt lat="37.6361" lon="-83.78378"/>
      <trkpt lat="37.63613" lon="-83.78368"/>
      <trkpt lat="37.63626" lon="-83.78331"/>
      <trkpt lat="37.63646" lon="-83.78289"/>
      <trkpt lat="37.63656" lon="-83.78264"/>
      <trkpt lat="37.63659" lon="-83.78253"/>
      <trkpt lat="37.63661" lon="-83.7824"/>
      <trkpt lat="37.63662" lon="-83.78229"/>
      <trkpt lat="37.63661" lon="-83.78219"/>
      <trkpt lat="37.63658" lon="-83.78207"/>
      <trkpt lat="37.63653" lon="-83.7819"/>
      <trkpt lat="37.63649" lon="-83.78178"/>
      <trkpt lat="37.63614" lon="-83.78086"/>
      <trkpt lat="37.63608" lon="-83.78072"/>
      <trkpt lat="37.63602" lon="-83.78059"/>
      <trkpt lat="37.63575" lon="-83.78009"/>
      <trkpt lat="37.63556" lon="-83.77968"/>
      <trkpt lat="37.63545" lon="-83.77948"/>
      <trkpt lat="37.63538" lon="-83.77937"/>
      <trkpt lat="37.63509" lon="-83.77899"/>
      <trkpt lat="37.63504" lon="-83.77891"/>
      <trkpt lat="37.635" lon="-83.77882"/>
      <trkpt lat="37.63497" lon="-83.77873"/>
      <trkpt lat="37.63496" lon="-83.77869"/>
      <trkpt lat="37.63494" lon="-83.7786"/>
      <trkpt lat="37.63493" lon="-83.77845"/>
      <trkpt lat="37.63492" lon="-83.77839"/>
      <trkpt lat="37.63493" lon="-83.77826"/>
      <trkpt lat="37.63492" lon="-83.77817"/>
      <trkpt lat="37.63491" lon="-83.77805"/>
      <trkpt lat="37.6349" lon="-83.7779"/>
      <trkpt lat="37.63489" lon="-83.7777"/>
      <trkpt lat="37.63486" lon="-83.77753"/>
      <trkpt lat="37.63484" lon="-83.77739"/>
      <trkpt lat="37.63478" lon="-83.77719"/>
      <trkpt lat="37.63473" lon="-83.77704"/>
      <trkpt lat="37.63471" lon="-83.777"/>
      <trkpt lat="37.63467" lon="-83.77691"/>
      <trkpt lat="37.63458" lon="-83.77671"/>
      <trkpt lat="37.63448" lon="-83.77655"/>
      <trkpt lat="37.63417" lon="-83.77613"/>
      <trkpt lat="37.63396" lon="-83.77588"/>
      <trkpt lat="37.63384" lon="-83.77573"/>
      <trkpt lat="37.63365" lon="-83.77542"/>
      <trkpt lat="37.63349" lon="-83.77514"/>
      <trkpt lat="37.63332" lon="-83.77483"/>
      <trkpt lat="37.63324" lon="-83.77467"/>
      <trkpt lat="37.63317" lon="-83.77451"/>
      <trkpt lat="37.63311" lon="-83.77431"/>
      <trkpt lat="37.63307" lon="-83.77413"/>
      <trkpt lat="37.63298" lon="-83.77346"/>
      <trkpt lat="37.63295" lon="-83.77327"/>
      <trkpt lat="37.63294" lon="-83.77324"/>
      <trkpt lat="37.63291" lon="-83.77312"/>
      <trkpt lat="37.63285" lon="-83.77295"/>
      <trkpt lat="37.63266" lon="-83.77258"/>
      <trkpt lat="37.63245" lon="-83.77224"/>
      <trkpt lat="37.63218" lon="-83.77182"/>
      <trkpt lat="37.63202" lon="-83.77155"/>
      <trkpt lat="37.63178" lon="-83.77111"/>
      <trkpt lat="37.63168" lon="-83.77097"/>
      <trkpt lat="37.63159" lon="-83.77085"/>
      <trkpt lat="37.63148" lon="-83.77074"/>
      <trkpt lat="37.63137" lon="-83.77065"/>
      <trkpt lat="37.6313" lon="-83.77061"/>
      <trkpt lat="37.63119" lon="-83.77055"/>
      <trkpt lat="37.63112" lon="-83.77053"/>
      <trkpt lat="37.63098" lon="-83.77052"/>
      <trkpt lat="37.63086" lon="-83.77056"/>
      <trkpt lat="37.63067" lon="-83.77064"/>
      <trkpt lat="37.63055" lon="-83.7707"/>
      <trkpt lat="37.63046" lon="-83.77073"/>
      <trkpt lat="37.63037" lon="-83.77074"/>
      <trkpt lat="37.63033" lon="-83.77074"/>
      <trkpt lat="37.63027" lon="-83.77071"/>
      <trkpt lat="37.63022" lon="-83.77067"/>
      <trkpt lat="37.63019" lon="-83.77062"/>
      <trkpt lat="37.63017" lon="-83.77057"/>
      <trkpt lat="37.63017" lon="-83.77051"/>
      <trkpt lat="37.63018" lon="-83.77045"/>
      <trkpt lat="37.63021" lon="-83.7703"/>
      <trkpt lat="37.6303" lon="-83.77007"/>
      <trkpt lat="37.63032" lon="-83.76994"/>
      <trkpt lat="37.63032" lon="-83.76987"/>
      <trkpt lat="37.63031" lon="-83.76978"/>
      <trkpt lat="37.63028" lon="-83.76972"/>
      <trkpt lat="37.63024" lon="-83.76965"/>
      <trkpt lat="37.63018" lon="-83.76959"/>
      <trkpt lat="37.63011" lon="-83.76953"/>
      <trkpt lat="37.62994" lon="-83.76942"/>
      <trkpt lat="37.62985" lon="-83.76937"/>
      <trkpt lat="37.6296" lon="-83.76926"/>
      <trkpt lat="37.62949" lon="-83.76922"/>
      <trkpt lat="37.62937" lon="-83.7692"/>
      <trkpt lat="37.62925" lon="-83.76919"/>
      <trkpt lat="37.62908" lon="-83.76921"/>
      <trkpt lat="37.62876" lon="-83.76931"/>
      <trkpt lat="37.6284" lon="-83.76943"/>
      <trkpt lat="37.62827" lon="-83.76947"/>
      <trkpt lat="37.62815" lon="-83.7695"/>
      <trkpt lat="37.6278" lon="-83.76956"/>
      <trkpt lat="37.62765" lon="-83.76959"/>
      <trkpt lat="37.62753" lon="-83.76963"/>
      <trkpt lat="37.62742" lon="-83.7697"/>
      <trkpt lat="37.62712" lon="-83.76991"/>
      <trkpt lat="37.62703" lon="-83.76997"/>
      <trkpt lat="37.62691" lon="-83.77003"/>
      <trkpt lat="37.62684" lon="-83.77004"/>
      <trkpt lat="37.62679" lon="-83.77004"/>
      <trkpt lat="37.62672" lon="-83.77003"/>
      <trkpt lat="37.62665" lon="-83.77"/>
      <trkpt lat="37.62661" lon="-83.76997"/>
      <trkpt lat="37.62651" lon="-83.76989"/>
      <trkpt lat="37.62631" lon="-83.7696"/>
      <trkpt lat="37.62625" lon="-83.76954"/>
      <trkpt lat="37.62621" lon="-83.7695"/>
      <trkpt lat="37.62617" lon="-83.76947"/>
      <trkpt lat="37.62611" lon="-83.76946"/>
      <trkpt lat="37.62604" lon="-83.76946"/>
      <trkpt lat="37.62594" lon="-83.76947"/>
      <trkpt lat="37.62561" lon="-83.76961"/>
      <trkpt lat="37.62523" lon="-83.76974"/>
      <trkpt lat="37.62516" lon="-83.76975"/>
      <trkpt lat="37.62504" lon="-83.76977"/>
      <trkpt lat="37.62497" lon="-83.76977"/>
      <trkpt lat="37.62469" lon="-83.76977"/>
      <trkpt lat="37.62462" lon="-83.76979"/>
      <trkpt lat="37.62458" lon="-83.76981"/>
      <trkpt lat="37.62447" lon="-83.76988"/>
      <trkpt lat="37.62441" lon="-83.76992"/>
      <trkpt lat="37.62434" lon="-83.77"/>
      <trkpt lat="37.62429" lon="-83.77006"/>
      <trkpt lat="37.6241" lon="-83.7704"/>
      <trkpt lat="37.62403" lon="-83.77048"/>
      <trkpt lat="37.62396" lon="-83.77053"/>
      <trkpt lat="37.62387" lon="-83.77053"/>
      <trkpt lat="37.6238" lon="-83.77049"/>
      <trkpt lat="37.62375" lon="-83.77043"/>
      <trkpt lat="37.62371" lon="-83.77034"/>
      <trkpt lat="37.62369" lon="-83.77023"/>
      <trkpt lat="37.62364" lon="-83.76984"/>
      <trkpt lat="37.62361" lon="-83.76968"/>
      <trkpt lat="37.62358" lon="-83.76956"/>
      <trkpt lat="37.62351" lon="-83.76927"/>
      <trkpt lat="37.62347" lon="-83.76912"/>
      <trkpt lat="37.62343" lon="-83.76894"/>
      <trkpt lat="37.62341" lon="-83.76875"/>
      <trkpt lat="37.62337" lon="-83.76825"/>
    </trkseg>
  </trk>
</gpx>
