<?xml version="1.0" encoding="UTF-8"?>
<gpx xmlns="http://www.topografix.com/GPX/1/1" xmlns:xsi="http://www.w3.org/2001/XMLSchema-instance" creator="REVER https://a.rever.co" version="1.1" xsi:schemaLocation="http://www.topografix.com/GPX/1/1 http://www.topografix.com/GPX/1/1/gpx.xsd">
  <metadata>
    <name>ADV Advanced DBBB Classic RRS25</name>
    <author>
      <name>Drew Faulkner</name>
    </author>
    <link href="https://a.rever.co/embed/"/>
  </metadata>
  <wpt lat="37.61948" lon="-83.77665">
    <name>37.619483, -83.776653</name>
  </wpt>
  <wpt lat="37.62463" lon="-83.77555">
    <name>37.624627, -83.775548</name>
  </wpt>
  <trk>
    <name>ADV Advanced DBBB Classic RRS25</name>
    <link href="https://a.rever.co/embed/"/>
    <type>Ride</type>
    <trkseg>
      <trkpt lat="37.61948" lon="-83.77665"/>
      <trkpt lat="37.61976" lon="-83.77665"/>
      <trkpt lat="37.62021" lon="-83.77631"/>
      <trkpt lat="37.62038" lon="-83.77627"/>
      <trkpt lat="37.62077" lon="-83.7764"/>
      <trkpt lat="37.62118" lon="-83.77676"/>
      <trkpt lat="37.62139" lon="-83.77678"/>
      <trkpt lat="37.62159" lon="-83.77663"/>
      <trkpt lat="37.62182" lon="-83.77655"/>
      <trkpt lat="37.62202" lon="-83.77657"/>
      <trkpt lat="37.62242" lon="-83.77682"/>
      <trkpt lat="37.62264" lon="-83.77689"/>
      <trkpt lat="37.62412" lon="-83.77622"/>
      <trkpt lat="37.62433" lon="-83.77616"/>
      <trkpt lat="37.62444" lon="-83.7762"/>
      <trkpt lat="37.62347" lon="-83.77674"/>
      <trkpt lat="37.62337" lon="-83.777"/>
      <trkpt lat="37.62335" lon="-83.77717"/>
      <trkpt lat="37.62335" lon="-83.77732"/>
      <trkpt lat="37.62347" lon="-83.77755"/>
      <trkpt lat="37.62369" lon="-83.77768"/>
      <trkpt lat="37.62418" lon="-83.77781"/>
      <trkpt lat="37.62438" lon="-83.77805"/>
      <trkpt lat="37.6244" lon="-83.77839"/>
      <trkpt lat="37.6242" lon="-83.77888"/>
      <trkpt lat="37.62287" lon="-83.78148"/>
      <trkpt lat="37.62275" lon="-83.78206"/>
      <trkpt lat="37.62279" lon="-83.7826"/>
      <trkpt lat="37.62298" lon="-83.78315"/>
      <trkpt lat="37.62328" lon="-83.78354"/>
      <trkpt lat="37.62354" lon="-83.78371"/>
      <trkpt lat="37.62408" lon="-83.78397"/>
      <trkpt lat="37.62446" lon="-83.78431"/>
      <trkpt lat="37.62463" lon="-83.78464"/>
      <trkpt lat="37.62483" lon="-83.78528"/>
      <trkpt lat="37.62519" lon="-83.78582"/>
      <trkpt lat="37.6256" lon="-83.78618"/>
      <trkpt lat="37.62599" lon="-83.78663"/>
      <trkpt lat="37.62618" lon="-83.7871"/>
      <trkpt lat="37.62622" lon="-83.78749"/>
      <trkpt lat="37.62618" lon="-83.7879"/>
      <trkpt lat="37.62607" lon="-83.78818"/>
      <trkpt lat="37.6259" lon="-83.78845"/>
      <trkpt lat="37.62562" lon="-83.78873"/>
      <trkpt lat="37.62465" lon="-83.78921"/>
      <trkpt lat="37.62442" lon="-83.78944"/>
      <trkpt lat="37.6242" lon="-83.78972"/>
      <trkpt lat="37.62388" lon="-83.79041"/>
      <trkpt lat="37.62362" lon="-83.79107"/>
      <trkpt lat="37.6235" lon="-83.79159"/>
      <trkpt lat="37.62343" lon="-83.79202"/>
      <trkpt lat="37.62341" lon="-83.79275"/>
      <trkpt lat="37.62332" lon="-83.79324"/>
      <trkpt lat="37.62315" lon="-83.79354"/>
      <trkpt lat="37.62259" lon="-83.79436"/>
      <trkpt lat="37.62234" lon="-83.79515"/>
      <trkpt lat="37.62221" lon="-83.79541"/>
      <trkpt lat="37.62204" lon="-83.79558"/>
      <trkpt lat="37.62178" lon="-83.79573"/>
      <trkpt lat="37.62139" lon="-83.79569"/>
      <trkpt lat="37.62045" lon="-83.79519"/>
      <trkpt lat="37.61996" lon="-83.79502"/>
      <trkpt lat="37.61963" lon="-83.79498"/>
      <trkpt lat="37.6189" lon="-83.79502"/>
      <trkpt lat="37.61839" lon="-83.79491"/>
      <trkpt lat="37.61635" lon="-83.79367"/>
      <trkpt lat="37.61534" lon="-83.79275"/>
      <trkpt lat="37.61502" lon="-83.7926"/>
      <trkpt lat="37.61455" lon="-83.79264"/>
      <trkpt lat="37.61405" lon="-83.79296"/>
      <trkpt lat="37.61405" lon="-83.79296"/>
      <trkpt lat="37.61371" lon="-83.79318"/>
      <trkpt lat="37.61341" lon="-83.7933"/>
      <trkpt lat="37.61317" lon="-83.79333"/>
      <trkpt lat="37.61238" lon="-83.79322"/>
      <trkpt lat="37.61199" lon="-83.79322"/>
      <trkpt lat="37.61159" lon="-83.79337"/>
      <trkpt lat="37.61088" lon="-83.79384"/>
      <trkpt lat="37.61056" lon="-83.79399"/>
      <trkpt lat="37.61026" lon="-83.79403"/>
      <trkpt lat="37.61006" lon="-83.79399"/>
      <trkpt lat="37.60983" lon="-83.79393"/>
      <trkpt lat="37.60961" lon="-83.79375"/>
      <trkpt lat="37.60925" lon="-83.79324"/>
      <trkpt lat="37.60899" lon="-83.79285"/>
      <trkpt lat="37.60871" lon="-83.79257"/>
      <trkpt lat="37.60839" lon="-83.79236"/>
      <trkpt lat="37.60751" lon="-83.79195"/>
      <trkpt lat="37.60712" lon="-83.79161"/>
      <trkpt lat="37.60693" lon="-83.79114"/>
      <trkpt lat="37.60669" lon="-83.79011"/>
      <trkpt lat="37.60637" lon="-83.78955"/>
      <trkpt lat="37.60605" lon="-83.78925"/>
      <trkpt lat="37.60554" lon="-83.78901"/>
      <trkpt lat="37.60187" lon="-83.78854"/>
      <trkpt lat="37.6015" lon="-83.78839"/>
      <trkpt lat="37.60114" lon="-83.78813"/>
      <trkpt lat="37.60077" lon="-83.78779"/>
      <trkpt lat="37.60051" lon="-83.78747"/>
      <trkpt lat="37.60041" lon="-83.78708"/>
      <trkpt lat="37.60041" lon="-83.78622"/>
      <trkpt lat="37.60034" lon="-83.78575"/>
      <trkpt lat="37.60013" lon="-83.78528"/>
      <trkpt lat="37.59994" lon="-83.78504"/>
      <trkpt lat="37.5997" lon="-83.78485"/>
      <trkpt lat="37.59891" lon="-83.78433"/>
      <trkpt lat="37.59852" lon="-83.78414"/>
      <trkpt lat="37.59809" lon="-83.78408"/>
      <trkpt lat="37.59697" lon="-83.78414"/>
      <trkpt lat="37.59665" lon="-83.78408"/>
      <trkpt lat="37.59627" lon="-83.78386"/>
      <trkpt lat="37.59599" lon="-83.78358"/>
      <trkpt lat="37.59558" lon="-83.78264"/>
      <trkpt lat="37.5953" lon="-83.78221"/>
      <trkpt lat="37.59455" lon="-83.78146"/>
      <trkpt lat="37.59416" lon="-83.78122"/>
      <trkpt lat="37.59391" lon="-83.78116"/>
      <trkpt lat="37.59348" lon="-83.78122"/>
      <trkpt lat="37.59215" lon="-83.78187"/>
      <trkpt lat="37.59152" lon="-83.78204"/>
      <trkpt lat="37.59101" lon="-83.78193"/>
      <trkpt lat="37.58987" lon="-83.78129"/>
      <trkpt lat="37.58968" lon="-83.78105"/>
      <trkpt lat="37.58957" lon="-83.78073"/>
      <trkpt lat="37.58959" lon="-83.77976"/>
      <trkpt lat="37.58955" lon="-83.77936"/>
      <trkpt lat="37.58904" lon="-83.77822"/>
      <trkpt lat="37.58886" lon="-83.77747"/>
      <trkpt lat="37.58888" lon="-83.77697"/>
      <trkpt lat="37.58904" lon="-83.77573"/>
      <trkpt lat="37.58904" lon="-83.77513"/>
      <trkpt lat="37.58895" lon="-83.77459"/>
      <trkpt lat="37.58878" lon="-83.77412"/>
      <trkpt lat="37.58854" lon="-83.77371"/>
      <trkpt lat="37.58777" lon="-83.77273"/>
      <trkpt lat="37.58743" lon="-83.77219"/>
      <trkpt lat="37.58691" lon="-83.77086"/>
      <trkpt lat="37.58672" lon="-83.77052"/>
      <trkpt lat="37.58637" lon="-83.77013"/>
      <trkpt lat="37.58412" lon="-83.76816"/>
      <trkpt lat="37.5832" lon="-83.7676"/>
      <trkpt lat="37.5824" lon="-83.76732"/>
      <trkpt lat="37.58073" lon="-83.76685"/>
      <trkpt lat="37.58011" lon="-83.7665"/>
      <trkpt lat="37.5794" lon="-83.76605"/>
      <trkpt lat="37.57914" lon="-83.76577"/>
      <trkpt lat="37.57893" lon="-83.76545"/>
      <trkpt lat="37.57878" lon="-83.76509"/>
      <trkpt lat="37.57843" lon="-83.76378"/>
      <trkpt lat="37.57794" lon="-83.76292"/>
      <trkpt lat="37.57764" lon="-83.76262"/>
      <trkpt lat="37.57738" lon="-83.76247"/>
      <trkpt lat="37.57702" lon="-83.7624"/>
      <trkpt lat="37.57665" lon="-83.76243"/>
      <trkpt lat="37.57638" lon="-83.76208"/>
      <trkpt lat="37.57586" lon="-83.7617"/>
      <trkpt lat="37.57582" lon="-83.76157"/>
      <trkpt lat="37.57567" lon="-83.7608"/>
      <trkpt lat="37.57567" lon="-83.76043"/>
      <trkpt lat="37.57573" lon="-83.75994"/>
      <trkpt lat="37.5759" lon="-83.75938"/>
      <trkpt lat="37.5759" lon="-83.75895"/>
      <trkpt lat="37.57586" lon="-83.75863"/>
      <trkpt lat="37.57558" lon="-83.75777"/>
      <trkpt lat="37.57545" lon="-83.75614"/>
      <trkpt lat="37.57481" lon="-83.75573"/>
      <trkpt lat="37.57456" lon="-83.75543"/>
      <trkpt lat="37.57427" lon="-83.75509"/>
      <trkpt lat="37.57393" lon="-83.75457"/>
      <trkpt lat="37.57354" lon="-83.75436"/>
      <trkpt lat="37.57268" lon="-83.7541"/>
      <trkpt lat="37.57258" lon="-83.75401"/>
      <trkpt lat="37.57249" lon="-83.75378"/>
      <trkpt lat="37.57253" lon="-83.75363"/>
      <trkpt lat="37.57264" lon="-83.75359"/>
      <trkpt lat="37.57292" lon="-83.75359"/>
      <trkpt lat="37.57324" lon="-83.75346"/>
      <trkpt lat="37.57356" lon="-83.7535"/>
      <trkpt lat="37.57374" lon="-83.75361"/>
      <trkpt lat="37.57451" lon="-83.75438"/>
      <trkpt lat="37.57481" lon="-83.75451"/>
      <trkpt lat="37.5755" lon="-83.75453"/>
      <trkpt lat="37.57573" lon="-83.75459"/>
      <trkpt lat="37.57633" lon="-83.75489"/>
      <trkpt lat="37.57659" lon="-83.75494"/>
      <trkpt lat="37.57676" lon="-83.75502"/>
      <trkpt lat="37.57685" lon="-83.75498"/>
      <trkpt lat="37.57689" lon="-83.75485"/>
      <trkpt lat="37.5768" lon="-83.75472"/>
      <trkpt lat="37.57631" lon="-83.75434"/>
      <trkpt lat="37.57616" lon="-83.75417"/>
      <trkpt lat="37.57588" lon="-83.75359"/>
      <trkpt lat="37.57535" lon="-83.75322"/>
      <trkpt lat="37.57481" lon="-83.75273"/>
      <trkpt lat="37.57447" lon="-83.75219"/>
      <trkpt lat="37.57427" lon="-83.75165"/>
      <trkpt lat="37.57414" lon="-83.75163"/>
      <trkpt lat="37.57384" lon="-83.75174"/>
      <trkpt lat="37.57363" lon="-83.75176"/>
      <trkpt lat="37.57204" lon="-83.75114"/>
      <trkpt lat="37.57183" lon="-83.75102"/>
      <trkpt lat="37.57174" lon="-83.75097"/>
      <trkpt lat="37.57157" lon="-83.75095"/>
      <trkpt lat="37.57123" lon="-83.75105"/>
      <trkpt lat="37.57075" lon="-83.75133"/>
      <trkpt lat="37.57024" lon="-83.75144"/>
      <trkpt lat="37.56989" lon="-83.75142"/>
      <trkpt lat="37.56917" lon="-83.75101"/>
      <trkpt lat="37.56781" lon="-83.75043"/>
      <trkpt lat="37.56775" lon="-83.75028"/>
      <trkpt lat="37.56768" lon="-83.74996"/>
      <trkpt lat="37.5676" lon="-83.7499"/>
      <trkpt lat="37.56648" lon="-83.74957"/>
      <trkpt lat="37.56547" lon="-83.74893"/>
      <trkpt lat="37.56498" lon="-83.74874"/>
      <trkpt lat="37.56395" lon="-83.74852"/>
      <trkpt lat="37.56387" lon="-83.74837"/>
      <trkpt lat="37.56391" lon="-83.74796"/>
      <trkpt lat="37.56382" lon="-83.74784"/>
      <trkpt lat="37.56354" lon="-83.74788"/>
      <trkpt lat="37.56288" lon="-83.74816"/>
      <trkpt lat="37.56273" lon="-83.74818"/>
      <trkpt lat="37.56236" lon="-83.74809"/>
      <trkpt lat="37.56211" lon="-83.7479"/>
      <trkpt lat="37.56142" lon="-83.74775"/>
      <trkpt lat="37.56065" lon="-83.74736"/>
      <trkpt lat="37.55981" lon="-83.74704"/>
      <trkpt lat="37.55965" lon="-83.74688"/>
      <trkpt lat="37.55958" lon="-83.747"/>
      <trkpt lat="37.55965" lon="-83.74688"/>
      <trkpt lat="37.55908" lon="-83.74631"/>
      <trkpt lat="37.5585" lon="-83.74498"/>
      <trkpt lat="37.55844" lon="-83.74457"/>
      <trkpt lat="37.55854" lon="-83.74378"/>
      <trkpt lat="37.55848" lon="-83.74344"/>
      <trkpt lat="37.55829" lon="-83.74311"/>
      <trkpt lat="37.55784" lon="-83.74281"/>
      <trkpt lat="37.55754" lon="-83.74172"/>
      <trkpt lat="37.55741" lon="-83.74095"/>
      <trkpt lat="37.55743" lon="-83.74032"/>
      <trkpt lat="37.55754" lon="-83.7399"/>
      <trkpt lat="37.55779" lon="-83.73955"/>
      <trkpt lat="37.55796" lon="-83.73927"/>
      <trkpt lat="37.55835" lon="-83.73788"/>
      <trkpt lat="37.55837" lon="-83.73779"/>
      <trkpt lat="37.55887" lon="-83.73651"/>
      <trkpt lat="37.55906" lon="-83.73601"/>
      <trkpt lat="37.55934" lon="-83.73481"/>
      <trkpt lat="37.55996" lon="-83.73329"/>
      <trkpt lat="37.56045" lon="-83.73279"/>
      <trkpt lat="37.56065" lon="-83.73224"/>
      <trkpt lat="37.56086" lon="-83.73187"/>
      <trkpt lat="37.56129" lon="-83.73146"/>
      <trkpt lat="37.5615" lon="-83.73067"/>
      <trkpt lat="37.56161" lon="-83.73054"/>
      <trkpt lat="37.56176" lon="-83.7305"/>
      <trkpt lat="37.56245" lon="-83.73067"/>
      <trkpt lat="37.56316" lon="-83.73093"/>
      <trkpt lat="37.56326" lon="-83.73086"/>
      <trkpt lat="37.56329" lon="-83.73065"/>
      <trkpt lat="37.56294" lon="-83.73007"/>
      <trkpt lat="37.56275" lon="-83.7293"/>
      <trkpt lat="37.56275" lon="-83.72902"/>
      <trkpt lat="37.56286" lon="-83.72887"/>
      <trkpt lat="37.56431" lon="-83.7281"/>
      <trkpt lat="37.56286" lon="-83.72887"/>
      <trkpt lat="37.56444" lon="-83.72803"/>
      <trkpt lat="37.56663" lon="-83.72779"/>
      <trkpt lat="37.56906" lon="-83.72792"/>
      <trkpt lat="37.57" lon="-83.72773"/>
      <trkpt lat="37.57056" lon="-83.72754"/>
      <trkpt lat="37.57172" lon="-83.72698"/>
      <trkpt lat="37.5721" lon="-83.72672"/>
      <trkpt lat="37.57362" lon="-83.72546"/>
      <trkpt lat="37.57366" lon="-83.72555"/>
      <trkpt lat="37.57362" lon="-83.72546"/>
      <trkpt lat="37.57365" lon="-83.72543"/>
      <trkpt lat="37.57408" lon="-83.72483"/>
      <trkpt lat="37.57427" lon="-83.72468"/>
      <trkpt lat="37.57442" lon="-83.72468"/>
      <trkpt lat="37.57489" lon="-83.72496"/>
      <trkpt lat="37.57511" lon="-83.72498"/>
      <trkpt lat="37.57732" lon="-83.72445"/>
      <trkpt lat="37.57833" lon="-83.72412"/>
      <trkpt lat="37.57878" lon="-83.72385"/>
      <trkpt lat="37.57912" lon="-83.72348"/>
      <trkpt lat="37.57925" lon="-83.72284"/>
      <trkpt lat="37.57944" lon="-83.72236"/>
      <trkpt lat="37.57955" lon="-83.72215"/>
      <trkpt lat="37.5794" lon="-83.72198"/>
      <trkpt lat="37.57929" lon="-83.7217"/>
      <trkpt lat="37.57927" lon="-83.7214"/>
      <trkpt lat="37.57944" lon="-83.7205"/>
      <trkpt lat="37.57949" lon="-83.72022"/>
      <trkpt lat="37.57953" lon="-83.71983"/>
      <trkpt lat="37.57946" lon="-83.7194"/>
      <trkpt lat="37.57863" lon="-83.71612"/>
      <trkpt lat="37.57811" lon="-83.71425"/>
      <trkpt lat="37.57786" lon="-83.71352"/>
      <trkpt lat="37.57766" lon="-83.71316"/>
      <trkpt lat="37.5771" lon="-83.71232"/>
      <trkpt lat="37.57689" lon="-83.71209"/>
      <trkpt lat="37.5765" lon="-83.71168"/>
      <trkpt lat="37.57526" lon="-83.71046"/>
      <trkpt lat="37.57457" lon="-83.70968"/>
      <trkpt lat="37.57384" lon="-83.7085"/>
      <trkpt lat="37.57341" lon="-83.7078"/>
      <trkpt lat="37.5732" lon="-83.70728"/>
      <trkpt lat="37.57316" lon="-83.70702"/>
      <trkpt lat="37.57307" lon="-83.70636"/>
      <trkpt lat="37.57584" lon="-83.7061"/>
      <trkpt lat="37.57691" lon="-83.70593"/>
      <trkpt lat="37.57734" lon="-83.7058"/>
      <trkpt lat="37.57822" lon="-83.70539"/>
      <trkpt lat="37.57891" lon="-83.70492"/>
      <trkpt lat="37.58148" lon="-83.70245"/>
      <trkpt lat="37.58238" lon="-83.70166"/>
      <trkpt lat="37.58358" lon="-83.70076"/>
      <trkpt lat="37.5853" lon="-83.69975"/>
      <trkpt lat="37.58801" lon="-83.6982"/>
      <trkpt lat="37.58856" lon="-83.6979"/>
      <trkpt lat="37.58964" lon="-83.69728"/>
      <trkpt lat="37.59556" lon="-83.69393"/>
      <trkpt lat="37.59697" lon="-83.69299"/>
      <trkpt lat="37.59779" lon="-83.69235"/>
      <trkpt lat="37.60129" lon="-83.68926"/>
      <trkpt lat="37.60341" lon="-83.68741"/>
      <trkpt lat="37.60406" lon="-83.687"/>
      <trkpt lat="37.60459" lon="-83.68677"/>
      <trkpt lat="37.60727" lon="-83.68644"/>
      <trkpt lat="37.60785" lon="-83.68632"/>
      <trkpt lat="37.61069" lon="-83.68612"/>
      <trkpt lat="37.61111" lon="-83.68608"/>
      <trkpt lat="37.6133" lon="-83.68593"/>
      <trkpt lat="37.61337" lon="-83.68593"/>
      <trkpt lat="37.61429" lon="-83.68593"/>
      <trkpt lat="37.61534" lon="-83.6861"/>
      <trkpt lat="37.61616" lon="-83.68636"/>
      <trkpt lat="37.61663" lon="-83.68655"/>
      <trkpt lat="37.61764" lon="-83.68696"/>
      <trkpt lat="37.6179" lon="-83.68589"/>
      <trkpt lat="37.6179" lon="-83.68554"/>
      <trkpt lat="37.61779" lon="-83.68514"/>
      <trkpt lat="37.61817" lon="-83.68494"/>
      <trkpt lat="37.6186" lon="-83.68466"/>
      <trkpt lat="37.6186" lon="-83.68466"/>
      <trkpt lat="37.61871" lon="-83.68462"/>
      <trkpt lat="37.61871" lon="-83.68462"/>
      <trkpt lat="37.61868" lon="-83.68447"/>
      <trkpt lat="37.6186" lon="-83.68431"/>
      <trkpt lat="37.61847" lon="-83.68414"/>
      <trkpt lat="37.61839" lon="-83.68407"/>
      <trkpt lat="37.6182" lon="-83.68396"/>
      <trkpt lat="37.6181" lon="-83.68388"/>
      <trkpt lat="37.61803" lon="-83.68378"/>
      <trkpt lat="37.61791" lon="-83.68355"/>
      <trkpt lat="37.61778" lon="-83.68335"/>
      <trkpt lat="37.61763" lon="-83.68307"/>
      <trkpt lat="37.61764" lon="-83.68286"/>
      <trkpt lat="37.61774" lon="-83.68264"/>
      <trkpt lat="37.61782" lon="-83.68252"/>
      <trkpt lat="37.6179" lon="-83.68241"/>
      <trkpt lat="37.61809" lon="-83.68221"/>
      <trkpt lat="37.6182" lon="-83.68214"/>
      <trkpt lat="37.61843" lon="-83.68201"/>
      <trkpt lat="37.61853" lon="-83.68192"/>
      <trkpt lat="37.6187" lon="-83.68169"/>
      <trkpt lat="37.61881" lon="-83.68138"/>
      <trkpt lat="37.61885" lon="-83.68121"/>
      <trkpt lat="37.61895" lon="-83.68072"/>
      <trkpt lat="37.61897" lon="-83.68055"/>
      <trkpt lat="37.61899" lon="-83.68021"/>
      <trkpt lat="37.61896" lon="-83.67987"/>
      <trkpt lat="37.61893" lon="-83.6797"/>
      <trkpt lat="37.61886" lon="-83.67939"/>
      <trkpt lat="37.6188" lon="-83.6791"/>
      <trkpt lat="37.61876" lon="-83.6788"/>
      <trkpt lat="37.61881" lon="-83.67848"/>
      <trkpt lat="37.61901" lon="-83.67821"/>
      <trkpt lat="37.61911" lon="-83.67808"/>
      <trkpt lat="37.6193" lon="-83.67786"/>
      <trkpt lat="37.61949" lon="-83.67767"/>
      <trkpt lat="37.6196" lon="-83.67759"/>
      <trkpt lat="37.61981" lon="-83.67741"/>
      <trkpt lat="37.6199" lon="-83.6773"/>
      <trkpt lat="37.61997" lon="-83.67719"/>
      <trkpt lat="37.62015" lon="-83.67683"/>
      <trkpt lat="37.62027" lon="-83.67657"/>
      <trkpt lat="37.6203" lon="-83.67644"/>
      <trkpt lat="37.6203" lon="-83.67618"/>
      <trkpt lat="37.62023" lon="-83.67583"/>
      <trkpt lat="37.62019" lon="-83.67561"/>
      <trkpt lat="37.62019" lon="-83.67549"/>
      <trkpt lat="37.62025" lon="-83.67518"/>
      <trkpt lat="37.62028" lon="-83.67497"/>
      <trkpt lat="37.62026" lon="-83.67479"/>
      <trkpt lat="37.6202" lon="-83.67461"/>
      <trkpt lat="37.62016" lon="-83.67445"/>
      <trkpt lat="37.62012" lon="-83.6743"/>
      <trkpt lat="37.62016" lon="-83.67407"/>
      <trkpt lat="37.62022" lon="-83.67392"/>
      <trkpt lat="37.62031" lon="-83.67376"/>
      <trkpt lat="37.62035" lon="-83.67366"/>
      <trkpt lat="37.62041" lon="-83.67357"/>
      <trkpt lat="37.62049" lon="-83.67335"/>
      <trkpt lat="37.62055" lon="-83.67325"/>
      <trkpt lat="37.62064" lon="-83.67307"/>
      <trkpt lat="37.62076" lon="-83.67286"/>
      <trkpt lat="37.6209" lon="-83.67266"/>
      <trkpt lat="37.62104" lon="-83.67252"/>
      <trkpt lat="37.6212" lon="-83.67227"/>
      <trkpt lat="37.62131" lon="-83.67213"/>
      <trkpt lat="37.62148" lon="-83.67213"/>
      <trkpt lat="37.62159" lon="-83.67202"/>
      <trkpt lat="37.62179" lon="-83.67189"/>
      <trkpt lat="37.62195" lon="-83.67176"/>
      <trkpt lat="37.62211" lon="-83.67165"/>
      <trkpt lat="37.62221" lon="-83.67157"/>
      <trkpt lat="37.62235" lon="-83.67142"/>
      <trkpt lat="37.62246" lon="-83.67128"/>
      <trkpt lat="37.62261" lon="-83.67116"/>
      <trkpt lat="37.6227" lon="-83.6711"/>
      <trkpt lat="37.62279" lon="-83.67104"/>
      <trkpt lat="37.62291" lon="-83.67088"/>
      <trkpt lat="37.62303" lon="-83.67069"/>
      <trkpt lat="37.62314" lon="-83.6705"/>
      <trkpt lat="37.62327" lon="-83.67027"/>
      <trkpt lat="37.62342" lon="-83.67004"/>
      <trkpt lat="37.62354" lon="-83.66998"/>
      <trkpt lat="37.6238" lon="-83.66993"/>
      <trkpt lat="37.62394" lon="-83.66985"/>
      <trkpt lat="37.62408" lon="-83.66974"/>
      <trkpt lat="37.62424" lon="-83.66961"/>
      <trkpt lat="37.6244" lon="-83.6694"/>
      <trkpt lat="37.62448" lon="-83.66914"/>
      <trkpt lat="37.62452" lon="-83.66892"/>
      <trkpt lat="37.62452" lon="-83.66871"/>
      <trkpt lat="37.62452" lon="-83.66851"/>
      <trkpt lat="37.62444" lon="-83.66813"/>
      <trkpt lat="37.62444" lon="-83.66796"/>
      <trkpt lat="37.62447" lon="-83.66778"/>
      <trkpt lat="37.62457" lon="-83.66764"/>
      <trkpt lat="37.62471" lon="-83.66757"/>
      <trkpt lat="37.62492" lon="-83.66743"/>
      <trkpt lat="37.62507" lon="-83.66727"/>
      <trkpt lat="37.62516" lon="-83.66715"/>
      <trkpt lat="37.62523" lon="-83.66704"/>
      <trkpt lat="37.62534" lon="-83.66678"/>
      <trkpt lat="37.62543" lon="-83.66646"/>
      <trkpt lat="37.62545" lon="-83.66634"/>
      <trkpt lat="37.62551" lon="-83.6661"/>
      <trkpt lat="37.62556" lon="-83.66586"/>
      <trkpt lat="37.62561" lon="-83.66562"/>
      <trkpt lat="37.62564" lon="-83.6654"/>
      <trkpt lat="37.62569" lon="-83.66465"/>
      <trkpt lat="37.62571" lon="-83.66445"/>
      <trkpt lat="37.62571" lon="-83.66424"/>
      <trkpt lat="37.62574" lon="-83.66404"/>
      <trkpt lat="37.62579" lon="-83.6639"/>
      <trkpt lat="37.62587" lon="-83.66378"/>
      <trkpt lat="37.62617" lon="-83.66364"/>
      <trkpt lat="37.62637" lon="-83.66359"/>
      <trkpt lat="37.62658" lon="-83.6635"/>
      <trkpt lat="37.6267" lon="-83.66343"/>
      <trkpt lat="37.62678" lon="-83.66336"/>
      <trkpt lat="37.62692" lon="-83.6633"/>
      <trkpt lat="37.62703" lon="-83.66327"/>
      <trkpt lat="37.62717" lon="-83.66324"/>
      <trkpt lat="37.62725" lon="-83.66321"/>
      <trkpt lat="37.62737" lon="-83.66319"/>
      <trkpt lat="37.62749" lon="-83.66313"/>
      <trkpt lat="37.62753" lon="-83.66295"/>
      <trkpt lat="37.62756" lon="-83.66263"/>
      <trkpt lat="37.62757" lon="-83.66251"/>
      <trkpt lat="37.62757" lon="-83.66227"/>
      <trkpt lat="37.62766" lon="-83.66199"/>
      <trkpt lat="37.62777" lon="-83.66184"/>
      <trkpt lat="37.62791" lon="-83.6617"/>
      <trkpt lat="37.628" lon="-83.66165"/>
      <trkpt lat="37.62809" lon="-83.66162"/>
      <trkpt lat="37.62826" lon="-83.66156"/>
      <trkpt lat="37.62844" lon="-83.66154"/>
      <trkpt lat="37.62862" lon="-83.66151"/>
      <trkpt lat="37.6288" lon="-83.66147"/>
      <trkpt lat="37.6289" lon="-83.66145"/>
      <trkpt lat="37.62909" lon="-83.66136"/>
      <trkpt lat="37.62919" lon="-83.66129"/>
      <trkpt lat="37.62942" lon="-83.66121"/>
      <trkpt lat="37.62957" lon="-83.66109"/>
      <trkpt lat="37.62965" lon="-83.66103"/>
      <trkpt lat="37.6298" lon="-83.66093"/>
      <trkpt lat="37.62996" lon="-83.66079"/>
      <trkpt lat="37.63004" lon="-83.66072"/>
      <trkpt lat="37.63013" lon="-83.66066"/>
      <trkpt lat="37.63031" lon="-83.66061"/>
      <trkpt lat="37.63049" lon="-83.66057"/>
      <trkpt lat="37.63059" lon="-83.66057"/>
      <trkpt lat="37.63089" lon="-83.66042"/>
      <trkpt lat="37.63099" lon="-83.66036"/>
      <trkpt lat="37.63118" lon="-83.66023"/>
      <trkpt lat="37.63126" lon="-83.66013"/>
      <trkpt lat="37.63133" lon="-83.66004"/>
      <trkpt lat="37.63141" lon="-83.65995"/>
      <trkpt lat="37.63158" lon="-83.65978"/>
      <trkpt lat="37.63168" lon="-83.6597"/>
      <trkpt lat="37.63177" lon="-83.65962"/>
      <trkpt lat="37.63238" lon="-83.65919"/>
      <trkpt lat="37.63258" lon="-83.65906"/>
      <trkpt lat="37.63266" lon="-83.65899"/>
      <trkpt lat="37.63277" lon="-83.65893"/>
      <trkpt lat="37.63297" lon="-83.65883"/>
      <trkpt lat="37.63308" lon="-83.65879"/>
      <trkpt lat="37.63318" lon="-83.65875"/>
      <trkpt lat="37.63338" lon="-83.65861"/>
      <trkpt lat="37.63356" lon="-83.65843"/>
      <trkpt lat="37.63382" lon="-83.65821"/>
      <trkpt lat="37.63402" lon="-83.6581"/>
      <trkpt lat="37.63421" lon="-83.65797"/>
      <trkpt lat="37.6343" lon="-83.6579"/>
      <trkpt lat="37.63449" lon="-83.65779"/>
      <trkpt lat="37.63469" lon="-83.65769"/>
      <trkpt lat="37.63499" lon="-83.65753"/>
      <trkpt lat="37.6352" lon="-83.65741"/>
      <trkpt lat="37.6353" lon="-83.65736"/>
      <trkpt lat="37.63544" lon="-83.65732"/>
      <trkpt lat="37.63567" lon="-83.65738"/>
      <trkpt lat="37.63581" lon="-83.65743"/>
      <trkpt lat="37.63605" lon="-83.65747"/>
      <trkpt lat="37.6362" lon="-83.65739"/>
      <trkpt lat="37.63635" lon="-83.65735"/>
      <trkpt lat="37.63653" lon="-83.65734"/>
      <trkpt lat="37.63668" lon="-83.65731"/>
      <trkpt lat="37.63689" lon="-83.65731"/>
      <trkpt lat="37.63702" lon="-83.65727"/>
      <trkpt lat="37.63714" lon="-83.65721"/>
      <trkpt lat="37.63728" lon="-83.65714"/>
      <trkpt lat="37.63747" lon="-83.65699"/>
      <trkpt lat="37.63785" lon="-83.6567"/>
      <trkpt lat="37.63796" lon="-83.65669"/>
      <trkpt lat="37.63806" lon="-83.6567"/>
      <trkpt lat="37.63827" lon="-83.65678"/>
      <trkpt lat="37.63848" lon="-83.65689"/>
      <trkpt lat="37.63869" lon="-83.65701"/>
      <trkpt lat="37.63908" lon="-83.65727"/>
      <trkpt lat="37.63926" lon="-83.65743"/>
      <trkpt lat="37.63934" lon="-83.65752"/>
      <trkpt lat="37.63952" lon="-83.65769"/>
      <trkpt lat="37.63971" lon="-83.65785"/>
      <trkpt lat="37.64019" lon="-83.65826"/>
      <trkpt lat="37.64028" lon="-83.65833"/>
      <trkpt lat="37.64054" lon="-83.65848"/>
      <trkpt lat="37.64069" lon="-83.65851"/>
      <trkpt lat="37.64083" lon="-83.65849"/>
      <trkpt lat="37.64101" lon="-83.65843"/>
      <trkpt lat="37.64109" lon="-83.65837"/>
      <trkpt lat="37.64113" lon="-83.65834"/>
      <trkpt lat="37.64116" lon="-83.65828"/>
      <trkpt lat="37.64114" lon="-83.65815"/>
      <trkpt lat="37.64119" lon="-83.65781"/>
      <trkpt lat="37.64121" lon="-83.65768"/>
      <trkpt lat="37.64134" lon="-83.65717"/>
      <trkpt lat="37.64152" lon="-83.65637"/>
      <trkpt lat="37.64163" lon="-83.65598"/>
      <trkpt lat="37.64167" lon="-83.65587"/>
      <trkpt lat="37.64177" lon="-83.65565"/>
      <trkpt lat="37.64179" lon="-83.65541"/>
      <trkpt lat="37.6418" lon="-83.6552"/>
      <trkpt lat="37.6418" lon="-83.65501"/>
      <trkpt lat="37.64183" lon="-83.65481"/>
      <trkpt lat="37.64193" lon="-83.65464"/>
      <trkpt lat="37.64208" lon="-83.65446"/>
      <trkpt lat="37.64225" lon="-83.65428"/>
      <trkpt lat="37.64234" lon="-83.65421"/>
      <trkpt lat="37.64241" lon="-83.65412"/>
      <trkpt lat="37.64255" lon="-83.65385"/>
      <trkpt lat="37.64258" lon="-83.65366"/>
      <trkpt lat="37.64277" lon="-83.65236"/>
      <trkpt lat="37.64278" lon="-83.65219"/>
      <trkpt lat="37.64282" lon="-83.65203"/>
      <trkpt lat="37.64287" lon="-83.65177"/>
      <trkpt lat="37.64286" lon="-83.65162"/>
      <trkpt lat="37.64284" lon="-83.65145"/>
      <trkpt lat="37.64274" lon="-83.65099"/>
      <trkpt lat="37.64271" lon="-83.65085"/>
      <trkpt lat="37.64267" lon="-83.65071"/>
      <trkpt lat="37.64262" lon="-83.65046"/>
      <trkpt lat="37.64257" lon="-83.65032"/>
      <trkpt lat="37.64249" lon="-83.64979"/>
      <trkpt lat="37.64233" lon="-83.64928"/>
      <trkpt lat="37.64235" lon="-83.64906"/>
      <trkpt lat="37.64245" lon="-83.64895"/>
      <trkpt lat="37.64259" lon="-83.64894"/>
      <trkpt lat="37.64269" lon="-83.649"/>
      <trkpt lat="37.64279" lon="-83.64909"/>
      <trkpt lat="37.64289" lon="-83.64919"/>
      <trkpt lat="37.64299" lon="-83.64935"/>
      <trkpt lat="37.64304" lon="-83.6495"/>
      <trkpt lat="37.6431" lon="-83.64967"/>
      <trkpt lat="37.64323" lon="-83.6499"/>
      <trkpt lat="37.64333" lon="-83.65"/>
      <trkpt lat="37.64359" lon="-83.6502"/>
      <trkpt lat="37.64373" lon="-83.65032"/>
      <trkpt lat="37.64387" lon="-83.65038"/>
      <trkpt lat="37.64396" lon="-83.6504"/>
      <trkpt lat="37.64411" lon="-83.65044"/>
      <trkpt lat="37.64418" lon="-83.65054"/>
      <trkpt lat="37.64422" lon="-83.65071"/>
      <trkpt lat="37.64433" lon="-83.65095"/>
      <trkpt lat="37.64459" lon="-83.65137"/>
      <trkpt lat="37.64466" lon="-83.65145"/>
      <trkpt lat="37.64476" lon="-83.65145"/>
      <trkpt lat="37.64486" lon="-83.65142"/>
      <trkpt lat="37.64496" lon="-83.65131"/>
      <trkpt lat="37.64509" lon="-83.65127"/>
      <trkpt lat="37.64519" lon="-83.65125"/>
      <trkpt lat="37.64532" lon="-83.65126"/>
      <trkpt lat="37.64546" lon="-83.65127"/>
      <trkpt lat="37.64558" lon="-83.65133"/>
      <trkpt lat="37.64568" lon="-83.65141"/>
      <trkpt lat="37.64578" lon="-83.65153"/>
      <trkpt lat="37.64589" lon="-83.65175"/>
      <trkpt lat="37.64599" lon="-83.65187"/>
      <trkpt lat="37.64612" lon="-83.65206"/>
      <trkpt lat="37.64622" lon="-83.65234"/>
      <trkpt lat="37.64634" lon="-83.65247"/>
      <trkpt lat="37.64642" lon="-83.65239"/>
      <trkpt lat="37.64641" lon="-83.65227"/>
      <trkpt lat="37.64639" lon="-83.65213"/>
      <trkpt lat="37.64635" lon="-83.65199"/>
      <trkpt lat="37.64631" lon="-83.65178"/>
      <trkpt lat="37.64625" lon="-83.65163"/>
      <trkpt lat="37.64622" lon="-83.65151"/>
      <trkpt lat="37.6462" lon="-83.65133"/>
      <trkpt lat="37.64623" lon="-83.65112"/>
      <trkpt lat="37.64626" lon="-83.65099"/>
      <trkpt lat="37.64626" lon="-83.65082"/>
      <trkpt lat="37.64624" lon="-83.65069"/>
      <trkpt lat="37.64623" lon="-83.65057"/>
      <trkpt lat="37.64624" lon="-83.65041"/>
      <trkpt lat="37.64627" lon="-83.65023"/>
      <trkpt lat="37.64626" lon="-83.65011"/>
      <trkpt lat="37.64628" lon="-83.64999"/>
      <trkpt lat="37.64618" lon="-83.64986"/>
      <trkpt lat="37.64607" lon="-83.64978"/>
      <trkpt lat="37.64592" lon="-83.6496"/>
      <trkpt lat="37.64584" lon="-83.64954"/>
      <trkpt lat="37.64574" lon="-83.6495"/>
      <trkpt lat="37.64561" lon="-83.64946"/>
      <trkpt lat="37.64559" lon="-83.64935"/>
      <trkpt lat="37.64561" lon="-83.64921"/>
      <trkpt lat="37.64568" lon="-83.64911"/>
      <trkpt lat="37.64574" lon="-83.64897"/>
      <trkpt lat="37.64568" lon="-83.64882"/>
      <trkpt lat="37.64564" lon="-83.6487"/>
      <trkpt lat="37.64557" lon="-83.64859"/>
      <trkpt lat="37.64549" lon="-83.64851"/>
      <trkpt lat="37.64539" lon="-83.64842"/>
      <trkpt lat="37.64517" lon="-83.64829"/>
      <trkpt lat="37.64506" lon="-83.64822"/>
      <trkpt lat="37.64505" lon="-83.64809"/>
      <trkpt lat="37.64514" lon="-83.64801"/>
      <trkpt lat="37.64523" lon="-83.64801"/>
      <trkpt lat="37.64533" lon="-83.64797"/>
      <trkpt lat="37.64544" lon="-83.64792"/>
      <trkpt lat="37.64552" lon="-83.64783"/>
      <trkpt lat="37.6456" lon="-83.64771"/>
      <trkpt lat="37.64574" lon="-83.64753"/>
      <trkpt lat="37.6458" lon="-83.64743"/>
      <trkpt lat="37.64583" lon="-83.64736"/>
      <trkpt lat="37.64585" lon="-83.64731"/>
      <trkpt lat="37.64589" lon="-83.64729"/>
      <trkpt lat="37.64591" lon="-83.64725"/>
      <trkpt lat="37.64594" lon="-83.64721"/>
      <trkpt lat="37.64609" lon="-83.64705"/>
      <trkpt lat="37.64618" lon="-83.64702"/>
      <trkpt lat="37.64625" lon="-83.64694"/>
      <trkpt lat="37.64634" lon="-83.64686"/>
      <trkpt lat="37.64642" lon="-83.6468"/>
      <trkpt lat="37.64652" lon="-83.64673"/>
      <trkpt lat="37.64664" lon="-83.64667"/>
      <trkpt lat="37.64673" lon="-83.64663"/>
      <trkpt lat="37.64685" lon="-83.64662"/>
      <trkpt lat="37.64695" lon="-83.64659"/>
      <trkpt lat="37.64715" lon="-83.64649"/>
      <trkpt lat="37.64727" lon="-83.64642"/>
      <trkpt lat="37.64734" lon="-83.64635"/>
      <trkpt lat="37.64745" lon="-83.6463"/>
      <trkpt lat="37.64753" lon="-83.64623"/>
      <trkpt lat="37.64763" lon="-83.64614"/>
      <trkpt lat="37.64773" lon="-83.64604"/>
      <trkpt lat="37.64783" lon="-83.64591"/>
      <trkpt lat="37.6479" lon="-83.64581"/>
      <trkpt lat="37.64797" lon="-83.64569"/>
      <trkpt lat="37.64806" lon="-83.64557"/>
      <trkpt lat="37.64813" lon="-83.64546"/>
      <trkpt lat="37.6482" lon="-83.64539"/>
      <trkpt lat="37.6483" lon="-83.64533"/>
      <trkpt lat="37.64841" lon="-83.64529"/>
      <trkpt lat="37.64876" lon="-83.64516"/>
      <trkpt lat="37.64891" lon="-83.64506"/>
      <trkpt lat="37.64902" lon="-83.64492"/>
      <trkpt lat="37.64915" lon="-83.64462"/>
      <trkpt lat="37.64918" lon="-83.64451"/>
      <trkpt lat="37.64921" lon="-83.6443"/>
      <trkpt lat="37.64932" lon="-83.64399"/>
      <trkpt lat="37.64951" lon="-83.64381"/>
      <trkpt lat="37.64975" lon="-83.64373"/>
      <trkpt lat="37.64992" lon="-83.64369"/>
      <trkpt lat="37.65011" lon="-83.64367"/>
      <trkpt lat="37.6502" lon="-83.64366"/>
      <trkpt lat="37.65029" lon="-83.64365"/>
      <trkpt lat="37.65038" lon="-83.64364"/>
      <trkpt lat="37.65047" lon="-83.64364"/>
      <trkpt lat="37.65066" lon="-83.64362"/>
      <trkpt lat="37.65083" lon="-83.64357"/>
      <trkpt lat="37.65097" lon="-83.64349"/>
      <trkpt lat="37.6511" lon="-83.64325"/>
      <trkpt lat="37.65115" lon="-83.64304"/>
      <trkpt lat="37.65119" lon="-83.64254"/>
      <trkpt lat="37.65121" lon="-83.64241"/>
      <trkpt lat="37.65128" lon="-83.64221"/>
      <trkpt lat="37.65134" lon="-83.64212"/>
      <trkpt lat="37.65148" lon="-83.64197"/>
      <trkpt lat="37.65166" lon="-83.64185"/>
      <trkpt lat="37.65185" lon="-83.64175"/>
      <trkpt lat="37.65223" lon="-83.64154"/>
      <trkpt lat="37.65247" lon="-83.64137"/>
      <trkpt lat="37.65262" lon="-83.64125"/>
      <trkpt lat="37.65291" lon="-83.64098"/>
      <trkpt lat="37.65298" lon="-83.64091"/>
      <trkpt lat="37.65312" lon="-83.64074"/>
      <trkpt lat="37.65322" lon="-83.64056"/>
      <trkpt lat="37.65332" lon="-83.64037"/>
      <trkpt lat="37.65336" lon="-83.64027"/>
      <trkpt lat="37.65358" lon="-83.63951"/>
      <trkpt lat="37.65366" lon="-83.6393"/>
      <trkpt lat="37.6537" lon="-83.6392"/>
      <trkpt lat="37.65376" lon="-83.63911"/>
      <trkpt lat="37.65389" lon="-83.63893"/>
      <trkpt lat="37.65415" lon="-83.63861"/>
      <trkpt lat="37.65427" lon="-83.63845"/>
      <trkpt lat="37.65439" lon="-83.63832"/>
      <trkpt lat="37.6545" lon="-83.63816"/>
      <trkpt lat="37.65467" lon="-83.63795"/>
      <trkpt lat="37.6548" lon="-83.63783"/>
      <trkpt lat="37.65496" lon="-83.63776"/>
      <trkpt lat="37.65512" lon="-83.63773"/>
      <trkpt lat="37.65538" lon="-83.63773"/>
      <trkpt lat="37.65562" lon="-83.63775"/>
      <trkpt lat="37.65578" lon="-83.63779"/>
      <trkpt lat="37.656" lon="-83.63781"/>
      <trkpt lat="37.65615" lon="-83.6378"/>
      <trkpt lat="37.6563" lon="-83.63772"/>
      <trkpt lat="37.65639" lon="-83.63763"/>
      <trkpt lat="37.65644" lon="-83.63752"/>
      <trkpt lat="37.65654" lon="-83.63737"/>
      <trkpt lat="37.65663" lon="-83.63735"/>
      <trkpt lat="37.65714" lon="-83.63705"/>
      <trkpt lat="37.65772" lon="-83.63653"/>
      <trkpt lat="37.65869" lon="-83.63645"/>
      <trkpt lat="37.65952" lon="-83.63626"/>
      <trkpt lat="37.66006" lon="-83.63611"/>
      <trkpt lat="37.66032" lon="-83.63619"/>
      <trkpt lat="37.66068" lon="-83.63658"/>
      <trkpt lat="37.66081" lon="-83.63662"/>
      <trkpt lat="37.66103" lon="-83.63645"/>
      <trkpt lat="37.66109" lon="-83.63628"/>
      <trkpt lat="37.66169" lon="-83.63314"/>
      <trkpt lat="37.66188" lon="-83.63244"/>
      <trkpt lat="37.66197" lon="-83.63226"/>
      <trkpt lat="37.66246" lon="-83.63181"/>
      <trkpt lat="37.6633" lon="-83.63126"/>
      <trkpt lat="37.66579" lon="-83.62952"/>
      <trkpt lat="37.66699" lon="-83.62847"/>
      <trkpt lat="37.66742" lon="-83.62821"/>
      <trkpt lat="37.66796" lon="-83.62733"/>
      <trkpt lat="37.66875" lon="-83.62636"/>
      <trkpt lat="37.66929" lon="-83.62581"/>
      <trkpt lat="37.67015" lon="-83.62518"/>
      <trkpt lat="37.67025" lon="-83.62516"/>
      <trkpt lat="37.67042" lon="-83.62525"/>
      <trkpt lat="37.67075" lon="-83.62576"/>
      <trkpt lat="37.67087" lon="-83.62587"/>
      <trkpt lat="37.67111" lon="-83.62587"/>
      <trkpt lat="37.6719" lon="-83.62546"/>
      <trkpt lat="37.67218" lon="-83.62516"/>
      <trkpt lat="37.67248" lon="-83.62445"/>
      <trkpt lat="37.67259" lon="-83.62432"/>
      <trkpt lat="37.6727" lon="-83.62426"/>
      <trkpt lat="37.67285" lon="-83.62428"/>
      <trkpt lat="37.67313" lon="-83.62445"/>
      <trkpt lat="37.67334" lon="-83.62484"/>
      <trkpt lat="37.67422" lon="-83.62675"/>
      <trkpt lat="37.67448" lon="-83.62703"/>
      <trkpt lat="37.67547" lon="-83.62793"/>
      <trkpt lat="37.67587" lon="-83.62832"/>
      <trkpt lat="37.67626" lon="-83.6284"/>
      <trkpt lat="37.67671" lon="-83.62821"/>
      <trkpt lat="37.67688" lon="-83.62823"/>
      <trkpt lat="37.67738" lon="-83.62855"/>
      <trkpt lat="37.67785" lon="-83.62894"/>
      <trkpt lat="37.67821" lon="-83.62898"/>
      <trkpt lat="37.67849" lon="-83.62892"/>
      <trkpt lat="37.67877" lon="-83.62872"/>
      <trkpt lat="37.67899" lon="-83.62851"/>
      <trkpt lat="37.67926" lon="-83.62812"/>
      <trkpt lat="37.67941" lon="-83.62767"/>
      <trkpt lat="37.67954" lon="-83.62756"/>
      <trkpt lat="37.67967" lon="-83.62754"/>
      <trkpt lat="37.68012" lon="-83.62767"/>
      <trkpt lat="37.68051" lon="-83.62772"/>
      <trkpt lat="37.68066" lon="-83.62778"/>
      <trkpt lat="37.68075" lon="-83.62793"/>
      <trkpt lat="37.68087" lon="-83.62911"/>
      <trkpt lat="37.68124" lon="-83.63033"/>
      <trkpt lat="37.68135" lon="-83.6305"/>
      <trkpt lat="37.68156" lon="-83.63065"/>
      <trkpt lat="37.68184" lon="-83.63063"/>
      <trkpt lat="37.68235" lon="-83.63035"/>
      <trkpt lat="37.68261" lon="-83.63016"/>
      <trkpt lat="37.68326" lon="-83.6299"/>
      <trkpt lat="37.68341" lon="-83.62988"/>
      <trkpt lat="37.68358" lon="-83.62995"/>
      <trkpt lat="37.68371" lon="-83.63005"/>
      <trkpt lat="37.68426" lon="-83.63098"/>
      <trkpt lat="37.68499" lon="-83.63153"/>
      <trkpt lat="37.68536" lon="-83.63203"/>
      <trkpt lat="37.68547" lon="-83.63261"/>
      <trkpt lat="37.68579" lon="-83.63329"/>
      <trkpt lat="37.68626" lon="-83.63372"/>
      <trkpt lat="37.68662" lon="-83.6342"/>
      <trkpt lat="37.68686" lon="-83.63437"/>
      <trkpt lat="37.68703" lon="-83.63439"/>
      <trkpt lat="37.68768" lon="-83.63424"/>
      <trkpt lat="37.68849" lon="-83.63413"/>
      <trkpt lat="37.68898" lon="-83.63396"/>
      <trkpt lat="37.68933" lon="-83.63389"/>
      <trkpt lat="37.68984" lon="-83.63398"/>
      <trkpt lat="37.69186" lon="-83.63394"/>
      <trkpt lat="37.69207" lon="-83.63405"/>
      <trkpt lat="37.69238" lon="-83.63447"/>
      <trkpt lat="37.6925" lon="-83.63456"/>
      <trkpt lat="37.6927" lon="-83.63458"/>
      <trkpt lat="37.69323" lon="-83.63424"/>
      <trkpt lat="37.69409" lon="-83.63383"/>
      <trkpt lat="37.69448" lon="-83.63332"/>
      <trkpt lat="37.69482" lon="-83.63299"/>
      <trkpt lat="37.69508" lon="-83.63263"/>
      <trkpt lat="37.69521" lon="-83.63252"/>
      <trkpt lat="37.69555" lon="-83.63235"/>
      <trkpt lat="37.69613" lon="-83.63229"/>
      <trkpt lat="37.6963" lon="-83.63229"/>
      <trkpt lat="37.69656" lon="-83.63241"/>
      <trkpt lat="37.69735" lon="-83.63321"/>
      <trkpt lat="37.69763" lon="-83.63389"/>
      <trkpt lat="37.69783" lon="-83.63422"/>
      <trkpt lat="37.69802" lon="-83.63441"/>
      <trkpt lat="37.69845" lon="-83.63469"/>
      <trkpt lat="37.69873" lon="-83.63501"/>
      <trkpt lat="37.6989" lon="-83.63544"/>
      <trkpt lat="37.69901" lon="-83.63647"/>
      <trkpt lat="37.6992" lon="-83.63737"/>
      <trkpt lat="37.69948" lon="-83.63776"/>
      <trkpt lat="37.6998" lon="-83.63791"/>
      <trkpt lat="37.70006" lon="-83.63791"/>
      <trkpt lat="37.701" lon="-83.63759"/>
      <trkpt lat="37.70115" lon="-83.63759"/>
      <trkpt lat="37.70169" lon="-83.63789"/>
      <trkpt lat="37.7025" lon="-83.63801"/>
      <trkpt lat="37.70343" lon="-83.63827"/>
      <trkpt lat="37.70381" lon="-83.63853"/>
      <trkpt lat="37.70435" lon="-83.63909"/>
      <trkpt lat="37.7045" lon="-83.63911"/>
      <trkpt lat="37.70489" lon="-83.63904"/>
      <trkpt lat="37.70512" lon="-83.63879"/>
      <trkpt lat="37.70521" lon="-83.63851"/>
      <trkpt lat="37.70516" lon="-83.63778"/>
      <trkpt lat="37.7054" lon="-83.63726"/>
      <trkpt lat="37.70566" lon="-83.63696"/>
      <trkpt lat="37.70587" lon="-83.63677"/>
      <trkpt lat="37.70602" lon="-83.63673"/>
      <trkpt lat="37.70632" lon="-83.63677"/>
      <trkpt lat="37.70718" lon="-83.63724"/>
      <trkpt lat="37.70763" lon="-83.63778"/>
      <trkpt lat="37.70782" lon="-83.63791"/>
      <trkpt lat="37.70815" lon="-83.63778"/>
      <trkpt lat="37.70864" lon="-83.63735"/>
      <trkpt lat="37.70894" lon="-83.63716"/>
      <trkpt lat="37.70952" lon="-83.63696"/>
      <trkpt lat="37.70997" lon="-83.63675"/>
      <trkpt lat="37.71027" lon="-83.63677"/>
      <trkpt lat="37.71046" lon="-83.63703"/>
      <trkpt lat="37.71057" lon="-83.6375"/>
      <trkpt lat="37.71055" lon="-83.63778"/>
      <trkpt lat="37.71042" lon="-83.63812"/>
      <trkpt lat="37.71051" lon="-83.63849"/>
      <trkpt lat="37.71079" lon="-83.63896"/>
      <trkpt lat="37.71091" lon="-83.63911"/>
      <trkpt lat="37.71152" lon="-83.63945"/>
      <trkpt lat="37.71175" lon="-83.63954"/>
      <trkpt lat="37.71231" lon="-83.63952"/>
      <trkpt lat="37.71278" lon="-83.63962"/>
      <trkpt lat="37.71295" lon="-83.6396"/>
      <trkpt lat="37.71323" lon="-83.63947"/>
      <trkpt lat="37.71381" lon="-83.63947"/>
      <trkpt lat="37.71437" lon="-83.639"/>
      <trkpt lat="37.71454" lon="-83.63892"/>
      <trkpt lat="37.71488" lon="-83.63879"/>
      <trkpt lat="37.71501" lon="-83.63868"/>
      <trkpt lat="37.71538" lon="-83.63806"/>
      <trkpt lat="37.71587" lon="-83.63754"/>
      <trkpt lat="37.71602" lon="-83.63746"/>
      <trkpt lat="37.71621" lon="-83.6375"/>
      <trkpt lat="37.71649" lon="-83.6378"/>
      <trkpt lat="37.71682" lon="-83.63795"/>
      <trkpt lat="37.71712" lon="-83.63795"/>
      <trkpt lat="37.71767" lon="-83.63778"/>
      <trkpt lat="37.71802" lon="-83.63786"/>
      <trkpt lat="37.7183" lon="-83.63812"/>
      <trkpt lat="37.71896" lon="-83.63894"/>
      <trkpt lat="37.71907" lon="-83.63919"/>
      <trkpt lat="37.71924" lon="-83.63999"/>
      <trkpt lat="37.71928" lon="-83.64014"/>
      <trkpt lat="37.71948" lon="-83.64044"/>
      <trkpt lat="37.71973" lon="-83.64074"/>
      <trkpt lat="37.71995" lon="-83.64087"/>
      <trkpt lat="37.72055" lon="-83.6411"/>
      <trkpt lat="37.72098" lon="-83.64147"/>
      <trkpt lat="37.7213" lon="-83.64162"/>
      <trkpt lat="37.72177" lon="-83.64162"/>
      <trkpt lat="37.72214" lon="-83.64153"/>
      <trkpt lat="37.72254" lon="-83.64153"/>
      <trkpt lat="37.72289" lon="-83.64164"/>
      <trkpt lat="37.72351" lon="-83.6416"/>
      <trkpt lat="37.72372" lon="-83.64171"/>
      <trkpt lat="37.72396" lon="-83.64192"/>
      <trkpt lat="37.72456" lon="-83.64289"/>
      <trkpt lat="37.72469" lon="-83.64306"/>
      <trkpt lat="37.72484" lon="-83.64349"/>
      <trkpt lat="37.72503" lon="-83.644"/>
      <trkpt lat="37.72538" lon="-83.64439"/>
      <trkpt lat="37.72548" lon="-83.64456"/>
      <trkpt lat="37.72551" lon="-83.64471"/>
      <trkpt lat="37.72546" lon="-83.64486"/>
      <trkpt lat="37.72512" lon="-83.64559"/>
      <trkpt lat="37.72506" lon="-83.64585"/>
      <trkpt lat="37.72512" lon="-83.64608"/>
      <trkpt lat="37.72533" lon="-83.64651"/>
      <trkpt lat="37.72553" lon="-83.64668"/>
      <trkpt lat="37.72591" lon="-83.64677"/>
      <trkpt lat="37.7269" lon="-83.64679"/>
      <trkpt lat="37.72707" lon="-83.64675"/>
      <trkpt lat="37.72737" lon="-83.64651"/>
      <trkpt lat="37.72763" lon="-83.64643"/>
      <trkpt lat="37.72838" lon="-83.64658"/>
      <trkpt lat="37.72941" lon="-83.64651"/>
      <trkpt lat="37.7296" lon="-83.64658"/>
      <trkpt lat="37.7296" lon="-83.64658"/>
      <trkpt lat="37.72965" lon="-83.6466"/>
      <trkpt lat="37.73046" lon="-83.64613"/>
      <trkpt lat="37.73104" lon="-83.64589"/>
      <trkpt lat="37.73156" lon="-83.64574"/>
      <trkpt lat="37.73242" lon="-83.64565"/>
      <trkpt lat="37.73385" lon="-83.64578"/>
      <trkpt lat="37.73411" lon="-83.6458"/>
      <trkpt lat="37.73499" lon="-83.64591"/>
      <trkpt lat="37.73555" lon="-83.64591"/>
      <trkpt lat="37.73666" lon="-83.64559"/>
      <trkpt lat="37.73688" lon="-83.64555"/>
      <trkpt lat="37.73973" lon="-83.64467"/>
      <trkpt lat="37.74102" lon="-83.64426"/>
      <trkpt lat="37.74177" lon="-83.644"/>
      <trkpt lat="37.74211" lon="-83.64381"/>
      <trkpt lat="37.74239" lon="-83.64353"/>
      <trkpt lat="37.74269" lon="-83.64312"/>
      <trkpt lat="37.74325" lon="-83.64233"/>
      <trkpt lat="37.74355" lon="-83.64175"/>
      <trkpt lat="37.7437" lon="-83.64117"/>
      <trkpt lat="37.74379" lon="-83.64005"/>
      <trkpt lat="37.74387" lon="-83.63853"/>
      <trkpt lat="37.7439" lon="-83.63823"/>
      <trkpt lat="37.74396" lon="-83.63761"/>
      <trkpt lat="37.74402" lon="-83.63583"/>
      <trkpt lat="37.74377" lon="-83.63415"/>
      <trkpt lat="37.74381" lon="-83.63389"/>
      <trkpt lat="37.74392" lon="-83.63364"/>
      <trkpt lat="37.74428" lon="-83.63291"/>
      <trkpt lat="37.74465" lon="-83.6322"/>
      <trkpt lat="37.74477" lon="-83.63175"/>
      <trkpt lat="37.74477" lon="-83.63147"/>
      <trkpt lat="37.74462" lon="-83.63061"/>
      <trkpt lat="37.74458" lon="-83.6301"/>
      <trkpt lat="37.74473" lon="-83.62954"/>
      <trkpt lat="37.74503" lon="-83.62913"/>
      <trkpt lat="37.74559" lon="-83.62875"/>
      <trkpt lat="37.74585" lon="-83.62859"/>
      <trkpt lat="37.74611" lon="-83.62844"/>
      <trkpt lat="37.74647" lon="-83.6281"/>
      <trkpt lat="37.74671" lon="-83.62776"/>
      <trkpt lat="37.74711" lon="-83.62694"/>
      <trkpt lat="37.74726" lon="-83.62643"/>
      <trkpt lat="37.74737" lon="-83.62593"/>
      <trkpt lat="37.74748" lon="-83.62505"/>
      <trkpt lat="37.74744" lon="-83.62469"/>
      <trkpt lat="37.74722" lon="-83.62409"/>
      <trkpt lat="37.74724" lon="-83.62372"/>
      <trkpt lat="37.74746" lon="-83.6234"/>
      <trkpt lat="37.74862" lon="-83.62239"/>
      <trkpt lat="37.74941" lon="-83.62158"/>
      <trkpt lat="37.75042" lon="-83.62053"/>
      <trkpt lat="37.7507" lon="-83.62025"/>
      <trkpt lat="37.7513" lon="-83.61963"/>
      <trkpt lat="37.75162" lon="-83.6192"/>
      <trkpt lat="37.75177" lon="-83.61875"/>
      <trkpt lat="37.75196" lon="-83.61765"/>
      <trkpt lat="37.75246" lon="-83.61497"/>
      <trkpt lat="37.75248" lon="-83.61456"/>
      <trkpt lat="37.75241" lon="-83.61368"/>
      <trkpt lat="37.75237" lon="-83.6133"/>
      <trkpt lat="37.75229" lon="-83.61166"/>
      <trkpt lat="37.75244" lon="-83.61044"/>
      <trkpt lat="37.75267" lon="-83.60943"/>
      <trkpt lat="37.75293" lon="-83.60873"/>
      <trkpt lat="37.75293" lon="-83.60873"/>
      <trkpt lat="37.75293" lon="-83.60873"/>
      <trkpt lat="37.75347" lon="-83.60913"/>
      <trkpt lat="37.75439" lon="-83.60956"/>
      <trkpt lat="37.75462" lon="-83.60969"/>
      <trkpt lat="37.75503" lon="-83.60988"/>
      <trkpt lat="37.75525" lon="-83.60997"/>
      <trkpt lat="37.75696" lon="-83.61048"/>
      <trkpt lat="37.75804" lon="-83.61044"/>
      <trkpt lat="37.75879" lon="-83.61059"/>
      <trkpt lat="37.75919" lon="-83.61048"/>
      <trkpt lat="37.75954" lon="-83.6104"/>
      <trkpt lat="37.75992" lon="-83.61033"/>
      <trkpt lat="37.76035" lon="-83.61014"/>
      <trkpt lat="37.76059" lon="-83.61006"/>
      <trkpt lat="37.76091" lon="-83.60997"/>
      <trkpt lat="37.76115" lon="-83.60997"/>
      <trkpt lat="37.76136" lon="-83.61006"/>
      <trkpt lat="37.76162" lon="-83.61033"/>
      <trkpt lat="37.76183" lon="-83.6107"/>
      <trkpt lat="37.76241" lon="-83.61186"/>
      <trkpt lat="37.76273" lon="-83.61231"/>
      <trkpt lat="37.76321" lon="-83.6128"/>
      <trkpt lat="37.76351" lon="-83.61306"/>
      <trkpt lat="37.76402" lon="-83.61351"/>
      <trkpt lat="37.76413" lon="-83.61362"/>
      <trkpt lat="37.76473" lon="-83.61415"/>
      <trkpt lat="37.76516" lon="-83.61443"/>
      <trkpt lat="37.76546" lon="-83.61452"/>
      <trkpt lat="37.76591" lon="-83.6145"/>
      <trkpt lat="37.76709" lon="-83.6139"/>
      <trkpt lat="37.76761" lon="-83.61379"/>
      <trkpt lat="37.76799" lon="-83.61387"/>
      <trkpt lat="37.76825" lon="-83.61405"/>
      <trkpt lat="37.76917" lon="-83.61523"/>
      <trkpt lat="37.76924" lon="-83.61531"/>
      <trkpt lat="37.76988" lon="-83.61619"/>
      <trkpt lat="37.77117" lon="-83.61795"/>
      <trkpt lat="37.77155" lon="-83.61866"/>
      <trkpt lat="37.77198" lon="-83.61954"/>
      <trkpt lat="37.77235" lon="-83.62068"/>
      <trkpt lat="37.77252" lon="-83.62134"/>
      <trkpt lat="37.77265" lon="-83.62207"/>
      <trkpt lat="37.77278" lon="-83.62329"/>
      <trkpt lat="37.77282" lon="-83.62501"/>
      <trkpt lat="37.77286" lon="-83.62621"/>
      <trkpt lat="37.77291" lon="-83.62791"/>
      <trkpt lat="37.77297" lon="-83.62855"/>
      <trkpt lat="37.77312" lon="-83.62902"/>
      <trkpt lat="37.77357" lon="-83.62999"/>
      <trkpt lat="37.77396" lon="-83.63053"/>
      <trkpt lat="37.77445" lon="-83.63089"/>
      <trkpt lat="37.77501" lon="-83.63104"/>
      <trkpt lat="37.77548" lon="-83.631"/>
      <trkpt lat="37.77574" lon="-83.63087"/>
      <trkpt lat="37.77625" lon="-83.63048"/>
      <trkpt lat="37.77642" lon="-83.63033"/>
      <trkpt lat="37.77709" lon="-83.62975"/>
      <trkpt lat="37.77752" lon="-83.62937"/>
      <trkpt lat="37.77791" lon="-83.62917"/>
      <trkpt lat="37.77833" lon="-83.6292"/>
      <trkpt lat="37.77909" lon="-83.62941"/>
      <trkpt lat="37.77939" lon="-83.62958"/>
      <trkpt lat="37.77973" lon="-83.62999"/>
      <trkpt lat="37.78029" lon="-83.63089"/>
      <trkpt lat="37.78048" lon="-83.63149"/>
      <trkpt lat="37.78057" lon="-83.63209"/>
      <trkpt lat="37.78059" lon="-83.63302"/>
      <trkpt lat="37.78065" lon="-83.63426"/>
      <trkpt lat="37.78089" lon="-83.63615"/>
      <trkpt lat="37.7811" lon="-83.63808"/>
      <trkpt lat="37.7813" lon="-83.63962"/>
      <trkpt lat="37.78132" lon="-83.64038"/>
      <trkpt lat="37.78117" lon="-83.64102"/>
      <trkpt lat="37.78091" lon="-83.64158"/>
      <trkpt lat="37.78063" lon="-83.64222"/>
      <trkpt lat="37.78052" lon="-83.64274"/>
      <trkpt lat="37.78048" lon="-83.64325"/>
      <trkpt lat="37.78052" lon="-83.64372"/>
      <trkpt lat="37.78063" lon="-83.64417"/>
      <trkpt lat="37.78082" lon="-83.64469"/>
      <trkpt lat="37.78147" lon="-83.64585"/>
      <trkpt lat="37.78192" lon="-83.64647"/>
      <trkpt lat="37.78269" lon="-83.64722"/>
      <trkpt lat="37.78327" lon="-83.64758"/>
      <trkpt lat="37.78398" lon="-83.64782"/>
      <trkpt lat="37.78486" lon="-83.64795"/>
      <trkpt lat="37.78572" lon="-83.64801"/>
      <trkpt lat="37.78621" lon="-83.64797"/>
      <trkpt lat="37.78803" lon="-83.64758"/>
      <trkpt lat="37.78831" lon="-83.64763"/>
      <trkpt lat="37.78863" lon="-83.6478"/>
      <trkpt lat="37.78881" lon="-83.64797"/>
      <trkpt lat="37.78908" lon="-83.6484"/>
      <trkpt lat="37.78924" lon="-83.64864"/>
      <trkpt lat="37.78951" lon="-83.64911"/>
      <trkpt lat="37.78962" lon="-83.64926"/>
      <trkpt lat="37.78996" lon="-83.64964"/>
      <trkpt lat="37.79024" lon="-83.6498"/>
      <trkpt lat="37.79185" lon="-83.64995"/>
      <trkpt lat="37.79235" lon="-83.65016"/>
      <trkpt lat="37.7929" lon="-83.6505"/>
      <trkpt lat="37.79505" lon="-83.65226"/>
      <trkpt lat="37.79612" lon="-83.65312"/>
      <trkpt lat="37.7967" lon="-83.65372"/>
      <trkpt lat="37.79711" lon="-83.65422"/>
      <trkpt lat="37.79767" lon="-83.65492"/>
      <trkpt lat="37.79775" lon="-83.65522"/>
      <trkpt lat="37.79778" lon="-83.65555"/>
      <trkpt lat="37.79771" lon="-83.65589"/>
      <trkpt lat="37.79754" lon="-83.65623"/>
      <trkpt lat="37.79732" lon="-83.65643"/>
      <trkpt lat="37.79696" lon="-83.65664"/>
      <trkpt lat="37.79653" lon="-83.65696"/>
      <trkpt lat="37.79602" lon="-83.65761"/>
      <trkpt lat="37.79576" lon="-83.65799"/>
      <trkpt lat="37.79561" lon="-83.65842"/>
      <trkpt lat="37.79546" lon="-83.65904"/>
      <trkpt lat="37.79541" lon="-83.65956"/>
      <trkpt lat="37.79544" lon="-83.66024"/>
      <trkpt lat="37.79552" lon="-83.66055"/>
      <trkpt lat="37.79569" lon="-83.66087"/>
      <trkpt lat="37.79625" lon="-83.66155"/>
      <trkpt lat="37.79698" lon="-83.66252"/>
      <trkpt lat="37.79711" lon="-83.66276"/>
      <trkpt lat="37.7973" lon="-83.66443"/>
      <trkpt lat="37.79724" lon="-83.66454"/>
      <trkpt lat="37.79713" lon="-83.66458"/>
      <trkpt lat="37.79692" lon="-83.66454"/>
      <trkpt lat="37.79666" lon="-83.66436"/>
      <trkpt lat="37.79627" lon="-83.66398"/>
      <trkpt lat="37.79608" lon="-83.66398"/>
      <trkpt lat="37.79593" lon="-83.66415"/>
      <trkpt lat="37.79554" lon="-83.66494"/>
      <trkpt lat="37.79505" lon="-83.66527"/>
      <trkpt lat="37.79496" lon="-83.66546"/>
      <trkpt lat="37.79509" lon="-83.6657"/>
      <trkpt lat="37.79535" lon="-83.66587"/>
      <trkpt lat="37.79569" lon="-83.66591"/>
      <trkpt lat="37.7961" lon="-83.66587"/>
      <trkpt lat="37.79636" lon="-83.66595"/>
      <trkpt lat="37.79696" lon="-83.66649"/>
      <trkpt lat="37.79726" lon="-83.66694"/>
      <trkpt lat="37.7973" lon="-83.66715"/>
      <trkpt lat="37.79728" lon="-83.66752"/>
      <trkpt lat="37.797" lon="-83.66816"/>
      <trkpt lat="37.79692" lon="-83.66855"/>
      <trkpt lat="37.79709" lon="-83.66947"/>
      <trkpt lat="37.79698" lon="-83.67089"/>
      <trkpt lat="37.79681" lon="-83.67269"/>
      <trkpt lat="37.79657" lon="-83.67383"/>
      <trkpt lat="37.79642" lon="-83.67462"/>
      <trkpt lat="37.79636" lon="-83.67574"/>
      <trkpt lat="37.79623" lon="-83.67623"/>
      <trkpt lat="37.79591" lon="-83.67681"/>
      <trkpt lat="37.79475" lon="-83.67831"/>
      <trkpt lat="37.79381" lon="-83.6796"/>
      <trkpt lat="37.79344" lon="-83.68033"/>
      <trkpt lat="37.79318" lon="-83.68108"/>
      <trkpt lat="37.79303" lon="-83.68194"/>
      <trkpt lat="37.79299" lon="-83.68278"/>
      <trkpt lat="37.79305" lon="-83.68378"/>
      <trkpt lat="37.79331" lon="-83.68503"/>
      <trkpt lat="37.79402" lon="-83.68827"/>
      <trkpt lat="37.79426" lon="-83.68908"/>
      <trkpt lat="37.79466" lon="-83.69009"/>
      <trkpt lat="37.79475" lon="-83.69063"/>
      <trkpt lat="37.79471" lon="-83.69162"/>
      <trkpt lat="37.79473" lon="-83.6923"/>
      <trkpt lat="37.7949" lon="-83.6931"/>
      <trkpt lat="37.79505" lon="-83.6934"/>
      <trkpt lat="37.79526" lon="-83.69363"/>
      <trkpt lat="37.79604" lon="-83.69415"/>
      <trkpt lat="37.79627" lon="-83.69428"/>
      <trkpt lat="37.79677" lon="-83.69462"/>
      <trkpt lat="37.79705" lon="-83.69505"/>
      <trkpt lat="37.79717" lon="-83.69552"/>
      <trkpt lat="37.79722" lon="-83.69651"/>
      <trkpt lat="37.79728" lon="-83.69805"/>
      <trkpt lat="37.79735" lon="-83.69906"/>
      <trkpt lat="37.79769" lon="-83.70177"/>
      <trkpt lat="37.7982" lon="-83.70359"/>
      <trkpt lat="37.79824" lon="-83.70372"/>
      <trkpt lat="37.79826" lon="-83.7038"/>
      <trkpt lat="37.79828" lon="-83.70387"/>
      <trkpt lat="37.79835" lon="-83.70413"/>
      <trkpt lat="37.79842" lon="-83.70432"/>
      <trkpt lat="37.79849" lon="-83.70453"/>
      <trkpt lat="37.79856" lon="-83.70479"/>
      <trkpt lat="37.79865" lon="-83.70508"/>
      <trkpt lat="37.79887" lon="-83.70586"/>
      <trkpt lat="37.79908" lon="-83.70656"/>
      <trkpt lat="37.79926" lon="-83.70694"/>
      <trkpt lat="37.79952" lon="-83.70723"/>
      <trkpt lat="37.79983" lon="-83.70743"/>
      <trkpt lat="37.80017" lon="-83.70756"/>
      <trkpt lat="37.8012" lon="-83.70794"/>
      <trkpt lat="37.80252" lon="-83.70842"/>
      <trkpt lat="37.80288" lon="-83.70856"/>
      <trkpt lat="37.80325" lon="-83.70878"/>
      <trkpt lat="37.80359" lon="-83.70904"/>
      <trkpt lat="37.80391" lon="-83.70935"/>
      <trkpt lat="37.8042" lon="-83.70968"/>
      <trkpt lat="37.80446" lon="-83.71004"/>
      <trkpt lat="37.80469" lon="-83.71043"/>
      <trkpt lat="37.80496" lon="-83.71082"/>
      <trkpt lat="37.80523" lon="-83.71119"/>
      <trkpt lat="37.80553" lon="-83.71153"/>
      <trkpt lat="37.80587" lon="-83.71181"/>
      <trkpt lat="37.80623" lon="-83.71205"/>
      <trkpt lat="37.80761" lon="-83.71293"/>
      <trkpt lat="37.80795" lon="-83.71308"/>
      <trkpt lat="37.80831" lon="-83.71312"/>
      <trkpt lat="37.80867" lon="-83.7131"/>
      <trkpt lat="37.80904" lon="-83.71303"/>
      <trkpt lat="37.80941" lon="-83.71296"/>
      <trkpt lat="37.80976" lon="-83.71301"/>
      <trkpt lat="37.81012" lon="-83.71314"/>
      <trkpt lat="37.81044" lon="-83.71335"/>
      <trkpt lat="37.81071" lon="-83.71363"/>
      <trkpt lat="37.81093" lon="-83.71398"/>
      <trkpt lat="37.81133" lon="-83.71484"/>
      <trkpt lat="37.81155" lon="-83.71526"/>
      <trkpt lat="37.8118" lon="-83.71561"/>
      <trkpt lat="37.81207" lon="-83.71591"/>
      <trkpt lat="37.81235" lon="-83.7162"/>
      <trkpt lat="37.81323" lon="-83.71705"/>
      <trkpt lat="37.81352" lon="-83.71734"/>
      <trkpt lat="37.81381" lon="-83.71765"/>
      <trkpt lat="37.81408" lon="-83.71796"/>
      <trkpt lat="37.81451" lon="-83.71849"/>
      <trkpt lat="37.81469" lon="-83.71875"/>
      <trkpt lat="37.81481" lon="-83.71877"/>
      <trkpt lat="37.81489" lon="-83.71869"/>
      <trkpt lat="37.81504" lon="-83.71854"/>
      <trkpt lat="37.81515" lon="-83.71841"/>
      <trkpt lat="37.81526" lon="-83.71823"/>
      <trkpt lat="37.81534" lon="-83.71794"/>
      <trkpt lat="37.81538" lon="-83.71763"/>
      <trkpt lat="37.81538" lon="-83.71731"/>
      <trkpt lat="37.8154" lon="-83.71697"/>
      <trkpt lat="37.81547" lon="-83.71663"/>
      <trkpt lat="37.81559" lon="-83.71633"/>
      <trkpt lat="37.81575" lon="-83.71605"/>
      <trkpt lat="37.8161" lon="-83.71552"/>
      <trkpt lat="37.81628" lon="-83.71524"/>
      <trkpt lat="37.81644" lon="-83.71494"/>
      <trkpt lat="37.81657" lon="-83.71463"/>
      <trkpt lat="37.81664" lon="-83.71429"/>
      <trkpt lat="37.81667" lon="-83.71397"/>
      <trkpt lat="37.81665" lon="-83.71364"/>
      <trkpt lat="37.81663" lon="-83.7133"/>
      <trkpt lat="37.81658" lon="-83.71294"/>
      <trkpt lat="37.81653" lon="-83.71256"/>
      <trkpt lat="37.81635" lon="-83.71185"/>
      <trkpt lat="37.81626" lon="-83.71157"/>
      <trkpt lat="37.81615" lon="-83.7113"/>
      <trkpt lat="37.81603" lon="-83.71106"/>
      <trkpt lat="37.8159" lon="-83.71083"/>
      <trkpt lat="37.81576" lon="-83.71058"/>
      <trkpt lat="37.81568" lon="-83.71031"/>
      <trkpt lat="37.81564" lon="-83.71001"/>
      <trkpt lat="37.81565" lon="-83.70972"/>
      <trkpt lat="37.81571" lon="-83.70942"/>
      <trkpt lat="37.81577" lon="-83.70911"/>
      <trkpt lat="37.8158" lon="-83.70879"/>
      <trkpt lat="37.81576" lon="-83.70851"/>
      <trkpt lat="37.81572" lon="-83.70823"/>
      <trkpt lat="37.81562" lon="-83.70798"/>
      <trkpt lat="37.81549" lon="-83.70778"/>
      <trkpt lat="37.81538" lon="-83.70759"/>
      <trkpt lat="37.81529" lon="-83.70738"/>
      <trkpt lat="37.81519" lon="-83.70717"/>
      <trkpt lat="37.81504" lon="-83.70692"/>
      <trkpt lat="37.81491" lon="-83.70665"/>
      <trkpt lat="37.8148" lon="-83.70635"/>
      <trkpt lat="37.81471" lon="-83.70605"/>
      <trkpt lat="37.8146" lon="-83.70578"/>
      <trkpt lat="37.8145" lon="-83.7055"/>
      <trkpt lat="37.81443" lon="-83.70519"/>
      <trkpt lat="37.81438" lon="-83.70485"/>
      <trkpt lat="37.81433" lon="-83.70454"/>
      <trkpt lat="37.81426" lon="-83.70421"/>
      <trkpt lat="37.81421" lon="-83.70386"/>
      <trkpt lat="37.81421" lon="-83.70352"/>
      <trkpt lat="37.81426" lon="-83.70318"/>
      <trkpt lat="37.81429" lon="-83.70285"/>
      <trkpt lat="37.81431" lon="-83.70251"/>
      <trkpt lat="37.81436" lon="-83.70181"/>
      <trkpt lat="37.8143" lon="-83.70149"/>
      <trkpt lat="37.81416" lon="-83.70117"/>
      <trkpt lat="37.81402" lon="-83.70084"/>
      <trkpt lat="37.8139" lon="-83.70049"/>
      <trkpt lat="37.81381" lon="-83.70013"/>
      <trkpt lat="37.81374" lon="-83.69978"/>
      <trkpt lat="37.81372" lon="-83.69943"/>
      <trkpt lat="37.81375" lon="-83.69908"/>
      <trkpt lat="37.81381" lon="-83.69876"/>
      <trkpt lat="37.81385" lon="-83.69845"/>
      <trkpt lat="37.81381" lon="-83.69815"/>
      <trkpt lat="37.81372" lon="-83.69783"/>
      <trkpt lat="37.81368" lon="-83.69749"/>
      <trkpt lat="37.81364" lon="-83.69713"/>
      <trkpt lat="37.81366" lon="-83.69678"/>
      <trkpt lat="37.81374" lon="-83.69643"/>
      <trkpt lat="37.81387" lon="-83.69612"/>
      <trkpt lat="37.81401" lon="-83.69584"/>
      <trkpt lat="37.81415" lon="-83.69557"/>
      <trkpt lat="37.8143" lon="-83.69532"/>
      <trkpt lat="37.81446" lon="-83.69509"/>
      <trkpt lat="37.81485" lon="-83.69468"/>
      <trkpt lat="37.81503" lon="-83.69445"/>
      <trkpt lat="37.81517" lon="-83.69421"/>
      <trkpt lat="37.81527" lon="-83.69396"/>
      <trkpt lat="37.81534" lon="-83.69371"/>
      <trkpt lat="37.81535" lon="-83.69342"/>
      <trkpt lat="37.81538" lon="-83.69305"/>
      <trkpt lat="37.81541" lon="-83.69267"/>
      <trkpt lat="37.81544" lon="-83.69229"/>
      <trkpt lat="37.8155" lon="-83.69188"/>
      <trkpt lat="37.81555" lon="-83.69149"/>
      <trkpt lat="37.81567" lon="-83.69112"/>
      <trkpt lat="37.81579" lon="-83.69078"/>
      <trkpt lat="37.81594" lon="-83.69042"/>
      <trkpt lat="37.8161" lon="-83.69004"/>
      <trkpt lat="37.81621" lon="-83.6897"/>
      <trkpt lat="37.81632" lon="-83.68934"/>
      <trkpt lat="37.81654" lon="-83.68866"/>
      <trkpt lat="37.81661" lon="-83.68831"/>
      <trkpt lat="37.81667" lon="-83.68793"/>
      <trkpt lat="37.81678" lon="-83.68726"/>
      <trkpt lat="37.81681" lon="-83.68693"/>
      <trkpt lat="37.81682" lon="-83.68661"/>
      <trkpt lat="37.81676" lon="-83.68594"/>
      <trkpt lat="37.81671" lon="-83.68555"/>
      <trkpt lat="37.81663" lon="-83.68516"/>
      <trkpt lat="37.81661" lon="-83.68482"/>
      <trkpt lat="37.81661" lon="-83.68449"/>
      <trkpt lat="37.81662" lon="-83.68416"/>
      <trkpt lat="37.81666" lon="-83.68384"/>
      <trkpt lat="37.81671" lon="-83.68354"/>
      <trkpt lat="37.81685" lon="-83.68305"/>
      <trkpt lat="37.81692" lon="-83.68285"/>
      <trkpt lat="37.81697" lon="-83.68267"/>
      <trkpt lat="37.81697" lon="-83.68244"/>
      <trkpt lat="37.81736" lon="-83.67981"/>
      <trkpt lat="37.81736" lon="-83.67967"/>
      <trkpt lat="37.81737" lon="-83.67941"/>
      <trkpt lat="37.81745" lon="-83.67924"/>
      <trkpt lat="37.81746" lon="-83.67913"/>
      <trkpt lat="37.81746" lon="-83.67891"/>
      <trkpt lat="37.81743" lon="-83.67863"/>
      <trkpt lat="37.81738" lon="-83.67832"/>
      <trkpt lat="37.81752" lon="-83.67797"/>
      <trkpt lat="37.81762" lon="-83.67761"/>
      <trkpt lat="37.81756" lon="-83.67744"/>
      <trkpt lat="37.81739" lon="-83.67733"/>
      <trkpt lat="37.8172" lon="-83.67723"/>
      <trkpt lat="37.81691" lon="-83.67724"/>
      <trkpt lat="37.81667" lon="-83.67716"/>
      <trkpt lat="37.8164" lon="-83.67699"/>
      <trkpt lat="37.81616" lon="-83.67678"/>
      <trkpt lat="37.81596" lon="-83.67656"/>
      <trkpt lat="37.81588" lon="-83.6763"/>
      <trkpt lat="37.81592" lon="-83.67602"/>
      <trkpt lat="37.81606" lon="-83.67573"/>
      <trkpt lat="37.81619" lon="-83.67543"/>
      <trkpt lat="37.81624" lon="-83.67511"/>
      <trkpt lat="37.81625" lon="-83.67481"/>
      <trkpt lat="37.81636" lon="-83.67459"/>
      <trkpt lat="37.81657" lon="-83.67444"/>
      <trkpt lat="37.8168" lon="-83.6744"/>
      <trkpt lat="37.81706" lon="-83.67434"/>
      <trkpt lat="37.81705" lon="-83.67418"/>
      <trkpt lat="37.81692" lon="-83.67402"/>
      <trkpt lat="37.81675" lon="-83.67392"/>
      <trkpt lat="37.81667" lon="-83.67372"/>
      <trkpt lat="37.81668" lon="-83.67338"/>
      <trkpt lat="37.81678" lon="-83.67296"/>
      <trkpt lat="37.81695" lon="-83.67255"/>
      <trkpt lat="37.81708" lon="-83.67206"/>
      <trkpt lat="37.81719" lon="-83.67154"/>
      <trkpt lat="37.81738" lon="-83.67123"/>
      <trkpt lat="37.81761" lon="-83.67092"/>
      <trkpt lat="37.81784" lon="-83.67058"/>
      <trkpt lat="37.81807" lon="-83.67027"/>
      <trkpt lat="37.81834" lon="-83.66998"/>
      <trkpt lat="37.81851" lon="-83.66962"/>
      <trkpt lat="37.81866" lon="-83.66927"/>
      <trkpt lat="37.81878" lon="-83.66891"/>
      <trkpt lat="37.81898" lon="-83.66822"/>
      <trkpt lat="37.8191" lon="-83.66793"/>
      <trkpt lat="37.81927" lon="-83.66769"/>
      <trkpt lat="37.81953" lon="-83.66741"/>
      <trkpt lat="37.81979" lon="-83.66714"/>
      <trkpt lat="37.82007" lon="-83.66688"/>
      <trkpt lat="37.82034" lon="-83.66661"/>
      <trkpt lat="37.8206" lon="-83.66634"/>
      <trkpt lat="37.82083" lon="-83.66603"/>
      <trkpt lat="37.82106" lon="-83.66567"/>
      <trkpt lat="37.82129" lon="-83.6653"/>
      <trkpt lat="37.82153" lon="-83.66493"/>
      <trkpt lat="37.82177" lon="-83.66459"/>
      <trkpt lat="37.82202" lon="-83.66432"/>
      <trkpt lat="37.82228" lon="-83.66406"/>
      <trkpt lat="37.82253" lon="-83.66379"/>
      <trkpt lat="37.82329" lon="-83.66298"/>
      <trkpt lat="37.82355" lon="-83.6627"/>
      <trkpt lat="37.82381" lon="-83.66246"/>
      <trkpt lat="37.82409" lon="-83.66226"/>
      <trkpt lat="37.82438" lon="-83.6621"/>
      <trkpt lat="37.82471" lon="-83.66197"/>
      <trkpt lat="37.82505" lon="-83.66182"/>
      <trkpt lat="37.82538" lon="-83.66168"/>
      <trkpt lat="37.8257" lon="-83.66152"/>
      <trkpt lat="37.82599" lon="-83.6614"/>
      <trkpt lat="37.82627" lon="-83.66134"/>
      <trkpt lat="37.82656" lon="-83.66136"/>
      <trkpt lat="37.82685" lon="-83.66141"/>
      <trkpt lat="37.82714" lon="-83.66148"/>
      <trkpt lat="37.82744" lon="-83.66157"/>
      <trkpt lat="37.82773" lon="-83.66167"/>
      <trkpt lat="37.82802" lon="-83.66181"/>
      <trkpt lat="37.82829" lon="-83.66195"/>
      <trkpt lat="37.82854" lon="-83.66211"/>
      <trkpt lat="37.82903" lon="-83.66237"/>
      <trkpt lat="37.82928" lon="-83.66245"/>
      <trkpt lat="37.8295" lon="-83.66245"/>
      <trkpt lat="37.82971" lon="-83.66247"/>
      <trkpt lat="37.82993" lon="-83.66242"/>
      <trkpt lat="37.83011" lon="-83.66234"/>
      <trkpt lat="37.83027" lon="-83.66224"/>
      <trkpt lat="37.83046" lon="-83.66224"/>
      <trkpt lat="37.83055" lon="-83.66212"/>
      <trkpt lat="37.83072" lon="-83.662"/>
      <trkpt lat="37.8309" lon="-83.6619"/>
      <trkpt lat="37.83113" lon="-83.66184"/>
      <trkpt lat="37.83138" lon="-83.66183"/>
      <trkpt lat="37.83164" lon="-83.66182"/>
      <trkpt lat="37.83223" lon="-83.66177"/>
      <trkpt lat="37.83242" lon="-83.66169"/>
      <trkpt lat="37.8326" lon="-83.66156"/>
      <trkpt lat="37.83272" lon="-83.66134"/>
      <trkpt lat="37.83277" lon="-83.66108"/>
      <trkpt lat="37.8328" lon="-83.66077"/>
      <trkpt lat="37.83288" lon="-83.66051"/>
      <trkpt lat="37.83303" lon="-83.66033"/>
      <trkpt lat="37.83322" lon="-83.66019"/>
      <trkpt lat="37.8334" lon="-83.66007"/>
      <trkpt lat="37.83357" lon="-83.65994"/>
      <trkpt lat="37.83374" lon="-83.65987"/>
      <trkpt lat="37.83386" lon="-83.65982"/>
      <trkpt lat="37.83392" lon="-83.6599"/>
      <trkpt lat="37.83397" lon="-83.66001"/>
      <trkpt lat="37.83414" lon="-83.66062"/>
      <trkpt lat="37.83425" lon="-83.66095"/>
      <trkpt lat="37.83436" lon="-83.66125"/>
      <trkpt lat="37.83451" lon="-83.66163"/>
      <trkpt lat="37.83455" lon="-83.66178"/>
      <trkpt lat="37.83461" lon="-83.6619"/>
      <trkpt lat="37.83473" lon="-83.66214"/>
      <trkpt lat="37.83478" lon="-83.66228"/>
      <trkpt lat="37.83488" lon="-83.66254"/>
      <trkpt lat="37.83506" lon="-83.66269"/>
      <trkpt lat="37.83523" lon="-83.66271"/>
      <trkpt lat="37.83547" lon="-83.6626"/>
      <trkpt lat="37.83555" lon="-83.66254"/>
      <trkpt lat="37.83564" lon="-83.66248"/>
      <trkpt lat="37.83617" lon="-83.66208"/>
      <trkpt lat="37.83639" lon="-83.6619"/>
      <trkpt lat="37.83662" lon="-83.6617"/>
      <trkpt lat="37.83719" lon="-83.66126"/>
      <trkpt lat="37.8374" lon="-83.66111"/>
      <trkpt lat="37.83751" lon="-83.66104"/>
      <trkpt lat="37.83763" lon="-83.66099"/>
      <trkpt lat="37.83788" lon="-83.6609"/>
      <trkpt lat="37.83803" lon="-83.66086"/>
      <trkpt lat="37.83816" lon="-83.66085"/>
      <trkpt lat="37.83829" lon="-83.66084"/>
      <trkpt lat="37.83855" lon="-83.66083"/>
      <trkpt lat="37.83865" lon="-83.66084"/>
      <trkpt lat="37.83887" lon="-83.66083"/>
      <trkpt lat="37.83898" lon="-83.66082"/>
      <trkpt lat="37.8392" lon="-83.66078"/>
      <trkpt lat="37.83954" lon="-83.66078"/>
      <trkpt lat="37.83998" lon="-83.66095"/>
      <trkpt lat="37.84008" lon="-83.66101"/>
      <trkpt lat="37.84017" lon="-83.6611"/>
      <trkpt lat="37.84036" lon="-83.66127"/>
      <trkpt lat="37.84055" lon="-83.66142"/>
      <trkpt lat="37.84064" lon="-83.6615"/>
      <trkpt lat="37.84087" lon="-83.66159"/>
      <trkpt lat="37.84098" lon="-83.66162"/>
      <trkpt lat="37.84121" lon="-83.66165"/>
      <trkpt lat="37.84132" lon="-83.66165"/>
      <trkpt lat="37.84155" lon="-83.66161"/>
      <trkpt lat="37.84166" lon="-83.66159"/>
      <trkpt lat="37.84188" lon="-83.66153"/>
      <trkpt lat="37.84209" lon="-83.66155"/>
      <trkpt lat="37.84219" lon="-83.66157"/>
      <trkpt lat="37.84243" lon="-83.66165"/>
      <trkpt lat="37.84254" lon="-83.66172"/>
      <trkpt lat="37.84272" lon="-83.66187"/>
      <trkpt lat="37.84287" lon="-83.66201"/>
      <trkpt lat="37.84298" lon="-83.66216"/>
      <trkpt lat="37.84304" lon="-83.66239"/>
      <trkpt lat="37.84307" lon="-83.6625"/>
      <trkpt lat="37.84318" lon="-83.66284"/>
      <trkpt lat="37.84323" lon="-83.66294"/>
      <trkpt lat="37.84327" lon="-83.66306"/>
      <trkpt lat="37.84338" lon="-83.66329"/>
      <trkpt lat="37.84353" lon="-83.6635"/>
      <trkpt lat="37.84368" lon="-83.66369"/>
      <trkpt lat="37.84377" lon="-83.66377"/>
      <trkpt lat="37.84397" lon="-83.66394"/>
      <trkpt lat="37.84405" lon="-83.66402"/>
      <trkpt lat="37.84413" lon="-83.66408"/>
      <trkpt lat="37.84427" lon="-83.6642"/>
      <trkpt lat="37.84442" lon="-83.66428"/>
      <trkpt lat="37.8446" lon="-83.66438"/>
      <trkpt lat="37.84482" lon="-83.66455"/>
      <trkpt lat="37.84496" lon="-83.66467"/>
      <trkpt lat="37.84511" lon="-83.66483"/>
      <trkpt lat="37.84518" lon="-83.66491"/>
      <trkpt lat="37.84526" lon="-83.66498"/>
      <trkpt lat="37.84551" lon="-83.66519"/>
      <trkpt lat="37.84559" lon="-83.66527"/>
      <trkpt lat="37.84586" lon="-83.6655"/>
      <trkpt lat="37.84594" lon="-83.66559"/>
      <trkpt lat="37.846" lon="-83.66568"/>
      <trkpt lat="37.84608" lon="-83.66576"/>
      <trkpt lat="37.84624" lon="-83.66592"/>
      <trkpt lat="37.84624" lon="-83.66618"/>
      <trkpt lat="37.84623" lon="-83.66633"/>
      <trkpt lat="37.84613" lon="-83.66705"/>
      <trkpt lat="37.84602" lon="-83.6673"/>
      <trkpt lat="37.84596" lon="-83.66741"/>
      <trkpt lat="37.84583" lon="-83.66758"/>
      <trkpt lat="37.84571" lon="-83.66779"/>
      <trkpt lat="37.84565" lon="-83.66791"/>
      <trkpt lat="37.8455" lon="-83.66812"/>
      <trkpt lat="37.84543" lon="-83.66825"/>
      <trkpt lat="37.84529" lon="-83.66846"/>
      <trkpt lat="37.84521" lon="-83.66856"/>
      <trkpt lat="37.84513" lon="-83.66868"/>
      <trkpt lat="37.84498" lon="-83.66892"/>
      <trkpt lat="37.84489" lon="-83.66902"/>
      <trkpt lat="37.84482" lon="-83.66912"/>
      <trkpt lat="37.84465" lon="-83.66928"/>
      <trkpt lat="37.84457" lon="-83.66936"/>
      <trkpt lat="37.84448" lon="-83.66941"/>
      <trkpt lat="37.8444" lon="-83.66949"/>
      <trkpt lat="37.84422" lon="-83.66971"/>
      <trkpt lat="37.844" lon="-83.67007"/>
      <trkpt lat="37.84394" lon="-83.67018"/>
      <trkpt lat="37.84389" lon="-83.67028"/>
      <trkpt lat="37.84372" lon="-83.67068"/>
      <trkpt lat="37.84363" lon="-83.67087"/>
      <trkpt lat="37.84349" lon="-83.67116"/>
      <trkpt lat="37.84344" lon="-83.67127"/>
      <trkpt lat="37.84313" lon="-83.67192"/>
      <trkpt lat="37.84306" lon="-83.6721"/>
      <trkpt lat="37.843" lon="-83.67228"/>
      <trkpt lat="37.84295" lon="-83.6726"/>
      <trkpt lat="37.84294" lon="-83.67274"/>
      <trkpt lat="37.84295" lon="-83.67286"/>
      <trkpt lat="37.84304" lon="-83.67314"/>
      <trkpt lat="37.84316" lon="-83.67336"/>
      <trkpt lat="37.84324" lon="-83.67356"/>
      <trkpt lat="37.84342" lon="-83.67393"/>
      <trkpt lat="37.84353" lon="-83.67419"/>
      <trkpt lat="37.84368" lon="-83.67444"/>
      <trkpt lat="37.84376" lon="-83.67457"/>
      <trkpt lat="37.84385" lon="-83.67466"/>
      <trkpt lat="37.84405" lon="-83.67488"/>
      <trkpt lat="37.84414" lon="-83.675"/>
      <trkpt lat="37.84432" lon="-83.67526"/>
      <trkpt lat="37.84449" lon="-83.67554"/>
      <trkpt lat="37.84457" lon="-83.67569"/>
      <trkpt lat="37.84478" lon="-83.67595"/>
      <trkpt lat="37.8449" lon="-83.67608"/>
      <trkpt lat="37.84512" lon="-83.67636"/>
      <trkpt lat="37.84536" lon="-83.67664"/>
      <trkpt lat="37.84562" lon="-83.67693"/>
      <trkpt lat="37.84586" lon="-83.67722"/>
      <trkpt lat="37.84613" lon="-83.67748"/>
      <trkpt lat="37.84651" lon="-83.67784"/>
      <trkpt lat="37.84677" lon="-83.67805"/>
      <trkpt lat="37.84716" lon="-83.67834"/>
      <trkpt lat="37.84729" lon="-83.67844"/>
      <trkpt lat="37.84739" lon="-83.67857"/>
      <trkpt lat="37.84759" lon="-83.67884"/>
      <trkpt lat="37.84782" lon="-83.6791"/>
      <trkpt lat="37.8479" lon="-83.67925"/>
      <trkpt lat="37.84804" lon="-83.67957"/>
      <trkpt lat="37.8481" lon="-83.67975"/>
      <trkpt lat="37.8482" lon="-83.68008"/>
      <trkpt lat="37.84825" lon="-83.68042"/>
      <trkpt lat="37.84818" lon="-83.68074"/>
      <trkpt lat="37.84813" lon="-83.6809"/>
      <trkpt lat="37.84798" lon="-83.68119"/>
      <trkpt lat="37.84765" lon="-83.68178"/>
      <trkpt lat="37.84748" lon="-83.68209"/>
      <trkpt lat="37.8474" lon="-83.68225"/>
      <trkpt lat="37.84725" lon="-83.68257"/>
      <trkpt lat="37.84712" lon="-83.6829"/>
      <trkpt lat="37.84704" lon="-83.68307"/>
      <trkpt lat="37.84696" lon="-83.68337"/>
      <trkpt lat="37.84693" lon="-83.68368"/>
      <trkpt lat="37.84697" lon="-83.68402"/>
      <trkpt lat="37.84712" lon="-83.68432"/>
      <trkpt lat="37.84722" lon="-83.68445"/>
      <trkpt lat="37.84746" lon="-83.68464"/>
      <trkpt lat="37.84759" lon="-83.68471"/>
      <trkpt lat="37.84787" lon="-83.68483"/>
      <trkpt lat="37.84799" lon="-83.68487"/>
      <trkpt lat="37.84876" lon="-83.6851"/>
      <trkpt lat="37.84887" lon="-83.68515"/>
      <trkpt lat="37.84907" lon="-83.68528"/>
      <trkpt lat="37.84925" lon="-83.68546"/>
      <trkpt lat="37.84933" lon="-83.68557"/>
      <trkpt lat="37.84947" lon="-83.68582"/>
      <trkpt lat="37.8496" lon="-83.6861"/>
      <trkpt lat="37.84965" lon="-83.68625"/>
      <trkpt lat="37.84991" lon="-83.68693"/>
      <trkpt lat="37.85004" lon="-83.68729"/>
      <trkpt lat="37.8501" lon="-83.68747"/>
      <trkpt lat="37.85017" lon="-83.68786"/>
      <trkpt lat="37.85017" lon="-83.68806"/>
      <trkpt lat="37.85017" lon="-83.68847"/>
      <trkpt lat="37.85016" lon="-83.68867"/>
      <trkpt lat="37.85014" lon="-83.68907"/>
      <trkpt lat="37.85006" lon="-83.68941"/>
      <trkpt lat="37.85001" lon="-83.68956"/>
      <trkpt lat="37.84996" lon="-83.68967"/>
      <trkpt lat="37.84979" lon="-83.68973"/>
      <trkpt lat="37.84957" lon="-83.68974"/>
      <trkpt lat="37.84934" lon="-83.68967"/>
      <trkpt lat="37.84908" lon="-83.6896"/>
      <trkpt lat="37.84896" lon="-83.68957"/>
      <trkpt lat="37.84885" lon="-83.68962"/>
      <trkpt lat="37.84868" lon="-83.68975"/>
      <trkpt lat="37.84851" lon="-83.68992"/>
      <trkpt lat="37.84831" lon="-83.69011"/>
      <trkpt lat="37.84808" lon="-83.69026"/>
      <trkpt lat="37.84784" lon="-83.69037"/>
      <trkpt lat="37.84757" lon="-83.69039"/>
      <trkpt lat="37.84744" lon="-83.69039"/>
      <trkpt lat="37.84717" lon="-83.69039"/>
      <trkpt lat="37.84704" lon="-83.69039"/>
      <trkpt lat="37.84665" lon="-83.69042"/>
      <trkpt lat="37.84638" lon="-83.69052"/>
      <trkpt lat="37.84613" lon="-83.69071"/>
      <trkpt lat="37.84596" lon="-83.69067"/>
      <trkpt lat="37.8458" lon="-83.69067"/>
      <trkpt lat="37.84513" lon="-83.69067"/>
      <trkpt lat="37.84483" lon="-83.69076"/>
      <trkpt lat="37.84465" lon="-83.69084"/>
      <trkpt lat="37.8443" lon="-83.69092"/>
      <trkpt lat="37.84414" lon="-83.69097"/>
      <trkpt lat="37.84381" lon="-83.69106"/>
      <trkpt lat="37.84364" lon="-83.69106"/>
      <trkpt lat="37.84331" lon="-83.69108"/>
      <trkpt lat="37.84314" lon="-83.69107"/>
      <trkpt lat="37.84298" lon="-83.69104"/>
      <trkpt lat="37.84265" lon="-83.69099"/>
      <trkpt lat="37.84247" lon="-83.69095"/>
      <trkpt lat="37.8423" lon="-83.69097"/>
      <trkpt lat="37.84183" lon="-83.69093"/>
      <trkpt lat="37.8415" lon="-83.69086"/>
      <trkpt lat="37.84072" lon="-83.69075"/>
      <trkpt lat="37.84058" lon="-83.6907"/>
      <trkpt lat="37.8403" lon="-83.6906"/>
      <trkpt lat="37.83971" lon="-83.69039"/>
      <trkpt lat="37.8394" lon="-83.69029"/>
      <trkpt lat="37.8391" lon="-83.69026"/>
      <trkpt lat="37.83894" lon="-83.69027"/>
      <trkpt lat="37.83871" lon="-83.69038"/>
      <trkpt lat="37.83849" lon="-83.69055"/>
      <trkpt lat="37.83827" lon="-83.69074"/>
      <trkpt lat="37.83817" lon="-83.69085"/>
      <trkpt lat="37.83808" lon="-83.69099"/>
      <trkpt lat="37.83799" lon="-83.69112"/>
      <trkpt lat="37.8378" lon="-83.69138"/>
      <trkpt lat="37.83771" lon="-83.69151"/>
      <trkpt lat="37.83744" lon="-83.6919"/>
      <trkpt lat="37.83728" lon="-83.69217"/>
      <trkpt lat="37.83719" lon="-83.69231"/>
      <trkpt lat="37.83721" lon="-83.69252"/>
      <trkpt lat="37.83746" lon="-83.69289"/>
      <trkpt lat="37.83768" lon="-83.69317"/>
      <trkpt lat="37.83793" lon="-83.69346"/>
      <trkpt lat="37.83807" lon="-83.69361"/>
      <trkpt lat="37.83832" lon="-83.6939"/>
      <trkpt lat="37.83844" lon="-83.69403"/>
      <trkpt lat="37.83869" lon="-83.69428"/>
      <trkpt lat="37.83897" lon="-83.69451"/>
      <trkpt lat="37.83928" lon="-83.69474"/>
      <trkpt lat="37.83958" lon="-83.69494"/>
      <trkpt lat="37.84003" lon="-83.69521"/>
      <trkpt lat="37.8402" lon="-83.69529"/>
      <trkpt lat="37.84053" lon="-83.69545"/>
      <trkpt lat="37.84084" lon="-83.69563"/>
      <trkpt lat="37.84101" lon="-83.69571"/>
      <trkpt lat="37.84117" lon="-83.69578"/>
      <trkpt lat="37.8415" lon="-83.69595"/>
      <trkpt lat="37.84166" lon="-83.69601"/>
      <trkpt lat="37.84181" lon="-83.69607"/>
      <trkpt lat="37.84207" lon="-83.69617"/>
      <trkpt lat="37.84218" lon="-83.6962"/>
      <trkpt lat="37.84239" lon="-83.69628"/>
      <trkpt lat="37.84259" lon="-83.69632"/>
      <trkpt lat="37.84274" lon="-83.69634"/>
      <trkpt lat="37.84292" lon="-83.69633"/>
      <trkpt lat="37.84311" lon="-83.69644"/>
      <trkpt lat="37.84329" lon="-83.69669"/>
      <trkpt lat="37.84336" lon="-83.69685"/>
      <trkpt lat="37.84344" lon="-83.69702"/>
      <trkpt lat="37.84359" lon="-83.69742"/>
      <trkpt lat="37.84364" lon="-83.69763"/>
      <trkpt lat="37.84366" lon="-83.69784"/>
      <trkpt lat="37.84367" lon="-83.69806"/>
      <trkpt lat="37.84365" lon="-83.69827"/>
      <trkpt lat="37.84346" lon="-83.69914"/>
      <trkpt lat="37.84339" lon="-83.69936"/>
      <trkpt lat="37.84322" lon="-83.69978"/>
      <trkpt lat="37.84312" lon="-83.69998"/>
      <trkpt lat="37.84291" lon="-83.70037"/>
      <trkpt lat="37.84279" lon="-83.70056"/>
      <trkpt lat="37.84267" lon="-83.70074"/>
      <trkpt lat="37.84254" lon="-83.70089"/>
      <trkpt lat="37.84225" lon="-83.70115"/>
      <trkpt lat="37.8421" lon="-83.70126"/>
      <trkpt lat="37.84177" lon="-83.70143"/>
      <trkpt lat="37.84142" lon="-83.7016"/>
      <trkpt lat="37.84108" lon="-83.70178"/>
      <trkpt lat="37.84092" lon="-83.70187"/>
      <trkpt lat="37.84041" lon="-83.70216"/>
      <trkpt lat="37.84009" lon="-83.70238"/>
      <trkpt lat="37.83977" lon="-83.70263"/>
      <trkpt lat="37.83963" lon="-83.70277"/>
      <trkpt lat="37.83951" lon="-83.70293"/>
      <trkpt lat="37.83928" lon="-83.70325"/>
      <trkpt lat="37.83899" lon="-83.70376"/>
      <trkpt lat="37.8388" lon="-83.70414"/>
      <trkpt lat="37.83871" lon="-83.70434"/>
      <trkpt lat="37.8385" lon="-83.70475"/>
      <trkpt lat="37.83808" lon="-83.70561"/>
      <trkpt lat="37.83798" lon="-83.70582"/>
      <trkpt lat="37.83788" lon="-83.70602"/>
      <trkpt lat="37.8377" lon="-83.70643"/>
      <trkpt lat="37.83761" lon="-83.70663"/>
      <trkpt lat="37.83753" lon="-83.70684"/>
      <trkpt lat="37.83739" lon="-83.70725"/>
      <trkpt lat="37.83733" lon="-83.70745"/>
      <trkpt lat="37.83722" lon="-83.70786"/>
      <trkpt lat="37.83717" lon="-83.70808"/>
      <trkpt lat="37.83708" lon="-83.70855"/>
      <trkpt lat="37.837" lon="-83.709"/>
      <trkpt lat="37.83689" lon="-83.70969"/>
      <trkpt lat="37.8368" lon="-83.71015"/>
      <trkpt lat="37.83674" lon="-83.71037"/>
      <trkpt lat="37.83662" lon="-83.71079"/>
      <trkpt lat="37.83634" lon="-83.71168"/>
      <trkpt lat="37.83624" lon="-83.71211"/>
      <trkpt lat="37.83621" lon="-83.71232"/>
      <trkpt lat="37.83616" lon="-83.71274"/>
      <trkpt lat="37.83613" lon="-83.71296"/>
      <trkpt lat="37.8361" lon="-83.71362"/>
      <trkpt lat="37.83612" lon="-83.71406"/>
      <trkpt lat="37.83614" lon="-83.71428"/>
      <trkpt lat="37.83623" lon="-83.71469"/>
      <trkpt lat="37.83639" lon="-83.71506"/>
      <trkpt lat="37.83662" lon="-83.71537"/>
      <trkpt lat="37.83674" lon="-83.7155"/>
      <trkpt lat="37.83701" lon="-83.71574"/>
      <trkpt lat="37.83741" lon="-83.71609"/>
      <trkpt lat="37.83754" lon="-83.71621"/>
      <trkpt lat="37.83781" lon="-83.71644"/>
      <trkpt lat="37.83795" lon="-83.71654"/>
      <trkpt lat="37.83809" lon="-83.71662"/>
      <trkpt lat="37.83839" lon="-83.71678"/>
      <trkpt lat="37.83909" lon="-83.71716"/>
      <trkpt lat="37.83954" lon="-83.71738"/>
      <trkpt lat="37.83973" lon="-83.71749"/>
      <trkpt lat="37.83983" lon="-83.71755"/>
      <trkpt lat="37.84003" lon="-83.71767"/>
      <trkpt lat="37.84023" lon="-83.7178"/>
      <trkpt lat="37.84046" lon="-83.71792"/>
      <trkpt lat="37.84058" lon="-83.71798"/>
      <trkpt lat="37.84085" lon="-83.71812"/>
      <trkpt lat="37.84116" lon="-83.7183"/>
      <trkpt lat="37.84149" lon="-83.71847"/>
      <trkpt lat="37.8418" lon="-83.71866"/>
      <trkpt lat="37.84212" lon="-83.71885"/>
      <trkpt lat="37.84228" lon="-83.71895"/>
      <trkpt lat="37.84276" lon="-83.71927"/>
      <trkpt lat="37.84306" lon="-83.71951"/>
      <trkpt lat="37.84338" lon="-83.71973"/>
      <trkpt lat="37.84353" lon="-83.71983"/>
      <trkpt lat="37.84384" lon="-83.72005"/>
      <trkpt lat="37.844" lon="-83.72015"/>
      <trkpt lat="37.84429" lon="-83.72042"/>
      <trkpt lat="37.84457" lon="-83.7207"/>
      <trkpt lat="37.84471" lon="-83.72085"/>
      <trkpt lat="37.8451" lon="-83.72133"/>
      <trkpt lat="37.84539" lon="-83.72154"/>
      <trkpt lat="37.84555" lon="-83.72162"/>
      <trkpt lat="37.84586" lon="-83.72173"/>
      <trkpt lat="37.84617" lon="-83.72181"/>
      <trkpt lat="37.84633" lon="-83.72182"/>
      <trkpt lat="37.84695" lon="-83.72186"/>
      <trkpt lat="37.84758" lon="-83.72193"/>
      <trkpt lat="37.84775" lon="-83.72196"/>
      <trkpt lat="37.84792" lon="-83.72196"/>
      <trkpt lat="37.84799" lon="-83.72178"/>
      <trkpt lat="37.8481" lon="-83.72156"/>
      <trkpt lat="37.8482" lon="-83.72131"/>
      <trkpt lat="37.84836" lon="-83.72083"/>
      <trkpt lat="37.8484" lon="-83.72067"/>
      <trkpt lat="37.84846" lon="-83.72039"/>
      <trkpt lat="37.84852" lon="-83.7201"/>
      <trkpt lat="37.84863" lon="-83.71934"/>
      <trkpt lat="37.84867" lon="-83.71923"/>
      <trkpt lat="37.84877" lon="-83.71902"/>
      <trkpt lat="37.84884" lon="-83.7189"/>
      <trkpt lat="37.84893" lon="-83.71881"/>
      <trkpt lat="37.8491" lon="-83.71865"/>
      <trkpt lat="37.84929" lon="-83.71858"/>
      <trkpt lat="37.84948" lon="-83.71854"/>
      <trkpt lat="37.84959" lon="-83.71849"/>
      <trkpt lat="37.84982" lon="-83.71837"/>
      <trkpt lat="37.85008" lon="-83.7181"/>
      <trkpt lat="37.85034" lon="-83.71775"/>
      <trkpt lat="37.85063" lon="-83.71741"/>
      <trkpt lat="37.85073" lon="-83.7173"/>
      <trkpt lat="37.85096" lon="-83.71714"/>
      <trkpt lat="37.85122" lon="-83.71698"/>
      <trkpt lat="37.85135" lon="-83.71689"/>
      <trkpt lat="37.85162" lon="-83.71669"/>
      <trkpt lat="37.85188" lon="-83.71646"/>
      <trkpt lat="37.85199" lon="-83.71634"/>
      <trkpt lat="37.85221" lon="-83.71608"/>
      <trkpt lat="37.85231" lon="-83.71593"/>
      <trkpt lat="37.85242" lon="-83.71579"/>
      <trkpt lat="37.85273" lon="-83.71536"/>
      <trkpt lat="37.85294" lon="-83.71507"/>
      <trkpt lat="37.85316" lon="-83.71476"/>
      <trkpt lat="37.85347" lon="-83.71437"/>
      <trkpt lat="37.85367" lon="-83.71415"/>
      <trkpt lat="37.85377" lon="-83.71406"/>
      <trkpt lat="37.85398" lon="-83.71393"/>
      <trkpt lat="37.85419" lon="-83.71382"/>
      <trkpt lat="37.85444" lon="-83.71374"/>
      <trkpt lat="37.85458" lon="-83.71372"/>
      <trkpt lat="37.85472" lon="-83.7137"/>
      <trkpt lat="37.85487" lon="-83.7137"/>
      <trkpt lat="37.85516" lon="-83.71369"/>
      <trkpt lat="37.85531" lon="-83.71369"/>
      <trkpt lat="37.85594" lon="-83.71361"/>
      <trkpt lat="37.85642" lon="-83.71355"/>
      <trkpt lat="37.85674" lon="-83.71351"/>
      <trkpt lat="37.85719" lon="-83.71342"/>
      <trkpt lat="37.85734" lon="-83.71338"/>
      <trkpt lat="37.85766" lon="-83.71332"/>
      <trkpt lat="37.85782" lon="-83.71331"/>
      <trkpt lat="37.85814" lon="-83.71325"/>
      <trkpt lat="37.85845" lon="-83.71319"/>
      <trkpt lat="37.85874" lon="-83.71315"/>
      <trkpt lat="37.85916" lon="-83.71309"/>
      <trkpt lat="37.8593" lon="-83.71307"/>
      <trkpt lat="37.85957" lon="-83.71304"/>
      <trkpt lat="37.85996" lon="-83.71299"/>
      <trkpt lat="37.86018" lon="-83.71292"/>
      <trkpt lat="37.86029" lon="-83.71286"/>
      <trkpt lat="37.86038" lon="-83.71279"/>
      <trkpt lat="37.86055" lon="-83.71261"/>
      <trkpt lat="37.86069" lon="-83.71238"/>
      <trkpt lat="37.86075" lon="-83.71225"/>
      <trkpt lat="37.86086" lon="-83.71198"/>
      <trkpt lat="37.86095" lon="-83.71169"/>
      <trkpt lat="37.86105" lon="-83.7114"/>
      <trkpt lat="37.86115" lon="-83.71114"/>
      <trkpt lat="37.86121" lon="-83.71102"/>
      <trkpt lat="37.86134" lon="-83.7108"/>
      <trkpt lat="37.86142" lon="-83.71069"/>
      <trkpt lat="37.8615" lon="-83.71057"/>
      <trkpt lat="37.86166" lon="-83.71034"/>
      <trkpt lat="37.86182" lon="-83.7101"/>
      <trkpt lat="37.862" lon="-83.70986"/>
      <trkpt lat="37.86215" lon="-83.70962"/>
      <trkpt lat="37.86233" lon="-83.70937"/>
      <trkpt lat="37.86243" lon="-83.70923"/>
      <trkpt lat="37.86271" lon="-83.7088"/>
      <trkpt lat="37.8631" lon="-83.70825"/>
      <trkpt lat="37.86332" lon="-83.708"/>
      <trkpt lat="37.86344" lon="-83.7079"/>
      <trkpt lat="37.86356" lon="-83.70782"/>
      <trkpt lat="37.86382" lon="-83.70768"/>
      <trkpt lat="37.86409" lon="-83.70758"/>
      <trkpt lat="37.86438" lon="-83.70749"/>
      <trkpt lat="37.86466" lon="-83.70737"/>
      <trkpt lat="37.86494" lon="-83.70724"/>
      <trkpt lat="37.86522" lon="-83.7071"/>
      <trkpt lat="37.86535" lon="-83.70704"/>
      <trkpt lat="37.8655" lon="-83.707"/>
      <trkpt lat="37.86564" lon="-83.70696"/>
      <trkpt lat="37.86593" lon="-83.70692"/>
      <trkpt lat="37.86607" lon="-83.7069"/>
      <trkpt lat="37.86622" lon="-83.7069"/>
      <trkpt lat="37.86653" lon="-83.70689"/>
      <trkpt lat="37.86699" lon="-83.70689"/>
      <trkpt lat="37.86729" lon="-83.70691"/>
      <trkpt lat="37.86773" lon="-83.70703"/>
      <trkpt lat="37.86802" lon="-83.70718"/>
      <trkpt lat="37.8687" lon="-83.70757"/>
      <trkpt lat="37.86884" lon="-83.70764"/>
      <trkpt lat="37.86914" lon="-83.70782"/>
      <trkpt lat="37.86929" lon="-83.70791"/>
      <trkpt lat="37.86959" lon="-83.70806"/>
      <trkpt lat="37.86987" lon="-83.70818"/>
      <trkpt lat="37.87001" lon="-83.70822"/>
      <trkpt lat="37.87014" lon="-83.70824"/>
      <trkpt lat="37.87042" lon="-83.70827"/>
      <trkpt lat="37.87057" lon="-83.70828"/>
      <trkpt lat="37.87069" lon="-83.70827"/>
      <trkpt lat="37.87136" lon="-83.70826"/>
      <trkpt lat="37.8716" lon="-83.70824"/>
      <trkpt lat="37.87184" lon="-83.70823"/>
      <trkpt lat="37.87207" lon="-83.70819"/>
      <trkpt lat="37.87241" lon="-83.70811"/>
      <trkpt lat="37.87254" lon="-83.70807"/>
      <trkpt lat="37.87276" lon="-83.70796"/>
      <trkpt lat="37.87286" lon="-83.70791"/>
      <trkpt lat="37.87297" lon="-83.70784"/>
      <trkpt lat="37.87307" lon="-83.70776"/>
      <trkpt lat="37.87326" lon="-83.70765"/>
      <trkpt lat="37.87342" lon="-83.70751"/>
      <trkpt lat="37.87363" lon="-83.70732"/>
      <trkpt lat="37.87375" lon="-83.7072"/>
      <trkpt lat="37.87383" lon="-83.70708"/>
      <trkpt lat="37.87391" lon="-83.70699"/>
      <trkpt lat="37.87402" lon="-83.70688"/>
      <trkpt lat="37.8741" lon="-83.70682"/>
      <trkpt lat="37.87431" lon="-83.70674"/>
      <trkpt lat="37.87465" lon="-83.70646"/>
      <trkpt lat="37.87474" lon="-83.70638"/>
      <trkpt lat="37.87492" lon="-83.70612"/>
      <trkpt lat="37.87498" lon="-83.70595"/>
      <trkpt lat="37.87509" lon="-83.70575"/>
      <trkpt lat="37.87517" lon="-83.70565"/>
      <trkpt lat="37.87525" lon="-83.70558"/>
      <trkpt lat="37.87536" lon="-83.70551"/>
      <trkpt lat="37.87554" lon="-83.70543"/>
      <trkpt lat="37.87565" lon="-83.70539"/>
      <trkpt lat="37.87587" lon="-83.70519"/>
      <trkpt lat="37.87593" lon="-83.70508"/>
      <trkpt lat="37.87597" lon="-83.70498"/>
      <trkpt lat="37.8761" lon="-83.70476"/>
      <trkpt lat="37.87614" lon="-83.70463"/>
      <trkpt lat="37.8762" lon="-83.70439"/>
      <trkpt lat="37.87625" lon="-83.70422"/>
      <trkpt lat="37.87635" lon="-83.70419"/>
      <trkpt lat="37.8765" lon="-83.70424"/>
      <trkpt lat="37.87667" lon="-83.70431"/>
      <trkpt lat="37.87683" lon="-83.70436"/>
      <trkpt lat="37.87707" lon="-83.70441"/>
      <trkpt lat="37.87732" lon="-83.70459"/>
      <trkpt lat="37.87751" lon="-83.70469"/>
      <trkpt lat="37.87764" lon="-83.70473"/>
      <trkpt lat="37.87773" lon="-83.7048"/>
      <trkpt lat="37.87779" lon="-83.70491"/>
      <trkpt lat="37.87792" lon="-83.70498"/>
      <trkpt lat="37.87805" lon="-83.70503"/>
      <trkpt lat="37.87818" lon="-83.70507"/>
      <trkpt lat="37.87828" lon="-83.7051"/>
      <trkpt lat="37.87841" lon="-83.70511"/>
      <trkpt lat="37.87855" lon="-83.70512"/>
      <trkpt lat="37.87877" lon="-83.70505"/>
      <trkpt lat="37.87893" lon="-83.70496"/>
      <trkpt lat="37.87909" lon="-83.70496"/>
      <trkpt lat="37.8792" lon="-83.705"/>
      <trkpt lat="37.87932" lon="-83.70501"/>
      <trkpt lat="37.87956" lon="-83.70498"/>
      <trkpt lat="37.87968" lon="-83.70498"/>
      <trkpt lat="37.87978" lon="-83.70497"/>
      <trkpt lat="37.87991" lon="-83.70492"/>
      <trkpt lat="37.88005" lon="-83.70489"/>
      <trkpt lat="37.88015" lon="-83.70488"/>
      <trkpt lat="37.88028" lon="-83.70486"/>
      <trkpt lat="37.88038" lon="-83.70483"/>
      <trkpt lat="37.88049" lon="-83.70483"/>
      <trkpt lat="37.88063" lon="-83.70475"/>
      <trkpt lat="37.88073" lon="-83.70471"/>
      <trkpt lat="37.88087" lon="-83.70487"/>
      <trkpt lat="37.88089" lon="-83.70498"/>
      <trkpt lat="37.88102" lon="-83.70509"/>
      <trkpt lat="37.88123" lon="-83.70519"/>
      <trkpt lat="37.88132" lon="-83.70527"/>
      <trkpt lat="37.88142" lon="-83.70538"/>
      <trkpt lat="37.88151" lon="-83.70549"/>
      <trkpt lat="37.88167" lon="-83.70557"/>
      <trkpt lat="37.88179" lon="-83.70566"/>
      <trkpt lat="37.88196" lon="-83.70576"/>
      <trkpt lat="37.88204" lon="-83.70587"/>
      <trkpt lat="37.88211" lon="-83.70598"/>
      <trkpt lat="37.88215" lon="-83.70615"/>
      <trkpt lat="37.88222" lon="-83.7063"/>
      <trkpt lat="37.8823" lon="-83.70639"/>
      <trkpt lat="37.88237" lon="-83.7065"/>
      <trkpt lat="37.88251" lon="-83.70663"/>
      <trkpt lat="37.8827" lon="-83.70676"/>
      <trkpt lat="37.88281" lon="-83.70683"/>
      <trkpt lat="37.88292" lon="-83.70689"/>
      <trkpt lat="37.88303" lon="-83.70695"/>
      <trkpt lat="37.88316" lon="-83.70699"/>
      <trkpt lat="37.88326" lon="-83.70699"/>
      <trkpt lat="37.88337" lon="-83.70695"/>
      <trkpt lat="37.8835" lon="-83.7069"/>
      <trkpt lat="37.88367" lon="-83.70686"/>
      <trkpt lat="37.88392" lon="-83.70683"/>
      <trkpt lat="37.88403" lon="-83.70676"/>
      <trkpt lat="37.88421" lon="-83.70675"/>
      <trkpt lat="37.8843" lon="-83.70678"/>
      <trkpt lat="37.8844" lon="-83.70683"/>
      <trkpt lat="37.88448" lon="-83.70687"/>
      <trkpt lat="37.88458" lon="-83.70692"/>
      <trkpt lat="37.88471" lon="-83.70696"/>
      <trkpt lat="37.88487" lon="-83.707"/>
      <trkpt lat="37.88499" lon="-83.70702"/>
      <trkpt lat="37.88511" lon="-83.70706"/>
      <trkpt lat="37.88521" lon="-83.70711"/>
      <trkpt lat="37.88534" lon="-83.70715"/>
      <trkpt lat="37.88544" lon="-83.70711"/>
      <trkpt lat="37.88554" lon="-83.70711"/>
      <trkpt lat="37.8857" lon="-83.70712"/>
      <trkpt lat="37.88584" lon="-83.70709"/>
      <trkpt lat="37.88595" lon="-83.70709"/>
      <trkpt lat="37.88612" lon="-83.70713"/>
      <trkpt lat="37.88622" lon="-83.70712"/>
      <trkpt lat="37.88634" lon="-83.70712"/>
      <trkpt lat="37.88649" lon="-83.70709"/>
      <trkpt lat="37.88659" lon="-83.7071"/>
      <trkpt lat="37.88676" lon="-83.70713"/>
      <trkpt lat="37.88691" lon="-83.70713"/>
      <trkpt lat="37.88705" lon="-83.70713"/>
      <trkpt lat="37.88719" lon="-83.70715"/>
      <trkpt lat="37.88731" lon="-83.70713"/>
      <trkpt lat="37.88754" lon="-83.70705"/>
      <trkpt lat="37.88764" lon="-83.70707"/>
      <trkpt lat="37.88774" lon="-83.70707"/>
      <trkpt lat="37.88789" lon="-83.7069"/>
      <trkpt lat="37.88797" lon="-83.70682"/>
      <trkpt lat="37.88807" lon="-83.70677"/>
      <trkpt lat="37.88815" lon="-83.70684"/>
      <trkpt lat="37.88831" lon="-83.70693"/>
      <trkpt lat="37.88841" lon="-83.7069"/>
      <trkpt lat="37.88848" lon="-83.70682"/>
      <trkpt lat="37.88862" lon="-83.70678"/>
      <trkpt lat="37.88873" lon="-83.7069"/>
      <trkpt lat="37.88891" lon="-83.70706"/>
      <trkpt lat="37.88917" lon="-83.70723"/>
      <trkpt lat="37.8893" lon="-83.70727"/>
      <trkpt lat="37.88956" lon="-83.70737"/>
      <trkpt lat="37.88968" lon="-83.7074"/>
      <trkpt lat="37.88979" lon="-83.7074"/>
      <trkpt lat="37.88997" lon="-83.70736"/>
      <trkpt lat="37.8901" lon="-83.70731"/>
      <trkpt lat="37.89027" lon="-83.70728"/>
      <trkpt lat="37.89037" lon="-83.70729"/>
      <trkpt lat="37.8905" lon="-83.70734"/>
      <trkpt lat="37.89055" lon="-83.70744"/>
      <trkpt lat="37.89059" lon="-83.70756"/>
      <trkpt lat="37.8907" lon="-83.70766"/>
      <trkpt lat="37.89077" lon="-83.70783"/>
      <trkpt lat="37.89085" lon="-83.70795"/>
      <trkpt lat="37.89094" lon="-83.70802"/>
      <trkpt lat="37.89118" lon="-83.70814"/>
      <trkpt lat="37.89151" lon="-83.70826"/>
      <trkpt lat="37.89164" lon="-83.70828"/>
      <trkpt lat="37.89176" lon="-83.70827"/>
      <trkpt lat="37.8919" lon="-83.70823"/>
      <trkpt lat="37.892" lon="-83.70822"/>
      <trkpt lat="37.89214" lon="-83.70825"/>
      <trkpt lat="37.89222" lon="-83.70833"/>
      <trkpt lat="37.89246" lon="-83.70849"/>
      <trkpt lat="37.89263" lon="-83.70857"/>
      <trkpt lat="37.89273" lon="-83.70863"/>
      <trkpt lat="37.89282" lon="-83.70871"/>
      <trkpt lat="37.89293" lon="-83.70878"/>
      <trkpt lat="37.89306" lon="-83.70885"/>
      <trkpt lat="37.89317" lon="-83.70888"/>
      <trkpt lat="37.89329" lon="-83.70894"/>
      <trkpt lat="37.8934" lon="-83.70908"/>
      <trkpt lat="37.89348" lon="-83.70924"/>
      <trkpt lat="37.89357" lon="-83.70934"/>
      <trkpt lat="37.89366" lon="-83.70941"/>
      <trkpt lat="37.89375" lon="-83.70947"/>
      <trkpt lat="37.89391" lon="-83.70964"/>
      <trkpt lat="37.89402" lon="-83.70972"/>
      <trkpt lat="37.89419" lon="-83.70992"/>
      <trkpt lat="37.89446" lon="-83.71021"/>
      <trkpt lat="37.89462" lon="-83.71039"/>
      <trkpt lat="37.89477" lon="-83.71053"/>
      <trkpt lat="37.89487" lon="-83.71058"/>
      <trkpt lat="37.89494" lon="-83.71068"/>
      <trkpt lat="37.89504" lon="-83.71082"/>
      <trkpt lat="37.8951" lon="-83.71094"/>
      <trkpt lat="37.89515" lon="-83.71104"/>
      <trkpt lat="37.89522" lon="-83.71115"/>
      <trkpt lat="37.89529" lon="-83.71124"/>
      <trkpt lat="37.89536" lon="-83.71135"/>
      <trkpt lat="37.89542" lon="-83.71149"/>
      <trkpt lat="37.89551" lon="-83.71156"/>
      <trkpt lat="37.8957" lon="-83.7117"/>
      <trkpt lat="37.89599" lon="-83.71189"/>
      <trkpt lat="37.89611" lon="-83.71196"/>
      <trkpt lat="37.8962" lon="-83.71203"/>
      <trkpt lat="37.89625" lon="-83.71213"/>
      <trkpt lat="37.89627" lon="-83.71225"/>
      <trkpt lat="37.89631" lon="-83.71236"/>
      <trkpt lat="37.89637" lon="-83.7125"/>
      <trkpt lat="37.89644" lon="-83.71258"/>
      <trkpt lat="37.89654" lon="-83.71263"/>
      <trkpt lat="37.89662" lon="-83.71253"/>
      <trkpt lat="37.89671" lon="-83.71246"/>
      <trkpt lat="37.89681" lon="-83.71246"/>
      <trkpt lat="37.8969" lon="-83.71252"/>
      <trkpt lat="37.89705" lon="-83.71262"/>
      <trkpt lat="37.89727" lon="-83.71282"/>
      <trkpt lat="37.89737" lon="-83.71288"/>
      <trkpt lat="37.89752" lon="-83.71295"/>
      <trkpt lat="37.89762" lon="-83.71312"/>
      <trkpt lat="37.89769" lon="-83.71328"/>
      <trkpt lat="37.89787" lon="-83.71363"/>
      <trkpt lat="37.89799" lon="-83.71376"/>
      <trkpt lat="37.89809" lon="-83.71392"/>
      <trkpt lat="37.89816" lon="-83.71405"/>
      <trkpt lat="37.89823" lon="-83.71413"/>
      <trkpt lat="37.89834" lon="-83.71433"/>
      <trkpt lat="37.89841" lon="-83.71446"/>
      <trkpt lat="37.89852" lon="-83.71457"/>
      <trkpt lat="37.89866" lon="-83.71469"/>
      <trkpt lat="37.89875" lon="-83.71477"/>
      <trkpt lat="37.89883" lon="-83.71485"/>
      <trkpt lat="37.89891" lon="-83.71495"/>
      <trkpt lat="37.89901" lon="-83.71502"/>
      <trkpt lat="37.89908" lon="-83.71509"/>
      <trkpt lat="37.8992" lon="-83.71518"/>
      <trkpt lat="37.89932" lon="-83.71526"/>
      <trkpt lat="37.89944" lon="-83.71535"/>
      <trkpt lat="37.89956" lon="-83.71539"/>
      <trkpt lat="37.89968" lon="-83.71546"/>
      <trkpt lat="37.89981" lon="-83.71547"/>
      <trkpt lat="37.89992" lon="-83.71553"/>
      <trkpt lat="37.90006" lon="-83.71574"/>
      <trkpt lat="37.90009" lon="-83.71589"/>
      <trkpt lat="37.90016" lon="-83.71598"/>
      <trkpt lat="37.90024" lon="-83.71605"/>
      <trkpt lat="37.90029" lon="-83.71614"/>
      <trkpt lat="37.90041" lon="-83.7163"/>
      <trkpt lat="37.90051" lon="-83.71635"/>
      <trkpt lat="37.90061" lon="-83.71642"/>
      <trkpt lat="37.9007" lon="-83.71642"/>
      <trkpt lat="37.90082" lon="-83.71645"/>
      <trkpt lat="37.90094" lon="-83.7165"/>
      <trkpt lat="37.90102" lon="-83.71663"/>
      <trkpt lat="37.90114" lon="-83.71673"/>
      <trkpt lat="37.90124" lon="-83.71685"/>
      <trkpt lat="37.9014" lon="-83.71709"/>
      <trkpt lat="37.90152" lon="-83.71713"/>
      <trkpt lat="37.9017" lon="-83.71726"/>
      <trkpt lat="37.90181" lon="-83.71727"/>
      <trkpt lat="37.90207" lon="-83.71727"/>
      <trkpt lat="37.90217" lon="-83.7173"/>
      <trkpt lat="37.90226" lon="-83.71736"/>
      <trkpt lat="37.90241" lon="-83.71753"/>
      <trkpt lat="37.90258" lon="-83.71767"/>
      <trkpt lat="37.90267" lon="-83.71776"/>
      <trkpt lat="37.90275" lon="-83.7178"/>
      <trkpt lat="37.90291" lon="-83.71787"/>
      <trkpt lat="37.903" lon="-83.71791"/>
      <trkpt lat="37.90309" lon="-83.71795"/>
      <trkpt lat="37.90318" lon="-83.71799"/>
      <trkpt lat="37.90327" lon="-83.71807"/>
      <trkpt lat="37.90334" lon="-83.71814"/>
      <trkpt lat="37.90345" lon="-83.71819"/>
      <trkpt lat="37.90355" lon="-83.71825"/>
      <trkpt lat="37.90365" lon="-83.71828"/>
      <trkpt lat="37.90376" lon="-83.71831"/>
      <trkpt lat="37.90387" lon="-83.71835"/>
      <trkpt lat="37.90396" lon="-83.71843"/>
      <trkpt lat="37.9041" lon="-83.71859"/>
      <trkpt lat="37.9042" lon="-83.71869"/>
      <trkpt lat="37.90431" lon="-83.71878"/>
      <trkpt lat="37.90447" lon="-83.71885"/>
      <trkpt lat="37.90458" lon="-83.71891"/>
      <trkpt lat="37.90467" lon="-83.71897"/>
      <trkpt lat="37.90478" lon="-83.71909"/>
      <trkpt lat="37.90486" lon="-83.71918"/>
      <trkpt lat="37.90494" lon="-83.71925"/>
      <trkpt lat="37.90503" lon="-83.71937"/>
      <trkpt lat="37.90513" lon="-83.7196"/>
      <trkpt lat="37.90521" lon="-83.71975"/>
      <trkpt lat="37.90532" lon="-83.71982"/>
      <trkpt lat="37.90542" lon="-83.71989"/>
      <trkpt lat="37.90551" lon="-83.71994"/>
      <trkpt lat="37.90556" lon="-83.72008"/>
      <trkpt lat="37.90563" lon="-83.7202"/>
      <trkpt lat="37.90575" lon="-83.72038"/>
      <trkpt lat="37.90585" lon="-83.7206"/>
      <trkpt lat="37.90596" lon="-83.72079"/>
      <trkpt lat="37.90604" lon="-83.72087"/>
      <trkpt lat="37.90614" lon="-83.7209"/>
      <trkpt lat="37.90625" lon="-83.72089"/>
      <trkpt lat="37.90641" lon="-83.72083"/>
      <trkpt lat="37.90653" lon="-83.72083"/>
      <trkpt lat="37.90664" lon="-83.72085"/>
      <trkpt lat="37.90674" lon="-83.72089"/>
      <trkpt lat="37.90686" lon="-83.72092"/>
      <trkpt lat="37.90696" lon="-83.72096"/>
      <trkpt lat="37.90705" lon="-83.72101"/>
      <trkpt lat="37.90717" lon="-83.72106"/>
      <trkpt lat="37.9074" lon="-83.72105"/>
      <trkpt lat="37.9075" lon="-83.72108"/>
      <trkpt lat="37.90761" lon="-83.72111"/>
      <trkpt lat="37.90772" lon="-83.72116"/>
      <trkpt lat="37.90785" lon="-83.72122"/>
      <trkpt lat="37.90798" lon="-83.72126"/>
      <trkpt lat="37.90806" lon="-83.72134"/>
      <trkpt lat="37.90816" lon="-83.7214"/>
      <trkpt lat="37.90829" lon="-83.72142"/>
      <trkpt lat="37.90846" lon="-83.72139"/>
      <trkpt lat="37.90857" lon="-83.72139"/>
      <trkpt lat="37.90873" lon="-83.72134"/>
      <trkpt lat="37.90883" lon="-83.72136"/>
      <trkpt lat="37.90906" lon="-83.72138"/>
      <trkpt lat="37.90919" lon="-83.72139"/>
      <trkpt lat="37.90931" lon="-83.72144"/>
      <trkpt lat="37.90942" lon="-83.72148"/>
      <trkpt lat="37.90953" lon="-83.72156"/>
      <trkpt lat="37.90968" lon="-83.72158"/>
      <trkpt lat="37.90979" lon="-83.72165"/>
      <trkpt lat="37.9099" lon="-83.72175"/>
      <trkpt lat="37.90997" lon="-83.7219"/>
      <trkpt lat="37.91002" lon="-83.72202"/>
      <trkpt lat="37.91012" lon="-83.72207"/>
      <trkpt lat="37.91024" lon="-83.72218"/>
      <trkpt lat="37.91031" lon="-83.72235"/>
      <trkpt lat="37.91042" lon="-83.72246"/>
      <trkpt lat="37.91062" lon="-83.72262"/>
      <trkpt lat="37.9107" lon="-83.72267"/>
      <trkpt lat="37.91088" lon="-83.72285"/>
      <trkpt lat="37.91096" lon="-83.72292"/>
      <trkpt lat="37.91105" lon="-83.72298"/>
      <trkpt lat="37.91116" lon="-83.72303"/>
      <trkpt lat="37.91127" lon="-83.72305"/>
      <trkpt lat="37.91137" lon="-83.72306"/>
      <trkpt lat="37.91146" lon="-83.72304"/>
      <trkpt lat="37.91161" lon="-83.7231"/>
      <trkpt lat="37.91172" lon="-83.72312"/>
      <trkpt lat="37.91183" lon="-83.72319"/>
      <trkpt lat="37.91192" lon="-83.72321"/>
      <trkpt lat="37.912" lon="-83.72313"/>
      <trkpt lat="37.91208" lon="-83.72287"/>
      <trkpt lat="37.91212" lon="-83.72268"/>
      <trkpt lat="37.91215" lon="-83.7225"/>
      <trkpt lat="37.91226" lon="-83.72207"/>
      <trkpt lat="37.91229" lon="-83.72183"/>
      <trkpt lat="37.91238" lon="-83.72163"/>
      <trkpt lat="37.91248" lon="-83.72154"/>
      <trkpt lat="37.9126" lon="-83.72148"/>
      <trkpt lat="37.9127" lon="-83.72134"/>
      <trkpt lat="37.91276" lon="-83.72117"/>
      <trkpt lat="37.91281" lon="-83.72094"/>
      <trkpt lat="37.91287" lon="-83.72074"/>
      <trkpt lat="37.91291" lon="-83.72053"/>
      <trkpt lat="37.91291" lon="-83.72035"/>
      <trkpt lat="37.91293" lon="-83.72009"/>
      <trkpt lat="37.91293" lon="-83.71997"/>
      <trkpt lat="37.91292" lon="-83.71982"/>
      <trkpt lat="37.91289" lon="-83.71964"/>
      <trkpt lat="37.91288" lon="-83.71945"/>
      <trkpt lat="37.91288" lon="-83.7193"/>
      <trkpt lat="37.91291" lon="-83.71919"/>
      <trkpt lat="37.91296" lon="-83.71909"/>
      <trkpt lat="37.913" lon="-83.71894"/>
      <trkpt lat="37.91301" lon="-83.71873"/>
      <trkpt lat="37.91304" lon="-83.7185"/>
      <trkpt lat="37.9131" lon="-83.71831"/>
      <trkpt lat="37.91314" lon="-83.71814"/>
      <trkpt lat="37.91311" lon="-83.71796"/>
      <trkpt lat="37.91303" lon="-83.71777"/>
      <trkpt lat="37.91289" lon="-83.71751"/>
      <trkpt lat="37.91288" lon="-83.71739"/>
      <trkpt lat="37.91293" lon="-83.71718"/>
      <trkpt lat="37.91301" lon="-83.71697"/>
      <trkpt lat="37.91319" lon="-83.7167"/>
      <trkpt lat="37.91329" lon="-83.71651"/>
      <trkpt lat="37.9134" lon="-83.71635"/>
      <trkpt lat="37.91361" lon="-83.71616"/>
      <trkpt lat="37.91376" lon="-83.71606"/>
      <trkpt lat="37.91393" lon="-83.716"/>
      <trkpt lat="37.91411" lon="-83.71591"/>
      <trkpt lat="37.91435" lon="-83.71572"/>
      <trkpt lat="37.91459" lon="-83.71558"/>
      <trkpt lat="37.91476" lon="-83.71552"/>
      <trkpt lat="37.91494" lon="-83.71548"/>
      <trkpt lat="37.91525" lon="-83.71543"/>
      <trkpt lat="37.9154" lon="-83.71546"/>
      <trkpt lat="37.91552" lon="-83.71556"/>
      <trkpt lat="37.91571" lon="-83.71578"/>
      <trkpt lat="37.91589" lon="-83.71596"/>
      <trkpt lat="37.91602" lon="-83.71605"/>
      <trkpt lat="37.91614" lon="-83.7161"/>
      <trkpt lat="37.91642" lon="-83.71609"/>
      <trkpt lat="37.91658" lon="-83.71608"/>
      <trkpt lat="37.9168" lon="-83.71608"/>
      <trkpt lat="37.91691" lon="-83.71617"/>
      <trkpt lat="37.91676" lon="-83.71638"/>
      <trkpt lat="37.91653" lon="-83.71651"/>
      <trkpt lat="37.91604" lon="-83.71672"/>
      <trkpt lat="37.91593" lon="-83.71677"/>
      <trkpt lat="37.91572" lon="-83.7168"/>
      <trkpt lat="37.91554" lon="-83.71679"/>
      <trkpt lat="37.91537" lon="-83.71684"/>
      <trkpt lat="37.91523" lon="-83.71705"/>
      <trkpt lat="37.9152" lon="-83.71723"/>
      <trkpt lat="37.91518" lon="-83.71742"/>
      <trkpt lat="37.91514" lon="-83.71778"/>
      <trkpt lat="37.91509" lon="-83.71795"/>
      <trkpt lat="37.91495" lon="-83.71827"/>
      <trkpt lat="37.91491" lon="-83.71842"/>
      <trkpt lat="37.91488" lon="-83.71875"/>
      <trkpt lat="37.91488" lon="-83.71892"/>
      <trkpt lat="37.91492" lon="-83.71929"/>
      <trkpt lat="37.91501" lon="-83.71984"/>
      <trkpt lat="37.91501" lon="-83.72006"/>
      <trkpt lat="37.91504" lon="-83.72022"/>
      <trkpt lat="37.91506" lon="-83.72042"/>
      <trkpt lat="37.91511" lon="-83.72081"/>
      <trkpt lat="37.91527" lon="-83.72134"/>
      <trkpt lat="37.91537" lon="-83.72164"/>
      <trkpt lat="37.91541" lon="-83.7218"/>
      <trkpt lat="37.91546" lon="-83.72212"/>
      <trkpt lat="37.91544" lon="-83.72245"/>
      <trkpt lat="37.9154" lon="-83.72261"/>
      <trkpt lat="37.91529" lon="-83.72293"/>
      <trkpt lat="37.9152" lon="-83.72328"/>
      <trkpt lat="37.91515" lon="-83.72347"/>
      <trkpt lat="37.91503" lon="-83.72382"/>
      <trkpt lat="37.91497" lon="-83.7242"/>
      <trkpt lat="37.91495" lon="-83.72439"/>
      <trkpt lat="37.91491" lon="-83.7252"/>
      <trkpt lat="37.91488" lon="-83.72561"/>
      <trkpt lat="37.91486" lon="-83.72602"/>
      <trkpt lat="37.91484" lon="-83.72663"/>
      <trkpt lat="37.91483" lon="-83.72724"/>
      <trkpt lat="37.91482" lon="-83.72764"/>
      <trkpt lat="37.91483" lon="-83.72783"/>
      <trkpt lat="37.91488" lon="-83.72821"/>
      <trkpt lat="37.91504" lon="-83.72871"/>
      <trkpt lat="37.9151" lon="-83.72887"/>
      <trkpt lat="37.91519" lon="-83.72904"/>
      <trkpt lat="37.91536" lon="-83.72936"/>
      <trkpt lat="37.91545" lon="-83.72952"/>
      <trkpt lat="37.91573" lon="-83.73001"/>
      <trkpt lat="37.91592" lon="-83.73034"/>
      <trkpt lat="37.9161" lon="-83.73062"/>
      <trkpt lat="37.91622" lon="-83.73076"/>
      <trkpt lat="37.91672" lon="-83.73143"/>
      <trkpt lat="37.91681" lon="-83.73155"/>
      <trkpt lat="37.91689" lon="-83.73169"/>
      <trkpt lat="37.91696" lon="-83.73183"/>
      <trkpt lat="37.91704" lon="-83.73197"/>
      <trkpt lat="37.91719" lon="-83.73225"/>
      <trkpt lat="37.91732" lon="-83.73254"/>
      <trkpt lat="37.91755" lon="-83.73297"/>
      <trkpt lat="37.91762" lon="-83.73311"/>
      <trkpt lat="37.91769" lon="-83.73324"/>
      <trkpt lat="37.91777" lon="-83.73339"/>
      <trkpt lat="37.918" lon="-83.73378"/>
      <trkpt lat="37.91807" lon="-83.7339"/>
      <trkpt lat="37.91815" lon="-83.734"/>
      <trkpt lat="37.91831" lon="-83.73418"/>
      <trkpt lat="37.91849" lon="-83.73437"/>
      <trkpt lat="37.91858" lon="-83.73444"/>
      <trkpt lat="37.91862" lon="-83.73461"/>
      <trkpt lat="37.91851" lon="-83.73466"/>
      <trkpt lat="37.91836" lon="-83.73467"/>
      <trkpt lat="37.91821" lon="-83.73467"/>
      <trkpt lat="37.91798" lon="-83.73466"/>
      <trkpt lat="37.91783" lon="-83.7347"/>
      <trkpt lat="37.91767" lon="-83.73476"/>
      <trkpt lat="37.91752" lon="-83.73483"/>
      <trkpt lat="37.91731" lon="-83.73494"/>
      <trkpt lat="37.91719" lon="-83.73501"/>
      <trkpt lat="37.91704" lon="-83.73519"/>
      <trkpt lat="37.91695" lon="-83.73532"/>
      <trkpt lat="37.91688" lon="-83.73544"/>
      <trkpt lat="37.91677" lon="-83.73557"/>
      <trkpt lat="37.91638" lon="-83.73608"/>
      <trkpt lat="37.91627" lon="-83.73623"/>
      <trkpt lat="37.91613" lon="-83.73645"/>
      <trkpt lat="37.91606" lon="-83.73654"/>
      <trkpt lat="37.91585" lon="-83.73678"/>
      <trkpt lat="37.91568" lon="-83.73694"/>
      <trkpt lat="37.91556" lon="-83.73703"/>
      <trkpt lat="37.91538" lon="-83.73715"/>
      <trkpt lat="37.91525" lon="-83.73722"/>
      <trkpt lat="37.91514" lon="-83.73726"/>
      <trkpt lat="37.91504" lon="-83.73733"/>
      <trkpt lat="37.91491" lon="-83.73743"/>
      <trkpt lat="37.91481" lon="-83.73747"/>
      <trkpt lat="37.91466" lon="-83.7375"/>
      <trkpt lat="37.91455" lon="-83.7375"/>
      <trkpt lat="37.91443" lon="-83.73752"/>
      <trkpt lat="37.91432" lon="-83.73753"/>
      <trkpt lat="37.91422" lon="-83.73755"/>
      <trkpt lat="37.91414" lon="-83.73763"/>
      <trkpt lat="37.91406" lon="-83.73775"/>
      <trkpt lat="37.91398" lon="-83.73788"/>
      <trkpt lat="37.91392" lon="-83.738"/>
      <trkpt lat="37.91389" lon="-83.73813"/>
      <trkpt lat="37.91387" lon="-83.7383"/>
      <trkpt lat="37.91378" lon="-83.73852"/>
      <trkpt lat="37.91372" lon="-83.73862"/>
      <trkpt lat="37.91361" lon="-83.73878"/>
      <trkpt lat="37.91354" lon="-83.7389"/>
      <trkpt lat="37.91347" lon="-83.73903"/>
      <trkpt lat="37.9134" lon="-83.73911"/>
      <trkpt lat="37.9133" lon="-83.73926"/>
      <trkpt lat="37.91323" lon="-83.73935"/>
      <trkpt lat="37.91315" lon="-83.73941"/>
      <trkpt lat="37.91303" lon="-83.73952"/>
      <trkpt lat="37.91292" lon="-83.73958"/>
      <trkpt lat="37.91279" lon="-83.73961"/>
      <trkpt lat="37.91268" lon="-83.73965"/>
      <trkpt lat="37.91259" lon="-83.7397"/>
      <trkpt lat="37.9125" lon="-83.73982"/>
      <trkpt lat="37.91245" lon="-83.73994"/>
      <trkpt lat="37.91244" lon="-83.74009"/>
      <trkpt lat="37.91244" lon="-83.74024"/>
      <trkpt lat="37.91242" lon="-83.74061"/>
      <trkpt lat="37.91242" lon="-83.74076"/>
      <trkpt lat="37.91241" lon="-83.74092"/>
      <trkpt lat="37.91233" lon="-83.74118"/>
      <trkpt lat="37.91227" lon="-83.74127"/>
      <trkpt lat="37.91218" lon="-83.74136"/>
      <trkpt lat="37.91209" lon="-83.74143"/>
      <trkpt lat="37.91204" lon="-83.74149"/>
      <trkpt lat="37.91183" lon="-83.74159"/>
      <trkpt lat="37.91173" lon="-83.7416"/>
      <trkpt lat="37.91153" lon="-83.74166"/>
      <trkpt lat="37.91141" lon="-83.7417"/>
      <trkpt lat="37.91109" lon="-83.7419"/>
      <trkpt lat="37.91096" lon="-83.74198"/>
      <trkpt lat="37.91084" lon="-83.74197"/>
      <trkpt lat="37.91071" lon="-83.74194"/>
      <trkpt lat="37.9106" lon="-83.74185"/>
      <trkpt lat="37.91044" lon="-83.74169"/>
      <trkpt lat="37.91038" lon="-83.74146"/>
      <trkpt lat="37.91037" lon="-83.74131"/>
      <trkpt lat="37.91038" lon="-83.74118"/>
      <trkpt lat="37.91034" lon="-83.741"/>
      <trkpt lat="37.91025" lon="-83.74094"/>
      <trkpt lat="37.91009" lon="-83.74107"/>
      <trkpt lat="37.90998" lon="-83.74118"/>
      <trkpt lat="37.90989" lon="-83.74127"/>
      <trkpt lat="37.90979" lon="-83.74134"/>
      <trkpt lat="37.90965" lon="-83.74147"/>
      <trkpt lat="37.90948" lon="-83.74152"/>
      <trkpt lat="37.90939" lon="-83.74145"/>
      <trkpt lat="37.90927" lon="-83.74139"/>
      <trkpt lat="37.90916" lon="-83.74137"/>
      <trkpt lat="37.90903" lon="-83.74137"/>
      <trkpt lat="37.90892" lon="-83.74142"/>
      <trkpt lat="37.90881" lon="-83.74145"/>
      <trkpt lat="37.9087" lon="-83.74143"/>
      <trkpt lat="37.90856" lon="-83.74144"/>
      <trkpt lat="37.90832" lon="-83.74144"/>
      <trkpt lat="37.90818" lon="-83.74148"/>
      <trkpt lat="37.908" lon="-83.74148"/>
      <trkpt lat="37.90784" lon="-83.74136"/>
      <trkpt lat="37.90773" lon="-83.7413"/>
      <trkpt lat="37.90763" lon="-83.74128"/>
      <trkpt lat="37.90752" lon="-83.74124"/>
      <trkpt lat="37.90735" lon="-83.74113"/>
      <trkpt lat="37.90717" lon="-83.74106"/>
      <trkpt lat="37.90702" lon="-83.74097"/>
      <trkpt lat="37.90695" lon="-83.74089"/>
      <trkpt lat="37.90685" lon="-83.74083"/>
      <trkpt lat="37.90679" lon="-83.74074"/>
      <trkpt lat="37.90674" lon="-83.74062"/>
      <trkpt lat="37.90665" lon="-83.74046"/>
      <trkpt lat="37.90655" lon="-83.74036"/>
      <trkpt lat="37.90649" lon="-83.74026"/>
      <trkpt lat="37.90634" lon="-83.7401"/>
      <trkpt lat="37.90625" lon="-83.73989"/>
      <trkpt lat="37.90612" lon="-83.73975"/>
      <trkpt lat="37.90595" lon="-83.73968"/>
      <trkpt lat="37.90582" lon="-83.7397"/>
      <trkpt lat="37.90571" lon="-83.73974"/>
      <trkpt lat="37.90561" lon="-83.73971"/>
      <trkpt lat="37.90551" lon="-83.73961"/>
      <trkpt lat="37.90541" lon="-83.73949"/>
      <trkpt lat="37.90533" lon="-83.73936"/>
      <trkpt lat="37.90525" lon="-83.73927"/>
      <trkpt lat="37.90516" lon="-83.73925"/>
      <trkpt lat="37.90498" lon="-83.73928"/>
      <trkpt lat="37.90488" lon="-83.73926"/>
      <trkpt lat="37.90479" lon="-83.73918"/>
      <trkpt lat="37.90462" lon="-83.739"/>
      <trkpt lat="37.90452" lon="-83.73891"/>
      <trkpt lat="37.90437" lon="-83.73879"/>
      <trkpt lat="37.90425" lon="-83.73883"/>
      <trkpt lat="37.90407" lon="-83.73875"/>
      <trkpt lat="37.90393" lon="-83.73874"/>
      <trkpt lat="37.90379" lon="-83.73878"/>
      <trkpt lat="37.90368" lon="-83.73878"/>
      <trkpt lat="37.90353" lon="-83.73878"/>
      <trkpt lat="37.90333" lon="-83.73876"/>
      <trkpt lat="37.90325" lon="-83.7387"/>
      <trkpt lat="37.90316" lon="-83.73863"/>
      <trkpt lat="37.90299" lon="-83.73856"/>
      <trkpt lat="37.90287" lon="-83.73853"/>
      <trkpt lat="37.90253" lon="-83.73846"/>
      <trkpt lat="37.90243" lon="-83.73847"/>
      <trkpt lat="37.90231" lon="-83.73842"/>
      <trkpt lat="37.90221" lon="-83.73851"/>
      <trkpt lat="37.90212" lon="-83.73861"/>
      <trkpt lat="37.90205" lon="-83.73874"/>
      <trkpt lat="37.90199" lon="-83.73886"/>
      <trkpt lat="37.90188" lon="-83.73901"/>
      <trkpt lat="37.90178" lon="-83.73908"/>
      <trkpt lat="37.9017" lon="-83.73916"/>
      <trkpt lat="37.90164" lon="-83.73929"/>
      <trkpt lat="37.90154" lon="-83.73944"/>
      <trkpt lat="37.90148" lon="-83.73959"/>
      <trkpt lat="37.90132" lon="-83.73987"/>
      <trkpt lat="37.90123" lon="-83.74"/>
      <trkpt lat="37.90109" lon="-83.74019"/>
      <trkpt lat="37.901" lon="-83.74025"/>
      <trkpt lat="37.9009" lon="-83.74032"/>
      <trkpt lat="37.90082" lon="-83.74038"/>
      <trkpt lat="37.9005" lon="-83.7406"/>
      <trkpt lat="37.90038" lon="-83.7407"/>
      <trkpt lat="37.90032" lon="-83.7408"/>
      <trkpt lat="37.90026" lon="-83.74093"/>
      <trkpt lat="37.90024" lon="-83.7411"/>
      <trkpt lat="37.90022" lon="-83.74121"/>
      <trkpt lat="37.9002" lon="-83.74134"/>
      <trkpt lat="37.90018" lon="-83.74147"/>
      <trkpt lat="37.90018" lon="-83.74169"/>
      <trkpt lat="37.90017" lon="-83.74199"/>
      <trkpt lat="37.90013" lon="-83.74214"/>
      <trkpt lat="37.9" lon="-83.7424"/>
      <trkpt lat="37.89988" lon="-83.74271"/>
      <trkpt lat="37.89983" lon="-83.74287"/>
      <trkpt lat="37.89974" lon="-83.74309"/>
      <trkpt lat="37.89972" lon="-83.74324"/>
      <trkpt lat="37.89969" lon="-83.74335"/>
      <trkpt lat="37.89962" lon="-83.74351"/>
      <trkpt lat="37.89956" lon="-83.7437"/>
      <trkpt lat="37.89958" lon="-83.74382"/>
      <trkpt lat="37.89968" lon="-83.74397"/>
      <trkpt lat="37.89977" lon="-83.74413"/>
      <trkpt lat="37.89982" lon="-83.74424"/>
      <trkpt lat="37.89986" lon="-83.74435"/>
      <trkpt lat="37.89988" lon="-83.74451"/>
      <trkpt lat="37.8999" lon="-83.74475"/>
      <trkpt lat="37.89989" lon="-83.74496"/>
      <trkpt lat="37.89989" lon="-83.74515"/>
      <trkpt lat="37.89988" lon="-83.74551"/>
      <trkpt lat="37.89987" lon="-83.74576"/>
      <trkpt lat="37.89981" lon="-83.74601"/>
      <trkpt lat="37.89973" lon="-83.74622"/>
      <trkpt lat="37.89967" lon="-83.74645"/>
      <trkpt lat="37.89962" lon="-83.74654"/>
      <trkpt lat="37.89944" lon="-83.74668"/>
      <trkpt lat="37.89934" lon="-83.74675"/>
      <trkpt lat="37.89915" lon="-83.74686"/>
      <trkpt lat="37.89907" lon="-83.74692"/>
      <trkpt lat="37.89898" lon="-83.74705"/>
      <trkpt lat="37.89889" lon="-83.74714"/>
      <trkpt lat="37.89876" lon="-83.7472"/>
      <trkpt lat="37.89862" lon="-83.74729"/>
      <trkpt lat="37.89854" lon="-83.74736"/>
      <trkpt lat="37.89839" lon="-83.74757"/>
      <trkpt lat="37.89824" lon="-83.74765"/>
      <trkpt lat="37.8981" lon="-83.74772"/>
      <trkpt lat="37.89795" lon="-83.74778"/>
      <trkpt lat="37.89785" lon="-83.74781"/>
      <trkpt lat="37.89771" lon="-83.74789"/>
      <trkpt lat="37.89763" lon="-83.74794"/>
      <trkpt lat="37.89753" lon="-83.74805"/>
      <trkpt lat="37.89745" lon="-83.74812"/>
      <trkpt lat="37.89736" lon="-83.74821"/>
      <trkpt lat="37.89725" lon="-83.74826"/>
      <trkpt lat="37.89701" lon="-83.74842"/>
      <trkpt lat="37.89691" lon="-83.74854"/>
      <trkpt lat="37.89679" lon="-83.74864"/>
      <trkpt lat="37.89668" lon="-83.74872"/>
      <trkpt lat="37.89659" lon="-83.74877"/>
      <trkpt lat="37.89647" lon="-83.74893"/>
      <trkpt lat="37.89632" lon="-83.74905"/>
      <trkpt lat="37.89601" lon="-83.74897"/>
      <trkpt lat="37.89587" lon="-83.74895"/>
      <trkpt lat="37.89572" lon="-83.74891"/>
      <trkpt lat="37.89557" lon="-83.7489"/>
      <trkpt lat="37.89526" lon="-83.74886"/>
      <trkpt lat="37.89503" lon="-83.74884"/>
      <trkpt lat="37.89482" lon="-83.74877"/>
      <trkpt lat="37.8947" lon="-83.74872"/>
      <trkpt lat="37.8945" lon="-83.74864"/>
      <trkpt lat="37.89436" lon="-83.74855"/>
      <trkpt lat="37.89421" lon="-83.74848"/>
      <trkpt lat="37.89404" lon="-83.74848"/>
      <trkpt lat="37.89387" lon="-83.74854"/>
      <trkpt lat="37.89378" lon="-83.74858"/>
      <trkpt lat="37.8937" lon="-83.74864"/>
      <trkpt lat="37.89355" lon="-83.74877"/>
      <trkpt lat="37.89341" lon="-83.74888"/>
      <trkpt lat="37.89332" lon="-83.74893"/>
      <trkpt lat="37.89298" lon="-83.74916"/>
      <trkpt lat="37.89286" lon="-83.74923"/>
      <trkpt lat="37.8926" lon="-83.74942"/>
      <trkpt lat="37.89236" lon="-83.74963"/>
      <trkpt lat="37.89225" lon="-83.74975"/>
      <trkpt lat="37.89202" lon="-83.74994"/>
      <trkpt lat="37.89189" lon="-83.75002"/>
      <trkpt lat="37.89177" lon="-83.75008"/>
      <trkpt lat="37.89151" lon="-83.75024"/>
      <trkpt lat="37.89139" lon="-83.75033"/>
      <trkpt lat="37.89126" lon="-83.75042"/>
      <trkpt lat="37.89114" lon="-83.75049"/>
      <trkpt lat="37.89102" lon="-83.75059"/>
      <trkpt lat="37.89081" lon="-83.75084"/>
      <trkpt lat="37.89056" lon="-83.75104"/>
      <trkpt lat="37.89043" lon="-83.75111"/>
      <trkpt lat="37.89031" lon="-83.75117"/>
      <trkpt lat="37.89007" lon="-83.75131"/>
      <trkpt lat="37.88996" lon="-83.75144"/>
      <trkpt lat="37.88987" lon="-83.7515"/>
      <trkpt lat="37.88975" lon="-83.75153"/>
      <trkpt lat="37.8895" lon="-83.75158"/>
      <trkpt lat="37.88923" lon="-83.75157"/>
      <trkpt lat="37.8891" lon="-83.75156"/>
      <trkpt lat="37.88882" lon="-83.75155"/>
      <trkpt lat="37.88868" lon="-83.75154"/>
      <trkpt lat="37.88838" lon="-83.75151"/>
      <trkpt lat="37.88823" lon="-83.7515"/>
      <trkpt lat="37.88795" lon="-83.7515"/>
      <trkpt lat="37.88781" lon="-83.75151"/>
      <trkpt lat="37.88766" lon="-83.75155"/>
      <trkpt lat="37.88752" lon="-83.7516"/>
      <trkpt lat="37.88727" lon="-83.75171"/>
      <trkpt lat="37.88705" lon="-83.75189"/>
      <trkpt lat="37.88687" lon="-83.75216"/>
      <trkpt lat="37.88677" lon="-83.75229"/>
      <trkpt lat="37.8866" lon="-83.75259"/>
      <trkpt lat="37.88639" lon="-83.75286"/>
      <trkpt lat="37.88618" lon="-83.75315"/>
      <trkpt lat="37.88598" lon="-83.75343"/>
      <trkpt lat="37.88579" lon="-83.75372"/>
      <trkpt lat="37.88569" lon="-83.75384"/>
      <trkpt lat="37.8856" lon="-83.75394"/>
      <trkpt lat="37.88537" lon="-83.75409"/>
      <trkpt lat="37.88514" lon="-83.7542"/>
      <trkpt lat="37.88489" lon="-83.7543"/>
      <trkpt lat="37.88461" lon="-83.75439"/>
      <trkpt lat="37.88435" lon="-83.75451"/>
      <trkpt lat="37.88409" lon="-83.75468"/>
      <trkpt lat="37.88384" lon="-83.75488"/>
      <trkpt lat="37.88358" lon="-83.75504"/>
      <trkpt lat="37.88332" lon="-83.75517"/>
      <trkpt lat="37.88305" lon="-83.75534"/>
      <trkpt lat="37.88299" lon="-83.75545"/>
      <trkpt lat="37.88294" lon="-83.75557"/>
      <trkpt lat="37.88291" lon="-83.75571"/>
      <trkpt lat="37.88285" lon="-83.75601"/>
      <trkpt lat="37.88281" lon="-83.75618"/>
      <trkpt lat="37.88274" lon="-83.7565"/>
      <trkpt lat="37.8827" lon="-83.75667"/>
      <trkpt lat="37.88264" lon="-83.75698"/>
      <trkpt lat="37.88252" lon="-83.75727"/>
      <trkpt lat="37.88223" lon="-83.75781"/>
      <trkpt lat="37.88207" lon="-83.75802"/>
      <trkpt lat="37.88199" lon="-83.75811"/>
      <trkpt lat="37.88174" lon="-83.7583"/>
      <trkpt lat="37.88163" lon="-83.75849"/>
      <trkpt lat="37.88168" lon="-83.75876"/>
      <trkpt lat="37.88178" lon="-83.75892"/>
      <trkpt lat="37.88186" lon="-83.75905"/>
      <trkpt lat="37.88188" lon="-83.75923"/>
      <trkpt lat="37.88179" lon="-83.75934"/>
      <trkpt lat="37.88171" lon="-83.7594"/>
      <trkpt lat="37.88128" lon="-83.75968"/>
      <trkpt lat="37.88103" lon="-83.75985"/>
      <trkpt lat="37.8809" lon="-83.75993"/>
      <trkpt lat="37.88035" lon="-83.76019"/>
      <trkpt lat="37.87993" lon="-83.7601"/>
      <trkpt lat="37.87964" lon="-83.76003"/>
      <trkpt lat="37.87935" lon="-83.75998"/>
      <trkpt lat="37.87906" lon="-83.75997"/>
      <trkpt lat="37.87875" lon="-83.75995"/>
      <trkpt lat="37.8786" lon="-83.75997"/>
      <trkpt lat="37.87846" lon="-83.76001"/>
      <trkpt lat="37.87818" lon="-83.76014"/>
      <trkpt lat="37.87806" lon="-83.76024"/>
      <trkpt lat="37.87783" lon="-83.76051"/>
      <trkpt lat="37.87759" lon="-83.76078"/>
      <trkpt lat="37.87747" lon="-83.7609"/>
      <trkpt lat="37.87735" lon="-83.76099"/>
      <trkpt lat="37.8772" lon="-83.76106"/>
      <trkpt lat="37.8769" lon="-83.76107"/>
      <trkpt lat="37.87675" lon="-83.76107"/>
      <trkpt lat="37.8766" lon="-83.76105"/>
      <trkpt lat="37.87631" lon="-83.76099"/>
      <trkpt lat="37.87617" lon="-83.76098"/>
      <trkpt lat="37.87585" lon="-83.76091"/>
      <trkpt lat="37.87541" lon="-83.76086"/>
      <trkpt lat="37.87511" lon="-83.76084"/>
      <trkpt lat="37.87496" lon="-83.76085"/>
      <trkpt lat="37.87481" lon="-83.76085"/>
      <trkpt lat="37.87451" lon="-83.76091"/>
      <trkpt lat="37.87422" lon="-83.76101"/>
      <trkpt lat="37.87393" lon="-83.76111"/>
      <trkpt lat="37.87385" lon="-83.76125"/>
      <trkpt lat="37.87369" lon="-83.76158"/>
      <trkpt lat="37.87363" lon="-83.76176"/>
      <trkpt lat="37.87349" lon="-83.76209"/>
      <trkpt lat="37.87335" lon="-83.76245"/>
      <trkpt lat="37.87315" lon="-83.76278"/>
      <trkpt lat="37.87293" lon="-83.76309"/>
      <trkpt lat="37.87283" lon="-83.76324"/>
      <trkpt lat="37.87276" lon="-83.7634"/>
      <trkpt lat="37.87268" lon="-83.76374"/>
      <trkpt lat="37.87266" lon="-83.76392"/>
      <trkpt lat="37.87262" lon="-83.76412"/>
      <trkpt lat="37.8726" lon="-83.76433"/>
      <trkpt lat="37.87257" lon="-83.76453"/>
      <trkpt lat="37.87246" lon="-83.76493"/>
      <trkpt lat="37.87238" lon="-83.76511"/>
      <trkpt lat="37.87221" lon="-83.76548"/>
      <trkpt lat="37.87198" lon="-83.76576"/>
      <trkpt lat="37.87172" lon="-83.76602"/>
      <trkpt lat="37.87147" lon="-83.76626"/>
      <trkpt lat="37.87123" lon="-83.76652"/>
      <trkpt lat="37.8711" lon="-83.76665"/>
      <trkpt lat="37.87084" lon="-83.7669"/>
      <trkpt lat="37.87046" lon="-83.76725"/>
      <trkpt lat="37.87018" lon="-83.76734"/>
      <trkpt lat="37.87005" lon="-83.76736"/>
      <trkpt lat="37.8699" lon="-83.76739"/>
      <trkpt lat="37.8696" lon="-83.76745"/>
      <trkpt lat="37.86915" lon="-83.76757"/>
      <trkpt lat="37.86874" lon="-83.76772"/>
      <trkpt lat="37.86846" lon="-83.76781"/>
      <trkpt lat="37.86831" lon="-83.76785"/>
      <trkpt lat="37.86805" lon="-83.76801"/>
      <trkpt lat="37.86792" lon="-83.7681"/>
      <trkpt lat="37.86769" lon="-83.76829"/>
      <trkpt lat="37.86737" lon="-83.76863"/>
      <trkpt lat="37.86716" lon="-83.76885"/>
      <trkpt lat="37.86693" lon="-83.76906"/>
      <trkpt lat="37.86669" lon="-83.76925"/>
      <trkpt lat="37.86658" lon="-83.76935"/>
      <trkpt lat="37.8664" lon="-83.76958"/>
      <trkpt lat="37.86632" lon="-83.76972"/>
      <trkpt lat="37.86612" lon="-83.77016"/>
      <trkpt lat="37.8661" lon="-83.77033"/>
      <trkpt lat="37.86611" lon="-83.77065"/>
      <trkpt lat="37.86613" lon="-83.7708"/>
      <trkpt lat="37.86614" lon="-83.77096"/>
      <trkpt lat="37.86612" lon="-83.77129"/>
      <trkpt lat="37.86606" lon="-83.77146"/>
      <trkpt lat="37.86599" lon="-83.77174"/>
      <trkpt lat="37.86598" lon="-83.77189"/>
      <trkpt lat="37.86597" lon="-83.77205"/>
      <trkpt lat="37.86596" lon="-83.7722"/>
      <trkpt lat="37.86593" lon="-83.77237"/>
      <trkpt lat="37.86585" lon="-83.77266"/>
      <trkpt lat="37.86579" lon="-83.77282"/>
      <trkpt lat="37.86569" lon="-83.77333"/>
      <trkpt lat="37.86564" lon="-83.77349"/>
      <trkpt lat="37.86552" lon="-83.77379"/>
      <trkpt lat="37.86545" lon="-83.7739"/>
      <trkpt lat="37.86529" lon="-83.77409"/>
      <trkpt lat="37.86522" lon="-83.77419"/>
      <trkpt lat="37.86508" lon="-83.77435"/>
      <trkpt lat="37.86501" lon="-83.77444"/>
      <trkpt lat="37.86493" lon="-83.77455"/>
      <trkpt lat="37.86478" lon="-83.77476"/>
      <trkpt lat="37.8646" lon="-83.77495"/>
      <trkpt lat="37.86449" lon="-83.77508"/>
      <trkpt lat="37.86436" lon="-83.77519"/>
      <trkpt lat="37.86421" lon="-83.7752"/>
      <trkpt lat="37.86412" lon="-83.77515"/>
      <trkpt lat="37.86392" lon="-83.77506"/>
      <trkpt lat="37.86369" lon="-83.77494"/>
      <trkpt lat="37.86328" lon="-83.7747"/>
      <trkpt lat="37.86302" lon="-83.77451"/>
      <trkpt lat="37.86288" lon="-83.77443"/>
      <trkpt lat="37.86263" lon="-83.7743"/>
      <trkpt lat="37.86252" lon="-83.77434"/>
      <trkpt lat="37.86229" lon="-83.77448"/>
      <trkpt lat="37.86211" lon="-83.77478"/>
      <trkpt lat="37.8619" lon="-83.77512"/>
      <trkpt lat="37.86178" lon="-83.77528"/>
      <trkpt lat="37.86152" lon="-83.77557"/>
      <trkpt lat="37.86137" lon="-83.77569"/>
      <trkpt lat="37.86107" lon="-83.77585"/>
      <trkpt lat="37.86091" lon="-83.77589"/>
      <trkpt lat="37.86058" lon="-83.77588"/>
      <trkpt lat="37.86024" lon="-83.77589"/>
      <trkpt lat="37.86006" lon="-83.77591"/>
      <trkpt lat="37.85974" lon="-83.77605"/>
      <trkpt lat="37.85959" lon="-83.77614"/>
      <trkpt lat="37.85945" lon="-83.77624"/>
      <trkpt lat="37.8593" lon="-83.77633"/>
      <trkpt lat="37.85899" lon="-83.77649"/>
      <trkpt lat="37.85883" lon="-83.77656"/>
      <trkpt lat="37.8585" lon="-83.77668"/>
      <trkpt lat="37.85833" lon="-83.77676"/>
      <trkpt lat="37.85817" lon="-83.77684"/>
      <trkpt lat="37.85789" lon="-83.77703"/>
      <trkpt lat="37.85777" lon="-83.77716"/>
      <trkpt lat="37.85766" lon="-83.77731"/>
      <trkpt lat="37.85735" lon="-83.77777"/>
      <trkpt lat="37.85686" lon="-83.77852"/>
      <trkpt lat="37.85668" lon="-83.77883"/>
      <trkpt lat="37.85661" lon="-83.779"/>
      <trkpt lat="37.85636" lon="-83.77977"/>
      <trkpt lat="37.85614" lon="-83.78051"/>
      <trkpt lat="37.856" lon="-83.78097"/>
      <trkpt lat="37.85597" lon="-83.78111"/>
      <trkpt lat="37.85591" lon="-83.78136"/>
      <trkpt lat="37.85577" lon="-83.78158"/>
      <trkpt lat="37.85567" lon="-83.78162"/>
      <trkpt lat="37.85544" lon="-83.78164"/>
      <trkpt lat="37.85531" lon="-83.78162"/>
      <trkpt lat="37.85502" lon="-83.78161"/>
      <trkpt lat="37.85488" lon="-83.7816"/>
      <trkpt lat="37.85473" lon="-83.78161"/>
      <trkpt lat="37.8543" lon="-83.78165"/>
      <trkpt lat="37.85415" lon="-83.78169"/>
      <trkpt lat="37.85386" lon="-83.78173"/>
      <trkpt lat="37.85357" lon="-83.7818"/>
      <trkpt lat="37.85328" lon="-83.78192"/>
      <trkpt lat="37.853" lon="-83.78194"/>
      <trkpt lat="37.85267" lon="-83.78187"/>
      <trkpt lat="37.85253" lon="-83.78185"/>
      <trkpt lat="37.85214" lon="-83.7819"/>
      <trkpt lat="37.85202" lon="-83.78193"/>
      <trkpt lat="37.85184" lon="-83.78201"/>
      <trkpt lat="37.85172" lon="-83.78209"/>
      <trkpt lat="37.8516" lon="-83.78203"/>
      <trkpt lat="37.8516" lon="-83.78177"/>
      <trkpt lat="37.85161" lon="-83.7815"/>
      <trkpt lat="37.8516" lon="-83.78135"/>
      <trkpt lat="37.85158" lon="-83.78119"/>
      <trkpt lat="37.85154" lon="-83.78103"/>
      <trkpt lat="37.85142" lon="-83.7807"/>
      <trkpt lat="37.85121" lon="-83.78023"/>
      <trkpt lat="37.85087" lon="-83.77946"/>
      <trkpt lat="37.85073" lon="-83.77916"/>
      <trkpt lat="37.8506" lon="-83.77888"/>
      <trkpt lat="37.85052" lon="-83.77876"/>
      <trkpt lat="37.85043" lon="-83.77867"/>
      <trkpt lat="37.85032" lon="-83.77862"/>
      <trkpt lat="37.85008" lon="-83.7786"/>
      <trkpt lat="37.84995" lon="-83.77862"/>
      <trkpt lat="37.84981" lon="-83.77862"/>
      <trkpt lat="37.84953" lon="-83.7786"/>
      <trkpt lat="37.84927" lon="-83.77848"/>
      <trkpt lat="37.849" lon="-83.77835"/>
      <trkpt lat="37.84888" lon="-83.77824"/>
      <trkpt lat="37.84865" lon="-83.77801"/>
      <trkpt lat="37.84838" lon="-83.77778"/>
      <trkpt lat="37.84825" lon="-83.77768"/>
      <trkpt lat="37.84813" lon="-83.77758"/>
      <trkpt lat="37.84792" lon="-83.77728"/>
      <trkpt lat="37.84782" lon="-83.77711"/>
      <trkpt lat="37.84767" lon="-83.77672"/>
      <trkpt lat="37.8476" lon="-83.77652"/>
      <trkpt lat="37.84756" lon="-83.77631"/>
      <trkpt lat="37.84753" lon="-83.77587"/>
      <trkpt lat="37.84759" lon="-83.77495"/>
      <trkpt lat="37.84767" lon="-83.77382"/>
      <trkpt lat="37.84772" lon="-83.773"/>
      <trkpt lat="37.84774" lon="-83.7728"/>
      <trkpt lat="37.84783" lon="-83.77243"/>
      <trkpt lat="37.8479" lon="-83.77226"/>
      <trkpt lat="37.84798" lon="-83.7721"/>
      <trkpt lat="37.84835" lon="-83.77152"/>
      <trkpt lat="37.8485" lon="-83.77123"/>
      <trkpt lat="37.84861" lon="-83.77091"/>
      <trkpt lat="37.84874" lon="-83.77042"/>
      <trkpt lat="37.84881" lon="-83.77009"/>
      <trkpt lat="37.8489" lon="-83.76961"/>
      <trkpt lat="37.84892" lon="-83.76932"/>
      <trkpt lat="37.84892" lon="-83.76902"/>
      <trkpt lat="37.84892" lon="-83.76877"/>
      <trkpt lat="37.8489" lon="-83.76854"/>
      <trkpt lat="37.84887" lon="-83.76828"/>
      <trkpt lat="37.84874" lon="-83.76815"/>
      <trkpt lat="37.8486" lon="-83.7682"/>
      <trkpt lat="37.84851" lon="-83.76823"/>
      <trkpt lat="37.84804" lon="-83.76835"/>
      <trkpt lat="37.84778" lon="-83.76842"/>
      <trkpt lat="37.8474" lon="-83.76851"/>
      <trkpt lat="37.84705" lon="-83.76859"/>
      <trkpt lat="37.84695" lon="-83.76861"/>
      <trkpt lat="37.84679" lon="-83.76866"/>
      <trkpt lat="37.84643" lon="-83.76875"/>
      <trkpt lat="37.84631" lon="-83.76878"/>
      <trkpt lat="37.84621" lon="-83.76881"/>
      <trkpt lat="37.84578" lon="-83.76897"/>
      <trkpt lat="37.84547" lon="-83.7691"/>
      <trkpt lat="37.84516" lon="-83.76925"/>
      <trkpt lat="37.84485" lon="-83.7694"/>
      <trkpt lat="37.84471" lon="-83.76949"/>
      <trkpt lat="37.84355" lon="-83.77017"/>
      <trkpt lat="37.84314" lon="-83.77043"/>
      <trkpt lat="37.8424" lon="-83.77087"/>
      <trkpt lat="37.84185" lon="-83.77118"/>
      <trkpt lat="37.84173" lon="-83.77123"/>
      <trkpt lat="37.84135" lon="-83.77151"/>
      <trkpt lat="37.84118" lon="-83.77165"/>
      <trkpt lat="37.84111" lon="-83.77172"/>
      <trkpt lat="37.84098" lon="-83.77183"/>
      <trkpt lat="37.84073" lon="-83.77157"/>
      <trkpt lat="37.84057" lon="-83.77147"/>
      <trkpt lat="37.8402" lon="-83.7713"/>
      <trkpt lat="37.83963" lon="-83.77111"/>
      <trkpt lat="37.83925" lon="-83.77096"/>
      <trkpt lat="37.83905" lon="-83.77088"/>
      <trkpt lat="37.83869" lon="-83.77067"/>
      <trkpt lat="37.83833" lon="-83.77048"/>
      <trkpt lat="37.83815" lon="-83.77039"/>
      <trkpt lat="37.83775" lon="-83.77022"/>
      <trkpt lat="37.83756" lon="-83.77017"/>
      <trkpt lat="37.83736" lon="-83.77014"/>
      <trkpt lat="37.83696" lon="-83.77012"/>
      <trkpt lat="37.83676" lon="-83.77013"/>
      <trkpt lat="37.83619" lon="-83.77018"/>
      <trkpt lat="37.83599" lon="-83.7702"/>
      <trkpt lat="37.83561" lon="-83.77024"/>
      <trkpt lat="37.83524" lon="-83.77025"/>
      <trkpt lat="37.83425" lon="-83.77034"/>
      <trkpt lat="37.83387" lon="-83.77044"/>
      <trkpt lat="37.83368" lon="-83.77052"/>
      <trkpt lat="37.83331" lon="-83.7707"/>
      <trkpt lat="37.83294" lon="-83.77084"/>
      <trkpt lat="37.83276" lon="-83.77093"/>
      <trkpt lat="37.83259" lon="-83.77089"/>
      <trkpt lat="37.83241" lon="-83.77083"/>
      <trkpt lat="37.83208" lon="-83.77069"/>
      <trkpt lat="37.83191" lon="-83.77058"/>
      <trkpt lat="37.8316" lon="-83.77035"/>
      <trkpt lat="37.83131" lon="-83.77009"/>
      <trkpt lat="37.83102" lon="-83.76985"/>
      <trkpt lat="37.83075" lon="-83.76962"/>
      <trkpt lat="37.83061" lon="-83.76948"/>
      <trkpt lat="37.83048" lon="-83.76934"/>
      <trkpt lat="37.83022" lon="-83.76911"/>
      <trkpt lat="37.82995" lon="-83.76886"/>
      <trkpt lat="37.82895" lon="-83.76797"/>
      <trkpt lat="37.82876" lon="-83.76788"/>
      <trkpt lat="37.82864" lon="-83.76792"/>
      <trkpt lat="37.82853" lon="-83.76792"/>
      <trkpt lat="37.82839" lon="-83.76792"/>
      <trkpt lat="37.82821" lon="-83.76794"/>
      <trkpt lat="37.828" lon="-83.76797"/>
      <trkpt lat="37.82778" lon="-83.76799"/>
      <trkpt lat="37.82766" lon="-83.76801"/>
      <trkpt lat="37.82731" lon="-83.76804"/>
      <trkpt lat="37.82694" lon="-83.7681"/>
      <trkpt lat="37.82669" lon="-83.76816"/>
      <trkpt lat="37.82656" lon="-83.76819"/>
      <trkpt lat="37.82607" lon="-83.7683"/>
      <trkpt lat="37.82572" lon="-83.7684"/>
      <trkpt lat="37.82549" lon="-83.76846"/>
      <trkpt lat="37.82515" lon="-83.76854"/>
      <trkpt lat="37.82431" lon="-83.7687"/>
      <trkpt lat="37.82419" lon="-83.76872"/>
      <trkpt lat="37.82336" lon="-83.76886"/>
      <trkpt lat="37.82325" lon="-83.76888"/>
      <trkpt lat="37.82303" lon="-83.76894"/>
      <trkpt lat="37.82283" lon="-83.76901"/>
      <trkpt lat="37.82263" lon="-83.76909"/>
      <trkpt lat="37.82254" lon="-83.76913"/>
      <trkpt lat="37.82237" lon="-83.76923"/>
      <trkpt lat="37.82228" lon="-83.76927"/>
      <trkpt lat="37.82209" lon="-83.7693"/>
      <trkpt lat="37.82192" lon="-83.76928"/>
      <trkpt lat="37.82173" lon="-83.76922"/>
      <trkpt lat="37.82154" lon="-83.76915"/>
      <trkpt lat="37.82135" lon="-83.76909"/>
      <trkpt lat="37.82124" lon="-83.76906"/>
      <trkpt lat="37.82104" lon="-83.76901"/>
      <trkpt lat="37.82094" lon="-83.76901"/>
      <trkpt lat="37.82054" lon="-83.76897"/>
      <trkpt lat="37.8204" lon="-83.76893"/>
      <trkpt lat="37.81934" lon="-83.76889"/>
      <trkpt lat="37.81882" lon="-83.76992"/>
      <trkpt lat="37.81858" lon="-83.77064"/>
      <trkpt lat="37.81771" lon="-83.77261"/>
      <trkpt lat="37.81771" lon="-83.77442"/>
      <trkpt lat="37.81726" lon="-83.77622"/>
      <trkpt lat="37.81639" lon="-83.77761"/>
      <trkpt lat="37.81615" lon="-83.77774"/>
      <trkpt lat="37.81581" lon="-83.77766"/>
      <trkpt lat="37.81487" lon="-83.77629"/>
      <trkpt lat="37.8147" lon="-83.77681"/>
      <trkpt lat="37.8152" lon="-83.77925"/>
      <trkpt lat="37.81515" lon="-83.77919"/>
      <trkpt lat="37.8149" lon="-83.77947"/>
      <trkpt lat="37.81404" lon="-83.77963"/>
      <trkpt lat="37.81272" lon="-83.77967"/>
      <trkpt lat="37.81196" lon="-83.77936"/>
      <trkpt lat="37.81117" lon="-83.77958"/>
      <trkpt lat="37.81066" lon="-83.77956"/>
      <trkpt lat="37.81034" lon="-83.77935"/>
      <trkpt lat="37.80974" lon="-83.77835"/>
      <trkpt lat="37.80882" lon="-83.77952"/>
      <trkpt lat="37.80863" lon="-83.77962"/>
      <trkpt lat="37.80852" lon="-83.77956"/>
      <trkpt lat="37.80772" lon="-83.77996"/>
      <trkpt lat="37.80674" lon="-83.78075"/>
      <trkpt lat="37.80646" lon="-83.78086"/>
      <trkpt lat="37.80611" lon="-83.78076"/>
      <trkpt lat="37.80559" lon="-83.78037"/>
      <trkpt lat="37.8053" lon="-83.7805"/>
      <trkpt lat="37.80518" lon="-83.78072"/>
      <trkpt lat="37.80512" lon="-83.78121"/>
      <trkpt lat="37.80436" lon="-83.78177"/>
      <trkpt lat="37.80412" lon="-83.7824"/>
      <trkpt lat="37.80404" lon="-83.78295"/>
      <trkpt lat="37.80365" lon="-83.78323"/>
      <trkpt lat="37.80335" lon="-83.78391"/>
      <trkpt lat="37.80342" lon="-83.78423"/>
      <trkpt lat="37.80332" lon="-83.78426"/>
      <trkpt lat="37.80323" lon="-83.78419"/>
      <trkpt lat="37.80312" lon="-83.78435"/>
      <trkpt lat="37.8025" lon="-83.78423"/>
      <trkpt lat="37.80219" lon="-83.7848"/>
      <trkpt lat="37.80199" lon="-83.785"/>
      <trkpt lat="37.80184" lon="-83.78559"/>
      <trkpt lat="37.80189" lon="-83.78581"/>
      <trkpt lat="37.802" lon="-83.78593"/>
      <trkpt lat="37.80189" lon="-83.78627"/>
      <trkpt lat="37.80179" lon="-83.78624"/>
      <trkpt lat="37.80169" lon="-83.78601"/>
      <trkpt lat="37.80162" lon="-83.78585"/>
      <trkpt lat="37.80146" lon="-83.78527"/>
      <trkpt lat="37.80134" lon="-83.78526"/>
      <trkpt lat="37.80113" lon="-83.78529"/>
      <trkpt lat="37.80098" lon="-83.7853"/>
      <trkpt lat="37.80075" lon="-83.78527"/>
      <trkpt lat="37.80059" lon="-83.78523"/>
      <trkpt lat="37.80043" lon="-83.78521"/>
      <trkpt lat="37.8003" lon="-83.78518"/>
      <trkpt lat="37.80016" lon="-83.78513"/>
      <trkpt lat="37.80006" lon="-83.7851"/>
      <trkpt lat="37.79999" lon="-83.785"/>
      <trkpt lat="37.79991" lon="-83.78475"/>
      <trkpt lat="37.79985" lon="-83.78452"/>
      <trkpt lat="37.7997" lon="-83.78431"/>
      <trkpt lat="37.79958" lon="-83.78406"/>
      <trkpt lat="37.79949" lon="-83.78379"/>
      <trkpt lat="37.79939" lon="-83.78355"/>
      <trkpt lat="37.79928" lon="-83.78333"/>
      <trkpt lat="37.79922" lon="-83.78323"/>
      <trkpt lat="37.79908" lon="-83.78304"/>
      <trkpt lat="37.79893" lon="-83.78284"/>
      <trkpt lat="37.79877" lon="-83.78242"/>
      <trkpt lat="37.79868" lon="-83.78221"/>
      <trkpt lat="37.79863" lon="-83.78211"/>
      <trkpt lat="37.79857" lon="-83.78202"/>
      <trkpt lat="37.79841" lon="-83.78186"/>
      <trkpt lat="37.79832" lon="-83.78181"/>
      <trkpt lat="37.79823" lon="-83.78176"/>
      <trkpt lat="37.79813" lon="-83.78173"/>
      <trkpt lat="37.79785" lon="-83.78169"/>
      <trkpt lat="37.79777" lon="-83.78173"/>
      <trkpt lat="37.79747" lon="-83.78188"/>
      <trkpt lat="37.79737" lon="-83.78193"/>
      <trkpt lat="37.79718" lon="-83.78193"/>
      <trkpt lat="37.79709" lon="-83.78186"/>
      <trkpt lat="37.79693" lon="-83.78172"/>
      <trkpt lat="37.79677" lon="-83.78169"/>
      <trkpt lat="37.79667" lon="-83.78169"/>
      <trkpt lat="37.79639" lon="-83.78167"/>
      <trkpt lat="37.79626" lon="-83.7816"/>
      <trkpt lat="37.79619" lon="-83.78148"/>
      <trkpt lat="37.79627" lon="-83.78123"/>
      <trkpt lat="37.79637" lon="-83.78102"/>
      <trkpt lat="37.79639" lon="-83.78079"/>
      <trkpt lat="37.79639" lon="-83.78067"/>
      <trkpt lat="37.79637" lon="-83.78055"/>
      <trkpt lat="37.79633" lon="-83.78044"/>
      <trkpt lat="37.79626" lon="-83.78024"/>
      <trkpt lat="37.79615" lon="-83.77989"/>
      <trkpt lat="37.7961" lon="-83.7797"/>
      <trkpt lat="37.79602" lon="-83.77963"/>
      <trkpt lat="37.79584" lon="-83.7797"/>
      <trkpt lat="37.79566" lon="-83.77982"/>
      <trkpt lat="37.79556" lon="-83.77989"/>
      <trkpt lat="37.79537" lon="-83.78003"/>
      <trkpt lat="37.79526" lon="-83.78011"/>
      <trkpt lat="37.79507" lon="-83.78027"/>
      <trkpt lat="37.79498" lon="-83.78037"/>
      <trkpt lat="37.79493" lon="-83.78048"/>
      <trkpt lat="37.79479" lon="-83.78086"/>
      <trkpt lat="37.79467" lon="-83.78102"/>
      <trkpt lat="37.79448" lon="-83.78111"/>
      <trkpt lat="37.79427" lon="-83.78116"/>
      <trkpt lat="37.79416" lon="-83.78118"/>
      <trkpt lat="37.79374" lon="-83.78136"/>
      <trkpt lat="37.79364" lon="-83.78137"/>
      <trkpt lat="37.79342" lon="-83.78133"/>
      <trkpt lat="37.79321" lon="-83.7812"/>
      <trkpt lat="37.79301" lon="-83.78104"/>
      <trkpt lat="37.79283" lon="-83.78085"/>
      <trkpt lat="37.79257" lon="-83.78056"/>
      <trkpt lat="37.79237" lon="-83.78031"/>
      <trkpt lat="37.79224" lon="-83.78015"/>
      <trkpt lat="37.7921" lon="-83.7801"/>
      <trkpt lat="37.79201" lon="-83.78009"/>
      <trkpt lat="37.79192" lon="-83.78008"/>
      <trkpt lat="37.79177" lon="-83.78015"/>
      <trkpt lat="37.79163" lon="-83.78034"/>
      <trkpt lat="37.79156" lon="-83.78047"/>
      <trkpt lat="37.79128" lon="-83.78105"/>
      <trkpt lat="37.79104" lon="-83.78113"/>
      <trkpt lat="37.79079" lon="-83.7811"/>
      <trkpt lat="37.79051" lon="-83.78099"/>
      <trkpt lat="37.79022" lon="-83.78081"/>
      <trkpt lat="37.79009" lon="-83.78081"/>
      <trkpt lat="37.7898" lon="-83.78078"/>
      <trkpt lat="37.78954" lon="-83.7808"/>
      <trkpt lat="37.78942" lon="-83.78084"/>
      <trkpt lat="37.78932" lon="-83.78079"/>
      <trkpt lat="37.78914" lon="-83.78065"/>
      <trkpt lat="37.789" lon="-83.7804"/>
      <trkpt lat="37.78888" lon="-83.78025"/>
      <trkpt lat="37.78876" lon="-83.7801"/>
      <trkpt lat="37.78864" lon="-83.77997"/>
      <trkpt lat="37.78806" lon="-83.77947"/>
      <trkpt lat="37.78777" lon="-83.77923"/>
      <trkpt lat="37.78758" lon="-83.77896"/>
      <trkpt lat="37.78751" lon="-83.7787"/>
      <trkpt lat="37.78761" lon="-83.7783"/>
      <trkpt lat="37.78765" lon="-83.77816"/>
      <trkpt lat="37.7877" lon="-83.77789"/>
      <trkpt lat="37.78763" lon="-83.77762"/>
      <trkpt lat="37.78755" lon="-83.77753"/>
      <trkpt lat="37.78746" lon="-83.77744"/>
      <trkpt lat="37.78727" lon="-83.7773"/>
      <trkpt lat="37.78697" lon="-83.77711"/>
      <trkpt lat="37.78678" lon="-83.77699"/>
      <trkpt lat="37.78667" lon="-83.77696"/>
      <trkpt lat="37.78652" lon="-83.77683"/>
      <trkpt lat="37.78646" lon="-83.77663"/>
      <trkpt lat="37.7865" lon="-83.77641"/>
      <trkpt lat="37.78656" lon="-83.77622"/>
      <trkpt lat="37.78663" lon="-83.77594"/>
      <trkpt lat="37.78671" lon="-83.77577"/>
      <trkpt lat="37.78674" lon="-83.77558"/>
      <trkpt lat="37.78668" lon="-83.77544"/>
      <trkpt lat="37.78658" lon="-83.77524"/>
      <trkpt lat="37.7865" lon="-83.77517"/>
      <trkpt lat="37.78638" lon="-83.7752"/>
      <trkpt lat="37.78628" lon="-83.77525"/>
      <trkpt lat="37.7861" lon="-83.77539"/>
      <trkpt lat="37.78592" lon="-83.77558"/>
      <trkpt lat="37.78571" lon="-83.77575"/>
      <trkpt lat="37.78559" lon="-83.77584"/>
      <trkpt lat="37.78548" lon="-83.77594"/>
      <trkpt lat="37.78528" lon="-83.77615"/>
      <trkpt lat="37.78519" lon="-83.77628"/>
      <trkpt lat="37.78511" lon="-83.77641"/>
      <trkpt lat="37.78503" lon="-83.77655"/>
      <trkpt lat="37.78482" lon="-83.77682"/>
      <trkpt lat="37.7846" lon="-83.77712"/>
      <trkpt lat="37.7845" lon="-83.77728"/>
      <trkpt lat="37.78432" lon="-83.77762"/>
      <trkpt lat="37.78422" lon="-83.77777"/>
      <trkpt lat="37.78413" lon="-83.77792"/>
      <trkpt lat="37.78402" lon="-83.77805"/>
      <trkpt lat="37.7839" lon="-83.77815"/>
      <trkpt lat="37.78364" lon="-83.77828"/>
      <trkpt lat="37.78351" lon="-83.77833"/>
      <trkpt lat="37.78339" lon="-83.7784"/>
      <trkpt lat="37.78318" lon="-83.77859"/>
      <trkpt lat="37.78307" lon="-83.77871"/>
      <trkpt lat="37.78291" lon="-83.77902"/>
      <trkpt lat="37.78283" lon="-83.77918"/>
      <trkpt lat="37.78274" lon="-83.77935"/>
      <trkpt lat="37.78267" lon="-83.77952"/>
      <trkpt lat="37.78251" lon="-83.77981"/>
      <trkpt lat="37.78242" lon="-83.77996"/>
      <trkpt lat="37.78222" lon="-83.78019"/>
      <trkpt lat="37.78208" lon="-83.78026"/>
      <trkpt lat="37.78179" lon="-83.7804"/>
      <trkpt lat="37.78165" lon="-83.78042"/>
      <trkpt lat="37.7815" lon="-83.78044"/>
      <trkpt lat="37.78104" lon="-83.78049"/>
      <trkpt lat="37.78089" lon="-83.7805"/>
      <trkpt lat="37.78074" lon="-83.78052"/>
      <trkpt lat="37.78045" lon="-83.7806"/>
      <trkpt lat="37.78031" lon="-83.78062"/>
      <trkpt lat="37.78016" lon="-83.78063"/>
      <trkpt lat="37.77987" lon="-83.78063"/>
      <trkpt lat="37.77972" lon="-83.7806"/>
      <trkpt lat="37.77922" lon="-83.78046"/>
      <trkpt lat="37.77896" lon="-83.78037"/>
      <trkpt lat="37.77886" lon="-83.7803"/>
      <trkpt lat="37.7786" lon="-83.78005"/>
      <trkpt lat="37.77852" lon="-83.77997"/>
      <trkpt lat="37.77835" lon="-83.77989"/>
      <trkpt lat="37.77825" lon="-83.77989"/>
      <trkpt lat="37.77807" lon="-83.78001"/>
      <trkpt lat="37.77791" lon="-83.78022"/>
      <trkpt lat="37.77778" lon="-83.78048"/>
      <trkpt lat="37.77772" lon="-83.78062"/>
      <trkpt lat="37.77765" lon="-83.78091"/>
      <trkpt lat="37.77767" lon="-83.78119"/>
      <trkpt lat="37.77773" lon="-83.78131"/>
      <trkpt lat="37.77788" lon="-83.78155"/>
      <trkpt lat="37.77796" lon="-83.78182"/>
      <trkpt lat="37.77796" lon="-83.78198"/>
      <trkpt lat="37.77791" lon="-83.78213"/>
      <trkpt lat="37.77775" lon="-83.78239"/>
      <trkpt lat="37.77764" lon="-83.78246"/>
      <trkpt lat="37.77751" lon="-83.78248"/>
      <trkpt lat="37.77722" lon="-83.78244"/>
      <trkpt lat="37.77707" lon="-83.7824"/>
      <trkpt lat="37.77675" lon="-83.78235"/>
      <trkpt lat="37.7766" lon="-83.78233"/>
      <trkpt lat="37.77628" lon="-83.7823"/>
      <trkpt lat="37.77612" lon="-83.78229"/>
      <trkpt lat="37.77581" lon="-83.78226"/>
      <trkpt lat="37.77556" lon="-83.78233"/>
      <trkpt lat="37.77533" lon="-83.78249"/>
      <trkpt lat="37.77517" lon="-83.7827"/>
      <trkpt lat="37.77507" lon="-83.78297"/>
      <trkpt lat="37.77502" lon="-83.78311"/>
      <trkpt lat="37.7751" lon="-83.78335"/>
      <trkpt lat="37.77529" lon="-83.78358"/>
      <trkpt lat="37.77542" lon="-83.78369"/>
      <trkpt lat="37.77555" lon="-83.78381"/>
      <trkpt lat="37.77581" lon="-83.78409"/>
      <trkpt lat="37.77601" lon="-83.78443"/>
      <trkpt lat="37.77612" lon="-83.7848"/>
      <trkpt lat="37.77615" lon="-83.78501"/>
      <trkpt lat="37.77622" lon="-83.78567"/>
      <trkpt lat="37.77626" lon="-83.78612"/>
      <trkpt lat="37.77627" lon="-83.78659"/>
      <trkpt lat="37.77627" lon="-83.78683"/>
      <trkpt lat="37.77625" lon="-83.78708"/>
      <trkpt lat="37.77624" lon="-83.78802"/>
      <trkpt lat="37.77617" lon="-83.78849"/>
      <trkpt lat="37.77601" lon="-83.78883"/>
      <trkpt lat="37.77588" lon="-83.78897"/>
      <trkpt lat="37.77576" lon="-83.78911"/>
      <trkpt lat="37.77548" lon="-83.78935"/>
      <trkpt lat="37.77519" lon="-83.78958"/>
      <trkpt lat="37.77481" lon="-83.79001"/>
      <trkpt lat="37.77469" lon="-83.79016"/>
      <trkpt lat="37.77448" lon="-83.79047"/>
      <trkpt lat="37.77429" lon="-83.79081"/>
      <trkpt lat="37.77422" lon="-83.791"/>
      <trkpt lat="37.77398" lon="-83.79158"/>
      <trkpt lat="37.77378" lon="-83.79218"/>
      <trkpt lat="37.77358" lon="-83.79282"/>
      <trkpt lat="37.77342" lon="-83.79323"/>
      <trkpt lat="37.77331" lon="-83.7934"/>
      <trkpt lat="37.77318" lon="-83.79354"/>
      <trkpt lat="37.77308" lon="-83.79359"/>
      <trkpt lat="37.77307" lon="-83.79356"/>
      <trkpt lat="37.77297" lon="-83.79357"/>
      <trkpt lat="37.77293" lon="-83.79359"/>
      <trkpt lat="37.77281" lon="-83.79367"/>
      <trkpt lat="37.77259" lon="-83.79385"/>
      <trkpt lat="37.77224" lon="-83.79405"/>
      <trkpt lat="37.77214" lon="-83.7941"/>
      <trkpt lat="37.77204" lon="-83.79415"/>
      <trkpt lat="37.77169" lon="-83.79438"/>
      <trkpt lat="37.77151" lon="-83.79436"/>
      <trkpt lat="37.77145" lon="-83.79435"/>
      <trkpt lat="37.77129" lon="-83.79432"/>
      <trkpt lat="37.77118" lon="-83.79435"/>
      <trkpt lat="37.77108" lon="-83.79437"/>
      <trkpt lat="37.77094" lon="-83.79436"/>
      <trkpt lat="37.77088" lon="-83.79437"/>
      <trkpt lat="37.77067" lon="-83.79436"/>
      <trkpt lat="37.77043" lon="-83.79431"/>
      <trkpt lat="37.77041" lon="-83.7943"/>
      <trkpt lat="37.77025" lon="-83.79432"/>
      <trkpt lat="37.77002" lon="-83.79438"/>
      <trkpt lat="37.76996" lon="-83.79438"/>
      <trkpt lat="37.76987" lon="-83.79438"/>
      <trkpt lat="37.76975" lon="-83.79441"/>
      <trkpt lat="37.76967" lon="-83.79444"/>
      <trkpt lat="37.76963" lon="-83.79448"/>
      <trkpt lat="37.76946" lon="-83.79453"/>
      <trkpt lat="37.7694" lon="-83.79456"/>
      <trkpt lat="37.7693" lon="-83.7946"/>
      <trkpt lat="37.76907" lon="-83.79466"/>
      <trkpt lat="37.76893" lon="-83.79472"/>
      <trkpt lat="37.76888" lon="-83.79477"/>
      <trkpt lat="37.76885" lon="-83.79479"/>
      <trkpt lat="37.76878" lon="-83.79481"/>
      <trkpt lat="37.76872" lon="-83.79488"/>
      <trkpt lat="37.76863" lon="-83.79495"/>
      <trkpt lat="37.76852" lon="-83.795"/>
      <trkpt lat="37.76847" lon="-83.79505"/>
      <trkpt lat="37.76839" lon="-83.79508"/>
      <trkpt lat="37.76818" lon="-83.79518"/>
      <trkpt lat="37.76796" lon="-83.79535"/>
      <trkpt lat="37.76789" lon="-83.79539"/>
      <trkpt lat="37.76784" lon="-83.79549"/>
      <trkpt lat="37.7678" lon="-83.79554"/>
      <trkpt lat="37.76774" lon="-83.79566"/>
      <trkpt lat="37.76764" lon="-83.79573"/>
      <trkpt lat="37.7676" lon="-83.79577"/>
      <trkpt lat="37.76754" lon="-83.79586"/>
      <trkpt lat="37.76744" lon="-83.7959"/>
      <trkpt lat="37.76739" lon="-83.79592"/>
      <trkpt lat="37.76734" lon="-83.79591"/>
      <trkpt lat="37.76729" lon="-83.79592"/>
      <trkpt lat="37.76714" lon="-83.79601"/>
      <trkpt lat="37.76691" lon="-83.79609"/>
      <trkpt lat="37.76686" lon="-83.7961"/>
      <trkpt lat="37.76679" lon="-83.79614"/>
      <trkpt lat="37.76671" lon="-83.79614"/>
      <trkpt lat="37.76666" lon="-83.79613"/>
      <trkpt lat="37.76665" lon="-83.79613"/>
      <trkpt lat="37.76663" lon="-83.79615"/>
      <trkpt lat="37.7666" lon="-83.79615"/>
      <trkpt lat="37.76656" lon="-83.79617"/>
      <trkpt lat="37.76658" lon="-83.79614"/>
      <trkpt lat="37.76637" lon="-83.79628"/>
      <trkpt lat="37.76627" lon="-83.79631"/>
      <trkpt lat="37.76622" lon="-83.79635"/>
      <trkpt lat="37.76616" lon="-83.79638"/>
      <trkpt lat="37.76608" lon="-83.79641"/>
      <trkpt lat="37.76599" lon="-83.79643"/>
      <trkpt lat="37.76591" lon="-83.79647"/>
      <trkpt lat="37.76588" lon="-83.79648"/>
      <trkpt lat="37.76581" lon="-83.79652"/>
      <trkpt lat="37.76578" lon="-83.79653"/>
      <trkpt lat="37.76567" lon="-83.79662"/>
      <trkpt lat="37.76565" lon="-83.79667"/>
      <trkpt lat="37.76562" lon="-83.7967"/>
      <trkpt lat="37.76555" lon="-83.79674"/>
      <trkpt lat="37.76547" lon="-83.79689"/>
      <trkpt lat="37.76543" lon="-83.79692"/>
      <trkpt lat="37.76535" lon="-83.79694"/>
      <trkpt lat="37.76528" lon="-83.79699"/>
      <trkpt lat="37.76524" lon="-83.79704"/>
      <trkpt lat="37.76511" lon="-83.79719"/>
      <trkpt lat="37.76501" lon="-83.79726"/>
      <trkpt lat="37.765" lon="-83.79729"/>
      <trkpt lat="37.76498" lon="-83.79729"/>
      <trkpt lat="37.76491" lon="-83.79715"/>
      <trkpt lat="37.76489" lon="-83.79673"/>
      <trkpt lat="37.76482" lon="-83.7964"/>
      <trkpt lat="37.7645" lon="-83.79597"/>
      <trkpt lat="37.76442" lon="-83.79567"/>
      <trkpt lat="37.76385" lon="-83.79539"/>
      <trkpt lat="37.76359" lon="-83.79553"/>
      <trkpt lat="37.76393" lon="-83.79623"/>
      <trkpt lat="37.76355" lon="-83.79749"/>
      <trkpt lat="37.76261" lon="-83.79839"/>
      <trkpt lat="37.762" lon="-83.79826"/>
      <trkpt lat="37.76129" lon="-83.79796"/>
      <trkpt lat="37.76079" lon="-83.79766"/>
      <trkpt lat="37.76001" lon="-83.79688"/>
      <trkpt lat="37.76038" lon="-83.79809"/>
      <trkpt lat="37.76066" lon="-83.79854"/>
      <trkpt lat="37.76096" lon="-83.7993"/>
      <trkpt lat="37.75992" lon="-83.79921"/>
      <trkpt lat="37.75925" lon="-83.79922"/>
      <trkpt lat="37.75852" lon="-83.79931"/>
      <trkpt lat="37.75839" lon="-83.79998"/>
      <trkpt lat="37.75866" lon="-83.80068"/>
      <trkpt lat="37.75803" lon="-83.80047"/>
      <trkpt lat="37.75724" lon="-83.80089"/>
      <trkpt lat="37.75778" lon="-83.8016"/>
      <trkpt lat="37.75747" lon="-83.80211"/>
      <trkpt lat="37.75727" lon="-83.80258"/>
      <trkpt lat="37.75722" lon="-83.80341"/>
      <trkpt lat="37.75725" lon="-83.80408"/>
      <trkpt lat="37.75668" lon="-83.80473"/>
      <trkpt lat="37.7564" lon="-83.80526"/>
      <trkpt lat="37.75587" lon="-83.80573"/>
      <trkpt lat="37.75574" lon="-83.80652"/>
      <trkpt lat="37.75536" lon="-83.80734"/>
      <trkpt lat="37.75477" lon="-83.80736"/>
      <trkpt lat="37.75444" lon="-83.80771"/>
      <trkpt lat="37.754" lon="-83.80743"/>
      <trkpt lat="37.75404" lon="-83.80737"/>
      <trkpt lat="37.75405" lon="-83.80705"/>
      <trkpt lat="37.75404" lon="-83.80686"/>
      <trkpt lat="37.75401" lon="-83.80664"/>
      <trkpt lat="37.75395" lon="-83.80636"/>
      <trkpt lat="37.754" lon="-83.80621"/>
      <trkpt lat="37.75418" lon="-83.80605"/>
      <trkpt lat="37.75437" lon="-83.8059"/>
      <trkpt lat="37.75436" lon="-83.80573"/>
      <trkpt lat="37.75429" lon="-83.80558"/>
      <trkpt lat="37.75417" lon="-83.8053"/>
      <trkpt lat="37.75413" lon="-83.80508"/>
      <trkpt lat="37.75417" lon="-83.80478"/>
      <trkpt lat="37.75422" lon="-83.80467"/>
      <trkpt lat="37.75428" lon="-83.80442"/>
      <trkpt lat="37.75432" lon="-83.8043"/>
      <trkpt lat="37.75435" lon="-83.80418"/>
      <trkpt lat="37.75436" lon="-83.80406"/>
      <trkpt lat="37.75437" lon="-83.80382"/>
      <trkpt lat="37.75433" lon="-83.80372"/>
      <trkpt lat="37.75429" lon="-83.8036"/>
      <trkpt lat="37.75418" lon="-83.80332"/>
      <trkpt lat="37.75407" lon="-83.80304"/>
      <trkpt lat="37.75392" lon="-83.80282"/>
      <trkpt lat="37.75379" lon="-83.80269"/>
      <trkpt lat="37.75368" lon="-83.80247"/>
      <trkpt lat="37.75365" lon="-83.8023"/>
      <trkpt lat="37.75366" lon="-83.80203"/>
      <trkpt lat="37.75366" lon="-83.80186"/>
      <trkpt lat="37.75366" lon="-83.8017"/>
      <trkpt lat="37.75365" lon="-83.80156"/>
      <trkpt lat="37.7536" lon="-83.80142"/>
      <trkpt lat="37.75354" lon="-83.80113"/>
      <trkpt lat="37.75352" lon="-83.80094"/>
      <trkpt lat="37.75352" lon="-83.80082"/>
      <trkpt lat="37.75351" lon="-83.80069"/>
      <trkpt lat="37.75348" lon="-83.80056"/>
      <trkpt lat="37.75341" lon="-83.80038"/>
      <trkpt lat="37.75338" lon="-83.80027"/>
      <trkpt lat="37.75333" lon="-83.80012"/>
      <trkpt lat="37.75329" lon="-83.8"/>
      <trkpt lat="37.75324" lon="-83.79987"/>
      <trkpt lat="37.75317" lon="-83.79966"/>
      <trkpt lat="37.75315" lon="-83.7995"/>
      <trkpt lat="37.75316" lon="-83.79927"/>
      <trkpt lat="37.75319" lon="-83.79914"/>
      <trkpt lat="37.75324" lon="-83.79904"/>
      <trkpt lat="37.75332" lon="-83.79895"/>
      <trkpt lat="37.7534" lon="-83.79887"/>
      <trkpt lat="37.75351" lon="-83.79879"/>
      <trkpt lat="37.75366" lon="-83.79873"/>
      <trkpt lat="37.75378" lon="-83.7987"/>
      <trkpt lat="37.7539" lon="-83.79865"/>
      <trkpt lat="37.75413" lon="-83.79861"/>
      <trkpt lat="37.75427" lon="-83.7986"/>
      <trkpt lat="37.75445" lon="-83.79851"/>
      <trkpt lat="37.75457" lon="-83.79844"/>
      <trkpt lat="37.75472" lon="-83.79834"/>
      <trkpt lat="37.75486" lon="-83.79816"/>
      <trkpt lat="37.75501" lon="-83.79806"/>
      <trkpt lat="37.75511" lon="-83.798"/>
      <trkpt lat="37.75526" lon="-83.79787"/>
      <trkpt lat="37.75528" lon="-83.79775"/>
      <trkpt lat="37.75527" lon="-83.79762"/>
      <trkpt lat="37.75525" lon="-83.7975"/>
      <trkpt lat="37.75515" lon="-83.7974"/>
      <trkpt lat="37.75505" lon="-83.79741"/>
      <trkpt lat="37.75495" lon="-83.79741"/>
      <trkpt lat="37.75483" lon="-83.79742"/>
      <trkpt lat="37.75474" lon="-83.79743"/>
      <trkpt lat="37.75463" lon="-83.79747"/>
      <trkpt lat="37.75448" lon="-83.79749"/>
      <trkpt lat="37.75434" lon="-83.7975"/>
      <trkpt lat="37.75415" lon="-83.79748"/>
      <trkpt lat="37.75403" lon="-83.79742"/>
      <trkpt lat="37.75393" lon="-83.79734"/>
      <trkpt lat="37.75367" lon="-83.7971"/>
      <trkpt lat="37.75363" lon="-83.79688"/>
      <trkpt lat="37.75361" lon="-83.7968"/>
      <trkpt lat="37.75361" lon="-83.79668"/>
      <trkpt lat="37.75365" lon="-83.79655"/>
      <trkpt lat="37.75367" lon="-83.79639"/>
      <trkpt lat="37.75363" lon="-83.79615"/>
      <trkpt lat="37.75361" lon="-83.79584"/>
      <trkpt lat="37.75359" lon="-83.7957"/>
      <trkpt lat="37.75349" lon="-83.79561"/>
      <trkpt lat="37.7534" lon="-83.79554"/>
      <trkpt lat="37.75331" lon="-83.79548"/>
      <trkpt lat="37.75323" lon="-83.79544"/>
      <trkpt lat="37.75315" lon="-83.79536"/>
      <trkpt lat="37.75307" lon="-83.79531"/>
      <trkpt lat="37.75298" lon="-83.79528"/>
      <trkpt lat="37.75289" lon="-83.79526"/>
      <trkpt lat="37.75277" lon="-83.79522"/>
      <trkpt lat="37.75269" lon="-83.79516"/>
      <trkpt lat="37.75261" lon="-83.7951"/>
      <trkpt lat="37.75255" lon="-83.79501"/>
      <trkpt lat="37.7525" lon="-83.79486"/>
      <trkpt lat="37.75247" lon="-83.79473"/>
      <trkpt lat="37.75246" lon="-83.79457"/>
      <trkpt lat="37.7525" lon="-83.79445"/>
      <trkpt lat="37.75253" lon="-83.79433"/>
      <trkpt lat="37.75255" lon="-83.79422"/>
      <trkpt lat="37.75256" lon="-83.79407"/>
      <trkpt lat="37.75251" lon="-83.79382"/>
      <trkpt lat="37.75255" lon="-83.79371"/>
      <trkpt lat="37.75263" lon="-83.7936"/>
      <trkpt lat="37.75258" lon="-83.79349"/>
      <trkpt lat="37.75249" lon="-83.79339"/>
      <trkpt lat="37.75242" lon="-83.7933"/>
      <trkpt lat="37.75228" lon="-83.79315"/>
      <trkpt lat="37.7522" lon="-83.79304"/>
      <trkpt lat="37.75213" lon="-83.79295"/>
      <trkpt lat="37.75205" lon="-83.79286"/>
      <trkpt lat="37.75192" lon="-83.79263"/>
      <trkpt lat="37.75184" lon="-83.79256"/>
      <trkpt lat="37.75173" lon="-83.7925"/>
      <trkpt lat="37.75162" lon="-83.79244"/>
      <trkpt lat="37.75153" lon="-83.79236"/>
      <trkpt lat="37.75147" lon="-83.79227"/>
      <trkpt lat="37.75141" lon="-83.79216"/>
      <trkpt lat="37.75136" lon="-83.79205"/>
      <trkpt lat="37.75131" lon="-83.79193"/>
      <trkpt lat="37.75123" lon="-83.79185"/>
      <trkpt lat="37.75115" lon="-83.79177"/>
      <trkpt lat="37.75108" lon="-83.79165"/>
      <trkpt lat="37.75101" lon="-83.79156"/>
      <trkpt lat="37.75096" lon="-83.79146"/>
      <trkpt lat="37.75086" lon="-83.79125"/>
      <trkpt lat="37.75084" lon="-83.79111"/>
      <trkpt lat="37.75076" lon="-83.7907"/>
      <trkpt lat="37.75075" lon="-83.79056"/>
      <trkpt lat="37.75073" lon="-83.79041"/>
      <trkpt lat="37.75068" lon="-83.79028"/>
      <trkpt lat="37.75062" lon="-83.79017"/>
      <trkpt lat="37.75051" lon="-83.79002"/>
      <trkpt lat="37.75043" lon="-83.78996"/>
      <trkpt lat="37.75021" lon="-83.78983"/>
      <trkpt lat="37.75009" lon="-83.78981"/>
      <trkpt lat="37.74994" lon="-83.78975"/>
      <trkpt lat="37.74982" lon="-83.78968"/>
      <trkpt lat="37.74969" lon="-83.78956"/>
      <trkpt lat="37.74939" lon="-83.78936"/>
      <trkpt lat="37.74928" lon="-83.78933"/>
      <trkpt lat="37.74916" lon="-83.78925"/>
      <trkpt lat="37.74902" lon="-83.78912"/>
      <trkpt lat="37.74886" lon="-83.78901"/>
      <trkpt lat="37.74872" lon="-83.78894"/>
      <trkpt lat="37.7486" lon="-83.78885"/>
      <trkpt lat="37.74851" lon="-83.78876"/>
      <trkpt lat="37.74843" lon="-83.78868"/>
      <trkpt lat="37.74834" lon="-83.78856"/>
      <trkpt lat="37.74819" lon="-83.78841"/>
      <trkpt lat="37.74813" lon="-83.78831"/>
      <trkpt lat="37.74807" lon="-83.78818"/>
      <trkpt lat="37.74801" lon="-83.78804"/>
      <trkpt lat="37.74797" lon="-83.78792"/>
      <trkpt lat="37.74794" lon="-83.78766"/>
      <trkpt lat="37.74794" lon="-83.78752"/>
      <trkpt lat="37.74793" lon="-83.78739"/>
      <trkpt lat="37.74792" lon="-83.78725"/>
      <trkpt lat="37.74791" lon="-83.7871"/>
      <trkpt lat="37.74794" lon="-83.78699"/>
      <trkpt lat="37.74798" lon="-83.78688"/>
      <trkpt lat="37.74801" lon="-83.78676"/>
      <trkpt lat="37.74803" lon="-83.78664"/>
      <trkpt lat="37.74805" lon="-83.78649"/>
      <trkpt lat="37.74805" lon="-83.78635"/>
      <trkpt lat="37.74803" lon="-83.78623"/>
      <trkpt lat="37.74797" lon="-83.78607"/>
      <trkpt lat="37.74789" lon="-83.78596"/>
      <trkpt lat="37.7478" lon="-83.78589"/>
      <trkpt lat="37.74772" lon="-83.78581"/>
      <trkpt lat="37.74764" lon="-83.7857"/>
      <trkpt lat="37.74761" lon="-83.78557"/>
      <trkpt lat="37.74758" lon="-83.78527"/>
      <trkpt lat="37.74763" lon="-83.7851"/>
      <trkpt lat="37.7477" lon="-83.78497"/>
      <trkpt lat="37.7478" lon="-83.7849"/>
      <trkpt lat="37.74787" lon="-83.78479"/>
      <trkpt lat="37.74791" lon="-83.78464"/>
      <trkpt lat="37.74793" lon="-83.78448"/>
      <trkpt lat="37.74794" lon="-83.78418"/>
      <trkpt lat="37.74795" lon="-83.78406"/>
      <trkpt lat="37.74798" lon="-83.78395"/>
      <trkpt lat="37.74802" lon="-83.78368"/>
      <trkpt lat="37.748" lon="-83.78357"/>
      <trkpt lat="37.74799" lon="-83.78329"/>
      <trkpt lat="37.74799" lon="-83.78302"/>
      <trkpt lat="37.74797" lon="-83.78289"/>
      <trkpt lat="37.74795" lon="-83.78274"/>
      <trkpt lat="37.74792" lon="-83.78263"/>
      <trkpt lat="37.74791" lon="-83.78252"/>
      <trkpt lat="37.74791" lon="-83.78234"/>
      <trkpt lat="37.74796" lon="-83.78216"/>
      <trkpt lat="37.74803" lon="-83.78201"/>
      <trkpt lat="37.74806" lon="-83.78188"/>
      <trkpt lat="37.74806" lon="-83.78169"/>
      <trkpt lat="37.74808" lon="-83.78156"/>
      <trkpt lat="37.74817" lon="-83.78138"/>
      <trkpt lat="37.74821" lon="-83.78125"/>
      <trkpt lat="37.74828" lon="-83.78097"/>
      <trkpt lat="37.74834" lon="-83.78077"/>
      <trkpt lat="37.74838" lon="-83.78066"/>
      <trkpt lat="37.74845" lon="-83.78057"/>
      <trkpt lat="37.74853" lon="-83.7805"/>
      <trkpt lat="37.74861" lon="-83.78038"/>
      <trkpt lat="37.74868" lon="-83.78031"/>
      <trkpt lat="37.74877" lon="-83.78025"/>
      <trkpt lat="37.74885" lon="-83.78014"/>
      <trkpt lat="37.74889" lon="-83.78002"/>
      <trkpt lat="37.74889" lon="-83.77989"/>
      <trkpt lat="37.74892" lon="-83.77976"/>
      <trkpt lat="37.74896" lon="-83.77965"/>
      <trkpt lat="37.74897" lon="-83.77953"/>
      <trkpt lat="37.74898" lon="-83.77938"/>
      <trkpt lat="37.74898" lon="-83.7792"/>
      <trkpt lat="37.74896" lon="-83.77906"/>
      <trkpt lat="37.74892" lon="-83.77895"/>
      <trkpt lat="37.74883" lon="-83.77887"/>
      <trkpt lat="37.74874" lon="-83.77884"/>
      <trkpt lat="37.74864" lon="-83.77885"/>
      <trkpt lat="37.74848" lon="-83.77886"/>
      <trkpt lat="37.74832" lon="-83.77885"/>
      <trkpt lat="37.74813" lon="-83.77885"/>
      <trkpt lat="37.74802" lon="-83.77884"/>
      <trkpt lat="37.74789" lon="-83.77878"/>
      <trkpt lat="37.74778" lon="-83.77868"/>
      <trkpt lat="37.7477" lon="-83.77858"/>
      <trkpt lat="37.74765" lon="-83.77848"/>
      <trkpt lat="37.74757" lon="-83.77831"/>
      <trkpt lat="37.74738" lon="-83.77797"/>
      <trkpt lat="37.74731" lon="-83.77781"/>
      <trkpt lat="37.74727" lon="-83.77771"/>
      <trkpt lat="37.74721" lon="-83.7776"/>
      <trkpt lat="37.74712" lon="-83.77752"/>
      <trkpt lat="37.74707" lon="-83.77742"/>
      <trkpt lat="37.74701" lon="-83.77729"/>
      <trkpt lat="37.74697" lon="-83.77717"/>
      <trkpt lat="37.74694" lon="-83.77706"/>
      <trkpt lat="37.74692" lon="-83.77691"/>
      <trkpt lat="37.7469" lon="-83.77677"/>
      <trkpt lat="37.74689" lon="-83.77665"/>
      <trkpt lat="37.7469" lon="-83.77653"/>
      <trkpt lat="37.74688" lon="-83.77642"/>
      <trkpt lat="37.74687" lon="-83.7763"/>
      <trkpt lat="37.7469" lon="-83.77618"/>
      <trkpt lat="37.74692" lon="-83.77604"/>
      <trkpt lat="37.74692" lon="-83.77591"/>
      <trkpt lat="37.74698" lon="-83.77582"/>
      <trkpt lat="37.74701" lon="-83.77569"/>
      <trkpt lat="37.74701" lon="-83.77554"/>
      <trkpt lat="37.74697" lon="-83.77539"/>
      <trkpt lat="37.74691" lon="-83.77528"/>
      <trkpt lat="37.74681" lon="-83.77519"/>
      <trkpt lat="37.74666" lon="-83.77508"/>
      <trkpt lat="37.7466" lon="-83.77493"/>
      <trkpt lat="37.74662" lon="-83.77482"/>
      <trkpt lat="37.7467" lon="-83.77475"/>
      <trkpt lat="37.74681" lon="-83.77467"/>
      <trkpt lat="37.74689" lon="-83.77461"/>
      <trkpt lat="37.747" lon="-83.77452"/>
      <trkpt lat="37.7471" lon="-83.77443"/>
      <trkpt lat="37.74718" lon="-83.77423"/>
      <trkpt lat="37.74726" lon="-83.77391"/>
      <trkpt lat="37.74725" lon="-83.77374"/>
      <trkpt lat="37.74717" lon="-83.77367"/>
      <trkpt lat="37.74703" lon="-83.77355"/>
      <trkpt lat="37.7469" lon="-83.77345"/>
      <trkpt lat="37.7468" lon="-83.77333"/>
      <trkpt lat="37.74669" lon="-83.77317"/>
      <trkpt lat="37.7466" lon="-83.77309"/>
      <trkpt lat="37.74648" lon="-83.77302"/>
      <trkpt lat="37.74638" lon="-83.77299"/>
      <trkpt lat="37.74628" lon="-83.77296"/>
      <trkpt lat="37.74618" lon="-83.77292"/>
      <trkpt lat="37.74602" lon="-83.77283"/>
      <trkpt lat="37.74595" lon="-83.7727"/>
      <trkpt lat="37.74592" lon="-83.77258"/>
      <trkpt lat="37.74592" lon="-83.77245"/>
      <trkpt lat="37.74597" lon="-83.77235"/>
      <trkpt lat="37.74597" lon="-83.77208"/>
      <trkpt lat="37.74596" lon="-83.77197"/>
      <trkpt lat="37.74585" lon="-83.7718"/>
      <trkpt lat="37.74575" lon="-83.77172"/>
      <trkpt lat="37.74565" lon="-83.77165"/>
      <trkpt lat="37.74555" lon="-83.77159"/>
      <trkpt lat="37.74542" lon="-83.77154"/>
      <trkpt lat="37.74532" lon="-83.7715"/>
      <trkpt lat="37.74505" lon="-83.77126"/>
      <trkpt lat="37.74491" lon="-83.77122"/>
      <trkpt lat="37.74458" lon="-83.77107"/>
      <trkpt lat="37.74445" lon="-83.77103"/>
      <trkpt lat="37.74433" lon="-83.77097"/>
      <trkpt lat="37.74421" lon="-83.77088"/>
      <trkpt lat="37.74401" lon="-83.77073"/>
      <trkpt lat="37.74389" lon="-83.77064"/>
      <trkpt lat="37.74374" lon="-83.7705"/>
      <trkpt lat="37.74381" lon="-83.77043"/>
      <trkpt lat="37.74369" lon="-83.7704"/>
      <trkpt lat="37.7436" lon="-83.77035"/>
      <trkpt lat="37.74339" lon="-83.77023"/>
      <trkpt lat="37.74324" lon="-83.77016"/>
      <trkpt lat="37.74316" lon="-83.77012"/>
      <trkpt lat="37.74299" lon="-83.77003"/>
      <trkpt lat="37.74283" lon="-83.76994"/>
      <trkpt lat="37.74267" lon="-83.76985"/>
      <trkpt lat="37.74258" lon="-83.76981"/>
      <trkpt lat="37.74237" lon="-83.76978"/>
      <trkpt lat="37.74225" lon="-83.76978"/>
      <trkpt lat="37.74214" lon="-83.76976"/>
      <trkpt lat="37.74192" lon="-83.76967"/>
      <trkpt lat="37.74185" lon="-83.76956"/>
      <trkpt lat="37.74161" lon="-83.76925"/>
      <trkpt lat="37.74142" lon="-83.76906"/>
      <trkpt lat="37.74133" lon="-83.76897"/>
      <trkpt lat="37.74124" lon="-83.76889"/>
      <trkpt lat="37.7411" lon="-83.7687"/>
      <trkpt lat="37.74106" lon="-83.7686"/>
      <trkpt lat="37.74102" lon="-83.76839"/>
      <trkpt lat="37.74099" lon="-83.76818"/>
      <trkpt lat="37.74099" lon="-83.76806"/>
      <trkpt lat="37.74099" lon="-83.76792"/>
      <trkpt lat="37.74096" lon="-83.76764"/>
      <trkpt lat="37.7409" lon="-83.76735"/>
      <trkpt lat="37.74086" lon="-83.76722"/>
      <trkpt lat="37.74081" lon="-83.76709"/>
      <trkpt lat="37.74075" lon="-83.76696"/>
      <trkpt lat="37.74061" lon="-83.76673"/>
      <trkpt lat="37.74053" lon="-83.76661"/>
      <trkpt lat="37.74044" lon="-83.76649"/>
      <trkpt lat="37.74027" lon="-83.76627"/>
      <trkpt lat="37.74015" lon="-83.76619"/>
      <trkpt lat="37.74009" lon="-83.76609"/>
      <trkpt lat="37.73997" lon="-83.76585"/>
      <trkpt lat="37.73995" lon="-83.76573"/>
      <trkpt lat="37.73993" lon="-83.76546"/>
      <trkpt lat="37.73992" lon="-83.76531"/>
      <trkpt lat="37.73989" lon="-83.76504"/>
      <trkpt lat="37.73982" lon="-83.76477"/>
      <trkpt lat="37.73973" lon="-83.76449"/>
      <trkpt lat="37.73969" lon="-83.76418"/>
      <trkpt lat="37.73969" lon="-83.76391"/>
      <trkpt lat="37.73969" lon="-83.76378"/>
      <trkpt lat="37.7397" lon="-83.76351"/>
      <trkpt lat="37.73971" lon="-83.76338"/>
      <trkpt lat="37.73973" lon="-83.76324"/>
      <trkpt lat="37.73978" lon="-83.76295"/>
      <trkpt lat="37.73978" lon="-83.76268"/>
      <trkpt lat="37.73977" lon="-83.76257"/>
      <trkpt lat="37.73971" lon="-83.76235"/>
      <trkpt lat="37.73965" lon="-83.76214"/>
      <trkpt lat="37.73955" lon="-83.76188"/>
      <trkpt lat="37.7394" lon="-83.76154"/>
      <trkpt lat="37.73934" lon="-83.76128"/>
      <trkpt lat="37.73933" lon="-83.76087"/>
      <trkpt lat="37.73932" lon="-83.76072"/>
      <trkpt lat="37.73929" lon="-83.7606"/>
      <trkpt lat="37.73923" lon="-83.76034"/>
      <trkpt lat="37.73919" lon="-83.76"/>
      <trkpt lat="37.73925" lon="-83.75991"/>
      <trkpt lat="37.7394" lon="-83.75974"/>
      <trkpt lat="37.73949" lon="-83.75968"/>
      <trkpt lat="37.73961" lon="-83.75953"/>
      <trkpt lat="37.73972" lon="-83.75949"/>
      <trkpt lat="37.74026" lon="-83.75929"/>
      <trkpt lat="37.74034" lon="-83.75919"/>
      <trkpt lat="37.74031" lon="-83.75906"/>
      <trkpt lat="37.74021" lon="-83.7589"/>
      <trkpt lat="37.74007" lon="-83.75872"/>
      <trkpt lat="37.73999" lon="-83.75859"/>
      <trkpt lat="37.73993" lon="-83.75832"/>
      <trkpt lat="37.73993" lon="-83.75818"/>
      <trkpt lat="37.73996" lon="-83.75792"/>
      <trkpt lat="37.73997" lon="-83.75772"/>
      <trkpt lat="37.73988" lon="-83.75756"/>
      <trkpt lat="37.73979" lon="-83.7575"/>
      <trkpt lat="37.7395" lon="-83.75729"/>
      <trkpt lat="37.73918" lon="-83.75727"/>
      <trkpt lat="37.73907" lon="-83.75732"/>
      <trkpt lat="37.73896" lon="-83.75737"/>
      <trkpt lat="37.73873" lon="-83.75751"/>
      <trkpt lat="37.73853" lon="-83.75768"/>
      <trkpt lat="37.73843" lon="-83.75775"/>
      <trkpt lat="37.73833" lon="-83.75782"/>
      <trkpt lat="37.73813" lon="-83.75789"/>
      <trkpt lat="37.73803" lon="-83.7579"/>
      <trkpt lat="37.73785" lon="-83.75782"/>
      <trkpt lat="37.73763" lon="-83.75763"/>
      <trkpt lat="37.73754" lon="-83.75741"/>
      <trkpt lat="37.73744" lon="-83.75698"/>
      <trkpt lat="37.73739" lon="-83.75667"/>
      <trkpt lat="37.73737" lon="-83.75635"/>
      <trkpt lat="37.73741" lon="-83.75604"/>
      <trkpt lat="37.73764" lon="-83.75515"/>
      <trkpt lat="37.7377" lon="-83.75486"/>
      <trkpt lat="37.73781" lon="-83.75441"/>
      <trkpt lat="37.73786" lon="-83.7541"/>
      <trkpt lat="37.73786" lon="-83.75378"/>
      <trkpt lat="37.73785" lon="-83.75361"/>
      <trkpt lat="37.73779" lon="-83.75327"/>
      <trkpt lat="37.73769" lon="-83.75295"/>
      <trkpt lat="37.73763" lon="-83.75282"/>
      <trkpt lat="37.73748" lon="-83.75257"/>
      <trkpt lat="37.73741" lon="-83.75244"/>
      <trkpt lat="37.73735" lon="-83.75216"/>
      <trkpt lat="37.73736" lon="-83.75201"/>
      <trkpt lat="37.73743" lon="-83.75175"/>
      <trkpt lat="37.73749" lon="-83.75163"/>
      <trkpt lat="37.73758" lon="-83.75157"/>
      <trkpt lat="37.73768" lon="-83.75151"/>
      <trkpt lat="37.73788" lon="-83.75148"/>
      <trkpt lat="37.738" lon="-83.75148"/>
      <trkpt lat="37.73824" lon="-83.75154"/>
      <trkpt lat="37.73849" lon="-83.7516"/>
      <trkpt lat="37.73876" lon="-83.75164"/>
      <trkpt lat="37.7389" lon="-83.7517"/>
      <trkpt lat="37.73905" lon="-83.75173"/>
      <trkpt lat="37.73937" lon="-83.75178"/>
      <trkpt lat="37.7397" lon="-83.75183"/>
      <trkpt lat="37.74003" lon="-83.75182"/>
      <trkpt lat="37.74036" lon="-83.75175"/>
      <trkpt lat="37.74077" lon="-83.75151"/>
      <trkpt lat="37.74089" lon="-83.75142"/>
      <trkpt lat="37.74122" lon="-83.75107"/>
      <trkpt lat="37.74146" lon="-83.75078"/>
      <trkpt lat="37.7417" lon="-83.75041"/>
      <trkpt lat="37.74183" lon="-83.75028"/>
      <trkpt lat="37.74197" lon="-83.75016"/>
      <trkpt lat="37.74209" lon="-83.75001"/>
      <trkpt lat="37.74235" lon="-83.74974"/>
      <trkpt lat="37.74259" lon="-83.74946"/>
      <trkpt lat="37.7429" lon="-83.74899"/>
      <trkpt lat="37.74299" lon="-83.74883"/>
      <trkpt lat="37.74317" lon="-83.74848"/>
      <trkpt lat="37.74333" lon="-83.74811"/>
      <trkpt lat="37.74364" lon="-83.74736"/>
      <trkpt lat="37.74373" lon="-83.74717"/>
      <trkpt lat="37.74381" lon="-83.74698"/>
      <trkpt lat="37.74397" lon="-83.74662"/>
      <trkpt lat="37.74413" lon="-83.74607"/>
      <trkpt lat="37.74426" lon="-83.74571"/>
      <trkpt lat="37.74431" lon="-83.74551"/>
      <trkpt lat="37.74442" lon="-83.74515"/>
      <trkpt lat="37.74457" lon="-83.7446"/>
      <trkpt lat="37.74466" lon="-83.7443"/>
      <trkpt lat="37.74473" lon="-83.74403"/>
      <trkpt lat="37.74486" lon="-83.74366"/>
      <trkpt lat="37.74495" lon="-83.74342"/>
      <trkpt lat="37.74499" lon="-83.7433"/>
      <trkpt lat="37.7451" lon="-83.74307"/>
      <trkpt lat="37.74516" lon="-83.74296"/>
      <trkpt lat="37.74532" lon="-83.7427"/>
      <trkpt lat="37.74543" lon="-83.74253"/>
      <trkpt lat="37.74553" lon="-83.74242"/>
      <trkpt lat="37.74558" lon="-83.74233"/>
      <trkpt lat="37.74561" lon="-83.74221"/>
      <trkpt lat="37.74565" lon="-83.74209"/>
      <trkpt lat="37.74572" lon="-83.74189"/>
      <trkpt lat="37.74578" lon="-83.74177"/>
      <trkpt lat="37.74589" lon="-83.74154"/>
      <trkpt lat="37.74599" lon="-83.74131"/>
      <trkpt lat="37.74603" lon="-83.74119"/>
      <trkpt lat="37.74606" lon="-83.74107"/>
      <trkpt lat="37.74609" lon="-83.74083"/>
      <trkpt lat="37.74605" lon="-83.7405"/>
      <trkpt lat="37.74604" lon="-83.74016"/>
      <trkpt lat="37.74601" lon="-83.73995"/>
      <trkpt lat="37.74594" lon="-83.73957"/>
      <trkpt lat="37.74587" lon="-83.73942"/>
      <trkpt lat="37.74578" lon="-83.73929"/>
      <trkpt lat="37.74575" lon="-83.73906"/>
      <trkpt lat="37.74579" lon="-83.7389"/>
      <trkpt lat="37.74596" lon="-83.73859"/>
      <trkpt lat="37.74602" lon="-83.73838"/>
      <trkpt lat="37.74603" lon="-83.73826"/>
      <trkpt lat="37.74602" lon="-83.73802"/>
      <trkpt lat="37.74599" lon="-83.73791"/>
      <trkpt lat="37.74593" lon="-83.73771"/>
      <trkpt lat="37.74593" lon="-83.73751"/>
      <trkpt lat="37.74595" lon="-83.73709"/>
      <trkpt lat="37.74594" lon="-83.73696"/>
      <trkpt lat="37.74593" lon="-83.73674"/>
      <trkpt lat="37.7459" lon="-83.73651"/>
      <trkpt lat="37.74587" lon="-83.7364"/>
      <trkpt lat="37.74584" lon="-83.7363"/>
      <trkpt lat="37.74575" lon="-83.73608"/>
      <trkpt lat="37.74564" lon="-83.73587"/>
      <trkpt lat="37.7455" lon="-83.73569"/>
      <trkpt lat="37.74532" lon="-83.73554"/>
      <trkpt lat="37.74503" lon="-83.73535"/>
      <trkpt lat="37.74482" lon="-83.7352"/>
      <trkpt lat="37.74462" lon="-83.73509"/>
      <trkpt lat="37.74444" lon="-83.73499"/>
      <trkpt lat="37.74435" lon="-83.73495"/>
      <trkpt lat="37.7441" lon="-83.73478"/>
      <trkpt lat="37.74387" lon="-83.73452"/>
      <trkpt lat="37.74364" lon="-83.73426"/>
      <trkpt lat="37.74356" lon="-83.73418"/>
      <trkpt lat="37.74339" lon="-83.73405"/>
      <trkpt lat="37.74331" lon="-83.73398"/>
      <trkpt lat="37.74315" lon="-83.73386"/>
      <trkpt lat="37.74279" lon="-83.73363"/>
      <trkpt lat="37.7427" lon="-83.73358"/>
      <trkpt lat="37.7422" lon="-83.73328"/>
      <trkpt lat="37.74207" lon="-83.73314"/>
      <trkpt lat="37.74197" lon="-83.733"/>
      <trkpt lat="37.74182" lon="-83.73279"/>
      <trkpt lat="37.74178" lon="-83.73249"/>
      <trkpt lat="37.7418" lon="-83.73229"/>
      <trkpt lat="37.74181" lon="-83.73215"/>
      <trkpt lat="37.74176" lon="-83.73202"/>
      <trkpt lat="37.74172" lon="-83.73184"/>
      <trkpt lat="37.74171" lon="-83.73171"/>
      <trkpt lat="37.74159" lon="-83.73158"/>
      <trkpt lat="37.74149" lon="-83.73158"/>
      <trkpt lat="37.7414" lon="-83.73156"/>
      <trkpt lat="37.74121" lon="-83.73153"/>
      <trkpt lat="37.74113" lon="-83.73146"/>
      <trkpt lat="37.74102" lon="-83.73128"/>
      <trkpt lat="37.74096" lon="-83.73117"/>
      <trkpt lat="37.74089" lon="-83.73108"/>
      <trkpt lat="37.74072" lon="-83.73091"/>
      <trkpt lat="37.74055" lon="-83.73077"/>
      <trkpt lat="37.7403" lon="-83.73053"/>
      <trkpt lat="37.7402" lon="-83.73046"/>
      <trkpt lat="37.74" lon="-83.73039"/>
      <trkpt lat="37.73976" lon="-83.73039"/>
      <trkpt lat="37.73963" lon="-83.73052"/>
      <trkpt lat="37.73939" lon="-83.73084"/>
      <trkpt lat="37.73929" lon="-83.73093"/>
      <trkpt lat="37.73904" lon="-83.7311"/>
      <trkpt lat="37.7388" lon="-83.73124"/>
      <trkpt lat="37.73868" lon="-83.73119"/>
      <trkpt lat="37.73856" lon="-83.73112"/>
      <trkpt lat="37.73822" lon="-83.73087"/>
      <trkpt lat="37.73787" lon="-83.73057"/>
      <trkpt lat="37.73772" lon="-83.73048"/>
      <trkpt lat="37.73741" lon="-83.73011"/>
      <trkpt lat="37.73719" lon="-83.72987"/>
      <trkpt lat="37.73699" lon="-83.72979"/>
      <trkpt lat="37.73688" lon="-83.72979"/>
      <trkpt lat="37.73666" lon="-83.72989"/>
      <trkpt lat="37.73635" lon="-83.7302"/>
      <trkpt lat="37.73614" lon="-83.73043"/>
      <trkpt lat="37.73595" lon="-83.73066"/>
      <trkpt lat="37.73587" lon="-83.73078"/>
      <trkpt lat="37.73581" lon="-83.73091"/>
      <trkpt lat="37.73574" lon="-83.73106"/>
      <trkpt lat="37.73558" lon="-83.73135"/>
      <trkpt lat="37.73548" lon="-83.73146"/>
      <trkpt lat="37.73524" lon="-83.7316"/>
      <trkpt lat="37.73499" lon="-83.73168"/>
      <trkpt lat="37.73487" lon="-83.73176"/>
      <trkpt lat="37.73476" lon="-83.73184"/>
      <trkpt lat="37.73453" lon="-83.73202"/>
      <trkpt lat="37.7344" lon="-83.73211"/>
      <trkpt lat="37.73414" lon="-83.73227"/>
      <trkpt lat="37.73401" lon="-83.73234"/>
      <trkpt lat="37.73387" lon="-83.7324"/>
      <trkpt lat="37.7336" lon="-83.73249"/>
      <trkpt lat="37.73347" lon="-83.73253"/>
      <trkpt lat="37.73322" lon="-83.73266"/>
      <trkpt lat="37.73311" lon="-83.73273"/>
      <trkpt lat="37.73301" lon="-83.73281"/>
      <trkpt lat="37.73271" lon="-83.733"/>
      <trkpt lat="37.73262" lon="-83.73304"/>
      <trkpt lat="37.73245" lon="-83.73303"/>
      <trkpt lat="37.73236" lon="-83.73298"/>
      <trkpt lat="37.73218" lon="-83.73285"/>
      <trkpt lat="37.73198" lon="-83.7327"/>
      <trkpt lat="37.73188" lon="-83.73265"/>
      <trkpt lat="37.73166" lon="-83.73255"/>
      <trkpt lat="37.73156" lon="-83.73248"/>
      <trkpt lat="37.73147" lon="-83.73238"/>
      <trkpt lat="37.73129" lon="-83.73217"/>
      <trkpt lat="37.73124" lon="-83.73194"/>
      <trkpt lat="37.73124" lon="-83.73182"/>
      <trkpt lat="37.73127" lon="-83.73169"/>
      <trkpt lat="37.73135" lon="-83.73144"/>
      <trkpt lat="37.73141" lon="-83.73131"/>
      <trkpt lat="37.73146" lon="-83.73119"/>
      <trkpt lat="37.73151" lon="-83.73093"/>
      <trkpt lat="37.73151" lon="-83.73068"/>
      <trkpt lat="37.7315" lon="-83.73054"/>
      <trkpt lat="37.73138" lon="-83.73025"/>
      <trkpt lat="37.73129" lon="-83.7302"/>
      <trkpt lat="37.7311" lon="-83.73018"/>
      <trkpt lat="37.731" lon="-83.73021"/>
      <trkpt lat="37.7309" lon="-83.73025"/>
      <trkpt lat="37.7308" lon="-83.73029"/>
      <trkpt lat="37.73059" lon="-83.73035"/>
      <trkpt lat="37.7303" lon="-83.73041"/>
      <trkpt lat="37.73014" lon="-83.7304"/>
      <trkpt lat="37.72999" lon="-83.73022"/>
      <trkpt lat="37.72996" lon="-83.72993"/>
      <trkpt lat="37.72998" lon="-83.7298"/>
      <trkpt lat="37.72994" lon="-83.7295"/>
      <trkpt lat="37.72987" lon="-83.72919"/>
      <trkpt lat="37.72981" lon="-83.72905"/>
      <trkpt lat="37.72974" lon="-83.72891"/>
      <trkpt lat="37.72967" lon="-83.72877"/>
      <trkpt lat="37.72951" lon="-83.72849"/>
      <trkpt lat="37.72934" lon="-83.72824"/>
      <trkpt lat="37.72916" lon="-83.728"/>
      <trkpt lat="37.72907" lon="-83.72788"/>
      <trkpt lat="37.72898" lon="-83.72778"/>
      <trkpt lat="37.72889" lon="-83.72769"/>
      <trkpt lat="37.72879" lon="-83.72761"/>
      <trkpt lat="37.72858" lon="-83.72745"/>
      <trkpt lat="37.72838" lon="-83.72728"/>
      <trkpt lat="37.72819" lon="-83.72709"/>
      <trkpt lat="37.7281" lon="-83.727"/>
      <trkpt lat="37.72803" lon="-83.72688"/>
      <trkpt lat="37.72796" lon="-83.72676"/>
      <trkpt lat="37.72786" lon="-83.72651"/>
      <trkpt lat="37.72777" lon="-83.72626"/>
      <trkpt lat="37.72774" lon="-83.72611"/>
      <trkpt lat="37.72771" lon="-83.72584"/>
      <trkpt lat="37.72771" lon="-83.72569"/>
      <trkpt lat="37.72772" lon="-83.7254"/>
      <trkpt lat="37.72775" lon="-83.72512"/>
      <trkpt lat="37.72777" lon="-83.72499"/>
      <trkpt lat="37.72781" lon="-83.72474"/>
      <trkpt lat="37.72784" lon="-83.72462"/>
      <trkpt lat="37.72803" lon="-83.72404"/>
      <trkpt lat="37.72811" lon="-83.72379"/>
      <trkpt lat="37.72816" lon="-83.72367"/>
      <trkpt lat="37.72824" lon="-83.72343"/>
      <trkpt lat="37.7283" lon="-83.7232"/>
      <trkpt lat="37.72832" lon="-83.72308"/>
      <trkpt lat="37.72833" lon="-83.72296"/>
      <trkpt lat="37.72833" lon="-83.72273"/>
      <trkpt lat="37.72832" lon="-83.72262"/>
      <trkpt lat="37.72823" lon="-83.72243"/>
      <trkpt lat="37.72803" lon="-83.72228"/>
      <trkpt lat="37.72784" lon="-83.72225"/>
      <trkpt lat="37.72775" lon="-83.72224"/>
      <trkpt lat="37.72765" lon="-83.72223"/>
      <trkpt lat="37.72755" lon="-83.72221"/>
      <trkpt lat="37.72734" lon="-83.72215"/>
      <trkpt lat="37.72723" lon="-83.72211"/>
      <trkpt lat="37.72702" lon="-83.722"/>
      <trkpt lat="37.72682" lon="-83.72189"/>
      <trkpt lat="37.72672" lon="-83.72184"/>
      <trkpt lat="37.72652" lon="-83.72174"/>
      <trkpt lat="37.72641" lon="-83.72169"/>
      <trkpt lat="37.72621" lon="-83.72159"/>
      <trkpt lat="37.72602" lon="-83.7215"/>
      <trkpt lat="37.72592" lon="-83.72146"/>
      <trkpt lat="37.72581" lon="-83.72144"/>
      <trkpt lat="37.7256" lon="-83.72145"/>
      <trkpt lat="37.72549" lon="-83.72149"/>
      <trkpt lat="37.7252" lon="-83.72167"/>
      <trkpt lat="37.72499" lon="-83.72174"/>
      <trkpt lat="37.72478" lon="-83.72174"/>
      <trkpt lat="37.72456" lon="-83.72177"/>
      <trkpt lat="37.72434" lon="-83.72184"/>
      <trkpt lat="37.72423" lon="-83.72188"/>
      <trkpt lat="37.7238" lon="-83.72207"/>
      <trkpt lat="37.72371" lon="-83.72212"/>
      <trkpt lat="37.72351" lon="-83.72222"/>
      <trkpt lat="37.72328" lon="-83.72231"/>
      <trkpt lat="37.72318" lon="-83.72234"/>
      <trkpt lat="37.72307" lon="-83.72236"/>
      <trkpt lat="37.72286" lon="-83.72237"/>
      <trkpt lat="37.72265" lon="-83.72235"/>
      <trkpt lat="37.72256" lon="-83.72233"/>
      <trkpt lat="37.72237" lon="-83.72227"/>
      <trkpt lat="37.72229" lon="-83.72223"/>
      <trkpt lat="37.72196" lon="-83.72211"/>
      <trkpt lat="37.7218" lon="-83.72207"/>
      <trkpt lat="37.72161" lon="-83.7221"/>
      <trkpt lat="37.72152" lon="-83.72216"/>
      <trkpt lat="37.72137" lon="-83.7223"/>
      <trkpt lat="37.72121" lon="-83.72247"/>
      <trkpt lat="37.72104" lon="-83.72265"/>
      <trkpt lat="37.72095" lon="-83.72272"/>
      <trkpt lat="37.72086" lon="-83.72278"/>
      <trkpt lat="37.72077" lon="-83.72284"/>
      <trkpt lat="37.72068" lon="-83.72289"/>
      <trkpt lat="37.72049" lon="-83.72295"/>
      <trkpt lat="37.72039" lon="-83.72297"/>
      <trkpt lat="37.72028" lon="-83.72298"/>
      <trkpt lat="37.72004" lon="-83.72296"/>
      <trkpt lat="37.71979" lon="-83.72287"/>
      <trkpt lat="37.71968" lon="-83.72279"/>
      <trkpt lat="37.71957" lon="-83.72271"/>
      <trkpt lat="37.71939" lon="-83.72252"/>
      <trkpt lat="37.71923" lon="-83.72234"/>
      <trkpt lat="37.719" lon="-83.72202"/>
      <trkpt lat="37.71884" lon="-83.72183"/>
      <trkpt lat="37.71875" lon="-83.72174"/>
      <trkpt lat="37.71865" lon="-83.72168"/>
      <trkpt lat="37.71854" lon="-83.72165"/>
      <trkpt lat="37.71843" lon="-83.72163"/>
      <trkpt lat="37.71811" lon="-83.72161"/>
      <trkpt lat="37.71768" lon="-83.72164"/>
      <trkpt lat="37.71758" lon="-83.72166"/>
      <trkpt lat="37.71737" lon="-83.72168"/>
      <trkpt lat="37.71707" lon="-83.7217"/>
      <trkpt lat="37.71687" lon="-83.72173"/>
      <trkpt lat="37.71677" lon="-83.72172"/>
      <trkpt lat="37.71659" lon="-83.7217"/>
      <trkpt lat="37.71644" lon="-83.72165"/>
      <trkpt lat="37.71631" lon="-83.7216"/>
      <trkpt lat="37.7162" lon="-83.72149"/>
      <trkpt lat="37.71614" lon="-83.72128"/>
      <trkpt lat="37.71614" lon="-83.72114"/>
      <trkpt lat="37.71617" lon="-83.721"/>
      <trkpt lat="37.71624" lon="-83.72088"/>
      <trkpt lat="37.71644" lon="-83.72072"/>
      <trkpt lat="37.71656" lon="-83.72065"/>
      <trkpt lat="37.71679" lon="-83.72052"/>
      <trkpt lat="37.7169" lon="-83.72045"/>
      <trkpt lat="37.717" lon="-83.72034"/>
      <trkpt lat="37.71718" lon="-83.72008"/>
      <trkpt lat="37.71726" lon="-83.71991"/>
      <trkpt lat="37.71743" lon="-83.71956"/>
      <trkpt lat="37.71757" lon="-83.71916"/>
      <trkpt lat="37.71762" lon="-83.71895"/>
      <trkpt lat="37.71766" lon="-83.71874"/>
      <trkpt lat="37.71773" lon="-83.7181"/>
      <trkpt lat="37.71781" lon="-83.71768"/>
      <trkpt lat="37.71786" lon="-83.71749"/>
      <trkpt lat="37.71794" lon="-83.71731"/>
      <trkpt lat="37.71818" lon="-83.71681"/>
      <trkpt lat="37.71827" lon="-83.71664"/>
      <trkpt lat="37.71848" lon="-83.71627"/>
      <trkpt lat="37.71867" lon="-83.71587"/>
      <trkpt lat="37.71874" lon="-83.71566"/>
      <trkpt lat="37.71881" lon="-83.71523"/>
      <trkpt lat="37.71882" lon="-83.71502"/>
      <trkpt lat="37.71884" lon="-83.71481"/>
      <trkpt lat="37.71893" lon="-83.71445"/>
      <trkpt lat="37.719" lon="-83.71429"/>
      <trkpt lat="37.71919" lon="-83.71401"/>
      <trkpt lat="37.71928" lon="-83.71388"/>
      <trkpt lat="37.71938" lon="-83.71376"/>
      <trkpt lat="37.7196" lon="-83.71352"/>
      <trkpt lat="37.71981" lon="-83.71327"/>
      <trkpt lat="37.71998" lon="-83.713"/>
      <trkpt lat="37.72007" lon="-83.71272"/>
      <trkpt lat="37.72005" lon="-83.71256"/>
      <trkpt lat="37.72" lon="-83.71242"/>
      <trkpt lat="37.71993" lon="-83.71228"/>
      <trkpt lat="37.71973" lon="-83.71204"/>
      <trkpt lat="37.7194" lon="-83.71166"/>
      <trkpt lat="37.71917" lon="-83.71139"/>
      <trkpt lat="37.71894" lon="-83.71111"/>
      <trkpt lat="37.71883" lon="-83.71097"/>
      <trkpt lat="37.71836" lon="-83.71044"/>
      <trkpt lat="37.71824" lon="-83.71032"/>
      <trkpt lat="37.718" lon="-83.71007"/>
      <trkpt lat="37.71786" lon="-83.70996"/>
      <trkpt lat="37.71761" lon="-83.70973"/>
      <trkpt lat="37.71723" lon="-83.7094"/>
      <trkpt lat="37.71712" lon="-83.70929"/>
      <trkpt lat="37.71675" lon="-83.70897"/>
      <trkpt lat="37.71664" lon="-83.70886"/>
      <trkpt lat="37.71644" lon="-83.70861"/>
      <trkpt lat="37.71636" lon="-83.70847"/>
      <trkpt lat="37.7163" lon="-83.70816"/>
      <trkpt lat="37.71629" lon="-83.70801"/>
      <trkpt lat="37.71631" lon="-83.70787"/>
      <trkpt lat="37.71648" lon="-83.70735"/>
      <trkpt lat="37.71653" lon="-83.70723"/>
      <trkpt lat="37.71659" lon="-83.70712"/>
      <trkpt lat="37.71669" lon="-83.70688"/>
      <trkpt lat="37.71672" lon="-83.70676"/>
      <trkpt lat="37.71671" lon="-83.70651"/>
      <trkpt lat="37.71667" lon="-83.7064"/>
      <trkpt lat="37.71661" lon="-83.70629"/>
      <trkpt lat="37.71655" lon="-83.70621"/>
      <trkpt lat="37.7164" lon="-83.70604"/>
      <trkpt lat="37.71624" lon="-83.70586"/>
      <trkpt lat="37.71614" lon="-83.70577"/>
      <trkpt lat="37.71594" lon="-83.70557"/>
      <trkpt lat="37.71562" lon="-83.70523"/>
      <trkpt lat="37.71535" lon="-83.70493"/>
      <trkpt lat="37.71521" lon="-83.70478"/>
      <trkpt lat="37.71506" lon="-83.70464"/>
      <trkpt lat="37.71478" lon="-83.70435"/>
      <trkpt lat="37.71466" lon="-83.70422"/>
      <trkpt lat="37.71453" lon="-83.70409"/>
      <trkpt lat="37.71427" lon="-83.70382"/>
      <trkpt lat="37.71402" lon="-83.70357"/>
      <trkpt lat="37.71392" lon="-83.70345"/>
      <trkpt lat="37.71381" lon="-83.70332"/>
      <trkpt lat="37.71371" lon="-83.7032"/>
      <trkpt lat="37.71356" lon="-83.7029"/>
      <trkpt lat="37.71351" lon="-83.70273"/>
      <trkpt lat="37.71348" lon="-83.70256"/>
      <trkpt lat="37.71346" lon="-83.70223"/>
      <trkpt lat="37.71347" lon="-83.70209"/>
      <trkpt lat="37.71353" lon="-83.70177"/>
      <trkpt lat="37.71345" lon="-83.70173"/>
      <trkpt lat="37.71342" lon="-83.70185"/>
      <trkpt lat="37.71339" lon="-83.702"/>
      <trkpt lat="37.71335" lon="-83.70215"/>
      <trkpt lat="37.71328" lon="-83.70231"/>
      <trkpt lat="37.71314" lon="-83.70239"/>
      <trkpt lat="37.7129" lon="-83.70242"/>
      <trkpt lat="37.71273" lon="-83.70244"/>
      <trkpt lat="37.71247" lon="-83.70244"/>
      <trkpt lat="37.71232" lon="-83.70242"/>
      <trkpt lat="37.71219" lon="-83.70244"/>
      <trkpt lat="37.71202" lon="-83.70253"/>
      <trkpt lat="37.71193" lon="-83.70268"/>
      <trkpt lat="37.71186" lon="-83.70299"/>
      <trkpt lat="37.71183" lon="-83.7032"/>
      <trkpt lat="37.71179" lon="-83.7034"/>
      <trkpt lat="37.71172" lon="-83.70354"/>
      <trkpt lat="37.71162" lon="-83.70364"/>
      <trkpt lat="37.71143" lon="-83.7037"/>
      <trkpt lat="37.71118" lon="-83.70362"/>
      <trkpt lat="37.71102" lon="-83.70362"/>
      <trkpt lat="37.71096" lon="-83.70372"/>
      <trkpt lat="37.71097" lon="-83.70384"/>
      <trkpt lat="37.71101" lon="-83.70397"/>
      <trkpt lat="37.71108" lon="-83.70414"/>
      <trkpt lat="37.71117" lon="-83.70427"/>
      <trkpt lat="37.71118" lon="-83.70441"/>
      <trkpt lat="37.71113" lon="-83.70457"/>
      <trkpt lat="37.71104" lon="-83.7047"/>
      <trkpt lat="37.71078" lon="-83.70496"/>
      <trkpt lat="37.71051" lon="-83.70521"/>
      <trkpt lat="37.71043" lon="-83.70531"/>
      <trkpt lat="37.71025" lon="-83.70547"/>
      <trkpt lat="37.7101" lon="-83.70562"/>
      <trkpt lat="37.71001" lon="-83.70569"/>
      <trkpt lat="37.70985" lon="-83.70583"/>
      <trkpt lat="37.70972" lon="-83.70597"/>
      <trkpt lat="37.70956" lon="-83.70622"/>
      <trkpt lat="37.70944" lon="-83.70646"/>
      <trkpt lat="37.70929" lon="-83.70674"/>
      <trkpt lat="37.70918" lon="-83.70691"/>
      <trkpt lat="37.70911" lon="-83.70699"/>
      <trkpt lat="37.70899" lon="-83.70715"/>
      <trkpt lat="37.70889" lon="-83.70731"/>
      <trkpt lat="37.70879" lon="-83.70749"/>
      <trkpt lat="37.70871" lon="-83.70769"/>
      <trkpt lat="37.70852" lon="-83.70807"/>
      <trkpt lat="37.70841" lon="-83.70835"/>
      <trkpt lat="37.70836" lon="-83.70856"/>
      <trkpt lat="37.70832" lon="-83.70877"/>
      <trkpt lat="37.70818" lon="-83.709"/>
      <trkpt lat="37.70801" lon="-83.70928"/>
      <trkpt lat="37.70795" lon="-83.70942"/>
      <trkpt lat="37.70782" lon="-83.70979"/>
      <trkpt lat="37.70776" lon="-83.7099"/>
      <trkpt lat="37.70769" lon="-83.71001"/>
      <trkpt lat="37.70758" lon="-83.71011"/>
      <trkpt lat="37.70736" lon="-83.7102"/>
      <trkpt lat="37.7072" lon="-83.71025"/>
      <trkpt lat="37.70674" lon="-83.71035"/>
      <trkpt lat="37.70656" lon="-83.71037"/>
      <trkpt lat="37.70631" lon="-83.71047"/>
      <trkpt lat="37.70623" lon="-83.71052"/>
      <trkpt lat="37.70608" lon="-83.71061"/>
      <trkpt lat="37.70593" lon="-83.7107"/>
      <trkpt lat="37.70573" lon="-83.71074"/>
      <trkpt lat="37.70552" lon="-83.71082"/>
      <trkpt lat="37.70542" lon="-83.71096"/>
      <trkpt lat="37.70533" lon="-83.71118"/>
      <trkpt lat="37.70522" lon="-83.71127"/>
      <trkpt lat="37.70509" lon="-83.71135"/>
      <trkpt lat="37.70495" lon="-83.71138"/>
      <trkpt lat="37.70483" lon="-83.71142"/>
      <trkpt lat="37.70469" lon="-83.71149"/>
      <trkpt lat="37.70458" lon="-83.71158"/>
      <trkpt lat="37.7044" lon="-83.71174"/>
      <trkpt lat="37.70431" lon="-83.71187"/>
      <trkpt lat="37.70419" lon="-83.71206"/>
      <trkpt lat="37.7041" lon="-83.71217"/>
      <trkpt lat="37.704" lon="-83.71226"/>
      <trkpt lat="37.70394" lon="-83.7124"/>
      <trkpt lat="37.70389" lon="-83.71255"/>
      <trkpt lat="37.70379" lon="-83.71275"/>
      <trkpt lat="37.70366" lon="-83.71303"/>
      <trkpt lat="37.70354" lon="-83.71321"/>
      <trkpt lat="37.70335" lon="-83.71344"/>
      <trkpt lat="37.70327" lon="-83.71356"/>
      <trkpt lat="37.70308" lon="-83.7138"/>
      <trkpt lat="37.70293" lon="-83.71393"/>
      <trkpt lat="37.70284" lon="-83.71405"/>
      <trkpt lat="37.70274" lon="-83.71414"/>
      <trkpt lat="37.70265" lon="-83.71419"/>
      <trkpt lat="37.70254" lon="-83.71422"/>
      <trkpt lat="37.70241" lon="-83.71427"/>
      <trkpt lat="37.70231" lon="-83.7143"/>
      <trkpt lat="37.70219" lon="-83.71433"/>
      <trkpt lat="37.70203" lon="-83.71437"/>
      <trkpt lat="37.70189" lon="-83.71442"/>
      <trkpt lat="37.70179" lon="-83.71451"/>
      <trkpt lat="37.70168" lon="-83.71459"/>
      <trkpt lat="37.70156" lon="-83.71461"/>
      <trkpt lat="37.70137" lon="-83.71455"/>
      <trkpt lat="37.70126" lon="-83.71453"/>
      <trkpt lat="37.70116" lon="-83.71453"/>
      <trkpt lat="37.70102" lon="-83.71454"/>
      <trkpt lat="37.70086" lon="-83.71459"/>
      <trkpt lat="37.70075" lon="-83.71467"/>
      <trkpt lat="37.70067" lon="-83.71473"/>
      <trkpt lat="37.70058" lon="-83.71477"/>
      <trkpt lat="37.70047" lon="-83.71479"/>
      <trkpt lat="37.70033" lon="-83.7148"/>
      <trkpt lat="37.70006" lon="-83.71471"/>
      <trkpt lat="37.69993" lon="-83.71466"/>
      <trkpt lat="37.69972" lon="-83.71456"/>
      <trkpt lat="37.69958" lon="-83.71451"/>
      <trkpt lat="37.69939" lon="-83.71451"/>
      <trkpt lat="37.69928" lon="-83.71452"/>
      <trkpt lat="37.69919" lon="-83.71454"/>
      <trkpt lat="37.69907" lon="-83.71454"/>
      <trkpt lat="37.69897" lon="-83.71451"/>
      <trkpt lat="37.69882" lon="-83.71449"/>
      <trkpt lat="37.69873" lon="-83.71446"/>
      <trkpt lat="37.69862" lon="-83.71444"/>
      <trkpt lat="37.6985" lon="-83.71442"/>
      <trkpt lat="37.69838" lon="-83.71443"/>
      <trkpt lat="37.69828" lon="-83.71445"/>
      <trkpt lat="37.69819" lon="-83.71442"/>
      <trkpt lat="37.69807" lon="-83.71437"/>
      <trkpt lat="37.69795" lon="-83.71436"/>
      <trkpt lat="37.69782" lon="-83.71438"/>
      <trkpt lat="37.69754" lon="-83.71452"/>
      <trkpt lat="37.6974" lon="-83.71457"/>
      <trkpt lat="37.6973" lon="-83.71461"/>
      <trkpt lat="37.69716" lon="-83.71465"/>
      <trkpt lat="37.69706" lon="-83.71462"/>
      <trkpt lat="37.69696" lon="-83.71458"/>
      <trkpt lat="37.69687" lon="-83.71453"/>
      <trkpt lat="37.69672" lon="-83.71445"/>
      <trkpt lat="37.69663" lon="-83.71439"/>
      <trkpt lat="37.69653" lon="-83.71429"/>
      <trkpt lat="37.69639" lon="-83.71411"/>
      <trkpt lat="37.69635" lon="-83.71399"/>
      <trkpt lat="37.6963" lon="-83.71389"/>
      <trkpt lat="37.69622" lon="-83.7138"/>
      <trkpt lat="37.6961" lon="-83.71377"/>
      <trkpt lat="37.696" lon="-83.71382"/>
      <trkpt lat="37.69589" lon="-83.71399"/>
      <trkpt lat="37.69577" lon="-83.71409"/>
      <trkpt lat="37.69568" lon="-83.71412"/>
      <trkpt lat="37.69551" lon="-83.71409"/>
      <trkpt lat="37.69517" lon="-83.71396"/>
      <trkpt lat="37.69504" lon="-83.71391"/>
      <trkpt lat="37.69494" lon="-83.71383"/>
      <trkpt lat="37.69484" lon="-83.71374"/>
      <trkpt lat="37.69469" lon="-83.71359"/>
      <trkpt lat="37.69441" lon="-83.71341"/>
      <trkpt lat="37.69432" lon="-83.71338"/>
      <trkpt lat="37.6942" lon="-83.71337"/>
      <trkpt lat="37.69409" lon="-83.71337"/>
      <trkpt lat="37.69398" lon="-83.71335"/>
      <trkpt lat="37.69386" lon="-83.71333"/>
      <trkpt lat="37.69375" lon="-83.71329"/>
      <trkpt lat="37.69364" lon="-83.71324"/>
      <trkpt lat="37.69355" lon="-83.71317"/>
      <trkpt lat="37.69347" lon="-83.71311"/>
      <trkpt lat="37.69337" lon="-83.71308"/>
      <trkpt lat="37.69322" lon="-83.71312"/>
      <trkpt lat="37.69312" lon="-83.71311"/>
      <trkpt lat="37.69301" lon="-83.7131"/>
      <trkpt lat="37.69288" lon="-83.71309"/>
      <trkpt lat="37.69277" lon="-83.71313"/>
      <trkpt lat="37.6926" lon="-83.71315"/>
      <trkpt lat="37.69242" lon="-83.71309"/>
      <trkpt lat="37.69228" lon="-83.71299"/>
      <trkpt lat="37.69211" lon="-83.71284"/>
      <trkpt lat="37.69199" lon="-83.71275"/>
      <trkpt lat="37.69187" lon="-83.71267"/>
      <trkpt lat="37.69157" lon="-83.71243"/>
      <trkpt lat="37.69145" lon="-83.71234"/>
      <trkpt lat="37.69132" lon="-83.71217"/>
      <trkpt lat="37.6912" lon="-83.71203"/>
      <trkpt lat="37.6911" lon="-83.71195"/>
      <trkpt lat="37.69101" lon="-83.71188"/>
      <trkpt lat="37.69085" lon="-83.71177"/>
      <trkpt lat="37.69072" lon="-83.71171"/>
      <trkpt lat="37.69061" lon="-83.71165"/>
      <trkpt lat="37.69051" lon="-83.71156"/>
      <trkpt lat="37.69035" lon="-83.71144"/>
      <trkpt lat="37.69025" lon="-83.71135"/>
      <trkpt lat="37.69016" lon="-83.71124"/>
      <trkpt lat="37.69006" lon="-83.71117"/>
      <trkpt lat="37.6898" lon="-83.71098"/>
      <trkpt lat="37.68972" lon="-83.7109"/>
      <trkpt lat="37.68967" lon="-83.7108"/>
      <trkpt lat="37.68964" lon="-83.71064"/>
      <trkpt lat="37.68959" lon="-83.71044"/>
      <trkpt lat="37.68947" lon="-83.71042"/>
      <trkpt lat="37.68935" lon="-83.71051"/>
      <trkpt lat="37.68926" lon="-83.71068"/>
      <trkpt lat="37.68912" lon="-83.71109"/>
      <trkpt lat="37.68908" lon="-83.71129"/>
      <trkpt lat="37.68889" lon="-83.71142"/>
      <trkpt lat="37.68871" lon="-83.71142"/>
      <trkpt lat="37.68853" lon="-83.71137"/>
      <trkpt lat="37.68835" lon="-83.71137"/>
      <trkpt lat="37.68818" lon="-83.71142"/>
      <trkpt lat="37.68805" lon="-83.71154"/>
      <trkpt lat="37.6879" lon="-83.71166"/>
      <trkpt lat="37.68777" lon="-83.71179"/>
      <trkpt lat="37.68758" lon="-83.712"/>
      <trkpt lat="37.6875" lon="-83.71218"/>
      <trkpt lat="37.68746" lon="-83.71238"/>
      <trkpt lat="37.68735" lon="-83.71267"/>
      <trkpt lat="37.6873" lon="-83.71286"/>
      <trkpt lat="37.6872" lon="-83.71306"/>
      <trkpt lat="37.68703" lon="-83.71334"/>
      <trkpt lat="37.68699" lon="-83.71345"/>
      <trkpt lat="37.68694" lon="-83.71354"/>
      <trkpt lat="37.6869" lon="-83.71358"/>
      <trkpt lat="37.68681" lon="-83.7137"/>
      <trkpt lat="37.68662" lon="-83.71388"/>
      <trkpt lat="37.68652" lon="-83.71392"/>
      <trkpt lat="37.68633" lon="-83.71396"/>
      <trkpt lat="37.68603" lon="-83.71405"/>
      <trkpt lat="37.68595" lon="-83.71409"/>
      <trkpt lat="37.68579" lon="-83.7142"/>
      <trkpt lat="37.68556" lon="-83.71432"/>
      <trkpt lat="37.68538" lon="-83.71436"/>
      <trkpt lat="37.68522" lon="-83.71441"/>
      <trkpt lat="37.6851" lon="-83.71449"/>
      <trkpt lat="37.68497" lon="-83.71454"/>
      <trkpt lat="37.68484" lon="-83.71468"/>
      <trkpt lat="37.68458" lon="-83.71507"/>
      <trkpt lat="37.68449" lon="-83.71525"/>
      <trkpt lat="37.68436" lon="-83.71546"/>
      <trkpt lat="37.68428" lon="-83.71562"/>
      <trkpt lat="37.68417" lon="-83.71576"/>
      <trkpt lat="37.68404" lon="-83.71586"/>
      <trkpt lat="37.68388" lon="-83.71605"/>
      <trkpt lat="37.68376" lon="-83.71628"/>
      <trkpt lat="37.68364" lon="-83.71634"/>
      <trkpt lat="37.68331" lon="-83.7164"/>
      <trkpt lat="37.68317" lon="-83.71642"/>
      <trkpt lat="37.68293" lon="-83.71644"/>
      <trkpt lat="37.68283" lon="-83.71647"/>
      <trkpt lat="37.68263" lon="-83.71654"/>
      <trkpt lat="37.68222" lon="-83.71671"/>
      <trkpt lat="37.68211" lon="-83.71673"/>
      <trkpt lat="37.682" lon="-83.71694"/>
      <trkpt lat="37.68194" lon="-83.71705"/>
      <trkpt lat="37.68185" lon="-83.71743"/>
      <trkpt lat="37.6818" lon="-83.71756"/>
      <trkpt lat="37.6817" lon="-83.71781"/>
      <trkpt lat="37.68158" lon="-83.71804"/>
      <trkpt lat="37.68146" lon="-83.7183"/>
      <trkpt lat="37.68131" lon="-83.7187"/>
      <trkpt lat="37.68108" lon="-83.71918"/>
      <trkpt lat="37.68097" lon="-83.71936"/>
      <trkpt lat="37.68082" lon="-83.71945"/>
      <trkpt lat="37.68067" lon="-83.71945"/>
      <trkpt lat="37.68057" lon="-83.71943"/>
      <trkpt lat="37.6803" lon="-83.71941"/>
      <trkpt lat="37.68013" lon="-83.7194"/>
      <trkpt lat="37.67997" lon="-83.71933"/>
      <trkpt lat="37.67976" lon="-83.71915"/>
      <trkpt lat="37.67952" lon="-83.71906"/>
      <trkpt lat="37.67937" lon="-83.71903"/>
      <trkpt lat="37.67923" lon="-83.71902"/>
      <trkpt lat="37.67908" lon="-83.71901"/>
      <trkpt lat="37.67894" lon="-83.71902"/>
      <trkpt lat="37.67883" lon="-83.71896"/>
      <trkpt lat="37.67874" lon="-83.71885"/>
      <trkpt lat="37.67867" lon="-83.71875"/>
      <trkpt lat="37.67864" lon="-83.71859"/>
      <trkpt lat="37.67863" lon="-83.71853"/>
      <trkpt lat="37.67787" lon="-83.71866"/>
      <trkpt lat="37.67723" lon="-83.71955"/>
      <trkpt lat="37.67688" lon="-83.71996"/>
      <trkpt lat="37.67656" lon="-83.72043"/>
      <trkpt lat="37.67648" lon="-83.72061"/>
      <trkpt lat="37.67645" lon="-83.72097"/>
      <trkpt lat="37.67648" lon="-83.722"/>
      <trkpt lat="37.67635" lon="-83.72236"/>
      <trkpt lat="37.67613" lon="-83.72247"/>
      <trkpt lat="37.67553" lon="-83.7223"/>
      <trkpt lat="37.67525" lon="-83.7223"/>
      <trkpt lat="37.67512" lon="-83.72234"/>
      <trkpt lat="37.67476" lon="-83.72267"/>
      <trkpt lat="37.67452" lon="-83.72277"/>
      <trkpt lat="37.67405" lon="-83.72277"/>
      <trkpt lat="37.67401" lon="-83.7229"/>
      <trkpt lat="37.67405" lon="-83.72314"/>
      <trkpt lat="37.67401" lon="-83.72331"/>
      <trkpt lat="37.67358" lon="-83.72389"/>
      <trkpt lat="37.67276" lon="-83.72451"/>
      <trkpt lat="37.67195" lon="-83.72524"/>
      <trkpt lat="37.67057" lon="-83.72569"/>
      <trkpt lat="37.6698" lon="-83.72576"/>
      <trkpt lat="37.6695" lon="-83.72588"/>
      <trkpt lat="37.66929" lon="-83.72614"/>
      <trkpt lat="37.66901" lon="-83.72685"/>
      <trkpt lat="37.66888" lon="-83.72702"/>
      <trkpt lat="37.66847" lon="-83.72711"/>
      <trkpt lat="37.66787" lon="-83.72709"/>
      <trkpt lat="37.66759" lon="-83.72719"/>
      <trkpt lat="37.66742" lon="-83.72732"/>
      <trkpt lat="37.6671" lon="-83.72773"/>
      <trkpt lat="37.66697" lon="-83.72799"/>
      <trkpt lat="37.66665" lon="-83.72889"/>
      <trkpt lat="37.66658" lon="-83.73073"/>
      <trkpt lat="37.66637" lon="-83.73106"/>
      <trkpt lat="37.6662" lon="-83.73118"/>
      <trkpt lat="37.666" lon="-83.73123"/>
      <trkpt lat="37.66566" lon="-83.7311"/>
      <trkpt lat="37.66527" lon="-83.7311"/>
      <trkpt lat="37.6648" lon="-83.73129"/>
      <trkpt lat="37.66448" lon="-83.73153"/>
      <trkpt lat="37.66287" lon="-83.73221"/>
      <trkpt lat="37.6616" lon="-83.73251"/>
      <trkpt lat="37.66143" lon="-83.73241"/>
      <trkpt lat="37.66133" lon="-83.73211"/>
      <trkpt lat="37.66113" lon="-83.73131"/>
      <trkpt lat="37.66092" lon="-83.73"/>
      <trkpt lat="37.66085" lon="-83.7299"/>
      <trkpt lat="37.6606" lon="-83.72972"/>
      <trkpt lat="37.66021" lon="-83.72964"/>
      <trkpt lat="37.65961" lon="-83.72927"/>
      <trkpt lat="37.65914" lon="-83.72932"/>
      <trkpt lat="37.65856" lon="-83.7294"/>
      <trkpt lat="37.65824" lon="-83.72955"/>
      <trkpt lat="37.65806" lon="-83.72951"/>
      <trkpt lat="37.6577" lon="-83.72897"/>
      <trkpt lat="37.65753" lon="-83.7282"/>
      <trkpt lat="37.65738" lon="-83.72779"/>
      <trkpt lat="37.6574" lon="-83.72749"/>
      <trkpt lat="37.65761" lon="-83.72659"/>
      <trkpt lat="37.65774" lon="-83.72586"/>
      <trkpt lat="37.65764" lon="-83.72473"/>
      <trkpt lat="37.65783" lon="-83.72406"/>
      <trkpt lat="37.65849" lon="-83.72277"/>
      <trkpt lat="37.65907" lon="-83.72236"/>
      <trkpt lat="37.65948" lon="-83.722"/>
      <trkpt lat="37.65993" lon="-83.72194"/>
      <trkpt lat="37.66015" lon="-83.72181"/>
      <trkpt lat="37.66049" lon="-83.72185"/>
      <trkpt lat="37.66064" lon="-83.72168"/>
      <trkpt lat="37.66077" lon="-83.72035"/>
      <trkpt lat="37.66073" lon="-83.7199"/>
      <trkpt lat="37.66062" lon="-83.7196"/>
      <trkpt lat="37.66061" lon="-83.71936"/>
      <trkpt lat="37.6606" lon="-83.71904"/>
      <trkpt lat="37.66064" lon="-83.71876"/>
      <trkpt lat="37.6609" lon="-83.71822"/>
      <trkpt lat="37.66128" lon="-83.71767"/>
      <trkpt lat="37.66154" lon="-83.71739"/>
      <trkpt lat="37.66186" lon="-83.71698"/>
      <trkpt lat="37.6621" lon="-83.71679"/>
      <trkpt lat="37.66266" lon="-83.7161"/>
      <trkpt lat="37.66332" lon="-83.71561"/>
      <trkpt lat="37.6639" lon="-83.71503"/>
      <trkpt lat="37.66414" lon="-83.71466"/>
      <trkpt lat="37.66465" lon="-83.71391"/>
      <trkpt lat="37.66504" lon="-83.71348"/>
      <trkpt lat="37.66542" lon="-83.7132"/>
      <trkpt lat="37.66551" lon="-83.71305"/>
      <trkpt lat="37.66555" lon="-83.71275"/>
      <trkpt lat="37.66557" lon="-83.71168"/>
      <trkpt lat="37.6657" lon="-83.71084"/>
      <trkpt lat="37.66581" lon="-83.71063"/>
      <trkpt lat="37.66639" lon="-83.71007"/>
      <trkpt lat="37.66654" lon="-83.70975"/>
      <trkpt lat="37.66673" lon="-83.70908"/>
      <trkpt lat="37.66665" lon="-83.7088"/>
      <trkpt lat="37.66663" lon="-83.70857"/>
      <trkpt lat="37.66686" lon="-83.70722"/>
      <trkpt lat="37.66727" lon="-83.70672"/>
      <trkpt lat="37.6674" lon="-83.70589"/>
      <trkpt lat="37.66751" lon="-83.70541"/>
      <trkpt lat="37.66748" lon="-83.70473"/>
      <trkpt lat="37.66753" lon="-83.70436"/>
      <trkpt lat="37.66759" lon="-83.70415"/>
      <trkpt lat="37.66787" lon="-83.70378"/>
      <trkpt lat="37.66798" lon="-83.70335"/>
      <trkpt lat="37.66776" lon="-83.70241"/>
      <trkpt lat="37.6677" lon="-83.7017"/>
      <trkpt lat="37.66757" lon="-83.70149"/>
      <trkpt lat="37.66729" lon="-83.70121"/>
      <trkpt lat="37.66718" lon="-83.70104"/>
      <trkpt lat="37.66708" lon="-83.70052"/>
      <trkpt lat="37.66669" lon="-83.69932"/>
      <trkpt lat="37.66667" lon="-83.69917"/>
      <trkpt lat="37.6669" lon="-83.69878"/>
      <trkpt lat="37.66714" lon="-83.6982"/>
      <trkpt lat="37.66721" lon="-83.69769"/>
      <trkpt lat="37.66615" lon="-83.69694"/>
      <trkpt lat="37.66515" lon="-83.69644"/>
      <trkpt lat="37.66474" lon="-83.69644"/>
      <trkpt lat="37.6642" lon="-83.69666"/>
      <trkpt lat="37.66386" lon="-83.6967"/>
      <trkpt lat="37.66354" lon="-83.69659"/>
      <trkpt lat="37.66347" lon="-83.69649"/>
      <trkpt lat="37.66347" lon="-83.69638"/>
      <trkpt lat="37.66354" lon="-83.69627"/>
      <trkpt lat="37.66377" lon="-83.69619"/>
      <trkpt lat="37.66405" lon="-83.69584"/>
      <trkpt lat="37.66416" lon="-83.69556"/>
      <trkpt lat="37.6642" lon="-83.69529"/>
      <trkpt lat="37.66429" lon="-83.69464"/>
      <trkpt lat="37.66463" lon="-83.69406"/>
      <trkpt lat="37.66476" lon="-83.69398"/>
      <trkpt lat="37.66484" lon="-83.69402"/>
      <trkpt lat="37.66497" lon="-83.69436"/>
      <trkpt lat="37.66504" lon="-83.69447"/>
      <trkpt lat="37.6651" lon="-83.69449"/>
      <trkpt lat="37.66551" lon="-83.69441"/>
      <trkpt lat="37.6656" lon="-83.69434"/>
      <trkpt lat="37.66572" lon="-83.69417"/>
      <trkpt lat="37.66575" lon="-83.69387"/>
      <trkpt lat="37.66566" lon="-83.69368"/>
      <trkpt lat="37.66549" lon="-83.69353"/>
      <trkpt lat="37.66472" lon="-83.69299"/>
      <trkpt lat="37.66457" lon="-83.69273"/>
      <trkpt lat="37.66253" lon="-83.69419"/>
      <trkpt lat="37.66238" lon="-83.69421"/>
      <trkpt lat="37.66218" lon="-83.69408"/>
      <trkpt lat="37.66066" lon="-83.69649"/>
      <trkpt lat="37.65931" lon="-83.69859"/>
      <trkpt lat="37.65806" lon="-83.70052"/>
      <trkpt lat="37.65746" lon="-83.70127"/>
      <trkpt lat="37.65701" lon="-83.70162"/>
      <trkpt lat="37.65654" lon="-83.70187"/>
      <trkpt lat="37.65615" lon="-83.70202"/>
      <trkpt lat="37.65558" lon="-83.70213"/>
      <trkpt lat="37.65463" lon="-83.70226"/>
      <trkpt lat="37.65371" lon="-83.70241"/>
      <trkpt lat="37.65186" lon="-83.70265"/>
      <trkpt lat="37.65176" lon="-83.70267"/>
      <trkpt lat="37.65049" lon="-83.70284"/>
      <trkpt lat="37.6491" lon="-83.70301"/>
      <trkpt lat="37.64817" lon="-83.70312"/>
      <trkpt lat="37.64734" lon="-83.7031"/>
      <trkpt lat="37.64671" lon="-83.70297"/>
      <trkpt lat="37.64609" lon="-83.70275"/>
      <trkpt lat="37.64605" lon="-83.70271"/>
      <trkpt lat="37.64545" lon="-83.70239"/>
      <trkpt lat="37.64525" lon="-83.70228"/>
      <trkpt lat="37.64508" lon="-83.70215"/>
      <trkpt lat="37.64075" lon="-83.69878"/>
      <trkpt lat="37.6388" lon="-83.69707"/>
      <trkpt lat="37.63753" lon="-83.69979"/>
      <trkpt lat="37.63716" lon="-83.70037"/>
      <trkpt lat="37.63648" lon="-83.70114"/>
      <trkpt lat="37.63616" lon="-83.70142"/>
      <trkpt lat="37.63536" lon="-83.70177"/>
      <trkpt lat="37.6351" lon="-83.702"/>
      <trkpt lat="37.63498" lon="-83.70222"/>
      <trkpt lat="37.63495" lon="-83.70247"/>
      <trkpt lat="37.63508" lon="-83.70295"/>
      <trkpt lat="37.63538" lon="-83.70361"/>
      <trkpt lat="37.63545" lon="-83.70404"/>
      <trkpt lat="37.63534" lon="-83.70548"/>
      <trkpt lat="37.63508" lon="-83.70719"/>
      <trkpt lat="37.63506" lon="-83.70795"/>
      <trkpt lat="37.63513" lon="-83.70861"/>
      <trkpt lat="37.63495" lon="-83.71084"/>
      <trkpt lat="37.63493" lon="-83.71213"/>
      <trkpt lat="37.63493" lon="-83.71232"/>
      <trkpt lat="37.63493" lon="-83.71264"/>
      <trkpt lat="37.63495" lon="-83.71333"/>
      <trkpt lat="37.63517" lon="-83.7155"/>
      <trkpt lat="37.63525" lon="-83.71593"/>
      <trkpt lat="37.63541" lon="-83.71614"/>
      <trkpt lat="37.6356" lon="-83.71623"/>
      <trkpt lat="37.63624" lon="-83.71606"/>
      <trkpt lat="37.63586" lon="-83.71561"/>
      <trkpt lat="37.63579" lon="-83.71539"/>
      <trkpt lat="37.63579" lon="-83.71518"/>
      <trkpt lat="37.63598" lon="-83.71488"/>
      <trkpt lat="37.63646" lon="-83.71445"/>
      <trkpt lat="37.63686" lon="-83.71397"/>
      <trkpt lat="37.63697" lon="-83.7138"/>
      <trkpt lat="37.63714" lon="-83.71372"/>
      <trkpt lat="37.63776" lon="-83.7137"/>
      <trkpt lat="37.63813" lon="-83.7137"/>
      <trkpt lat="37.63832" lon="-83.71376"/>
      <trkpt lat="37.63875" lon="-83.71419"/>
      <trkpt lat="37.63952" lon="-83.71419"/>
      <trkpt lat="37.63989" lon="-83.71425"/>
      <trkpt lat="37.64008" lon="-83.71425"/>
      <trkpt lat="37.64025" lon="-83.71413"/>
      <trkpt lat="37.64053" lon="-83.71348"/>
      <trkpt lat="37.64066" lon="-83.71327"/>
      <trkpt lat="37.64094" lon="-83.71307"/>
      <trkpt lat="37.64154" lon="-83.71286"/>
      <trkpt lat="37.64165" lon="-83.71269"/>
      <trkpt lat="37.64169" lon="-83.71245"/>
      <trkpt lat="37.64178" lon="-83.71224"/>
      <trkpt lat="37.64208" lon="-83.71217"/>
      <trkpt lat="37.64229" lon="-83.71226"/>
      <trkpt lat="37.64244" lon="-83.71256"/>
      <trkpt lat="37.64251" lon="-83.71264"/>
      <trkpt lat="37.64281" lon="-83.71271"/>
      <trkpt lat="37.6433" lon="-83.71252"/>
      <trkpt lat="37.64345" lon="-83.71256"/>
      <trkpt lat="37.64375" lon="-83.71273"/>
      <trkpt lat="37.64429" lon="-83.71348"/>
      <trkpt lat="37.64446" lon="-83.71387"/>
      <trkpt lat="37.64452" lon="-83.71425"/>
      <trkpt lat="37.64472" lon="-83.71434"/>
      <trkpt lat="37.64498" lon="-83.71438"/>
      <trkpt lat="37.64513" lon="-83.71447"/>
      <trkpt lat="37.6453" lon="-83.71462"/>
      <trkpt lat="37.64585" lon="-83.71541"/>
      <trkpt lat="37.64646" lon="-83.71646"/>
      <trkpt lat="37.64669" lon="-83.71709"/>
      <trkpt lat="37.64706" lon="-83.71782"/>
      <trkpt lat="37.64719" lon="-83.71825"/>
      <trkpt lat="37.64721" lon="-83.71852"/>
      <trkpt lat="37.64699" lon="-83.71938"/>
      <trkpt lat="37.64686" lon="-83.71977"/>
      <trkpt lat="37.64684" lon="-83.71994"/>
      <trkpt lat="37.64688" lon="-83.72015"/>
      <trkpt lat="37.64738" lon="-83.72108"/>
      <trkpt lat="37.64751" lon="-83.72161"/>
      <trkpt lat="37.64774" lon="-83.72198"/>
      <trkpt lat="37.64794" lon="-83.72294"/>
      <trkpt lat="37.64824" lon="-83.72395"/>
      <trkpt lat="37.64834" lon="-83.72417"/>
      <trkpt lat="37.64854" lon="-83.72434"/>
      <trkpt lat="37.6486" lon="-83.72447"/>
      <trkpt lat="37.64839" lon="-83.72462"/>
      <trkpt lat="37.64839" lon="-83.72473"/>
      <trkpt lat="37.64845" lon="-83.72498"/>
      <trkpt lat="37.64849" lon="-83.72509"/>
      <trkpt lat="37.64854" lon="-83.7252"/>
      <trkpt lat="37.64879" lon="-83.7253"/>
      <trkpt lat="37.64894" lon="-83.7253"/>
      <trkpt lat="37.64899" lon="-83.72545"/>
      <trkpt lat="37.64894" lon="-83.72556"/>
      <trkpt lat="37.64881" lon="-83.72596"/>
      <trkpt lat="37.64858" lon="-83.72668"/>
      <trkpt lat="37.64869" lon="-83.72739"/>
      <trkpt lat="37.64901" lon="-83.72803"/>
      <trkpt lat="37.64901" lon="-83.72827"/>
      <trkpt lat="37.64884" lon="-83.72891"/>
      <trkpt lat="37.64884" lon="-83.72917"/>
      <trkpt lat="37.64894" lon="-83.72957"/>
      <trkpt lat="37.64882" lon="-83.73007"/>
      <trkpt lat="37.64882" lon="-83.73037"/>
      <trkpt lat="37.64888" lon="-83.73078"/>
      <trkpt lat="37.64903" lon="-83.73112"/>
      <trkpt lat="37.64912" lon="-83.73142"/>
      <trkpt lat="37.6491" lon="-83.73163"/>
      <trkpt lat="37.64894" lon="-83.73215"/>
      <trkpt lat="37.64884" lon="-83.73271"/>
      <trkpt lat="37.64869" lon="-83.73391"/>
      <trkpt lat="37.64867" lon="-83.7346"/>
      <trkpt lat="37.64873" lon="-83.735"/>
      <trkpt lat="37.64892" lon="-83.73541"/>
      <trkpt lat="37.6491" lon="-83.7356"/>
      <trkpt lat="37.64931" lon="-83.73567"/>
      <trkpt lat="37.6501" lon="-83.73563"/>
      <trkpt lat="37.65034" lon="-83.73569"/>
      <trkpt lat="37.6507" lon="-83.73554"/>
      <trkpt lat="37.65105" lon="-83.73518"/>
      <trkpt lat="37.65122" lon="-83.73509"/>
      <trkpt lat="37.65122" lon="-83.73509"/>
      <trkpt lat="37.65121" lon="-83.73534"/>
      <trkpt lat="37.65086" lon="-83.73577"/>
      <trkpt lat="37.65033" lon="-83.73603"/>
      <trkpt lat="37.64987" lon="-83.73598"/>
      <trkpt lat="37.6489" lon="-83.7361"/>
      <trkpt lat="37.64937" lon="-83.73715"/>
      <trkpt lat="37.64979" lon="-83.73831"/>
      <trkpt lat="37.64987" lon="-83.7388"/>
      <trkpt lat="37.65021" lon="-83.73921"/>
      <trkpt lat="37.65033" lon="-83.73967"/>
      <trkpt lat="37.65058" lon="-83.74007"/>
      <trkpt lat="37.64984" lon="-83.74106"/>
      <trkpt lat="37.6496" lon="-83.74116"/>
      <trkpt lat="37.64936" lon="-83.74134"/>
      <trkpt lat="37.64898" lon="-83.74128"/>
      <trkpt lat="37.64868" lon="-83.74099"/>
      <trkpt lat="37.64757" lon="-83.74099"/>
      <trkpt lat="37.64726" lon="-83.74195"/>
      <trkpt lat="37.64706" lon="-83.74234"/>
      <trkpt lat="37.64718" lon="-83.74302"/>
      <trkpt lat="37.64709" lon="-83.74361"/>
      <trkpt lat="37.64645" lon="-83.74405"/>
      <trkpt lat="37.64627" lon="-83.74432"/>
      <trkpt lat="37.64585" lon="-83.7446"/>
      <trkpt lat="37.64512" lon="-83.74461"/>
      <trkpt lat="37.64485" lon="-83.74445"/>
      <trkpt lat="37.64516" lon="-83.74486"/>
      <trkpt lat="37.64584" lon="-83.74504"/>
      <trkpt lat="37.64656" lon="-83.74505"/>
      <trkpt lat="37.64679" lon="-83.74477"/>
      <trkpt lat="37.64708" lon="-83.7448"/>
      <trkpt lat="37.64708" lon="-83.7452"/>
      <trkpt lat="37.64669" lon="-83.7456"/>
      <trkpt lat="37.64657" lon="-83.74597"/>
      <trkpt lat="37.64579" lon="-83.74611"/>
      <trkpt lat="37.64555" lon="-83.74665"/>
      <trkpt lat="37.64624" lon="-83.74743"/>
      <trkpt lat="37.6461" lon="-83.74814"/>
      <trkpt lat="37.64608" lon="-83.74882"/>
      <trkpt lat="37.64635" lon="-83.74999"/>
      <trkpt lat="37.64605" lon="-83.75084"/>
      <trkpt lat="37.64563" lon="-83.75125"/>
      <trkpt lat="37.64494" lon="-83.75087"/>
      <trkpt lat="37.6442" lon="-83.75038"/>
      <trkpt lat="37.64431" lon="-83.75078"/>
      <trkpt lat="37.64514" lon="-83.75153"/>
      <trkpt lat="37.64555" lon="-83.75234"/>
      <trkpt lat="37.64563" lon="-83.75264"/>
      <trkpt lat="37.64551" lon="-83.75294"/>
      <trkpt lat="37.64597" lon="-83.75364"/>
      <trkpt lat="37.6463" lon="-83.75399"/>
      <trkpt lat="37.64658" lon="-83.75399"/>
      <trkpt lat="37.64692" lon="-83.75451"/>
      <trkpt lat="37.64717" lon="-83.75525"/>
      <trkpt lat="37.64704" lon="-83.75591"/>
      <trkpt lat="37.64709" lon="-83.75653"/>
      <trkpt lat="37.64696" lon="-83.75713"/>
      <trkpt lat="37.64698" lon="-83.75754"/>
      <trkpt lat="37.64713" lon="-83.75809"/>
      <trkpt lat="37.64708" lon="-83.75835"/>
      <trkpt lat="37.64712" lon="-83.75831"/>
      <trkpt lat="37.64701" lon="-83.75835"/>
      <trkpt lat="37.64695" lon="-83.75833"/>
      <trkpt lat="37.64665" lon="-83.75798"/>
      <trkpt lat="37.64628" lon="-83.75698"/>
      <trkpt lat="37.64601" lon="-83.75674"/>
      <trkpt lat="37.64581" lon="-83.75672"/>
      <trkpt lat="37.64474" lon="-83.75693"/>
      <trkpt lat="37.64422" lon="-83.75726"/>
      <trkpt lat="37.64401" lon="-83.7573"/>
      <trkpt lat="37.64343" lon="-83.75732"/>
      <trkpt lat="37.64317" lon="-83.75719"/>
      <trkpt lat="37.64281" lon="-83.75685"/>
      <trkpt lat="37.64279" lon="-83.75668"/>
      <trkpt lat="37.64287" lon="-83.75638"/>
      <trkpt lat="37.64281" lon="-83.7562"/>
      <trkpt lat="37.64176" lon="-83.75569"/>
      <trkpt lat="37.64154" lon="-83.75586"/>
      <trkpt lat="37.64126" lon="-83.75646"/>
      <trkpt lat="37.64062" lon="-83.75704"/>
      <trkpt lat="37.6404" lon="-83.75708"/>
      <trkpt lat="37.63978" lon="-83.75683"/>
      <trkpt lat="37.63944" lon="-83.75685"/>
      <trkpt lat="37.6391" lon="-83.757"/>
      <trkpt lat="37.63873" lon="-83.75741"/>
      <trkpt lat="37.63849" lon="-83.7579"/>
      <trkpt lat="37.63832" lon="-83.7585"/>
      <trkpt lat="37.63811" lon="-83.75904"/>
      <trkpt lat="37.63777" lon="-83.75955"/>
      <trkpt lat="37.63764" lon="-83.75959"/>
      <trkpt lat="37.63747" lon="-83.75957"/>
      <trkpt lat="37.63714" lon="-83.75916"/>
      <trkpt lat="37.63676" lon="-83.75889"/>
      <trkpt lat="37.63641" lon="-83.7588"/>
      <trkpt lat="37.63618" lon="-83.75889"/>
      <trkpt lat="37.63588" lon="-83.75921"/>
      <trkpt lat="37.63534" lon="-83.76013"/>
      <trkpt lat="37.63457" lon="-83.76067"/>
      <trkpt lat="37.6342" lon="-83.76133"/>
      <trkpt lat="37.63395" lon="-83.76144"/>
      <trkpt lat="37.63335" lon="-83.76144"/>
      <trkpt lat="37.63287" lon="-83.76161"/>
      <trkpt lat="37.63229" lon="-83.76215"/>
      <trkpt lat="37.6318" lon="-83.76258"/>
      <trkpt lat="37.63163" lon="-83.76273"/>
      <trkpt lat="37.63124" lon="-83.76292"/>
      <trkpt lat="37.63109" lon="-83.76296"/>
      <trkpt lat="37.63081" lon="-83.76292"/>
      <trkpt lat="37.6306" lon="-83.76279"/>
      <trkpt lat="37.62925" lon="-83.76183"/>
      <trkpt lat="37.62847" lon="-83.76155"/>
      <trkpt lat="37.6282" lon="-83.76161"/>
      <trkpt lat="37.62807" lon="-83.76176"/>
      <trkpt lat="37.62792" lon="-83.76195"/>
      <trkpt lat="37.62753" lon="-83.76219"/>
      <trkpt lat="37.62729" lon="-83.76219"/>
      <trkpt lat="37.62702" lon="-83.76206"/>
      <trkpt lat="37.62702" lon="-83.76251"/>
      <trkpt lat="37.62719" lon="-83.76354"/>
      <trkpt lat="37.62717" lon="-83.76391"/>
      <trkpt lat="37.62697" lon="-83.76464"/>
      <trkpt lat="37.62686" lon="-83.76485"/>
      <trkpt lat="37.62663" lon="-83.76502"/>
      <trkpt lat="37.62633" lon="-83.76507"/>
      <trkpt lat="37.62575" lon="-83.765"/>
      <trkpt lat="37.62534" lon="-83.76504"/>
      <trkpt lat="37.6248" lon="-83.76526"/>
      <trkpt lat="37.62388" lon="-83.76582"/>
      <trkpt lat="37.62365" lon="-83.76599"/>
      <trkpt lat="37.62339" lon="-83.76625"/>
      <trkpt lat="37.62326" lon="-83.76648"/>
      <trkpt lat="37.62317" lon="-83.76678"/>
      <trkpt lat="37.62315" lon="-83.76715"/>
      <trkpt lat="37.62238" lon="-83.76725"/>
      <trkpt lat="37.62199" lon="-83.76747"/>
      <trkpt lat="37.62176" lon="-83.7679"/>
      <trkpt lat="37.62169" lon="-83.76837"/>
      <trkpt lat="37.62182" lon="-83.76942"/>
      <trkpt lat="37.62199" lon="-83.76992"/>
      <trkpt lat="37.62227" lon="-83.77022"/>
      <trkpt lat="37.6229" lon="-83.77058"/>
      <trkpt lat="37.6232" lon="-83.77103"/>
      <trkpt lat="37.62356" lon="-83.77202"/>
      <trkpt lat="37.62373" lon="-83.77234"/>
      <trkpt lat="37.62397" lon="-83.7726"/>
      <trkpt lat="37.6245" lon="-83.7729"/>
      <trkpt lat="37.62463" lon="-83.77307"/>
      <trkpt lat="37.62474" lon="-83.77361"/>
      <trkpt lat="37.62472" lon="-83.77421"/>
      <trkpt lat="37.62455" lon="-83.77491"/>
      <trkpt lat="37.62463" lon="-83.77555"/>
      <trkpt lat="37.62463" lon="-83.77555"/>
    </trkseg>
  </trk>
</gpx>
