<?xml version="1.0" encoding="UTF-8"?>
<gpx xmlns="http://www.topografix.com/GPX/1/1" xmlns:xsi="http://www.w3.org/2001/XMLSchema-instance" creator="REVER https://a.rever.co" version="1.1" xsi:schemaLocation="http://www.topografix.com/GPX/1/1 http://www.topografix.com/GPX/1/1/gpx.xsd">
  <metadata>
    <name>ADV INTMDT Creek Runner RRS25</name>
    <author>
      <name>Drew Faulkner</name>
    </author>
    <link href="https://a.rever.co/embed/"/>
  </metadata>
  <wpt lat="37.61602" lon="-83.77485">
    <name>37.616017, -83.774852</name>
  </wpt>
  <wpt lat="37.62433" lon="-83.77858">
    <name>37.624332, -83.778581</name>
  </wpt>
  <trk>
    <name>ADV INTMDT Creek Runner RRS25</name>
    <link href="https://a.rever.co/embed/"/>
    <type>Ride</type>
    <trkseg>
      <trkpt lat="37.61602" lon="-83.77485"/>
      <trkpt lat="37.6161" lon="-83.7748"/>
      <trkpt lat="37.61618" lon="-83.77479"/>
      <trkpt lat="37.61638" lon="-83.7748"/>
      <trkpt lat="37.61661" lon="-83.77484"/>
      <trkpt lat="37.61677" lon="-83.77491"/>
      <trkpt lat="37.61695" lon="-83.77496"/>
      <trkpt lat="37.61717" lon="-83.77506"/>
      <trkpt lat="37.61726" lon="-83.77516"/>
      <trkpt lat="37.61733" lon="-83.7752"/>
      <trkpt lat="37.61747" lon="-83.77534"/>
      <trkpt lat="37.61756" lon="-83.77551"/>
      <trkpt lat="37.61759" lon="-83.77558"/>
      <trkpt lat="37.61761" lon="-83.77572"/>
      <trkpt lat="37.61761" lon="-83.77585"/>
      <trkpt lat="37.61764" lon="-83.77606"/>
      <trkpt lat="37.61765" lon="-83.77615"/>
      <trkpt lat="37.61768" lon="-83.77624"/>
      <trkpt lat="37.61777" lon="-83.77637"/>
      <trkpt lat="37.6179" lon="-83.77647"/>
      <trkpt lat="37.6181" lon="-83.77658"/>
      <trkpt lat="37.6183" lon="-83.7767"/>
      <trkpt lat="37.61841" lon="-83.77675"/>
      <trkpt lat="37.61851" lon="-83.77678"/>
      <trkpt lat="37.61861" lon="-83.77678"/>
      <trkpt lat="37.61871" lon="-83.77675"/>
      <trkpt lat="37.61884" lon="-83.77666"/>
      <trkpt lat="37.61902" lon="-83.77651"/>
      <trkpt lat="37.61913" lon="-83.77649"/>
      <trkpt lat="37.61918" lon="-83.77649"/>
      <trkpt lat="37.61925" lon="-83.77652"/>
      <trkpt lat="37.61949" lon="-83.77666"/>
      <trkpt lat="37.6196" lon="-83.77668"/>
      <trkpt lat="37.61971" lon="-83.77667"/>
      <trkpt lat="37.61977" lon="-83.77665"/>
      <trkpt lat="37.61991" lon="-83.77656"/>
      <trkpt lat="37.62021" lon="-83.77631"/>
      <trkpt lat="37.62038" lon="-83.77627"/>
      <trkpt lat="37.62045" lon="-83.77627"/>
      <trkpt lat="37.62057" lon="-83.7763"/>
      <trkpt lat="37.62068" lon="-83.77635"/>
      <trkpt lat="37.62078" lon="-83.7764"/>
      <trkpt lat="37.62094" lon="-83.77652"/>
      <trkpt lat="37.62101" lon="-83.77659"/>
      <trkpt lat="37.62111" lon="-83.77666"/>
      <trkpt lat="37.62118" lon="-83.77675"/>
      <trkpt lat="37.62129" lon="-83.77678"/>
      <trkpt lat="37.62135" lon="-83.77677"/>
      <trkpt lat="37.6214" lon="-83.77677"/>
      <trkpt lat="37.6216" lon="-83.77662"/>
      <trkpt lat="37.62182" lon="-83.77655"/>
      <trkpt lat="37.62201" lon="-83.77656"/>
      <trkpt lat="37.62213" lon="-83.7766"/>
      <trkpt lat="37.62218" lon="-83.77663"/>
      <trkpt lat="37.62243" lon="-83.77682"/>
      <trkpt lat="37.62253" lon="-83.77687"/>
      <trkpt lat="37.62264" lon="-83.77688"/>
      <trkpt lat="37.62274" lon="-83.77685"/>
      <trkpt lat="37.62304" lon="-83.77669"/>
      <trkpt lat="37.62327" lon="-83.77662"/>
      <trkpt lat="37.62346" lon="-83.7765"/>
      <trkpt lat="37.62378" lon="-83.77635"/>
      <trkpt lat="37.62407" lon="-83.77625"/>
      <trkpt lat="37.62411" lon="-83.77622"/>
      <trkpt lat="37.62434" lon="-83.77616"/>
      <trkpt lat="37.62445" lon="-83.7762"/>
      <trkpt lat="37.62453" lon="-83.77611"/>
      <trkpt lat="37.6246" lon="-83.77598"/>
      <trkpt lat="37.62463" lon="-83.77583"/>
      <trkpt lat="37.62465" lon="-83.7757"/>
      <trkpt lat="37.62464" lon="-83.77559"/>
      <trkpt lat="37.62463" lon="-83.77551"/>
      <trkpt lat="37.62456" lon="-83.77517"/>
      <trkpt lat="37.62455" lon="-83.77504"/>
      <trkpt lat="37.62455" lon="-83.77491"/>
      <trkpt lat="37.62458" lon="-83.77475"/>
      <trkpt lat="37.62459" lon="-83.7747"/>
      <trkpt lat="37.62467" lon="-83.77441"/>
      <trkpt lat="37.62472" lon="-83.77422"/>
      <trkpt lat="37.62474" lon="-83.77407"/>
      <trkpt lat="37.62475" lon="-83.77389"/>
      <trkpt lat="37.62475" lon="-83.77374"/>
      <trkpt lat="37.62474" lon="-83.7736"/>
      <trkpt lat="37.62472" lon="-83.77338"/>
      <trkpt lat="37.62469" lon="-83.77321"/>
      <trkpt lat="37.62464" lon="-83.77307"/>
      <trkpt lat="37.62457" lon="-83.77296"/>
      <trkpt lat="37.6245" lon="-83.7729"/>
      <trkpt lat="37.6244" lon="-83.77283"/>
      <trkpt lat="37.62409" lon="-83.77267"/>
      <trkpt lat="37.62398" lon="-83.7726"/>
      <trkpt lat="37.62385" lon="-83.77248"/>
      <trkpt lat="37.62373" lon="-83.77235"/>
      <trkpt lat="37.62365" lon="-83.77222"/>
      <trkpt lat="37.62355" lon="-83.77202"/>
      <trkpt lat="37.62345" lon="-83.77174"/>
      <trkpt lat="37.6233" lon="-83.77129"/>
      <trkpt lat="37.6232" lon="-83.77104"/>
      <trkpt lat="37.62311" lon="-83.77086"/>
      <trkpt lat="37.62301" lon="-83.77071"/>
      <trkpt lat="37.62289" lon="-83.77057"/>
      <trkpt lat="37.62281" lon="-83.77051"/>
      <trkpt lat="37.62272" lon="-83.77045"/>
      <trkpt lat="37.6224" lon="-83.7703"/>
      <trkpt lat="37.62228" lon="-83.77023"/>
      <trkpt lat="37.62219" lon="-83.77016"/>
      <trkpt lat="37.62211" lon="-83.77008"/>
      <trkpt lat="37.622" lon="-83.76992"/>
      <trkpt lat="37.62195" lon="-83.76983"/>
      <trkpt lat="37.62192" lon="-83.76977"/>
      <trkpt lat="37.62186" lon="-83.7696"/>
      <trkpt lat="37.62182" lon="-83.76942"/>
      <trkpt lat="37.62179" lon="-83.76924"/>
      <trkpt lat="37.62171" lon="-83.76865"/>
      <trkpt lat="37.6217" lon="-83.76846"/>
      <trkpt lat="37.62169" lon="-83.76837"/>
      <trkpt lat="37.62169" lon="-83.76825"/>
      <trkpt lat="37.62171" lon="-83.76808"/>
      <trkpt lat="37.62176" lon="-83.76791"/>
      <trkpt lat="37.62183" lon="-83.76775"/>
      <trkpt lat="37.62187" lon="-83.76766"/>
      <trkpt lat="37.62193" lon="-83.76756"/>
      <trkpt lat="37.622" lon="-83.76748"/>
      <trkpt lat="37.62212" lon="-83.76738"/>
      <trkpt lat="37.62222" lon="-83.76732"/>
      <trkpt lat="37.62229" lon="-83.76729"/>
      <trkpt lat="37.62238" lon="-83.76725"/>
      <trkpt lat="37.62249" lon="-83.76723"/>
      <trkpt lat="37.62261" lon="-83.76721"/>
      <trkpt lat="37.62293" lon="-83.76718"/>
      <trkpt lat="37.62307" lon="-83.76716"/>
      <trkpt lat="37.62318" lon="-83.76714"/>
      <trkpt lat="37.62316" lon="-83.76698"/>
      <trkpt lat="37.62316" lon="-83.76684"/>
      <trkpt lat="37.62318" lon="-83.76671"/>
      <trkpt lat="37.62321" lon="-83.76658"/>
      <trkpt lat="37.62325" lon="-83.76649"/>
      <trkpt lat="37.62332" lon="-83.76636"/>
      <trkpt lat="37.62339" lon="-83.76625"/>
      <trkpt lat="37.6235" lon="-83.76612"/>
      <trkpt lat="37.62365" lon="-83.76599"/>
      <trkpt lat="37.6237" lon="-83.76595"/>
      <trkpt lat="37.6238" lon="-83.76587"/>
      <trkpt lat="37.62389" lon="-83.76581"/>
      <trkpt lat="37.62404" lon="-83.76572"/>
      <trkpt lat="37.62429" lon="-83.76556"/>
      <trkpt lat="37.62463" lon="-83.76536"/>
      <trkpt lat="37.6248" lon="-83.76526"/>
      <trkpt lat="37.62502" lon="-83.76515"/>
      <trkpt lat="37.62516" lon="-83.76509"/>
      <trkpt lat="37.62534" lon="-83.76504"/>
      <trkpt lat="37.62545" lon="-83.76502"/>
      <trkpt lat="37.62561" lon="-83.76501"/>
      <trkpt lat="37.62575" lon="-83.76501"/>
      <trkpt lat="37.62619" lon="-83.76506"/>
      <trkpt lat="37.62634" lon="-83.76506"/>
      <trkpt lat="37.62649" lon="-83.76506"/>
      <trkpt lat="37.62663" lon="-83.76502"/>
      <trkpt lat="37.62676" lon="-83.76495"/>
      <trkpt lat="37.62687" lon="-83.76484"/>
      <trkpt lat="37.62691" lon="-83.76478"/>
      <trkpt lat="37.62694" lon="-83.76472"/>
      <trkpt lat="37.62697" lon="-83.76464"/>
      <trkpt lat="37.627" lon="-83.76458"/>
      <trkpt lat="37.62705" lon="-83.76439"/>
      <trkpt lat="37.62708" lon="-83.76426"/>
      <trkpt lat="37.62713" lon="-83.76406"/>
      <trkpt lat="37.62716" lon="-83.76391"/>
      <trkpt lat="37.62719" lon="-83.76369"/>
      <trkpt lat="37.62719" lon="-83.76362"/>
      <trkpt lat="37.62719" lon="-83.76353"/>
      <trkpt lat="37.62719" lon="-83.76346"/>
      <trkpt lat="37.62718" lon="-83.7633"/>
      <trkpt lat="37.62716" lon="-83.76322"/>
      <trkpt lat="37.62715" lon="-83.76314"/>
      <trkpt lat="37.62707" lon="-83.76282"/>
      <trkpt lat="37.62704" lon="-83.76267"/>
      <trkpt lat="37.62702" lon="-83.76251"/>
      <trkpt lat="37.62701" lon="-83.76228"/>
      <trkpt lat="37.62702" lon="-83.76206"/>
      <trkpt lat="37.62721" lon="-83.76216"/>
      <trkpt lat="37.62739" lon="-83.76221"/>
      <trkpt lat="37.62754" lon="-83.76218"/>
      <trkpt lat="37.62772" lon="-83.76209"/>
      <trkpt lat="37.62791" lon="-83.76195"/>
      <trkpt lat="37.628" lon="-83.76187"/>
      <trkpt lat="37.62807" lon="-83.76177"/>
      <trkpt lat="37.62815" lon="-83.76165"/>
      <trkpt lat="37.6282" lon="-83.76161"/>
      <trkpt lat="37.6283" lon="-83.76155"/>
      <trkpt lat="37.62836" lon="-83.76154"/>
      <trkpt lat="37.62847" lon="-83.76154"/>
      <trkpt lat="37.62853" lon="-83.76155"/>
      <trkpt lat="37.62883" lon="-83.76169"/>
      <trkpt lat="37.62925" lon="-83.76182"/>
      <trkpt lat="37.62938" lon="-83.76188"/>
      <trkpt lat="37.62951" lon="-83.76197"/>
      <trkpt lat="37.6303" lon="-83.76257"/>
      <trkpt lat="37.6306" lon="-83.7628"/>
      <trkpt lat="37.6308" lon="-83.76292"/>
      <trkpt lat="37.63093" lon="-83.76297"/>
      <trkpt lat="37.63109" lon="-83.76297"/>
      <trkpt lat="37.63124" lon="-83.76293"/>
      <trkpt lat="37.63162" lon="-83.76273"/>
      <trkpt lat="37.63173" lon="-83.76266"/>
      <trkpt lat="37.63181" lon="-83.76259"/>
      <trkpt lat="37.63193" lon="-83.76247"/>
      <trkpt lat="37.63209" lon="-83.76233"/>
      <trkpt lat="37.63229" lon="-83.76215"/>
      <trkpt lat="37.63241" lon="-83.76202"/>
      <trkpt lat="37.63267" lon="-83.76178"/>
      <trkpt lat="37.63283" lon="-83.76165"/>
      <trkpt lat="37.63288" lon="-83.76162"/>
      <trkpt lat="37.63314" lon="-83.76154"/>
      <trkpt lat="37.63324" lon="-83.76147"/>
      <trkpt lat="37.63334" lon="-83.76143"/>
      <trkpt lat="37.63395" lon="-83.76143"/>
      <trkpt lat="37.63407" lon="-83.76141"/>
      <trkpt lat="37.63421" lon="-83.76133"/>
      <trkpt lat="37.63427" lon="-83.76126"/>
      <trkpt lat="37.63431" lon="-83.76119"/>
      <trkpt lat="37.63456" lon="-83.76068"/>
      <trkpt lat="37.63465" lon="-83.76059"/>
      <trkpt lat="37.63491" lon="-83.76044"/>
      <trkpt lat="37.63535" lon="-83.76013"/>
      <trkpt lat="37.6354" lon="-83.76006"/>
      <trkpt lat="37.63551" lon="-83.75983"/>
      <trkpt lat="37.63553" lon="-83.75979"/>
      <trkpt lat="37.63564" lon="-83.75958"/>
      <trkpt lat="37.63588" lon="-83.75921"/>
      <trkpt lat="37.63595" lon="-83.75912"/>
      <trkpt lat="37.63602" lon="-83.75902"/>
      <trkpt lat="37.63615" lon="-83.75892"/>
      <trkpt lat="37.63619" lon="-83.75889"/>
      <trkpt lat="37.63628" lon="-83.75885"/>
      <trkpt lat="37.63642" lon="-83.75881"/>
      <trkpt lat="37.63661" lon="-83.75883"/>
      <trkpt lat="37.63675" lon="-83.75888"/>
      <trkpt lat="37.63688" lon="-83.75896"/>
      <trkpt lat="37.63713" lon="-83.75917"/>
      <trkpt lat="37.63721" lon="-83.75926"/>
      <trkpt lat="37.63738" lon="-83.75949"/>
      <trkpt lat="37.63746" lon="-83.75956"/>
      <trkpt lat="37.63755" lon="-83.7596"/>
      <trkpt lat="37.63765" lon="-83.75961"/>
      <trkpt lat="37.63769" lon="-83.75959"/>
      <trkpt lat="37.63777" lon="-83.75954"/>
      <trkpt lat="37.63788" lon="-83.75943"/>
      <trkpt lat="37.63811" lon="-83.75905"/>
      <trkpt lat="37.63826" lon="-83.75869"/>
      <trkpt lat="37.63833" lon="-83.7585"/>
      <trkpt lat="37.63849" lon="-83.7579"/>
      <trkpt lat="37.63856" lon="-83.75773"/>
      <trkpt lat="37.63872" lon="-83.75741"/>
      <trkpt lat="37.63884" lon="-83.75725"/>
      <trkpt lat="37.63899" lon="-83.75709"/>
      <trkpt lat="37.63909" lon="-83.757"/>
      <trkpt lat="37.6392" lon="-83.75694"/>
      <trkpt lat="37.63952" lon="-83.75682"/>
      <trkpt lat="37.63965" lon="-83.75681"/>
      <trkpt lat="37.63979" lon="-83.75683"/>
      <trkpt lat="37.63989" lon="-83.75686"/>
      <trkpt lat="37.64021" lon="-83.75702"/>
      <trkpt lat="37.64039" lon="-83.75709"/>
      <trkpt lat="37.64045" lon="-83.75709"/>
      <trkpt lat="37.64051" lon="-83.75708"/>
      <trkpt lat="37.64063" lon="-83.75704"/>
      <trkpt lat="37.64072" lon="-83.75697"/>
      <trkpt lat="37.64098" lon="-83.75669"/>
      <trkpt lat="37.64118" lon="-83.75654"/>
      <trkpt lat="37.64127" lon="-83.75646"/>
      <trkpt lat="37.64133" lon="-83.75636"/>
      <trkpt lat="37.64146" lon="-83.75602"/>
      <trkpt lat="37.64154" lon="-83.75587"/>
      <trkpt lat="37.64165" lon="-83.75575"/>
      <trkpt lat="37.64168" lon="-83.75573"/>
      <trkpt lat="37.64177" lon="-83.7557"/>
      <trkpt lat="37.64187" lon="-83.75572"/>
      <trkpt lat="37.64194" lon="-83.75575"/>
      <trkpt lat="37.64259" lon="-83.75611"/>
      <trkpt lat="37.64281" lon="-83.7562"/>
      <trkpt lat="37.64284" lon="-83.75624"/>
      <trkpt lat="37.64286" lon="-83.75628"/>
      <trkpt lat="37.64287" lon="-83.75637"/>
      <trkpt lat="37.64286" lon="-83.75642"/>
      <trkpt lat="37.64281" lon="-83.75659"/>
      <trkpt lat="37.64278" lon="-83.75667"/>
      <trkpt lat="37.64278" lon="-83.75674"/>
      <trkpt lat="37.6428" lon="-83.75685"/>
      <trkpt lat="37.64282" lon="-83.75689"/>
      <trkpt lat="37.64302" lon="-83.75706"/>
      <trkpt lat="37.64317" lon="-83.7572"/>
      <trkpt lat="37.64329" lon="-83.75728"/>
      <trkpt lat="37.64343" lon="-83.75732"/>
      <trkpt lat="37.6436" lon="-83.75735"/>
      <trkpt lat="37.64376" lon="-83.75734"/>
      <trkpt lat="37.64401" lon="-83.75731"/>
      <trkpt lat="37.64422" lon="-83.75725"/>
      <trkpt lat="37.64428" lon="-83.75722"/>
      <trkpt lat="37.64435" lon="-83.75718"/>
      <trkpt lat="37.64446" lon="-83.75709"/>
      <trkpt lat="37.64461" lon="-83.75699"/>
      <trkpt lat="37.64475" lon="-83.75693"/>
      <trkpt lat="37.64503" lon="-83.75688"/>
      <trkpt lat="37.64523" lon="-83.75686"/>
      <trkpt lat="37.64557" lon="-83.75676"/>
      <trkpt lat="37.64581" lon="-83.75671"/>
      <trkpt lat="37.64593" lon="-83.75671"/>
      <trkpt lat="37.64607" lon="-83.75677"/>
      <trkpt lat="37.64617" lon="-83.75685"/>
      <trkpt lat="37.64628" lon="-83.75699"/>
      <trkpt lat="37.64647" lon="-83.75742"/>
      <trkpt lat="37.64657" lon="-83.75775"/>
      <trkpt lat="37.64665" lon="-83.75798"/>
      <trkpt lat="37.6467" lon="-83.75801"/>
      <trkpt lat="37.64688" lon="-83.75825"/>
      <trkpt lat="37.64695" lon="-83.75832"/>
      <trkpt lat="37.64701" lon="-83.75836"/>
      <trkpt lat="37.64712" lon="-83.75835"/>
      <trkpt lat="37.64715" lon="-83.75824"/>
      <trkpt lat="37.64715" lon="-83.7582"/>
      <trkpt lat="37.64715" lon="-83.75816"/>
      <trkpt lat="37.64715" lon="-83.75807"/>
      <trkpt lat="37.64712" lon="-83.75798"/>
      <trkpt lat="37.64698" lon="-83.75768"/>
      <trkpt lat="37.64693" lon="-83.75736"/>
      <trkpt lat="37.64703" lon="-83.75675"/>
      <trkpt lat="37.64704" lon="-83.75657"/>
      <trkpt lat="37.64704" lon="-83.75609"/>
      <trkpt lat="37.64705" lon="-83.75573"/>
      <trkpt lat="37.64712" lon="-83.7553"/>
      <trkpt lat="37.64712" lon="-83.75522"/>
      <trkpt lat="37.64711" lon="-83.75518"/>
      <trkpt lat="37.64707" lon="-83.7551"/>
      <trkpt lat="37.64706" lon="-83.75505"/>
      <trkpt lat="37.64706" lon="-83.75494"/>
      <trkpt lat="37.64704" lon="-83.75485"/>
      <trkpt lat="37.64701" lon="-83.75477"/>
      <trkpt lat="37.64696" lon="-83.75469"/>
      <trkpt lat="37.64685" lon="-83.75439"/>
      <trkpt lat="37.64668" lon="-83.7541"/>
      <trkpt lat="37.64659" lon="-83.75398"/>
      <trkpt lat="37.64652" lon="-83.75394"/>
      <trkpt lat="37.64641" lon="-83.75392"/>
      <trkpt lat="37.64633" lon="-83.75389"/>
      <trkpt lat="37.64617" lon="-83.75381"/>
      <trkpt lat="37.64602" lon="-83.7537"/>
      <trkpt lat="37.6458" lon="-83.75351"/>
      <trkpt lat="37.6457" lon="-83.7534"/>
      <trkpt lat="37.64557" lon="-83.75322"/>
      <trkpt lat="37.64553" lon="-83.75318"/>
      <trkpt lat="37.64548" lon="-83.75309"/>
      <trkpt lat="37.64547" lon="-83.75305"/>
      <trkpt lat="37.64549" lon="-83.75292"/>
      <trkpt lat="37.64552" lon="-83.75284"/>
      <trkpt lat="37.64562" lon="-83.75269"/>
      <trkpt lat="37.64564" lon="-83.75262"/>
      <trkpt lat="37.64563" lon="-83.75255"/>
      <trkpt lat="37.64557" lon="-83.75248"/>
      <trkpt lat="37.64544" lon="-83.75225"/>
      <trkpt lat="37.64537" lon="-83.75211"/>
      <trkpt lat="37.64523" lon="-83.75191"/>
      <trkpt lat="37.6452" lon="-83.75176"/>
      <trkpt lat="37.64516" lon="-83.75162"/>
      <trkpt lat="37.64504" lon="-83.7514"/>
      <trkpt lat="37.64485" lon="-83.75113"/>
      <trkpt lat="37.64457" lon="-83.75082"/>
      <trkpt lat="37.64439" lon="-83.75066"/>
      <trkpt lat="37.64433" lon="-83.75063"/>
      <trkpt lat="37.64422" lon="-83.75061"/>
      <trkpt lat="37.64421" lon="-83.7505"/>
      <trkpt lat="37.64423" lon="-83.75043"/>
      <trkpt lat="37.64431" lon="-83.75044"/>
      <trkpt lat="37.64445" lon="-83.75049"/>
      <trkpt lat="37.64458" lon="-83.75057"/>
      <trkpt lat="37.64471" lon="-83.75067"/>
      <trkpt lat="37.64496" lon="-83.75088"/>
      <trkpt lat="37.64518" lon="-83.75101"/>
      <trkpt lat="37.64533" lon="-83.75111"/>
      <trkpt lat="37.64549" lon="-83.75118"/>
      <trkpt lat="37.64562" lon="-83.75119"/>
      <trkpt lat="37.64575" lon="-83.75114"/>
      <trkpt lat="37.64584" lon="-83.75105"/>
      <trkpt lat="37.64604" lon="-83.75066"/>
      <trkpt lat="37.64613" lon="-83.75043"/>
      <trkpt lat="37.64622" lon="-83.75025"/>
      <trkpt lat="37.64629" lon="-83.75013"/>
      <trkpt lat="37.6463" lon="-83.75005"/>
      <trkpt lat="37.64631" lon="-83.74995"/>
      <trkpt lat="37.64629" lon="-83.74985"/>
      <trkpt lat="37.64624" lon="-83.74964"/>
      <trkpt lat="37.64614" lon="-83.74924"/>
      <trkpt lat="37.64604" lon="-83.74895"/>
      <trkpt lat="37.64602" lon="-83.74886"/>
      <trkpt lat="37.64603" lon="-83.74876"/>
      <trkpt lat="37.64606" lon="-83.74859"/>
      <trkpt lat="37.64609" lon="-83.74836"/>
      <trkpt lat="37.64613" lon="-83.74806"/>
      <trkpt lat="37.64618" lon="-83.74782"/>
      <trkpt lat="37.64621" lon="-83.74764"/>
      <trkpt lat="37.6462" lon="-83.74755"/>
      <trkpt lat="37.64618" lon="-83.74745"/>
      <trkpt lat="37.64612" lon="-83.74734"/>
      <trkpt lat="37.64596" lon="-83.74712"/>
      <trkpt lat="37.64577" lon="-83.74692"/>
      <trkpt lat="37.64564" lon="-83.74683"/>
      <trkpt lat="37.64554" lon="-83.74673"/>
      <trkpt lat="37.64552" lon="-83.74658"/>
      <trkpt lat="37.64558" lon="-83.74641"/>
      <trkpt lat="37.64568" lon="-83.74622"/>
      <trkpt lat="37.64579" lon="-83.74612"/>
      <trkpt lat="37.64591" lon="-83.74605"/>
      <trkpt lat="37.64606" lon="-83.74605"/>
      <trkpt lat="37.64622" lon="-83.74608"/>
      <trkpt lat="37.64638" lon="-83.74609"/>
      <trkpt lat="37.6465" lon="-83.74606"/>
      <trkpt lat="37.6466" lon="-83.74596"/>
      <trkpt lat="37.64665" lon="-83.74582"/>
      <trkpt lat="37.6467" lon="-83.74566"/>
      <trkpt lat="37.64679" lon="-83.74548"/>
      <trkpt lat="37.6469" lon="-83.74537"/>
      <trkpt lat="37.64702" lon="-83.74522"/>
      <trkpt lat="37.64707" lon="-83.74515"/>
      <trkpt lat="37.6471" lon="-83.745"/>
      <trkpt lat="37.64705" lon="-83.74483"/>
      <trkpt lat="37.64695" lon="-83.74474"/>
      <trkpt lat="37.64687" lon="-83.74472"/>
      <trkpt lat="37.64678" lon="-83.74474"/>
      <trkpt lat="37.64669" lon="-83.74483"/>
      <trkpt lat="37.64661" lon="-83.74497"/>
      <trkpt lat="37.64649" lon="-83.74505"/>
      <trkpt lat="37.64639" lon="-83.74508"/>
      <trkpt lat="37.64626" lon="-83.74503"/>
      <trkpt lat="37.64615" lon="-83.74498"/>
      <trkpt lat="37.64597" lon="-83.74497"/>
      <trkpt lat="37.64594" lon="-83.74497"/>
      <trkpt lat="37.6457" lon="-83.74495"/>
      <trkpt lat="37.64554" lon="-83.74494"/>
      <trkpt lat="37.64527" lon="-83.74495"/>
      <trkpt lat="37.64514" lon="-83.74488"/>
      <trkpt lat="37.64504" lon="-83.74479"/>
      <trkpt lat="37.64493" lon="-83.7447"/>
      <trkpt lat="37.64481" lon="-83.74461"/>
      <trkpt lat="37.64476" lon="-83.74453"/>
      <trkpt lat="37.64477" lon="-83.74449"/>
      <trkpt lat="37.6448" lon="-83.74445"/>
      <trkpt lat="37.64487" lon="-83.74444"/>
      <trkpt lat="37.64498" lon="-83.74452"/>
      <trkpt lat="37.64515" lon="-83.74464"/>
      <trkpt lat="37.64528" lon="-83.74467"/>
      <trkpt lat="37.6456" lon="-83.74468"/>
      <trkpt lat="37.64583" lon="-83.74463"/>
      <trkpt lat="37.64604" lon="-83.74451"/>
      <trkpt lat="37.64621" lon="-83.74434"/>
      <trkpt lat="37.64634" lon="-83.74418"/>
      <trkpt lat="37.64645" lon="-83.74404"/>
      <trkpt lat="37.64666" lon="-83.74391"/>
      <trkpt lat="37.64694" lon="-83.74371"/>
      <trkpt lat="37.64708" lon="-83.74358"/>
      <trkpt lat="37.64714" lon="-83.74343"/>
      <trkpt lat="37.64717" lon="-83.74327"/>
      <trkpt lat="37.64717" lon="-83.74298"/>
      <trkpt lat="37.64713" lon="-83.74274"/>
      <trkpt lat="37.64707" lon="-83.74252"/>
      <trkpt lat="37.64703" lon="-83.74237"/>
      <trkpt lat="37.64706" lon="-83.7422"/>
      <trkpt lat="37.64716" lon="-83.74199"/>
      <trkpt lat="37.64722" lon="-83.74182"/>
      <trkpt lat="37.64726" lon="-83.74163"/>
      <trkpt lat="37.64736" lon="-83.74138"/>
      <trkpt lat="37.6475" lon="-83.74116"/>
      <trkpt lat="37.64765" lon="-83.741"/>
      <trkpt lat="37.64777" lon="-83.74099"/>
      <trkpt lat="37.64787" lon="-83.74101"/>
      <trkpt lat="37.648" lon="-83.74099"/>
      <trkpt lat="37.64817" lon="-83.74095"/>
      <trkpt lat="37.64827" lon="-83.74094"/>
      <trkpt lat="37.64843" lon="-83.74097"/>
      <trkpt lat="37.6486" lon="-83.74094"/>
      <trkpt lat="37.6487" lon="-83.74098"/>
      <trkpt lat="37.64884" lon="-83.74113"/>
      <trkpt lat="37.64897" lon="-83.74123"/>
      <trkpt lat="37.64908" lon="-83.7413"/>
      <trkpt lat="37.64917" lon="-83.74133"/>
      <trkpt lat="37.64925" lon="-83.74135"/>
      <trkpt lat="37.64944" lon="-83.74131"/>
      <trkpt lat="37.64959" lon="-83.7412"/>
      <trkpt lat="37.64968" lon="-83.74114"/>
      <trkpt lat="37.64973" lon="-83.74111"/>
      <trkpt lat="37.64982" lon="-83.7411"/>
      <trkpt lat="37.64996" lon="-83.74105"/>
      <trkpt lat="37.65008" lon="-83.74093"/>
      <trkpt lat="37.65018" lon="-83.74078"/>
      <trkpt lat="37.65034" lon="-83.74054"/>
      <trkpt lat="37.65043" lon="-83.7404"/>
      <trkpt lat="37.65047" lon="-83.74025"/>
      <trkpt lat="37.65053" lon="-83.74007"/>
      <trkpt lat="37.65053" lon="-83.73991"/>
      <trkpt lat="37.6505" lon="-83.73973"/>
      <trkpt lat="37.65045" lon="-83.73969"/>
      <trkpt lat="37.65026" lon="-83.73935"/>
      <trkpt lat="37.65017" lon="-83.73919"/>
      <trkpt lat="37.65" lon="-83.73892"/>
      <trkpt lat="37.64979" lon="-83.73854"/>
      <trkpt lat="37.64891" lon="-83.73629"/>
      <trkpt lat="37.64895" lon="-83.73612"/>
      <trkpt lat="37.64907" lon="-83.73605"/>
      <trkpt lat="37.64933" lon="-83.73611"/>
      <trkpt lat="37.64971" lon="-83.73596"/>
      <trkpt lat="37.65043" lon="-83.73603"/>
      <trkpt lat="37.65069" lon="-83.73593"/>
      <trkpt lat="37.65098" lon="-83.73568"/>
      <trkpt lat="37.65114" lon="-83.7353"/>
      <trkpt lat="37.65122" lon="-83.7351"/>
      <trkpt lat="37.65115" lon="-83.73511"/>
      <trkpt lat="37.6511" lon="-83.73514"/>
      <trkpt lat="37.65105" lon="-83.73518"/>
      <trkpt lat="37.65088" lon="-83.73535"/>
      <trkpt lat="37.65081" lon="-83.73545"/>
      <trkpt lat="37.65071" lon="-83.73553"/>
      <trkpt lat="37.65064" lon="-83.73558"/>
      <trkpt lat="37.65057" lon="-83.73562"/>
      <trkpt lat="37.65034" lon="-83.73569"/>
      <trkpt lat="37.65011" lon="-83.73563"/>
      <trkpt lat="37.64949" lon="-83.73568"/>
      <trkpt lat="37.64932" lon="-83.73568"/>
      <trkpt lat="37.64914" lon="-83.73568"/>
      <trkpt lat="37.64902" lon="-83.73561"/>
      <trkpt lat="37.64891" lon="-83.73547"/>
      <trkpt lat="37.64887" lon="-83.73538"/>
      <trkpt lat="37.64881" lon="-83.73524"/>
      <trkpt lat="37.64875" lon="-83.7351"/>
      <trkpt lat="37.64872" lon="-83.73499"/>
      <trkpt lat="37.64869" lon="-83.73489"/>
      <trkpt lat="37.64867" lon="-83.73478"/>
      <trkpt lat="37.64866" lon="-83.73461"/>
      <trkpt lat="37.64868" lon="-83.73392"/>
      <trkpt lat="37.64869" lon="-83.73378"/>
      <trkpt lat="37.64872" lon="-83.73353"/>
      <trkpt lat="37.64874" lon="-83.73342"/>
      <trkpt lat="37.64884" lon="-83.7327"/>
      <trkpt lat="37.64894" lon="-83.73216"/>
      <trkpt lat="37.64905" lon="-83.73183"/>
      <trkpt lat="37.6491" lon="-83.73163"/>
      <trkpt lat="37.64911" lon="-83.73142"/>
      <trkpt lat="37.64908" lon="-83.73121"/>
      <trkpt lat="37.64903" lon="-83.73113"/>
      <trkpt lat="37.64901" lon="-83.73109"/>
      <trkpt lat="37.64894" lon="-83.73091"/>
      <trkpt lat="37.64889" lon="-83.73077"/>
      <trkpt lat="37.64883" lon="-83.73055"/>
      <trkpt lat="37.64881" lon="-83.73037"/>
      <trkpt lat="37.64882" lon="-83.73017"/>
      <trkpt lat="37.64882" lon="-83.73007"/>
      <trkpt lat="37.64887" lon="-83.7299"/>
      <trkpt lat="37.64892" lon="-83.72974"/>
      <trkpt lat="37.64895" lon="-83.72958"/>
      <trkpt lat="37.64895" lon="-83.72947"/>
      <trkpt lat="37.64889" lon="-83.7293"/>
      <trkpt lat="37.64884" lon="-83.72918"/>
      <trkpt lat="37.64882" lon="-83.72903"/>
      <trkpt lat="37.64883" lon="-83.7289"/>
      <trkpt lat="37.64886" lon="-83.72874"/>
      <trkpt lat="37.649" lon="-83.72827"/>
      <trkpt lat="37.64901" lon="-83.7281"/>
      <trkpt lat="37.649" lon="-83.72802"/>
      <trkpt lat="37.64895" lon="-83.72788"/>
      <trkpt lat="37.64876" lon="-83.72757"/>
      <trkpt lat="37.64869" lon="-83.72738"/>
      <trkpt lat="37.64865" lon="-83.72721"/>
      <trkpt lat="37.64864" lon="-83.72698"/>
      <trkpt lat="37.64859" lon="-83.72669"/>
      <trkpt lat="37.64861" lon="-83.72658"/>
      <trkpt lat="37.64869" lon="-83.72636"/>
      <trkpt lat="37.64877" lon="-83.72623"/>
      <trkpt lat="37.64882" lon="-83.72606"/>
      <trkpt lat="37.64888" lon="-83.72579"/>
      <trkpt lat="37.64895" lon="-83.72557"/>
      <trkpt lat="37.64898" lon="-83.72545"/>
      <trkpt lat="37.64897" lon="-83.72536"/>
      <trkpt lat="37.64895" lon="-83.7253"/>
      <trkpt lat="37.64893" lon="-83.72525"/>
      <trkpt lat="37.64875" lon="-83.72494"/>
      <trkpt lat="37.6487" lon="-83.72483"/>
      <trkpt lat="37.64868" lon="-83.72472"/>
      <trkpt lat="37.64863" lon="-83.7246"/>
      <trkpt lat="37.64859" lon="-83.72446"/>
      <trkpt lat="37.64854" lon="-83.72433"/>
      <trkpt lat="37.6485" lon="-83.72429"/>
      <trkpt lat="37.64835" lon="-83.72416"/>
      <trkpt lat="37.64827" lon="-83.72403"/>
      <trkpt lat="37.64824" lon="-83.72395"/>
      <trkpt lat="37.64808" lon="-83.72353"/>
      <trkpt lat="37.64793" lon="-83.72295"/>
      <trkpt lat="37.64785" lon="-83.72261"/>
      <trkpt lat="37.64778" lon="-83.72214"/>
      <trkpt lat="37.64774" lon="-83.72198"/>
      <trkpt lat="37.64771" lon="-83.72193"/>
      <trkpt lat="37.64757" lon="-83.72173"/>
      <trkpt lat="37.64751" lon="-83.72162"/>
      <trkpt lat="37.64748" lon="-83.72151"/>
      <trkpt lat="37.64742" lon="-83.72121"/>
      <trkpt lat="37.64739" lon="-83.72108"/>
      <trkpt lat="37.6473" lon="-83.72091"/>
      <trkpt lat="37.64705" lon="-83.72047"/>
      <trkpt lat="37.64689" lon="-83.72015"/>
      <trkpt lat="37.64684" lon="-83.71994"/>
      <trkpt lat="37.64686" lon="-83.71977"/>
      <trkpt lat="37.64694" lon="-83.71946"/>
      <trkpt lat="37.64699" lon="-83.71939"/>
      <trkpt lat="37.64702" lon="-83.71922"/>
      <trkpt lat="37.64705" lon="-83.71908"/>
      <trkpt lat="37.64708" lon="-83.71899"/>
      <trkpt lat="37.64712" lon="-83.71882"/>
      <trkpt lat="37.64718" lon="-83.71865"/>
      <trkpt lat="37.6472" lon="-83.71853"/>
      <trkpt lat="37.6472" lon="-83.7184"/>
      <trkpt lat="37.64718" lon="-83.71826"/>
      <trkpt lat="37.64711" lon="-83.71802"/>
      <trkpt lat="37.64706" lon="-83.71785"/>
      <trkpt lat="37.64705" lon="-83.71782"/>
      <trkpt lat="37.64699" lon="-83.71764"/>
      <trkpt lat="37.64693" lon="-83.71751"/>
      <trkpt lat="37.64669" lon="-83.71709"/>
      <trkpt lat="37.64658" lon="-83.71676"/>
      <trkpt lat="37.64646" lon="-83.71647"/>
      <trkpt lat="37.64637" lon="-83.71631"/>
      <trkpt lat="37.64618" lon="-83.716"/>
      <trkpt lat="37.64607" lon="-83.71583"/>
      <trkpt lat="37.64599" lon="-83.71563"/>
      <trkpt lat="37.64592" lon="-83.71551"/>
      <trkpt lat="37.64586" lon="-83.71541"/>
      <trkpt lat="37.64558" lon="-83.71506"/>
      <trkpt lat="37.64552" lon="-83.71498"/>
      <trkpt lat="37.64547" lon="-83.71489"/>
      <trkpt lat="37.64541" lon="-83.71478"/>
      <trkpt lat="37.64529" lon="-83.71463"/>
      <trkpt lat="37.64516" lon="-83.71449"/>
      <trkpt lat="37.64513" lon="-83.71447"/>
      <trkpt lat="37.64507" lon="-83.71442"/>
      <trkpt lat="37.64498" lon="-83.71438"/>
      <trkpt lat="37.64492" lon="-83.71436"/>
      <trkpt lat="37.64485" lon="-83.71436"/>
      <trkpt lat="37.64479" lon="-83.71436"/>
      <trkpt lat="37.64475" lon="-83.71435"/>
      <trkpt lat="37.64471" lon="-83.71435"/>
      <trkpt lat="37.64465" lon="-83.71433"/>
      <trkpt lat="37.64459" lon="-83.71431"/>
      <trkpt lat="37.64453" lon="-83.71426"/>
      <trkpt lat="37.6445" lon="-83.71419"/>
      <trkpt lat="37.64449" lon="-83.71408"/>
      <trkpt lat="37.64447" lon="-83.71388"/>
      <trkpt lat="37.64439" lon="-83.71364"/>
      <trkpt lat="37.64429" lon="-83.71348"/>
      <trkpt lat="37.64376" lon="-83.71273"/>
      <trkpt lat="37.64346" lon="-83.71255"/>
      <trkpt lat="37.64329" lon="-83.71252"/>
      <trkpt lat="37.64319" lon="-83.71255"/>
      <trkpt lat="37.64296" lon="-83.71269"/>
      <trkpt lat="37.64291" lon="-83.7127"/>
      <trkpt lat="37.64281" lon="-83.71271"/>
      <trkpt lat="37.64273" lon="-83.71271"/>
      <trkpt lat="37.64252" lon="-83.71265"/>
      <trkpt lat="37.64247" lon="-83.71263"/>
      <trkpt lat="37.64243" lon="-83.71257"/>
      <trkpt lat="37.64241" lon="-83.71248"/>
      <trkpt lat="37.64233" lon="-83.71231"/>
      <trkpt lat="37.6423" lon="-83.71226"/>
      <trkpt lat="37.64225" lon="-83.71222"/>
      <trkpt lat="37.64219" lon="-83.71218"/>
      <trkpt lat="37.64209" lon="-83.71218"/>
      <trkpt lat="37.64197" lon="-83.71217"/>
      <trkpt lat="37.64188" lon="-83.71219"/>
      <trkpt lat="37.64179" lon="-83.71223"/>
      <trkpt lat="37.64175" lon="-83.71228"/>
      <trkpt lat="37.64171" lon="-83.71234"/>
      <trkpt lat="37.6417" lon="-83.71241"/>
      <trkpt lat="37.64168" lon="-83.71255"/>
      <trkpt lat="37.64165" lon="-83.71269"/>
      <trkpt lat="37.64161" lon="-83.71278"/>
      <trkpt lat="37.64154" lon="-83.71285"/>
      <trkpt lat="37.64147" lon="-83.7129"/>
      <trkpt lat="37.6414" lon="-83.71293"/>
      <trkpt lat="37.64094" lon="-83.71307"/>
      <trkpt lat="37.64084" lon="-83.71311"/>
      <trkpt lat="37.64075" lon="-83.71318"/>
      <trkpt lat="37.64064" lon="-83.71329"/>
      <trkpt lat="37.64058" lon="-83.71339"/>
      <trkpt lat="37.64053" lon="-83.71349"/>
      <trkpt lat="37.64042" lon="-83.71378"/>
      <trkpt lat="37.64031" lon="-83.71403"/>
      <trkpt lat="37.64025" lon="-83.71413"/>
      <trkpt lat="37.64017" lon="-83.71421"/>
      <trkpt lat="37.64008" lon="-83.71425"/>
      <trkpt lat="37.63999" lon="-83.71427"/>
      <trkpt lat="37.63989" lon="-83.71426"/>
      <trkpt lat="37.63969" lon="-83.71421"/>
      <trkpt lat="37.63953" lon="-83.71418"/>
      <trkpt lat="37.63914" lon="-83.71422"/>
      <trkpt lat="37.63894" lon="-83.71422"/>
      <trkpt lat="37.6388" lon="-83.7142"/>
      <trkpt lat="37.63876" lon="-83.71419"/>
      <trkpt lat="37.63867" lon="-83.71414"/>
      <trkpt lat="37.63855" lon="-83.71402"/>
      <trkpt lat="37.63839" lon="-83.71383"/>
      <trkpt lat="37.63834" lon="-83.71378"/>
      <trkpt lat="37.63827" lon="-83.71374"/>
      <trkpt lat="37.63823" lon="-83.71372"/>
      <trkpt lat="37.63813" lon="-83.7137"/>
      <trkpt lat="37.63803" lon="-83.71369"/>
      <trkpt lat="37.63773" lon="-83.71373"/>
      <trkpt lat="37.63763" lon="-83.71373"/>
      <trkpt lat="37.63724" lon="-83.7137"/>
      <trkpt lat="37.63715" lon="-83.71372"/>
      <trkpt lat="37.63706" lon="-83.71375"/>
      <trkpt lat="37.63697" lon="-83.7138"/>
      <trkpt lat="37.63687" lon="-83.71398"/>
      <trkpt lat="37.63675" lon="-83.71412"/>
      <trkpt lat="37.6366" lon="-83.71427"/>
      <trkpt lat="37.63646" lon="-83.71444"/>
      <trkpt lat="37.63622" lon="-83.71464"/>
      <trkpt lat="37.63598" lon="-83.71488"/>
      <trkpt lat="37.6359" lon="-83.71497"/>
      <trkpt lat="37.63584" lon="-83.71507"/>
      <trkpt lat="37.6358" lon="-83.71517"/>
      <trkpt lat="37.63578" lon="-83.71529"/>
      <trkpt lat="37.63579" lon="-83.7154"/>
      <trkpt lat="37.63582" lon="-83.71551"/>
      <trkpt lat="37.63586" lon="-83.71561"/>
      <trkpt lat="37.63593" lon="-83.7157"/>
      <trkpt lat="37.63618" lon="-83.71595"/>
      <trkpt lat="37.63621" lon="-83.71598"/>
      <trkpt lat="37.63625" lon="-83.71605"/>
      <trkpt lat="37.63614" lon="-83.71607"/>
      <trkpt lat="37.63607" lon="-83.71609"/>
      <trkpt lat="37.63581" lon="-83.71619"/>
      <trkpt lat="37.63567" lon="-83.71622"/>
      <trkpt lat="37.63559" lon="-83.71622"/>
      <trkpt lat="37.63555" lon="-83.71622"/>
      <trkpt lat="37.63549" lon="-83.71619"/>
      <trkpt lat="37.63539" lon="-83.71613"/>
      <trkpt lat="37.63532" lon="-83.71604"/>
      <trkpt lat="37.63526" lon="-83.71593"/>
      <trkpt lat="37.63522" lon="-83.71579"/>
      <trkpt lat="37.63519" lon="-83.71565"/>
      <trkpt lat="37.63517" lon="-83.71549"/>
      <trkpt lat="37.63514" lon="-83.71516"/>
      <trkpt lat="37.63496" lon="-83.71333"/>
      <trkpt lat="37.63493" lon="-83.71303"/>
      <trkpt lat="37.63492" lon="-83.71265"/>
      <trkpt lat="37.63493" lon="-83.71233"/>
      <trkpt lat="37.63494" lon="-83.71214"/>
      <trkpt lat="37.63495" lon="-83.71132"/>
      <trkpt lat="37.63496" lon="-83.71084"/>
      <trkpt lat="37.635" lon="-83.71032"/>
      <trkpt lat="37.63508" lon="-83.7094"/>
      <trkpt lat="37.63513" lon="-83.70874"/>
      <trkpt lat="37.63512" lon="-83.7086"/>
      <trkpt lat="37.63511" lon="-83.70843"/>
      <trkpt lat="37.63506" lon="-83.70794"/>
      <trkpt lat="37.63504" lon="-83.70776"/>
      <trkpt lat="37.63504" lon="-83.70755"/>
      <trkpt lat="37.63507" lon="-83.7072"/>
      <trkpt lat="37.6351" lon="-83.70702"/>
      <trkpt lat="37.6351" lon="-83.70698"/>
      <trkpt lat="37.63524" lon="-83.70617"/>
      <trkpt lat="37.63534" lon="-83.70547"/>
      <trkpt lat="37.63536" lon="-83.70529"/>
      <trkpt lat="37.63542" lon="-83.70465"/>
      <trkpt lat="37.63545" lon="-83.70419"/>
      <trkpt lat="37.63545" lon="-83.70403"/>
      <trkpt lat="37.63544" lon="-83.70391"/>
      <trkpt lat="37.63541" lon="-83.70373"/>
      <trkpt lat="37.63538" lon="-83.70362"/>
      <trkpt lat="37.63533" lon="-83.70347"/>
      <trkpt lat="37.63508" lon="-83.70294"/>
      <trkpt lat="37.63503" lon="-83.70282"/>
      <trkpt lat="37.63498" lon="-83.70268"/>
      <trkpt lat="37.63497" lon="-83.70261"/>
      <trkpt lat="37.63495" lon="-83.70248"/>
      <trkpt lat="37.63496" lon="-83.70234"/>
      <trkpt lat="37.63498" lon="-83.70223"/>
      <trkpt lat="37.63502" lon="-83.70212"/>
      <trkpt lat="37.63505" lon="-83.70206"/>
      <trkpt lat="37.63509" lon="-83.70199"/>
      <trkpt lat="37.63514" lon="-83.70194"/>
      <trkpt lat="37.63522" lon="-83.70186"/>
      <trkpt lat="37.63527" lon="-83.70182"/>
      <trkpt lat="37.63536" lon="-83.70177"/>
      <trkpt lat="37.63549" lon="-83.70171"/>
      <trkpt lat="37.63594" lon="-83.70154"/>
      <trkpt lat="37.63604" lon="-83.7015"/>
      <trkpt lat="37.63616" lon="-83.70142"/>
      <trkpt lat="37.63629" lon="-83.70133"/>
      <trkpt lat="37.63638" lon="-83.70126"/>
      <trkpt lat="37.63649" lon="-83.70115"/>
      <trkpt lat="37.6366" lon="-83.70104"/>
      <trkpt lat="37.63691" lon="-83.70069"/>
      <trkpt lat="37.63701" lon="-83.70057"/>
      <trkpt lat="37.63716" lon="-83.70038"/>
      <trkpt lat="37.63727" lon="-83.70023"/>
      <trkpt lat="37.63738" lon="-83.70005"/>
      <trkpt lat="37.63746" lon="-83.69991"/>
      <trkpt lat="37.63752" lon="-83.6998"/>
      <trkpt lat="37.63768" lon="-83.69945"/>
      <trkpt lat="37.63809" lon="-83.69852"/>
      <trkpt lat="37.63831" lon="-83.69803"/>
      <trkpt lat="37.63869" lon="-83.69725"/>
      <trkpt lat="37.63879" lon="-83.69708"/>
      <trkpt lat="37.63626" lon="-83.69479"/>
      <trkpt lat="37.63626" lon="-83.69479"/>
      <trkpt lat="37.63665" lon="-83.69417"/>
      <trkpt lat="37.63618" lon="-83.69335"/>
      <trkpt lat="37.63422" lon="-83.6899"/>
      <trkpt lat="37.63392" lon="-83.68951"/>
      <trkpt lat="37.63339" lon="-83.68911"/>
      <trkpt lat="37.63304" lon="-83.68898"/>
      <trkpt lat="37.63262" lon="-83.68896"/>
      <trkpt lat="37.63113" lon="-83.68906"/>
      <trkpt lat="37.62983" lon="-83.68918"/>
      <trkpt lat="37.62983" lon="-83.68918"/>
      <trkpt lat="37.6295" lon="-83.6892"/>
      <trkpt lat="37.62903" lon="-83.68925"/>
      <trkpt lat="37.62835" lon="-83.6893"/>
      <trkpt lat="37.62816" lon="-83.68928"/>
      <trkpt lat="37.62807" lon="-83.68924"/>
      <trkpt lat="37.62799" lon="-83.6892"/>
      <trkpt lat="37.62783" lon="-83.68908"/>
      <trkpt lat="37.62771" lon="-83.68892"/>
      <trkpt lat="37.62766" lon="-83.68884"/>
      <trkpt lat="37.62757" lon="-83.68865"/>
      <trkpt lat="37.62756" lon="-83.68861"/>
      <trkpt lat="37.6273" lon="-83.68793"/>
      <trkpt lat="37.62713" lon="-83.68752"/>
      <trkpt lat="37.62708" lon="-83.68742"/>
      <trkpt lat="37.62697" lon="-83.68726"/>
      <trkpt lat="37.62683" lon="-83.68712"/>
      <trkpt lat="37.62649" lon="-83.687"/>
      <trkpt lat="37.62631" lon="-83.68701"/>
      <trkpt lat="37.62617" lon="-83.68705"/>
      <trkpt lat="37.62588" lon="-83.68712"/>
      <trkpt lat="37.62579" lon="-83.68713"/>
      <trkpt lat="37.6257" lon="-83.68712"/>
      <trkpt lat="37.62561" lon="-83.6871"/>
      <trkpt lat="37.62545" lon="-83.68703"/>
      <trkpt lat="37.6253" lon="-83.68692"/>
      <trkpt lat="37.62518" lon="-83.68678"/>
      <trkpt lat="37.62501" lon="-83.68654"/>
      <trkpt lat="37.62482" lon="-83.6862"/>
      <trkpt lat="37.6246" lon="-83.68588"/>
      <trkpt lat="37.62447" lon="-83.68572"/>
      <trkpt lat="37.6243" lon="-83.68556"/>
      <trkpt lat="37.62419" lon="-83.68549"/>
      <trkpt lat="37.62404" lon="-83.68541"/>
      <trkpt lat="37.62389" lon="-83.68536"/>
      <trkpt lat="37.62381" lon="-83.68533"/>
      <trkpt lat="37.62327" lon="-83.68528"/>
      <trkpt lat="37.62291" lon="-83.68526"/>
      <trkpt lat="37.62273" lon="-83.68523"/>
      <trkpt lat="37.62253" lon="-83.68518"/>
      <trkpt lat="37.62243" lon="-83.68514"/>
      <trkpt lat="37.62235" lon="-83.6851"/>
      <trkpt lat="37.62222" lon="-83.68498"/>
      <trkpt lat="37.62212" lon="-83.68484"/>
      <trkpt lat="37.62203" lon="-83.68464"/>
      <trkpt lat="37.62184" lon="-83.68421"/>
      <trkpt lat="37.62178" lon="-83.68411"/>
      <trkpt lat="37.62165" lon="-83.68394"/>
      <trkpt lat="37.62148" lon="-83.68383"/>
      <trkpt lat="37.62139" lon="-83.68379"/>
      <trkpt lat="37.6213" lon="-83.68377"/>
      <trkpt lat="37.62112" lon="-83.68376"/>
      <trkpt lat="37.62094" lon="-83.68379"/>
      <trkpt lat="37.61969" lon="-83.6841"/>
      <trkpt lat="37.61941" lon="-83.6842"/>
      <trkpt lat="37.61923" lon="-83.68428"/>
      <trkpt lat="37.61897" lon="-83.68442"/>
      <trkpt lat="37.61872" lon="-83.68458"/>
      <trkpt lat="37.61861" lon="-83.68432"/>
      <trkpt lat="37.61852" lon="-83.68418"/>
      <trkpt lat="37.61846" lon="-83.68412"/>
      <trkpt lat="37.61839" lon="-83.68406"/>
      <trkpt lat="37.61816" lon="-83.68391"/>
      <trkpt lat="37.61803" lon="-83.68376"/>
      <trkpt lat="37.61781" lon="-83.68342"/>
      <trkpt lat="37.61758" lon="-83.68304"/>
      <trkpt lat="37.61762" lon="-83.68285"/>
      <trkpt lat="37.61764" lon="-83.68278"/>
      <trkpt lat="37.61768" lon="-83.6827"/>
      <trkpt lat="37.61777" lon="-83.68255"/>
      <trkpt lat="37.61783" lon="-83.68247"/>
      <trkpt lat="37.61797" lon="-83.68232"/>
      <trkpt lat="37.61804" lon="-83.68225"/>
      <trkpt lat="37.6182" lon="-83.68214"/>
      <trkpt lat="37.61836" lon="-83.68204"/>
      <trkpt lat="37.61851" lon="-83.68193"/>
      <trkpt lat="37.61862" lon="-83.68177"/>
      <trkpt lat="37.61872" lon="-83.68158"/>
      <trkpt lat="37.61882" lon="-83.68126"/>
      <trkpt lat="37.6189" lon="-83.68091"/>
      <trkpt lat="37.61897" lon="-83.68043"/>
      <trkpt lat="37.61897" lon="-83.68018"/>
      <trkpt lat="37.61895" lon="-83.67994"/>
      <trkpt lat="37.61891" lon="-83.67971"/>
      <trkpt lat="37.61884" lon="-83.67939"/>
      <trkpt lat="37.6188" lon="-83.67919"/>
      <trkpt lat="37.61879" lon="-83.67896"/>
      <trkpt lat="37.6188" lon="-83.67873"/>
      <trkpt lat="37.61885" lon="-83.67851"/>
      <trkpt lat="37.61895" lon="-83.67831"/>
      <trkpt lat="37.61915" lon="-83.67801"/>
      <trkpt lat="37.61936" lon="-83.67776"/>
      <trkpt lat="37.61958" lon="-83.67757"/>
      <trkpt lat="37.61967" lon="-83.6775"/>
      <trkpt lat="37.61982" lon="-83.67736"/>
      <trkpt lat="37.62" lon="-83.6771"/>
      <trkpt lat="37.62015" lon="-83.67683"/>
      <trkpt lat="37.62024" lon="-83.67656"/>
      <trkpt lat="37.62028" lon="-83.67638"/>
      <trkpt lat="37.62029" lon="-83.6763"/>
      <trkpt lat="37.62026" lon="-83.67606"/>
      <trkpt lat="37.62024" lon="-83.67598"/>
      <trkpt lat="37.62019" lon="-83.67578"/>
      <trkpt lat="37.62015" lon="-83.67564"/>
      <trkpt lat="37.62017" lon="-83.67548"/>
      <trkpt lat="37.62019" lon="-83.67536"/>
      <trkpt lat="37.62024" lon="-83.67517"/>
      <trkpt lat="37.62026" lon="-83.6751"/>
      <trkpt lat="37.62028" lon="-83.67497"/>
      <trkpt lat="37.62027" lon="-83.67487"/>
      <trkpt lat="37.62024" lon="-83.67472"/>
      <trkpt lat="37.62012" lon="-83.67417"/>
      <trkpt lat="37.62019" lon="-83.67399"/>
      <trkpt lat="37.62024" lon="-83.6739"/>
      <trkpt lat="37.62032" lon="-83.6738"/>
      <trkpt lat="37.6204" lon="-83.67364"/>
      <trkpt lat="37.62052" lon="-83.67335"/>
      <trkpt lat="37.62063" lon="-83.67312"/>
      <trkpt lat="37.62077" lon="-83.67288"/>
      <trkpt lat="37.62091" lon="-83.67271"/>
      <trkpt lat="37.62113" lon="-83.6725"/>
      <trkpt lat="37.62139" lon="-83.67233"/>
      <trkpt lat="37.62173" lon="-83.67205"/>
      <trkpt lat="37.62245" lon="-83.67144"/>
      <trkpt lat="37.62266" lon="-83.67124"/>
      <trkpt lat="37.62287" lon="-83.67102"/>
      <trkpt lat="37.62296" lon="-83.67089"/>
      <trkpt lat="37.62341" lon="-83.67012"/>
      <trkpt lat="37.62347" lon="-83.67002"/>
      <trkpt lat="37.62357" lon="-83.66995"/>
      <trkpt lat="37.62374" lon="-83.66993"/>
      <trkpt lat="37.62383" lon="-83.6699"/>
      <trkpt lat="37.62389" lon="-83.66986"/>
      <trkpt lat="37.624" lon="-83.66977"/>
      <trkpt lat="37.62414" lon="-83.66962"/>
      <trkpt lat="37.62426" lon="-83.66946"/>
      <trkpt lat="37.62445" lon="-83.66903"/>
      <trkpt lat="37.62447" lon="-83.66889"/>
      <trkpt lat="37.62449" lon="-83.66873"/>
      <trkpt lat="37.6245" lon="-83.66839"/>
      <trkpt lat="37.62449" lon="-83.66833"/>
      <trkpt lat="37.62448" lon="-83.66815"/>
      <trkpt lat="37.62444" lon="-83.66793"/>
      <trkpt lat="37.62451" lon="-83.66769"/>
      <trkpt lat="37.62461" lon="-83.66759"/>
      <trkpt lat="37.62493" lon="-83.6674"/>
      <trkpt lat="37.625" lon="-83.66735"/>
      <trkpt lat="37.62506" lon="-83.66729"/>
      <trkpt lat="37.62517" lon="-83.66715"/>
      <trkpt lat="37.62525" lon="-83.66701"/>
      <trkpt lat="37.62531" lon="-83.66687"/>
      <trkpt lat="37.62537" lon="-83.66672"/>
      <trkpt lat="37.62554" lon="-83.66602"/>
      <trkpt lat="37.62558" lon="-83.66587"/>
      <trkpt lat="37.62561" lon="-83.66573"/>
      <trkpt lat="37.62566" lon="-83.66511"/>
      <trkpt lat="37.62569" lon="-83.66448"/>
      <trkpt lat="37.62571" lon="-83.66418"/>
      <trkpt lat="37.62575" lon="-83.66398"/>
      <trkpt lat="37.62579" lon="-83.66387"/>
      <trkpt lat="37.62582" lon="-83.66382"/>
      <trkpt lat="37.62589" lon="-83.66376"/>
      <trkpt lat="37.62598" lon="-83.66372"/>
      <trkpt lat="37.62628" lon="-83.66363"/>
      <trkpt lat="37.62647" lon="-83.66355"/>
      <trkpt lat="37.62671" lon="-83.66342"/>
      <trkpt lat="37.6269" lon="-83.66331"/>
      <trkpt lat="37.62702" lon="-83.66329"/>
      <trkpt lat="37.62734" lon="-83.66322"/>
      <trkpt lat="37.62744" lon="-83.6632"/>
      <trkpt lat="37.62751" lon="-83.66314"/>
      <trkpt lat="37.62755" lon="-83.66308"/>
      <trkpt lat="37.62756" lon="-83.66299"/>
      <trkpt lat="37.62758" lon="-83.66268"/>
      <trkpt lat="37.62758" lon="-83.6623"/>
      <trkpt lat="37.6276" lon="-83.66214"/>
      <trkpt lat="37.62763" lon="-83.66205"/>
      <trkpt lat="37.62766" lon="-83.66196"/>
      <trkpt lat="37.62774" lon="-83.66184"/>
      <trkpt lat="37.62786" lon="-83.66172"/>
      <trkpt lat="37.62801" lon="-83.66161"/>
      <trkpt lat="37.62814" lon="-83.66156"/>
      <trkpt lat="37.6283" lon="-83.66152"/>
      <trkpt lat="37.62867" lon="-83.66149"/>
      <trkpt lat="37.62918" lon="-83.66134"/>
      <trkpt lat="37.62929" lon="-83.66128"/>
      <trkpt lat="37.62933" lon="-83.66123"/>
      <trkpt lat="37.62942" lon="-83.66118"/>
      <trkpt lat="37.62958" lon="-83.6611"/>
      <trkpt lat="37.62971" lon="-83.661"/>
      <trkpt lat="37.63001" lon="-83.66074"/>
      <trkpt lat="37.63017" lon="-83.66064"/>
      <trkpt lat="37.63026" lon="-83.66061"/>
      <trkpt lat="37.63039" lon="-83.66057"/>
      <trkpt lat="37.63054" lon="-83.66056"/>
      <trkpt lat="37.63065" lon="-83.66054"/>
      <trkpt lat="37.63076" lon="-83.6605"/>
      <trkpt lat="37.63094" lon="-83.6604"/>
      <trkpt lat="37.63113" lon="-83.66028"/>
      <trkpt lat="37.63133" lon="-83.66006"/>
      <trkpt lat="37.63154" lon="-83.65985"/>
      <trkpt lat="37.63171" lon="-83.65966"/>
      <trkpt lat="37.6318" lon="-83.65958"/>
      <trkpt lat="37.6319" lon="-83.6595"/>
      <trkpt lat="37.63211" lon="-83.65937"/>
      <trkpt lat="37.63238" lon="-83.65919"/>
      <trkpt lat="37.63272" lon="-83.65894"/>
      <trkpt lat="37.63303" lon="-83.65881"/>
      <trkpt lat="37.63316" lon="-83.65875"/>
      <trkpt lat="37.63322" lon="-83.65874"/>
      <trkpt lat="37.63334" lon="-83.65865"/>
      <trkpt lat="37.63364" lon="-83.65837"/>
      <trkpt lat="37.63382" lon="-83.65823"/>
      <trkpt lat="37.63441" lon="-83.65787"/>
      <trkpt lat="37.63486" lon="-83.65761"/>
      <trkpt lat="37.63523" lon="-83.65738"/>
      <trkpt lat="37.63537" lon="-83.65731"/>
      <trkpt lat="37.63546" lon="-83.65728"/>
      <trkpt lat="37.6356" lon="-83.65729"/>
      <trkpt lat="37.63574" lon="-83.65732"/>
      <trkpt lat="37.63591" lon="-83.65739"/>
      <trkpt lat="37.63605" lon="-83.65741"/>
      <trkpt lat="37.63621" lon="-83.65739"/>
      <trkpt lat="37.63649" lon="-83.65733"/>
      <trkpt lat="37.63694" lon="-83.65728"/>
      <trkpt lat="37.63709" lon="-83.65725"/>
      <trkpt lat="37.63726" lon="-83.65717"/>
      <trkpt lat="37.63734" lon="-83.6571"/>
      <trkpt lat="37.63738" lon="-83.65702"/>
      <trkpt lat="37.63747" lon="-83.65697"/>
      <trkpt lat="37.63762" lon="-83.65687"/>
      <trkpt lat="37.63771" lon="-83.6568"/>
      <trkpt lat="37.63784" lon="-83.65674"/>
      <trkpt lat="37.63796" lon="-83.65671"/>
      <trkpt lat="37.63807" lon="-83.65671"/>
      <trkpt lat="37.63822" lon="-83.65674"/>
      <trkpt lat="37.63828" lon="-83.65676"/>
      <trkpt lat="37.63853" lon="-83.65692"/>
      <trkpt lat="37.63899" lon="-83.65718"/>
      <trkpt lat="37.63916" lon="-83.65731"/>
      <trkpt lat="37.6393" lon="-83.65746"/>
      <trkpt lat="37.63948" lon="-83.65765"/>
      <trkpt lat="37.63974" lon="-83.65789"/>
      <trkpt lat="37.64015" lon="-83.65822"/>
      <trkpt lat="37.64035" lon="-83.65837"/>
      <trkpt lat="37.64049" lon="-83.65844"/>
      <trkpt lat="37.64062" lon="-83.65848"/>
      <trkpt lat="37.64074" lon="-83.65848"/>
      <trkpt lat="37.64089" lon="-83.65846"/>
      <trkpt lat="37.64098" lon="-83.65843"/>
      <trkpt lat="37.64116" lon="-83.65834"/>
      <trkpt lat="37.64125" lon="-83.65831"/>
      <trkpt lat="37.64144" lon="-83.65831"/>
      <trkpt lat="37.64173" lon="-83.65841"/>
      <trkpt lat="37.64201" lon="-83.65854"/>
      <trkpt lat="37.64242" lon="-83.65881"/>
      <trkpt lat="37.64269" lon="-83.659"/>
      <trkpt lat="37.64274" lon="-83.65904"/>
      <trkpt lat="37.64282" lon="-83.65911"/>
      <trkpt lat="37.64293" lon="-83.65923"/>
      <trkpt lat="37.64304" lon="-83.65937"/>
      <trkpt lat="37.64322" lon="-83.6597"/>
      <trkpt lat="37.64337" lon="-83.65995"/>
      <trkpt lat="37.64386" lon="-83.66069"/>
      <trkpt lat="37.6442" lon="-83.66116"/>
      <trkpt lat="37.64431" lon="-83.66134"/>
      <trkpt lat="37.64435" lon="-83.66145"/>
      <trkpt lat="37.64439" lon="-83.66168"/>
      <trkpt lat="37.64439" lon="-83.66179"/>
      <trkpt lat="37.64437" lon="-83.66211"/>
      <trkpt lat="37.64437" lon="-83.66222"/>
      <trkpt lat="37.64439" lon="-83.66232"/>
      <trkpt lat="37.64442" lon="-83.66241"/>
      <trkpt lat="37.64446" lon="-83.66251"/>
      <trkpt lat="37.64452" lon="-83.6626"/>
      <trkpt lat="37.64458" lon="-83.66268"/>
      <trkpt lat="37.64471" lon="-83.66287"/>
      <trkpt lat="37.64499" lon="-83.6632"/>
      <trkpt lat="37.64513" lon="-83.66335"/>
      <trkpt lat="37.6452" lon="-83.66342"/>
      <trkpt lat="37.64527" lon="-83.66347"/>
      <trkpt lat="37.64535" lon="-83.6635"/>
      <trkpt lat="37.64544" lon="-83.66351"/>
      <trkpt lat="37.64551" lon="-83.6635"/>
      <trkpt lat="37.64576" lon="-83.66342"/>
      <trkpt lat="37.64609" lon="-83.66324"/>
      <trkpt lat="37.64626" lon="-83.66313"/>
      <trkpt lat="37.64632" lon="-83.66307"/>
      <trkpt lat="37.64675" lon="-83.66262"/>
      <trkpt lat="37.64683" lon="-83.66255"/>
      <trkpt lat="37.64693" lon="-83.6625"/>
      <trkpt lat="37.64702" lon="-83.66247"/>
      <trkpt lat="37.64711" lon="-83.66245"/>
      <trkpt lat="37.6472" lon="-83.66245"/>
      <trkpt lat="37.64817" lon="-83.66252"/>
      <trkpt lat="37.64876" lon="-83.66251"/>
      <trkpt lat="37.64885" lon="-83.66252"/>
      <trkpt lat="37.64893" lon="-83.66255"/>
      <trkpt lat="37.6491" lon="-83.66262"/>
      <trkpt lat="37.64918" lon="-83.66268"/>
      <trkpt lat="37.64933" lon="-83.66283"/>
      <trkpt lat="37.6494" lon="-83.66292"/>
      <trkpt lat="37.64945" lon="-83.66302"/>
      <trkpt lat="37.6495" lon="-83.66313"/>
      <trkpt lat="37.6496" lon="-83.66345"/>
      <trkpt lat="37.64967" lon="-83.66364"/>
      <trkpt lat="37.64971" lon="-83.6637"/>
      <trkpt lat="37.64978" lon="-83.66377"/>
      <trkpt lat="37.64993" lon="-83.66382"/>
      <trkpt lat="37.65001" lon="-83.66384"/>
      <trkpt lat="37.65028" lon="-83.66384"/>
      <trkpt lat="37.6505" lon="-83.66378"/>
      <trkpt lat="37.65057" lon="-83.66377"/>
      <trkpt lat="37.65075" lon="-83.66378"/>
      <trkpt lat="37.65087" lon="-83.66382"/>
      <trkpt lat="37.65101" lon="-83.66387"/>
      <trkpt lat="37.65108" lon="-83.66391"/>
      <trkpt lat="37.65127" lon="-83.66401"/>
      <trkpt lat="37.65142" lon="-83.66411"/>
      <trkpt lat="37.65151" lon="-83.66415"/>
      <trkpt lat="37.65174" lon="-83.66428"/>
      <trkpt lat="37.652" lon="-83.66441"/>
      <trkpt lat="37.65206" lon="-83.66445"/>
      <trkpt lat="37.65214" lon="-83.66453"/>
      <trkpt lat="37.65218" lon="-83.66459"/>
      <trkpt lat="37.65222" lon="-83.66466"/>
      <trkpt lat="37.65224" lon="-83.66474"/>
      <trkpt lat="37.65224" lon="-83.66482"/>
      <trkpt lat="37.65223" lon="-83.6649"/>
      <trkpt lat="37.65221" lon="-83.66497"/>
      <trkpt lat="37.65219" lon="-83.66505"/>
      <trkpt lat="37.65197" lon="-83.66546"/>
      <trkpt lat="37.65192" lon="-83.66557"/>
      <trkpt lat="37.65189" lon="-83.66567"/>
      <trkpt lat="37.65189" lon="-83.66575"/>
      <trkpt lat="37.65191" lon="-83.66583"/>
      <trkpt lat="37.65195" lon="-83.66591"/>
      <trkpt lat="37.65199" lon="-83.66597"/>
      <trkpt lat="37.65205" lon="-83.66602"/>
      <trkpt lat="37.6521" lon="-83.66607"/>
      <trkpt lat="37.65218" lon="-83.66611"/>
      <trkpt lat="37.65228" lon="-83.66615"/>
      <trkpt lat="37.65263" lon="-83.6662"/>
      <trkpt lat="37.65274" lon="-83.66623"/>
      <trkpt lat="37.65286" lon="-83.66626"/>
      <trkpt lat="37.65298" lon="-83.6663"/>
      <trkpt lat="37.65306" lon="-83.66634"/>
      <trkpt lat="37.65314" lon="-83.66639"/>
      <trkpt lat="37.65323" lon="-83.66645"/>
      <trkpt lat="37.65329" lon="-83.6665"/>
      <trkpt lat="37.65336" lon="-83.66659"/>
      <trkpt lat="37.65343" lon="-83.6667"/>
      <trkpt lat="37.65347" lon="-83.66677"/>
      <trkpt lat="37.65356" lon="-83.66697"/>
      <trkpt lat="37.65368" lon="-83.66731"/>
      <trkpt lat="37.65372" lon="-83.66742"/>
      <trkpt lat="37.6538" lon="-83.66757"/>
      <trkpt lat="37.65388" lon="-83.66767"/>
      <trkpt lat="37.65398" lon="-83.66775"/>
      <trkpt lat="37.6541" lon="-83.66781"/>
      <trkpt lat="37.65418" lon="-83.66784"/>
      <trkpt lat="37.65432" lon="-83.66786"/>
      <trkpt lat="37.6545" lon="-83.66785"/>
      <trkpt lat="37.6546" lon="-83.66785"/>
      <trkpt lat="37.6547" lon="-83.66788"/>
      <trkpt lat="37.65479" lon="-83.66793"/>
      <trkpt lat="37.65487" lon="-83.668"/>
      <trkpt lat="37.65513" lon="-83.66826"/>
      <trkpt lat="37.65519" lon="-83.66832"/>
      <trkpt lat="37.65528" lon="-83.66837"/>
      <trkpt lat="37.65536" lon="-83.66842"/>
      <trkpt lat="37.6554" lon="-83.66843"/>
      <trkpt lat="37.65548" lon="-83.66846"/>
      <trkpt lat="37.65557" lon="-83.66846"/>
      <trkpt lat="37.65565" lon="-83.66843"/>
      <trkpt lat="37.65578" lon="-83.66838"/>
      <trkpt lat="37.6559" lon="-83.66832"/>
      <trkpt lat="37.65603" lon="-83.66827"/>
      <trkpt lat="37.65618" lon="-83.66823"/>
      <trkpt lat="37.65633" lon="-83.6682"/>
      <trkpt lat="37.65641" lon="-83.66817"/>
      <trkpt lat="37.65661" lon="-83.66816"/>
      <trkpt lat="37.65674" lon="-83.66817"/>
      <trkpt lat="37.6569" lon="-83.66822"/>
      <trkpt lat="37.65718" lon="-83.66836"/>
      <trkpt lat="37.65737" lon="-83.6684"/>
      <trkpt lat="37.65745" lon="-83.6684"/>
      <trkpt lat="37.65762" lon="-83.66837"/>
      <trkpt lat="37.65772" lon="-83.66834"/>
      <trkpt lat="37.65775" lon="-83.66833"/>
      <trkpt lat="37.65782" lon="-83.66833"/>
      <trkpt lat="37.65792" lon="-83.66837"/>
      <trkpt lat="37.658" lon="-83.6684"/>
      <trkpt lat="37.65806" lon="-83.66845"/>
      <trkpt lat="37.65817" lon="-83.66859"/>
      <trkpt lat="37.65828" lon="-83.66884"/>
      <trkpt lat="37.6584" lon="-83.66903"/>
      <trkpt lat="37.65849" lon="-83.66918"/>
      <trkpt lat="37.65864" lon="-83.66928"/>
      <trkpt lat="37.65872" lon="-83.66932"/>
      <trkpt lat="37.65889" lon="-83.66937"/>
      <trkpt lat="37.6592" lon="-83.66941"/>
      <trkpt lat="37.65931" lon="-83.66944"/>
      <trkpt lat="37.65941" lon="-83.6695"/>
      <trkpt lat="37.65948" lon="-83.66957"/>
      <trkpt lat="37.65952" lon="-83.66963"/>
      <trkpt lat="37.65956" lon="-83.6697"/>
      <trkpt lat="37.65965" lon="-83.66995"/>
      <trkpt lat="37.65969" lon="-83.67007"/>
      <trkpt lat="37.65976" lon="-83.67028"/>
      <trkpt lat="37.65982" lon="-83.67042"/>
      <trkpt lat="37.65987" lon="-83.67053"/>
      <trkpt lat="37.65994" lon="-83.67064"/>
      <trkpt lat="37.66005" lon="-83.67077"/>
      <trkpt lat="37.66011" lon="-83.67081"/>
      <trkpt lat="37.6602" lon="-83.67086"/>
      <trkpt lat="37.66031" lon="-83.67091"/>
      <trkpt lat="37.66041" lon="-83.67093"/>
      <trkpt lat="37.66054" lon="-83.67095"/>
      <trkpt lat="37.66063" lon="-83.67096"/>
      <trkpt lat="37.66076" lon="-83.67093"/>
      <trkpt lat="37.66087" lon="-83.6709"/>
      <trkpt lat="37.66098" lon="-83.67084"/>
      <trkpt lat="37.66113" lon="-83.67071"/>
      <trkpt lat="37.66132" lon="-83.67051"/>
      <trkpt lat="37.6614" lon="-83.67043"/>
      <trkpt lat="37.66156" lon="-83.67032"/>
      <trkpt lat="37.66176" lon="-83.67028"/>
      <trkpt lat="37.66184" lon="-83.67028"/>
      <trkpt lat="37.66194" lon="-83.67031"/>
      <trkpt lat="37.6623" lon="-83.67045"/>
      <trkpt lat="37.66233" lon="-83.67047"/>
      <trkpt lat="37.66241" lon="-83.67051"/>
      <trkpt lat="37.66254" lon="-83.67058"/>
      <trkpt lat="37.66287" lon="-83.67083"/>
      <trkpt lat="37.66299" lon="-83.67095"/>
      <trkpt lat="37.66304" lon="-83.671"/>
      <trkpt lat="37.66314" lon="-83.67118"/>
      <trkpt lat="37.66319" lon="-83.67134"/>
      <trkpt lat="37.66322" lon="-83.67147"/>
      <trkpt lat="37.66323" lon="-83.67152"/>
      <trkpt lat="37.66323" lon="-83.67168"/>
      <trkpt lat="37.66318" lon="-83.67182"/>
      <trkpt lat="37.66314" lon="-83.67188"/>
      <trkpt lat="37.66303" lon="-83.67204"/>
      <trkpt lat="37.66289" lon="-83.6722"/>
      <trkpt lat="37.66282" lon="-83.67229"/>
      <trkpt lat="37.66274" lon="-83.67243"/>
      <trkpt lat="37.66272" lon="-83.67249"/>
      <trkpt lat="37.66271" lon="-83.67256"/>
      <trkpt lat="37.66269" lon="-83.67267"/>
      <trkpt lat="37.6627" lon="-83.6728"/>
      <trkpt lat="37.6627" lon="-83.67284"/>
      <trkpt lat="37.66273" lon="-83.67293"/>
      <trkpt lat="37.66274" lon="-83.67298"/>
      <trkpt lat="37.66278" lon="-83.67304"/>
      <trkpt lat="37.66283" lon="-83.67309"/>
      <trkpt lat="37.66285" lon="-83.67311"/>
      <trkpt lat="37.66293" lon="-83.67316"/>
      <trkpt lat="37.66305" lon="-83.6732"/>
      <trkpt lat="37.66318" lon="-83.67321"/>
      <trkpt lat="37.66333" lon="-83.67322"/>
      <trkpt lat="37.66377" lon="-83.67317"/>
      <trkpt lat="37.66388" lon="-83.67317"/>
      <trkpt lat="37.66405" lon="-83.6732"/>
      <trkpt lat="37.66415" lon="-83.67326"/>
      <trkpt lat="37.66422" lon="-83.67332"/>
      <trkpt lat="37.66427" lon="-83.67339"/>
      <trkpt lat="37.6643" lon="-83.67346"/>
      <trkpt lat="37.66434" lon="-83.67364"/>
      <trkpt lat="37.66444" lon="-83.67411"/>
      <trkpt lat="37.6645" lon="-83.67423"/>
      <trkpt lat="37.66459" lon="-83.67432"/>
      <trkpt lat="37.66461" lon="-83.67434"/>
      <trkpt lat="37.66469" lon="-83.67438"/>
      <trkpt lat="37.66481" lon="-83.67441"/>
      <trkpt lat="37.66486" lon="-83.67442"/>
      <trkpt lat="37.66492" lon="-83.67442"/>
      <trkpt lat="37.66504" lon="-83.67441"/>
      <trkpt lat="37.66514" lon="-83.67439"/>
      <trkpt lat="37.66527" lon="-83.67433"/>
      <trkpt lat="37.66533" lon="-83.6743"/>
      <trkpt lat="37.66543" lon="-83.67426"/>
      <trkpt lat="37.66553" lon="-83.67421"/>
      <trkpt lat="37.66562" lon="-83.67416"/>
      <trkpt lat="37.66583" lon="-83.674"/>
      <trkpt lat="37.66594" lon="-83.67392"/>
      <trkpt lat="37.66606" lon="-83.67386"/>
      <trkpt lat="37.66616" lon="-83.67382"/>
      <trkpt lat="37.6663" lon="-83.67378"/>
      <trkpt lat="37.66641" lon="-83.67376"/>
      <trkpt lat="37.66681" lon="-83.67373"/>
      <trkpt lat="37.6669" lon="-83.67371"/>
      <trkpt lat="37.66697" lon="-83.67368"/>
      <trkpt lat="37.66701" lon="-83.67365"/>
      <trkpt lat="37.66705" lon="-83.67361"/>
      <trkpt lat="37.6671" lon="-83.67355"/>
      <trkpt lat="37.66718" lon="-83.67341"/>
      <trkpt lat="37.66725" lon="-83.67332"/>
      <trkpt lat="37.66735" lon="-83.67315"/>
      <trkpt lat="37.6674" lon="-83.67309"/>
      <trkpt lat="37.66748" lon="-83.67301"/>
      <trkpt lat="37.66756" lon="-83.67294"/>
      <trkpt lat="37.66764" lon="-83.67288"/>
      <trkpt lat="37.6678" lon="-83.67279"/>
      <trkpt lat="37.66824" lon="-83.67255"/>
      <trkpt lat="37.66841" lon="-83.67249"/>
      <trkpt lat="37.66851" lon="-83.67247"/>
      <trkpt lat="37.66864" lon="-83.67252"/>
      <trkpt lat="37.66871" lon="-83.67258"/>
      <trkpt lat="37.66878" lon="-83.67269"/>
      <trkpt lat="37.66893" lon="-83.67298"/>
      <trkpt lat="37.669" lon="-83.67309"/>
      <trkpt lat="37.66907" lon="-83.67319"/>
      <trkpt lat="37.6692" lon="-83.67327"/>
      <trkpt lat="37.66932" lon="-83.67333"/>
      <trkpt lat="37.66942" lon="-83.67339"/>
      <trkpt lat="37.66953" lon="-83.67347"/>
      <trkpt lat="37.66962" lon="-83.67357"/>
      <trkpt lat="37.66978" lon="-83.67383"/>
      <trkpt lat="37.66983" lon="-83.67394"/>
      <trkpt lat="37.66986" lon="-83.67406"/>
      <trkpt lat="37.66988" lon="-83.67416"/>
      <trkpt lat="37.66989" lon="-83.67426"/>
      <trkpt lat="37.66989" lon="-83.67453"/>
      <trkpt lat="37.66987" lon="-83.67469"/>
      <trkpt lat="37.66987" lon="-83.67487"/>
      <trkpt lat="37.66988" lon="-83.67503"/>
      <trkpt lat="37.6699" lon="-83.67514"/>
      <trkpt lat="37.66995" lon="-83.67525"/>
      <trkpt lat="37.67001" lon="-83.67534"/>
      <trkpt lat="37.67007" lon="-83.6754"/>
      <trkpt lat="37.6701" lon="-83.67544"/>
      <trkpt lat="37.6702" lon="-83.67551"/>
      <trkpt lat="37.67031" lon="-83.67557"/>
      <trkpt lat="37.67041" lon="-83.67561"/>
      <trkpt lat="37.67112" lon="-83.67588"/>
      <trkpt lat="37.67146" lon="-83.67602"/>
      <trkpt lat="37.67171" lon="-83.67614"/>
      <trkpt lat="37.67191" lon="-83.67623"/>
      <trkpt lat="37.67239" lon="-83.67648"/>
      <trkpt lat="37.67315" lon="-83.67689"/>
      <trkpt lat="37.67351" lon="-83.67707"/>
      <trkpt lat="37.67354" lon="-83.67708"/>
      <trkpt lat="37.67365" lon="-83.67713"/>
      <trkpt lat="37.67389" lon="-83.67723"/>
      <trkpt lat="37.67399" lon="-83.67727"/>
      <trkpt lat="37.67412" lon="-83.6773"/>
      <trkpt lat="37.67465" lon="-83.67741"/>
      <trkpt lat="37.67475" lon="-83.67744"/>
      <trkpt lat="37.67483" lon="-83.67748"/>
      <trkpt lat="37.67492" lon="-83.67755"/>
      <trkpt lat="37.67498" lon="-83.67762"/>
      <trkpt lat="37.67504" lon="-83.67769"/>
      <trkpt lat="37.67508" lon="-83.67779"/>
      <trkpt lat="37.6751" lon="-83.67785"/>
      <trkpt lat="37.67511" lon="-83.67792"/>
      <trkpt lat="37.67512" lon="-83.67804"/>
      <trkpt lat="37.67511" lon="-83.67812"/>
      <trkpt lat="37.6751" lon="-83.6782"/>
      <trkpt lat="37.67507" lon="-83.67825"/>
      <trkpt lat="37.67492" lon="-83.67854"/>
      <trkpt lat="37.67472" lon="-83.67843"/>
      <trkpt lat="37.67452" lon="-83.67835"/>
      <trkpt lat="37.67432" lon="-83.67828"/>
      <trkpt lat="37.6742" lon="-83.67825"/>
      <trkpt lat="37.67411" lon="-83.67823"/>
      <trkpt lat="37.6739" lon="-83.67821"/>
      <trkpt lat="37.6737" lon="-83.6782"/>
      <trkpt lat="37.67349" lon="-83.67821"/>
      <trkpt lat="37.67328" lon="-83.67824"/>
      <trkpt lat="37.67318" lon="-83.67827"/>
      <trkpt lat="37.67297" lon="-83.67833"/>
      <trkpt lat="37.67276" lon="-83.67842"/>
      <trkpt lat="37.67265" lon="-83.67847"/>
      <trkpt lat="37.67245" lon="-83.67858"/>
      <trkpt lat="37.67226" lon="-83.67871"/>
      <trkpt lat="37.67207" lon="-83.67887"/>
      <trkpt lat="37.67189" lon="-83.67904"/>
      <trkpt lat="37.67172" lon="-83.67922"/>
      <trkpt lat="37.67152" lon="-83.67947"/>
      <trkpt lat="37.67149" lon="-83.67951"/>
      <trkpt lat="37.6714" lon="-83.67964"/>
      <trkpt lat="37.67125" lon="-83.67987"/>
      <trkpt lat="37.6704" lon="-83.68119"/>
      <trkpt lat="37.66998" lon="-83.68185"/>
      <trkpt lat="37.6698" lon="-83.68213"/>
      <trkpt lat="37.66926" lon="-83.68298"/>
      <trkpt lat="37.66852" lon="-83.68413"/>
      <trkpt lat="37.66834" lon="-83.68442"/>
      <trkpt lat="37.6681" lon="-83.68479"/>
      <trkpt lat="37.66717" lon="-83.68626"/>
      <trkpt lat="37.66574" lon="-83.6885"/>
      <trkpt lat="37.66471" lon="-83.69012"/>
      <trkpt lat="37.6645" lon="-83.69045"/>
      <trkpt lat="37.66369" lon="-83.69172"/>
      <trkpt lat="37.66234" lon="-83.69383"/>
      <trkpt lat="37.66218" lon="-83.69408"/>
      <trkpt lat="37.66227" lon="-83.69415"/>
      <trkpt lat="37.66238" lon="-83.69421"/>
      <trkpt lat="37.66246" lon="-83.69422"/>
      <trkpt lat="37.66253" lon="-83.69419"/>
      <trkpt lat="37.66313" lon="-83.69376"/>
      <trkpt lat="37.66327" lon="-83.69367"/>
      <trkpt lat="37.66381" lon="-83.6933"/>
      <trkpt lat="37.66435" lon="-83.69289"/>
      <trkpt lat="37.66457" lon="-83.69272"/>
      <trkpt lat="37.66462" lon="-83.6928"/>
      <trkpt lat="37.6647" lon="-83.69297"/>
      <trkpt lat="37.66474" lon="-83.69302"/>
      <trkpt lat="37.66477" lon="-83.69304"/>
      <trkpt lat="37.66497" lon="-83.69317"/>
      <trkpt lat="37.66509" lon="-83.69326"/>
      <trkpt lat="37.66549" lon="-83.69353"/>
      <trkpt lat="37.66565" lon="-83.69369"/>
      <trkpt lat="37.66574" lon="-83.69386"/>
      <trkpt lat="37.66576" lon="-83.69398"/>
      <trkpt lat="37.66576" lon="-83.69407"/>
      <trkpt lat="37.66573" lon="-83.69416"/>
      <trkpt lat="37.66569" lon="-83.69423"/>
      <trkpt lat="37.66565" lon="-83.6943"/>
      <trkpt lat="37.6656" lon="-83.69435"/>
      <trkpt lat="37.6655" lon="-83.69441"/>
      <trkpt lat="37.66524" lon="-83.69449"/>
      <trkpt lat="37.66511" lon="-83.6945"/>
      <trkpt lat="37.66503" lon="-83.69447"/>
      <trkpt lat="37.66497" lon="-83.69436"/>
      <trkpt lat="37.66491" lon="-83.69413"/>
      <trkpt lat="37.66488" lon="-83.69407"/>
      <trkpt lat="37.66485" lon="-83.69402"/>
      <trkpt lat="37.66481" lon="-83.69399"/>
      <trkpt lat="37.66476" lon="-83.69398"/>
      <trkpt lat="37.66471" lon="-83.694"/>
      <trkpt lat="37.66463" lon="-83.69406"/>
      <trkpt lat="37.66454" lon="-83.69417"/>
      <trkpt lat="37.66434" lon="-83.6945"/>
      <trkpt lat="37.66428" lon="-83.69464"/>
      <trkpt lat="37.66423" lon="-83.69493"/>
      <trkpt lat="37.66416" lon="-83.69557"/>
      <trkpt lat="37.66405" lon="-83.69585"/>
      <trkpt lat="37.66395" lon="-83.69599"/>
      <trkpt lat="37.66387" lon="-83.6961"/>
      <trkpt lat="37.66377" lon="-83.69618"/>
      <trkpt lat="37.66373" lon="-83.69621"/>
      <trkpt lat="37.66366" lon="-83.69622"/>
      <trkpt lat="37.66354" lon="-83.69628"/>
      <trkpt lat="37.66346" lon="-83.69638"/>
      <trkpt lat="37.66347" lon="-83.6965"/>
      <trkpt lat="37.66354" lon="-83.6966"/>
      <trkpt lat="37.66364" lon="-83.69664"/>
      <trkpt lat="37.66386" lon="-83.69664"/>
      <trkpt lat="37.66403" lon="-83.69665"/>
      <trkpt lat="37.66421" lon="-83.69666"/>
      <trkpt lat="37.6645" lon="-83.69653"/>
      <trkpt lat="37.66473" lon="-83.69645"/>
      <trkpt lat="37.66498" lon="-83.69643"/>
      <trkpt lat="37.66515" lon="-83.69645"/>
      <trkpt lat="37.66539" lon="-83.69654"/>
      <trkpt lat="37.66548" lon="-83.6966"/>
      <trkpt lat="37.66587" lon="-83.69678"/>
      <trkpt lat="37.66615" lon="-83.69695"/>
      <trkpt lat="37.66671" lon="-83.69733"/>
      <trkpt lat="37.66689" lon="-83.69743"/>
      <trkpt lat="37.66703" lon="-83.69755"/>
      <trkpt lat="37.66711" lon="-83.69761"/>
      <trkpt lat="37.66717" lon="-83.69765"/>
      <trkpt lat="37.6672" lon="-83.6977"/>
      <trkpt lat="37.66719" lon="-83.69774"/>
      <trkpt lat="37.66716" lon="-83.6979"/>
      <trkpt lat="37.66715" lon="-83.69809"/>
      <trkpt lat="37.66714" lon="-83.6982"/>
      <trkpt lat="37.66709" lon="-83.69831"/>
      <trkpt lat="37.66695" lon="-83.69861"/>
      <trkpt lat="37.66691" lon="-83.69878"/>
      <trkpt lat="37.66685" lon="-83.69889"/>
      <trkpt lat="37.66674" lon="-83.69901"/>
      <trkpt lat="37.66668" lon="-83.69917"/>
      <trkpt lat="37.66668" lon="-83.69932"/>
      <trkpt lat="37.66674" lon="-83.69957"/>
      <trkpt lat="37.66681" lon="-83.69972"/>
      <trkpt lat="37.66689" lon="-83.69996"/>
      <trkpt lat="37.66697" lon="-83.7003"/>
      <trkpt lat="37.66707" lon="-83.70053"/>
      <trkpt lat="37.66711" lon="-83.70076"/>
      <trkpt lat="37.66715" lon="-83.7009"/>
      <trkpt lat="37.66718" lon="-83.70103"/>
      <trkpt lat="37.66723" lon="-83.70114"/>
      <trkpt lat="37.66728" lon="-83.70121"/>
      <trkpt lat="37.66735" lon="-83.70127"/>
      <trkpt lat="37.6674" lon="-83.70129"/>
      <trkpt lat="37.66749" lon="-83.70137"/>
      <trkpt lat="37.66757" lon="-83.70149"/>
      <trkpt lat="37.66764" lon="-83.7016"/>
      <trkpt lat="37.66769" lon="-83.70171"/>
      <trkpt lat="37.66773" lon="-83.70195"/>
      <trkpt lat="37.66774" lon="-83.70208"/>
      <trkpt lat="37.66774" lon="-83.70229"/>
      <trkpt lat="37.66775" lon="-83.70241"/>
      <trkpt lat="37.66777" lon="-83.70252"/>
      <trkpt lat="37.66786" lon="-83.70279"/>
      <trkpt lat="37.6679" lon="-83.70298"/>
      <trkpt lat="37.66794" lon="-83.70315"/>
      <trkpt lat="37.66797" lon="-83.70335"/>
      <trkpt lat="37.66797" lon="-83.70346"/>
      <trkpt lat="37.66795" lon="-83.70358"/>
      <trkpt lat="37.66791" lon="-83.70369"/>
      <trkpt lat="37.66787" lon="-83.70378"/>
      <trkpt lat="37.66782" lon="-83.70387"/>
      <trkpt lat="37.66759" lon="-83.70415"/>
      <trkpt lat="37.66753" lon="-83.70435"/>
      <trkpt lat="37.66749" lon="-83.7046"/>
      <trkpt lat="37.66748" lon="-83.70473"/>
      <trkpt lat="37.66749" lon="-83.70515"/>
      <trkpt lat="37.6675" lon="-83.70528"/>
      <trkpt lat="37.6675" lon="-83.70542"/>
      <trkpt lat="37.66743" lon="-83.70571"/>
      <trkpt lat="37.66741" lon="-83.70581"/>
      <trkpt lat="37.6674" lon="-83.70588"/>
      <trkpt lat="37.66734" lon="-83.7062"/>
      <trkpt lat="37.66731" lon="-83.70654"/>
      <trkpt lat="37.66727" lon="-83.70673"/>
      <trkpt lat="37.66718" lon="-83.70689"/>
      <trkpt lat="37.66696" lon="-83.70708"/>
      <trkpt lat="37.6669" lon="-83.70714"/>
      <trkpt lat="37.66686" lon="-83.70723"/>
      <trkpt lat="37.6668" lon="-83.70768"/>
      <trkpt lat="37.66676" lon="-83.70782"/>
      <trkpt lat="37.6667" lon="-83.70808"/>
      <trkpt lat="37.66665" lon="-83.70835"/>
      <trkpt lat="37.66662" lon="-83.70858"/>
      <trkpt lat="37.66662" lon="-83.7087"/>
      <trkpt lat="37.66664" lon="-83.70881"/>
      <trkpt lat="37.66674" lon="-83.70908"/>
      <trkpt lat="37.66671" lon="-83.70927"/>
      <trkpt lat="37.6666" lon="-83.70961"/>
      <trkpt lat="37.66655" lon="-83.70976"/>
      <trkpt lat="37.66651" lon="-83.70988"/>
      <trkpt lat="37.66632" lon="-83.71016"/>
      <trkpt lat="37.66595" lon="-83.71049"/>
      <trkpt lat="37.66581" lon="-83.71063"/>
      <trkpt lat="37.66575" lon="-83.71073"/>
      <trkpt lat="37.66571" lon="-83.71083"/>
      <trkpt lat="37.66563" lon="-83.71117"/>
      <trkpt lat="37.66554" lon="-83.71151"/>
      <trkpt lat="37.66556" lon="-83.71187"/>
      <trkpt lat="37.66556" lon="-83.712"/>
      <trkpt lat="37.66555" lon="-83.7122"/>
      <trkpt lat="37.66555" lon="-83.71274"/>
      <trkpt lat="37.66553" lon="-83.71297"/>
      <trkpt lat="37.6655" lon="-83.71306"/>
      <trkpt lat="37.66546" lon="-83.71314"/>
      <trkpt lat="37.66541" lon="-83.7132"/>
      <trkpt lat="37.66535" lon="-83.71326"/>
      <trkpt lat="37.66512" lon="-83.71341"/>
      <trkpt lat="37.66504" lon="-83.71347"/>
      <trkpt lat="37.66497" lon="-83.71355"/>
      <trkpt lat="37.66485" lon="-83.71372"/>
      <trkpt lat="37.66474" lon="-83.71382"/>
      <trkpt lat="37.66465" lon="-83.71392"/>
      <trkpt lat="37.66426" lon="-83.71449"/>
      <trkpt lat="37.66414" lon="-83.71466"/>
      <trkpt lat="37.66389" lon="-83.71503"/>
      <trkpt lat="37.66374" lon="-83.7152"/>
      <trkpt lat="37.66338" lon="-83.71557"/>
      <trkpt lat="37.66333" lon="-83.71562"/>
      <trkpt lat="37.66321" lon="-83.71572"/>
      <trkpt lat="37.66303" lon="-83.71585"/>
      <trkpt lat="37.66275" lon="-83.71603"/>
      <trkpt lat="37.66265" lon="-83.71611"/>
      <trkpt lat="37.66251" lon="-83.71626"/>
      <trkpt lat="37.66242" lon="-83.71635"/>
      <trkpt lat="37.66209" lon="-83.7168"/>
      <trkpt lat="37.66205" lon="-83.71682"/>
      <trkpt lat="37.66185" lon="-83.71695"/>
      <trkpt lat="37.66171" lon="-83.71717"/>
      <trkpt lat="37.66153" lon="-83.71739"/>
      <trkpt lat="37.66149" lon="-83.71744"/>
      <trkpt lat="37.66128" lon="-83.71767"/>
      <trkpt lat="37.6609" lon="-83.71822"/>
      <trkpt lat="37.66082" lon="-83.71838"/>
      <trkpt lat="37.6607" lon="-83.71859"/>
      <trkpt lat="37.66064" lon="-83.71876"/>
      <trkpt lat="37.66061" lon="-83.71887"/>
      <trkpt lat="37.6606" lon="-83.71904"/>
      <trkpt lat="37.66062" lon="-83.7193"/>
      <trkpt lat="37.66063" lon="-83.7196"/>
      <trkpt lat="37.66064" lon="-83.71969"/>
      <trkpt lat="37.66069" lon="-83.71981"/>
      <trkpt lat="37.66072" lon="-83.71991"/>
      <trkpt lat="37.66075" lon="-83.72018"/>
      <trkpt lat="37.66076" lon="-83.72035"/>
      <trkpt lat="37.66075" lon="-83.72075"/>
      <trkpt lat="37.66069" lon="-83.72111"/>
      <trkpt lat="37.6607" lon="-83.72144"/>
      <trkpt lat="37.66068" lon="-83.72158"/>
      <trkpt lat="37.66065" lon="-83.72168"/>
      <trkpt lat="37.6606" lon="-83.72176"/>
      <trkpt lat="37.66057" lon="-83.7218"/>
      <trkpt lat="37.66049" lon="-83.72184"/>
      <trkpt lat="37.66039" lon="-83.72184"/>
      <trkpt lat="37.66027" lon="-83.72182"/>
      <trkpt lat="37.66019" lon="-83.7218"/>
      <trkpt lat="37.66015" lon="-83.72181"/>
      <trkpt lat="37.66011" lon="-83.72182"/>
      <trkpt lat="37.66006" lon="-83.72185"/>
      <trkpt lat="37.65992" lon="-83.72194"/>
      <trkpt lat="37.65982" lon="-83.72197"/>
      <trkpt lat="37.65966" lon="-83.72196"/>
      <trkpt lat="37.65959" lon="-83.72196"/>
      <trkpt lat="37.65953" lon="-83.72198"/>
      <trkpt lat="37.65948" lon="-83.722"/>
      <trkpt lat="37.65945" lon="-83.72203"/>
      <trkpt lat="37.65931" lon="-83.72214"/>
      <trkpt lat="37.65906" lon="-83.72237"/>
      <trkpt lat="37.65857" lon="-83.72271"/>
      <trkpt lat="37.65854" lon="-83.72274"/>
      <trkpt lat="37.6585" lon="-83.72277"/>
      <trkpt lat="37.65843" lon="-83.72286"/>
      <trkpt lat="37.65824" lon="-83.72334"/>
      <trkpt lat="37.65814" lon="-83.72352"/>
      <trkpt lat="37.65808" lon="-83.72366"/>
      <trkpt lat="37.65789" lon="-83.72395"/>
      <trkpt lat="37.65784" lon="-83.72407"/>
      <trkpt lat="37.65774" lon="-83.72438"/>
      <trkpt lat="37.65771" lon="-83.7245"/>
      <trkpt lat="37.65763" lon="-83.72474"/>
      <trkpt lat="37.65763" lon="-83.72479"/>
      <trkpt lat="37.65765" lon="-83.72501"/>
      <trkpt lat="37.65767" lon="-83.72518"/>
      <trkpt lat="37.6577" lon="-83.72532"/>
      <trkpt lat="37.65774" lon="-83.72567"/>
      <trkpt lat="37.65774" lon="-83.72586"/>
      <trkpt lat="37.65772" lon="-83.72605"/>
      <trkpt lat="37.65769" lon="-83.72624"/>
      <trkpt lat="37.65768" lon="-83.7263"/>
      <trkpt lat="37.65763" lon="-83.72648"/>
      <trkpt lat="37.65762" lon="-83.72659"/>
      <trkpt lat="37.65745" lon="-83.72731"/>
      <trkpt lat="37.65739" lon="-83.72749"/>
      <trkpt lat="37.65737" lon="-83.72766"/>
      <trkpt lat="37.65735" lon="-83.7278"/>
      <trkpt lat="37.65737" lon="-83.72794"/>
      <trkpt lat="37.65737" lon="-83.72804"/>
      <trkpt lat="37.65743" lon="-83.72823"/>
      <trkpt lat="37.65752" lon="-83.72842"/>
      <trkpt lat="37.65764" lon="-83.72881"/>
      <trkpt lat="37.65771" lon="-83.72898"/>
      <trkpt lat="37.65778" lon="-83.72911"/>
      <trkpt lat="37.65785" lon="-83.72921"/>
      <trkpt lat="37.65802" lon="-83.72945"/>
      <trkpt lat="37.65805" lon="-83.7295"/>
      <trkpt lat="37.6581" lon="-83.72955"/>
      <trkpt lat="37.65813" lon="-83.72956"/>
      <trkpt lat="37.65824" lon="-83.72955"/>
      <trkpt lat="37.65831" lon="-83.72951"/>
      <trkpt lat="37.65842" lon="-83.72945"/>
      <trkpt lat="37.65856" lon="-83.72941"/>
      <trkpt lat="37.65913" lon="-83.72931"/>
      <trkpt lat="37.65932" lon="-83.72928"/>
      <trkpt lat="37.65954" lon="-83.72927"/>
      <trkpt lat="37.65962" lon="-83.72928"/>
      <trkpt lat="37.65981" lon="-83.72938"/>
      <trkpt lat="37.66007" lon="-83.72956"/>
      <trkpt lat="37.6602" lon="-83.72963"/>
      <trkpt lat="37.66034" lon="-83.72967"/>
      <trkpt lat="37.66043" lon="-83.72968"/>
      <trkpt lat="37.66047" lon="-83.72968"/>
      <trkpt lat="37.66059" lon="-83.72973"/>
      <trkpt lat="37.66071" lon="-83.72979"/>
      <trkpt lat="37.66081" lon="-83.72986"/>
      <trkpt lat="37.66085" lon="-83.72991"/>
      <trkpt lat="37.66088" lon="-83.72995"/>
      <trkpt lat="37.66091" lon="-83.73001"/>
      <trkpt lat="37.66107" lon="-83.73077"/>
      <trkpt lat="37.66107" lon="-83.73081"/>
      <trkpt lat="37.66114" lon="-83.73132"/>
      <trkpt lat="37.66116" lon="-83.73141"/>
      <trkpt lat="37.66132" lon="-83.7321"/>
      <trkpt lat="37.66137" lon="-83.73226"/>
      <trkpt lat="37.66144" lon="-83.7324"/>
      <trkpt lat="37.66154" lon="-83.73249"/>
      <trkpt lat="37.6616" lon="-83.73252"/>
      <trkpt lat="37.66166" lon="-83.73253"/>
      <trkpt lat="37.66173" lon="-83.73252"/>
      <trkpt lat="37.66286" lon="-83.73221"/>
      <trkpt lat="37.66308" lon="-83.73213"/>
      <trkpt lat="37.66311" lon="-83.73211"/>
      <trkpt lat="37.66319" lon="-83.73207"/>
      <trkpt lat="37.66324" lon="-83.73205"/>
      <trkpt lat="37.66337" lon="-83.73199"/>
      <trkpt lat="37.66363" lon="-83.7319"/>
      <trkpt lat="37.66378" lon="-83.73185"/>
      <trkpt lat="37.66385" lon="-83.73179"/>
      <trkpt lat="37.66392" lon="-83.73177"/>
      <trkpt lat="37.66435" lon="-83.73159"/>
      <trkpt lat="37.66448" lon="-83.73154"/>
      <trkpt lat="37.66479" lon="-83.73129"/>
      <trkpt lat="37.66498" lon="-83.73119"/>
      <trkpt lat="37.66526" lon="-83.7311"/>
      <trkpt lat="37.66558" lon="-83.73109"/>
      <trkpt lat="37.66566" lon="-83.7311"/>
      <trkpt lat="37.66601" lon="-83.73123"/>
      <trkpt lat="37.66608" lon="-83.73123"/>
      <trkpt lat="37.6662" lon="-83.73119"/>
      <trkpt lat="37.66636" lon="-83.73106"/>
      <trkpt lat="37.66652" lon="-83.73087"/>
      <trkpt lat="37.66658" lon="-83.73074"/>
      <trkpt lat="37.6666" lon="-83.73062"/>
      <trkpt lat="37.6666" lon="-83.73044"/>
      <trkpt lat="37.66659" lon="-83.73011"/>
      <trkpt lat="37.66664" lon="-83.72958"/>
      <trkpt lat="37.66664" lon="-83.72909"/>
      <trkpt lat="37.66665" lon="-83.72889"/>
      <trkpt lat="37.66671" lon="-83.72868"/>
      <trkpt lat="37.66696" lon="-83.72798"/>
      <trkpt lat="37.66709" lon="-83.72773"/>
      <trkpt lat="37.6672" lon="-83.72758"/>
      <trkpt lat="37.66739" lon="-83.72736"/>
      <trkpt lat="37.66742" lon="-83.72733"/>
      <trkpt lat="37.66759" lon="-83.72719"/>
      <trkpt lat="37.66772" lon="-83.72712"/>
      <trkpt lat="37.66786" lon="-83.72709"/>
      <trkpt lat="37.66801" lon="-83.72708"/>
      <trkpt lat="37.66815" lon="-83.72708"/>
      <trkpt lat="37.66834" lon="-83.72711"/>
      <trkpt lat="37.66846" lon="-83.72712"/>
      <trkpt lat="37.66857" lon="-83.72709"/>
      <trkpt lat="37.66876" lon="-83.72708"/>
      <trkpt lat="37.66887" lon="-83.72703"/>
      <trkpt lat="37.66892" lon="-83.72698"/>
      <trkpt lat="37.66901" lon="-83.72685"/>
      <trkpt lat="37.66908" lon="-83.72668"/>
      <trkpt lat="37.66911" lon="-83.72659"/>
      <trkpt lat="37.6692" lon="-83.72631"/>
      <trkpt lat="37.66928" lon="-83.72614"/>
      <trkpt lat="37.66938" lon="-83.726"/>
      <trkpt lat="37.6695" lon="-83.72589"/>
      <trkpt lat="37.66957" lon="-83.72584"/>
      <trkpt lat="37.66965" lon="-83.72581"/>
      <trkpt lat="37.66981" lon="-83.72576"/>
      <trkpt lat="37.67036" lon="-83.72573"/>
      <trkpt lat="37.67057" lon="-83.72569"/>
      <trkpt lat="37.671" lon="-83.72553"/>
      <trkpt lat="37.67116" lon="-83.72548"/>
      <trkpt lat="37.67133" lon="-83.72545"/>
      <trkpt lat="37.6718" lon="-83.72529"/>
      <trkpt lat="37.67195" lon="-83.72524"/>
      <trkpt lat="37.67208" lon="-83.72515"/>
      <trkpt lat="37.67231" lon="-83.72495"/>
      <trkpt lat="37.6726" lon="-83.72468"/>
      <trkpt lat="37.67264" lon="-83.72465"/>
      <trkpt lat="37.67276" lon="-83.72452"/>
      <trkpt lat="37.67292" lon="-83.7244"/>
      <trkpt lat="37.67307" lon="-83.72431"/>
      <trkpt lat="37.67329" lon="-83.72412"/>
      <trkpt lat="37.67345" lon="-83.72402"/>
      <trkpt lat="37.67358" lon="-83.72389"/>
      <trkpt lat="37.67362" lon="-83.72385"/>
      <trkpt lat="37.67374" lon="-83.7237"/>
      <trkpt lat="37.67395" lon="-83.72344"/>
      <trkpt lat="37.67401" lon="-83.72332"/>
      <trkpt lat="37.67404" lon="-83.72318"/>
      <trkpt lat="37.67404" lon="-83.72313"/>
      <trkpt lat="37.674" lon="-83.72291"/>
      <trkpt lat="37.67401" lon="-83.72286"/>
      <trkpt lat="37.67403" lon="-83.72282"/>
      <trkpt lat="37.67406" lon="-83.72278"/>
      <trkpt lat="37.6741" lon="-83.72276"/>
      <trkpt lat="37.67415" lon="-83.72275"/>
      <trkpt lat="37.67452" lon="-83.72278"/>
      <trkpt lat="37.67463" lon="-83.72275"/>
      <trkpt lat="37.67475" lon="-83.72268"/>
      <trkpt lat="37.67491" lon="-83.72252"/>
      <trkpt lat="37.67496" lon="-83.72247"/>
      <trkpt lat="37.67505" lon="-83.72239"/>
      <trkpt lat="37.67513" lon="-83.72234"/>
      <trkpt lat="37.67525" lon="-83.7223"/>
      <trkpt lat="37.67545" lon="-83.72229"/>
      <trkpt lat="37.67553" lon="-83.72231"/>
      <trkpt lat="37.67612" lon="-83.72246"/>
      <trkpt lat="37.67619" lon="-83.72246"/>
      <trkpt lat="37.67624" lon="-83.72244"/>
      <trkpt lat="37.67635" lon="-83.72236"/>
      <trkpt lat="37.67639" lon="-83.7223"/>
      <trkpt lat="37.67648" lon="-83.722"/>
      <trkpt lat="37.67649" lon="-83.72173"/>
      <trkpt lat="37.67645" lon="-83.72096"/>
      <trkpt lat="37.67645" lon="-83.72088"/>
      <trkpt lat="37.67645" lon="-83.72078"/>
      <trkpt lat="37.67646" lon="-83.7207"/>
      <trkpt lat="37.67649" lon="-83.72062"/>
      <trkpt lat="37.67655" lon="-83.72044"/>
      <trkpt lat="37.67688" lon="-83.71997"/>
      <trkpt lat="37.67715" lon="-83.71964"/>
      <trkpt lat="37.67722" lon="-83.71955"/>
      <trkpt lat="37.67746" lon="-83.71918"/>
      <trkpt lat="37.67786" lon="-83.71865"/>
      <trkpt lat="37.67792" lon="-83.71857"/>
      <trkpt lat="37.678" lon="-83.71851"/>
      <trkpt lat="37.67808" lon="-83.71846"/>
      <trkpt lat="37.67818" lon="-83.71843"/>
      <trkpt lat="37.67822" lon="-83.71841"/>
      <trkpt lat="37.67837" lon="-83.71843"/>
      <trkpt lat="37.67863" lon="-83.71853"/>
      <trkpt lat="37.67868" lon="-83.71875"/>
      <trkpt lat="37.67874" lon="-83.71888"/>
      <trkpt lat="37.67881" lon="-83.71893"/>
      <trkpt lat="37.67884" lon="-83.71895"/>
      <trkpt lat="37.67895" lon="-83.71901"/>
      <trkpt lat="37.67905" lon="-83.71902"/>
      <trkpt lat="37.67931" lon="-83.71901"/>
      <trkpt lat="37.67945" lon="-83.71903"/>
      <trkpt lat="37.67959" lon="-83.71907"/>
      <trkpt lat="37.6797" lon="-83.71913"/>
      <trkpt lat="37.67974" lon="-83.71917"/>
      <trkpt lat="37.67987" lon="-83.71936"/>
      <trkpt lat="37.67993" lon="-83.71941"/>
      <trkpt lat="37.68003" lon="-83.71944"/>
      <trkpt lat="37.68014" lon="-83.71942"/>
      <trkpt lat="37.68024" lon="-83.71939"/>
      <trkpt lat="37.68031" lon="-83.71941"/>
      <trkpt lat="37.68047" lon="-83.71941"/>
      <trkpt lat="37.68059" lon="-83.71942"/>
      <trkpt lat="37.68071" lon="-83.71945"/>
      <trkpt lat="37.68075" lon="-83.71946"/>
      <trkpt lat="37.68079" lon="-83.71946"/>
      <trkpt lat="37.6809" lon="-83.71942"/>
      <trkpt lat="37.68097" lon="-83.71936"/>
      <trkpt lat="37.68103" lon="-83.71926"/>
      <trkpt lat="37.68113" lon="-83.71903"/>
      <trkpt lat="37.68132" lon="-83.71865"/>
      <trkpt lat="37.6815" lon="-83.71819"/>
      <trkpt lat="37.68169" lon="-83.71778"/>
      <trkpt lat="37.68183" lon="-83.71745"/>
      <trkpt lat="37.68188" lon="-83.7173"/>
      <trkpt lat="37.68193" lon="-83.71704"/>
      <trkpt lat="37.68207" lon="-83.71683"/>
      <trkpt lat="37.68214" lon="-83.71677"/>
      <trkpt lat="37.68224" lon="-83.71671"/>
      <trkpt lat="37.68251" lon="-83.71661"/>
      <trkpt lat="37.68321" lon="-83.71642"/>
      <trkpt lat="37.68358" lon="-83.71636"/>
      <trkpt lat="37.68364" lon="-83.71635"/>
      <trkpt lat="37.68375" lon="-83.71631"/>
      <trkpt lat="37.68379" lon="-83.71625"/>
      <trkpt lat="37.68389" lon="-83.71606"/>
      <trkpt lat="37.684" lon="-83.71591"/>
      <trkpt lat="37.68424" lon="-83.7157"/>
      <trkpt lat="37.68434" lon="-83.7155"/>
      <trkpt lat="37.68476" lon="-83.71484"/>
      <trkpt lat="37.68497" lon="-83.71456"/>
      <trkpt lat="37.68508" lon="-83.71446"/>
      <trkpt lat="37.6852" lon="-83.7144"/>
      <trkpt lat="37.6853" lon="-83.71438"/>
      <trkpt lat="37.68558" lon="-83.71433"/>
      <trkpt lat="37.68566" lon="-83.7143"/>
      <trkpt lat="37.68571" lon="-83.71426"/>
      <trkpt lat="37.68578" lon="-83.7142"/>
      <trkpt lat="37.68589" lon="-83.7141"/>
      <trkpt lat="37.68599" lon="-83.71404"/>
      <trkpt lat="37.68644" lon="-83.71393"/>
      <trkpt lat="37.68663" lon="-83.71385"/>
      <trkpt lat="37.68668" lon="-83.71381"/>
      <trkpt lat="37.6869" lon="-83.71358"/>
      <trkpt lat="37.68704" lon="-83.71331"/>
      <trkpt lat="37.68713" lon="-83.71316"/>
      <trkpt lat="37.68724" lon="-83.71301"/>
      <trkpt lat="37.68727" lon="-83.71295"/>
      <trkpt lat="37.68735" lon="-83.71261"/>
      <trkpt lat="37.68745" lon="-83.71237"/>
      <trkpt lat="37.68747" lon="-83.71231"/>
      <trkpt lat="37.68755" lon="-83.712"/>
      <trkpt lat="37.6876" lon="-83.71192"/>
      <trkpt lat="37.6879" lon="-83.71165"/>
      <trkpt lat="37.68812" lon="-83.7115"/>
      <trkpt lat="37.6882" lon="-83.71144"/>
      <trkpt lat="37.68831" lon="-83.71139"/>
      <trkpt lat="37.68843" lon="-83.71137"/>
      <trkpt lat="37.68853" lon="-83.71139"/>
      <trkpt lat="37.68864" lon="-83.71142"/>
      <trkpt lat="37.68889" lon="-83.71144"/>
      <trkpt lat="37.68894" lon="-83.71143"/>
      <trkpt lat="37.689" lon="-83.71136"/>
      <trkpt lat="37.68905" lon="-83.71123"/>
      <trkpt lat="37.68906" lon="-83.71118"/>
      <trkpt lat="37.68924" lon="-83.71065"/>
      <trkpt lat="37.6893" lon="-83.71052"/>
      <trkpt lat="37.68936" lon="-83.71046"/>
      <trkpt lat="37.68944" lon="-83.71043"/>
      <trkpt lat="37.68957" lon="-83.71041"/>
      <trkpt lat="37.68964" lon="-83.71041"/>
      <trkpt lat="37.68969" lon="-83.7101"/>
      <trkpt lat="37.68972" lon="-83.70999"/>
      <trkpt lat="37.6898" lon="-83.70978"/>
      <trkpt lat="37.68983" lon="-83.70948"/>
      <trkpt lat="37.68989" lon="-83.70935"/>
      <trkpt lat="37.68995" lon="-83.70927"/>
      <trkpt lat="37.69002" lon="-83.70922"/>
      <trkpt lat="37.69014" lon="-83.70917"/>
      <trkpt lat="37.69034" lon="-83.70916"/>
      <trkpt lat="37.69054" lon="-83.70917"/>
      <trkpt lat="37.69062" lon="-83.70919"/>
      <trkpt lat="37.69077" lon="-83.70917"/>
      <trkpt lat="37.6911" lon="-83.70904"/>
      <trkpt lat="37.69112" lon="-83.70903"/>
      <trkpt lat="37.69115" lon="-83.70901"/>
      <trkpt lat="37.69134" lon="-83.70871"/>
      <trkpt lat="37.69136" lon="-83.70863"/>
      <trkpt lat="37.69136" lon="-83.70859"/>
      <trkpt lat="37.69136" lon="-83.70853"/>
      <trkpt lat="37.69135" lon="-83.70845"/>
      <trkpt lat="37.69133" lon="-83.7084"/>
      <trkpt lat="37.69132" lon="-83.70835"/>
      <trkpt lat="37.69121" lon="-83.7082"/>
      <trkpt lat="37.69087" lon="-83.70794"/>
      <trkpt lat="37.69082" lon="-83.70788"/>
      <trkpt lat="37.69077" lon="-83.70778"/>
      <trkpt lat="37.69074" lon="-83.70764"/>
      <trkpt lat="37.69074" lon="-83.70758"/>
      <trkpt lat="37.69075" lon="-83.7075"/>
      <trkpt lat="37.69083" lon="-83.70724"/>
      <trkpt lat="37.69091" lon="-83.70711"/>
      <trkpt lat="37.69095" lon="-83.70706"/>
      <trkpt lat="37.69108" lon="-83.70696"/>
      <trkpt lat="37.69117" lon="-83.70693"/>
      <trkpt lat="37.69122" lon="-83.70692"/>
      <trkpt lat="37.69137" lon="-83.70693"/>
      <trkpt lat="37.69174" lon="-83.70687"/>
      <trkpt lat="37.69191" lon="-83.70689"/>
      <trkpt lat="37.69204" lon="-83.70689"/>
      <trkpt lat="37.69217" lon="-83.70686"/>
      <trkpt lat="37.69226" lon="-83.70681"/>
      <trkpt lat="37.69255" lon="-83.70662"/>
      <trkpt lat="37.69296" lon="-83.70634"/>
      <trkpt lat="37.69304" lon="-83.70627"/>
      <trkpt lat="37.69315" lon="-83.70615"/>
      <trkpt lat="37.69349" lon="-83.70575"/>
      <trkpt lat="37.69397" lon="-83.70527"/>
      <trkpt lat="37.69409" lon="-83.70513"/>
      <trkpt lat="37.69413" lon="-83.70506"/>
      <trkpt lat="37.69416" lon="-83.70499"/>
      <trkpt lat="37.69418" lon="-83.70488"/>
      <trkpt lat="37.69416" lon="-83.70473"/>
      <trkpt lat="37.69414" lon="-83.7046"/>
      <trkpt lat="37.69414" lon="-83.70442"/>
      <trkpt lat="37.69415" lon="-83.70418"/>
      <trkpt lat="37.69419" lon="-83.704"/>
      <trkpt lat="37.69431" lon="-83.70374"/>
      <trkpt lat="37.69442" lon="-83.70355"/>
      <trkpt lat="37.69461" lon="-83.70327"/>
      <trkpt lat="37.69469" lon="-83.70311"/>
      <trkpt lat="37.69494" lon="-83.70236"/>
      <trkpt lat="37.69508" lon="-83.70201"/>
      <trkpt lat="37.69527" lon="-83.70158"/>
      <trkpt lat="37.69558" lon="-83.70108"/>
      <trkpt lat="37.69563" lon="-83.70102"/>
      <trkpt lat="37.69587" lon="-83.70081"/>
      <trkpt lat="37.69594" lon="-83.70079"/>
      <trkpt lat="37.69602" lon="-83.70077"/>
      <trkpt lat="37.69621" lon="-83.70076"/>
      <trkpt lat="37.6967" lon="-83.70081"/>
      <trkpt lat="37.6968" lon="-83.70081"/>
      <trkpt lat="37.69693" lon="-83.70078"/>
      <trkpt lat="37.69749" lon="-83.7005"/>
      <trkpt lat="37.69811" lon="-83.70024"/>
      <trkpt lat="37.69836" lon="-83.70013"/>
      <trkpt lat="37.69849" lon="-83.70003"/>
      <trkpt lat="37.69857" lon="-83.69994"/>
      <trkpt lat="37.69869" lon="-83.69982"/>
      <trkpt lat="37.69887" lon="-83.69971"/>
      <trkpt lat="37.69894" lon="-83.69968"/>
      <trkpt lat="37.69911" lon="-83.69967"/>
      <trkpt lat="37.69926" lon="-83.69968"/>
      <trkpt lat="37.6995" lon="-83.69964"/>
      <trkpt lat="37.69972" lon="-83.69958"/>
      <trkpt lat="37.69981" lon="-83.69957"/>
      <trkpt lat="37.70002" lon="-83.69966"/>
      <trkpt lat="37.70032" lon="-83.69983"/>
      <trkpt lat="37.70044" lon="-83.69989"/>
      <trkpt lat="37.70051" lon="-83.69991"/>
      <trkpt lat="37.70058" lon="-83.69991"/>
      <trkpt lat="37.70065" lon="-83.6999"/>
      <trkpt lat="37.70078" lon="-83.69985"/>
      <trkpt lat="37.7009" lon="-83.69977"/>
      <trkpt lat="37.70112" lon="-83.69958"/>
      <trkpt lat="37.7013" lon="-83.69947"/>
      <trkpt lat="37.7015" lon="-83.69935"/>
      <trkpt lat="37.70156" lon="-83.69931"/>
      <trkpt lat="37.70166" lon="-83.69925"/>
      <trkpt lat="37.70178" lon="-83.69912"/>
      <trkpt lat="37.702" lon="-83.69886"/>
      <trkpt lat="37.70209" lon="-83.69874"/>
      <trkpt lat="37.7022" lon="-83.69852"/>
      <trkpt lat="37.70229" lon="-83.6983"/>
      <trkpt lat="37.70242" lon="-83.69791"/>
      <trkpt lat="37.70253" lon="-83.69761"/>
      <trkpt lat="37.70261" lon="-83.69745"/>
      <trkpt lat="37.70269" lon="-83.69732"/>
      <trkpt lat="37.70283" lon="-83.69715"/>
      <trkpt lat="37.70296" lon="-83.69701"/>
      <trkpt lat="37.70306" lon="-83.69693"/>
      <trkpt lat="37.70317" lon="-83.69689"/>
      <trkpt lat="37.70369" lon="-83.69677"/>
      <trkpt lat="37.70373" lon="-83.69678"/>
      <trkpt lat="37.70382" lon="-83.69682"/>
      <trkpt lat="37.70402" lon="-83.69696"/>
      <trkpt lat="37.70427" lon="-83.69707"/>
      <trkpt lat="37.70437" lon="-83.6971"/>
      <trkpt lat="37.70456" lon="-83.69713"/>
      <trkpt lat="37.70474" lon="-83.69714"/>
      <trkpt lat="37.70478" lon="-83.69713"/>
      <trkpt lat="37.70493" lon="-83.69707"/>
      <trkpt lat="37.7051" lon="-83.69696"/>
      <trkpt lat="37.70526" lon="-83.69679"/>
      <trkpt lat="37.70559" lon="-83.6965"/>
      <trkpt lat="37.70573" lon="-83.69632"/>
      <trkpt lat="37.70582" lon="-83.69625"/>
      <trkpt lat="37.70596" lon="-83.69617"/>
      <trkpt lat="37.70601" lon="-83.69615"/>
      <trkpt lat="37.70607" lon="-83.69614"/>
      <trkpt lat="37.70627" lon="-83.69606"/>
      <trkpt lat="37.70641" lon="-83.696"/>
      <trkpt lat="37.70655" lon="-83.69592"/>
      <trkpt lat="37.70664" lon="-83.6959"/>
      <trkpt lat="37.70668" lon="-83.69591"/>
      <trkpt lat="37.70672" lon="-83.69593"/>
      <trkpt lat="37.70676" lon="-83.69598"/>
      <trkpt lat="37.70677" lon="-83.69606"/>
      <trkpt lat="37.70676" lon="-83.69614"/>
      <trkpt lat="37.70665" lon="-83.69627"/>
      <trkpt lat="37.70651" lon="-83.69641"/>
      <trkpt lat="37.70638" lon="-83.69659"/>
      <trkpt lat="37.70633" lon="-83.69673"/>
      <trkpt lat="37.7063" lon="-83.69685"/>
      <trkpt lat="37.7063" lon="-83.69696"/>
      <trkpt lat="37.70631" lon="-83.69702"/>
      <trkpt lat="37.70633" lon="-83.69706"/>
      <trkpt lat="37.70636" lon="-83.69709"/>
      <trkpt lat="37.7064" lon="-83.6971"/>
      <trkpt lat="37.70645" lon="-83.6971"/>
      <trkpt lat="37.7065" lon="-83.69708"/>
      <trkpt lat="37.70657" lon="-83.69701"/>
      <trkpt lat="37.70686" lon="-83.69666"/>
      <trkpt lat="37.70723" lon="-83.69623"/>
      <trkpt lat="37.70735" lon="-83.69608"/>
      <trkpt lat="37.70757" lon="-83.69579"/>
      <trkpt lat="37.70774" lon="-83.69558"/>
      <trkpt lat="37.70784" lon="-83.69549"/>
      <trkpt lat="37.70792" lon="-83.69543"/>
      <trkpt lat="37.70808" lon="-83.69534"/>
      <trkpt lat="37.70858" lon="-83.69509"/>
      <trkpt lat="37.70967" lon="-83.69462"/>
      <trkpt lat="37.70975" lon="-83.6946"/>
      <trkpt lat="37.70991" lon="-83.69457"/>
      <trkpt lat="37.71002" lon="-83.69458"/>
      <trkpt lat="37.71021" lon="-83.69461"/>
      <trkpt lat="37.71034" lon="-83.69458"/>
      <trkpt lat="37.71037" lon="-83.69467"/>
      <trkpt lat="37.71041" lon="-83.69472"/>
      <trkpt lat="37.71046" lon="-83.69476"/>
      <trkpt lat="37.71049" lon="-83.69479"/>
      <trkpt lat="37.71057" lon="-83.69484"/>
      <trkpt lat="37.71067" lon="-83.69487"/>
      <trkpt lat="37.71088" lon="-83.69493"/>
      <trkpt lat="37.71116" lon="-83.69499"/>
      <trkpt lat="37.71142" lon="-83.69505"/>
      <trkpt lat="37.71152" lon="-83.69508"/>
      <trkpt lat="37.71162" lon="-83.69513"/>
      <trkpt lat="37.71171" lon="-83.69522"/>
      <trkpt lat="37.71177" lon="-83.69533"/>
      <trkpt lat="37.7118" lon="-83.6954"/>
      <trkpt lat="37.71182" lon="-83.69548"/>
      <trkpt lat="37.71184" lon="-83.69555"/>
      <trkpt lat="37.71186" lon="-83.69572"/>
      <trkpt lat="37.71188" lon="-83.69597"/>
      <trkpt lat="37.71192" lon="-83.69649"/>
      <trkpt lat="37.71194" lon="-83.69684"/>
      <trkpt lat="37.71198" lon="-83.69719"/>
      <trkpt lat="37.71198" lon="-83.69731"/>
      <trkpt lat="37.71201" lon="-83.69754"/>
      <trkpt lat="37.71205" lon="-83.69776"/>
      <trkpt lat="37.71207" lon="-83.69783"/>
      <trkpt lat="37.71211" lon="-83.69796"/>
      <trkpt lat="37.71217" lon="-83.69808"/>
      <trkpt lat="37.71225" lon="-83.69817"/>
      <trkpt lat="37.71234" lon="-83.69825"/>
      <trkpt lat="37.71244" lon="-83.69832"/>
      <trkpt lat="37.71259" lon="-83.6984"/>
      <trkpt lat="37.71267" lon="-83.69844"/>
      <trkpt lat="37.71277" lon="-83.69852"/>
      <trkpt lat="37.71287" lon="-83.69861"/>
      <trkpt lat="37.71304" lon="-83.6988"/>
      <trkpt lat="37.71313" lon="-83.69891"/>
      <trkpt lat="37.71333" lon="-83.69918"/>
      <trkpt lat="37.71353" lon="-83.69943"/>
      <trkpt lat="37.71361" lon="-83.69954"/>
      <trkpt lat="37.71365" lon="-83.6996"/>
      <trkpt lat="37.71368" lon="-83.69966"/>
      <trkpt lat="37.71373" lon="-83.6998"/>
      <trkpt lat="37.71377" lon="-83.69995"/>
      <trkpt lat="37.71378" lon="-83.70012"/>
      <trkpt lat="37.71377" lon="-83.70029"/>
      <trkpt lat="37.71369" lon="-83.7008"/>
      <trkpt lat="37.71357" lon="-83.70149"/>
      <trkpt lat="37.7135" lon="-83.70193"/>
      <trkpt lat="37.71347" lon="-83.70211"/>
      <trkpt lat="37.71347" lon="-83.70219"/>
      <trkpt lat="37.71346" lon="-83.70237"/>
      <trkpt lat="37.71347" lon="-83.70253"/>
      <trkpt lat="37.71354" lon="-83.70286"/>
      <trkpt lat="37.71359" lon="-83.70302"/>
      <trkpt lat="37.71366" lon="-83.70315"/>
      <trkpt lat="37.71374" lon="-83.70328"/>
      <trkpt lat="37.71383" lon="-83.70339"/>
      <trkpt lat="37.71389" lon="-83.70346"/>
      <trkpt lat="37.71393" lon="-83.7035"/>
      <trkpt lat="37.71434" lon="-83.70391"/>
      <trkpt lat="37.71454" lon="-83.70412"/>
      <trkpt lat="37.71464" lon="-83.70424"/>
      <trkpt lat="37.71475" lon="-83.70435"/>
      <trkpt lat="37.71531" lon="-83.70492"/>
      <trkpt lat="37.71569" lon="-83.70533"/>
      <trkpt lat="37.71589" lon="-83.70554"/>
      <trkpt lat="37.71645" lon="-83.70614"/>
      <trkpt lat="37.71657" lon="-83.70629"/>
      <trkpt lat="37.71668" lon="-83.70632"/>
      <trkpt lat="37.71664" lon="-83.7064"/>
      <trkpt lat="37.71668" lon="-83.70652"/>
      <trkpt lat="37.7167" lon="-83.70659"/>
      <trkpt lat="37.7167" lon="-83.70666"/>
      <trkpt lat="37.7167" lon="-83.70674"/>
      <trkpt lat="37.71669" lon="-83.70681"/>
      <trkpt lat="37.71665" lon="-83.70695"/>
      <trkpt lat="37.71662" lon="-83.70701"/>
      <trkpt lat="37.71655" lon="-83.70716"/>
      <trkpt lat="37.7165" lon="-83.70727"/>
      <trkpt lat="37.71636" lon="-83.70759"/>
      <trkpt lat="37.71632" lon="-83.70773"/>
      <trkpt lat="37.71629" lon="-83.70787"/>
      <trkpt lat="37.71627" lon="-83.70801"/>
      <trkpt lat="37.71639" lon="-83.70856"/>
      <trkpt lat="37.71647" lon="-83.70868"/>
      <trkpt lat="37.71655" lon="-83.70878"/>
      <trkpt lat="37.71664" lon="-83.70888"/>
      <trkpt lat="37.71689" lon="-83.70909"/>
      <trkpt lat="37.71716" lon="-83.70935"/>
      <trkpt lat="37.71762" lon="-83.70975"/>
      <trkpt lat="37.71783" lon="-83.70996"/>
      <trkpt lat="37.71802" lon="-83.71013"/>
      <trkpt lat="37.7184" lon="-83.71052"/>
      <trkpt lat="37.7187" lon="-83.71086"/>
      <trkpt lat="37.71945" lon="-83.71176"/>
      <trkpt lat="37.7197" lon="-83.71203"/>
      <trkpt lat="37.71987" lon="-83.71224"/>
      <trkpt lat="37.71995" lon="-83.71235"/>
      <trkpt lat="37.72001" lon="-83.71247"/>
      <trkpt lat="37.72004" lon="-83.7126"/>
      <trkpt lat="37.72005" lon="-83.71273"/>
      <trkpt lat="37.72002" lon="-83.71286"/>
      <trkpt lat="37.71996" lon="-83.71299"/>
      <trkpt lat="37.7199" lon="-83.7131"/>
      <trkpt lat="37.71984" lon="-83.71318"/>
      <trkpt lat="37.71939" lon="-83.71373"/>
      <trkpt lat="37.71912" lon="-83.71407"/>
      <trkpt lat="37.719" lon="-83.71425"/>
      <trkpt lat="37.71892" lon="-83.7144"/>
      <trkpt lat="37.71888" lon="-83.71451"/>
      <trkpt lat="37.71884" lon="-83.71465"/>
      <trkpt lat="37.71882" lon="-83.71483"/>
      <trkpt lat="37.71878" lon="-83.71526"/>
      <trkpt lat="37.71876" lon="-83.71543"/>
      <trkpt lat="37.71874" lon="-83.71553"/>
      <trkpt lat="37.71873" lon="-83.71559"/>
      <trkpt lat="37.71867" lon="-83.71583"/>
      <trkpt lat="37.71862" lon="-83.71598"/>
      <trkpt lat="37.71859" lon="-83.71606"/>
      <trkpt lat="37.71812" lon="-83.71692"/>
      <trkpt lat="37.71805" lon="-83.71705"/>
      <trkpt lat="37.71797" lon="-83.71718"/>
      <trkpt lat="37.71791" lon="-83.71732"/>
      <trkpt lat="37.71785" lon="-83.71746"/>
      <trkpt lat="37.71779" lon="-83.71768"/>
      <trkpt lat="37.71773" lon="-83.71799"/>
      <trkpt lat="37.71766" lon="-83.7186"/>
      <trkpt lat="37.71762" lon="-83.71882"/>
      <trkpt lat="37.71759" lon="-83.71896"/>
      <trkpt lat="37.71752" lon="-83.71924"/>
      <trkpt lat="37.71738" lon="-83.71962"/>
      <trkpt lat="37.71733" lon="-83.71976"/>
      <trkpt lat="37.71721" lon="-83.72001"/>
      <trkpt lat="37.71714" lon="-83.72013"/>
      <trkpt lat="37.71703" lon="-83.7203"/>
      <trkpt lat="37.71691" lon="-83.72044"/>
      <trkpt lat="37.71682" lon="-83.72051"/>
      <trkpt lat="37.71673" lon="-83.72057"/>
      <trkpt lat="37.71664" lon="-83.72063"/>
      <trkpt lat="37.71632" lon="-83.72079"/>
      <trkpt lat="37.71621" lon="-83.72089"/>
      <trkpt lat="37.71616" lon="-83.72098"/>
      <trkpt lat="37.71612" lon="-83.72111"/>
      <trkpt lat="37.71611" lon="-83.72118"/>
      <trkpt lat="37.71611" lon="-83.7213"/>
      <trkpt lat="37.71616" lon="-83.72149"/>
      <trkpt lat="37.71619" lon="-83.72159"/>
      <trkpt lat="37.71635" lon="-83.72164"/>
      <trkpt lat="37.71648" lon="-83.72168"/>
      <trkpt lat="37.71655" lon="-83.72171"/>
      <trkpt lat="37.71671" lon="-83.72173"/>
      <trkpt lat="37.71735" lon="-83.72171"/>
      <trkpt lat="37.71782" lon="-83.72165"/>
      <trkpt lat="37.71812" lon="-83.72163"/>
      <trkpt lat="37.7185" lon="-83.72166"/>
      <trkpt lat="37.71861" lon="-83.72168"/>
      <trkpt lat="37.7187" lon="-83.72173"/>
      <trkpt lat="37.71891" lon="-83.72195"/>
      <trkpt lat="37.71898" lon="-83.72204"/>
      <trkpt lat="37.71906" lon="-83.72213"/>
      <trkpt lat="37.71939" lon="-83.72256"/>
      <trkpt lat="37.71947" lon="-83.72264"/>
      <trkpt lat="37.71969" lon="-83.7228"/>
      <trkpt lat="37.71987" lon="-83.72291"/>
      <trkpt lat="37.71996" lon="-83.72295"/>
      <trkpt lat="37.72007" lon="-83.72297"/>
      <trkpt lat="37.72026" lon="-83.72296"/>
      <trkpt lat="37.72045" lon="-83.72294"/>
      <trkpt lat="37.72064" lon="-83.72288"/>
      <trkpt lat="37.72081" lon="-83.7228"/>
      <trkpt lat="37.7209" lon="-83.72274"/>
      <trkpt lat="37.72094" lon="-83.7227"/>
      <trkpt lat="37.72104" lon="-83.72262"/>
      <trkpt lat="37.72139" lon="-83.72225"/>
      <trkpt lat="37.72149" lon="-83.72216"/>
      <trkpt lat="37.72166" lon="-83.72206"/>
      <trkpt lat="37.72177" lon="-83.72206"/>
      <trkpt lat="37.72214" lon="-83.72218"/>
      <trkpt lat="37.72255" lon="-83.72232"/>
      <trkpt lat="37.72266" lon="-83.72235"/>
      <trkpt lat="37.72286" lon="-83.72236"/>
      <trkpt lat="37.72317" lon="-83.72233"/>
      <trkpt lat="37.72327" lon="-83.7223"/>
      <trkpt lat="37.72346" lon="-83.72223"/>
      <trkpt lat="37.72379" lon="-83.72208"/>
      <trkpt lat="37.72389" lon="-83.72203"/>
      <trkpt lat="37.72408" lon="-83.72195"/>
      <trkpt lat="37.72434" lon="-83.72183"/>
      <trkpt lat="37.72447" lon="-83.72178"/>
      <trkpt lat="37.72459" lon="-83.72175"/>
      <trkpt lat="37.72504" lon="-83.72168"/>
      <trkpt lat="37.72514" lon="-83.72165"/>
      <trkpt lat="37.72521" lon="-83.72161"/>
      <trkpt lat="37.72538" lon="-83.72148"/>
      <trkpt lat="37.72546" lon="-83.72144"/>
      <trkpt lat="37.72555" lon="-83.72141"/>
      <trkpt lat="37.72565" lon="-83.72139"/>
      <trkpt lat="37.72585" lon="-83.72141"/>
      <trkpt lat="37.72603" lon="-83.72148"/>
      <trkpt lat="37.72623" lon="-83.72159"/>
      <trkpt lat="37.72657" lon="-83.72178"/>
      <trkpt lat="37.72666" lon="-83.72183"/>
      <trkpt lat="37.72721" lon="-83.72211"/>
      <trkpt lat="37.72731" lon="-83.72215"/>
      <trkpt lat="37.7274" lon="-83.72219"/>
      <trkpt lat="37.7276" lon="-83.72223"/>
      <trkpt lat="37.7279" lon="-83.72218"/>
      <trkpt lat="37.72819" lon="-83.72239"/>
      <trkpt lat="37.7283" lon="-83.72265"/>
      <trkpt lat="37.72832" lon="-83.72283"/>
      <trkpt lat="37.72832" lon="-83.72303"/>
      <trkpt lat="37.72823" lon="-83.72336"/>
      <trkpt lat="37.72817" lon="-83.72356"/>
      <trkpt lat="37.72805" lon="-83.72395"/>
      <trkpt lat="37.72792" lon="-83.72431"/>
      <trkpt lat="37.72781" lon="-83.72467"/>
      <trkpt lat="37.72774" lon="-83.72502"/>
      <trkpt lat="37.72772" lon="-83.72522"/>
      <trkpt lat="37.72768" lon="-83.72554"/>
      <trkpt lat="37.72767" lon="-83.7258"/>
      <trkpt lat="37.72769" lon="-83.72607"/>
      <trkpt lat="37.72775" lon="-83.72633"/>
      <trkpt lat="37.7278" lon="-83.72646"/>
      <trkpt lat="37.72799" lon="-83.72686"/>
      <trkpt lat="37.72812" lon="-83.72705"/>
      <trkpt lat="37.72835" lon="-83.72728"/>
      <trkpt lat="37.72871" lon="-83.72756"/>
      <trkpt lat="37.72895" lon="-83.7278"/>
      <trkpt lat="37.72922" lon="-83.72813"/>
      <trkpt lat="37.72936" lon="-83.72834"/>
      <trkpt lat="37.72963" lon="-83.7288"/>
      <trkpt lat="37.72977" lon="-83.72905"/>
      <trkpt lat="37.72981" lon="-83.72916"/>
      <trkpt lat="37.72984" lon="-83.72925"/>
      <trkpt lat="37.72989" lon="-83.72946"/>
      <trkpt lat="37.72992" lon="-83.72961"/>
      <trkpt lat="37.72993" lon="-83.72976"/>
      <trkpt lat="37.72993" lon="-83.73014"/>
      <trkpt lat="37.72994" lon="-83.73023"/>
      <trkpt lat="37.72997" lon="-83.7303"/>
      <trkpt lat="37.73002" lon="-83.73035"/>
      <trkpt lat="37.73012" lon="-83.73042"/>
      <trkpt lat="37.73025" lon="-83.73043"/>
      <trkpt lat="37.73079" lon="-83.73034"/>
      <trkpt lat="37.73103" lon="-83.73025"/>
      <trkpt lat="37.73114" lon="-83.73024"/>
      <trkpt lat="37.73126" lon="-83.73025"/>
      <trkpt lat="37.73135" lon="-83.73029"/>
      <trkpt lat="37.73144" lon="-83.73045"/>
      <trkpt lat="37.73147" lon="-83.73054"/>
      <trkpt lat="37.73148" lon="-83.73071"/>
      <trkpt lat="37.73148" lon="-83.7309"/>
      <trkpt lat="37.73142" lon="-83.73116"/>
      <trkpt lat="37.73121" lon="-83.73172"/>
      <trkpt lat="37.7312" lon="-83.7318"/>
      <trkpt lat="37.73119" lon="-83.73195"/>
      <trkpt lat="37.7312" lon="-83.73199"/>
      <trkpt lat="37.73121" lon="-83.73203"/>
      <trkpt lat="37.73127" lon="-83.73219"/>
      <trkpt lat="37.73135" lon="-83.73231"/>
      <trkpt lat="37.73145" lon="-83.73241"/>
      <trkpt lat="37.73159" lon="-83.73254"/>
      <trkpt lat="37.73175" lon="-83.73264"/>
      <trkpt lat="37.73189" lon="-83.7327"/>
      <trkpt lat="37.73201" lon="-83.73276"/>
      <trkpt lat="37.73222" lon="-83.73291"/>
      <trkpt lat="37.73248" lon="-83.73309"/>
      <trkpt lat="37.73259" lon="-83.73306"/>
      <trkpt lat="37.73266" lon="-83.73305"/>
      <trkpt lat="37.7328" lon="-83.73295"/>
      <trkpt lat="37.73293" lon="-83.73285"/>
      <trkpt lat="37.73346" lon="-83.73252"/>
      <trkpt lat="37.73404" lon="-83.73229"/>
      <trkpt lat="37.7343" lon="-83.73214"/>
      <trkpt lat="37.73443" lon="-83.73206"/>
      <trkpt lat="37.73486" lon="-83.73172"/>
      <trkpt lat="37.7354" lon="-83.73148"/>
      <trkpt lat="37.73547" lon="-83.73143"/>
      <trkpt lat="37.73558" lon="-83.73129"/>
      <trkpt lat="37.73584" lon="-83.73078"/>
      <trkpt lat="37.73594" lon="-83.73062"/>
      <trkpt lat="37.73612" lon="-83.73037"/>
      <trkpt lat="37.73622" lon="-83.73026"/>
      <trkpt lat="37.73648" lon="-83.72999"/>
      <trkpt lat="37.73666" lon="-83.72986"/>
      <trkpt lat="37.73671" lon="-83.72982"/>
      <trkpt lat="37.73678" lon="-83.72979"/>
      <trkpt lat="37.73691" lon="-83.72977"/>
      <trkpt lat="37.73703" lon="-83.7298"/>
      <trkpt lat="37.73709" lon="-83.72984"/>
      <trkpt lat="37.73718" lon="-83.72991"/>
      <trkpt lat="37.73755" lon="-83.73034"/>
      <trkpt lat="37.73765" lon="-83.73044"/>
      <trkpt lat="37.73851" lon="-83.73111"/>
      <trkpt lat="37.73862" lon="-83.73117"/>
      <trkpt lat="37.73868" lon="-83.73118"/>
      <trkpt lat="37.7388" lon="-83.73118"/>
      <trkpt lat="37.73892" lon="-83.73113"/>
      <trkpt lat="37.73932" lon="-83.73084"/>
      <trkpt lat="37.73939" lon="-83.73077"/>
      <trkpt lat="37.73959" lon="-83.73049"/>
      <trkpt lat="37.73965" lon="-83.73043"/>
      <trkpt lat="37.73981" lon="-83.73037"/>
      <trkpt lat="37.74008" lon="-83.73043"/>
      <trkpt lat="37.74029" lon="-83.73055"/>
      <trkpt lat="37.74041" lon="-83.73067"/>
      <trkpt lat="37.7408" lon="-83.73099"/>
      <trkpt lat="37.74088" lon="-83.73108"/>
      <trkpt lat="37.74095" lon="-83.73118"/>
      <trkpt lat="37.74111" lon="-83.7315"/>
      <trkpt lat="37.74114" lon="-83.73153"/>
      <trkpt lat="37.74117" lon="-83.73155"/>
      <trkpt lat="37.74145" lon="-83.7316"/>
      <trkpt lat="37.74155" lon="-83.73164"/>
      <trkpt lat="37.74164" lon="-83.73174"/>
      <trkpt lat="37.74168" lon="-83.73187"/>
      <trkpt lat="37.74176" lon="-83.73203"/>
      <trkpt lat="37.74178" lon="-83.73214"/>
      <trkpt lat="37.74179" lon="-83.73221"/>
      <trkpt lat="37.74177" lon="-83.73262"/>
      <trkpt lat="37.74178" lon="-83.73271"/>
      <trkpt lat="37.7418" lon="-83.73278"/>
      <trkpt lat="37.74185" lon="-83.73291"/>
      <trkpt lat="37.74204" lon="-83.73315"/>
      <trkpt lat="37.74214" lon="-83.73325"/>
      <trkpt lat="37.74226" lon="-83.73333"/>
      <trkpt lat="37.74309" lon="-83.73379"/>
      <trkpt lat="37.74324" lon="-83.73388"/>
      <trkpt lat="37.74345" lon="-83.73408"/>
      <trkpt lat="37.74404" lon="-83.73471"/>
      <trkpt lat="37.74417" lon="-83.73484"/>
      <trkpt lat="37.74429" lon="-83.73493"/>
      <trkpt lat="37.74464" lon="-83.73512"/>
      <trkpt lat="37.74478" lon="-83.7352"/>
      <trkpt lat="37.7451" lon="-83.73544"/>
      <trkpt lat="37.74546" lon="-83.73568"/>
      <trkpt lat="37.74554" lon="-83.73577"/>
      <trkpt lat="37.74566" lon="-83.73596"/>
      <trkpt lat="37.74578" lon="-83.73623"/>
      <trkpt lat="37.74584" lon="-83.73641"/>
      <trkpt lat="37.74588" lon="-83.73666"/>
      <trkpt lat="37.7459" lon="-83.73716"/>
      <trkpt lat="37.74588" lon="-83.73754"/>
      <trkpt lat="37.74588" lon="-83.73765"/>
      <trkpt lat="37.74593" lon="-83.73787"/>
      <trkpt lat="37.74598" lon="-83.73802"/>
      <trkpt lat="37.746" lon="-83.73812"/>
      <trkpt lat="37.74601" lon="-83.73829"/>
      <trkpt lat="37.74598" lon="-83.73846"/>
      <trkpt lat="37.74594" lon="-83.73861"/>
      <trkpt lat="37.7459" lon="-83.73867"/>
      <trkpt lat="37.74578" lon="-83.73882"/>
      <trkpt lat="37.74573" lon="-83.73893"/>
      <trkpt lat="37.74572" lon="-83.73898"/>
      <trkpt lat="37.7457" lon="-83.73905"/>
      <trkpt lat="37.7457" lon="-83.73918"/>
      <trkpt lat="37.7457" lon="-83.73925"/>
      <trkpt lat="37.74572" lon="-83.73931"/>
      <trkpt lat="37.74585" lon="-83.73947"/>
      <trkpt lat="37.74588" lon="-83.73954"/>
      <trkpt lat="37.74591" lon="-83.73962"/>
      <trkpt lat="37.74599" lon="-83.74016"/>
      <trkpt lat="37.74601" lon="-83.74047"/>
      <trkpt lat="37.74604" lon="-83.74066"/>
      <trkpt lat="37.74605" lon="-83.74077"/>
      <trkpt lat="37.74604" lon="-83.74088"/>
      <trkpt lat="37.74601" lon="-83.74104"/>
      <trkpt lat="37.74593" lon="-83.7413"/>
      <trkpt lat="37.74587" lon="-83.74146"/>
      <trkpt lat="37.74571" lon="-83.74178"/>
      <trkpt lat="37.74562" lon="-83.74201"/>
      <trkpt lat="37.74558" lon="-83.74217"/>
      <trkpt lat="37.74556" lon="-83.74225"/>
      <trkpt lat="37.74555" lon="-83.74238"/>
      <trkpt lat="37.74579" lon="-83.74208"/>
      <trkpt lat="37.74589" lon="-83.74194"/>
      <trkpt lat="37.74596" lon="-83.74183"/>
      <trkpt lat="37.74603" lon="-83.74171"/>
      <trkpt lat="37.74609" lon="-83.74159"/>
      <trkpt lat="37.74614" lon="-83.74145"/>
      <trkpt lat="37.74621" lon="-83.7412"/>
      <trkpt lat="37.74636" lon="-83.74051"/>
      <trkpt lat="37.74639" lon="-83.7404"/>
      <trkpt lat="37.74644" lon="-83.7403"/>
      <trkpt lat="37.74649" lon="-83.74021"/>
      <trkpt lat="37.74662" lon="-83.74004"/>
      <trkpt lat="37.74669" lon="-83.73997"/>
      <trkpt lat="37.74677" lon="-83.73992"/>
      <trkpt lat="37.74692" lon="-83.73982"/>
      <trkpt lat="37.74704" lon="-83.73978"/>
      <trkpt lat="37.74721" lon="-83.73972"/>
      <trkpt lat="37.74734" lon="-83.73969"/>
      <trkpt lat="37.74751" lon="-83.73966"/>
      <trkpt lat="37.74772" lon="-83.73964"/>
      <trkpt lat="37.7479" lon="-83.73964"/>
      <trkpt lat="37.74812" lon="-83.73966"/>
      <trkpt lat="37.74831" lon="-83.73969"/>
      <trkpt lat="37.74842" lon="-83.73973"/>
      <trkpt lat="37.74895" lon="-83.73991"/>
      <trkpt lat="37.74913" lon="-83.73996"/>
      <trkpt lat="37.74929" lon="-83.74"/>
      <trkpt lat="37.74943" lon="-83.74001"/>
      <trkpt lat="37.74959" lon="-83.74002"/>
      <trkpt lat="37.74993" lon="-83.74001"/>
      <trkpt lat="37.75014" lon="-83.73999"/>
      <trkpt lat="37.75029" lon="-83.73996"/>
      <trkpt lat="37.75045" lon="-83.73992"/>
      <trkpt lat="37.75096" lon="-83.73976"/>
      <trkpt lat="37.75106" lon="-83.73974"/>
      <trkpt lat="37.75114" lon="-83.73973"/>
      <trkpt lat="37.75123" lon="-83.73973"/>
      <trkpt lat="37.75129" lon="-83.73975"/>
      <trkpt lat="37.75138" lon="-83.73978"/>
      <trkpt lat="37.75145" lon="-83.73981"/>
      <trkpt lat="37.75166" lon="-83.73995"/>
      <trkpt lat="37.75174" lon="-83.74"/>
      <trkpt lat="37.7519" lon="-83.74005"/>
      <trkpt lat="37.75198" lon="-83.74007"/>
      <trkpt lat="37.75208" lon="-83.74009"/>
      <trkpt lat="37.75217" lon="-83.7401"/>
      <trkpt lat="37.75237" lon="-83.74009"/>
      <trkpt lat="37.75312" lon="-83.74002"/>
      <trkpt lat="37.75345" lon="-83.73998"/>
      <trkpt lat="37.75438" lon="-83.73985"/>
      <trkpt lat="37.75476" lon="-83.73981"/>
      <trkpt lat="37.75485" lon="-83.73979"/>
      <trkpt lat="37.75496" lon="-83.73977"/>
      <trkpt lat="37.75505" lon="-83.73973"/>
      <trkpt lat="37.75518" lon="-83.73968"/>
      <trkpt lat="37.75529" lon="-83.73961"/>
      <trkpt lat="37.75537" lon="-83.73956"/>
      <trkpt lat="37.75562" lon="-83.73936"/>
      <trkpt lat="37.75585" lon="-83.73916"/>
      <trkpt lat="37.75606" lon="-83.73898"/>
      <trkpt lat="37.75621" lon="-83.73887"/>
      <trkpt lat="37.7563" lon="-83.73881"/>
      <trkpt lat="37.7564" lon="-83.73877"/>
      <trkpt lat="37.75649" lon="-83.73873"/>
      <trkpt lat="37.75659" lon="-83.73871"/>
      <trkpt lat="37.75669" lon="-83.7387"/>
      <trkpt lat="37.75709" lon="-83.73874"/>
      <trkpt lat="37.75737" lon="-83.73864"/>
      <trkpt lat="37.75749" lon="-83.73854"/>
      <trkpt lat="37.75766" lon="-83.73845"/>
      <trkpt lat="37.75768" lon="-83.73844"/>
      <trkpt lat="37.75784" lon="-83.73834"/>
      <trkpt lat="37.758" lon="-83.73829"/>
      <trkpt lat="37.75811" lon="-83.73827"/>
      <trkpt lat="37.75829" lon="-83.73824"/>
      <trkpt lat="37.75871" lon="-83.73826"/>
      <trkpt lat="37.75903" lon="-83.73826"/>
      <trkpt lat="37.75937" lon="-83.73821"/>
      <trkpt lat="37.75975" lon="-83.73817"/>
      <trkpt lat="37.75989" lon="-83.73815"/>
      <trkpt lat="37.76017" lon="-83.73809"/>
      <trkpt lat="37.76025" lon="-83.73807"/>
      <trkpt lat="37.76046" lon="-83.73805"/>
      <trkpt lat="37.76055" lon="-83.73804"/>
      <trkpt lat="37.76067" lon="-83.73805"/>
      <trkpt lat="37.76085" lon="-83.73808"/>
      <trkpt lat="37.76097" lon="-83.73811"/>
      <trkpt lat="37.76107" lon="-83.73814"/>
      <trkpt lat="37.76117" lon="-83.73818"/>
      <trkpt lat="37.76145" lon="-83.73832"/>
      <trkpt lat="37.76204" lon="-83.73861"/>
      <trkpt lat="37.76217" lon="-83.73867"/>
      <trkpt lat="37.76231" lon="-83.73871"/>
      <trkpt lat="37.7625" lon="-83.73875"/>
      <trkpt lat="37.76261" lon="-83.73875"/>
      <trkpt lat="37.76286" lon="-83.73873"/>
      <trkpt lat="37.76295" lon="-83.73871"/>
      <trkpt lat="37.76299" lon="-83.73869"/>
      <trkpt lat="37.7631" lon="-83.73863"/>
      <trkpt lat="37.76336" lon="-83.73847"/>
      <trkpt lat="37.76354" lon="-83.73836"/>
      <trkpt lat="37.76373" lon="-83.73828"/>
      <trkpt lat="37.76382" lon="-83.73825"/>
      <trkpt lat="37.76392" lon="-83.73823"/>
      <trkpt lat="37.76404" lon="-83.73821"/>
      <trkpt lat="37.76421" lon="-83.73821"/>
      <trkpt lat="37.7643" lon="-83.73821"/>
      <trkpt lat="37.76453" lon="-83.73822"/>
      <trkpt lat="37.76472" lon="-83.73821"/>
      <trkpt lat="37.7648" lon="-83.7382"/>
      <trkpt lat="37.76485" lon="-83.73819"/>
      <trkpt lat="37.765" lon="-83.73815"/>
      <trkpt lat="37.76511" lon="-83.73811"/>
      <trkpt lat="37.76527" lon="-83.73802"/>
      <trkpt lat="37.76553" lon="-83.73783"/>
      <trkpt lat="37.76561" lon="-83.73779"/>
      <trkpt lat="37.76567" lon="-83.73777"/>
      <trkpt lat="37.76579" lon="-83.73775"/>
      <trkpt lat="37.76588" lon="-83.73774"/>
      <trkpt lat="37.76597" lon="-83.73775"/>
      <trkpt lat="37.76606" lon="-83.73777"/>
      <trkpt lat="37.76614" lon="-83.73779"/>
      <trkpt lat="37.76622" lon="-83.73784"/>
      <trkpt lat="37.76627" lon="-83.73787"/>
      <trkpt lat="37.76636" lon="-83.73795"/>
      <trkpt lat="37.76644" lon="-83.73804"/>
      <trkpt lat="37.76671" lon="-83.73841"/>
      <trkpt lat="37.76679" lon="-83.7385"/>
      <trkpt lat="37.76688" lon="-83.73861"/>
      <trkpt lat="37.76695" lon="-83.73868"/>
      <trkpt lat="37.76704" lon="-83.73876"/>
      <trkpt lat="37.76713" lon="-83.73882"/>
      <trkpt lat="37.76723" lon="-83.73888"/>
      <trkpt lat="37.76739" lon="-83.73895"/>
      <trkpt lat="37.76756" lon="-83.73899"/>
      <trkpt lat="37.76767" lon="-83.739"/>
      <trkpt lat="37.76776" lon="-83.73901"/>
      <trkpt lat="37.76804" lon="-83.73901"/>
      <trkpt lat="37.76821" lon="-83.73902"/>
      <trkpt lat="37.76831" lon="-83.73904"/>
      <trkpt lat="37.7684" lon="-83.73909"/>
      <trkpt lat="37.76847" lon="-83.73915"/>
      <trkpt lat="37.76854" lon="-83.73923"/>
      <trkpt lat="37.76861" lon="-83.73933"/>
      <trkpt lat="37.76865" lon="-83.73942"/>
      <trkpt lat="37.76885" lon="-83.73983"/>
      <trkpt lat="37.7689" lon="-83.73991"/>
      <trkpt lat="37.76896" lon="-83.73999"/>
      <trkpt lat="37.76901" lon="-83.74002"/>
      <trkpt lat="37.76909" lon="-83.74009"/>
      <trkpt lat="37.76919" lon="-83.74015"/>
      <trkpt lat="37.76928" lon="-83.74018"/>
      <trkpt lat="37.76938" lon="-83.74021"/>
      <trkpt lat="37.76949" lon="-83.74021"/>
      <trkpt lat="37.76962" lon="-83.74019"/>
      <trkpt lat="37.76971" lon="-83.74017"/>
      <trkpt lat="37.76979" lon="-83.74013"/>
      <trkpt lat="37.76989" lon="-83.74008"/>
      <trkpt lat="37.77006" lon="-83.73994"/>
      <trkpt lat="37.77023" lon="-83.73978"/>
      <trkpt lat="37.77048" lon="-83.73952"/>
      <trkpt lat="37.77065" lon="-83.73934"/>
      <trkpt lat="37.77099" lon="-83.73901"/>
      <trkpt lat="37.77108" lon="-83.73894"/>
      <trkpt lat="37.77116" lon="-83.73888"/>
      <trkpt lat="37.77126" lon="-83.73883"/>
      <trkpt lat="37.77135" lon="-83.7388"/>
      <trkpt lat="37.7714" lon="-83.73879"/>
      <trkpt lat="37.77145" lon="-83.73879"/>
      <trkpt lat="37.77155" lon="-83.7388"/>
      <trkpt lat="37.77172" lon="-83.73884"/>
      <trkpt lat="37.77211" lon="-83.73896"/>
      <trkpt lat="37.77222" lon="-83.73898"/>
      <trkpt lat="37.77231" lon="-83.739"/>
      <trkpt lat="37.77241" lon="-83.739"/>
      <trkpt lat="37.77252" lon="-83.73899"/>
      <trkpt lat="37.77263" lon="-83.73896"/>
      <trkpt lat="37.77275" lon="-83.73892"/>
      <trkpt lat="37.77297" lon="-83.73882"/>
      <trkpt lat="37.77308" lon="-83.73874"/>
      <trkpt lat="37.77341" lon="-83.73848"/>
      <trkpt lat="37.77364" lon="-83.73831"/>
      <trkpt lat="37.77414" lon="-83.73789"/>
      <trkpt lat="37.77427" lon="-83.73775"/>
      <trkpt lat="37.77484" lon="-83.73713"/>
      <trkpt lat="37.77503" lon="-83.73693"/>
      <trkpt lat="37.77566" lon="-83.7363"/>
      <trkpt lat="37.77635" lon="-83.7356"/>
      <trkpt lat="37.77643" lon="-83.73552"/>
      <trkpt lat="37.77651" lon="-83.73546"/>
      <trkpt lat="37.77659" lon="-83.73541"/>
      <trkpt lat="37.77668" lon="-83.73537"/>
      <trkpt lat="37.77677" lon="-83.73534"/>
      <trkpt lat="37.77687" lon="-83.73532"/>
      <trkpt lat="37.777" lon="-83.73531"/>
      <trkpt lat="37.7773" lon="-83.73533"/>
      <trkpt lat="37.7774" lon="-83.73534"/>
      <trkpt lat="37.77751" lon="-83.73533"/>
      <trkpt lat="37.77761" lon="-83.73531"/>
      <trkpt lat="37.77772" lon="-83.73528"/>
      <trkpt lat="37.77783" lon="-83.73524"/>
      <trkpt lat="37.77826" lon="-83.73504"/>
      <trkpt lat="37.7785" lon="-83.73493"/>
      <trkpt lat="37.77872" lon="-83.7348"/>
      <trkpt lat="37.77882" lon="-83.73473"/>
      <trkpt lat="37.77895" lon="-83.73461"/>
      <trkpt lat="37.77909" lon="-83.73445"/>
      <trkpt lat="37.77921" lon="-83.7343"/>
      <trkpt lat="37.77929" lon="-83.73418"/>
      <trkpt lat="37.77937" lon="-83.73405"/>
      <trkpt lat="37.77943" lon="-83.73391"/>
      <trkpt lat="37.7795" lon="-83.73376"/>
      <trkpt lat="37.77958" lon="-83.73357"/>
      <trkpt lat="37.77964" lon="-83.73337"/>
      <trkpt lat="37.77975" lon="-83.73289"/>
      <trkpt lat="37.7798" lon="-83.73272"/>
      <trkpt lat="37.77984" lon="-83.73259"/>
      <trkpt lat="37.77989" lon="-83.73247"/>
      <trkpt lat="37.77992" lon="-83.73242"/>
      <trkpt lat="37.77997" lon="-83.73234"/>
      <trkpt lat="37.78002" lon="-83.73227"/>
      <trkpt lat="37.7801" lon="-83.7322"/>
      <trkpt lat="37.78028" lon="-83.73206"/>
      <trkpt lat="37.78037" lon="-83.73201"/>
      <trkpt lat="37.78047" lon="-83.73196"/>
      <trkpt lat="37.78058" lon="-83.73191"/>
      <trkpt lat="37.78072" lon="-83.73187"/>
      <trkpt lat="37.7809" lon="-83.73185"/>
      <trkpt lat="37.78112" lon="-83.73184"/>
      <trkpt lat="37.78123" lon="-83.73186"/>
      <trkpt lat="37.78164" lon="-83.73196"/>
      <trkpt lat="37.78178" lon="-83.73198"/>
      <trkpt lat="37.78201" lon="-83.732"/>
      <trkpt lat="37.78262" lon="-83.73201"/>
      <trkpt lat="37.78274" lon="-83.73201"/>
      <trkpt lat="37.78299" lon="-83.73206"/>
      <trkpt lat="37.78302" lon="-83.73207"/>
      <trkpt lat="37.78308" lon="-83.73208"/>
      <trkpt lat="37.78334" lon="-83.73217"/>
      <trkpt lat="37.7835" lon="-83.73223"/>
      <trkpt lat="37.78361" lon="-83.73229"/>
      <trkpt lat="37.78371" lon="-83.73235"/>
      <trkpt lat="37.78376" lon="-83.73239"/>
      <trkpt lat="37.78389" lon="-83.7325"/>
      <trkpt lat="37.78409" lon="-83.73274"/>
      <trkpt lat="37.78454" lon="-83.73332"/>
      <trkpt lat="37.78497" lon="-83.73388"/>
      <trkpt lat="37.78523" lon="-83.73419"/>
      <trkpt lat="37.78541" lon="-83.73439"/>
      <trkpt lat="37.7856" lon="-83.73457"/>
      <trkpt lat="37.78576" lon="-83.73468"/>
      <trkpt lat="37.78587" lon="-83.73474"/>
      <trkpt lat="37.78603" lon="-83.73482"/>
      <trkpt lat="37.78615" lon="-83.73485"/>
      <trkpt lat="37.78624" lon="-83.73487"/>
      <trkpt lat="37.7863" lon="-83.73487"/>
      <trkpt lat="37.78639" lon="-83.73488"/>
      <trkpt lat="37.78651" lon="-83.73486"/>
      <trkpt lat="37.78663" lon="-83.73484"/>
      <trkpt lat="37.78673" lon="-83.73481"/>
      <trkpt lat="37.78684" lon="-83.73477"/>
      <trkpt lat="37.78694" lon="-83.73472"/>
      <trkpt lat="37.78708" lon="-83.73463"/>
      <trkpt lat="37.78719" lon="-83.73454"/>
      <trkpt lat="37.78728" lon="-83.73447"/>
      <trkpt lat="37.78736" lon="-83.73443"/>
      <trkpt lat="37.78745" lon="-83.73441"/>
      <trkpt lat="37.78753" lon="-83.7344"/>
      <trkpt lat="37.78758" lon="-83.73441"/>
      <trkpt lat="37.78767" lon="-83.73445"/>
      <trkpt lat="37.78777" lon="-83.73452"/>
      <trkpt lat="37.78836" lon="-83.73498"/>
      <trkpt lat="37.78912" lon="-83.73553"/>
      <trkpt lat="37.78931" lon="-83.73568"/>
      <trkpt lat="37.7894" lon="-83.73576"/>
      <trkpt lat="37.78947" lon="-83.73583"/>
      <trkpt lat="37.78957" lon="-83.73595"/>
      <trkpt lat="37.78964" lon="-83.73605"/>
      <trkpt lat="37.78972" lon="-83.73619"/>
      <trkpt lat="37.78983" lon="-83.73639"/>
      <trkpt lat="37.78994" lon="-83.73664"/>
      <trkpt lat="37.79005" lon="-83.73689"/>
      <trkpt lat="37.7901" lon="-83.73701"/>
      <trkpt lat="37.79021" lon="-83.73734"/>
      <trkpt lat="37.79032" lon="-83.73773"/>
      <trkpt lat="37.79035" lon="-83.73785"/>
      <trkpt lat="37.79037" lon="-83.73798"/>
      <trkpt lat="37.7904" lon="-83.7382"/>
      <trkpt lat="37.79043" lon="-83.73865"/>
      <trkpt lat="37.79045" lon="-83.73886"/>
      <trkpt lat="37.79048" lon="-83.739"/>
      <trkpt lat="37.79057" lon="-83.73927"/>
      <trkpt lat="37.79063" lon="-83.7394"/>
      <trkpt lat="37.79071" lon="-83.73956"/>
      <trkpt lat="37.79084" lon="-83.73978"/>
      <trkpt lat="37.79096" lon="-83.73995"/>
      <trkpt lat="37.7911" lon="-83.74011"/>
      <trkpt lat="37.7912" lon="-83.7402"/>
      <trkpt lat="37.79127" lon="-83.74025"/>
      <trkpt lat="37.79135" lon="-83.7403"/>
      <trkpt lat="37.79143" lon="-83.74034"/>
      <trkpt lat="37.79153" lon="-83.74039"/>
      <trkpt lat="37.79161" lon="-83.74041"/>
      <trkpt lat="37.79182" lon="-83.74047"/>
      <trkpt lat="37.79215" lon="-83.74054"/>
      <trkpt lat="37.79237" lon="-83.74058"/>
      <trkpt lat="37.79248" lon="-83.74059"/>
      <trkpt lat="37.79259" lon="-83.74059"/>
      <trkpt lat="37.7927" lon="-83.74056"/>
      <trkpt lat="37.79275" lon="-83.74055"/>
      <trkpt lat="37.79283" lon="-83.74051"/>
      <trkpt lat="37.7929" lon="-83.74047"/>
      <trkpt lat="37.79312" lon="-83.74027"/>
      <trkpt lat="37.79325" lon="-83.74017"/>
      <trkpt lat="37.79334" lon="-83.74012"/>
      <trkpt lat="37.79344" lon="-83.74007"/>
      <trkpt lat="37.79358" lon="-83.74003"/>
      <trkpt lat="37.79373" lon="-83.74"/>
      <trkpt lat="37.79394" lon="-83.73999"/>
      <trkpt lat="37.79407" lon="-83.74"/>
      <trkpt lat="37.79423" lon="-83.74003"/>
      <trkpt lat="37.79446" lon="-83.7401"/>
      <trkpt lat="37.79488" lon="-83.74025"/>
      <trkpt lat="37.79509" lon="-83.74033"/>
      <trkpt lat="37.79527" lon="-83.74042"/>
      <trkpt lat="37.79539" lon="-83.74048"/>
      <trkpt lat="37.796" lon="-83.74085"/>
      <trkpt lat="37.7961" lon="-83.7409"/>
      <trkpt lat="37.79624" lon="-83.74096"/>
      <trkpt lat="37.79634" lon="-83.741"/>
      <trkpt lat="37.79651" lon="-83.74105"/>
      <trkpt lat="37.79668" lon="-83.7411"/>
      <trkpt lat="37.79702" lon="-83.74125"/>
      <trkpt lat="37.79712" lon="-83.74129"/>
      <trkpt lat="37.79724" lon="-83.74132"/>
      <trkpt lat="37.79731" lon="-83.74133"/>
      <trkpt lat="37.7974" lon="-83.74134"/>
      <trkpt lat="37.7976" lon="-83.74134"/>
      <trkpt lat="37.798" lon="-83.74133"/>
      <trkpt lat="37.79832" lon="-83.74133"/>
      <trkpt lat="37.79843" lon="-83.74132"/>
      <trkpt lat="37.79851" lon="-83.74131"/>
      <trkpt lat="37.79864" lon="-83.74128"/>
      <trkpt lat="37.79872" lon="-83.74124"/>
      <trkpt lat="37.7988" lon="-83.74119"/>
      <trkpt lat="37.79897" lon="-83.74104"/>
      <trkpt lat="37.79905" lon="-83.74099"/>
      <trkpt lat="37.79913" lon="-83.74096"/>
      <trkpt lat="37.79918" lon="-83.74094"/>
      <trkpt lat="37.79927" lon="-83.74094"/>
      <trkpt lat="37.79936" lon="-83.74095"/>
      <trkpt lat="37.79945" lon="-83.74097"/>
      <trkpt lat="37.79953" lon="-83.74101"/>
      <trkpt lat="37.79961" lon="-83.74107"/>
      <trkpt lat="37.79968" lon="-83.74113"/>
      <trkpt lat="37.79975" lon="-83.7412"/>
      <trkpt lat="37.79981" lon="-83.74129"/>
      <trkpt lat="37.79996" lon="-83.74156"/>
      <trkpt lat="37.80004" lon="-83.74167"/>
      <trkpt lat="37.80012" lon="-83.74182"/>
      <trkpt lat="37.80015" lon="-83.74187"/>
      <trkpt lat="37.80021" lon="-83.74196"/>
      <trkpt lat="37.80028" lon="-83.74205"/>
      <trkpt lat="37.80037" lon="-83.74212"/>
      <trkpt lat="37.80046" lon="-83.74218"/>
      <trkpt lat="37.80053" lon="-83.7422"/>
      <trkpt lat="37.80063" lon="-83.74223"/>
      <trkpt lat="37.80071" lon="-83.74223"/>
      <trkpt lat="37.80083" lon="-83.74224"/>
      <trkpt lat="37.80094" lon="-83.74223"/>
      <trkpt lat="37.80103" lon="-83.74222"/>
      <trkpt lat="37.80153" lon="-83.74212"/>
      <trkpt lat="37.80178" lon="-83.74209"/>
      <trkpt lat="37.80195" lon="-83.74211"/>
      <trkpt lat="37.80205" lon="-83.74212"/>
      <trkpt lat="37.80247" lon="-83.74226"/>
      <trkpt lat="37.80267" lon="-83.7423"/>
      <trkpt lat="37.80294" lon="-83.74233"/>
      <trkpt lat="37.80306" lon="-83.74234"/>
      <trkpt lat="37.80316" lon="-83.74234"/>
      <trkpt lat="37.80326" lon="-83.74233"/>
      <trkpt lat="37.80336" lon="-83.74232"/>
      <trkpt lat="37.80346" lon="-83.74228"/>
      <trkpt lat="37.80356" lon="-83.74224"/>
      <trkpt lat="37.80396" lon="-83.74204"/>
      <trkpt lat="37.80406" lon="-83.74198"/>
      <trkpt lat="37.80416" lon="-83.7419"/>
      <trkpt lat="37.80426" lon="-83.74183"/>
      <trkpt lat="37.80435" lon="-83.74173"/>
      <trkpt lat="37.80443" lon="-83.74163"/>
      <trkpt lat="37.80465" lon="-83.74136"/>
      <trkpt lat="37.80475" lon="-83.74124"/>
      <trkpt lat="37.80483" lon="-83.74117"/>
      <trkpt lat="37.80493" lon="-83.7411"/>
      <trkpt lat="37.80498" lon="-83.74107"/>
      <trkpt lat="37.80502" lon="-83.74105"/>
      <trkpt lat="37.80514" lon="-83.74099"/>
      <trkpt lat="37.80564" lon="-83.74083"/>
      <trkpt lat="37.80574" lon="-83.7408"/>
      <trkpt lat="37.80585" lon="-83.74079"/>
      <trkpt lat="37.80595" lon="-83.74079"/>
      <trkpt lat="37.80603" lon="-83.74081"/>
      <trkpt lat="37.80611" lon="-83.74083"/>
      <trkpt lat="37.80625" lon="-83.74089"/>
      <trkpt lat="37.80679" lon="-83.74124"/>
      <trkpt lat="37.807" lon="-83.74135"/>
      <trkpt lat="37.8072" lon="-83.7415"/>
      <trkpt lat="37.80729" lon="-83.74158"/>
      <trkpt lat="37.80747" lon="-83.74179"/>
      <trkpt lat="37.80757" lon="-83.74192"/>
      <trkpt lat="37.80763" lon="-83.74202"/>
      <trkpt lat="37.80771" lon="-83.74215"/>
      <trkpt lat="37.80777" lon="-83.74226"/>
      <trkpt lat="37.80782" lon="-83.74239"/>
      <trkpt lat="37.80787" lon="-83.74252"/>
      <trkpt lat="37.80796" lon="-83.7428"/>
      <trkpt lat="37.80803" lon="-83.74308"/>
      <trkpt lat="37.80808" lon="-83.74334"/>
      <trkpt lat="37.8081" lon="-83.74348"/>
      <trkpt lat="37.80812" lon="-83.74379"/>
      <trkpt lat="37.80815" lon="-83.7444"/>
      <trkpt lat="37.80817" lon="-83.74457"/>
      <trkpt lat="37.80821" lon="-83.74471"/>
      <trkpt lat="37.80823" lon="-83.74478"/>
      <trkpt lat="37.80825" lon="-83.74482"/>
      <trkpt lat="37.80828" lon="-83.74487"/>
      <trkpt lat="37.80833" lon="-83.74493"/>
      <trkpt lat="37.80836" lon="-83.74496"/>
      <trkpt lat="37.80843" lon="-83.745"/>
      <trkpt lat="37.80851" lon="-83.74502"/>
      <trkpt lat="37.80859" lon="-83.74501"/>
      <trkpt lat="37.80875" lon="-83.74497"/>
      <trkpt lat="37.80904" lon="-83.74487"/>
      <trkpt lat="37.80914" lon="-83.74484"/>
      <trkpt lat="37.80924" lon="-83.74482"/>
      <trkpt lat="37.80934" lon="-83.74481"/>
      <trkpt lat="37.80944" lon="-83.74481"/>
      <trkpt lat="37.80956" lon="-83.74481"/>
      <trkpt lat="37.80975" lon="-83.74483"/>
      <trkpt lat="37.80996" lon="-83.74486"/>
      <trkpt lat="37.81016" lon="-83.7449"/>
      <trkpt lat="37.81038" lon="-83.74497"/>
      <trkpt lat="37.81059" lon="-83.74504"/>
      <trkpt lat="37.81098" lon="-83.74521"/>
      <trkpt lat="37.81114" lon="-83.74527"/>
      <trkpt lat="37.81128" lon="-83.7453"/>
      <trkpt lat="37.81163" lon="-83.74535"/>
      <trkpt lat="37.81187" lon="-83.74539"/>
      <trkpt lat="37.81216" lon="-83.74548"/>
      <trkpt lat="37.81245" lon="-83.74559"/>
      <trkpt lat="37.81262" lon="-83.74565"/>
      <trkpt lat="37.81274" lon="-83.74571"/>
      <trkpt lat="37.81288" lon="-83.74579"/>
      <trkpt lat="37.81291" lon="-83.74581"/>
      <trkpt lat="37.81298" lon="-83.74587"/>
      <trkpt lat="37.81305" lon="-83.74595"/>
      <trkpt lat="37.81318" lon="-83.74613"/>
      <trkpt lat="37.81332" lon="-83.74635"/>
      <trkpt lat="37.81339" lon="-83.74644"/>
      <trkpt lat="37.81345" lon="-83.74651"/>
      <trkpt lat="37.81354" lon="-83.74656"/>
      <trkpt lat="37.8136" lon="-83.7466"/>
      <trkpt lat="37.81373" lon="-83.74664"/>
      <trkpt lat="37.81376" lon="-83.74665"/>
      <trkpt lat="37.81393" lon="-83.74666"/>
      <trkpt lat="37.81404" lon="-83.74665"/>
      <trkpt lat="37.81415" lon="-83.74663"/>
      <trkpt lat="37.81436" lon="-83.74656"/>
      <trkpt lat="37.81498" lon="-83.74635"/>
      <trkpt lat="37.81535" lon="-83.74623"/>
      <trkpt lat="37.81542" lon="-83.74621"/>
      <trkpt lat="37.8156" lon="-83.74616"/>
      <trkpt lat="37.81591" lon="-83.74608"/>
      <trkpt lat="37.81612" lon="-83.74603"/>
      <trkpt lat="37.81624" lon="-83.74601"/>
      <trkpt lat="37.81637" lon="-83.746"/>
      <trkpt lat="37.81661" lon="-83.74599"/>
      <trkpt lat="37.81672" lon="-83.746"/>
      <trkpt lat="37.81687" lon="-83.74603"/>
      <trkpt lat="37.81709" lon="-83.7461"/>
      <trkpt lat="37.81719" lon="-83.74615"/>
      <trkpt lat="37.81725" lon="-83.74618"/>
      <trkpt lat="37.81729" lon="-83.74621"/>
      <trkpt lat="37.81739" lon="-83.74629"/>
      <trkpt lat="37.81783" lon="-83.74673"/>
      <trkpt lat="37.81797" lon="-83.7469"/>
      <trkpt lat="37.81805" lon="-83.74702"/>
      <trkpt lat="37.81811" lon="-83.74712"/>
      <trkpt lat="37.81819" lon="-83.74725"/>
      <trkpt lat="37.81856" lon="-83.74792"/>
      <trkpt lat="37.81867" lon="-83.74817"/>
      <trkpt lat="37.81871" lon="-83.7483"/>
      <trkpt lat="37.81874" lon="-83.74841"/>
      <trkpt lat="37.81877" lon="-83.74859"/>
      <trkpt lat="37.81879" lon="-83.74874"/>
      <trkpt lat="37.81886" lon="-83.74954"/>
      <trkpt lat="37.81887" lon="-83.74973"/>
      <trkpt lat="37.81888" lon="-83.75026"/>
      <trkpt lat="37.8189" lon="-83.75066"/>
      <trkpt lat="37.81892" lon="-83.7509"/>
      <trkpt lat="37.81901" lon="-83.75168"/>
      <trkpt lat="37.81904" lon="-83.75185"/>
      <trkpt lat="37.81908" lon="-83.75196"/>
      <trkpt lat="37.81911" lon="-83.75203"/>
      <trkpt lat="37.81916" lon="-83.75211"/>
      <trkpt lat="37.81925" lon="-83.75223"/>
      <trkpt lat="37.8193" lon="-83.7523"/>
      <trkpt lat="37.81937" lon="-83.75238"/>
      <trkpt lat="37.81956" lon="-83.75257"/>
      <trkpt lat="37.81965" lon="-83.75266"/>
      <trkpt lat="37.81975" lon="-83.75274"/>
      <trkpt lat="37.81985" lon="-83.75281"/>
      <trkpt lat="37.81993" lon="-83.75285"/>
      <trkpt lat="37.82006" lon="-83.75289"/>
      <trkpt lat="37.82016" lon="-83.75291"/>
      <trkpt lat="37.82027" lon="-83.75291"/>
      <trkpt lat="37.82037" lon="-83.7529"/>
      <trkpt lat="37.82081" lon="-83.75283"/>
      <trkpt lat="37.82094" lon="-83.75281"/>
      <trkpt lat="37.82109" lon="-83.75281"/>
      <trkpt lat="37.82129" lon="-83.75281"/>
      <trkpt lat="37.82165" lon="-83.75282"/>
      <trkpt lat="37.82221" lon="-83.75282"/>
      <trkpt lat="37.82234" lon="-83.75283"/>
      <trkpt lat="37.82245" lon="-83.75285"/>
      <trkpt lat="37.82253" lon="-83.75286"/>
      <trkpt lat="37.82261" lon="-83.75289"/>
      <trkpt lat="37.82313" lon="-83.75309"/>
      <trkpt lat="37.82351" lon="-83.75322"/>
      <trkpt lat="37.82358" lon="-83.75334"/>
      <trkpt lat="37.82365" lon="-83.75345"/>
      <trkpt lat="37.82386" lon="-83.75377"/>
      <trkpt lat="37.82444" lon="-83.7546"/>
      <trkpt lat="37.82511" lon="-83.75559"/>
      <trkpt lat="37.82587" lon="-83.75668"/>
      <trkpt lat="37.82605" lon="-83.75695"/>
      <trkpt lat="37.82614" lon="-83.75708"/>
      <trkpt lat="37.82631" lon="-83.75734"/>
      <trkpt lat="37.82638" lon="-83.75747"/>
      <trkpt lat="37.82645" lon="-83.75761"/>
      <trkpt lat="37.8265" lon="-83.75775"/>
      <trkpt lat="37.82667" lon="-83.75835"/>
      <trkpt lat="37.82704" lon="-83.75968"/>
      <trkpt lat="37.82723" lon="-83.7603"/>
      <trkpt lat="37.82728" lon="-83.76045"/>
      <trkpt lat="37.82733" lon="-83.76059"/>
      <trkpt lat="37.82739" lon="-83.76073"/>
      <trkpt lat="37.82761" lon="-83.76113"/>
      <trkpt lat="37.82797" lon="-83.76176"/>
      <trkpt lat="37.82812" lon="-83.76202"/>
      <trkpt lat="37.82823" lon="-83.76225"/>
      <trkpt lat="37.82831" lon="-83.76243"/>
      <trkpt lat="37.82839" lon="-83.76262"/>
      <trkpt lat="37.82846" lon="-83.76281"/>
      <trkpt lat="37.82851" lon="-83.763"/>
      <trkpt lat="37.82857" lon="-83.76324"/>
      <trkpt lat="37.82861" lon="-83.76349"/>
      <trkpt lat="37.82865" lon="-83.76379"/>
      <trkpt lat="37.82867" lon="-83.76404"/>
      <trkpt lat="37.82868" lon="-83.76426"/>
      <trkpt lat="37.82867" lon="-83.76448"/>
      <trkpt lat="37.82866" lon="-83.76462"/>
      <trkpt lat="37.82863" lon="-83.76476"/>
      <trkpt lat="37.8286" lon="-83.76489"/>
      <trkpt lat="37.82855" lon="-83.76503"/>
      <trkpt lat="37.8285" lon="-83.76516"/>
      <trkpt lat="37.82845" lon="-83.76529"/>
      <trkpt lat="37.82836" lon="-83.76547"/>
      <trkpt lat="37.82813" lon="-83.76593"/>
      <trkpt lat="37.82805" lon="-83.7661"/>
      <trkpt lat="37.82801" lon="-83.76622"/>
      <trkpt lat="37.82798" lon="-83.76634"/>
      <trkpt lat="37.82797" lon="-83.76642"/>
      <trkpt lat="37.82796" lon="-83.76647"/>
      <trkpt lat="37.82796" lon="-83.76659"/>
      <trkpt lat="37.82796" lon="-83.76671"/>
      <trkpt lat="37.82797" lon="-83.76676"/>
      <trkpt lat="37.82798" lon="-83.76683"/>
      <trkpt lat="37.82801" lon="-83.76696"/>
      <trkpt lat="37.82806" lon="-83.76708"/>
      <trkpt lat="37.82812" lon="-83.7672"/>
      <trkpt lat="37.82818" lon="-83.7673"/>
      <trkpt lat="37.82822" lon="-83.76735"/>
      <trkpt lat="37.8283" lon="-83.76743"/>
      <trkpt lat="37.82842" lon="-83.76755"/>
      <trkpt lat="37.82881" lon="-83.76786"/>
      <trkpt lat="37.82869" lon="-83.76791"/>
      <trkpt lat="37.82865" lon="-83.76792"/>
      <trkpt lat="37.82822" lon="-83.76793"/>
      <trkpt lat="37.82789" lon="-83.76798"/>
      <trkpt lat="37.82747" lon="-83.768"/>
      <trkpt lat="37.82729" lon="-83.76802"/>
      <trkpt lat="37.82627" lon="-83.76825"/>
      <trkpt lat="37.82545" lon="-83.76846"/>
      <trkpt lat="37.82498" lon="-83.76857"/>
      <trkpt lat="37.82318" lon="-83.7689"/>
      <trkpt lat="37.82302" lon="-83.76894"/>
      <trkpt lat="37.82252" lon="-83.76913"/>
      <trkpt lat="37.82221" lon="-83.76929"/>
      <trkpt lat="37.82212" lon="-83.76931"/>
      <trkpt lat="37.82201" lon="-83.76932"/>
      <trkpt lat="37.82191" lon="-83.7693"/>
      <trkpt lat="37.8215" lon="-83.76913"/>
      <trkpt lat="37.8212" lon="-83.76903"/>
      <trkpt lat="37.82058" lon="-83.76897"/>
      <trkpt lat="37.8205" lon="-83.76898"/>
      <trkpt lat="37.82031" lon="-83.76896"/>
      <trkpt lat="37.82017" lon="-83.76894"/>
      <trkpt lat="37.81968" lon="-83.76887"/>
      <trkpt lat="37.81952" lon="-83.76885"/>
      <trkpt lat="37.81942" lon="-83.76887"/>
      <trkpt lat="37.81937" lon="-83.7689"/>
      <trkpt lat="37.81929" lon="-83.76897"/>
      <trkpt lat="37.8192" lon="-83.7691"/>
      <trkpt lat="37.81896" lon="-83.76958"/>
      <trkpt lat="37.81884" lon="-83.76985"/>
      <trkpt lat="37.81872" lon="-83.77015"/>
      <trkpt lat="37.81863" lon="-83.77045"/>
      <trkpt lat="37.81853" lon="-83.77074"/>
      <trkpt lat="37.81828" lon="-83.7713"/>
      <trkpt lat="37.8179" lon="-83.77212"/>
      <trkpt lat="37.81776" lon="-83.77243"/>
      <trkpt lat="37.81774" lon="-83.77252"/>
      <trkpt lat="37.8177" lon="-83.77268"/>
      <trkpt lat="37.81769" lon="-83.77303"/>
      <trkpt lat="37.81771" lon="-83.7732"/>
      <trkpt lat="37.81779" lon="-83.77354"/>
      <trkpt lat="37.8178" lon="-83.7738"/>
      <trkpt lat="37.81775" lon="-83.77452"/>
      <trkpt lat="37.81769" lon="-83.77474"/>
      <trkpt lat="37.81752" lon="-83.77519"/>
      <trkpt lat="37.81731" lon="-83.77603"/>
      <trkpt lat="37.81722" lon="-83.7763"/>
      <trkpt lat="37.81707" lon="-83.77664"/>
      <trkpt lat="37.81694" lon="-83.77688"/>
      <trkpt lat="37.81684" lon="-83.77704"/>
      <trkpt lat="37.81659" lon="-83.77742"/>
      <trkpt lat="37.81627" lon="-83.7777"/>
      <trkpt lat="37.81598" lon="-83.77771"/>
      <trkpt lat="37.81563" lon="-83.77781"/>
      <trkpt lat="37.81531" lon="-83.77809"/>
      <trkpt lat="37.81521" lon="-83.77837"/>
      <trkpt lat="37.81521" lon="-83.7787"/>
      <trkpt lat="37.81521" lon="-83.77894"/>
      <trkpt lat="37.81509" lon="-83.77921"/>
      <trkpt lat="37.81502" lon="-83.77933"/>
      <trkpt lat="37.815" lon="-83.7794"/>
      <trkpt lat="37.81418" lon="-83.77965"/>
      <trkpt lat="37.81303" lon="-83.77969"/>
      <trkpt lat="37.81263" lon="-83.77964"/>
      <trkpt lat="37.81232" lon="-83.77945"/>
      <trkpt lat="37.81189" lon="-83.77936"/>
      <trkpt lat="37.81132" lon="-83.77957"/>
      <trkpt lat="37.81098" lon="-83.7796"/>
      <trkpt lat="37.8107" lon="-83.77956"/>
      <trkpt lat="37.81043" lon="-83.77939"/>
      <trkpt lat="37.81023" lon="-83.77917"/>
      <trkpt lat="37.81007" lon="-83.77889"/>
      <trkpt lat="37.80987" lon="-83.77861"/>
      <trkpt lat="37.80983" lon="-83.77851"/>
      <trkpt lat="37.80959" lon="-83.77861"/>
      <trkpt lat="37.8094" lon="-83.77885"/>
      <trkpt lat="37.80936" lon="-83.7789"/>
      <trkpt lat="37.80928" lon="-83.77892"/>
      <trkpt lat="37.80917" lon="-83.77901"/>
      <trkpt lat="37.80908" lon="-83.77913"/>
      <trkpt lat="37.80895" lon="-83.77937"/>
      <trkpt lat="37.80882" lon="-83.77953"/>
      <trkpt lat="37.8087" lon="-83.77961"/>
      <trkpt lat="37.80857" lon="-83.77968"/>
      <trkpt lat="37.80836" lon="-83.77966"/>
      <trkpt lat="37.80776" lon="-83.77993"/>
      <trkpt lat="37.80766" lon="-83.78001"/>
      <trkpt lat="37.80677" lon="-83.78074"/>
      <trkpt lat="37.80662" lon="-83.78083"/>
      <trkpt lat="37.80646" lon="-83.78089"/>
      <trkpt lat="37.80616" lon="-83.78087"/>
      <trkpt lat="37.80604" lon="-83.78078"/>
      <trkpt lat="37.80576" lon="-83.78049"/>
      <trkpt lat="37.80551" lon="-83.7804"/>
      <trkpt lat="37.80536" lon="-83.78049"/>
      <trkpt lat="37.80524" lon="-83.78063"/>
      <trkpt lat="37.80515" lon="-83.78074"/>
      <trkpt lat="37.80513" lon="-83.78083"/>
      <trkpt lat="37.80515" lon="-83.78092"/>
      <trkpt lat="37.80514" lon="-83.78112"/>
      <trkpt lat="37.80508" lon="-83.78128"/>
      <trkpt lat="37.80488" lon="-83.78143"/>
      <trkpt lat="37.80464" lon="-83.78154"/>
      <trkpt lat="37.80443" lon="-83.78166"/>
      <trkpt lat="37.80427" lon="-83.78195"/>
      <trkpt lat="37.80424" lon="-83.78216"/>
      <trkpt lat="37.80414" lon="-83.78234"/>
      <trkpt lat="37.80401" lon="-83.78285"/>
      <trkpt lat="37.804" lon="-83.78301"/>
      <trkpt lat="37.80396" lon="-83.78316"/>
      <trkpt lat="37.80391" lon="-83.78322"/>
      <trkpt lat="37.8038" lon="-83.78328"/>
      <trkpt lat="37.80365" lon="-83.78336"/>
      <trkpt lat="37.80352" lon="-83.78355"/>
      <trkpt lat="37.80345" lon="-83.78377"/>
      <trkpt lat="37.80336" lon="-83.78406"/>
      <trkpt lat="37.80313" lon="-83.78435"/>
      <trkpt lat="37.80299" lon="-83.78434"/>
      <trkpt lat="37.80274" lon="-83.78426"/>
      <trkpt lat="37.80263" lon="-83.78423"/>
      <trkpt lat="37.8025" lon="-83.78428"/>
      <trkpt lat="37.80237" lon="-83.78448"/>
      <trkpt lat="37.80194" lon="-83.78522"/>
      <trkpt lat="37.80184" lon="-83.78554"/>
      <trkpt lat="37.80186" lon="-83.78574"/>
      <trkpt lat="37.80195" lon="-83.7859"/>
      <trkpt lat="37.80199" lon="-83.78604"/>
      <trkpt lat="37.80196" lon="-83.78615"/>
      <trkpt lat="37.80185" lon="-83.78633"/>
      <trkpt lat="37.80166" lon="-83.78595"/>
      <trkpt lat="37.80156" lon="-83.78561"/>
      <trkpt lat="37.8015" lon="-83.78541"/>
      <trkpt lat="37.80145" lon="-83.78535"/>
      <trkpt lat="37.80139" lon="-83.78529"/>
      <trkpt lat="37.80135" lon="-83.78527"/>
      <trkpt lat="37.80126" lon="-83.78526"/>
      <trkpt lat="37.80101" lon="-83.78531"/>
      <trkpt lat="37.80088" lon="-83.78529"/>
      <trkpt lat="37.8006" lon="-83.78522"/>
      <trkpt lat="37.80024" lon="-83.78515"/>
      <trkpt lat="37.80009" lon="-83.78508"/>
      <trkpt lat="37.8" lon="-83.78501"/>
      <trkpt lat="37.79994" lon="-83.78492"/>
      <trkpt lat="37.79992" lon="-83.78488"/>
      <trkpt lat="37.79985" lon="-83.78461"/>
      <trkpt lat="37.79982" lon="-83.78453"/>
      <trkpt lat="37.79961" lon="-83.78417"/>
      <trkpt lat="37.7993" lon="-83.7834"/>
      <trkpt lat="37.79917" lon="-83.78319"/>
      <trkpt lat="37.79891" lon="-83.78284"/>
      <trkpt lat="37.79886" lon="-83.78276"/>
      <trkpt lat="37.79881" lon="-83.78263"/>
      <trkpt lat="37.79874" lon="-83.78241"/>
      <trkpt lat="37.79861" lon="-83.78209"/>
      <trkpt lat="37.79855" lon="-83.78199"/>
      <trkpt lat="37.7985" lon="-83.78193"/>
      <trkpt lat="37.79841" lon="-83.78184"/>
      <trkpt lat="37.7983" lon="-83.78178"/>
      <trkpt lat="37.79805" lon="-83.78169"/>
      <trkpt lat="37.79783" lon="-83.7817"/>
      <trkpt lat="37.7977" lon="-83.78173"/>
      <trkpt lat="37.79765" lon="-83.78176"/>
      <trkpt lat="37.79755" lon="-83.78187"/>
      <trkpt lat="37.79752" lon="-83.78189"/>
      <trkpt lat="37.79745" lon="-83.78193"/>
      <trkpt lat="37.79739" lon="-83.78194"/>
      <trkpt lat="37.79726" lon="-83.78195"/>
      <trkpt lat="37.7972" lon="-83.78193"/>
      <trkpt lat="37.7971" lon="-83.78188"/>
      <trkpt lat="37.79702" lon="-83.78183"/>
      <trkpt lat="37.79692" lon="-83.78174"/>
      <trkpt lat="37.79681" lon="-83.78168"/>
      <trkpt lat="37.7964" lon="-83.78164"/>
      <trkpt lat="37.79628" lon="-83.7816"/>
      <trkpt lat="37.79624" lon="-83.78156"/>
      <trkpt lat="37.7962" lon="-83.78152"/>
      <trkpt lat="37.79618" lon="-83.78147"/>
      <trkpt lat="37.79618" lon="-83.78141"/>
      <trkpt lat="37.79619" lon="-83.78135"/>
      <trkpt lat="37.79621" lon="-83.78128"/>
      <trkpt lat="37.79634" lon="-83.781"/>
      <trkpt lat="37.79638" lon="-83.78086"/>
      <trkpt lat="37.7964" lon="-83.78078"/>
      <trkpt lat="37.7964" lon="-83.78071"/>
      <trkpt lat="37.79638" lon="-83.78059"/>
      <trkpt lat="37.79627" lon="-83.78029"/>
      <trkpt lat="37.79625" lon="-83.78025"/>
      <trkpt lat="37.79611" lon="-83.77977"/>
      <trkpt lat="37.79602" lon="-83.77958"/>
      <trkpt lat="37.79583" lon="-83.77968"/>
      <trkpt lat="37.79569" lon="-83.77977"/>
      <trkpt lat="37.79527" lon="-83.78009"/>
      <trkpt lat="37.79515" lon="-83.78019"/>
      <trkpt lat="37.79501" lon="-83.78034"/>
      <trkpt lat="37.79494" lon="-83.78044"/>
      <trkpt lat="37.79488" lon="-83.78057"/>
      <trkpt lat="37.79481" lon="-83.7808"/>
      <trkpt lat="37.79477" lon="-83.78092"/>
      <trkpt lat="37.79474" lon="-83.78096"/>
      <trkpt lat="37.79463" lon="-83.78106"/>
      <trkpt lat="37.79455" lon="-83.7811"/>
      <trkpt lat="37.79412" lon="-83.78119"/>
      <trkpt lat="37.79405" lon="-83.78121"/>
      <trkpt lat="37.79382" lon="-83.78133"/>
      <trkpt lat="37.79367" lon="-83.78138"/>
      <trkpt lat="37.79359" lon="-83.78138"/>
      <trkpt lat="37.79343" lon="-83.78133"/>
      <trkpt lat="37.79338" lon="-83.7813"/>
      <trkpt lat="37.79326" lon="-83.78124"/>
      <trkpt lat="37.79311" lon="-83.78113"/>
      <trkpt lat="37.7929" lon="-83.78094"/>
      <trkpt lat="37.79264" lon="-83.78067"/>
      <trkpt lat="37.79252" lon="-83.78053"/>
      <trkpt lat="37.79227" lon="-83.78023"/>
      <trkpt lat="37.79217" lon="-83.78013"/>
      <trkpt lat="37.79207" lon="-83.78009"/>
      <trkpt lat="37.79203" lon="-83.78009"/>
      <trkpt lat="37.79195" lon="-83.78013"/>
      <trkpt lat="37.79199" lon="-83.78017"/>
      <trkpt lat="37.79203" lon="-83.78023"/>
      <trkpt lat="37.79216" lon="-83.78051"/>
      <trkpt lat="37.7923" lon="-83.78074"/>
      <trkpt lat="37.79236" lon="-83.78083"/>
      <trkpt lat="37.7926" lon="-83.78117"/>
      <trkpt lat="37.79286" lon="-83.78159"/>
      <trkpt lat="37.79294" lon="-83.78174"/>
      <trkpt lat="37.793" lon="-83.78187"/>
      <trkpt lat="37.79308" lon="-83.7821"/>
      <trkpt lat="37.79315" lon="-83.78231"/>
      <trkpt lat="37.79326" lon="-83.78279"/>
      <trkpt lat="37.79333" lon="-83.78305"/>
      <trkpt lat="37.79335" lon="-83.78318"/>
      <trkpt lat="37.79336" lon="-83.78328"/>
      <trkpt lat="37.79337" lon="-83.78341"/>
      <trkpt lat="37.79335" lon="-83.78356"/>
      <trkpt lat="37.79333" lon="-83.78374"/>
      <trkpt lat="37.7932" lon="-83.7845"/>
      <trkpt lat="37.79314" lon="-83.78497"/>
      <trkpt lat="37.79305" lon="-83.78559"/>
      <trkpt lat="37.79301" lon="-83.78583"/>
      <trkpt lat="37.79296" lon="-83.78599"/>
      <trkpt lat="37.79291" lon="-83.78611"/>
      <trkpt lat="37.79284" lon="-83.7862"/>
      <trkpt lat="37.79258" lon="-83.7865"/>
      <trkpt lat="37.7921" lon="-83.78702"/>
      <trkpt lat="37.79199" lon="-83.78716"/>
      <trkpt lat="37.79192" lon="-83.78727"/>
      <trkpt lat="37.79188" lon="-83.78737"/>
      <trkpt lat="37.79179" lon="-83.78764"/>
      <trkpt lat="37.79172" lon="-83.78791"/>
      <trkpt lat="37.79169" lon="-83.7881"/>
      <trkpt lat="37.79168" lon="-83.78814"/>
      <trkpt lat="37.79167" lon="-83.78827"/>
      <trkpt lat="37.79166" lon="-83.78842"/>
      <trkpt lat="37.79165" lon="-83.78853"/>
      <trkpt lat="37.79164" lon="-83.78893"/>
      <trkpt lat="37.79164" lon="-83.78934"/>
      <trkpt lat="37.79166" lon="-83.78946"/>
      <trkpt lat="37.79169" lon="-83.78972"/>
      <trkpt lat="37.79171" lon="-83.7898"/>
      <trkpt lat="37.79171" lon="-83.78991"/>
      <trkpt lat="37.79172" lon="-83.79002"/>
      <trkpt lat="37.79171" lon="-83.79011"/>
      <trkpt lat="37.79168" lon="-83.79033"/>
      <trkpt lat="37.79164" lon="-83.79056"/>
      <trkpt lat="37.79163" lon="-83.79067"/>
      <trkpt lat="37.79162" lon="-83.79076"/>
      <trkpt lat="37.79162" lon="-83.79091"/>
      <trkpt lat="37.79166" lon="-83.79141"/>
      <trkpt lat="37.79166" lon="-83.79151"/>
      <trkpt lat="37.79165" lon="-83.79175"/>
      <trkpt lat="37.79163" lon="-83.79191"/>
      <trkpt lat="37.79161" lon="-83.79213"/>
      <trkpt lat="37.7916" lon="-83.79221"/>
      <trkpt lat="37.79152" lon="-83.79266"/>
      <trkpt lat="37.79151" lon="-83.79278"/>
      <trkpt lat="37.79152" lon="-83.79289"/>
      <trkpt lat="37.79155" lon="-83.79304"/>
      <trkpt lat="37.79156" lon="-83.79312"/>
      <trkpt lat="37.79156" lon="-83.79324"/>
      <trkpt lat="37.79154" lon="-83.79338"/>
      <trkpt lat="37.79151" lon="-83.79352"/>
      <trkpt lat="37.79141" lon="-83.79389"/>
      <trkpt lat="37.79139" lon="-83.79409"/>
      <trkpt lat="37.79137" lon="-83.79429"/>
      <trkpt lat="37.79138" lon="-83.79447"/>
      <trkpt lat="37.79139" lon="-83.79459"/>
      <trkpt lat="37.79141" lon="-83.7947"/>
      <trkpt lat="37.79144" lon="-83.79484"/>
      <trkpt lat="37.79149" lon="-83.79494"/>
      <trkpt lat="37.79154" lon="-83.795"/>
      <trkpt lat="37.79161" lon="-83.79507"/>
      <trkpt lat="37.79196" lon="-83.79529"/>
      <trkpt lat="37.7921" lon="-83.79538"/>
      <trkpt lat="37.79239" lon="-83.7956"/>
      <trkpt lat="37.79256" lon="-83.79575"/>
      <trkpt lat="37.79264" lon="-83.79583"/>
      <trkpt lat="37.79279" lon="-83.79599"/>
      <trkpt lat="37.79305" lon="-83.7963"/>
      <trkpt lat="37.79326" lon="-83.79659"/>
      <trkpt lat="37.79339" lon="-83.7968"/>
      <trkpt lat="37.79355" lon="-83.79711"/>
      <trkpt lat="37.79377" lon="-83.79758"/>
      <trkpt lat="37.79399" lon="-83.79802"/>
      <trkpt lat="37.79415" lon="-83.79831"/>
      <trkpt lat="37.79422" lon="-83.79842"/>
      <trkpt lat="37.79427" lon="-83.79849"/>
      <trkpt lat="37.79431" lon="-83.79853"/>
      <trkpt lat="37.79439" lon="-83.7986"/>
      <trkpt lat="37.79443" lon="-83.79863"/>
      <trkpt lat="37.79447" lon="-83.79865"/>
      <trkpt lat="37.79458" lon="-83.79868"/>
      <trkpt lat="37.79475" lon="-83.79871"/>
      <trkpt lat="37.79484" lon="-83.79874"/>
      <trkpt lat="37.79492" lon="-83.79878"/>
      <trkpt lat="37.79501" lon="-83.79882"/>
      <trkpt lat="37.79507" lon="-83.79886"/>
      <trkpt lat="37.79514" lon="-83.79893"/>
      <trkpt lat="37.79522" lon="-83.79902"/>
      <trkpt lat="37.79526" lon="-83.79909"/>
      <trkpt lat="37.7953" lon="-83.7992"/>
      <trkpt lat="37.79532" lon="-83.7993"/>
      <trkpt lat="37.79533" lon="-83.79937"/>
      <trkpt lat="37.79533" lon="-83.79948"/>
      <trkpt lat="37.79533" lon="-83.79961"/>
      <trkpt lat="37.79532" lon="-83.79974"/>
      <trkpt lat="37.7953" lon="-83.79994"/>
      <trkpt lat="37.79524" lon="-83.80039"/>
      <trkpt lat="37.79523" lon="-83.80044"/>
      <trkpt lat="37.79522" lon="-83.80061"/>
      <trkpt lat="37.79522" lon="-83.80071"/>
      <trkpt lat="37.79522" lon="-83.80084"/>
      <trkpt lat="37.79523" lon="-83.80099"/>
      <trkpt lat="37.79526" lon="-83.80122"/>
      <trkpt lat="37.79527" lon="-83.80137"/>
      <trkpt lat="37.79527" lon="-83.8015"/>
      <trkpt lat="37.79524" lon="-83.80169"/>
      <trkpt lat="37.79522" lon="-83.80182"/>
      <trkpt lat="37.79516" lon="-83.80207"/>
      <trkpt lat="37.79507" lon="-83.80237"/>
      <trkpt lat="37.79502" lon="-83.80255"/>
      <trkpt lat="37.79497" lon="-83.8028"/>
      <trkpt lat="37.79496" lon="-83.80288"/>
      <trkpt lat="37.79492" lon="-83.80312"/>
      <trkpt lat="37.79491" lon="-83.80323"/>
      <trkpt lat="37.79491" lon="-83.80334"/>
      <trkpt lat="37.79492" lon="-83.8038"/>
      <trkpt lat="37.79492" lon="-83.80403"/>
      <trkpt lat="37.79486" lon="-83.80499"/>
      <trkpt lat="37.79484" lon="-83.80545"/>
      <trkpt lat="37.79483" lon="-83.80583"/>
      <trkpt lat="37.79484" lon="-83.80593"/>
      <trkpt lat="37.79486" lon="-83.80606"/>
      <trkpt lat="37.79489" lon="-83.80618"/>
      <trkpt lat="37.79493" lon="-83.80629"/>
      <trkpt lat="37.79499" lon="-83.8064"/>
      <trkpt lat="37.7952" lon="-83.8067"/>
      <trkpt lat="37.7953" lon="-83.80686"/>
      <trkpt lat="37.79538" lon="-83.80705"/>
      <trkpt lat="37.79559" lon="-83.80753"/>
      <trkpt lat="37.7957" lon="-83.80779"/>
      <trkpt lat="37.79577" lon="-83.80796"/>
      <trkpt lat="37.79587" lon="-83.80818"/>
      <trkpt lat="37.79598" lon="-83.80836"/>
      <trkpt lat="37.79618" lon="-83.80865"/>
      <trkpt lat="37.79628" lon="-83.8088"/>
      <trkpt lat="37.79633" lon="-83.80889"/>
      <trkpt lat="37.79637" lon="-83.80899"/>
      <trkpt lat="37.7964" lon="-83.80909"/>
      <trkpt lat="37.79643" lon="-83.8092"/>
      <trkpt lat="37.79651" lon="-83.80968"/>
      <trkpt lat="37.79665" lon="-83.81036"/>
      <trkpt lat="37.79666" lon="-83.8104"/>
      <trkpt lat="37.79669" lon="-83.81049"/>
      <trkpt lat="37.79673" lon="-83.81059"/>
      <trkpt lat="37.79677" lon="-83.81065"/>
      <trkpt lat="37.79684" lon="-83.81072"/>
      <trkpt lat="37.79692" lon="-83.8108"/>
      <trkpt lat="37.79743" lon="-83.81122"/>
      <trkpt lat="37.79763" lon="-83.81138"/>
      <trkpt lat="37.79771" lon="-83.81143"/>
      <trkpt lat="37.79776" lon="-83.81147"/>
      <trkpt lat="37.79796" lon="-83.81158"/>
      <trkpt lat="37.79828" lon="-83.81171"/>
      <trkpt lat="37.79845" lon="-83.81175"/>
      <trkpt lat="37.79849" lon="-83.81176"/>
      <trkpt lat="37.7986" lon="-83.81177"/>
      <trkpt lat="37.79895" lon="-83.81179"/>
      <trkpt lat="37.79908" lon="-83.81181"/>
      <trkpt lat="37.79924" lon="-83.81186"/>
      <trkpt lat="37.79952" lon="-83.81198"/>
      <trkpt lat="37.79961" lon="-83.81201"/>
      <trkpt lat="37.79971" lon="-83.81203"/>
      <trkpt lat="37.79978" lon="-83.81203"/>
      <trkpt lat="37.79989" lon="-83.81201"/>
      <trkpt lat="37.79995" lon="-83.81199"/>
      <trkpt lat="37.80013" lon="-83.81186"/>
      <trkpt lat="37.80041" lon="-83.81171"/>
      <trkpt lat="37.8005" lon="-83.81166"/>
      <trkpt lat="37.80069" lon="-83.8116"/>
      <trkpt lat="37.80086" lon="-83.81155"/>
      <trkpt lat="37.80096" lon="-83.81154"/>
      <trkpt lat="37.80121" lon="-83.81151"/>
      <trkpt lat="37.80126" lon="-83.8115"/>
      <trkpt lat="37.80135" lon="-83.81147"/>
      <trkpt lat="37.80145" lon="-83.81142"/>
      <trkpt lat="37.80151" lon="-83.81137"/>
      <trkpt lat="37.8016" lon="-83.81128"/>
      <trkpt lat="37.80179" lon="-83.81106"/>
      <trkpt lat="37.80192" lon="-83.81092"/>
      <trkpt lat="37.80211" lon="-83.81076"/>
      <trkpt lat="37.80234" lon="-83.81059"/>
      <trkpt lat="37.80243" lon="-83.8105"/>
      <trkpt lat="37.80261" lon="-83.81032"/>
      <trkpt lat="37.80276" lon="-83.8102"/>
      <trkpt lat="37.80299" lon="-83.81002"/>
      <trkpt lat="37.80335" lon="-83.80974"/>
      <trkpt lat="37.80361" lon="-83.80954"/>
      <trkpt lat="37.80372" lon="-83.80945"/>
      <trkpt lat="37.80378" lon="-83.80941"/>
      <trkpt lat="37.80382" lon="-83.8094"/>
      <trkpt lat="37.80387" lon="-83.80938"/>
      <trkpt lat="37.80396" lon="-83.80937"/>
      <trkpt lat="37.80405" lon="-83.80938"/>
      <trkpt lat="37.80415" lon="-83.80941"/>
      <trkpt lat="37.80496" lon="-83.80975"/>
      <trkpt lat="37.805" lon="-83.80977"/>
      <trkpt lat="37.80525" lon="-83.80989"/>
      <trkpt lat="37.80559" lon="-83.81006"/>
      <trkpt lat="37.80616" lon="-83.81038"/>
      <trkpt lat="37.80626" lon="-83.81043"/>
      <trkpt lat="37.80635" lon="-83.81046"/>
      <trkpt lat="37.80651" lon="-83.8105"/>
      <trkpt lat="37.80672" lon="-83.81052"/>
      <trkpt lat="37.80684" lon="-83.81051"/>
      <trkpt lat="37.80694" lon="-83.8105"/>
      <trkpt lat="37.807" lon="-83.81049"/>
      <trkpt lat="37.80721" lon="-83.81041"/>
      <trkpt lat="37.80747" lon="-83.8103"/>
      <trkpt lat="37.80756" lon="-83.81027"/>
      <trkpt lat="37.80766" lon="-83.81026"/>
      <trkpt lat="37.8078" lon="-83.81026"/>
      <trkpt lat="37.80842" lon="-83.81031"/>
      <trkpt lat="37.80856" lon="-83.81032"/>
      <trkpt lat="37.80893" lon="-83.81037"/>
      <trkpt lat="37.80913" lon="-83.8104"/>
      <trkpt lat="37.80934" lon="-83.81044"/>
      <trkpt lat="37.80991" lon="-83.81052"/>
      <trkpt lat="37.81018" lon="-83.81056"/>
      <trkpt lat="37.81043" lon="-83.81061"/>
      <trkpt lat="37.81063" lon="-83.81067"/>
      <trkpt lat="37.81079" lon="-83.81075"/>
      <trkpt lat="37.81086" lon="-83.81078"/>
      <trkpt lat="37.81108" lon="-83.81089"/>
      <trkpt lat="37.81122" lon="-83.81095"/>
      <trkpt lat="37.81147" lon="-83.81103"/>
      <trkpt lat="37.81157" lon="-83.81108"/>
      <trkpt lat="37.81166" lon="-83.81112"/>
      <trkpt lat="37.81175" lon="-83.81118"/>
      <trkpt lat="37.81184" lon="-83.81125"/>
      <trkpt lat="37.81216" lon="-83.81153"/>
      <trkpt lat="37.81261" lon="-83.81192"/>
      <trkpt lat="37.81287" lon="-83.81217"/>
      <trkpt lat="37.81306" lon="-83.81237"/>
      <trkpt lat="37.81321" lon="-83.81255"/>
      <trkpt lat="37.81334" lon="-83.8127"/>
      <trkpt lat="37.8136" lon="-83.81304"/>
      <trkpt lat="37.81369" lon="-83.81315"/>
      <trkpt lat="37.81398" lon="-83.81344"/>
      <trkpt lat="37.8141" lon="-83.81354"/>
      <trkpt lat="37.81429" lon="-83.8137"/>
      <trkpt lat="37.81448" lon="-83.81382"/>
      <trkpt lat="37.81457" lon="-83.81386"/>
      <trkpt lat="37.81468" lon="-83.81391"/>
      <trkpt lat="37.81491" lon="-83.81399"/>
      <trkpt lat="37.81545" lon="-83.81415"/>
      <trkpt lat="37.81552" lon="-83.81417"/>
      <trkpt lat="37.81577" lon="-83.81427"/>
      <trkpt lat="37.816" lon="-83.81439"/>
      <trkpt lat="37.81621" lon="-83.8145"/>
      <trkpt lat="37.81641" lon="-83.81463"/>
      <trkpt lat="37.81658" lon="-83.81476"/>
      <trkpt lat="37.81671" lon="-83.81487"/>
      <trkpt lat="37.81679" lon="-83.81496"/>
      <trkpt lat="37.81683" lon="-83.81501"/>
      <trkpt lat="37.81689" lon="-83.81511"/>
      <trkpt lat="37.81693" lon="-83.81516"/>
      <trkpt lat="37.81698" lon="-83.81528"/>
      <trkpt lat="37.81702" lon="-83.81541"/>
      <trkpt lat="37.81709" lon="-83.8156"/>
      <trkpt lat="37.81716" lon="-83.81584"/>
      <trkpt lat="37.8172" lon="-83.81598"/>
      <trkpt lat="37.81732" lon="-83.81632"/>
      <trkpt lat="37.81739" lon="-83.81645"/>
      <trkpt lat="37.81746" lon="-83.81657"/>
      <trkpt lat="37.81763" lon="-83.8168"/>
      <trkpt lat="37.81845" lon="-83.81784"/>
      <trkpt lat="37.81853" lon="-83.81793"/>
      <trkpt lat="37.81862" lon="-83.81802"/>
      <trkpt lat="37.81869" lon="-83.81809"/>
      <trkpt lat="37.81878" lon="-83.81815"/>
      <trkpt lat="37.81891" lon="-83.81821"/>
      <trkpt lat="37.819" lon="-83.81825"/>
      <trkpt lat="37.81911" lon="-83.81828"/>
      <trkpt lat="37.82008" lon="-83.81849"/>
      <trkpt lat="37.82031" lon="-83.81853"/>
      <trkpt lat="37.82053" lon="-83.81855"/>
      <trkpt lat="37.82064" lon="-83.81855"/>
      <trkpt lat="37.82076" lon="-83.81853"/>
      <trkpt lat="37.82088" lon="-83.8185"/>
      <trkpt lat="37.82108" lon="-83.81842"/>
      <trkpt lat="37.82164" lon="-83.81821"/>
      <trkpt lat="37.8218" lon="-83.81813"/>
      <trkpt lat="37.82249" lon="-83.81777"/>
      <trkpt lat="37.82276" lon="-83.81764"/>
      <trkpt lat="37.82288" lon="-83.81759"/>
      <trkpt lat="37.82307" lon="-83.81752"/>
      <trkpt lat="37.82339" lon="-83.81742"/>
      <trkpt lat="37.82346" lon="-83.81739"/>
      <trkpt lat="37.82364" lon="-83.81733"/>
      <trkpt lat="37.82376" lon="-83.81727"/>
      <trkpt lat="37.82412" lon="-83.8171"/>
      <trkpt lat="37.82427" lon="-83.81704"/>
      <trkpt lat="37.82438" lon="-83.81701"/>
      <trkpt lat="37.82449" lon="-83.81699"/>
      <trkpt lat="37.82461" lon="-83.81697"/>
      <trkpt lat="37.82499" lon="-83.81696"/>
      <trkpt lat="37.82511" lon="-83.81695"/>
      <trkpt lat="37.82529" lon="-83.81693"/>
      <trkpt lat="37.82562" lon="-83.81688"/>
      <trkpt lat="37.82588" lon="-83.81685"/>
      <trkpt lat="37.82613" lon="-83.81683"/>
      <trkpt lat="37.82665" lon="-83.81684"/>
      <trkpt lat="37.82675" lon="-83.81684"/>
      <trkpt lat="37.82681" lon="-83.81684"/>
      <trkpt lat="37.82699" lon="-83.81683"/>
      <trkpt lat="37.82729" lon="-83.81678"/>
      <trkpt lat="37.82736" lon="-83.81676"/>
      <trkpt lat="37.82785" lon="-83.81664"/>
      <trkpt lat="37.82834" lon="-83.81648"/>
      <trkpt lat="37.82902" lon="-83.81621"/>
      <trkpt lat="37.82946" lon="-83.81602"/>
      <trkpt lat="37.8297" lon="-83.8159"/>
      <trkpt lat="37.82982" lon="-83.81585"/>
      <trkpt lat="37.83033" lon="-83.81559"/>
      <trkpt lat="37.83085" lon="-83.81538"/>
      <trkpt lat="37.83126" lon="-83.81523"/>
      <trkpt lat="37.83173" lon="-83.81505"/>
      <trkpt lat="37.83198" lon="-83.81494"/>
      <trkpt lat="37.83255" lon="-83.81467"/>
      <trkpt lat="37.83278" lon="-83.81454"/>
      <trkpt lat="37.8329" lon="-83.81446"/>
      <trkpt lat="37.83308" lon="-83.81433"/>
      <trkpt lat="37.83353" lon="-83.81394"/>
      <trkpt lat="37.83378" lon="-83.81376"/>
      <trkpt lat="37.83391" lon="-83.81365"/>
      <trkpt lat="37.83412" lon="-83.81343"/>
      <trkpt lat="37.83483" lon="-83.81339"/>
      <trkpt lat="37.83542" lon="-83.81335"/>
      <trkpt lat="37.83569" lon="-83.81331"/>
      <trkpt lat="37.83582" lon="-83.81328"/>
      <trkpt lat="37.83596" lon="-83.81324"/>
      <trkpt lat="37.83619" lon="-83.81314"/>
      <trkpt lat="37.83643" lon="-83.81301"/>
      <trkpt lat="37.83746" lon="-83.81234"/>
      <trkpt lat="37.83773" lon="-83.81218"/>
      <trkpt lat="37.83794" lon="-83.81207"/>
      <trkpt lat="37.83807" lon="-83.81201"/>
      <trkpt lat="37.83816" lon="-83.81199"/>
      <trkpt lat="37.83842" lon="-83.81195"/>
      <trkpt lat="37.83883" lon="-83.8119"/>
      <trkpt lat="37.83906" lon="-83.81188"/>
      <trkpt lat="37.83928" lon="-83.81185"/>
      <trkpt lat="37.83954" lon="-83.81184"/>
      <trkpt lat="37.83969" lon="-83.81185"/>
      <trkpt lat="37.83985" lon="-83.81187"/>
      <trkpt lat="37.83997" lon="-83.8119"/>
      <trkpt lat="37.8401" lon="-83.81194"/>
      <trkpt lat="37.84022" lon="-83.812"/>
      <trkpt lat="37.84033" lon="-83.81206"/>
      <trkpt lat="37.84065" lon="-83.81225"/>
      <trkpt lat="37.8407" lon="-83.81229"/>
      <trkpt lat="37.84112" lon="-83.81255"/>
      <trkpt lat="37.84147" lon="-83.81279"/>
      <trkpt lat="37.84167" lon="-83.81293"/>
      <trkpt lat="37.84186" lon="-83.81309"/>
      <trkpt lat="37.84206" lon="-83.81328"/>
      <trkpt lat="37.84224" lon="-83.81347"/>
      <trkpt lat="37.84237" lon="-83.81363"/>
      <trkpt lat="37.84257" lon="-83.8139"/>
      <trkpt lat="37.84307" lon="-83.81464"/>
      <trkpt lat="37.84377" lon="-83.8157"/>
      <trkpt lat="37.84432" lon="-83.81654"/>
      <trkpt lat="37.84442" lon="-83.81668"/>
      <trkpt lat="37.84449" lon="-83.81683"/>
      <trkpt lat="37.84456" lon="-83.81699"/>
      <trkpt lat="37.84462" lon="-83.81715"/>
      <trkpt lat="37.84467" lon="-83.81732"/>
      <trkpt lat="37.8447" lon="-83.81746"/>
      <trkpt lat="37.84474" lon="-83.81767"/>
      <trkpt lat="37.84476" lon="-83.81784"/>
      <trkpt lat="37.84476" lon="-83.81802"/>
      <trkpt lat="37.84476" lon="-83.8182"/>
      <trkpt lat="37.84475" lon="-83.81834"/>
      <trkpt lat="37.84473" lon="-83.81855"/>
      <trkpt lat="37.84469" lon="-83.81873"/>
      <trkpt lat="37.84462" lon="-83.819"/>
      <trkpt lat="37.84431" lon="-83.81993"/>
      <trkpt lat="37.8443" lon="-83.81998"/>
      <trkpt lat="37.84422" lon="-83.82024"/>
      <trkpt lat="37.84416" lon="-83.82045"/>
      <trkpt lat="37.84413" lon="-83.82063"/>
      <trkpt lat="37.84412" lon="-83.82077"/>
      <trkpt lat="37.84411" lon="-83.82092"/>
      <trkpt lat="37.84411" lon="-83.82115"/>
      <trkpt lat="37.84412" lon="-83.82138"/>
      <trkpt lat="37.84416" lon="-83.82175"/>
      <trkpt lat="37.84423" lon="-83.82221"/>
      <trkpt lat="37.84433" lon="-83.82269"/>
      <trkpt lat="37.84446" lon="-83.82321"/>
      <trkpt lat="37.84457" lon="-83.82362"/>
      <trkpt lat="37.84472" lon="-83.82409"/>
      <trkpt lat="37.84484" lon="-83.82445"/>
      <trkpt lat="37.84559" lon="-83.82646"/>
      <trkpt lat="37.84599" lon="-83.82757"/>
      <trkpt lat="37.84607" lon="-83.82779"/>
      <trkpt lat="37.8461" lon="-83.8279"/>
      <trkpt lat="37.84619" lon="-83.82821"/>
      <trkpt lat="37.8462" lon="-83.82827"/>
      <trkpt lat="37.84622" lon="-83.82836"/>
      <trkpt lat="37.84624" lon="-83.82847"/>
      <trkpt lat="37.84625" lon="-83.82857"/>
      <trkpt lat="37.84627" lon="-83.82884"/>
      <trkpt lat="37.84627" lon="-83.82893"/>
      <trkpt lat="37.84626" lon="-83.82907"/>
      <trkpt lat="37.84625" lon="-83.82922"/>
      <trkpt lat="37.84623" lon="-83.82935"/>
      <trkpt lat="37.8462" lon="-83.82948"/>
      <trkpt lat="37.84617" lon="-83.82967"/>
      <trkpt lat="37.84605" lon="-83.83019"/>
      <trkpt lat="37.84597" lon="-83.83057"/>
      <trkpt lat="37.84586" lon="-83.83099"/>
      <trkpt lat="37.84567" lon="-83.83178"/>
      <trkpt lat="37.84554" lon="-83.83229"/>
      <trkpt lat="37.84544" lon="-83.83262"/>
      <trkpt lat="37.84465" lon="-83.83532"/>
      <trkpt lat="37.84436" lon="-83.83632"/>
      <trkpt lat="37.84424" lon="-83.83681"/>
      <trkpt lat="37.84419" lon="-83.83706"/>
      <trkpt lat="37.84411" lon="-83.83747"/>
      <trkpt lat="37.8441" lon="-83.83752"/>
      <trkpt lat="37.84407" lon="-83.83773"/>
      <trkpt lat="37.84399" lon="-83.83834"/>
      <trkpt lat="37.84396" lon="-83.83863"/>
      <trkpt lat="37.84394" lon="-83.83878"/>
      <trkpt lat="37.84386" lon="-83.83941"/>
      <trkpt lat="37.84358" lon="-83.84159"/>
      <trkpt lat="37.84351" lon="-83.84208"/>
      <trkpt lat="37.84345" lon="-83.84251"/>
      <trkpt lat="37.84344" lon="-83.8427"/>
      <trkpt lat="37.8434" lon="-83.84301"/>
      <trkpt lat="37.84338" lon="-83.84324"/>
      <trkpt lat="37.84338" lon="-83.84358"/>
      <trkpt lat="37.84339" lon="-83.84384"/>
      <trkpt lat="37.84341" lon="-83.84404"/>
      <trkpt lat="37.84346" lon="-83.84432"/>
      <trkpt lat="37.84357" lon="-83.84487"/>
      <trkpt lat="37.844" lon="-83.84682"/>
      <trkpt lat="37.84449" lon="-83.84906"/>
      <trkpt lat="37.84461" lon="-83.8496"/>
      <trkpt lat="37.84483" lon="-83.85056"/>
      <trkpt lat="37.84494" lon="-83.85111"/>
      <trkpt lat="37.84503" lon="-83.85166"/>
      <trkpt lat="37.84514" lon="-83.85238"/>
      <trkpt lat="37.84522" lon="-83.85304"/>
      <trkpt lat="37.84526" lon="-83.85342"/>
      <trkpt lat="37.84526" lon="-83.85347"/>
      <trkpt lat="37.84533" lon="-83.85454"/>
      <trkpt lat="37.84534" lon="-83.85464"/>
      <trkpt lat="37.84536" lon="-83.85506"/>
      <trkpt lat="37.84542" lon="-83.85599"/>
      <trkpt lat="37.84542" lon="-83.85603"/>
      <trkpt lat="37.8455" lon="-83.85725"/>
      <trkpt lat="37.84554" lon="-83.85795"/>
      <trkpt lat="37.84556" lon="-83.85812"/>
      <trkpt lat="37.84557" lon="-83.85845"/>
      <trkpt lat="37.84511" lon="-83.85845"/>
      <trkpt lat="37.84461" lon="-83.85846"/>
      <trkpt lat="37.84426" lon="-83.85847"/>
      <trkpt lat="37.84389" lon="-83.85847"/>
      <trkpt lat="37.84313" lon="-83.85843"/>
      <trkpt lat="37.84301" lon="-83.85843"/>
      <trkpt lat="37.84291" lon="-83.85844"/>
      <trkpt lat="37.8428" lon="-83.85846"/>
      <trkpt lat="37.84248" lon="-83.85854"/>
      <trkpt lat="37.84234" lon="-83.85857"/>
      <trkpt lat="37.84225" lon="-83.85858"/>
      <trkpt lat="37.84215" lon="-83.85857"/>
      <trkpt lat="37.84204" lon="-83.85856"/>
      <trkpt lat="37.84194" lon="-83.85855"/>
      <trkpt lat="37.84173" lon="-83.8585"/>
      <trkpt lat="37.84095" lon="-83.85822"/>
      <trkpt lat="37.84078" lon="-83.85815"/>
      <trkpt lat="37.84047" lon="-83.85799"/>
      <trkpt lat="37.8401" lon="-83.8578"/>
      <trkpt lat="37.83996" lon="-83.85773"/>
      <trkpt lat="37.83975" lon="-83.85762"/>
      <trkpt lat="37.83926" lon="-83.85737"/>
      <trkpt lat="37.83895" lon="-83.85722"/>
      <trkpt lat="37.83836" lon="-83.85693"/>
      <trkpt lat="37.83785" lon="-83.85668"/>
      <trkpt lat="37.83781" lon="-83.85667"/>
      <trkpt lat="37.83702" lon="-83.85631"/>
      <trkpt lat="37.83643" lon="-83.85603"/>
      <trkpt lat="37.83619" lon="-83.85592"/>
      <trkpt lat="37.83588" lon="-83.85576"/>
      <trkpt lat="37.83576" lon="-83.85569"/>
      <trkpt lat="37.83566" lon="-83.85563"/>
      <trkpt lat="37.83551" lon="-83.85552"/>
      <trkpt lat="37.83539" lon="-83.85542"/>
      <trkpt lat="37.8353" lon="-83.85534"/>
      <trkpt lat="37.83521" lon="-83.85525"/>
      <trkpt lat="37.83493" lon="-83.85525"/>
      <trkpt lat="37.83482" lon="-83.85529"/>
      <trkpt lat="37.83471" lon="-83.85537"/>
      <trkpt lat="37.83462" lon="-83.85548"/>
      <trkpt lat="37.83341" lon="-83.85704"/>
      <trkpt lat="37.83332" lon="-83.85714"/>
      <trkpt lat="37.83327" lon="-83.85719"/>
      <trkpt lat="37.8332" lon="-83.85722"/>
      <trkpt lat="37.83314" lon="-83.85724"/>
      <trkpt lat="37.8325" lon="-83.85732"/>
      <trkpt lat="37.8322" lon="-83.8574"/>
      <trkpt lat="37.83203" lon="-83.85748"/>
      <trkpt lat="37.83192" lon="-83.85756"/>
      <trkpt lat="37.83186" lon="-83.85761"/>
      <trkpt lat="37.83181" lon="-83.85768"/>
      <trkpt lat="37.8317" lon="-83.85782"/>
      <trkpt lat="37.83157" lon="-83.85794"/>
      <trkpt lat="37.83149" lon="-83.85798"/>
      <trkpt lat="37.83141" lon="-83.858"/>
      <trkpt lat="37.83134" lon="-83.85801"/>
      <trkpt lat="37.83124" lon="-83.85798"/>
      <trkpt lat="37.83114" lon="-83.85793"/>
      <trkpt lat="37.83108" lon="-83.85787"/>
      <trkpt lat="37.83096" lon="-83.85771"/>
      <trkpt lat="37.83066" lon="-83.85727"/>
      <trkpt lat="37.83059" lon="-83.8572"/>
      <trkpt lat="37.83053" lon="-83.85714"/>
      <trkpt lat="37.83045" lon="-83.8571"/>
      <trkpt lat="37.83038" lon="-83.85708"/>
      <trkpt lat="37.8303" lon="-83.85708"/>
      <trkpt lat="37.83022" lon="-83.8571"/>
      <trkpt lat="37.83007" lon="-83.85718"/>
      <trkpt lat="37.82989" lon="-83.85731"/>
      <trkpt lat="37.82946" lon="-83.85763"/>
      <trkpt lat="37.82846" lon="-83.85846"/>
      <trkpt lat="37.82833" lon="-83.85863"/>
      <trkpt lat="37.82801" lon="-83.85913"/>
      <trkpt lat="37.82798" lon="-83.85918"/>
      <trkpt lat="37.82791" lon="-83.85928"/>
      <trkpt lat="37.82776" lon="-83.85946"/>
      <trkpt lat="37.82755" lon="-83.85964"/>
      <trkpt lat="37.82748" lon="-83.85971"/>
      <trkpt lat="37.82739" lon="-83.85977"/>
      <trkpt lat="37.82729" lon="-83.85983"/>
      <trkpt lat="37.82718" lon="-83.85987"/>
      <trkpt lat="37.82654" lon="-83.86013"/>
      <trkpt lat="37.82632" lon="-83.8602"/>
      <trkpt lat="37.82589" lon="-83.86033"/>
      <trkpt lat="37.82581" lon="-83.86036"/>
      <trkpt lat="37.82567" lon="-83.86044"/>
      <trkpt lat="37.82556" lon="-83.86059"/>
      <trkpt lat="37.82553" lon="-83.86066"/>
      <trkpt lat="37.82548" lon="-83.86076"/>
      <trkpt lat="37.82546" lon="-83.86087"/>
      <trkpt lat="37.82542" lon="-83.8612"/>
      <trkpt lat="37.82541" lon="-83.86146"/>
      <trkpt lat="37.82536" lon="-83.86224"/>
      <trkpt lat="37.82533" lon="-83.86253"/>
      <trkpt lat="37.82531" lon="-83.86265"/>
      <trkpt lat="37.82528" lon="-83.86277"/>
      <trkpt lat="37.8252" lon="-83.86298"/>
      <trkpt lat="37.82511" lon="-83.86314"/>
      <trkpt lat="37.82506" lon="-83.8632"/>
      <trkpt lat="37.82499" lon="-83.86325"/>
      <trkpt lat="37.82496" lon="-83.86325"/>
      <trkpt lat="37.82484" lon="-83.86328"/>
      <trkpt lat="37.82466" lon="-83.86326"/>
      <trkpt lat="37.82458" lon="-83.86325"/>
      <trkpt lat="37.82443" lon="-83.86323"/>
      <trkpt lat="37.82416" lon="-83.86319"/>
      <trkpt lat="37.82397" lon="-83.86318"/>
      <trkpt lat="37.82378" lon="-83.86321"/>
      <trkpt lat="37.82333" lon="-83.86332"/>
      <trkpt lat="37.82286" lon="-83.86336"/>
      <trkpt lat="37.82271" lon="-83.86339"/>
      <trkpt lat="37.82252" lon="-83.86347"/>
      <trkpt lat="37.82226" lon="-83.86358"/>
      <trkpt lat="37.82216" lon="-83.86361"/>
      <trkpt lat="37.82201" lon="-83.86363"/>
      <trkpt lat="37.82145" lon="-83.86366"/>
      <trkpt lat="37.821" lon="-83.86369"/>
      <trkpt lat="37.8208" lon="-83.86368"/>
      <trkpt lat="37.82061" lon="-83.86366"/>
      <trkpt lat="37.82031" lon="-83.86359"/>
      <trkpt lat="37.82014" lon="-83.86355"/>
      <trkpt lat="37.82004" lon="-83.86353"/>
      <trkpt lat="37.81974" lon="-83.86353"/>
      <trkpt lat="37.81895" lon="-83.86363"/>
      <trkpt lat="37.81878" lon="-83.86369"/>
      <trkpt lat="37.81837" lon="-83.86391"/>
      <trkpt lat="37.8182" lon="-83.864"/>
      <trkpt lat="37.81803" lon="-83.86408"/>
      <trkpt lat="37.81795" lon="-83.8641"/>
      <trkpt lat="37.8178" lon="-83.86409"/>
      <trkpt lat="37.81764" lon="-83.86403"/>
      <trkpt lat="37.81756" lon="-83.86398"/>
      <trkpt lat="37.81709" lon="-83.86359"/>
      <trkpt lat="37.81703" lon="-83.86355"/>
      <trkpt lat="37.81684" lon="-83.86348"/>
      <trkpt lat="37.81666" lon="-83.86345"/>
      <trkpt lat="37.81647" lon="-83.86347"/>
      <trkpt lat="37.81605" lon="-83.86354"/>
      <trkpt lat="37.81585" lon="-83.86355"/>
      <trkpt lat="37.81562" lon="-83.86352"/>
      <trkpt lat="37.81507" lon="-83.86338"/>
      <trkpt lat="37.815" lon="-83.86366"/>
      <trkpt lat="37.81479" lon="-83.86479"/>
      <trkpt lat="37.81473" lon="-83.86505"/>
      <trkpt lat="37.81471" lon="-83.86512"/>
      <trkpt lat="37.81467" lon="-83.86521"/>
      <trkpt lat="37.81462" lon="-83.86527"/>
      <trkpt lat="37.81455" lon="-83.86531"/>
      <trkpt lat="37.81447" lon="-83.86534"/>
      <trkpt lat="37.81439" lon="-83.86535"/>
      <trkpt lat="37.81407" lon="-83.86535"/>
      <trkpt lat="37.8139" lon="-83.86534"/>
      <trkpt lat="37.81371" lon="-83.8653"/>
      <trkpt lat="37.81353" lon="-83.86523"/>
      <trkpt lat="37.81321" lon="-83.86506"/>
      <trkpt lat="37.81313" lon="-83.86502"/>
      <trkpt lat="37.8131" lon="-83.86501"/>
      <trkpt lat="37.81257" lon="-83.86482"/>
      <trkpt lat="37.81249" lon="-83.86478"/>
      <trkpt lat="37.81243" lon="-83.86473"/>
      <trkpt lat="37.81236" lon="-83.86464"/>
      <trkpt lat="37.81223" lon="-83.86437"/>
      <trkpt lat="37.81214" lon="-83.86422"/>
      <trkpt lat="37.81209" lon="-83.86416"/>
      <trkpt lat="37.81202" lon="-83.86412"/>
      <trkpt lat="37.81194" lon="-83.86408"/>
      <trkpt lat="37.81186" lon="-83.86407"/>
      <trkpt lat="37.81177" lon="-83.86406"/>
      <trkpt lat="37.81169" lon="-83.86408"/>
      <trkpt lat="37.81151" lon="-83.86413"/>
      <trkpt lat="37.81124" lon="-83.86423"/>
      <trkpt lat="37.81108" lon="-83.86428"/>
      <trkpt lat="37.8108" lon="-83.86434"/>
      <trkpt lat="37.81058" lon="-83.86436"/>
      <trkpt lat="37.81023" lon="-83.86438"/>
      <trkpt lat="37.81015" lon="-83.86441"/>
      <trkpt lat="37.81007" lon="-83.86444"/>
      <trkpt lat="37.80964" lon="-83.8648"/>
      <trkpt lat="37.80958" lon="-83.86481"/>
      <trkpt lat="37.80953" lon="-83.86481"/>
      <trkpt lat="37.80946" lon="-83.86478"/>
      <trkpt lat="37.80937" lon="-83.86473"/>
      <trkpt lat="37.80915" lon="-83.86458"/>
      <trkpt lat="37.809" lon="-83.86448"/>
      <trkpt lat="37.80891" lon="-83.86444"/>
      <trkpt lat="37.80867" lon="-83.86439"/>
      <trkpt lat="37.80842" lon="-83.86438"/>
      <trkpt lat="37.80824" lon="-83.86436"/>
      <trkpt lat="37.80812" lon="-83.86434"/>
      <trkpt lat="37.80722" lon="-83.86409"/>
      <trkpt lat="37.80694" lon="-83.86398"/>
      <trkpt lat="37.80675" lon="-83.86392"/>
      <trkpt lat="37.80636" lon="-83.86386"/>
      <trkpt lat="37.80606" lon="-83.86375"/>
      <trkpt lat="37.80589" lon="-83.86367"/>
      <trkpt lat="37.80569" lon="-83.86351"/>
      <trkpt lat="37.80549" lon="-83.86336"/>
      <trkpt lat="37.80534" lon="-83.86324"/>
      <trkpt lat="37.80522" lon="-83.86311"/>
      <trkpt lat="37.80497" lon="-83.86282"/>
      <trkpt lat="37.80466" lon="-83.86248"/>
      <trkpt lat="37.8045" lon="-83.86232"/>
      <trkpt lat="37.80439" lon="-83.86224"/>
      <trkpt lat="37.80413" lon="-83.86215"/>
      <trkpt lat="37.80395" lon="-83.86211"/>
      <trkpt lat="37.80382" lon="-83.86211"/>
      <trkpt lat="37.8035" lon="-83.86215"/>
      <trkpt lat="37.80336" lon="-83.86213"/>
      <trkpt lat="37.80323" lon="-83.86208"/>
      <trkpt lat="37.8031" lon="-83.86201"/>
      <trkpt lat="37.80299" lon="-83.86192"/>
      <trkpt lat="37.80291" lon="-83.86184"/>
      <trkpt lat="37.80282" lon="-83.86177"/>
      <trkpt lat="37.80269" lon="-83.86174"/>
      <trkpt lat="37.80248" lon="-83.86171"/>
      <trkpt lat="37.80244" lon="-83.8617"/>
      <trkpt lat="37.80223" lon="-83.86164"/>
      <trkpt lat="37.80214" lon="-83.8616"/>
      <trkpt lat="37.80185" lon="-83.86144"/>
      <trkpt lat="37.80164" lon="-83.86131"/>
      <trkpt lat="37.80159" lon="-83.86128"/>
      <trkpt lat="37.80144" lon="-83.86117"/>
      <trkpt lat="37.80132" lon="-83.86104"/>
      <trkpt lat="37.80114" lon="-83.86078"/>
      <trkpt lat="37.80105" lon="-83.86067"/>
      <trkpt lat="37.80081" lon="-83.86043"/>
      <trkpt lat="37.80069" lon="-83.8603"/>
      <trkpt lat="37.80063" lon="-83.86022"/>
      <trkpt lat="37.80054" lon="-83.86006"/>
      <trkpt lat="37.80034" lon="-83.85959"/>
      <trkpt lat="37.80028" lon="-83.85943"/>
      <trkpt lat="37.80025" lon="-83.85933"/>
      <trkpt lat="37.8002" lon="-83.85901"/>
      <trkpt lat="37.80016" lon="-83.85884"/>
      <trkpt lat="37.80005" lon="-83.85865"/>
      <trkpt lat="37.79986" lon="-83.85837"/>
      <trkpt lat="37.79977" lon="-83.85818"/>
      <trkpt lat="37.79972" lon="-83.85805"/>
      <trkpt lat="37.79958" lon="-83.85751"/>
      <trkpt lat="37.79938" lon="-83.85692"/>
      <trkpt lat="37.79925" lon="-83.85662"/>
      <trkpt lat="37.79898" lon="-83.85613"/>
      <trkpt lat="37.79888" lon="-83.85592"/>
      <trkpt lat="37.79884" lon="-83.8558"/>
      <trkpt lat="37.79883" lon="-83.85573"/>
      <trkpt lat="37.79885" lon="-83.85556"/>
      <trkpt lat="37.79888" lon="-83.85542"/>
      <trkpt lat="37.79889" lon="-83.85539"/>
      <trkpt lat="37.79909" lon="-83.85502"/>
      <trkpt lat="37.79911" lon="-83.85492"/>
      <trkpt lat="37.7991" lon="-83.85481"/>
      <trkpt lat="37.79907" lon="-83.85472"/>
      <trkpt lat="37.79902" lon="-83.85463"/>
      <trkpt lat="37.7988" lon="-83.85434"/>
      <trkpt lat="37.79856" lon="-83.854"/>
      <trkpt lat="37.79849" lon="-83.85386"/>
      <trkpt lat="37.79847" lon="-83.85378"/>
      <trkpt lat="37.79846" lon="-83.8537"/>
      <trkpt lat="37.79846" lon="-83.85361"/>
      <trkpt lat="37.79851" lon="-83.85313"/>
      <trkpt lat="37.79851" lon="-83.85292"/>
      <trkpt lat="37.79851" lon="-83.85283"/>
      <trkpt lat="37.79848" lon="-83.85251"/>
      <trkpt lat="37.79848" lon="-83.85231"/>
      <trkpt lat="37.7985" lon="-83.85215"/>
      <trkpt lat="37.7986" lon="-83.85167"/>
      <trkpt lat="37.79863" lon="-83.85146"/>
      <trkpt lat="37.79864" lon="-83.85128"/>
      <trkpt lat="37.79867" lon="-83.85094"/>
      <trkpt lat="37.79873" lon="-83.85048"/>
      <trkpt lat="37.79882" lon="-83.85002"/>
      <trkpt lat="37.79898" lon="-83.84934"/>
      <trkpt lat="37.79901" lon="-83.84903"/>
      <trkpt lat="37.79903" lon="-83.84851"/>
      <trkpt lat="37.79911" lon="-83.84799"/>
      <trkpt lat="37.79919" lon="-83.84732"/>
      <trkpt lat="37.79927" lon="-83.84673"/>
      <trkpt lat="37.7993" lon="-83.84648"/>
      <trkpt lat="37.7993" lon="-83.84583"/>
      <trkpt lat="37.79932" lon="-83.8456"/>
      <trkpt lat="37.79934" lon="-83.8455"/>
      <trkpt lat="37.79951" lon="-83.84502"/>
      <trkpt lat="37.79959" lon="-83.84483"/>
      <trkpt lat="37.79978" lon="-83.84444"/>
      <trkpt lat="37.79989" lon="-83.84417"/>
      <trkpt lat="37.80008" lon="-83.84378"/>
      <trkpt lat="37.8002" lon="-83.84359"/>
      <trkpt lat="37.80037" lon="-83.84338"/>
      <trkpt lat="37.80047" lon="-83.84329"/>
      <trkpt lat="37.80058" lon="-83.8431"/>
      <trkpt lat="37.8006" lon="-83.84307"/>
      <trkpt lat="37.80064" lon="-83.84289"/>
      <trkpt lat="37.80064" lon="-83.84261"/>
      <trkpt lat="37.80062" lon="-83.84239"/>
      <trkpt lat="37.80057" lon="-83.84207"/>
      <trkpt lat="37.80056" lon="-83.84197"/>
      <trkpt lat="37.80056" lon="-83.84177"/>
      <trkpt lat="37.80058" lon="-83.84152"/>
      <trkpt lat="37.80065" lon="-83.84126"/>
      <trkpt lat="37.80069" lon="-83.84115"/>
      <trkpt lat="37.80088" lon="-83.84055"/>
      <trkpt lat="37.80092" lon="-83.84048"/>
      <trkpt lat="37.80111" lon="-83.84027"/>
      <trkpt lat="37.80108" lon="-83.84026"/>
      <trkpt lat="37.80099" lon="-83.8402"/>
      <trkpt lat="37.80092" lon="-83.84011"/>
      <trkpt lat="37.80081" lon="-83.83993"/>
      <trkpt lat="37.80074" lon="-83.83978"/>
      <trkpt lat="37.8007" lon="-83.83973"/>
      <trkpt lat="37.80064" lon="-83.83967"/>
      <trkpt lat="37.8006" lon="-83.83961"/>
      <trkpt lat="37.80052" lon="-83.83956"/>
      <trkpt lat="37.80047" lon="-83.83955"/>
      <trkpt lat="37.80043" lon="-83.83954"/>
      <trkpt lat="37.80034" lon="-83.83952"/>
      <trkpt lat="37.80012" lon="-83.83952"/>
      <trkpt lat="37.8" lon="-83.83951"/>
      <trkpt lat="37.7996" lon="-83.83945"/>
      <trkpt lat="37.7994" lon="-83.83943"/>
      <trkpt lat="37.79915" lon="-83.83945"/>
      <trkpt lat="37.79861" lon="-83.8395"/>
      <trkpt lat="37.79838" lon="-83.83952"/>
      <trkpt lat="37.79783" lon="-83.83958"/>
      <trkpt lat="37.79731" lon="-83.83961"/>
      <trkpt lat="37.79687" lon="-83.83964"/>
      <trkpt lat="37.79674" lon="-83.83964"/>
      <trkpt lat="37.79663" lon="-83.83963"/>
      <trkpt lat="37.79606" lon="-83.83957"/>
      <trkpt lat="37.79595" lon="-83.83957"/>
      <trkpt lat="37.79586" lon="-83.83958"/>
      <trkpt lat="37.79576" lon="-83.8396"/>
      <trkpt lat="37.79567" lon="-83.83963"/>
      <trkpt lat="37.79558" lon="-83.83968"/>
      <trkpt lat="37.79549" lon="-83.83974"/>
      <trkpt lat="37.79535" lon="-83.83987"/>
      <trkpt lat="37.7953" lon="-83.83991"/>
      <trkpt lat="37.79512" lon="-83.83998"/>
      <trkpt lat="37.79503" lon="-83.83999"/>
      <trkpt lat="37.79497" lon="-83.83999"/>
      <trkpt lat="37.79491" lon="-83.83998"/>
      <trkpt lat="37.79485" lon="-83.83996"/>
      <trkpt lat="37.79479" lon="-83.83993"/>
      <trkpt lat="37.79468" lon="-83.83985"/>
      <trkpt lat="37.7945" lon="-83.83971"/>
      <trkpt lat="37.79441" lon="-83.83965"/>
      <trkpt lat="37.79431" lon="-83.8396"/>
      <trkpt lat="37.7942" lon="-83.83956"/>
      <trkpt lat="37.7941" lon="-83.83954"/>
      <trkpt lat="37.79396" lon="-83.83953"/>
      <trkpt lat="37.79385" lon="-83.83953"/>
      <trkpt lat="37.79379" lon="-83.83954"/>
      <trkpt lat="37.79358" lon="-83.83959"/>
      <trkpt lat="37.7929" lon="-83.8398"/>
      <trkpt lat="37.7925" lon="-83.83995"/>
      <trkpt lat="37.79237" lon="-83.83999"/>
      <trkpt lat="37.79227" lon="-83.84"/>
      <trkpt lat="37.79217" lon="-83.84"/>
      <trkpt lat="37.79185" lon="-83.83995"/>
      <trkpt lat="37.79171" lon="-83.83991"/>
      <trkpt lat="37.79165" lon="-83.83989"/>
      <trkpt lat="37.79156" lon="-83.83983"/>
      <trkpt lat="37.79148" lon="-83.83976"/>
      <trkpt lat="37.79141" lon="-83.83967"/>
      <trkpt lat="37.79116" lon="-83.83925"/>
      <trkpt lat="37.79103" lon="-83.8391"/>
      <trkpt lat="37.79092" lon="-83.83901"/>
      <trkpt lat="37.79086" lon="-83.83897"/>
      <trkpt lat="37.79077" lon="-83.83894"/>
      <trkpt lat="37.79042" lon="-83.83884"/>
      <trkpt lat="37.79031" lon="-83.8388"/>
      <trkpt lat="37.79018" lon="-83.83873"/>
      <trkpt lat="37.78994" lon="-83.83859"/>
      <trkpt lat="37.78986" lon="-83.83856"/>
      <trkpt lat="37.78976" lon="-83.83854"/>
      <trkpt lat="37.78966" lon="-83.83855"/>
      <trkpt lat="37.78944" lon="-83.8386"/>
      <trkpt lat="37.78933" lon="-83.83862"/>
      <trkpt lat="37.78918" lon="-83.83863"/>
      <trkpt lat="37.78907" lon="-83.83862"/>
      <trkpt lat="37.78883" lon="-83.83859"/>
      <trkpt lat="37.78873" lon="-83.83856"/>
      <trkpt lat="37.78866" lon="-83.83851"/>
      <trkpt lat="37.78861" lon="-83.83846"/>
      <trkpt lat="37.78854" lon="-83.83837"/>
      <trkpt lat="37.78849" lon="-83.83827"/>
      <trkpt lat="37.78833" lon="-83.83789"/>
      <trkpt lat="37.78829" lon="-83.83782"/>
      <trkpt lat="37.78823" lon="-83.83771"/>
      <trkpt lat="37.78821" lon="-83.83767"/>
      <trkpt lat="37.78817" lon="-83.83762"/>
      <trkpt lat="37.78799" lon="-83.83739"/>
      <trkpt lat="37.78787" lon="-83.83723"/>
      <trkpt lat="37.78781" lon="-83.83715"/>
      <trkpt lat="37.78774" lon="-83.83709"/>
      <trkpt lat="37.78767" lon="-83.83704"/>
      <trkpt lat="37.78758" lon="-83.83702"/>
      <trkpt lat="37.7875" lon="-83.83702"/>
      <trkpt lat="37.78742" lon="-83.83704"/>
      <trkpt lat="37.78736" lon="-83.83709"/>
      <trkpt lat="37.78711" lon="-83.83728"/>
      <trkpt lat="37.78704" lon="-83.83732"/>
      <trkpt lat="37.78696" lon="-83.83735"/>
      <trkpt lat="37.7869" lon="-83.83737"/>
      <trkpt lat="37.7868" lon="-83.83737"/>
      <trkpt lat="37.78669" lon="-83.83735"/>
      <trkpt lat="37.7866" lon="-83.83733"/>
      <trkpt lat="37.78638" lon="-83.83726"/>
      <trkpt lat="37.786" lon="-83.83709"/>
      <trkpt lat="37.78593" lon="-83.83708"/>
      <trkpt lat="37.78589" lon="-83.83707"/>
      <trkpt lat="37.78581" lon="-83.83708"/>
      <trkpt lat="37.78555" lon="-83.83718"/>
      <trkpt lat="37.78551" lon="-83.83718"/>
      <trkpt lat="37.78545" lon="-83.83719"/>
      <trkpt lat="37.78539" lon="-83.83719"/>
      <trkpt lat="37.78529" lon="-83.83717"/>
      <trkpt lat="37.78516" lon="-83.83713"/>
      <trkpt lat="37.78509" lon="-83.83708"/>
      <trkpt lat="37.785" lon="-83.837"/>
      <trkpt lat="37.78493" lon="-83.83691"/>
      <trkpt lat="37.78488" lon="-83.8368"/>
      <trkpt lat="37.78484" lon="-83.83668"/>
      <trkpt lat="37.78481" lon="-83.83655"/>
      <trkpt lat="37.78471" lon="-83.83573"/>
      <trkpt lat="37.78466" lon="-83.83558"/>
      <trkpt lat="37.78463" lon="-83.8355"/>
      <trkpt lat="37.78453" lon="-83.83532"/>
      <trkpt lat="37.78447" lon="-83.83523"/>
      <trkpt lat="37.78441" lon="-83.83513"/>
      <trkpt lat="37.78436" lon="-83.83503"/>
      <trkpt lat="37.78433" lon="-83.83491"/>
      <trkpt lat="37.7843" lon="-83.83478"/>
      <trkpt lat="37.78423" lon="-83.83436"/>
      <trkpt lat="37.78421" lon="-83.83423"/>
      <trkpt lat="37.78417" lon="-83.83411"/>
      <trkpt lat="37.78412" lon="-83.83401"/>
      <trkpt lat="37.78408" lon="-83.83396"/>
      <trkpt lat="37.78403" lon="-83.83391"/>
      <trkpt lat="37.78397" lon="-83.83386"/>
      <trkpt lat="37.78387" lon="-83.8338"/>
      <trkpt lat="37.78366" lon="-83.83367"/>
      <trkpt lat="37.78356" lon="-83.8336"/>
      <trkpt lat="37.78346" lon="-83.83352"/>
      <trkpt lat="37.78337" lon="-83.83344"/>
      <trkpt lat="37.78322" lon="-83.83328"/>
      <trkpt lat="37.78316" lon="-83.83319"/>
      <trkpt lat="37.78311" lon="-83.83309"/>
      <trkpt lat="37.78309" lon="-83.83298"/>
      <trkpt lat="37.7831" lon="-83.83285"/>
      <trkpt lat="37.78312" lon="-83.83273"/>
      <trkpt lat="37.78321" lon="-83.83236"/>
      <trkpt lat="37.78329" lon="-83.8321"/>
      <trkpt lat="37.78333" lon="-83.83199"/>
      <trkpt lat="37.78339" lon="-83.83184"/>
      <trkpt lat="37.78344" lon="-83.83176"/>
      <trkpt lat="37.78356" lon="-83.83161"/>
      <trkpt lat="37.78425" lon="-83.83081"/>
      <trkpt lat="37.78472" lon="-83.8303"/>
      <trkpt lat="37.78488" lon="-83.83009"/>
      <trkpt lat="37.78495" lon="-83.82998"/>
      <trkpt lat="37.78504" lon="-83.82983"/>
      <trkpt lat="37.7851" lon="-83.8297"/>
      <trkpt lat="37.78518" lon="-83.82949"/>
      <trkpt lat="37.78522" lon="-83.82937"/>
      <trkpt lat="37.78524" lon="-83.82927"/>
      <trkpt lat="37.78525" lon="-83.82916"/>
      <trkpt lat="37.78525" lon="-83.82906"/>
      <trkpt lat="37.78523" lon="-83.82899"/>
      <trkpt lat="37.78521" lon="-83.82894"/>
      <trkpt lat="37.78518" lon="-83.82889"/>
      <trkpt lat="37.78514" lon="-83.82884"/>
      <trkpt lat="37.7851" lon="-83.8288"/>
      <trkpt lat="37.78501" lon="-83.82874"/>
      <trkpt lat="37.78474" lon="-83.8286"/>
      <trkpt lat="37.78465" lon="-83.82855"/>
      <trkpt lat="37.78456" lon="-83.82848"/>
      <trkpt lat="37.7844" lon="-83.82834"/>
      <trkpt lat="37.78431" lon="-83.82828"/>
      <trkpt lat="37.78422" lon="-83.82823"/>
      <trkpt lat="37.7841" lon="-83.82821"/>
      <trkpt lat="37.78402" lon="-83.82822"/>
      <trkpt lat="37.78393" lon="-83.82823"/>
      <trkpt lat="37.78383" lon="-83.82826"/>
      <trkpt lat="37.7837" lon="-83.82831"/>
      <trkpt lat="37.7832" lon="-83.82851"/>
      <trkpt lat="37.78312" lon="-83.82853"/>
      <trkpt lat="37.783" lon="-83.82854"/>
      <trkpt lat="37.78292" lon="-83.82854"/>
      <trkpt lat="37.78282" lon="-83.82851"/>
      <trkpt lat="37.78271" lon="-83.82845"/>
      <trkpt lat="37.78253" lon="-83.8283"/>
      <trkpt lat="37.7824" lon="-83.82818"/>
      <trkpt lat="37.78227" lon="-83.82808"/>
      <trkpt lat="37.78218" lon="-83.82801"/>
      <trkpt lat="37.78208" lon="-83.82797"/>
      <trkpt lat="37.78199" lon="-83.82795"/>
      <trkpt lat="37.78188" lon="-83.82794"/>
      <trkpt lat="37.78176" lon="-83.82796"/>
      <trkpt lat="37.78172" lon="-83.82796"/>
      <trkpt lat="37.78159" lon="-83.82799"/>
      <trkpt lat="37.7815" lon="-83.82799"/>
      <trkpt lat="37.78134" lon="-83.82796"/>
      <trkpt lat="37.78125" lon="-83.82794"/>
      <trkpt lat="37.78114" lon="-83.82789"/>
      <trkpt lat="37.78109" lon="-83.82785"/>
      <trkpt lat="37.78104" lon="-83.82781"/>
      <trkpt lat="37.78099" lon="-83.82773"/>
      <trkpt lat="37.78096" lon="-83.82763"/>
      <trkpt lat="37.78095" lon="-83.82752"/>
      <trkpt lat="37.78093" lon="-83.82731"/>
      <trkpt lat="37.78092" lon="-83.8272"/>
      <trkpt lat="37.78088" lon="-83.82709"/>
      <trkpt lat="37.78083" lon="-83.82699"/>
      <trkpt lat="37.78075" lon="-83.82688"/>
      <trkpt lat="37.78068" lon="-83.82683"/>
      <trkpt lat="37.78059" lon="-83.82678"/>
      <trkpt lat="37.7805" lon="-83.82675"/>
      <trkpt lat="37.78031" lon="-83.82671"/>
      <trkpt lat="37.78011" lon="-83.82664"/>
      <trkpt lat="37.78002" lon="-83.8266"/>
      <trkpt lat="37.7799" lon="-83.82653"/>
      <trkpt lat="37.77984" lon="-83.82647"/>
      <trkpt lat="37.77976" lon="-83.82638"/>
      <trkpt lat="37.77934" lon="-83.82586"/>
      <trkpt lat="37.77924" lon="-83.82577"/>
      <trkpt lat="37.77917" lon="-83.82572"/>
      <trkpt lat="37.77907" lon="-83.82569"/>
      <trkpt lat="37.77896" lon="-83.82567"/>
      <trkpt lat="37.77875" lon="-83.82568"/>
      <trkpt lat="37.77841" lon="-83.82573"/>
      <trkpt lat="37.77821" lon="-83.82578"/>
      <trkpt lat="37.77809" lon="-83.82582"/>
      <trkpt lat="37.77801" lon="-83.82586"/>
      <trkpt lat="37.77793" lon="-83.82592"/>
      <trkpt lat="37.77784" lon="-83.826"/>
      <trkpt lat="37.77773" lon="-83.82613"/>
      <trkpt lat="37.77769" lon="-83.82618"/>
      <trkpt lat="37.77755" lon="-83.82639"/>
      <trkpt lat="37.77746" lon="-83.82648"/>
      <trkpt lat="37.77739" lon="-83.82654"/>
      <trkpt lat="37.7773" lon="-83.82656"/>
      <trkpt lat="37.77721" lon="-83.82658"/>
      <trkpt lat="37.77704" lon="-83.82657"/>
      <trkpt lat="37.77692" lon="-83.82655"/>
      <trkpt lat="37.77678" lon="-83.82652"/>
      <trkpt lat="37.77665" lon="-83.82647"/>
      <trkpt lat="37.77654" lon="-83.82641"/>
      <trkpt lat="37.77646" lon="-83.82635"/>
      <trkpt lat="37.77638" lon="-83.82629"/>
      <trkpt lat="37.77619" lon="-83.82609"/>
      <trkpt lat="37.77612" lon="-83.82603"/>
      <trkpt lat="37.77607" lon="-83.82599"/>
      <trkpt lat="37.77599" lon="-83.82595"/>
      <trkpt lat="37.77593" lon="-83.82593"/>
      <trkpt lat="37.77588" lon="-83.82592"/>
      <trkpt lat="37.77579" lon="-83.82593"/>
      <trkpt lat="37.77572" lon="-83.82595"/>
      <trkpt lat="37.77562" lon="-83.826"/>
      <trkpt lat="37.77542" lon="-83.82614"/>
      <trkpt lat="37.77495" lon="-83.82654"/>
      <trkpt lat="37.77484" lon="-83.82662"/>
      <trkpt lat="37.77475" lon="-83.82668"/>
      <trkpt lat="37.77457" lon="-83.82678"/>
      <trkpt lat="37.77438" lon="-83.82686"/>
      <trkpt lat="37.77423" lon="-83.82691"/>
      <trkpt lat="37.77408" lon="-83.82694"/>
      <trkpt lat="37.77397" lon="-83.82695"/>
      <trkpt lat="37.77386" lon="-83.82693"/>
      <trkpt lat="37.77376" lon="-83.8269"/>
      <trkpt lat="37.77366" lon="-83.82686"/>
      <trkpt lat="37.77345" lon="-83.82675"/>
      <trkpt lat="37.77338" lon="-83.82671"/>
      <trkpt lat="37.77314" lon="-83.82657"/>
      <trkpt lat="37.77304" lon="-83.82652"/>
      <trkpt lat="37.77287" lon="-83.82643"/>
      <trkpt lat="37.77275" lon="-83.82639"/>
      <trkpt lat="37.7727" lon="-83.82638"/>
      <trkpt lat="37.77261" lon="-83.82637"/>
      <trkpt lat="37.77256" lon="-83.82638"/>
      <trkpt lat="37.77245" lon="-83.8264"/>
      <trkpt lat="37.77236" lon="-83.82644"/>
      <trkpt lat="37.77228" lon="-83.82649"/>
      <trkpt lat="37.77217" lon="-83.82658"/>
      <trkpt lat="37.77207" lon="-83.82669"/>
      <trkpt lat="37.77204" lon="-83.82678"/>
      <trkpt lat="37.77197" lon="-83.82704"/>
      <trkpt lat="37.77191" lon="-83.82737"/>
      <trkpt lat="37.77182" lon="-83.82768"/>
      <trkpt lat="37.77178" lon="-83.82779"/>
      <trkpt lat="37.77172" lon="-83.82788"/>
      <trkpt lat="37.77163" lon="-83.82798"/>
      <trkpt lat="37.77156" lon="-83.82804"/>
      <trkpt lat="37.77148" lon="-83.82809"/>
      <trkpt lat="37.7714" lon="-83.82813"/>
      <trkpt lat="37.77111" lon="-83.82825"/>
      <trkpt lat="37.77095" lon="-83.82831"/>
      <trkpt lat="37.77083" lon="-83.82835"/>
      <trkpt lat="37.77064" lon="-83.82838"/>
      <trkpt lat="37.77048" lon="-83.82839"/>
      <trkpt lat="37.77029" lon="-83.82837"/>
      <trkpt lat="37.7702" lon="-83.82835"/>
      <trkpt lat="37.77008" lon="-83.8283"/>
      <trkpt lat="37.77004" lon="-83.82827"/>
      <trkpt lat="37.76987" lon="-83.82798"/>
      <trkpt lat="37.76975" lon="-83.82786"/>
      <trkpt lat="37.76963" lon="-83.82777"/>
      <trkpt lat="37.76953" lon="-83.82773"/>
      <trkpt lat="37.76943" lon="-83.8277"/>
      <trkpt lat="37.76932" lon="-83.82769"/>
      <trkpt lat="37.76922" lon="-83.82768"/>
      <trkpt lat="37.76901" lon="-83.82768"/>
      <trkpt lat="37.76866" lon="-83.82771"/>
      <trkpt lat="37.76857" lon="-83.82773"/>
      <trkpt lat="37.76836" lon="-83.82779"/>
      <trkpt lat="37.76826" lon="-83.82783"/>
      <trkpt lat="37.76816" lon="-83.82789"/>
      <trkpt lat="37.76797" lon="-83.82799"/>
      <trkpt lat="37.76777" lon="-83.82811"/>
      <trkpt lat="37.76767" lon="-83.82819"/>
      <trkpt lat="37.76758" lon="-83.82827"/>
      <trkpt lat="37.76747" lon="-83.82838"/>
      <trkpt lat="37.76722" lon="-83.82866"/>
      <trkpt lat="37.76706" lon="-83.82888"/>
      <trkpt lat="37.76695" lon="-83.82906"/>
      <trkpt lat="37.76684" lon="-83.82924"/>
      <trkpt lat="37.76678" lon="-83.82937"/>
      <trkpt lat="37.76672" lon="-83.8295"/>
      <trkpt lat="37.76669" lon="-83.8296"/>
      <trkpt lat="37.76664" lon="-83.82973"/>
      <trkpt lat="37.7665" lon="-83.83027"/>
      <trkpt lat="37.76644" lon="-83.83041"/>
      <trkpt lat="37.7664" lon="-83.83049"/>
      <trkpt lat="37.76638" lon="-83.83053"/>
      <trkpt lat="37.76633" lon="-83.83057"/>
      <trkpt lat="37.76621" lon="-83.83064"/>
      <trkpt lat="37.76593" lon="-83.83076"/>
      <trkpt lat="37.76586" lon="-83.83082"/>
      <trkpt lat="37.76582" lon="-83.83086"/>
      <trkpt lat="37.76574" lon="-83.83094"/>
      <trkpt lat="37.76558" lon="-83.83118"/>
      <trkpt lat="37.76538" lon="-83.83144"/>
      <trkpt lat="37.76531" lon="-83.83152"/>
      <trkpt lat="37.76524" lon="-83.83158"/>
      <trkpt lat="37.7652" lon="-83.8316"/>
      <trkpt lat="37.76513" lon="-83.83162"/>
      <trkpt lat="37.7651" lon="-83.83162"/>
      <trkpt lat="37.76502" lon="-83.83161"/>
      <trkpt lat="37.76491" lon="-83.83157"/>
      <trkpt lat="37.76489" lon="-83.83156"/>
      <trkpt lat="37.76478" lon="-83.83148"/>
      <trkpt lat="37.76463" lon="-83.83135"/>
      <trkpt lat="37.76446" lon="-83.83126"/>
      <trkpt lat="37.76434" lon="-83.83123"/>
      <trkpt lat="37.76413" lon="-83.83121"/>
      <trkpt lat="37.76404" lon="-83.83123"/>
      <trkpt lat="37.76395" lon="-83.83126"/>
      <trkpt lat="37.76372" lon="-83.83138"/>
      <trkpt lat="37.76364" lon="-83.83142"/>
      <trkpt lat="37.76355" lon="-83.83145"/>
      <trkpt lat="37.76346" lon="-83.83146"/>
      <trkpt lat="37.76337" lon="-83.83146"/>
      <trkpt lat="37.76329" lon="-83.83145"/>
      <trkpt lat="37.7631" lon="-83.83141"/>
      <trkpt lat="37.76299" lon="-83.8314"/>
      <trkpt lat="37.76288" lon="-83.83141"/>
      <trkpt lat="37.76277" lon="-83.83143"/>
      <trkpt lat="37.76268" lon="-83.83146"/>
      <trkpt lat="37.76239" lon="-83.83159"/>
      <trkpt lat="37.76233" lon="-83.83161"/>
      <trkpt lat="37.76228" lon="-83.83166"/>
      <trkpt lat="37.76225" lon="-83.8317"/>
      <trkpt lat="37.76223" lon="-83.83181"/>
      <trkpt lat="37.76226" lon="-83.8321"/>
      <trkpt lat="37.76227" lon="-83.83232"/>
      <trkpt lat="37.76227" lon="-83.83243"/>
      <trkpt lat="37.76226" lon="-83.83256"/>
      <trkpt lat="37.76225" lon="-83.83265"/>
      <trkpt lat="37.76212" lon="-83.8335"/>
      <trkpt lat="37.7621" lon="-83.83362"/>
      <trkpt lat="37.7621" lon="-83.83376"/>
      <trkpt lat="37.76211" lon="-83.83407"/>
      <trkpt lat="37.76214" lon="-83.83436"/>
      <trkpt lat="37.76217" lon="-83.8346"/>
      <trkpt lat="37.76223" lon="-83.83503"/>
      <trkpt lat="37.76238" lon="-83.83564"/>
      <trkpt lat="37.76245" lon="-83.83586"/>
      <trkpt lat="37.76254" lon="-83.8361"/>
      <trkpt lat="37.76257" lon="-83.83621"/>
      <trkpt lat="37.76261" lon="-83.83635"/>
      <trkpt lat="37.7627" lon="-83.83688"/>
      <trkpt lat="37.76272" lon="-83.83693"/>
      <trkpt lat="37.76276" lon="-83.83701"/>
      <trkpt lat="37.76286" lon="-83.83718"/>
      <trkpt lat="37.763" lon="-83.83731"/>
      <trkpt lat="37.76321" lon="-83.83751"/>
      <trkpt lat="37.76333" lon="-83.83765"/>
      <trkpt lat="37.76339" lon="-83.83773"/>
      <trkpt lat="37.76342" lon="-83.83783"/>
      <trkpt lat="37.76344" lon="-83.83788"/>
      <trkpt lat="37.76345" lon="-83.83798"/>
      <trkpt lat="37.76346" lon="-83.83808"/>
      <trkpt lat="37.76346" lon="-83.83814"/>
      <trkpt lat="37.76345" lon="-83.83823"/>
      <trkpt lat="37.76344" lon="-83.83831"/>
      <trkpt lat="37.76341" lon="-83.83839"/>
      <trkpt lat="37.76345" lon="-83.83845"/>
      <trkpt lat="37.7635" lon="-83.83851"/>
      <trkpt lat="37.76386" lon="-83.83876"/>
      <trkpt lat="37.76408" lon="-83.83892"/>
      <trkpt lat="37.76419" lon="-83.83899"/>
      <trkpt lat="37.76427" lon="-83.83902"/>
      <trkpt lat="37.76431" lon="-83.83903"/>
      <trkpt lat="37.76443" lon="-83.83904"/>
      <trkpt lat="37.76463" lon="-83.83904"/>
      <trkpt lat="37.76467" lon="-83.83905"/>
      <trkpt lat="37.76475" lon="-83.83911"/>
      <trkpt lat="37.7648" lon="-83.83919"/>
      <trkpt lat="37.76483" lon="-83.8393"/>
      <trkpt lat="37.76484" lon="-83.83937"/>
      <trkpt lat="37.76484" lon="-83.83946"/>
      <trkpt lat="37.76482" lon="-83.83955"/>
      <trkpt lat="37.76475" lon="-83.83989"/>
      <trkpt lat="37.76471" lon="-83.84004"/>
      <trkpt lat="37.76462" lon="-83.8403"/>
      <trkpt lat="37.76453" lon="-83.84055"/>
      <trkpt lat="37.7645" lon="-83.8406"/>
      <trkpt lat="37.76443" lon="-83.84078"/>
      <trkpt lat="37.76431" lon="-83.841"/>
      <trkpt lat="37.7642" lon="-83.84118"/>
      <trkpt lat="37.76417" lon="-83.84124"/>
      <trkpt lat="37.76415" lon="-83.84128"/>
      <trkpt lat="37.76414" lon="-83.84136"/>
      <trkpt lat="37.76414" lon="-83.84143"/>
      <trkpt lat="37.76414" lon="-83.84147"/>
      <trkpt lat="37.76417" lon="-83.84154"/>
      <trkpt lat="37.76421" lon="-83.84157"/>
      <trkpt lat="37.76426" lon="-83.84161"/>
      <trkpt lat="37.76433" lon="-83.84164"/>
      <trkpt lat="37.76446" lon="-83.84165"/>
      <trkpt lat="37.76481" lon="-83.84163"/>
      <trkpt lat="37.76494" lon="-83.84164"/>
      <trkpt lat="37.76501" lon="-83.84166"/>
      <trkpt lat="37.76508" lon="-83.8417"/>
      <trkpt lat="37.76522" lon="-83.8418"/>
      <trkpt lat="37.76535" lon="-83.84193"/>
      <trkpt lat="37.76548" lon="-83.84208"/>
      <trkpt lat="37.76566" lon="-83.84231"/>
      <trkpt lat="37.76589" lon="-83.84262"/>
      <trkpt lat="37.76618" lon="-83.84307"/>
      <trkpt lat="37.76625" lon="-83.84317"/>
      <trkpt lat="37.76633" lon="-83.84325"/>
      <trkpt lat="37.7664" lon="-83.84332"/>
      <trkpt lat="37.76665" lon="-83.84357"/>
      <trkpt lat="37.76674" lon="-83.84366"/>
      <trkpt lat="37.76692" lon="-83.84387"/>
      <trkpt lat="37.76707" lon="-83.8441"/>
      <trkpt lat="37.76714" lon="-83.84422"/>
      <trkpt lat="37.76724" lon="-83.84439"/>
      <trkpt lat="37.76731" lon="-83.84448"/>
      <trkpt lat="37.7674" lon="-83.84459"/>
      <trkpt lat="37.7675" lon="-83.84467"/>
      <trkpt lat="37.76761" lon="-83.84473"/>
      <trkpt lat="37.76772" lon="-83.84477"/>
      <trkpt lat="37.76785" lon="-83.84479"/>
      <trkpt lat="37.76806" lon="-83.84481"/>
      <trkpt lat="37.76845" lon="-83.84482"/>
      <trkpt lat="37.76884" lon="-83.84484"/>
      <trkpt lat="37.76896" lon="-83.84486"/>
      <trkpt lat="37.76911" lon="-83.8449"/>
      <trkpt lat="37.76926" lon="-83.84495"/>
      <trkpt lat="37.76945" lon="-83.84503"/>
      <trkpt lat="37.76959" lon="-83.84509"/>
      <trkpt lat="37.76966" lon="-83.84514"/>
      <trkpt lat="37.76977" lon="-83.84523"/>
      <trkpt lat="37.76984" lon="-83.8453"/>
      <trkpt lat="37.76991" lon="-83.84539"/>
      <trkpt lat="37.76996" lon="-83.84548"/>
      <trkpt lat="37.77005" lon="-83.84567"/>
      <trkpt lat="37.77008" lon="-83.84576"/>
      <trkpt lat="37.7701" lon="-83.84585"/>
      <trkpt lat="37.77012" lon="-83.84595"/>
      <trkpt lat="37.77013" lon="-83.84604"/>
      <trkpt lat="37.77013" lon="-83.84625"/>
      <trkpt lat="37.77012" lon="-83.84642"/>
      <trkpt lat="37.77011" lon="-83.84658"/>
      <trkpt lat="37.77007" lon="-83.84681"/>
      <trkpt lat="37.77003" lon="-83.847"/>
      <trkpt lat="37.76993" lon="-83.84738"/>
      <trkpt lat="37.76987" lon="-83.84756"/>
      <trkpt lat="37.76983" lon="-83.84767"/>
      <trkpt lat="37.76974" lon="-83.84789"/>
      <trkpt lat="37.76953" lon="-83.84833"/>
      <trkpt lat="37.76945" lon="-83.84849"/>
      <trkpt lat="37.76942" lon="-83.84856"/>
      <trkpt lat="37.76924" lon="-83.84903"/>
      <trkpt lat="37.76915" lon="-83.8493"/>
      <trkpt lat="37.76908" lon="-83.84952"/>
      <trkpt lat="37.76904" lon="-83.84967"/>
      <trkpt lat="37.76901" lon="-83.84982"/>
      <trkpt lat="37.76899" lon="-83.85003"/>
      <trkpt lat="37.76899" lon="-83.85029"/>
      <trkpt lat="37.76902" lon="-83.85092"/>
      <trkpt lat="37.76902" lon="-83.85099"/>
      <trkpt lat="37.76903" lon="-83.85163"/>
      <trkpt lat="37.76904" lon="-83.85184"/>
      <trkpt lat="37.76906" lon="-83.85198"/>
      <trkpt lat="37.76911" lon="-83.85225"/>
      <trkpt lat="37.76921" lon="-83.85264"/>
      <trkpt lat="37.76932" lon="-83.85301"/>
      <trkpt lat="37.76939" lon="-83.85329"/>
      <trkpt lat="37.76942" lon="-83.85342"/>
      <trkpt lat="37.76944" lon="-83.85355"/>
      <trkpt lat="37.76946" lon="-83.85368"/>
      <trkpt lat="37.76946" lon="-83.85381"/>
      <trkpt lat="37.76945" lon="-83.85406"/>
      <trkpt lat="37.76942" lon="-83.85447"/>
      <trkpt lat="37.76942" lon="-83.8546"/>
      <trkpt lat="37.76943" lon="-83.85473"/>
      <trkpt lat="37.76955" lon="-83.85556"/>
      <trkpt lat="37.76967" lon="-83.85646"/>
      <trkpt lat="37.76973" lon="-83.8568"/>
      <trkpt lat="37.76977" lon="-83.85696"/>
      <trkpt lat="37.76984" lon="-83.85716"/>
      <trkpt lat="37.76995" lon="-83.8574"/>
      <trkpt lat="37.77007" lon="-83.85764"/>
      <trkpt lat="37.77066" lon="-83.85868"/>
      <trkpt lat="37.77094" lon="-83.85924"/>
      <trkpt lat="37.77104" lon="-83.85941"/>
      <trkpt lat="37.77111" lon="-83.85952"/>
      <trkpt lat="37.77119" lon="-83.85961"/>
      <trkpt lat="37.77128" lon="-83.85969"/>
      <trkpt lat="37.77142" lon="-83.85979"/>
      <trkpt lat="37.77158" lon="-83.85988"/>
      <trkpt lat="37.77168" lon="-83.85994"/>
      <trkpt lat="37.7718" lon="-83.85999"/>
      <trkpt lat="37.77219" lon="-83.86013"/>
      <trkpt lat="37.77234" lon="-83.86019"/>
      <trkpt lat="37.77244" lon="-83.86024"/>
      <trkpt lat="37.77253" lon="-83.86029"/>
      <trkpt lat="37.77265" lon="-83.86039"/>
      <trkpt lat="37.77272" lon="-83.86048"/>
      <trkpt lat="37.77278" lon="-83.86057"/>
      <trkpt lat="37.77283" lon="-83.86068"/>
      <trkpt lat="37.77286" lon="-83.86079"/>
      <trkpt lat="37.77293" lon="-83.86115"/>
      <trkpt lat="37.77296" lon="-83.86127"/>
      <trkpt lat="37.773" lon="-83.86137"/>
      <trkpt lat="37.77303" lon="-83.86141"/>
      <trkpt lat="37.77309" lon="-83.86149"/>
      <trkpt lat="37.77313" lon="-83.86153"/>
      <trkpt lat="37.77321" lon="-83.86158"/>
      <trkpt lat="37.7734" lon="-83.86167"/>
      <trkpt lat="37.77474" lon="-83.86225"/>
      <trkpt lat="37.77517" lon="-83.86245"/>
      <trkpt lat="37.77547" lon="-83.8626"/>
      <trkpt lat="37.77571" lon="-83.86274"/>
      <trkpt lat="37.77579" lon="-83.8628"/>
      <trkpt lat="37.77588" lon="-83.86288"/>
      <trkpt lat="37.77596" lon="-83.86296"/>
      <trkpt lat="37.77602" lon="-83.86305"/>
      <trkpt lat="37.77608" lon="-83.86316"/>
      <trkpt lat="37.77613" lon="-83.86324"/>
      <trkpt lat="37.77629" lon="-83.86354"/>
      <trkpt lat="37.77636" lon="-83.86364"/>
      <trkpt lat="37.77642" lon="-83.86372"/>
      <trkpt lat="37.7765" lon="-83.86379"/>
      <trkpt lat="37.77663" lon="-83.86388"/>
      <trkpt lat="37.7771" lon="-83.86422"/>
      <trkpt lat="37.77762" lon="-83.86461"/>
      <trkpt lat="37.77772" lon="-83.86469"/>
      <trkpt lat="37.77782" lon="-83.86477"/>
      <trkpt lat="37.77798" lon="-83.86496"/>
      <trkpt lat="37.77812" lon="-83.86517"/>
      <trkpt lat="37.77838" lon="-83.86566"/>
      <trkpt lat="37.77845" lon="-83.86578"/>
      <trkpt lat="37.77853" lon="-83.86589"/>
      <trkpt lat="37.77863" lon="-83.86601"/>
      <trkpt lat="37.7787" lon="-83.86611"/>
      <trkpt lat="37.77889" lon="-83.86632"/>
      <trkpt lat="37.77929" lon="-83.86673"/>
      <trkpt lat="37.77954" lon="-83.867"/>
      <trkpt lat="37.77968" lon="-83.86717"/>
      <trkpt lat="37.77977" lon="-83.86728"/>
      <trkpt lat="37.77983" lon="-83.8674"/>
      <trkpt lat="37.77989" lon="-83.86753"/>
      <trkpt lat="37.78007" lon="-83.86794"/>
      <trkpt lat="37.781" lon="-83.87009"/>
      <trkpt lat="37.78148" lon="-83.87119"/>
      <trkpt lat="37.78162" lon="-83.87152"/>
      <trkpt lat="37.78256" lon="-83.87371"/>
      <trkpt lat="37.7827" lon="-83.87407"/>
      <trkpt lat="37.78277" lon="-83.87424"/>
      <trkpt lat="37.78286" lon="-83.87454"/>
      <trkpt lat="37.78305" lon="-83.87529"/>
      <trkpt lat="37.7831" lon="-83.87544"/>
      <trkpt lat="37.78315" lon="-83.87558"/>
      <trkpt lat="37.78321" lon="-83.87569"/>
      <trkpt lat="37.78327" lon="-83.8758"/>
      <trkpt lat="37.78331" lon="-83.87585"/>
      <trkpt lat="37.78339" lon="-83.87594"/>
      <trkpt lat="37.78349" lon="-83.87602"/>
      <trkpt lat="37.7836" lon="-83.87609"/>
      <trkpt lat="37.78376" lon="-83.87618"/>
      <trkpt lat="37.78438" lon="-83.87652"/>
      <trkpt lat="37.78529" lon="-83.877"/>
      <trkpt lat="37.78568" lon="-83.87722"/>
      <trkpt lat="37.78601" lon="-83.87741"/>
      <trkpt lat="37.78634" lon="-83.87762"/>
      <trkpt lat="37.78682" lon="-83.87797"/>
      <trkpt lat="37.78815" lon="-83.87894"/>
      <trkpt lat="37.78838" lon="-83.87911"/>
      <trkpt lat="37.78846" lon="-83.87919"/>
      <trkpt lat="37.78853" lon="-83.87928"/>
      <trkpt lat="37.78859" lon="-83.87938"/>
      <trkpt lat="37.78864" lon="-83.87949"/>
      <trkpt lat="37.78869" lon="-83.87962"/>
      <trkpt lat="37.78872" lon="-83.87976"/>
      <trkpt lat="37.78875" lon="-83.87991"/>
      <trkpt lat="37.78885" lon="-83.88058"/>
      <trkpt lat="37.78894" lon="-83.88121"/>
      <trkpt lat="37.78898" lon="-83.88147"/>
      <trkpt lat="37.78899" lon="-83.88164"/>
      <trkpt lat="37.78899" lon="-83.8818"/>
      <trkpt lat="37.78898" lon="-83.88211"/>
      <trkpt lat="37.78896" lon="-83.8824"/>
      <trkpt lat="37.78892" lon="-83.8827"/>
      <trkpt lat="37.7889" lon="-83.88284"/>
      <trkpt lat="37.78889" lon="-83.88299"/>
      <trkpt lat="37.78889" lon="-83.88321"/>
      <trkpt lat="37.78891" lon="-83.88336"/>
      <trkpt lat="37.78894" lon="-83.88358"/>
      <trkpt lat="37.78896" lon="-83.8837"/>
      <trkpt lat="37.78907" lon="-83.88417"/>
      <trkpt lat="37.78912" lon="-83.88448"/>
      <trkpt lat="37.78914" lon="-83.88479"/>
      <trkpt lat="37.78913" lon="-83.88495"/>
      <trkpt lat="37.78911" lon="-83.88515"/>
      <trkpt lat="37.78908" lon="-83.88538"/>
      <trkpt lat="37.78902" lon="-83.88567"/>
      <trkpt lat="37.789" lon="-83.8858"/>
      <trkpt lat="37.78881" lon="-83.88676"/>
      <trkpt lat="37.78879" lon="-83.88691"/>
      <trkpt lat="37.78879" lon="-83.88704"/>
      <trkpt lat="37.78881" lon="-83.88717"/>
      <trkpt lat="37.78882" lon="-83.88723"/>
      <trkpt lat="37.78886" lon="-83.88734"/>
      <trkpt lat="37.78898" lon="-83.8876"/>
      <trkpt lat="37.78902" lon="-83.88771"/>
      <trkpt lat="37.78904" lon="-83.88782"/>
      <trkpt lat="37.78905" lon="-83.88792"/>
      <trkpt lat="37.78905" lon="-83.88802"/>
      <trkpt lat="37.78904" lon="-83.88813"/>
      <trkpt lat="37.78889" lon="-83.88877"/>
      <trkpt lat="37.78887" lon="-83.88884"/>
      <trkpt lat="37.78886" lon="-83.88892"/>
      <trkpt lat="37.78883" lon="-83.88923"/>
      <trkpt lat="37.78882" lon="-83.88962"/>
      <trkpt lat="37.78882" lon="-83.8898"/>
      <trkpt lat="37.78881" lon="-83.89005"/>
      <trkpt lat="37.78871" lon="-83.89137"/>
      <trkpt lat="37.78871" lon="-83.89153"/>
      <trkpt lat="37.7887" lon="-83.89167"/>
      <trkpt lat="37.78871" lon="-83.89181"/>
      <trkpt lat="37.78873" lon="-83.89194"/>
      <trkpt lat="37.78877" lon="-83.89206"/>
      <trkpt lat="37.78885" lon="-83.8923"/>
      <trkpt lat="37.78891" lon="-83.89247"/>
      <trkpt lat="37.78899" lon="-83.89264"/>
      <trkpt lat="37.7891" lon="-83.89279"/>
      <trkpt lat="37.78922" lon="-83.89293"/>
      <trkpt lat="37.78931" lon="-83.89302"/>
      <trkpt lat="37.79021" lon="-83.89373"/>
      <trkpt lat="37.79026" lon="-83.89378"/>
      <trkpt lat="37.79036" lon="-83.89388"/>
      <trkpt lat="37.79044" lon="-83.89399"/>
      <trkpt lat="37.79052" lon="-83.8941"/>
      <trkpt lat="37.79093" lon="-83.89482"/>
      <trkpt lat="37.7911" lon="-83.89509"/>
      <trkpt lat="37.79117" lon="-83.89518"/>
      <trkpt lat="37.79138" lon="-83.89538"/>
      <trkpt lat="37.7915" lon="-83.89553"/>
      <trkpt lat="37.79162" lon="-83.8957"/>
      <trkpt lat="37.79204" lon="-83.89633"/>
      <trkpt lat="37.79221" lon="-83.8966"/>
      <trkpt lat="37.79237" lon="-83.89689"/>
      <trkpt lat="37.79252" lon="-83.8972"/>
      <trkpt lat="37.79262" lon="-83.89742"/>
      <trkpt lat="37.79277" lon="-83.89786"/>
      <trkpt lat="37.79283" lon="-83.898"/>
      <trkpt lat="37.7929" lon="-83.89814"/>
      <trkpt lat="37.79298" lon="-83.89827"/>
      <trkpt lat="37.79306" lon="-83.89839"/>
      <trkpt lat="37.79316" lon="-83.89849"/>
      <trkpt lat="37.79326" lon="-83.89858"/>
      <trkpt lat="37.79359" lon="-83.89881"/>
      <trkpt lat="37.7937" lon="-83.89889"/>
      <trkpt lat="37.7938" lon="-83.89899"/>
      <trkpt lat="37.79389" lon="-83.8991"/>
      <trkpt lat="37.79393" lon="-83.89916"/>
      <trkpt lat="37.79399" lon="-83.89929"/>
      <trkpt lat="37.79405" lon="-83.89943"/>
      <trkpt lat="37.79424" lon="-83.90002"/>
      <trkpt lat="37.79429" lon="-83.90015"/>
      <trkpt lat="37.79436" lon="-83.90038"/>
      <trkpt lat="37.79441" lon="-83.90051"/>
      <trkpt lat="37.7942" lon="-83.9005"/>
      <trkpt lat="37.7939" lon="-83.90045"/>
      <trkpt lat="37.79379" lon="-83.90044"/>
      <trkpt lat="37.79376" lon="-83.90044"/>
      <trkpt lat="37.7936" lon="-83.90046"/>
      <trkpt lat="37.79348" lon="-83.9005"/>
      <trkpt lat="37.79327" lon="-83.90058"/>
      <trkpt lat="37.79322" lon="-83.9006"/>
      <trkpt lat="37.79316" lon="-83.9006"/>
      <trkpt lat="37.79304" lon="-83.90059"/>
      <trkpt lat="37.79292" lon="-83.90061"/>
      <trkpt lat="37.79254" lon="-83.90076"/>
      <trkpt lat="37.79238" lon="-83.90086"/>
      <trkpt lat="37.79218" lon="-83.901"/>
      <trkpt lat="37.79202" lon="-83.90113"/>
      <trkpt lat="37.792" lon="-83.90115"/>
      <trkpt lat="37.7918" lon="-83.90138"/>
      <trkpt lat="37.79165" lon="-83.90155"/>
      <trkpt lat="37.79151" lon="-83.90185"/>
      <trkpt lat="37.79137" lon="-83.90214"/>
      <trkpt lat="37.79123" lon="-83.90243"/>
      <trkpt lat="37.79113" lon="-83.90264"/>
      <trkpt lat="37.79108" lon="-83.90268"/>
      <trkpt lat="37.791" lon="-83.90275"/>
      <trkpt lat="37.79076" lon="-83.9029"/>
      <trkpt lat="37.79053" lon="-83.90299"/>
      <trkpt lat="37.79044" lon="-83.903"/>
      <trkpt lat="37.79022" lon="-83.90299"/>
      <trkpt lat="37.79008" lon="-83.90299"/>
      <trkpt lat="37.79" lon="-83.90302"/>
      <trkpt lat="37.78993" lon="-83.90306"/>
      <trkpt lat="37.78982" lon="-83.90315"/>
      <trkpt lat="37.78944" lon="-83.90354"/>
      <trkpt lat="37.78933" lon="-83.90364"/>
      <trkpt lat="37.78925" lon="-83.90367"/>
      <trkpt lat="37.78908" lon="-83.90368"/>
      <trkpt lat="37.78898" lon="-83.90373"/>
      <trkpt lat="37.7887" lon="-83.90403"/>
      <trkpt lat="37.78846" lon="-83.90421"/>
      <trkpt lat="37.78833" lon="-83.90436"/>
      <trkpt lat="37.78829" lon="-83.90447"/>
      <trkpt lat="37.78822" lon="-83.9047"/>
      <trkpt lat="37.78803" lon="-83.90508"/>
      <trkpt lat="37.78791" lon="-83.90511"/>
      <trkpt lat="37.78781" lon="-83.90512"/>
      <trkpt lat="37.78723" lon="-83.90511"/>
      <trkpt lat="37.78713" lon="-83.90512"/>
      <trkpt lat="37.78705" lon="-83.90515"/>
      <trkpt lat="37.78697" lon="-83.90519"/>
      <trkpt lat="37.78691" lon="-83.90526"/>
      <trkpt lat="37.78686" lon="-83.90533"/>
      <trkpt lat="37.78682" lon="-83.90542"/>
      <trkpt lat="37.78679" lon="-83.90552"/>
      <trkpt lat="37.78664" lon="-83.90623"/>
      <trkpt lat="37.78647" lon="-83.907"/>
      <trkpt lat="37.7864" lon="-83.90724"/>
      <trkpt lat="37.78626" lon="-83.90764"/>
      <trkpt lat="37.78619" lon="-83.90787"/>
      <trkpt lat="37.78614" lon="-83.90811"/>
      <trkpt lat="37.78611" lon="-83.90834"/>
      <trkpt lat="37.7861" lon="-83.90871"/>
      <trkpt lat="37.78611" lon="-83.90894"/>
      <trkpt lat="37.78617" lon="-83.90947"/>
      <trkpt lat="37.78618" lon="-83.90964"/>
      <trkpt lat="37.78617" lon="-83.91007"/>
      <trkpt lat="37.78613" lon="-83.91037"/>
      <trkpt lat="37.78608" lon="-83.91057"/>
      <trkpt lat="37.78592" lon="-83.91118"/>
      <trkpt lat="37.78571" lon="-83.91204"/>
      <trkpt lat="37.78558" lon="-83.91249"/>
      <trkpt lat="37.78548" lon="-83.91277"/>
      <trkpt lat="37.78536" lon="-83.91306"/>
      <trkpt lat="37.78526" lon="-83.91326"/>
      <trkpt lat="37.78513" lon="-83.91348"/>
      <trkpt lat="37.785" lon="-83.91366"/>
      <trkpt lat="37.78482" lon="-83.91384"/>
      <trkpt lat="37.78452" lon="-83.9141"/>
      <trkpt lat="37.78386" lon="-83.91466"/>
      <trkpt lat="37.78354" lon="-83.91498"/>
      <trkpt lat="37.78351" lon="-83.91501"/>
      <trkpt lat="37.78331" lon="-83.91519"/>
      <trkpt lat="37.78311" lon="-83.91531"/>
      <trkpt lat="37.7826" lon="-83.91572"/>
      <trkpt lat="37.78225" lon="-83.91598"/>
      <trkpt lat="37.78213" lon="-83.91608"/>
      <trkpt lat="37.78198" lon="-83.9162"/>
      <trkpt lat="37.78171" lon="-83.91644"/>
      <trkpt lat="37.78133" lon="-83.91681"/>
      <trkpt lat="37.78082" lon="-83.91724"/>
      <trkpt lat="37.78027" lon="-83.91757"/>
      <trkpt lat="37.78003" lon="-83.91774"/>
      <trkpt lat="37.77975" lon="-83.91797"/>
      <trkpt lat="37.77954" lon="-83.9181"/>
      <trkpt lat="37.77941" lon="-83.91815"/>
      <trkpt lat="37.77921" lon="-83.91818"/>
      <trkpt lat="37.77863" lon="-83.91816"/>
      <trkpt lat="37.7784" lon="-83.91811"/>
      <trkpt lat="37.77818" lon="-83.91805"/>
      <trkpt lat="37.77802" lon="-83.91796"/>
      <trkpt lat="37.77721" lon="-83.91748"/>
      <trkpt lat="37.77693" lon="-83.91731"/>
      <trkpt lat="37.77657" lon="-83.91708"/>
      <trkpt lat="37.7765" lon="-83.91702"/>
      <trkpt lat="37.77637" lon="-83.91692"/>
      <trkpt lat="37.7763" lon="-83.91687"/>
      <trkpt lat="37.77579" lon="-83.91652"/>
      <trkpt lat="37.77549" lon="-83.91635"/>
      <trkpt lat="37.77465" lon="-83.91595"/>
      <trkpt lat="37.77417" lon="-83.91568"/>
      <trkpt lat="37.77394" lon="-83.9155"/>
      <trkpt lat="37.77326" lon="-83.91493"/>
      <trkpt lat="37.77308" lon="-83.91475"/>
      <trkpt lat="37.77296" lon="-83.91457"/>
      <trkpt lat="37.77274" lon="-83.91431"/>
      <trkpt lat="37.77226" lon="-83.91382"/>
      <trkpt lat="37.77215" lon="-83.91372"/>
      <trkpt lat="37.77207" lon="-83.91368"/>
      <trkpt lat="37.76999" lon="-83.91337"/>
      <trkpt lat="37.76964" lon="-83.91332"/>
      <trkpt lat="37.76953" lon="-83.91326"/>
      <trkpt lat="37.76945" lon="-83.91317"/>
      <trkpt lat="37.76937" lon="-83.91297"/>
      <trkpt lat="37.76923" lon="-83.91252"/>
      <trkpt lat="37.76911" lon="-83.91222"/>
      <trkpt lat="37.76905" lon="-83.91212"/>
      <trkpt lat="37.76889" lon="-83.91192"/>
      <trkpt lat="37.76873" lon="-83.91178"/>
      <trkpt lat="37.76869" lon="-83.91175"/>
      <trkpt lat="37.76821" lon="-83.91152"/>
      <trkpt lat="37.76803" lon="-83.9114"/>
      <trkpt lat="37.76779" lon="-83.91127"/>
      <trkpt lat="37.76768" lon="-83.91123"/>
      <trkpt lat="37.76759" lon="-83.9112"/>
      <trkpt lat="37.76745" lon="-83.91119"/>
      <trkpt lat="37.76729" lon="-83.9112"/>
      <trkpt lat="37.76716" lon="-83.91122"/>
      <trkpt lat="37.76707" lon="-83.91123"/>
      <trkpt lat="37.76673" lon="-83.91129"/>
      <trkpt lat="37.76664" lon="-83.91129"/>
      <trkpt lat="37.76639" lon="-83.91122"/>
      <trkpt lat="37.76627" lon="-83.91144"/>
      <trkpt lat="37.76602" lon="-83.91187"/>
      <trkpt lat="37.76597" lon="-83.91198"/>
      <trkpt lat="37.76591" lon="-83.91214"/>
      <trkpt lat="37.76586" lon="-83.9124"/>
      <trkpt lat="37.76588" lon="-83.91231"/>
      <trkpt lat="37.76586" lon="-83.91245"/>
      <trkpt lat="37.76587" lon="-83.91258"/>
      <trkpt lat="37.76589" lon="-83.91273"/>
      <trkpt lat="37.76594" lon="-83.91295"/>
      <trkpt lat="37.76598" lon="-83.91312"/>
      <trkpt lat="37.76598" lon="-83.91329"/>
      <trkpt lat="37.76598" lon="-83.91338"/>
      <trkpt lat="37.76595" lon="-83.91354"/>
      <trkpt lat="37.76593" lon="-83.9136"/>
      <trkpt lat="37.76589" lon="-83.91366"/>
      <trkpt lat="37.76584" lon="-83.91372"/>
      <trkpt lat="37.76509" lon="-83.91429"/>
      <trkpt lat="37.7647" lon="-83.9146"/>
      <trkpt lat="37.764" lon="-83.91524"/>
      <trkpt lat="37.76369" lon="-83.91542"/>
      <trkpt lat="37.76349" lon="-83.91551"/>
      <trkpt lat="37.76275" lon="-83.91576"/>
      <trkpt lat="37.7626" lon="-83.91582"/>
      <trkpt lat="37.76254" lon="-83.91587"/>
      <trkpt lat="37.76244" lon="-83.91599"/>
      <trkpt lat="37.76238" lon="-83.91609"/>
      <trkpt lat="37.76233" lon="-83.91621"/>
      <trkpt lat="37.76218" lon="-83.91674"/>
      <trkpt lat="37.76211" lon="-83.91693"/>
      <trkpt lat="37.76203" lon="-83.91704"/>
      <trkpt lat="37.76198" lon="-83.91709"/>
      <trkpt lat="37.76188" lon="-83.91716"/>
      <trkpt lat="37.76171" lon="-83.91724"/>
      <trkpt lat="37.76161" lon="-83.91733"/>
      <trkpt lat="37.76157" lon="-83.91738"/>
      <trkpt lat="37.76146" lon="-83.91761"/>
      <trkpt lat="37.76141" lon="-83.91778"/>
      <trkpt lat="37.76139" lon="-83.91797"/>
      <trkpt lat="37.76139" lon="-83.91814"/>
      <trkpt lat="37.76143" lon="-83.91861"/>
      <trkpt lat="37.76145" lon="-83.91879"/>
      <trkpt lat="37.76148" lon="-83.91894"/>
      <trkpt lat="37.76151" lon="-83.91906"/>
      <trkpt lat="37.76156" lon="-83.91918"/>
      <trkpt lat="37.76164" lon="-83.91933"/>
      <trkpt lat="37.76184" lon="-83.91963"/>
      <trkpt lat="37.76194" lon="-83.91985"/>
      <trkpt lat="37.762" lon="-83.92007"/>
      <trkpt lat="37.76207" lon="-83.92053"/>
      <trkpt lat="37.76208" lon="-83.92129"/>
      <trkpt lat="37.76206" lon="-83.92156"/>
      <trkpt lat="37.76198" lon="-83.9219"/>
      <trkpt lat="37.76179" lon="-83.9225"/>
      <trkpt lat="37.76172" lon="-83.92267"/>
      <trkpt lat="37.76158" lon="-83.92293"/>
      <trkpt lat="37.76144" lon="-83.92313"/>
      <trkpt lat="37.76137" lon="-83.92326"/>
      <trkpt lat="37.76127" lon="-83.92349"/>
      <trkpt lat="37.76124" lon="-83.92369"/>
      <trkpt lat="37.7612" lon="-83.92421"/>
      <trkpt lat="37.76117" lon="-83.92433"/>
      <trkpt lat="37.76113" lon="-83.92445"/>
      <trkpt lat="37.76107" lon="-83.92455"/>
      <trkpt lat="37.76098" lon="-83.92466"/>
      <trkpt lat="37.76086" lon="-83.92479"/>
      <trkpt lat="37.76073" lon="-83.92488"/>
      <trkpt lat="37.76058" lon="-83.92496"/>
      <trkpt lat="37.76049" lon="-83.92498"/>
      <trkpt lat="37.76021" lon="-83.925"/>
      <trkpt lat="37.75999" lon="-83.92506"/>
      <trkpt lat="37.75984" lon="-83.92514"/>
      <trkpt lat="37.75936" lon="-83.92543"/>
      <trkpt lat="37.75909" lon="-83.9256"/>
      <trkpt lat="37.75875" lon="-83.92577"/>
      <trkpt lat="37.75861" lon="-83.92582"/>
      <trkpt lat="37.75844" lon="-83.92588"/>
      <trkpt lat="37.75805" lon="-83.92596"/>
      <trkpt lat="37.75788" lon="-83.92597"/>
      <trkpt lat="37.75737" lon="-83.92598"/>
      <trkpt lat="37.75706" lon="-83.92602"/>
      <trkpt lat="37.75681" lon="-83.92609"/>
      <trkpt lat="37.75658" lon="-83.92618"/>
      <trkpt lat="37.75645" lon="-83.92624"/>
      <trkpt lat="37.7563" lon="-83.92634"/>
      <trkpt lat="37.75586" lon="-83.92673"/>
      <trkpt lat="37.75519" lon="-83.92726"/>
      <trkpt lat="37.75433" lon="-83.92782"/>
      <trkpt lat="37.75406" lon="-83.92796"/>
      <trkpt lat="37.75387" lon="-83.92807"/>
      <trkpt lat="37.75372" lon="-83.9282"/>
      <trkpt lat="37.75344" lon="-83.92849"/>
      <trkpt lat="37.75323" lon="-83.92872"/>
      <trkpt lat="37.75316" lon="-83.92878"/>
      <trkpt lat="37.75295" lon="-83.92892"/>
      <trkpt lat="37.75288" lon="-83.92894"/>
      <trkpt lat="37.7528" lon="-83.92896"/>
      <trkpt lat="37.75271" lon="-83.92896"/>
      <trkpt lat="37.75184" lon="-83.92895"/>
      <trkpt lat="37.75133" lon="-83.92896"/>
      <trkpt lat="37.75011" lon="-83.92892"/>
      <trkpt lat="37.74854" lon="-83.92878"/>
      <trkpt lat="37.74817" lon="-83.92871"/>
      <trkpt lat="37.748" lon="-83.92866"/>
      <trkpt lat="37.74791" lon="-83.92865"/>
      <trkpt lat="37.74781" lon="-83.92866"/>
      <trkpt lat="37.74774" lon="-83.92869"/>
      <trkpt lat="37.74765" lon="-83.92874"/>
      <trkpt lat="37.74756" lon="-83.92882"/>
      <trkpt lat="37.7475" lon="-83.92887"/>
      <trkpt lat="37.74745" lon="-83.92895"/>
      <trkpt lat="37.7474" lon="-83.92906"/>
      <trkpt lat="37.74719" lon="-83.92959"/>
      <trkpt lat="37.74706" lon="-83.92981"/>
      <trkpt lat="37.74698" lon="-83.92988"/>
      <trkpt lat="37.7469" lon="-83.92992"/>
      <trkpt lat="37.74679" lon="-83.92995"/>
      <trkpt lat="37.7465" lon="-83.92999"/>
      <trkpt lat="37.74634" lon="-83.93005"/>
      <trkpt lat="37.74624" lon="-83.9301"/>
      <trkpt lat="37.74595" lon="-83.93027"/>
      <trkpt lat="37.7455" lon="-83.9305"/>
      <trkpt lat="37.7454" lon="-83.93052"/>
      <trkpt lat="37.74507" lon="-83.93055"/>
      <trkpt lat="37.74443" lon="-83.93056"/>
      <trkpt lat="37.74328" lon="-83.93069"/>
      <trkpt lat="37.74278" lon="-83.93073"/>
      <trkpt lat="37.74272" lon="-83.93074"/>
      <trkpt lat="37.74268" lon="-83.93077"/>
      <trkpt lat="37.74264" lon="-83.93081"/>
      <trkpt lat="37.74262" lon="-83.93087"/>
      <trkpt lat="37.7426" lon="-83.93095"/>
      <trkpt lat="37.7426" lon="-83.93111"/>
      <trkpt lat="37.74263" lon="-83.93155"/>
      <trkpt lat="37.74263" lon="-83.93174"/>
      <trkpt lat="37.74257" lon="-83.93253"/>
      <trkpt lat="37.74254" lon="-83.93269"/>
      <trkpt lat="37.74251" lon="-83.93277"/>
      <trkpt lat="37.74244" lon="-83.93293"/>
      <trkpt lat="37.7424" lon="-83.933"/>
      <trkpt lat="37.74221" lon="-83.93321"/>
      <trkpt lat="37.74191" lon="-83.93348"/>
      <trkpt lat="37.74164" lon="-83.93366"/>
      <trkpt lat="37.74153" lon="-83.9337"/>
      <trkpt lat="37.74142" lon="-83.93373"/>
      <trkpt lat="37.74124" lon="-83.93375"/>
      <trkpt lat="37.74107" lon="-83.93375"/>
      <trkpt lat="37.74077" lon="-83.93373"/>
      <trkpt lat="37.74059" lon="-83.93374"/>
      <trkpt lat="37.74048" lon="-83.93376"/>
      <trkpt lat="37.74041" lon="-83.93378"/>
      <trkpt lat="37.73992" lon="-83.93398"/>
      <trkpt lat="37.73928" lon="-83.93421"/>
      <trkpt lat="37.73904" lon="-83.93432"/>
      <trkpt lat="37.73887" lon="-83.93444"/>
      <trkpt lat="37.73878" lon="-83.93453"/>
      <trkpt lat="37.73864" lon="-83.93468"/>
      <trkpt lat="37.73849" lon="-83.93479"/>
      <trkpt lat="37.73831" lon="-83.93489"/>
      <trkpt lat="37.73823" lon="-83.93499"/>
      <trkpt lat="37.73816" lon="-83.93509"/>
      <trkpt lat="37.73809" lon="-83.93522"/>
      <trkpt lat="37.73801" lon="-83.93543"/>
      <trkpt lat="37.73785" lon="-83.93611"/>
      <trkpt lat="37.73772" lon="-83.93651"/>
      <trkpt lat="37.73765" lon="-83.93682"/>
      <trkpt lat="37.73761" lon="-83.93694"/>
      <trkpt lat="37.73755" lon="-83.93708"/>
      <trkpt lat="37.73743" lon="-83.93728"/>
      <trkpt lat="37.73732" lon="-83.93746"/>
      <trkpt lat="37.73687" lon="-83.93836"/>
      <trkpt lat="37.73676" lon="-83.93861"/>
      <trkpt lat="37.73669" lon="-83.93882"/>
      <trkpt lat="37.7366" lon="-83.93916"/>
      <trkpt lat="37.73655" lon="-83.93929"/>
      <trkpt lat="37.73636" lon="-83.93967"/>
      <trkpt lat="37.73609" lon="-83.94029"/>
      <trkpt lat="37.736" lon="-83.94045"/>
      <trkpt lat="37.73591" lon="-83.94058"/>
      <trkpt lat="37.73581" lon="-83.9407"/>
      <trkpt lat="37.7357" lon="-83.94079"/>
      <trkpt lat="37.73556" lon="-83.94088"/>
      <trkpt lat="37.73518" lon="-83.941"/>
      <trkpt lat="37.73483" lon="-83.94105"/>
      <trkpt lat="37.73471" lon="-83.94107"/>
      <trkpt lat="37.7346" lon="-83.94114"/>
      <trkpt lat="37.7345" lon="-83.94125"/>
      <trkpt lat="37.73413" lon="-83.94176"/>
      <trkpt lat="37.73408" lon="-83.94181"/>
      <trkpt lat="37.73397" lon="-83.94187"/>
      <trkpt lat="37.73382" lon="-83.94193"/>
      <trkpt lat="37.73356" lon="-83.94194"/>
      <trkpt lat="37.73321" lon="-83.94192"/>
      <trkpt lat="37.73293" lon="-83.94193"/>
      <trkpt lat="37.73272" lon="-83.94192"/>
      <trkpt lat="37.73244" lon="-83.94186"/>
      <trkpt lat="37.73206" lon="-83.94174"/>
      <trkpt lat="37.73178" lon="-83.94164"/>
      <trkpt lat="37.7317" lon="-83.94162"/>
      <trkpt lat="37.73145" lon="-83.9416"/>
      <trkpt lat="37.73136" lon="-83.94162"/>
      <trkpt lat="37.73125" lon="-83.94167"/>
      <trkpt lat="37.73116" lon="-83.94175"/>
      <trkpt lat="37.73099" lon="-83.94195"/>
      <trkpt lat="37.73087" lon="-83.94212"/>
      <trkpt lat="37.7307" lon="-83.94247"/>
      <trkpt lat="37.73065" lon="-83.94258"/>
      <trkpt lat="37.73056" lon="-83.94272"/>
      <trkpt lat="37.73031" lon="-83.94301"/>
      <trkpt lat="37.73022" lon="-83.9431"/>
      <trkpt lat="37.73011" lon="-83.94319"/>
      <trkpt lat="37.73" lon="-83.94324"/>
      <trkpt lat="37.72977" lon="-83.94328"/>
      <trkpt lat="37.7295" lon="-83.94332"/>
      <trkpt lat="37.72939" lon="-83.94339"/>
      <trkpt lat="37.72933" lon="-83.94347"/>
      <trkpt lat="37.7289" lon="-83.94414"/>
      <trkpt lat="37.72887" lon="-83.94424"/>
      <trkpt lat="37.72885" lon="-83.94456"/>
      <trkpt lat="37.72881" lon="-83.94471"/>
      <trkpt lat="37.72877" lon="-83.94483"/>
      <trkpt lat="37.72861" lon="-83.94513"/>
      <trkpt lat="37.72839" lon="-83.94549"/>
      <trkpt lat="37.72814" lon="-83.94598"/>
      <trkpt lat="37.72809" lon="-83.94615"/>
      <trkpt lat="37.72807" lon="-83.94623"/>
      <trkpt lat="37.72799" lon="-83.94682"/>
      <trkpt lat="37.72794" lon="-83.947"/>
      <trkpt lat="37.72786" lon="-83.94719"/>
      <trkpt lat="37.72785" lon="-83.94724"/>
      <trkpt lat="37.72752" lon="-83.94767"/>
      <trkpt lat="37.72725" lon="-83.94806"/>
      <trkpt lat="37.72681" lon="-83.94837"/>
      <trkpt lat="37.72661" lon="-83.94858"/>
      <trkpt lat="37.72636" lon="-83.94894"/>
      <trkpt lat="37.72612" lon="-83.94931"/>
      <trkpt lat="37.72555" lon="-83.94992"/>
      <trkpt lat="37.7251" lon="-83.95033"/>
      <trkpt lat="37.72466" lon="-83.95069"/>
      <trkpt lat="37.72422" lon="-83.95112"/>
      <trkpt lat="37.72398" lon="-83.95135"/>
      <trkpt lat="37.72359" lon="-83.95176"/>
      <trkpt lat="37.72336" lon="-83.95201"/>
      <trkpt lat="37.72321" lon="-83.95215"/>
      <trkpt lat="37.723" lon="-83.95232"/>
      <trkpt lat="37.72274" lon="-83.95253"/>
      <trkpt lat="37.72209" lon="-83.95304"/>
      <trkpt lat="37.7215" lon="-83.95355"/>
      <trkpt lat="37.72094" lon="-83.954"/>
      <trkpt lat="37.72081" lon="-83.95412"/>
      <trkpt lat="37.7205" lon="-83.95444"/>
      <trkpt lat="37.72033" lon="-83.95465"/>
      <trkpt lat="37.72014" lon="-83.9549"/>
      <trkpt lat="37.71998" lon="-83.95509"/>
      <trkpt lat="37.7199" lon="-83.9552"/>
      <trkpt lat="37.7197" lon="-83.95553"/>
      <trkpt lat="37.71963" lon="-83.95562"/>
      <trkpt lat="37.7195" lon="-83.95572"/>
      <trkpt lat="37.71931" lon="-83.95583"/>
      <trkpt lat="37.71923" lon="-83.95587"/>
      <trkpt lat="37.71904" lon="-83.95593"/>
      <trkpt lat="37.7189" lon="-83.95596"/>
      <trkpt lat="37.71872" lon="-83.95596"/>
      <trkpt lat="37.71862" lon="-83.95595"/>
      <trkpt lat="37.71854" lon="-83.95592"/>
      <trkpt lat="37.71832" lon="-83.95582"/>
      <trkpt lat="37.71817" lon="-83.95573"/>
      <trkpt lat="37.71802" lon="-83.95568"/>
      <trkpt lat="37.71748" lon="-83.95558"/>
      <trkpt lat="37.71726" lon="-83.95559"/>
      <trkpt lat="37.71719" lon="-83.95559"/>
      <trkpt lat="37.71693" lon="-83.95562"/>
      <trkpt lat="37.71666" lon="-83.95567"/>
      <trkpt lat="37.71653" lon="-83.95573"/>
      <trkpt lat="37.71623" lon="-83.95595"/>
      <trkpt lat="37.71588" lon="-83.95616"/>
      <trkpt lat="37.71568" lon="-83.95631"/>
      <trkpt lat="37.7156" lon="-83.95636"/>
      <trkpt lat="37.71536" lon="-83.95647"/>
      <trkpt lat="37.71511" lon="-83.95656"/>
      <trkpt lat="37.71496" lon="-83.95661"/>
      <trkpt lat="37.71488" lon="-83.95661"/>
      <trkpt lat="37.7145" lon="-83.95657"/>
      <trkpt lat="37.71435" lon="-83.95659"/>
      <trkpt lat="37.71427" lon="-83.95663"/>
      <trkpt lat="37.7142" lon="-83.95668"/>
      <trkpt lat="37.71403" lon="-83.95691"/>
      <trkpt lat="37.71396" lon="-83.95703"/>
      <trkpt lat="37.71392" lon="-83.95713"/>
      <trkpt lat="37.71375" lon="-83.95759"/>
      <trkpt lat="37.71369" lon="-83.95779"/>
      <trkpt lat="37.71362" lon="-83.95811"/>
      <trkpt lat="37.71354" lon="-83.95843"/>
      <trkpt lat="37.71345" lon="-83.95897"/>
      <trkpt lat="37.71342" lon="-83.95906"/>
      <trkpt lat="37.71325" lon="-83.95954"/>
      <trkpt lat="37.71316" lon="-83.95983"/>
      <trkpt lat="37.71299" lon="-83.96041"/>
      <trkpt lat="37.71286" lon="-83.96101"/>
      <trkpt lat="37.71273" lon="-83.96141"/>
      <trkpt lat="37.71261" lon="-83.96176"/>
      <trkpt lat="37.71234" lon="-83.96275"/>
      <trkpt lat="37.71226" lon="-83.96294"/>
      <trkpt lat="37.71221" lon="-83.96301"/>
      <trkpt lat="37.71205" lon="-83.96317"/>
      <trkpt lat="37.71195" lon="-83.96324"/>
      <trkpt lat="37.71177" lon="-83.96342"/>
      <trkpt lat="37.71171" lon="-83.96349"/>
      <trkpt lat="37.71136" lon="-83.96404"/>
      <trkpt lat="37.71108" lon="-83.96446"/>
      <trkpt lat="37.71066" lon="-83.96507"/>
      <trkpt lat="37.71039" lon="-83.96547"/>
      <trkpt lat="37.71011" lon="-83.96589"/>
      <trkpt lat="37.70987" lon="-83.96636"/>
      <trkpt lat="37.70939" lon="-83.96723"/>
      <trkpt lat="37.70919" lon="-83.96755"/>
      <trkpt lat="37.70901" lon="-83.96786"/>
      <trkpt lat="37.70896" lon="-83.96795"/>
      <trkpt lat="37.70894" lon="-83.96803"/>
      <trkpt lat="37.70884" lon="-83.96841"/>
      <trkpt lat="37.70877" lon="-83.96858"/>
      <trkpt lat="37.70857" lon="-83.96888"/>
      <trkpt lat="37.70834" lon="-83.96914"/>
      <trkpt lat="37.7082" lon="-83.96923"/>
      <trkpt lat="37.70804" lon="-83.9694"/>
      <trkpt lat="37.70797" lon="-83.96957"/>
      <trkpt lat="37.70791" lon="-83.9699"/>
      <trkpt lat="37.70781" lon="-83.97063"/>
      <trkpt lat="37.7078" lon="-83.9708"/>
      <trkpt lat="37.70776" lon="-83.97139"/>
      <trkpt lat="37.70774" lon="-83.97153"/>
      <trkpt lat="37.70769" lon="-83.97171"/>
      <trkpt lat="37.70766" lon="-83.97183"/>
      <trkpt lat="37.70765" lon="-83.9719"/>
      <trkpt lat="37.70766" lon="-83.97214"/>
      <trkpt lat="37.70765" lon="-83.97344"/>
      <trkpt lat="37.70765" lon="-83.97383"/>
      <trkpt lat="37.70764" lon="-83.97398"/>
      <trkpt lat="37.70764" lon="-83.9746"/>
      <trkpt lat="37.70765" lon="-83.97479"/>
      <trkpt lat="37.70763" lon="-83.97536"/>
      <trkpt lat="37.70762" lon="-83.97556"/>
      <trkpt lat="37.7076" lon="-83.97606"/>
      <trkpt lat="37.7076" lon="-83.97617"/>
      <trkpt lat="37.70735" lon="-83.97617"/>
      <trkpt lat="37.70678" lon="-83.97616"/>
      <trkpt lat="37.70556" lon="-83.97612"/>
      <trkpt lat="37.70545" lon="-83.97611"/>
      <trkpt lat="37.70521" lon="-83.97607"/>
      <trkpt lat="37.70483" lon="-83.976"/>
      <trkpt lat="37.70455" lon="-83.97594"/>
      <trkpt lat="37.70441" lon="-83.97592"/>
      <trkpt lat="37.70393" lon="-83.97583"/>
      <trkpt lat="37.70355" lon="-83.97576"/>
      <trkpt lat="37.70339" lon="-83.97573"/>
      <trkpt lat="37.70319" lon="-83.9757"/>
      <trkpt lat="37.70301" lon="-83.97566"/>
      <trkpt lat="37.70248" lon="-83.97557"/>
      <trkpt lat="37.70239" lon="-83.97556"/>
      <trkpt lat="37.70175" lon="-83.97548"/>
      <trkpt lat="37.70164" lon="-83.97546"/>
      <trkpt lat="37.70149" lon="-83.97543"/>
      <trkpt lat="37.70142" lon="-83.97542"/>
      <trkpt lat="37.70113" lon="-83.97537"/>
      <trkpt lat="37.70097" lon="-83.97535"/>
      <trkpt lat="37.70061" lon="-83.97531"/>
      <trkpt lat="37.69991" lon="-83.97522"/>
      <trkpt lat="37.69992" lon="-83.97505"/>
      <trkpt lat="37.69994" lon="-83.97477"/>
      <trkpt lat="37.69995" lon="-83.97464"/>
      <trkpt lat="37.69996" lon="-83.97453"/>
      <trkpt lat="37.69995" lon="-83.97447"/>
      <trkpt lat="37.69994" lon="-83.97439"/>
      <trkpt lat="37.69993" lon="-83.97434"/>
      <trkpt lat="37.69991" lon="-83.97426"/>
      <trkpt lat="37.69987" lon="-83.97416"/>
      <trkpt lat="37.69979" lon="-83.97401"/>
      <trkpt lat="37.69972" lon="-83.97391"/>
      <trkpt lat="37.69963" lon="-83.97382"/>
      <trkpt lat="37.69954" lon="-83.97374"/>
      <trkpt lat="37.6992" lon="-83.97344"/>
      <trkpt lat="37.69891" lon="-83.97315"/>
      <trkpt lat="37.69871" lon="-83.97291"/>
      <trkpt lat="37.6985" lon="-83.97266"/>
      <trkpt lat="37.69829" lon="-83.97236"/>
      <trkpt lat="37.69819" lon="-83.97221"/>
      <trkpt lat="37.69799" lon="-83.97189"/>
      <trkpt lat="37.6976" lon="-83.97221"/>
      <trkpt lat="37.69734" lon="-83.97241"/>
      <trkpt lat="37.69727" lon="-83.97245"/>
      <trkpt lat="37.6972" lon="-83.97247"/>
      <trkpt lat="37.69714" lon="-83.97245"/>
      <trkpt lat="37.69707" lon="-83.97242"/>
      <trkpt lat="37.69701" lon="-83.97235"/>
      <trkpt lat="37.69693" lon="-83.97225"/>
      <trkpt lat="37.69668" lon="-83.97189"/>
      <trkpt lat="37.69655" lon="-83.9717"/>
      <trkpt lat="37.69607" lon="-83.97112"/>
      <trkpt lat="37.69578" lon="-83.97078"/>
      <trkpt lat="37.69531" lon="-83.97021"/>
      <trkpt lat="37.69514" lon="-83.97001"/>
      <trkpt lat="37.69479" lon="-83.96959"/>
      <trkpt lat="37.69445" lon="-83.96922"/>
      <trkpt lat="37.69416" lon="-83.96892"/>
      <trkpt lat="37.69393" lon="-83.96869"/>
      <trkpt lat="37.69354" lon="-83.96833"/>
      <trkpt lat="37.69305" lon="-83.96785"/>
      <trkpt lat="37.69271" lon="-83.96752"/>
      <trkpt lat="37.69227" lon="-83.96708"/>
      <trkpt lat="37.69216" lon="-83.96698"/>
      <trkpt lat="37.69193" lon="-83.96675"/>
      <trkpt lat="37.69164" lon="-83.96647"/>
      <trkpt lat="37.69099" lon="-83.96582"/>
      <trkpt lat="37.69037" lon="-83.96523"/>
      <trkpt lat="37.69029" lon="-83.96515"/>
      <trkpt lat="37.69009" lon="-83.96496"/>
      <trkpt lat="37.69002" lon="-83.96491"/>
      <trkpt lat="37.68992" lon="-83.96486"/>
      <trkpt lat="37.68982" lon="-83.96485"/>
      <trkpt lat="37.68977" lon="-83.96486"/>
      <trkpt lat="37.6897" lon="-83.96488"/>
      <trkpt lat="37.68964" lon="-83.96491"/>
      <trkpt lat="37.68956" lon="-83.96497"/>
      <trkpt lat="37.68948" lon="-83.96501"/>
      <trkpt lat="37.6894" lon="-83.96502"/>
      <trkpt lat="37.68932" lon="-83.96501"/>
      <trkpt lat="37.68924" lon="-83.96497"/>
      <trkpt lat="37.68912" lon="-83.96488"/>
      <trkpt lat="37.68818" lon="-83.96397"/>
      <trkpt lat="37.68797" lon="-83.96376"/>
      <trkpt lat="37.68762" lon="-83.96341"/>
      <trkpt lat="37.68745" lon="-83.96325"/>
      <trkpt lat="37.68618" lon="-83.96202"/>
      <trkpt lat="37.68599" lon="-83.96184"/>
      <trkpt lat="37.68585" lon="-83.9617"/>
      <trkpt lat="37.68396" lon="-83.95984"/>
      <trkpt lat="37.68389" lon="-83.95976"/>
      <trkpt lat="37.68382" lon="-83.9597"/>
      <trkpt lat="37.68372" lon="-83.95957"/>
      <trkpt lat="37.68361" lon="-83.95941"/>
      <trkpt lat="37.68354" lon="-83.95929"/>
      <trkpt lat="37.68338" lon="-83.95895"/>
      <trkpt lat="37.68279" lon="-83.95758"/>
      <trkpt lat="37.68266" lon="-83.95728"/>
      <trkpt lat="37.68178" lon="-83.95522"/>
      <trkpt lat="37.68171" lon="-83.95506"/>
      <trkpt lat="37.68137" lon="-83.95431"/>
      <trkpt lat="37.68107" lon="-83.95359"/>
      <trkpt lat="37.681" lon="-83.95347"/>
      <trkpt lat="37.68096" lon="-83.95341"/>
      <trkpt lat="37.6809" lon="-83.95337"/>
      <trkpt lat="37.68083" lon="-83.95334"/>
      <trkpt lat="37.68076" lon="-83.95333"/>
      <trkpt lat="37.68065" lon="-83.95334"/>
      <trkpt lat="37.68034" lon="-83.95338"/>
      <trkpt lat="37.68" lon="-83.95341"/>
      <trkpt lat="37.67988" lon="-83.9534"/>
      <trkpt lat="37.67983" lon="-83.95339"/>
      <trkpt lat="37.67968" lon="-83.95334"/>
      <trkpt lat="37.6796" lon="-83.95328"/>
      <trkpt lat="37.67953" lon="-83.9532"/>
      <trkpt lat="37.67948" lon="-83.95309"/>
      <trkpt lat="37.67944" lon="-83.95298"/>
      <trkpt lat="37.67943" lon="-83.95283"/>
      <trkpt lat="37.67943" lon="-83.95272"/>
      <trkpt lat="37.67944" lon="-83.95245"/>
      <trkpt lat="37.67948" lon="-83.95214"/>
      <trkpt lat="37.67952" lon="-83.95191"/>
      <trkpt lat="37.67967" lon="-83.95135"/>
      <trkpt lat="37.67979" lon="-83.95092"/>
      <trkpt lat="37.68009" lon="-83.9498"/>
      <trkpt lat="37.6802" lon="-83.94934"/>
      <trkpt lat="37.68023" lon="-83.94916"/>
      <trkpt lat="37.68025" lon="-83.94891"/>
      <trkpt lat="37.68025" lon="-83.94881"/>
      <trkpt lat="37.68026" lon="-83.94855"/>
      <trkpt lat="37.68026" lon="-83.94833"/>
      <trkpt lat="37.68024" lon="-83.94821"/>
      <trkpt lat="37.68022" lon="-83.94805"/>
      <trkpt lat="37.68017" lon="-83.94778"/>
      <trkpt lat="37.68014" lon="-83.94751"/>
      <trkpt lat="37.68013" lon="-83.94733"/>
      <trkpt lat="37.68014" lon="-83.9471"/>
      <trkpt lat="37.68018" lon="-83.94673"/>
      <trkpt lat="37.68022" lon="-83.94652"/>
      <trkpt lat="37.6803" lon="-83.94627"/>
      <trkpt lat="37.68031" lon="-83.94619"/>
      <trkpt lat="37.68039" lon="-83.9462"/>
      <trkpt lat="37.68048" lon="-83.94619"/>
      <trkpt lat="37.68058" lon="-83.94616"/>
      <trkpt lat="37.68088" lon="-83.94602"/>
      <trkpt lat="37.68099" lon="-83.94598"/>
      <trkpt lat="37.6811" lon="-83.94595"/>
      <trkpt lat="37.68116" lon="-83.94595"/>
      <trkpt lat="37.68123" lon="-83.94597"/>
      <trkpt lat="37.6813" lon="-83.94601"/>
      <trkpt lat="37.68135" lon="-83.94606"/>
      <trkpt lat="37.68141" lon="-83.94615"/>
      <trkpt lat="37.68154" lon="-83.94642"/>
      <trkpt lat="37.68171" lon="-83.94683"/>
      <trkpt lat="37.6819" lon="-83.94724"/>
      <trkpt lat="37.68253" lon="-83.94869"/>
      <trkpt lat="37.68271" lon="-83.9491"/>
      <trkpt lat="37.68281" lon="-83.94931"/>
      <trkpt lat="37.68284" lon="-83.94936"/>
      <trkpt lat="37.68284" lon="-83.94931"/>
      <trkpt lat="37.68286" lon="-83.94925"/>
      <trkpt lat="37.68289" lon="-83.94921"/>
      <trkpt lat="37.68293" lon="-83.94916"/>
      <trkpt lat="37.68298" lon="-83.94912"/>
      <trkpt lat="37.68317" lon="-83.94898"/>
      <trkpt lat="37.68345" lon="-83.94879"/>
      <trkpt lat="37.68349" lon="-83.94877"/>
      <trkpt lat="37.68362" lon="-83.94867"/>
      <trkpt lat="37.68407" lon="-83.94836"/>
      <trkpt lat="37.68451" lon="-83.94805"/>
      <trkpt lat="37.68496" lon="-83.94772"/>
      <trkpt lat="37.68539" lon="-83.94742"/>
      <trkpt lat="37.68553" lon="-83.94732"/>
      <trkpt lat="37.68612" lon="-83.94691"/>
      <trkpt lat="37.68634" lon="-83.94678"/>
      <trkpt lat="37.68655" lon="-83.94666"/>
      <trkpt lat="37.68664" lon="-83.94662"/>
      <trkpt lat="37.6868" lon="-83.94654"/>
      <trkpt lat="37.68711" lon="-83.94639"/>
      <trkpt lat="37.68731" lon="-83.94629"/>
      <trkpt lat="37.68801" lon="-83.94588"/>
      <trkpt lat="37.68826" lon="-83.94572"/>
      <trkpt lat="37.68829" lon="-83.9457"/>
      <trkpt lat="37.68842" lon="-83.9456"/>
      <trkpt lat="37.68853" lon="-83.94551"/>
      <trkpt lat="37.68872" lon="-83.94531"/>
      <trkpt lat="37.68897" lon="-83.94502"/>
      <trkpt lat="37.68904" lon="-83.94492"/>
      <trkpt lat="37.6896" lon="-83.94422"/>
      <trkpt lat="37.68971" lon="-83.94407"/>
      <trkpt lat="37.68976" lon="-83.94402"/>
      <trkpt lat="37.69014" lon="-83.94354"/>
      <trkpt lat="37.69095" lon="-83.94253"/>
      <trkpt lat="37.6915" lon="-83.94183"/>
      <trkpt lat="37.69188" lon="-83.94135"/>
      <trkpt lat="37.69199" lon="-83.94119"/>
      <trkpt lat="37.69215" lon="-83.94095"/>
      <trkpt lat="37.69257" lon="-83.94025"/>
      <trkpt lat="37.69264" lon="-83.94014"/>
      <trkpt lat="37.6927" lon="-83.94004"/>
      <trkpt lat="37.69316" lon="-83.93927"/>
      <trkpt lat="37.69327" lon="-83.93906"/>
      <trkpt lat="37.69337" lon="-83.93888"/>
      <trkpt lat="37.6935" lon="-83.93858"/>
      <trkpt lat="37.69364" lon="-83.93825"/>
      <trkpt lat="37.69397" lon="-83.93739"/>
      <trkpt lat="37.69407" lon="-83.93714"/>
      <trkpt lat="37.69437" lon="-83.93637"/>
      <trkpt lat="37.69451" lon="-83.93598"/>
      <trkpt lat="37.69457" lon="-83.93577"/>
      <trkpt lat="37.69462" lon="-83.9356"/>
      <trkpt lat="37.69467" lon="-83.93536"/>
      <trkpt lat="37.69473" lon="-83.93494"/>
      <trkpt lat="37.69484" lon="-83.9341"/>
      <trkpt lat="37.69486" lon="-83.93388"/>
      <trkpt lat="37.69492" lon="-83.93345"/>
      <trkpt lat="37.69498" lon="-83.93292"/>
      <trkpt lat="37.69504" lon="-83.93245"/>
      <trkpt lat="37.69507" lon="-83.93223"/>
      <trkpt lat="37.69512" lon="-83.93197"/>
      <trkpt lat="37.69515" lon="-83.9318"/>
      <trkpt lat="37.6952" lon="-83.93163"/>
      <trkpt lat="37.69525" lon="-83.93146"/>
      <trkpt lat="37.69531" lon="-83.9313"/>
      <trkpt lat="37.69537" lon="-83.93119"/>
      <trkpt lat="37.69544" lon="-83.93104"/>
      <trkpt lat="37.69553" lon="-83.93089"/>
      <trkpt lat="37.6956" lon="-83.93079"/>
      <trkpt lat="37.69571" lon="-83.93066"/>
      <trkpt lat="37.69614" lon="-83.93017"/>
      <trkpt lat="37.69607" lon="-83.93012"/>
      <trkpt lat="37.69601" lon="-83.93011"/>
      <trkpt lat="37.69589" lon="-83.93006"/>
      <trkpt lat="37.69572" lon="-83.92996"/>
      <trkpt lat="37.69458" lon="-83.9291"/>
      <trkpt lat="37.69348" lon="-83.92829"/>
      <trkpt lat="37.69307" lon="-83.92798"/>
      <trkpt lat="37.69259" lon="-83.9276"/>
      <trkpt lat="37.69231" lon="-83.92731"/>
      <trkpt lat="37.69223" lon="-83.92723"/>
      <trkpt lat="37.69212" lon="-83.92709"/>
      <trkpt lat="37.69206" lon="-83.92702"/>
      <trkpt lat="37.69177" lon="-83.92685"/>
      <trkpt lat="37.69166" lon="-83.92681"/>
      <trkpt lat="37.69146" lon="-83.92682"/>
      <trkpt lat="37.69133" lon="-83.92685"/>
      <trkpt lat="37.6907" lon="-83.92711"/>
      <trkpt lat="37.69057" lon="-83.92714"/>
      <trkpt lat="37.69051" lon="-83.92714"/>
      <trkpt lat="37.69039" lon="-83.92712"/>
      <trkpt lat="37.69015" lon="-83.92697"/>
      <trkpt lat="37.6901" lon="-83.92695"/>
      <trkpt lat="37.69006" lon="-83.92695"/>
      <trkpt lat="37.69001" lon="-83.92696"/>
      <trkpt lat="37.68997" lon="-83.92698"/>
      <trkpt lat="37.68994" lon="-83.927"/>
      <trkpt lat="37.6899" lon="-83.92704"/>
      <trkpt lat="37.68987" lon="-83.92708"/>
      <trkpt lat="37.68966" lon="-83.92744"/>
      <trkpt lat="37.68954" lon="-83.92759"/>
      <trkpt lat="37.68932" lon="-83.92782"/>
      <trkpt lat="37.68909" lon="-83.92808"/>
      <trkpt lat="37.68885" lon="-83.92832"/>
      <trkpt lat="37.68871" lon="-83.92845"/>
      <trkpt lat="37.68857" lon="-83.9286"/>
      <trkpt lat="37.68819" lon="-83.92895"/>
      <trkpt lat="37.68802" lon="-83.92909"/>
      <trkpt lat="37.68756" lon="-83.92949"/>
      <trkpt lat="37.68744" lon="-83.92954"/>
      <trkpt lat="37.68731" lon="-83.92956"/>
      <trkpt lat="37.68709" lon="-83.92957"/>
      <trkpt lat="37.68702" lon="-83.92959"/>
      <trkpt lat="37.68697" lon="-83.9296"/>
      <trkpt lat="37.68688" lon="-83.92969"/>
      <trkpt lat="37.68682" lon="-83.92971"/>
      <trkpt lat="37.68674" lon="-83.92973"/>
      <trkpt lat="37.68641" lon="-83.92975"/>
      <trkpt lat="37.68631" lon="-83.92978"/>
      <trkpt lat="37.68624" lon="-83.92982"/>
      <trkpt lat="37.68616" lon="-83.92988"/>
      <trkpt lat="37.68602" lon="-83.93001"/>
      <trkpt lat="37.68584" lon="-83.93021"/>
      <trkpt lat="37.68578" lon="-83.93024"/>
      <trkpt lat="37.68571" lon="-83.93022"/>
      <trkpt lat="37.68561" lon="-83.93015"/>
      <trkpt lat="37.6855" lon="-83.93011"/>
      <trkpt lat="37.68543" lon="-83.9301"/>
      <trkpt lat="37.68499" lon="-83.9301"/>
      <trkpt lat="37.68481" lon="-83.93006"/>
      <trkpt lat="37.68456" lon="-83.92997"/>
      <trkpt lat="37.68445" lon="-83.92995"/>
      <trkpt lat="37.6843" lon="-83.92997"/>
      <trkpt lat="37.68418" lon="-83.92997"/>
      <trkpt lat="37.6841" lon="-83.92995"/>
      <trkpt lat="37.68404" lon="-83.92992"/>
      <trkpt lat="37.68389" lon="-83.92978"/>
      <trkpt lat="37.68385" lon="-83.92976"/>
      <trkpt lat="37.6838" lon="-83.92975"/>
      <trkpt lat="37.68348" lon="-83.92978"/>
      <trkpt lat="37.68338" lon="-83.92981"/>
      <trkpt lat="37.68325" lon="-83.92989"/>
      <trkpt lat="37.68312" lon="-83.92999"/>
      <trkpt lat="37.68297" lon="-83.93012"/>
      <trkpt lat="37.68273" lon="-83.93037"/>
      <trkpt lat="37.68265" lon="-83.93048"/>
      <trkpt lat="37.68261" lon="-83.93058"/>
      <trkpt lat="37.68259" lon="-83.93066"/>
      <trkpt lat="37.68255" lon="-83.93085"/>
      <trkpt lat="37.6825" lon="-83.93091"/>
      <trkpt lat="37.68247" lon="-83.93093"/>
      <trkpt lat="37.68244" lon="-83.93093"/>
      <trkpt lat="37.68238" lon="-83.93101"/>
      <trkpt lat="37.6823" lon="-83.93123"/>
      <trkpt lat="37.68221" lon="-83.93145"/>
      <trkpt lat="37.68213" lon="-83.93155"/>
      <trkpt lat="37.68221" lon="-83.93122"/>
      <trkpt lat="37.68234" lon="-83.93044"/>
      <trkpt lat="37.68237" lon="-83.93027"/>
      <trkpt lat="37.6824" lon="-83.93005"/>
      <trkpt lat="37.68244" lon="-83.92972"/>
      <trkpt lat="37.68248" lon="-83.92907"/>
      <trkpt lat="37.6825" lon="-83.92868"/>
      <trkpt lat="37.68251" lon="-83.92848"/>
      <trkpt lat="37.68254" lon="-83.9281"/>
      <trkpt lat="37.68261" lon="-83.92755"/>
      <trkpt lat="37.68263" lon="-83.92737"/>
      <trkpt lat="37.68264" lon="-83.92719"/>
      <trkpt lat="37.68264" lon="-83.92665"/>
      <trkpt lat="37.68264" lon="-83.92589"/>
      <trkpt lat="37.68263" lon="-83.92563"/>
      <trkpt lat="37.6826" lon="-83.92525"/>
      <trkpt lat="37.68251" lon="-83.92431"/>
      <trkpt lat="37.68245" lon="-83.92366"/>
      <trkpt lat="37.68236" lon="-83.92273"/>
      <trkpt lat="37.68231" lon="-83.92222"/>
      <trkpt lat="37.68227" lon="-83.92186"/>
      <trkpt lat="37.68212" lon="-83.92035"/>
      <trkpt lat="37.68202" lon="-83.91953"/>
      <trkpt lat="37.68194" lon="-83.91878"/>
      <trkpt lat="37.68189" lon="-83.91841"/>
      <trkpt lat="37.68186" lon="-83.91821"/>
      <trkpt lat="37.68177" lon="-83.91777"/>
      <trkpt lat="37.68164" lon="-83.91724"/>
      <trkpt lat="37.6815" lon="-83.91675"/>
      <trkpt lat="37.68133" lon="-83.91623"/>
      <trkpt lat="37.68083" lon="-83.91457"/>
      <trkpt lat="37.68077" lon="-83.91439"/>
      <trkpt lat="37.68068" lon="-83.91415"/>
      <trkpt lat="37.68056" lon="-83.91386"/>
      <trkpt lat="37.68038" lon="-83.91346"/>
      <trkpt lat="37.68022" lon="-83.91313"/>
      <trkpt lat="37.68" lon="-83.91269"/>
      <trkpt lat="37.67974" lon="-83.91221"/>
      <trkpt lat="37.67957" lon="-83.91192"/>
      <trkpt lat="37.67897" lon="-83.91094"/>
      <trkpt lat="37.67865" lon="-83.91043"/>
      <trkpt lat="37.67765" lon="-83.90882"/>
      <trkpt lat="37.67718" lon="-83.90802"/>
      <trkpt lat="37.67699" lon="-83.90769"/>
      <trkpt lat="37.67626" lon="-83.90637"/>
      <trkpt lat="37.67613" lon="-83.90615"/>
      <trkpt lat="37.67565" lon="-83.90537"/>
      <trkpt lat="37.67495" lon="-83.90423"/>
      <trkpt lat="37.67462" lon="-83.90374"/>
      <trkpt lat="37.67441" lon="-83.90343"/>
      <trkpt lat="37.67389" lon="-83.90276"/>
      <trkpt lat="37.67365" lon="-83.90241"/>
      <trkpt lat="37.67352" lon="-83.9022"/>
      <trkpt lat="37.67337" lon="-83.90194"/>
      <trkpt lat="37.67329" lon="-83.90177"/>
      <trkpt lat="37.67307" lon="-83.90129"/>
      <trkpt lat="37.67285" lon="-83.90084"/>
      <trkpt lat="37.67261" lon="-83.90038"/>
      <trkpt lat="37.67231" lon="-83.89985"/>
      <trkpt lat="37.67219" lon="-83.89961"/>
      <trkpt lat="37.67214" lon="-83.89951"/>
      <trkpt lat="37.67212" lon="-83.89942"/>
      <trkpt lat="37.6721" lon="-83.89935"/>
      <trkpt lat="37.6721" lon="-83.8993"/>
      <trkpt lat="37.6721" lon="-83.89925"/>
      <trkpt lat="37.67211" lon="-83.89918"/>
      <trkpt lat="37.67212" lon="-83.89906"/>
      <trkpt lat="37.67211" lon="-83.89898"/>
      <trkpt lat="37.67204" lon="-83.89856"/>
      <trkpt lat="37.67202" lon="-83.89844"/>
      <trkpt lat="37.67199" lon="-83.8982"/>
      <trkpt lat="37.67193" lon="-83.89783"/>
      <trkpt lat="37.67188" lon="-83.89755"/>
      <trkpt lat="37.67186" lon="-83.89745"/>
      <trkpt lat="37.67185" lon="-83.89741"/>
      <trkpt lat="37.67175" lon="-83.89709"/>
      <trkpt lat="37.67169" lon="-83.89696"/>
      <trkpt lat="37.67161" lon="-83.89685"/>
      <trkpt lat="37.67152" lon="-83.89674"/>
      <trkpt lat="37.67147" lon="-83.89669"/>
      <trkpt lat="37.67137" lon="-83.89661"/>
      <trkpt lat="37.67102" lon="-83.89638"/>
      <trkpt lat="37.67076" lon="-83.89619"/>
      <trkpt lat="37.67056" lon="-83.89601"/>
      <trkpt lat="37.67047" lon="-83.89591"/>
      <trkpt lat="37.6704" lon="-83.8958"/>
      <trkpt lat="37.67023" lon="-83.89551"/>
      <trkpt lat="37.66994" lon="-83.89495"/>
      <trkpt lat="37.66966" lon="-83.89439"/>
      <trkpt lat="37.66957" lon="-83.89418"/>
      <trkpt lat="37.66949" lon="-83.89395"/>
      <trkpt lat="37.66943" lon="-83.89371"/>
      <trkpt lat="37.66932" lon="-83.8932"/>
      <trkpt lat="37.66928" lon="-83.89303"/>
      <trkpt lat="37.66923" lon="-83.89286"/>
      <trkpt lat="37.66916" lon="-83.8927"/>
      <trkpt lat="37.66909" lon="-83.89257"/>
      <trkpt lat="37.66901" lon="-83.89246"/>
      <trkpt lat="37.66894" lon="-83.89233"/>
      <trkpt lat="37.66888" lon="-83.89221"/>
      <trkpt lat="37.66884" lon="-83.89208"/>
      <trkpt lat="37.66881" lon="-83.89195"/>
      <trkpt lat="37.66879" lon="-83.89181"/>
      <trkpt lat="37.66878" lon="-83.89144"/>
      <trkpt lat="37.66879" lon="-83.89121"/>
      <trkpt lat="37.66881" lon="-83.89079"/>
      <trkpt lat="37.66882" lon="-83.89058"/>
      <trkpt lat="37.66892" lon="-83.89"/>
      <trkpt lat="37.66898" lon="-83.88973"/>
      <trkpt lat="37.66902" lon="-83.88956"/>
      <trkpt lat="37.66925" lon="-83.8885"/>
      <trkpt lat="37.66933" lon="-83.88816"/>
      <trkpt lat="37.66938" lon="-83.8879"/>
      <trkpt lat="37.66942" lon="-83.88764"/>
      <trkpt lat="37.66944" lon="-83.8873"/>
      <trkpt lat="37.66945" lon="-83.88683"/>
      <trkpt lat="37.66947" lon="-83.88668"/>
      <trkpt lat="37.6695" lon="-83.88653"/>
      <trkpt lat="37.66955" lon="-83.88638"/>
      <trkpt lat="37.66977" lon="-83.88584"/>
      <trkpt lat="37.67003" lon="-83.88526"/>
      <trkpt lat="37.67008" lon="-83.88512"/>
      <trkpt lat="37.67014" lon="-83.88496"/>
      <trkpt lat="37.67018" lon="-83.8848"/>
      <trkpt lat="37.6702" lon="-83.88463"/>
      <trkpt lat="37.6702" lon="-83.88445"/>
      <trkpt lat="37.67018" lon="-83.88428"/>
      <trkpt lat="37.67014" lon="-83.88412"/>
      <trkpt lat="37.66992" lon="-83.88308"/>
      <trkpt lat="37.66908" lon="-83.87937"/>
      <trkpt lat="37.66872" lon="-83.87777"/>
      <trkpt lat="37.66854" lon="-83.87698"/>
      <trkpt lat="37.66844" lon="-83.8766"/>
      <trkpt lat="37.66829" lon="-83.8761"/>
      <trkpt lat="37.66821" lon="-83.87586"/>
      <trkpt lat="37.66804" lon="-83.87536"/>
      <trkpt lat="37.66789" lon="-83.87492"/>
      <trkpt lat="37.66783" lon="-83.87473"/>
      <trkpt lat="37.66777" lon="-83.87447"/>
      <trkpt lat="37.66772" lon="-83.87413"/>
      <trkpt lat="37.66768" lon="-83.87386"/>
      <trkpt lat="37.66766" lon="-83.87359"/>
      <trkpt lat="37.66766" lon="-83.87349"/>
      <trkpt lat="37.66765" lon="-83.87262"/>
      <trkpt lat="37.66765" lon="-83.87235"/>
      <trkpt lat="37.66766" lon="-83.87206"/>
      <trkpt lat="37.66768" lon="-83.87179"/>
      <trkpt lat="37.6677" lon="-83.87156"/>
      <trkpt lat="37.66772" lon="-83.87143"/>
      <trkpt lat="37.66777" lon="-83.87098"/>
      <trkpt lat="37.66782" lon="-83.87069"/>
      <trkpt lat="37.6679" lon="-83.87028"/>
      <trkpt lat="37.66799" lon="-83.86989"/>
      <trkpt lat="37.66812" lon="-83.86942"/>
      <trkpt lat="37.66852" lon="-83.8682"/>
      <trkpt lat="37.66885" lon="-83.8672"/>
      <trkpt lat="37.66897" lon="-83.86683"/>
      <trkpt lat="37.66902" lon="-83.86666"/>
      <trkpt lat="37.6691" lon="-83.86631"/>
      <trkpt lat="37.66915" lon="-83.86606"/>
      <trkpt lat="37.66917" lon="-83.86579"/>
      <trkpt lat="37.66917" lon="-83.86566"/>
      <trkpt lat="37.66914" lon="-83.86523"/>
      <trkpt lat="37.6691" lon="-83.86486"/>
      <trkpt lat="37.66905" lon="-83.86452"/>
      <trkpt lat="37.66898" lon="-83.86419"/>
      <trkpt lat="37.66896" lon="-83.86413"/>
      <trkpt lat="37.66887" lon="-83.8639"/>
      <trkpt lat="37.66874" lon="-83.86365"/>
      <trkpt lat="37.66849" lon="-83.86322"/>
      <trkpt lat="37.66839" lon="-83.86305"/>
      <trkpt lat="37.66819" lon="-83.86277"/>
      <trkpt lat="37.66809" lon="-83.86263"/>
      <trkpt lat="37.66789" lon="-83.86238"/>
      <trkpt lat="37.66776" lon="-83.8622"/>
      <trkpt lat="37.66771" lon="-83.86212"/>
      <trkpt lat="37.66766" lon="-83.86201"/>
      <trkpt lat="37.66763" lon="-83.86193"/>
      <trkpt lat="37.66762" lon="-83.86187"/>
      <trkpt lat="37.66761" lon="-83.86173"/>
      <trkpt lat="37.66761" lon="-83.86158"/>
      <trkpt lat="37.66764" lon="-83.86143"/>
      <trkpt lat="37.66767" lon="-83.86132"/>
      <trkpt lat="37.66773" lon="-83.86116"/>
      <trkpt lat="37.66781" lon="-83.86101"/>
      <trkpt lat="37.66828" lon="-83.86027"/>
      <trkpt lat="37.66856" lon="-83.8598"/>
      <trkpt lat="37.66924" lon="-83.85867"/>
      <trkpt lat="37.66977" lon="-83.85784"/>
      <trkpt lat="37.66988" lon="-83.85769"/>
      <trkpt lat="37.66964" lon="-83.85717"/>
      <trkpt lat="37.66945" lon="-83.85678"/>
      <trkpt lat="37.66933" lon="-83.85655"/>
      <trkpt lat="37.66919" lon="-83.85634"/>
      <trkpt lat="37.66904" lon="-83.85614"/>
      <trkpt lat="37.66896" lon="-83.85605"/>
      <trkpt lat="37.66888" lon="-83.85598"/>
      <trkpt lat="37.66878" lon="-83.85588"/>
      <trkpt lat="37.66857" lon="-83.85572"/>
      <trkpt lat="37.66842" lon="-83.85563"/>
      <trkpt lat="37.66825" lon="-83.85554"/>
      <trkpt lat="37.66812" lon="-83.85548"/>
      <trkpt lat="37.66794" lon="-83.85543"/>
      <trkpt lat="37.66751" lon="-83.85532"/>
      <trkpt lat="37.66739" lon="-83.85528"/>
      <trkpt lat="37.66728" lon="-83.85523"/>
      <trkpt lat="37.66718" lon="-83.85517"/>
      <trkpt lat="37.66708" lon="-83.8551"/>
      <trkpt lat="37.66703" lon="-83.85505"/>
      <trkpt lat="37.6669" lon="-83.85492"/>
      <trkpt lat="37.66681" lon="-83.8548"/>
      <trkpt lat="37.66673" lon="-83.85469"/>
      <trkpt lat="37.66667" lon="-83.85458"/>
      <trkpt lat="37.66654" lon="-83.85435"/>
      <trkpt lat="37.66651" lon="-83.85429"/>
      <trkpt lat="37.66627" lon="-83.85382"/>
      <trkpt lat="37.66577" lon="-83.85276"/>
      <trkpt lat="37.66527" lon="-83.85176"/>
      <trkpt lat="37.66521" lon="-83.85162"/>
      <trkpt lat="37.66515" lon="-83.85145"/>
      <trkpt lat="37.66508" lon="-83.85123"/>
      <trkpt lat="37.66505" lon="-83.85109"/>
      <trkpt lat="37.66502" lon="-83.85091"/>
      <trkpt lat="37.66501" lon="-83.8508"/>
      <trkpt lat="37.66499" lon="-83.85065"/>
      <trkpt lat="37.665" lon="-83.85036"/>
      <trkpt lat="37.66502" lon="-83.85019"/>
      <trkpt lat="37.66505" lon="-83.85004"/>
      <trkpt lat="37.66509" lon="-83.84986"/>
      <trkpt lat="37.66517" lon="-83.84963"/>
      <trkpt lat="37.66522" lon="-83.8495"/>
      <trkpt lat="37.66527" lon="-83.84941"/>
      <trkpt lat="37.66535" lon="-83.84923"/>
      <trkpt lat="37.66553" lon="-83.84897"/>
      <trkpt lat="37.66563" lon="-83.84887"/>
      <trkpt lat="37.66576" lon="-83.84872"/>
      <trkpt lat="37.66599" lon="-83.8485"/>
      <trkpt lat="37.66622" lon="-83.8483"/>
      <trkpt lat="37.66644" lon="-83.84812"/>
      <trkpt lat="37.66659" lon="-83.84801"/>
      <trkpt lat="37.66728" lon="-83.84754"/>
      <trkpt lat="37.6677" lon="-83.84728"/>
      <trkpt lat="37.66801" lon="-83.84708"/>
      <trkpt lat="37.66814" lon="-83.84699"/>
      <trkpt lat="37.66822" lon="-83.84692"/>
      <trkpt lat="37.66836" lon="-83.84678"/>
      <trkpt lat="37.66844" lon="-83.84667"/>
      <trkpt lat="37.66851" lon="-83.84658"/>
      <trkpt lat="37.66859" lon="-83.84645"/>
      <trkpt lat="37.66864" lon="-83.84634"/>
      <trkpt lat="37.66869" lon="-83.84622"/>
      <trkpt lat="37.66875" lon="-83.84603"/>
      <trkpt lat="37.66886" lon="-83.84558"/>
      <trkpt lat="37.66905" lon="-83.84481"/>
      <trkpt lat="37.66926" lon="-83.84398"/>
      <trkpt lat="37.66934" lon="-83.84364"/>
      <trkpt lat="37.66941" lon="-83.8433"/>
      <trkpt lat="37.66947" lon="-83.84297"/>
      <trkpt lat="37.66949" lon="-83.8428"/>
      <trkpt lat="37.66951" lon="-83.84247"/>
      <trkpt lat="37.66951" lon="-83.84227"/>
      <trkpt lat="37.66951" lon="-83.84214"/>
      <trkpt lat="37.66948" lon="-83.8419"/>
      <trkpt lat="37.66944" lon="-83.84168"/>
      <trkpt lat="37.66917" lon="-83.84033"/>
      <trkpt lat="37.66913" lon="-83.84017"/>
      <trkpt lat="37.66907" lon="-83.84001"/>
      <trkpt lat="37.66906" lon="-83.83998"/>
      <trkpt lat="37.66902" lon="-83.8399"/>
      <trkpt lat="37.66896" lon="-83.83979"/>
      <trkpt lat="37.66882" lon="-83.83962"/>
      <trkpt lat="37.66872" lon="-83.83953"/>
      <trkpt lat="37.66854" lon="-83.83941"/>
      <trkpt lat="37.66809" lon="-83.83917"/>
      <trkpt lat="37.66787" lon="-83.83904"/>
      <trkpt lat="37.66766" lon="-83.83889"/>
      <trkpt lat="37.66741" lon="-83.83868"/>
      <trkpt lat="37.6672" lon="-83.83848"/>
      <trkpt lat="37.66688" lon="-83.83816"/>
      <trkpt lat="37.66509" lon="-83.83635"/>
      <trkpt lat="37.665" lon="-83.83626"/>
      <trkpt lat="37.6649" lon="-83.83614"/>
      <trkpt lat="37.66483" lon="-83.83604"/>
      <trkpt lat="37.66475" lon="-83.83591"/>
      <trkpt lat="37.66467" lon="-83.83577"/>
      <trkpt lat="37.66461" lon="-83.83563"/>
      <trkpt lat="37.66455" lon="-83.83548"/>
      <trkpt lat="37.6645" lon="-83.83533"/>
      <trkpt lat="37.66446" lon="-83.83517"/>
      <trkpt lat="37.6644" lon="-83.83485"/>
      <trkpt lat="37.66435" lon="-83.83454"/>
      <trkpt lat="37.66431" lon="-83.83423"/>
      <trkpt lat="37.66429" lon="-83.83387"/>
      <trkpt lat="37.6643" lon="-83.83301"/>
      <trkpt lat="37.66429" lon="-83.8327"/>
      <trkpt lat="37.66428" lon="-83.83253"/>
      <trkpt lat="37.66425" lon="-83.83239"/>
      <trkpt lat="37.66422" lon="-83.83222"/>
      <trkpt lat="37.66418" lon="-83.83208"/>
      <trkpt lat="37.66407" lon="-83.83179"/>
      <trkpt lat="37.66401" lon="-83.83167"/>
      <trkpt lat="37.66393" lon="-83.83151"/>
      <trkpt lat="37.66351" lon="-83.8308"/>
      <trkpt lat="37.66286" lon="-83.82975"/>
      <trkpt lat="37.66271" lon="-83.82948"/>
      <trkpt lat="37.66261" lon="-83.8293"/>
      <trkpt lat="37.66256" lon="-83.82916"/>
      <trkpt lat="37.66251" lon="-83.82902"/>
      <trkpt lat="37.66246" lon="-83.82875"/>
      <trkpt lat="37.66238" lon="-83.82819"/>
      <trkpt lat="37.66236" lon="-83.82799"/>
      <trkpt lat="37.66235" lon="-83.82794"/>
      <trkpt lat="37.66235" lon="-83.82774"/>
      <trkpt lat="37.66236" lon="-83.82759"/>
      <trkpt lat="37.66238" lon="-83.82739"/>
      <trkpt lat="37.66241" lon="-83.82724"/>
      <trkpt lat="37.66247" lon="-83.82701"/>
      <trkpt lat="37.66254" lon="-83.82681"/>
      <trkpt lat="37.66259" lon="-83.82668"/>
      <trkpt lat="37.66268" lon="-83.82647"/>
      <trkpt lat="37.66274" lon="-83.82635"/>
      <trkpt lat="37.66311" lon="-83.82573"/>
      <trkpt lat="37.66317" lon="-83.82561"/>
      <trkpt lat="37.66323" lon="-83.82547"/>
      <trkpt lat="37.66325" lon="-83.82535"/>
      <trkpt lat="37.66326" lon="-83.82524"/>
      <trkpt lat="37.66326" lon="-83.82513"/>
      <trkpt lat="37.66325" lon="-83.82503"/>
      <trkpt lat="37.66324" lon="-83.82496"/>
      <trkpt lat="37.6632" lon="-83.82484"/>
      <trkpt lat="37.66302" lon="-83.82428"/>
      <trkpt lat="37.66295" lon="-83.82405"/>
      <trkpt lat="37.66288" lon="-83.82386"/>
      <trkpt lat="37.6628" lon="-83.82368"/>
      <trkpt lat="37.66273" lon="-83.82353"/>
      <trkpt lat="37.66265" lon="-83.82341"/>
      <trkpt lat="37.66261" lon="-83.82336"/>
      <trkpt lat="37.66252" lon="-83.82327"/>
      <trkpt lat="37.66241" lon="-83.82322"/>
      <trkpt lat="37.66229" lon="-83.82318"/>
      <trkpt lat="37.66217" lon="-83.82316"/>
      <trkpt lat="37.66178" lon="-83.8231"/>
      <trkpt lat="37.66148" lon="-83.82304"/>
      <trkpt lat="37.66131" lon="-83.823"/>
      <trkpt lat="37.66122" lon="-83.82297"/>
      <trkpt lat="37.6608" lon="-83.8228"/>
      <trkpt lat="37.66064" lon="-83.82271"/>
      <trkpt lat="37.66051" lon="-83.82264"/>
      <trkpt lat="37.6604" lon="-83.82255"/>
      <trkpt lat="37.66029" lon="-83.82245"/>
      <trkpt lat="37.66019" lon="-83.82234"/>
      <trkpt lat="37.66013" lon="-83.82226"/>
      <trkpt lat="37.65984" lon="-83.82187"/>
      <trkpt lat="37.65962" lon="-83.82155"/>
      <trkpt lat="37.65947" lon="-83.82132"/>
      <trkpt lat="37.65936" lon="-83.82113"/>
      <trkpt lat="37.6593" lon="-83.82098"/>
      <trkpt lat="37.65926" lon="-83.82088"/>
      <trkpt lat="37.65923" lon="-83.82081"/>
      <trkpt lat="37.65921" lon="-83.82072"/>
      <trkpt lat="37.65917" lon="-83.82055"/>
      <trkpt lat="37.65911" lon="-83.82021"/>
      <trkpt lat="37.65909" lon="-83.82003"/>
      <trkpt lat="37.65908" lon="-83.81985"/>
      <trkpt lat="37.65909" lon="-83.81961"/>
      <trkpt lat="37.6591" lon="-83.81943"/>
      <trkpt lat="37.65913" lon="-83.81925"/>
      <trkpt lat="37.65933" lon="-83.81801"/>
      <trkpt lat="37.65945" lon="-83.81723"/>
      <trkpt lat="37.65948" lon="-83.81698"/>
      <trkpt lat="37.6595" lon="-83.81673"/>
      <trkpt lat="37.65951" lon="-83.8166"/>
      <trkpt lat="37.6595" lon="-83.81642"/>
      <trkpt lat="37.65947" lon="-83.81618"/>
      <trkpt lat="37.65941" lon="-83.81589"/>
      <trkpt lat="37.65934" lon="-83.81554"/>
      <trkpt lat="37.65929" lon="-83.81537"/>
      <trkpt lat="37.65924" lon="-83.81521"/>
      <trkpt lat="37.65917" lon="-83.81505"/>
      <trkpt lat="37.65912" lon="-83.81496"/>
      <trkpt lat="37.65909" lon="-83.81492"/>
      <trkpt lat="37.65903" lon="-83.81484"/>
      <trkpt lat="37.65896" lon="-83.81477"/>
      <trkpt lat="37.65888" lon="-83.81471"/>
      <trkpt lat="37.6588" lon="-83.81466"/>
      <trkpt lat="37.65872" lon="-83.81462"/>
      <trkpt lat="37.65837" lon="-83.81448"/>
      <trkpt lat="37.65772" lon="-83.81423"/>
      <trkpt lat="37.65749" lon="-83.81415"/>
      <trkpt lat="37.65735" lon="-83.81411"/>
      <trkpt lat="37.65721" lon="-83.81409"/>
      <trkpt lat="37.65712" lon="-83.81408"/>
      <trkpt lat="37.65699" lon="-83.81407"/>
      <trkpt lat="37.65672" lon="-83.81408"/>
      <trkpt lat="37.6566" lon="-83.81407"/>
      <trkpt lat="37.65648" lon="-83.81403"/>
      <trkpt lat="37.65637" lon="-83.81397"/>
      <trkpt lat="37.6563" lon="-83.81391"/>
      <trkpt lat="37.65627" lon="-83.81388"/>
      <trkpt lat="37.65618" lon="-83.81377"/>
      <trkpt lat="37.65605" lon="-83.81355"/>
      <trkpt lat="37.65538" lon="-83.81245"/>
      <trkpt lat="37.65456" lon="-83.8111"/>
      <trkpt lat="37.65431" lon="-83.81072"/>
      <trkpt lat="37.65424" lon="-83.81057"/>
      <trkpt lat="37.65413" lon="-83.81032"/>
      <trkpt lat="37.65408" lon="-83.81016"/>
      <trkpt lat="37.65405" lon="-83.80999"/>
      <trkpt lat="37.65403" lon="-83.80988"/>
      <trkpt lat="37.65401" lon="-83.8097"/>
      <trkpt lat="37.654" lon="-83.80952"/>
      <trkpt lat="37.654" lon="-83.80934"/>
      <trkpt lat="37.65401" lon="-83.80909"/>
      <trkpt lat="37.65405" lon="-83.80878"/>
      <trkpt lat="37.65408" lon="-83.80852"/>
      <trkpt lat="37.65422" lon="-83.80781"/>
      <trkpt lat="37.65439" lon="-83.80698"/>
      <trkpt lat="37.65444" lon="-83.8068"/>
      <trkpt lat="37.65449" lon="-83.80662"/>
      <trkpt lat="37.65469" lon="-83.80602"/>
      <trkpt lat="37.65474" lon="-83.80584"/>
      <trkpt lat="37.65477" lon="-83.80572"/>
      <trkpt lat="37.65479" lon="-83.80553"/>
      <trkpt lat="37.65479" lon="-83.80533"/>
      <trkpt lat="37.65477" lon="-83.80521"/>
      <trkpt lat="37.65476" lon="-83.80515"/>
      <trkpt lat="37.65471" lon="-83.80497"/>
      <trkpt lat="37.65463" lon="-83.80475"/>
      <trkpt lat="37.65458" lon="-83.80463"/>
      <trkpt lat="37.6545" lon="-83.80448"/>
      <trkpt lat="37.65441" lon="-83.80432"/>
      <trkpt lat="37.65431" lon="-83.80419"/>
      <trkpt lat="37.65419" lon="-83.80406"/>
      <trkpt lat="37.65407" lon="-83.80394"/>
      <trkpt lat="37.65403" lon="-83.8039"/>
      <trkpt lat="37.65395" lon="-83.80383"/>
      <trkpt lat="37.65384" lon="-83.80374"/>
      <trkpt lat="37.65318" lon="-83.8032"/>
      <trkpt lat="37.65302" lon="-83.80305"/>
      <trkpt lat="37.65283" lon="-83.80287"/>
      <trkpt lat="37.65238" lon="-83.80226"/>
      <trkpt lat="37.65217" lon="-83.80199"/>
      <trkpt lat="37.65184" lon="-83.8016"/>
      <trkpt lat="37.65176" lon="-83.80151"/>
      <trkpt lat="37.65164" lon="-83.80139"/>
      <trkpt lat="37.65152" lon="-83.80128"/>
      <trkpt lat="37.65133" lon="-83.80114"/>
      <trkpt lat="37.65118" lon="-83.80106"/>
      <trkpt lat="37.65102" lon="-83.80098"/>
      <trkpt lat="37.65038" lon="-83.80068"/>
      <trkpt lat="37.64981" lon="-83.80044"/>
      <trkpt lat="37.64943" lon="-83.80026"/>
      <trkpt lat="37.6493" lon="-83.80019"/>
      <trkpt lat="37.64913" lon="-83.80008"/>
      <trkpt lat="37.64904" lon="-83.80001"/>
      <trkpt lat="37.64889" lon="-83.79986"/>
      <trkpt lat="37.64879" lon="-83.79974"/>
      <trkpt lat="37.64868" lon="-83.79961"/>
      <trkpt lat="37.64859" lon="-83.79947"/>
      <trkpt lat="37.6485" lon="-83.79933"/>
      <trkpt lat="37.64842" lon="-83.79917"/>
      <trkpt lat="37.64835" lon="-83.79901"/>
      <trkpt lat="37.64829" lon="-83.79885"/>
      <trkpt lat="37.64813" lon="-83.79832"/>
      <trkpt lat="37.64807" lon="-83.79815"/>
      <trkpt lat="37.64799" lon="-83.79799"/>
      <trkpt lat="37.64791" lon="-83.79783"/>
      <trkpt lat="37.64772" lon="-83.79753"/>
      <trkpt lat="37.64762" lon="-83.79738"/>
      <trkpt lat="37.6474" lon="-83.7971"/>
      <trkpt lat="37.64718" lon="-83.79683"/>
      <trkpt lat="37.64668" lon="-83.79632"/>
      <trkpt lat="37.6463" lon="-83.79594"/>
      <trkpt lat="37.64607" lon="-83.79566"/>
      <trkpt lat="37.64596" lon="-83.79551"/>
      <trkpt lat="37.64585" lon="-83.79536"/>
      <trkpt lat="37.64565" lon="-83.79503"/>
      <trkpt lat="37.64548" lon="-83.79472"/>
      <trkpt lat="37.64541" lon="-83.79455"/>
      <trkpt lat="37.64535" lon="-83.79438"/>
      <trkpt lat="37.64531" lon="-83.79421"/>
      <trkpt lat="37.64529" lon="-83.79403"/>
      <trkpt lat="37.64529" lon="-83.79384"/>
      <trkpt lat="37.64529" lon="-83.79319"/>
      <trkpt lat="37.64529" lon="-83.79293"/>
      <trkpt lat="37.64528" lon="-83.79254"/>
      <trkpt lat="37.64528" lon="-83.79241"/>
      <trkpt lat="37.64525" lon="-83.79222"/>
      <trkpt lat="37.64524" lon="-83.79209"/>
      <trkpt lat="37.64519" lon="-83.7919"/>
      <trkpt lat="37.64514" lon="-83.79171"/>
      <trkpt lat="37.64507" lon="-83.79153"/>
      <trkpt lat="37.645" lon="-83.79136"/>
      <trkpt lat="37.64492" lon="-83.79119"/>
      <trkpt lat="37.64485" lon="-83.79108"/>
      <trkpt lat="37.64476" lon="-83.79092"/>
      <trkpt lat="37.64466" lon="-83.79077"/>
      <trkpt lat="37.6443" lon="-83.79028"/>
      <trkpt lat="37.6441" lon="-83.78999"/>
      <trkpt lat="37.64392" lon="-83.78968"/>
      <trkpt lat="37.64376" lon="-83.78937"/>
      <trkpt lat="37.6437" lon="-83.78922"/>
      <trkpt lat="37.64365" lon="-83.78905"/>
      <trkpt lat="37.64363" lon="-83.78894"/>
      <trkpt lat="37.64361" lon="-83.78883"/>
      <trkpt lat="37.64361" lon="-83.78871"/>
      <trkpt lat="37.64362" lon="-83.7886"/>
      <trkpt lat="37.64363" lon="-83.78848"/>
      <trkpt lat="37.64371" lon="-83.78803"/>
      <trkpt lat="37.64373" lon="-83.78786"/>
      <trkpt lat="37.64373" lon="-83.78769"/>
      <trkpt lat="37.64369" lon="-83.78753"/>
      <trkpt lat="37.64363" lon="-83.78737"/>
      <trkpt lat="37.64357" lon="-83.78729"/>
      <trkpt lat="37.64354" lon="-83.78724"/>
      <trkpt lat="37.64347" lon="-83.78717"/>
      <trkpt lat="37.64335" lon="-83.78708"/>
      <trkpt lat="37.64306" lon="-83.78687"/>
      <trkpt lat="37.64238" lon="-83.78643"/>
      <trkpt lat="37.64225" lon="-83.78634"/>
      <trkpt lat="37.64206" lon="-83.78623"/>
      <trkpt lat="37.64178" lon="-83.78609"/>
      <trkpt lat="37.64164" lon="-83.78603"/>
      <trkpt lat="37.64122" lon="-83.78587"/>
      <trkpt lat="37.64104" lon="-83.7858"/>
      <trkpt lat="37.64086" lon="-83.7857"/>
      <trkpt lat="37.64073" lon="-83.78562"/>
      <trkpt lat="37.64048" lon="-83.78542"/>
      <trkpt lat="37.64029" lon="-83.78526"/>
      <trkpt lat="37.64006" lon="-83.78505"/>
      <trkpt lat="37.63997" lon="-83.78498"/>
      <trkpt lat="37.63968" lon="-83.78471"/>
      <trkpt lat="37.63949" lon="-83.78453"/>
      <trkpt lat="37.63912" lon="-83.78418"/>
      <trkpt lat="37.639" lon="-83.78403"/>
      <trkpt lat="37.63889" lon="-83.7839"/>
      <trkpt lat="37.6388" lon="-83.78375"/>
      <trkpt lat="37.63862" lon="-83.78344"/>
      <trkpt lat="37.63842" lon="-83.78311"/>
      <trkpt lat="37.63829" lon="-83.78294"/>
      <trkpt lat="37.63815" lon="-83.78278"/>
      <trkpt lat="37.63786" lon="-83.78241"/>
      <trkpt lat="37.63634" lon="-83.78024"/>
      <trkpt lat="37.63585" lon="-83.77942"/>
      <trkpt lat="37.63573" lon="-83.77921"/>
      <trkpt lat="37.63565" lon="-83.7791"/>
      <trkpt lat="37.63557" lon="-83.779"/>
      <trkpt lat="37.63547" lon="-83.7789"/>
      <trkpt lat="37.63514" lon="-83.77866"/>
      <trkpt lat="37.63506" lon="-83.77856"/>
      <trkpt lat="37.63499" lon="-83.77845"/>
      <trkpt lat="37.63495" lon="-83.77834"/>
      <trkpt lat="37.63493" lon="-83.77826"/>
      <trkpt lat="37.63492" lon="-83.77839"/>
      <trkpt lat="37.63493" lon="-83.77845"/>
      <trkpt lat="37.63494" lon="-83.7786"/>
      <trkpt lat="37.63496" lon="-83.77869"/>
      <trkpt lat="37.63497" lon="-83.77873"/>
      <trkpt lat="37.635" lon="-83.77882"/>
      <trkpt lat="37.63504" lon="-83.77891"/>
      <trkpt lat="37.63509" lon="-83.77899"/>
      <trkpt lat="37.63538" lon="-83.77937"/>
      <trkpt lat="37.63545" lon="-83.77948"/>
      <trkpt lat="37.63556" lon="-83.77968"/>
      <trkpt lat="37.63575" lon="-83.78009"/>
      <trkpt lat="37.63602" lon="-83.78059"/>
      <trkpt lat="37.63608" lon="-83.78072"/>
      <trkpt lat="37.63614" lon="-83.78086"/>
      <trkpt lat="37.63649" lon="-83.78178"/>
      <trkpt lat="37.63653" lon="-83.7819"/>
      <trkpt lat="37.63658" lon="-83.78207"/>
      <trkpt lat="37.63661" lon="-83.78219"/>
      <trkpt lat="37.63662" lon="-83.78229"/>
      <trkpt lat="37.63661" lon="-83.7824"/>
      <trkpt lat="37.63659" lon="-83.78253"/>
      <trkpt lat="37.63656" lon="-83.78264"/>
      <trkpt lat="37.63646" lon="-83.78289"/>
      <trkpt lat="37.63626" lon="-83.78331"/>
      <trkpt lat="37.63613" lon="-83.78368"/>
      <trkpt lat="37.6361" lon="-83.78378"/>
      <trkpt lat="37.63605" lon="-83.78411"/>
      <trkpt lat="37.63605" lon="-83.78415"/>
      <trkpt lat="37.63605" lon="-83.78421"/>
      <trkpt lat="37.63607" lon="-83.78426"/>
      <trkpt lat="37.63609" lon="-83.78429"/>
      <trkpt lat="37.63614" lon="-83.78434"/>
      <trkpt lat="37.63621" lon="-83.78439"/>
      <trkpt lat="37.63629" lon="-83.78439"/>
      <trkpt lat="37.63636" lon="-83.78437"/>
      <trkpt lat="37.63648" lon="-83.78424"/>
      <trkpt lat="37.63667" lon="-83.78403"/>
      <trkpt lat="37.63682" lon="-83.78389"/>
      <trkpt lat="37.63691" lon="-83.78383"/>
      <trkpt lat="37.63703" lon="-83.78378"/>
      <trkpt lat="37.63711" lon="-83.78378"/>
      <trkpt lat="37.6372" lon="-83.78378"/>
      <trkpt lat="37.63729" lon="-83.78382"/>
      <trkpt lat="37.6374" lon="-83.78389"/>
      <trkpt lat="37.63755" lon="-83.78404"/>
      <trkpt lat="37.63764" lon="-83.78427"/>
      <trkpt lat="37.63767" lon="-83.78443"/>
      <trkpt lat="37.63768" lon="-83.78456"/>
      <trkpt lat="37.63773" lon="-83.78515"/>
      <trkpt lat="37.63774" lon="-83.78523"/>
      <trkpt lat="37.63777" lon="-83.78544"/>
      <trkpt lat="37.63781" lon="-83.78585"/>
      <trkpt lat="37.63783" lon="-83.78634"/>
      <trkpt lat="37.63782" lon="-83.78651"/>
      <trkpt lat="37.63781" lon="-83.78664"/>
      <trkpt lat="37.63775" lon="-83.78679"/>
      <trkpt lat="37.63764" lon="-83.78696"/>
      <trkpt lat="37.63759" lon="-83.78705"/>
      <trkpt lat="37.63755" lon="-83.78724"/>
      <trkpt lat="37.63754" lon="-83.78734"/>
      <trkpt lat="37.63754" lon="-83.78743"/>
      <trkpt lat="37.63755" lon="-83.78767"/>
      <trkpt lat="37.63758" lon="-83.78777"/>
      <trkpt lat="37.63762" lon="-83.78786"/>
      <trkpt lat="37.63767" lon="-83.78793"/>
      <trkpt lat="37.63773" lon="-83.78798"/>
      <trkpt lat="37.63781" lon="-83.78801"/>
      <trkpt lat="37.63799" lon="-83.78808"/>
      <trkpt lat="37.63803" lon="-83.78811"/>
      <trkpt lat="37.63808" lon="-83.78815"/>
      <trkpt lat="37.63811" lon="-83.78821"/>
      <trkpt lat="37.63813" lon="-83.78828"/>
      <trkpt lat="37.63814" lon="-83.78836"/>
      <trkpt lat="37.63813" lon="-83.7885"/>
      <trkpt lat="37.63805" lon="-83.78907"/>
      <trkpt lat="37.63803" lon="-83.78921"/>
      <trkpt lat="37.63796" lon="-83.78968"/>
      <trkpt lat="37.63792" lon="-83.78997"/>
      <trkpt lat="37.6378" lon="-83.79044"/>
      <trkpt lat="37.63778" lon="-83.79052"/>
      <trkpt lat="37.63772" lon="-83.7907"/>
      <trkpt lat="37.63766" lon="-83.79093"/>
      <trkpt lat="37.63764" lon="-83.79106"/>
      <trkpt lat="37.63765" lon="-83.79115"/>
      <trkpt lat="37.63767" lon="-83.79121"/>
      <trkpt lat="37.63769" lon="-83.79125"/>
      <trkpt lat="37.63777" lon="-83.79131"/>
      <trkpt lat="37.63783" lon="-83.79132"/>
      <trkpt lat="37.63791" lon="-83.79133"/>
      <trkpt lat="37.63815" lon="-83.79132"/>
      <trkpt lat="37.63853" lon="-83.79132"/>
      <trkpt lat="37.6386" lon="-83.79132"/>
      <trkpt lat="37.63921" lon="-83.7913"/>
      <trkpt lat="37.6393" lon="-83.7913"/>
      <trkpt lat="37.63937" lon="-83.79132"/>
      <trkpt lat="37.63943" lon="-83.79136"/>
      <trkpt lat="37.63948" lon="-83.79142"/>
      <trkpt lat="37.6395" lon="-83.79149"/>
      <trkpt lat="37.63952" lon="-83.79158"/>
      <trkpt lat="37.63953" lon="-83.79199"/>
      <trkpt lat="37.63954" lon="-83.79212"/>
      <trkpt lat="37.63956" lon="-83.79225"/>
      <trkpt lat="37.63968" lon="-83.79277"/>
      <trkpt lat="37.63971" lon="-83.79295"/>
      <trkpt lat="37.63972" lon="-83.79311"/>
      <trkpt lat="37.63973" lon="-83.79327"/>
      <trkpt lat="37.63973" lon="-83.79362"/>
      <trkpt lat="37.63973" lon="-83.79381"/>
      <trkpt lat="37.63974" lon="-83.79408"/>
      <trkpt lat="37.63976" lon="-83.79424"/>
      <trkpt lat="37.6398" lon="-83.79457"/>
      <trkpt lat="37.63983" lon="-83.79479"/>
      <trkpt lat="37.63992" lon="-83.79556"/>
      <trkpt lat="37.63999" lon="-83.79608"/>
      <trkpt lat="37.64001" lon="-83.79625"/>
      <trkpt lat="37.64003" lon="-83.79655"/>
      <trkpt lat="37.64003" lon="-83.79672"/>
      <trkpt lat="37.64001" lon="-83.79699"/>
      <trkpt lat="37.63992" lon="-83.79777"/>
      <trkpt lat="37.6399" lon="-83.79791"/>
      <trkpt lat="37.63979" lon="-83.79877"/>
      <trkpt lat="37.63975" lon="-83.79908"/>
      <trkpt lat="37.63971" lon="-83.7993"/>
      <trkpt lat="37.63967" lon="-83.79948"/>
      <trkpt lat="37.63963" lon="-83.79962"/>
      <trkpt lat="37.63953" lon="-83.79994"/>
      <trkpt lat="37.63936" lon="-83.80038"/>
      <trkpt lat="37.63911" lon="-83.80098"/>
      <trkpt lat="37.63906" lon="-83.8011"/>
      <trkpt lat="37.63899" lon="-83.80121"/>
      <trkpt lat="37.63891" lon="-83.8013"/>
      <trkpt lat="37.63882" lon="-83.80137"/>
      <trkpt lat="37.63872" lon="-83.80143"/>
      <trkpt lat="37.63862" lon="-83.80147"/>
      <trkpt lat="37.63851" lon="-83.8015"/>
      <trkpt lat="37.6384" lon="-83.80151"/>
      <trkpt lat="37.63789" lon="-83.80154"/>
      <trkpt lat="37.63776" lon="-83.80156"/>
      <trkpt lat="37.63764" lon="-83.80158"/>
      <trkpt lat="37.63751" lon="-83.80162"/>
      <trkpt lat="37.63736" lon="-83.80173"/>
      <trkpt lat="37.63728" lon="-83.8018"/>
      <trkpt lat="37.63713" lon="-83.802"/>
      <trkpt lat="37.63706" lon="-83.80207"/>
      <trkpt lat="37.63701" lon="-83.8021"/>
      <trkpt lat="37.63689" lon="-83.80216"/>
      <trkpt lat="37.6367" lon="-83.80219"/>
      <trkpt lat="37.63658" lon="-83.80224"/>
      <trkpt lat="37.6365" lon="-83.80228"/>
      <trkpt lat="37.63635" lon="-83.80244"/>
      <trkpt lat="37.63619" lon="-83.80274"/>
      <trkpt lat="37.63614" lon="-83.80283"/>
      <trkpt lat="37.63609" lon="-83.8029"/>
      <trkpt lat="37.63598" lon="-83.803"/>
      <trkpt lat="37.63583" lon="-83.80306"/>
      <trkpt lat="37.63574" lon="-83.80307"/>
      <trkpt lat="37.63548" lon="-83.80306"/>
      <trkpt lat="37.63542" lon="-83.80306"/>
      <trkpt lat="37.63504" lon="-83.80303"/>
      <trkpt lat="37.63488" lon="-83.80301"/>
      <trkpt lat="37.63464" lon="-83.803"/>
      <trkpt lat="37.6345" lon="-83.80298"/>
      <trkpt lat="37.63434" lon="-83.80293"/>
      <trkpt lat="37.63419" lon="-83.80278"/>
      <trkpt lat="37.63415" lon="-83.80268"/>
      <trkpt lat="37.63412" lon="-83.80259"/>
      <trkpt lat="37.63407" lon="-83.80242"/>
      <trkpt lat="37.63406" lon="-83.80222"/>
      <trkpt lat="37.63405" lon="-83.80214"/>
      <trkpt lat="37.63404" lon="-83.80209"/>
      <trkpt lat="37.63401" lon="-83.80206"/>
      <trkpt lat="37.63395" lon="-83.80203"/>
      <trkpt lat="37.63388" lon="-83.80204"/>
      <trkpt lat="37.63382" lon="-83.80207"/>
      <trkpt lat="37.63374" lon="-83.80212"/>
      <trkpt lat="37.63367" lon="-83.80221"/>
      <trkpt lat="37.63357" lon="-83.80229"/>
      <trkpt lat="37.63352" lon="-83.80234"/>
      <trkpt lat="37.63343" lon="-83.80246"/>
      <trkpt lat="37.63338" lon="-83.80253"/>
      <trkpt lat="37.6333" lon="-83.80272"/>
      <trkpt lat="37.63326" lon="-83.80284"/>
      <trkpt lat="37.63323" lon="-83.80292"/>
      <trkpt lat="37.63321" lon="-83.80304"/>
      <trkpt lat="37.63319" lon="-83.80319"/>
      <trkpt lat="37.63317" lon="-83.8033"/>
      <trkpt lat="37.63315" lon="-83.8034"/>
      <trkpt lat="37.63311" lon="-83.80358"/>
      <trkpt lat="37.63308" lon="-83.80367"/>
      <trkpt lat="37.63303" lon="-83.80381"/>
      <trkpt lat="37.63292" lon="-83.80394"/>
      <trkpt lat="37.63288" lon="-83.804"/>
      <trkpt lat="37.63269" lon="-83.80415"/>
      <trkpt lat="37.63246" lon="-83.80435"/>
      <trkpt lat="37.63238" lon="-83.80447"/>
      <trkpt lat="37.63233" lon="-83.80459"/>
      <trkpt lat="37.63224" lon="-83.80499"/>
      <trkpt lat="37.63222" lon="-83.80507"/>
      <trkpt lat="37.63216" lon="-83.8052"/>
      <trkpt lat="37.63209" lon="-83.80528"/>
      <trkpt lat="37.63202" lon="-83.80533"/>
      <trkpt lat="37.6319" lon="-83.80538"/>
      <trkpt lat="37.63156" lon="-83.80551"/>
      <trkpt lat="37.63125" lon="-83.80559"/>
      <trkpt lat="37.63107" lon="-83.80567"/>
      <trkpt lat="37.63097" lon="-83.80573"/>
      <trkpt lat="37.63091" lon="-83.80578"/>
      <trkpt lat="37.63085" lon="-83.80592"/>
      <trkpt lat="37.63084" lon="-83.80598"/>
      <trkpt lat="37.63084" lon="-83.80604"/>
      <trkpt lat="37.63091" lon="-83.80622"/>
      <trkpt lat="37.63096" lon="-83.80628"/>
      <trkpt lat="37.63112" lon="-83.8065"/>
      <trkpt lat="37.63141" lon="-83.80687"/>
      <trkpt lat="37.63166" lon="-83.80717"/>
      <trkpt lat="37.63178" lon="-83.80733"/>
      <trkpt lat="37.63186" lon="-83.80748"/>
      <trkpt lat="37.63194" lon="-83.80768"/>
      <trkpt lat="37.63206" lon="-83.808"/>
      <trkpt lat="37.63217" lon="-83.80839"/>
      <trkpt lat="37.63223" lon="-83.8087"/>
      <trkpt lat="37.63225" lon="-83.80892"/>
      <trkpt lat="37.63225" lon="-83.80901"/>
      <trkpt lat="37.63218" lon="-83.8092"/>
      <trkpt lat="37.63214" lon="-83.80925"/>
      <trkpt lat="37.63203" lon="-83.80934"/>
      <trkpt lat="37.63178" lon="-83.80951"/>
      <trkpt lat="37.63165" lon="-83.80957"/>
      <trkpt lat="37.63149" lon="-83.80963"/>
      <trkpt lat="37.63113" lon="-83.80964"/>
      <trkpt lat="37.63084" lon="-83.80961"/>
      <trkpt lat="37.63057" lon="-83.80971"/>
      <trkpt lat="37.63044" lon="-83.80979"/>
      <trkpt lat="37.63035" lon="-83.80987"/>
      <trkpt lat="37.6303" lon="-83.81002"/>
      <trkpt lat="37.63028" lon="-83.81014"/>
      <trkpt lat="37.63026" lon="-83.81058"/>
      <trkpt lat="37.63028" lon="-83.81069"/>
      <trkpt lat="37.63034" lon="-83.81091"/>
      <trkpt lat="37.6305" lon="-83.81116"/>
      <trkpt lat="37.63063" lon="-83.8113"/>
      <trkpt lat="37.6307" lon="-83.81142"/>
      <trkpt lat="37.63074" lon="-83.81154"/>
      <trkpt lat="37.63082" lon="-83.81187"/>
      <trkpt lat="37.63087" lon="-83.81202"/>
      <trkpt lat="37.63093" lon="-83.81213"/>
      <trkpt lat="37.6311" lon="-83.81242"/>
      <trkpt lat="37.63112" lon="-83.81246"/>
      <trkpt lat="37.63115" lon="-83.81255"/>
      <trkpt lat="37.63115" lon="-83.81263"/>
      <trkpt lat="37.63113" lon="-83.81269"/>
      <trkpt lat="37.63097" lon="-83.81281"/>
      <trkpt lat="37.63064" lon="-83.81303"/>
      <trkpt lat="37.63047" lon="-83.81323"/>
      <trkpt lat="37.6303" lon="-83.81339"/>
      <trkpt lat="37.63005" lon="-83.81355"/>
      <trkpt lat="37.62985" lon="-83.81365"/>
      <trkpt lat="37.62963" lon="-83.81375"/>
      <trkpt lat="37.62922" lon="-83.81389"/>
      <trkpt lat="37.6289" lon="-83.81403"/>
      <trkpt lat="37.62867" lon="-83.81416"/>
      <trkpt lat="37.62846" lon="-83.8143"/>
      <trkpt lat="37.62822" lon="-83.81449"/>
      <trkpt lat="37.62811" lon="-83.81454"/>
      <trkpt lat="37.62805" lon="-83.81454"/>
      <trkpt lat="37.628" lon="-83.81451"/>
      <trkpt lat="37.62789" lon="-83.81444"/>
      <trkpt lat="37.62779" lon="-83.81437"/>
      <trkpt lat="37.62772" lon="-83.81428"/>
      <trkpt lat="37.62765" lon="-83.81418"/>
      <trkpt lat="37.6276" lon="-83.81407"/>
      <trkpt lat="37.62759" lon="-83.81399"/>
      <trkpt lat="37.62759" lon="-83.81375"/>
      <trkpt lat="37.62756" lon="-83.81363"/>
      <trkpt lat="37.62752" lon="-83.81355"/>
      <trkpt lat="37.62744" lon="-83.81351"/>
      <trkpt lat="37.62737" lon="-83.81349"/>
      <trkpt lat="37.62711" lon="-83.81346"/>
      <trkpt lat="37.62689" lon="-83.81349"/>
      <trkpt lat="37.62688" lon="-83.81338"/>
      <trkpt lat="37.6269" lon="-83.8132"/>
      <trkpt lat="37.62689" lon="-83.81308"/>
      <trkpt lat="37.62687" lon="-83.81299"/>
      <trkpt lat="37.62681" lon="-83.81283"/>
      <trkpt lat="37.62666" lon="-83.81254"/>
      <trkpt lat="37.62658" lon="-83.81234"/>
      <trkpt lat="37.62652" lon="-83.81208"/>
      <trkpt lat="37.62649" lon="-83.81177"/>
      <trkpt lat="37.6265" lon="-83.81153"/>
      <trkpt lat="37.62654" lon="-83.81112"/>
      <trkpt lat="37.62659" lon="-83.81095"/>
      <trkpt lat="37.62669" lon="-83.81062"/>
      <trkpt lat="37.62677" lon="-83.81023"/>
      <trkpt lat="37.62678" lon="-83.81011"/>
      <trkpt lat="37.62678" lon="-83.80998"/>
      <trkpt lat="37.62677" lon="-83.80993"/>
      <trkpt lat="37.62672" lon="-83.80982"/>
      <trkpt lat="37.62668" lon="-83.80978"/>
      <trkpt lat="37.62658" lon="-83.80971"/>
      <trkpt lat="37.62648" lon="-83.80966"/>
      <trkpt lat="37.62632" lon="-83.80961"/>
      <trkpt lat="37.62613" lon="-83.80952"/>
      <trkpt lat="37.62568" lon="-83.80912"/>
      <trkpt lat="37.62546" lon="-83.80887"/>
      <trkpt lat="37.62538" lon="-83.80882"/>
      <trkpt lat="37.62533" lon="-83.80882"/>
      <trkpt lat="37.62525" lon="-83.80885"/>
      <trkpt lat="37.62503" lon="-83.80908"/>
      <trkpt lat="37.62483" lon="-83.80919"/>
      <trkpt lat="37.62466" lon="-83.80927"/>
      <trkpt lat="37.62458" lon="-83.80927"/>
      <trkpt lat="37.6245" lon="-83.80925"/>
      <trkpt lat="37.6244" lon="-83.8092"/>
      <trkpt lat="37.62429" lon="-83.80913"/>
      <trkpt lat="37.62419" lon="-83.80904"/>
      <trkpt lat="37.62405" lon="-83.80889"/>
      <trkpt lat="37.62362" lon="-83.8082"/>
      <trkpt lat="37.62354" lon="-83.80809"/>
      <trkpt lat="37.62316" lon="-83.80773"/>
      <trkpt lat="37.62255" lon="-83.80702"/>
      <trkpt lat="37.62213" lon="-83.80656"/>
      <trkpt lat="37.62208" lon="-83.80649"/>
      <trkpt lat="37.62182" lon="-83.80617"/>
      <trkpt lat="37.62143" lon="-83.80579"/>
      <trkpt lat="37.62122" lon="-83.80555"/>
      <trkpt lat="37.62072" lon="-83.80503"/>
      <trkpt lat="37.62051" lon="-83.80486"/>
      <trkpt lat="37.62036" lon="-83.80477"/>
      <trkpt lat="37.62017" lon="-83.80463"/>
      <trkpt lat="37.61988" lon="-83.80446"/>
      <trkpt lat="37.61976" lon="-83.80442"/>
      <trkpt lat="37.6192" lon="-83.80433"/>
      <trkpt lat="37.6191" lon="-83.8043"/>
      <trkpt lat="37.61906" lon="-83.80427"/>
      <trkpt lat="37.61887" lon="-83.80408"/>
      <trkpt lat="37.61873" lon="-83.80393"/>
      <trkpt lat="37.61858" lon="-83.80372"/>
      <trkpt lat="37.61847" lon="-83.80354"/>
      <trkpt lat="37.6183" lon="-83.80333"/>
      <trkpt lat="37.61822" lon="-83.80326"/>
      <trkpt lat="37.61809" lon="-83.80318"/>
      <trkpt lat="37.61784" lon="-83.80308"/>
      <trkpt lat="37.61773" lon="-83.80304"/>
      <trkpt lat="37.61765" lon="-83.80302"/>
      <trkpt lat="37.61751" lon="-83.80301"/>
      <trkpt lat="37.61712" lon="-83.80313"/>
      <trkpt lat="37.61702" lon="-83.80313"/>
      <trkpt lat="37.61661" lon="-83.80307"/>
      <trkpt lat="37.61634" lon="-83.803"/>
      <trkpt lat="37.61612" lon="-83.80302"/>
      <trkpt lat="37.61596" lon="-83.80305"/>
      <trkpt lat="37.61578" lon="-83.80305"/>
      <trkpt lat="37.61561" lon="-83.80303"/>
      <trkpt lat="37.61511" lon="-83.80291"/>
      <trkpt lat="37.61488" lon="-83.80288"/>
      <trkpt lat="37.61464" lon="-83.80287"/>
      <trkpt lat="37.61439" lon="-83.80287"/>
      <trkpt lat="37.61368" lon="-83.80294"/>
      <trkpt lat="37.61363" lon="-83.80294"/>
      <trkpt lat="37.61354" lon="-83.80291"/>
      <trkpt lat="37.6131" lon="-83.80275"/>
      <trkpt lat="37.61284" lon="-83.80265"/>
      <trkpt lat="37.61271" lon="-83.80257"/>
      <trkpt lat="37.61256" lon="-83.80245"/>
      <trkpt lat="37.61242" lon="-83.80233"/>
      <trkpt lat="37.61228" lon="-83.80221"/>
      <trkpt lat="37.61238" lon="-83.80204"/>
      <trkpt lat="37.61246" lon="-83.80188"/>
      <trkpt lat="37.61255" lon="-83.8017"/>
      <trkpt lat="37.61269" lon="-83.8014"/>
      <trkpt lat="37.61281" lon="-83.80108"/>
      <trkpt lat="37.61291" lon="-83.80064"/>
      <trkpt lat="37.61292" lon="-83.80046"/>
      <trkpt lat="37.61294" lon="-83.80003"/>
      <trkpt lat="37.61294" lon="-83.79988"/>
      <trkpt lat="37.61293" lon="-83.79977"/>
      <trkpt lat="37.61288" lon="-83.79962"/>
      <trkpt lat="37.61283" lon="-83.79951"/>
      <trkpt lat="37.61253" lon="-83.79913"/>
      <trkpt lat="37.61233" lon="-83.79893"/>
      <trkpt lat="37.6121" lon="-83.79873"/>
      <trkpt lat="37.61177" lon="-83.7984"/>
      <trkpt lat="37.6116" lon="-83.79827"/>
      <trkpt lat="37.6114" lon="-83.7982"/>
      <trkpt lat="37.61116" lon="-83.79809"/>
      <trkpt lat="37.61095" lon="-83.79795"/>
      <trkpt lat="37.61078" lon="-83.79776"/>
      <trkpt lat="37.61056" lon="-83.7975"/>
      <trkpt lat="37.6104" lon="-83.79725"/>
      <trkpt lat="37.61034" lon="-83.79712"/>
      <trkpt lat="37.61031" lon="-83.79705"/>
      <trkpt lat="37.61022" lon="-83.79676"/>
      <trkpt lat="37.61018" lon="-83.79661"/>
      <trkpt lat="37.61018" lon="-83.79657"/>
      <trkpt lat="37.61022" lon="-83.79617"/>
      <trkpt lat="37.61026" lon="-83.796"/>
      <trkpt lat="37.6103" lon="-83.79588"/>
      <trkpt lat="37.61035" lon="-83.79576"/>
      <trkpt lat="37.61036" lon="-83.79571"/>
      <trkpt lat="37.61058" lon="-83.79538"/>
      <trkpt lat="37.61067" lon="-83.79509"/>
      <trkpt lat="37.61069" lon="-83.795"/>
      <trkpt lat="37.61074" lon="-83.79462"/>
      <trkpt lat="37.61072" lon="-83.79445"/>
      <trkpt lat="37.61068" lon="-83.79432"/>
      <trkpt lat="37.61062" lon="-83.7942"/>
      <trkpt lat="37.61056" lon="-83.79398"/>
      <trkpt lat="37.61071" lon="-83.79392"/>
      <trkpt lat="37.61087" lon="-83.79384"/>
      <trkpt lat="37.61137" lon="-83.79351"/>
      <trkpt lat="37.61159" lon="-83.79338"/>
      <trkpt lat="37.61174" lon="-83.7933"/>
      <trkpt lat="37.61187" lon="-83.79325"/>
      <trkpt lat="37.612" lon="-83.79322"/>
      <trkpt lat="37.61208" lon="-83.79321"/>
      <trkpt lat="37.61226" lon="-83.79321"/>
      <trkpt lat="37.61238" lon="-83.79322"/>
      <trkpt lat="37.61271" lon="-83.79329"/>
      <trkpt lat="37.61298" lon="-83.79332"/>
      <trkpt lat="37.61318" lon="-83.79333"/>
      <trkpt lat="37.61328" lon="-83.79333"/>
      <trkpt lat="37.61342" lon="-83.7933"/>
      <trkpt lat="37.61356" lon="-83.79326"/>
      <trkpt lat="37.61371" lon="-83.79319"/>
      <trkpt lat="37.61381" lon="-83.79313"/>
      <trkpt lat="37.61393" lon="-83.79305"/>
      <trkpt lat="37.61405" lon="-83.79297"/>
      <trkpt lat="37.61428" lon="-83.79281"/>
      <trkpt lat="37.61456" lon="-83.79264"/>
      <trkpt lat="37.61479" lon="-83.79259"/>
      <trkpt lat="37.61502" lon="-83.7926"/>
      <trkpt lat="37.61518" lon="-83.79267"/>
      <trkpt lat="37.61533" lon="-83.79275"/>
      <trkpt lat="37.61543" lon="-83.79283"/>
      <trkpt lat="37.61558" lon="-83.79299"/>
      <trkpt lat="37.61583" lon="-83.79324"/>
      <trkpt lat="37.61595" lon="-83.79335"/>
      <trkpt lat="37.61613" lon="-83.7935"/>
      <trkpt lat="37.61635" lon="-83.79366"/>
      <trkpt lat="37.61649" lon="-83.79376"/>
      <trkpt lat="37.61697" lon="-83.79405"/>
      <trkpt lat="37.61791" lon="-83.79464"/>
      <trkpt lat="37.6182" lon="-83.79481"/>
      <trkpt lat="37.61839" lon="-83.79491"/>
      <trkpt lat="37.61853" lon="-83.79497"/>
      <trkpt lat="37.61876" lon="-83.79502"/>
      <trkpt lat="37.61891" lon="-83.79503"/>
      <trkpt lat="37.61904" lon="-83.79503"/>
      <trkpt lat="37.61956" lon="-83.79499"/>
      <trkpt lat="37.61964" lon="-83.79498"/>
      <trkpt lat="37.61983" lon="-83.79499"/>
      <trkpt lat="37.61996" lon="-83.79502"/>
      <trkpt lat="37.62006" lon="-83.79504"/>
      <trkpt lat="37.62017" lon="-83.79508"/>
      <trkpt lat="37.62045" lon="-83.7952"/>
      <trkpt lat="37.62061" lon="-83.79528"/>
      <trkpt lat="37.62115" lon="-83.79559"/>
      <trkpt lat="37.62127" lon="-83.79565"/>
      <trkpt lat="37.62139" lon="-83.7957"/>
      <trkpt lat="37.62148" lon="-83.79572"/>
      <trkpt lat="37.62163" lon="-83.79574"/>
      <trkpt lat="37.62178" lon="-83.79572"/>
      <trkpt lat="37.62187" lon="-83.79569"/>
      <trkpt lat="37.62192" lon="-83.79567"/>
      <trkpt lat="37.62198" lon="-83.79563"/>
      <trkpt lat="37.62204" lon="-83.79558"/>
      <trkpt lat="37.62216" lon="-83.79548"/>
      <trkpt lat="37.6222" lon="-83.79541"/>
      <trkpt lat="37.62227" lon="-83.79529"/>
      <trkpt lat="37.62233" lon="-83.79515"/>
      <trkpt lat="37.62239" lon="-83.79496"/>
      <trkpt lat="37.62244" lon="-83.79476"/>
      <trkpt lat="37.6225" lon="-83.7946"/>
      <trkpt lat="37.62253" lon="-83.79449"/>
      <trkpt lat="37.6226" lon="-83.79435"/>
      <trkpt lat="37.62268" lon="-83.7942"/>
      <trkpt lat="37.62283" lon="-83.79397"/>
      <trkpt lat="37.62306" lon="-83.79368"/>
      <trkpt lat="37.62316" lon="-83.79355"/>
      <trkpt lat="37.62324" lon="-83.7934"/>
      <trkpt lat="37.62331" lon="-83.79325"/>
      <trkpt lat="37.62334" lon="-83.79319"/>
      <trkpt lat="37.62338" lon="-83.79303"/>
      <trkpt lat="37.6234" lon="-83.79292"/>
      <trkpt lat="37.62342" lon="-83.79275"/>
      <trkpt lat="37.62343" lon="-83.79254"/>
      <trkpt lat="37.62343" lon="-83.79221"/>
      <trkpt lat="37.62344" lon="-83.79201"/>
      <trkpt lat="37.62346" lon="-83.79175"/>
      <trkpt lat="37.62349" lon="-83.79158"/>
      <trkpt lat="37.62353" lon="-83.79142"/>
      <trkpt lat="37.62356" lon="-83.79127"/>
      <trkpt lat="37.62361" lon="-83.79109"/>
      <trkpt lat="37.62375" lon="-83.79072"/>
      <trkpt lat="37.62387" lon="-83.79041"/>
      <trkpt lat="37.62397" lon="-83.79017"/>
      <trkpt lat="37.62404" lon="-83.79"/>
      <trkpt lat="37.62413" lon="-83.78984"/>
      <trkpt lat="37.6242" lon="-83.78971"/>
      <trkpt lat="37.62426" lon="-83.78962"/>
      <trkpt lat="37.62441" lon="-83.78943"/>
      <trkpt lat="37.62455" lon="-83.7893"/>
      <trkpt lat="37.62466" lon="-83.78921"/>
      <trkpt lat="37.62481" lon="-83.78912"/>
      <trkpt lat="37.62496" lon="-83.78905"/>
      <trkpt lat="37.62514" lon="-83.78897"/>
      <trkpt lat="37.62531" lon="-83.7889"/>
      <trkpt lat="37.62545" lon="-83.78883"/>
      <trkpt lat="37.62561" lon="-83.78873"/>
      <trkpt lat="37.6257" lon="-83.78867"/>
      <trkpt lat="37.62581" lon="-83.78857"/>
      <trkpt lat="37.62591" lon="-83.78846"/>
      <trkpt lat="37.62602" lon="-83.78829"/>
      <trkpt lat="37.62607" lon="-83.78818"/>
      <trkpt lat="37.62611" lon="-83.7881"/>
      <trkpt lat="37.62617" lon="-83.7879"/>
      <trkpt lat="37.62621" lon="-83.78769"/>
      <trkpt lat="37.62623" lon="-83.78749"/>
      <trkpt lat="37.62622" lon="-83.7873"/>
      <trkpt lat="37.62618" lon="-83.78711"/>
      <trkpt lat="37.62614" lon="-83.78694"/>
      <trkpt lat="37.62609" lon="-83.78682"/>
      <trkpt lat="37.62607" lon="-83.78678"/>
      <trkpt lat="37.62599" lon="-83.78663"/>
      <trkpt lat="37.6259" lon="-83.78649"/>
      <trkpt lat="37.62577" lon="-83.78635"/>
      <trkpt lat="37.62568" lon="-83.78625"/>
      <trkpt lat="37.6256" lon="-83.78618"/>
      <trkpt lat="37.62529" lon="-83.78592"/>
      <trkpt lat="37.62519" lon="-83.78581"/>
      <trkpt lat="37.6251" lon="-83.78571"/>
      <trkpt lat="37.625" lon="-83.78557"/>
      <trkpt lat="37.62491" lon="-83.78543"/>
      <trkpt lat="37.62484" lon="-83.78529"/>
      <trkpt lat="37.62478" lon="-83.78516"/>
      <trkpt lat="37.62473" lon="-83.78498"/>
      <trkpt lat="37.62462" lon="-83.78465"/>
      <trkpt lat="37.62455" lon="-83.78447"/>
      <trkpt lat="37.6245" lon="-83.78437"/>
      <trkpt lat="37.62446" lon="-83.78431"/>
      <trkpt lat="37.62431" lon="-83.78413"/>
      <trkpt lat="37.62426" lon="-83.78409"/>
      <trkpt lat="37.62421" lon="-83.78404"/>
      <trkpt lat="37.62408" lon="-83.78396"/>
      <trkpt lat="37.62393" lon="-83.78389"/>
      <trkpt lat="37.62367" lon="-83.78378"/>
      <trkpt lat="37.62354" lon="-83.78372"/>
      <trkpt lat="37.62338" lon="-83.78362"/>
      <trkpt lat="37.62328" lon="-83.78354"/>
      <trkpt lat="37.62318" lon="-83.78343"/>
      <trkpt lat="37.62309" lon="-83.78331"/>
      <trkpt lat="37.62299" lon="-83.78315"/>
      <trkpt lat="37.62293" lon="-83.78303"/>
      <trkpt lat="37.62287" lon="-83.78289"/>
      <trkpt lat="37.62282" lon="-83.78273"/>
      <trkpt lat="37.62279" lon="-83.7826"/>
      <trkpt lat="37.62276" lon="-83.7825"/>
      <trkpt lat="37.62275" lon="-83.78236"/>
      <trkpt lat="37.62274" lon="-83.78224"/>
      <trkpt lat="37.62274" lon="-83.78207"/>
      <trkpt lat="37.62276" lon="-83.7819"/>
      <trkpt lat="37.62278" lon="-83.78182"/>
      <trkpt lat="37.62282" lon="-83.78165"/>
      <trkpt lat="37.62288" lon="-83.78149"/>
      <trkpt lat="37.62296" lon="-83.78131"/>
      <trkpt lat="37.62308" lon="-83.78107"/>
      <trkpt lat="37.62388" lon="-83.77951"/>
      <trkpt lat="37.6242" lon="-83.77888"/>
      <trkpt lat="37.62428" lon="-83.77871"/>
      <trkpt lat="37.62433" lon="-83.77858"/>
      <trkpt lat="37.62433" lon="-83.77858"/>
    </trkseg>
  </trk>
</gpx>
