<?xml version="1.0"?>
<gpx version="1.1" xmlns="http://www.topografix.com/GPX/1/1" xmlns:xsi="http://www.w3.org/2001/XMLSchema-instance">
	<metadata>
		<link href="https://www.garmin.com">
			<text>Garmin Tread App™</text>
		</link>
		<time>1970-01-01T00:00:00Z</time>
	</metadata>
	<trk>
		<name>Dam200</name>
		<trkseg>
			<trkpt lat="36.635026931762695" lon="-81.792076975107193" />
			<trkpt lat="36.635091975331306" lon="-81.792097929865122" />
			<trkpt lat="36.635155929252505" lon="-81.792119974270463" />
			<trkpt lat="36.635198928415775" lon="-81.792140929028392" />
			<trkpt lat="36.635305965319276" lon="-81.792183928191662" />
			<trkpt lat="36.635305965319276" lon="-81.792183928191662" />
			<trkpt lat="36.635413924232125" lon="-81.792204966768622" />
			<trkpt lat="36.635863948613405" lon="-81.792333964258432" />
			<trkpt lat="36.636228980496526" lon="-81.792440917342901" />
			<trkpt lat="36.637086952105165" lon="-81.792719950899482" />
			<trkpt lat="36.637344947084785" lon="-81.792870992794633" />
			<trkpt lat="36.637473944574594" lon="-81.792977945879102" />
			<trkpt lat="36.638224963098764" lon="-81.793878916651011" />
			<trkpt lat="36.639704955741763" lon="-81.795702986419201" />
			<trkpt lat="36.639983989298344" lon="-81.79608897306025" />
			<trkpt lat="36.640155985951424" lon="-81.796367922797799" />
			<trkpt lat="36.640219939872622" lon="-81.79651795886457" />
			<trkpt lat="36.640305938199162" lon="-81.79683999158442" />
			<trkpt lat="36.640434935688972" lon="-81.797504927963018" />
			<trkpt lat="36.640498973429203" lon="-81.797998957335949" />
			<trkpt lat="36.640498973429203" lon="-81.799779944121838" />
			<trkpt lat="36.640434935688972" lon="-81.801367979496717" />
			<trkpt lat="36.640434935688972" lon="-81.801367979496717" />
			<trkpt lat="36.640391936525702" lon="-81.801517931744456" />
			<trkpt lat="36.640326976776123" lon="-81.801581969484687" />
			<trkpt lat="36.640241984277964" lon="-81.801667967811227" />
			<trkpt lat="36.639876952394843" lon="-81.802182951942086" />
			<trkpt lat="36.639532959088683" lon="-81.802676981315017" />
			<trkpt lat="36.639361968263984" lon="-81.802912931889296" />
			<trkpt lat="36.638803984969854" lon="-81.803663950413465" />
			<trkpt lat="36.638610949739814" lon="-81.803942983970046" />
			<trkpt lat="36.638395953923464" lon="-81.804199973121285" />
			<trkpt lat="36.638116920366883" lon="-81.804585959762335" />
			<trkpt lat="36.637816932052374" lon="-81.804972952231765" />
			<trkpt lat="36.637730933725834" lon="-81.805100943893194" />
			<trkpt lat="36.637215949594975" lon="-81.805766969919205" />
			<trkpt lat="36.636636927723885" lon="-81.806431990116835" />
			<trkpt lat="36.636228980496526" lon="-81.806860975921154" />
			<trkpt lat="36.635692957788706" lon="-81.807396998628974" />
			<trkpt lat="36.634597945958376" lon="-81.808319929987192" />
			<trkpt lat="36.633417941629887" lon="-81.809113947674632" />
			<trkpt lat="36.633267989382148" lon="-81.809220984578133" />
			<trkpt lat="36.632516970857978" lon="-81.809692969545722" />
			<trkpt lat="36.632387973368168" lon="-81.809778967872262" />
			<trkpt lat="36.631786990910769" lon="-81.810143999755383" />
			<trkpt lat="36.631464958190918" lon="-81.810315996408463" />
			<trkpt lat="36.630864981561899" lon="-81.810658983886242" />
			<trkpt lat="36.630713939666748" lon="-81.810744982212782" />
			<trkpt lat="36.629984965547919" lon="-81.81115192361176" />
			<trkpt lat="36.629683971405029" lon="-81.811302965506911" />
			<trkpt lat="36.62867596372962" lon="-81.811731951311231" />
			<trkpt lat="36.628203978762031" lon="-81.811774950474501" />
			<trkpt lat="36.627688994631171" lon="-81.811838988214731" />
			<trkpt lat="36.627516997978091" lon="-81.811860948801041" />
			<trkpt lat="36.62721692584455" lon="-81.811774950474501" />
			<trkpt lat="36.627066973596811" lon="-81.811731951311231" />
			<trkpt lat="36.626100959256291" lon="-81.811302965506911" />
			<trkpt lat="36.625885963439941" lon="-81.81119492277503" />
			<trkpt lat="36.625778926536441" lon="-81.81115192361176" />
			<trkpt lat="36.625585975125432" lon="-81.811044970527291" />
			<trkpt lat="36.625327980145812" lon="-81.810915973037481" />
			<trkpt lat="36.625263942405581" lon="-81.810894934460521" />
			<trkpt lat="36.625091945752501" lon="-81.810915973037481" />
			<trkpt lat="36.625070990994573" lon="-81.810915973037481" />
			<trkpt lat="36.625070990994573" lon="-81.810915973037481" />
			<trkpt lat="36.625027991831303" lon="-81.811044970527291" />
			<trkpt lat="36.625006953254342" lon="-81.811087969690561" />
			<trkpt lat="36.625006953254342" lon="-81.811109930276871" />
			<trkpt lat="36.625027991831303" lon="-81.811130968853831" />
			<trkpt lat="36.625049952417612" lon="-81.81115192361176" />
			<trkpt lat="36.625113990157843" lon="-81.811216967180371" />
			<trkpt lat="36.625177944079041" lon="-81.81128092110157" />
			<trkpt lat="36.625242987647653" lon="-81.81136691942811" />
			<trkpt lat="36.625285986810923" lon="-81.81145291775465" />
			<trkpt lat="36.625327980145812" lon="-81.811538999900222" />
			<trkpt lat="36.625306941568851" lon="-81.811624998226762" />
			<trkpt lat="36.625285986810923" lon="-81.811731951311231" />
			<trkpt lat="36.625263942405581" lon="-81.811817949637771" />
			<trkpt lat="36.625199988484383" lon="-81.81190294213593" />
			<trkpt lat="36.625134944915771" lon="-81.81198894046247" />
			<trkpt lat="36.625070990994573" lon="-81.812096983194351" />
			<trkpt lat="36.624963954091072" lon="-81.812267974019051" />
			<trkpt lat="36.624920954927802" lon="-81.81233293376863" />
			<trkpt lat="36.624920954927802" lon="-81.81233293376863" />
			<trkpt lat="36.624984992668033" lon="-81.812439970672131" />
			<trkpt lat="36.625049952417612" lon="-81.812503924593329" />
			<trkpt lat="36.625091945752501" lon="-81.812568968161941" />
			<trkpt lat="36.625091945752501" lon="-81.812675921246409" />
			<trkpt lat="36.625091945752501" lon="-81.812718920409679" />
			<trkpt lat="36.625027991831303" lon="-81.812761919572949" />
			<trkpt lat="36.624941993504763" lon="-81.812804918736219" />
			<trkpt lat="36.624855995178223" lon="-81.812847917899489" />
			<trkpt lat="36.624061977490783" lon="-81.81331998668611" />
			<trkpt lat="36.623997939750552" lon="-81.813426939770579" />
			<trkpt lat="36.623933985829353" lon="-81.81353397667408" />
			<trkpt lat="36.623868942260742" lon="-81.81361997500062" />
			<trkpt lat="36.623783949762583" lon="-81.813641935586929" />
			<trkpt lat="36.623718990013003" lon="-81.81366297416389" />
			<trkpt lat="36.623654952272773" lon="-81.81366297416389" />
			<trkpt lat="36.623439956456423" lon="-81.813769927248359" />
			<trkpt lat="36.623418917879462" lon="-81.813855925574899" />
			<trkpt lat="36.623396957293153" lon="-81.813919963315129" />
			<trkpt lat="36.623482955619693" lon="-81.814134959131479" />
			<trkpt lat="36.623504916206002" lon="-81.81424199603498" />
			<trkpt lat="36.623504916206002" lon="-81.81432799436152" />
			<trkpt lat="36.623418917879462" lon="-81.814477946609259" />
			<trkpt lat="36.623418917879462" lon="-81.814477946609259" />
			<trkpt lat="36.623375918716192" lon="-81.81454299017787" />
			<trkpt lat="36.623160922899842" lon="-81.814928976818919" />
			<trkpt lat="36.623117923736572" lon="-81.814992930740118" />
			<trkpt lat="36.623074924573302" lon="-81.815057974308729" />
			<trkpt lat="36.623053969815373" lon="-81.815121928229928" />
			<trkpt lat="36.623032931238413" lon="-81.815228965133429" />
			<trkpt lat="36.623074924573302" lon="-81.815336924046278" />
			<trkpt lat="36.623096968978643" lon="-81.815400961786509" />
			<trkpt lat="36.623203922063112" lon="-81.815443960949779" />
			<trkpt lat="36.623268965631723" lon="-81.815486960113049" />
			<trkpt lat="36.623332919552922" lon="-81.815507998690009" />
			<trkpt lat="36.623418917879462" lon="-81.815572958439589" />
			<trkpt lat="36.623482955619693" lon="-81.815636996179819" />
			<trkpt lat="36.623547999188304" lon="-81.815743949264288" />
			<trkpt lat="36.623611953109503" lon="-81.815851991996169" />
			<trkpt lat="36.623675990849733" lon="-81.815937990322709" />
			<trkpt lat="36.623718990013003" lon="-81.816044943407178" />
			<trkpt lat="36.623718990013003" lon="-81.816130941733718" />
			<trkpt lat="36.623718990013003" lon="-81.816237978637218" />
			<trkpt lat="36.623675990849733" lon="-81.816323976963758" />
			<trkpt lat="36.623632991686463" lon="-81.816409975290298" />
			<trkpt lat="36.623589992523193" lon="-81.816494967788458" />
			<trkpt lat="36.623525954782963" lon="-81.816580966114998" />
			<trkpt lat="36.623461917042732" lon="-81.816666964441538" />
			<trkpt lat="36.623418917879462" lon="-81.816752962768078" />
			<trkpt lat="36.623375918716192" lon="-81.816838961094618" />
			<trkpt lat="36.623332919552922" lon="-81.816945997998118" />
			<trkpt lat="36.623353958129883" lon="-81.817095950245857" />
			<trkpt lat="36.623418917879462" lon="-81.817160993814468" />
			<trkpt lat="36.623482955619693" lon="-81.817224947735667" />
			<trkpt lat="36.623547999188304" lon="-81.817310946062207" />
			<trkpt lat="36.623611953109503" lon="-81.817374983802438" />
			<trkpt lat="36.623675990849733" lon="-81.817439943552017" />
			<trkpt lat="36.623697951436043" lon="-81.817546980455518" />
			<trkpt lat="36.623697951436043" lon="-81.817610934376717" />
			<trkpt lat="36.623654952272773" lon="-81.817653933539987" />
			<trkpt lat="36.623589992523193" lon="-81.817718977108598" />
			<trkpt lat="36.623525954782963" lon="-81.817782931029797" />
			<trkpt lat="36.623461917042732" lon="-81.817868929356337" />
			<trkpt lat="36.623096968978643" lon="-81.818211916834116" />
			<trkpt lat="36.623010970652103" lon="-81.818297998979688" />
			<trkpt lat="36.622860934585333" lon="-81.818469995632768" />
			<trkpt lat="36.622817935422063" lon="-81.818490950390697" />
			<trkpt lat="36.622731937095523" lon="-81.818726984784007" />
			<trkpt lat="36.622517947107553" lon="-81.819198969751596" />
			<trkpt lat="36.622452987357974" lon="-81.819305922836065" />
			<trkpt lat="36.622388949617743" lon="-81.819477919489145" />
			<trkpt lat="36.622345950454473" lon="-81.819906989112496" />
			<trkpt lat="36.622259952127934" lon="-81.820335974916816" />
			<trkpt lat="36.622130954638124" lon="-81.820657923817635" />
			<trkpt lat="36.622130954638124" lon="-81.820657923817635" />
			<trkpt lat="36.622087955474854" lon="-81.820872919633985" />
			<trkpt lat="36.622044956311584" lon="-81.821065954864025" />
			<trkpt lat="36.622023917734623" lon="-81.821151953190565" />
			<trkpt lat="36.622023917734623" lon="-81.821151953190565" />
			<trkpt lat="36.621959963813424" lon="-81.821215990930796" />
			<trkpt lat="36.621873965486884" lon="-81.821279944851995" />
			<trkpt lat="36.621787967160344" lon="-81.821301989257336" />
			<trkpt lat="36.621701968833804" lon="-81.821322944015265" />
			<trkpt lat="36.621594931930304" lon="-81.821322944015265" />
			<trkpt lat="36.621508933603764" lon="-81.821344988420606" />
			<trkpt lat="36.621401980519295" lon="-81.821365943178535" />
			<trkpt lat="36.621336936950684" lon="-81.821365943178535" />
			<trkpt lat="36.621251944452524" lon="-81.821387987583876" />
			<trkpt lat="36.621208945289254" lon="-81.821408942341805" />
			<trkpt lat="36.621143985539675" lon="-81.821451941505075" />
			<trkpt lat="36.621143985539675" lon="-81.821451941505075" />
			<trkpt lat="36.621143985539675" lon="-81.821558978408575" />
			<trkpt lat="36.621143985539675" lon="-81.821623938158154" />
			<trkpt lat="36.621229983866215" lon="-81.821794928982854" />
			<trkpt lat="36.621487978845835" lon="-81.822202960029244" />
			<trkpt lat="36.621658969670534" lon="-81.822481993585825" />
			<trkpt lat="36.621787967160344" lon="-81.822674944996834" />
			<trkpt lat="36.621830966323614" lon="-81.822739988565445" />
			<trkpt lat="36.621851921081543" lon="-81.822824981063604" />
			<trkpt lat="36.621787967160344" lon="-81.822975939139724" />
			<trkpt lat="36.621787967160344" lon="-81.822975939139724" />
			<trkpt lat="36.621744967997074" lon="-81.823082976043224" />
			<trkpt lat="36.621615970507264" lon="-81.823189929127693" />
			<trkpt lat="36.621615970507264" lon="-81.823189929127693" />
			<trkpt lat="36.621529972180724" lon="-81.823254972696304" />
			<trkpt lat="36.621465934440494" lon="-81.823275927454233" />
			<trkpt lat="36.621336936950684" lon="-81.823275927454233" />
			<trkpt lat="36.621251944452524" lon="-81.823297971859574" />
			<trkpt lat="36.621165946125984" lon="-81.823297971859574" />
			<trkpt lat="36.621079947799444" lon="-81.823297971859574" />
			<trkpt lat="36.620993949472904" lon="-81.823297971859574" />
			<trkpt lat="36.620693961158395" lon="-81.823339965194464" />
			<trkpt lat="36.620693961158395" lon="-81.823339965194464" />
			<trkpt lat="36.620650961995125" lon="-81.823361925780773" />
			<trkpt lat="36.620628917589784" lon="-81.823382964357734" />
			<trkpt lat="36.620585918426514" lon="-81.823575999587774" />
			<trkpt lat="36.620585918426514" lon="-81.823575999587774" />
			<trkpt lat="36.620628917589784" lon="-81.823683958500624" />
			<trkpt lat="36.620693961158395" lon="-81.823769956827164" />
			<trkpt lat="36.621143985539675" lon="-81.824305979534984" />
			<trkpt lat="36.621444979682565" lon="-81.824691966176033" />
			<trkpt lat="36.621444979682565" lon="-81.824691966176033" />
			<trkpt lat="36.621465934440494" lon="-81.824906961992383" />
			<trkpt lat="36.621465934440494" lon="-81.824992960318923" />
			<trkpt lat="36.621487978845835" lon="-81.825099997222424" />
			<trkpt lat="36.621465934440494" lon="-81.825185995548964" />
			<trkpt lat="36.621444979682565" lon="-81.825292948633432" />
			<trkpt lat="36.621422935277224" lon="-81.825378946959972" />
			<trkpt lat="36.621401980519295" lon="-81.825485983863473" />
			<trkpt lat="36.621401980519295" lon="-81.825550943613052" />
			<trkpt lat="36.621379936113954" lon="-81.825635936111212" />
			<trkpt lat="36.621401980519295" lon="-81.825721934437752" />
			<trkpt lat="36.621444979682565" lon="-81.825786978006363" />
			<trkpt lat="36.621487978845835" lon="-81.825829977169633" />
			<trkpt lat="36.621529972180724" lon="-81.825914969667792" />
			<trkpt lat="36.621572971343994" lon="-81.825957968831062" />
			<trkpt lat="36.621637931093574" lon="-81.826022928580642" />
			<trkpt lat="36.621680930256844" lon="-81.826086966320872" />
			<trkpt lat="36.621723929420114" lon="-81.826193919405341" />
			<trkpt lat="36.621744967997074" lon="-81.826301962137222" />
			<trkpt lat="36.621723929420114" lon="-81.826429953798652" />
			<trkpt lat="36.621723929420114" lon="-81.826537996530533" />
			<trkpt lat="36.621658969670534" lon="-81.826687948778272" />
			<trkpt lat="36.621594931930304" lon="-81.826751986518502" />
			<trkpt lat="36.621572971343994" lon="-81.826816946268082" />
			<trkpt lat="36.621551932767034" lon="-81.826880984008312" />
			<trkpt lat="36.621529972180724" lon="-81.826966982334852" />
			<trkpt lat="36.621551932767034" lon="-81.827116934582591" />
			<trkpt lat="36.621572971343994" lon="-81.827223971486092" />
			<trkpt lat="36.621637931093574" lon="-81.827331930398941" />
			<trkpt lat="36.621701968833804" lon="-81.827395968139172" />
			<trkpt lat="36.621744967997074" lon="-81.82763191871345" />
			<trkpt lat="36.621744967997074" lon="-81.827738955616951" />
			<trkpt lat="36.621766928583384" lon="-81.827867953106761" />
			<trkpt lat="36.621980918571353" lon="-81.828189985826612" />
			<trkpt lat="36.622216952964664" lon="-81.828361982479692" />
			<trkpt lat="36.622216952964664" lon="-81.828361982479692" />
			<trkpt lat="36.622238997370005" lon="-81.828403975814581" />
			<trkpt lat="36.622259952127934" lon="-81.828489974141121" />
			<trkpt lat="36.622259952127934" lon="-81.828575972467661" />
			<trkpt lat="36.622259952127934" lon="-81.82876892387867" />
			<trkpt lat="36.622259952127934" lon="-81.82887596078217" />
			<trkpt lat="36.622259952127934" lon="-81.82900495827198" />
			<trkpt lat="36.622281996533275" lon="-81.82939094491303" />
			<trkpt lat="36.622281996533275" lon="-81.82977793738246" />
			<trkpt lat="36.622238997370005" lon="-81.829948928207159" />
			<trkpt lat="36.622195998206735" lon="-81.830034926533699" />
			<trkpt lat="36.622130954638124" lon="-81.8301419634372" />
			<trkpt lat="36.622066916897893" lon="-81.830206923186779" />
			<trkpt lat="36.621980918571353" lon="-81.83027096092701" />
			<trkpt lat="36.621830966323614" lon="-81.830378919839859" />
			<trkpt lat="36.621766928583384" lon="-81.83042099699378" />
			<trkpt lat="36.621615970507264" lon="-81.83050699532032" />
			<trkpt lat="36.621551932767034" lon="-81.8305719550699" />
			<trkpt lat="36.621487978845835" lon="-81.8306789919734" />
			<trkpt lat="36.621422935277224" lon="-81.830914942547679" />
			<trkpt lat="36.621336936950684" lon="-81.83093598112464" />
			<trkpt lat="36.621272983029485" lon="-81.830957941710949" />
			<trkpt lat="36.621208945289254" lon="-81.830957941710949" />
			<trkpt lat="36.621143985539675" lon="-81.830957941710949" />
			<trkpt lat="36.621079947799444" lon="-81.83093598112464" />
			<trkpt lat="36.621014988049865" lon="-81.83093598112464" />
			<trkpt lat="36.620886996388435" lon="-81.830914942547679" />
			<trkpt lat="36.620886996388435" lon="-81.830914942547679" />
			<trkpt lat="36.620843997225165" lon="-81.830914942547679" />
			<trkpt lat="36.620778953656554" lon="-81.83093598112464" />
			<trkpt lat="36.620778953656554" lon="-81.83093598112464" />
			<trkpt lat="36.620778953656554" lon="-81.83093598112464" />
			<trkpt lat="36.620736960321665" lon="-81.831086939200759" />
			<trkpt lat="36.620843997225165" lon="-81.831257930025458" />
			<trkpt lat="36.620972994714975" lon="-81.831386927515268" />
			<trkpt lat="36.621036948636174" lon="-81.831450965255499" />
			<trkpt lat="36.621100986376405" lon="-81.831515925005078" />
			<trkpt lat="36.621401980519295" lon="-81.831901995465159" />
			<trkpt lat="36.621422935277224" lon="-81.832030992954969" />
			<trkpt lat="36.621422935277224" lon="-81.832030992954969" />
			<trkpt lat="36.621444979682565" lon="-81.832116991281509" />
			<trkpt lat="36.621465934440494" lon="-81.832223944365978" />
			<trkpt lat="36.621422935277224" lon="-81.832459978759289" />
			<trkpt lat="36.621336936950684" lon="-81.832824926823378" />
			<trkpt lat="36.620929995551705" lon="-81.833875933662057" />
			<trkpt lat="36.620800998061895" lon="-81.834218921139836" />
			<trkpt lat="36.620821952819824" lon="-81.834283964708447" />
			<trkpt lat="36.620821952819824" lon="-81.834283964708447" />
			<trkpt lat="36.620821952819824" lon="-81.834347918629646" />
			<trkpt lat="36.620886996388435" lon="-81.834390917792916" />
			<trkpt lat="36.620929995551705" lon="-81.834390917792916" />
			<trkpt lat="36.620993949472904" lon="-81.834390917792916" />
			<trkpt lat="36.621079947799444" lon="-81.834347918629646" />
			<trkpt lat="36.621315982192755" lon="-81.834154967218637" />
			<trkpt lat="36.621401980519295" lon="-81.834090929478407" />
			<trkpt lat="36.621744967997074" lon="-81.833832934498787" />
			<trkpt lat="36.621808921918273" lon="-81.833811979740858" />
			<trkpt lat="36.621851921081543" lon="-81.833789935335517" />
			<trkpt lat="36.621873965486884" lon="-81.833789935335517" />
			<trkpt lat="36.621916964650154" lon="-81.833789935335517" />
			<trkpt lat="36.621980918571353" lon="-81.833897978067398" />
			<trkpt lat="36.622002962976694" lon="-81.834004931151867" />
			<trkpt lat="36.622066916897893" lon="-81.834347918629646" />
			<trkpt lat="36.622109999880195" lon="-81.834476999938488" />
			<trkpt lat="36.622152999043465" lon="-81.834562998265028" />
			<trkpt lat="36.622130954638124" lon="-81.834798948839307" />
			<trkpt lat="36.622066916897893" lon="-81.834905985742807" />
			<trkpt lat="36.622023917734623" lon="-81.834991984069347" />
			<trkpt lat="36.621937919408083" lon="-81.835120981559157" />
			<trkpt lat="36.621851921081543" lon="-81.835206979885697" />
			<trkpt lat="36.621379936113954" lon="-81.835763957351446" />
			<trkpt lat="36.620993949472904" lon="-81.836364939808846" />
			<trkpt lat="36.620950950309634" lon="-81.836493937298656" />
			<trkpt lat="36.620907951146364" lon="-81.836622934788465" />
			<trkpt lat="36.620907951146364" lon="-81.836708933115005" />
			<trkpt lat="36.620929995551705" lon="-81.836815970018506" />
			<trkpt lat="36.620950950309634" lon="-81.836922923102975" />
			<trkpt lat="36.621079947799444" lon="-81.837115958333015" />
			<trkpt lat="36.621165946125984" lon="-81.837287954986095" />
			<trkpt lat="36.621165946125984" lon="-81.837287954986095" />
			<trkpt lat="36.621229983866215" lon="-81.837416952475905" />
			<trkpt lat="36.621229983866215" lon="-81.837480990216136" />
			<trkpt lat="36.621229983866215" lon="-81.837480990216136" />
			<trkpt lat="36.621229983866215" lon="-81.837566988542676" />
			<trkpt lat="36.621229983866215" lon="-81.837652986869216" />
			<trkpt lat="36.621186984702945" lon="-81.837716940790415" />
			<trkpt lat="36.620972994714975" lon="-81.838252963498235" />
			<trkpt lat="36.620864951983094" lon="-81.838446920737624" />
			<trkpt lat="36.620800998061895" lon="-81.838446920737624" />
			<trkpt lat="36.620714999735355" lon="-81.838467959314585" />
			<trkpt lat="36.620714999735355" lon="-81.838467959314585" />
			<trkpt lat="36.620628917589784" lon="-81.838467959314585" />
			<trkpt lat="36.620542919263244" lon="-81.838489919900894" />
			<trkpt lat="36.620457926765084" lon="-81.838574996218085" />
			<trkpt lat="36.620392967015505" lon="-81.838660994544625" />
			<trkpt lat="36.620371928438544" lon="-81.838767947629094" />
			<trkpt lat="36.620349967852235" lon="-81.838875990360975" />
			<trkpt lat="36.620328929275274" lon="-81.838982943445444" />
			<trkpt lat="36.620306968688965" lon="-81.839111940935254" />
			<trkpt lat="36.620285930112004" lon="-81.839240938425064" />
			<trkpt lat="36.620221976190805" lon="-81.839325930923223" />
			<trkpt lat="36.620156932622194" lon="-81.839411929249763" />
			<trkpt lat="36.620027935132384" lon="-81.839540926739573" />
			<trkpt lat="36.620027935132384" lon="-81.839540926739573" />
			<trkpt lat="36.619963981211185" lon="-81.839561965316534" />
			<trkpt lat="36.619877982884645" lon="-81.839583925902843" />
			<trkpt lat="36.619770945981145" lon="-81.839604964479804" />
			<trkpt lat="36.619598949328065" lon="-81.839647963643074" />
			<trkpt lat="36.619491996243596" lon="-81.839669924229383" />
			<trkpt lat="36.619491996243596" lon="-81.839669924229383" />
			<trkpt lat="36.619427958503366" lon="-81.839733961969614" />
			<trkpt lat="36.619405997917056" lon="-81.839776961132884" />
			<trkpt lat="36.619598949328065" lon="-81.840484980493784" />
			<trkpt lat="36.619641948491335" lon="-81.840548934414983" />
			<trkpt lat="36.619684947654605" lon="-81.840613977983594" />
			<trkpt lat="36.619727946817875" lon="-81.840677931904793" />
			<trkpt lat="36.619770945981145" lon="-81.840720931068063" />
			<trkpt lat="36.619770945981145" lon="-81.840892927721143" />
			<trkpt lat="36.619791984558105" lon="-81.840978926047683" />
			<trkpt lat="36.619791984558105" lon="-81.840978926047683" />
			<trkpt lat="36.619791984558105" lon="-81.841085962951183" />
			<trkpt lat="36.619727946817875" lon="-81.841171961277723" />
			<trkpt lat="36.619684947654605" lon="-81.841257959604263" />
			<trkpt lat="36.619598949328065" lon="-81.841364996507764" />
			<trkpt lat="36.619341960176826" lon="-81.841772943735123" />
			<trkpt lat="36.619276916608214" lon="-81.841857936233282" />
			<trkpt lat="36.619105925783515" lon="-81.842759996652603" />
			<trkpt lat="36.619169963523746" lon="-81.842887988314033" />
			<trkpt lat="36.619169963523746" lon="-81.842887988314033" />
			<trkpt lat="36.619191924110055" lon="-81.842952948063612" />
			<trkpt lat="36.619212962687016" lon="-81.843016985803843" />
			<trkpt lat="36.619276916608214" lon="-81.843059984967113" />
			<trkpt lat="36.619319999590516" lon="-81.843102984130383" />
			<trkpt lat="36.619384959340096" lon="-81.843145983293653" />
			<trkpt lat="36.619427958503366" lon="-81.843145983293653" />
			<trkpt lat="36.619512951001525" lon="-81.843166938051581" />
			<trkpt lat="36.619706992059946" lon="-81.843166938051581" />
			<trkpt lat="36.619813945144415" lon="-81.843166938051581" />
			<trkpt lat="36.620006980374455" lon="-81.843188982456923" />
			<trkpt lat="36.620092978700995" lon="-81.843188982456923" />
			<trkpt lat="36.620178977027535" lon="-81.843209937214851" />
			<trkpt lat="36.620371928438544" lon="-81.843274980783463" />
			<trkpt lat="36.620542919263244" lon="-81.843424933031201" />
			<trkpt lat="36.620650961995125" lon="-81.843595923855901" />
			<trkpt lat="36.620650961995125" lon="-81.843595923855901" />
			<trkpt lat="36.620736960321665" lon="-81.843789964914322" />
			<trkpt lat="36.620736960321665" lon="-81.843789964914322" />
			<trkpt lat="36.620778953656554" lon="-81.843874957412481" />
			<trkpt lat="36.620800998061895" lon="-81.843982916325331" />
			<trkpt lat="36.620843997225165" lon="-81.844089953228831" />
			<trkpt lat="36.620886996388435" lon="-81.844196990132332" />
			<trkpt lat="36.621014988049865" lon="-81.844368986785412" />
			<trkpt lat="36.621057987213135" lon="-81.844432940706611" />
			<trkpt lat="36.621079947799444" lon="-81.844497984275222" />
			<trkpt lat="36.621057987213135" lon="-81.844583982601762" />
			<trkpt lat="36.621036948636174" lon="-81.844647936522961" />
			<trkpt lat="36.620929995551705" lon="-81.844711974263191" />
			<trkpt lat="36.620843997225165" lon="-81.844776934012771" />
			<trkpt lat="36.620650961995125" lon="-81.84486192651093" />
			<trkpt lat="36.620263969525695" lon="-81.84507692232728" />
			<trkpt lat="36.620113933458924" lon="-81.84516292065382" />
			<trkpt lat="36.620113933458924" lon="-81.84516292065382" />
			<trkpt lat="36.619942942634225" lon="-81.84511992149055" />
			<trkpt lat="36.619942942634225" lon="-81.84511992149055" />
			<trkpt lat="36.619856944307685" lon="-81.845097960904241" />
			<trkpt lat="36.619770945981145" lon="-81.845055967569351" />
			<trkpt lat="36.619684947654605" lon="-81.84503392316401" />
			<trkpt lat="36.619577994570136" lon="-81.845012968406081" />
			<trkpt lat="36.619470957666636" lon="-81.84499092400074" />
			<trkpt lat="36.619362998753786" lon="-81.845012968406081" />
			<trkpt lat="36.619105925783515" lon="-81.845055967569351" />
			<trkpt lat="36.619105925783515" lon="-81.845055967569351" />
			<trkpt lat="36.619062926620245" lon="-81.845055967569351" />
			<trkpt lat="36.619040966033936" lon="-81.845055967569351" />
			<trkpt lat="36.619040966033936" lon="-81.845055967569351" />
			<trkpt lat="36.619019927456975" lon="-81.845140960067511" />
			<trkpt lat="36.619040966033936" lon="-81.84524891898036" />
			<trkpt lat="36.619062926620245" lon="-81.845355955883861" />
			<trkpt lat="36.619169963523746" lon="-81.845806986093521" />
			<trkpt lat="36.619191924110055" lon="-81.845934977754951" />
			<trkpt lat="36.619191924110055" lon="-81.8460429366678" />
			<trkpt lat="36.619083965197206" lon="-81.84649296104908" />
			<trkpt lat="36.618912974372506" lon="-81.84681499376893" />
			<trkpt lat="36.618783976882696" lon="-81.847265940159559" />
			<trkpt lat="36.618697978556156" lon="-81.847436930984259" />
			<trkpt lat="36.618611980229616" lon="-81.847565928474069" />
			<trkpt lat="36.618547942489386" lon="-81.847608927637339" />
			<trkpt lat="36.618482982739806" lon="-81.847651926800609" />
			<trkpt lat="36.618440989404917" lon="-81.847651926800609" />
			<trkpt lat="36.618375945836306" lon="-81.84763097204268" />
			<trkpt lat="36.618375945836306" lon="-81.84763097204268" />
			<trkpt lat="36.618289947509766" lon="-81.847608927637339" />
			<trkpt lat="36.618182994425297" lon="-81.847651926800609" />
			<trkpt lat="36.618075957521796" lon="-81.847758963704109" />
			<trkpt lat="36.618032958358526" lon="-81.847866922616959" />
			<trkpt lat="36.617989959195256" lon="-81.847973959520459" />
			<trkpt lat="36.617925921455026" lon="-81.84808099642396" />
			<trkpt lat="36.617796923965216" lon="-81.848359946161509" />
			<trkpt lat="36.617624927312136" lon="-81.848702933639288" />
			<trkpt lat="36.617581928148866" lon="-81.848874930292368" />
			<trkpt lat="36.617581928148866" lon="-81.848874930292368" />
			<trkpt lat="36.617646971717477" lon="-81.849067965522408" />
			<trkpt lat="36.618161955848336" lon="-81.849518995732069" />
			<trkpt lat="36.618225993588567" lon="-81.849604994058609" />
			<trkpt lat="36.618289947509766" lon="-81.849668947979808" />
			<trkpt lat="36.618354991078377" lon="-81.849754946306348" />
			<trkpt lat="36.618697978556156" lon="-81.850119978189468" />
			<trkpt lat="36.618761932477355" lon="-81.850183932110667" />
			<trkpt lat="36.618890929967165" lon="-81.850419966503978" />
			<trkpt lat="36.618955973535776" lon="-81.850548963993788" />
			<trkpt lat="36.618955973535776" lon="-81.850548963993788" />
			<trkpt lat="36.618976928293705" lon="-81.850612917914987" />
			<trkpt lat="36.618955973535776" lon="-81.850655917078257" />
			<trkpt lat="36.618933929130435" lon="-81.850741999223828" />
			<trkpt lat="36.618912974372506" lon="-81.850827997550368" />
			<trkpt lat="36.618826976045966" lon="-81.850913995876908" />
			<trkpt lat="36.618783976882696" lon="-81.850955989211798" />
			<trkpt lat="36.618740977719426" lon="-81.851063948124647" />
			<trkpt lat="36.618761932477355" lon="-81.851149946451187" />
			<trkpt lat="36.618826976045966" lon="-81.851256983354688" />
			<trkpt lat="36.618890929967165" lon="-81.851299982517958" />
			<trkpt lat="36.619019927456975" lon="-81.851406935602427" />
			<trkpt lat="36.619276916608214" lon="-81.851621931418777" />
			<trkpt lat="36.619276916608214" lon="-81.851621931418777" />
			<trkpt lat="36.619362998753786" lon="-81.851685969159007" />
			<trkpt lat="36.619727946817875" lon="-81.851900964975357" />
			<trkpt lat="36.619770945981145" lon="-81.851942958310246" />
			<trkpt lat="36.619813945144415" lon="-81.851964918896556" />
			<trkpt lat="36.619813945144415" lon="-81.851964918896556" />
			<trkpt lat="36.619856944307685" lon="-81.852028956636786" />
			<trkpt lat="36.619856944307685" lon="-81.852028956636786" />
			<trkpt lat="36.619877982884645" lon="-81.852093916386366" />
			<trkpt lat="36.619963981211185" lon="-81.852307990193367" />
			<trkpt lat="36.620006980374455" lon="-81.852393988519907" />
			<trkpt lat="36.620027935132384" lon="-81.852500941604376" />
			<trkpt lat="36.620049979537725" lon="-81.852694982662797" />
			<trkpt lat="36.620049979537725" lon="-81.852694982662797" />
			<trkpt lat="36.620027935132384" lon="-81.852779975160956" />
			<trkpt lat="36.619942942634225" lon="-81.852972926571965" />
			<trkpt lat="36.619899943470955" lon="-81.853037970140576" />
			<trkpt lat="36.619899943470955" lon="-81.853037970140576" />
			<trkpt lat="36.619770945981145" lon="-81.853166967630386" />
			<trkpt lat="36.619770945981145" lon="-81.853166967630386" />
			<trkpt lat="36.619684947654605" lon="-81.853208960965276" />
			<trkpt lat="36.619620993733406" lon="-81.853230921551585" />
			<trkpt lat="36.619534995406866" lon="-81.853273920714855" />
			<trkpt lat="36.619470957666636" lon="-81.853294959291816" />
			<trkpt lat="36.619319999590516" lon="-81.853294959291816" />
			<trkpt lat="36.619083965197206" lon="-81.853294959291816" />
			<trkpt lat="36.619083965197206" lon="-81.853294959291816" />
			<trkpt lat="36.618997966870666" lon="-81.853316919878125" />
			<trkpt lat="36.618933929130435" lon="-81.853359919041395" />
			<trkpt lat="36.618869975209236" lon="-81.853445917367935" />
			<trkpt lat="36.618740977719426" lon="-81.853573992848396" />
			<trkpt lat="36.618740977719426" lon="-81.853573992848396" />
			<trkpt lat="36.618676939979196" lon="-81.853659991174936" />
			<trkpt lat="36.618611980229616" lon="-81.853723945096135" />
			<trkpt lat="36.618568981066346" lon="-81.853831987828016" />
			<trkpt lat="36.618525981903076" lon="-81.854002978652716" />
			<trkpt lat="36.618525981903076" lon="-81.854002978652716" />
			<trkpt lat="36.618590941652656" lon="-81.854217974469066" />
			<trkpt lat="36.618654979392886" lon="-81.854346971958876" />
			<trkpt lat="36.618654979392886" lon="-81.854346971958876" />
			<trkpt lat="36.618933929130435" lon="-81.854947954416275" />
			<trkpt lat="36.618933929130435" lon="-81.854947954416275" />
			<trkpt lat="36.618955973535776" lon="-81.855075946077704" />
			<trkpt lat="36.618997966870666" lon="-81.855354979634285" />
			<trkpt lat="36.618976928293705" lon="-81.855633929371834" />
			<trkpt lat="36.618955973535776" lon="-81.855719927698374" />
			<trkpt lat="36.618955973535776" lon="-81.855805926024914" />
			<trkpt lat="36.618933929130435" lon="-81.855912962928414" />
			<trkpt lat="36.618955973535776" lon="-81.856019999831915" />
			<trkpt lat="36.619019927456975" lon="-81.856234995648265" />
			<trkpt lat="36.619040966033936" lon="-81.856298949569464" />
			<trkpt lat="36.619040966033936" lon="-81.856406992301345" />
			<trkpt lat="36.619019927456975" lon="-81.856470946222544" />
			<trkpt lat="36.618997966870666" lon="-81.856556944549084" />
			<trkpt lat="36.618933929130435" lon="-81.856792978942394" />
			<trkpt lat="36.618933929130435" lon="-81.856792978942394" />
			<trkpt lat="36.618869975209236" lon="-81.857007974758744" />
			<trkpt lat="36.618719939142466" lon="-81.857479959726334" />
			<trkpt lat="36.618719939142466" lon="-81.857479959726334" />
			<trkpt lat="36.618697978556156" lon="-81.857564952224493" />
			<trkpt lat="36.618676939979196" lon="-81.857800986617804" />
			<trkpt lat="36.618676939979196" lon="-81.857800986617804" />
			<trkpt lat="36.618761932477355" lon="-81.858015982434154" />
			<trkpt lat="36.618869975209236" lon="-81.858337931334972" />
			<trkpt lat="36.618890929967165" lon="-81.858401969075203" />
			<trkpt lat="36.618890929967165" lon="-81.858509927988052" />
			<trkpt lat="36.618869975209236" lon="-81.858702963218093" />
			<trkpt lat="36.618869975209236" lon="-81.858702963218093" />
			<trkpt lat="36.618761932477355" lon="-81.859024995937943" />
			<trkpt lat="36.618761932477355" lon="-81.859024995937943" />
			<trkpt lat="36.618740977719426" lon="-81.859324984252453" />
			<trkpt lat="36.618697978556156" lon="-81.859667971730232" />
			<trkpt lat="36.618676939979196" lon="-81.859925966709852" />
			<trkpt lat="36.618375945836306" lon="-81.860568942502141" />
			<trkpt lat="36.618225993588567" lon="-81.860697939991951" />
			<trkpt lat="36.618075957521796" lon="-81.860826937481761" />
			<trkpt lat="36.617968920618296" lon="-81.860890975221992" />
			<trkpt lat="36.617882922291756" lon="-81.860976973548532" />
			<trkpt lat="36.617474975064397" lon="-81.86125592328608" />
			<trkpt lat="36.617453936487436" lon="-81.86134192161262" />
			<trkpt lat="36.617453936487436" lon="-81.86134192161262" />
			<trkpt lat="36.617495929822326" lon="-81.861405959352851" />
			<trkpt lat="36.617538928985596" lon="-81.86142791993916" />
			<trkpt lat="36.617603972554207" lon="-81.86147091910243" />
			<trkpt lat="36.618118956685066" lon="-81.861663954332471" />
			<trkpt lat="36.618204955011606" lon="-81.861684992909431" />
			<trkpt lat="36.618268992751837" lon="-81.861706953495741" />
			<trkpt lat="36.618332946673036" lon="-81.861749952659011" />
			<trkpt lat="36.618354991078377" lon="-81.86183494515717" />
			<trkpt lat="36.618375945836306" lon="-81.861899988725781" />
			<trkpt lat="36.618397990241647" lon="-81.86192094348371" />
			<trkpt lat="36.618375945836306" lon="-81.862028986215591" />
			<trkpt lat="36.618354991078377" lon="-81.86209294013679" />
			<trkpt lat="36.618268992751837" lon="-81.862156977877021" />
			<trkpt lat="36.618182994425297" lon="-81.862199977040291" />
			<trkpt lat="36.617839923128486" lon="-81.86230793595314" />
			<trkpt lat="36.617731964215636" lon="-81.86234992928803" />
			<trkpt lat="36.617646971717477" lon="-81.862414972856641" />
			<trkpt lat="36.617474975064397" lon="-81.86256492510438" />
			<trkpt lat="36.617109943181276" lon="-81.86273692175746" />
			<trkpt lat="36.617023944854736" lon="-81.86280095949769" />
			<trkpt lat="36.616959990933537" lon="-81.862864997237921" />
			<trkpt lat="36.616895953193307" lon="-81.862950995564461" />
			<trkpt lat="36.616809954866767" lon="-81.863036993891001" />
			<trkpt lat="36.616744995117188" lon="-81.863122992217541" />
			<trkpt lat="36.616702917963266" lon="-81.863294988870621" />
			<trkpt lat="36.616702917963266" lon="-81.863294988870621" />
			<trkpt lat="36.616659918799996" lon="-81.86348794028163" />
			<trkpt lat="36.616659918799996" lon="-81.86348794028163" />
			<trkpt lat="36.616616919636726" lon="-81.86357393860817" />
			<trkpt lat="36.616616919636726" lon="-81.86357393860817" />
			<trkpt lat="36.616487922146916" lon="-81.8636379763484" />
			<trkpt lat="36.616423968225718" lon="-81.863658931106329" />
			<trkpt lat="36.616229927167296" lon="-81.863744929432869" />
			<trkpt lat="36.616229927167296" lon="-81.863744929432869" />
			<trkpt lat="36.616036975756288" lon="-81.863873926922679" />
			<trkpt lat="36.616036975756288" lon="-81.863873926922679" />
			<trkpt lat="36.615993976593018" lon="-81.86398096382618" />
			<trkpt lat="36.615929938852787" lon="-81.864088922739029" />
			<trkpt lat="36.615886939689517" lon="-81.86417399905622" />
			<trkpt lat="36.615843940526247" lon="-81.864238958805799" />
			<trkpt lat="36.615800941362977" lon="-81.86430299654603" />
			<trkpt lat="36.615736987441778" lon="-81.864366950467229" />
			<trkpt lat="36.615650989115238" lon="-81.86438899487257" />
			<trkpt lat="36.615586951375008" lon="-81.864409949630499" />
			<trkpt lat="36.615521991625428" lon="-81.86443199403584" />
			<trkpt lat="36.615457953885198" lon="-81.864452948793769" />
			<trkpt lat="36.615393999963999" lon="-81.86447499319911" />
			<trkpt lat="36.615264918655157" lon="-81.864581946283579" />
			<trkpt lat="36.615264918655157" lon="-81.864581946283579" />
			<trkpt lat="36.615221919491887" lon="-81.864624945446849" />
			<trkpt lat="36.615221919491887" lon="-81.864624945446849" />
			<trkpt lat="36.615199958905578" lon="-81.864753942936659" />
			<trkpt lat="36.615178920328617" lon="-81.864839941263199" />
			<trkpt lat="36.615092922002077" lon="-81.865289965644479" />
			<trkpt lat="36.615028968080878" lon="-81.865590959787369" />
			<trkpt lat="36.614878932014108" lon="-81.866684965789318" />
			<trkpt lat="36.614792933687568" lon="-81.867628935724497" />
			<trkpt lat="36.614642981439829" lon="-81.868401998654008" />
			<trkpt lat="36.614534938707948" lon="-81.868572989478707" />
			<trkpt lat="36.614491939544678" lon="-81.868637949228287" />
			<trkpt lat="36.614448940381408" lon="-81.868679942563176" />
			<trkpt lat="36.614384986460209" lon="-81.868722941726446" />
			<trkpt lat="36.614298988133669" lon="-81.868765940889716" />
			<trkpt lat="36.614212989807129" lon="-81.868787985295057" />
			<trkpt lat="36.614148952066898" lon="-81.868808940052986" />
			<trkpt lat="36.614062953740358" lon="-81.868808940052986" />
			<trkpt lat="36.613976955413818" lon="-81.868808940052986" />
			<trkpt lat="36.613719966262579" lon="-81.868808940052986" />
			<trkpt lat="36.613547969609499" lon="-81.868830984458327" />
			<trkpt lat="36.61333397962153" lon="-81.868830984458327" />
			<trkpt lat="36.613268936052918" lon="-81.868830984458327" />
			<trkpt lat="36.61316198296845" lon="-81.868916982784867" />
			<trkpt lat="36.613140944391489" lon="-81.868958976119757" />
			<trkpt lat="36.613140944391489" lon="-81.869001975283027" />
			<trkpt lat="36.613182937726378" lon="-81.869130972772837" />
			<trkpt lat="36.613225936889648" lon="-81.869194926694036" />
			<trkpt lat="36.613268936052918" lon="-81.869237925857306" />
			<trkpt lat="36.613311935216188" lon="-81.869302969425917" />
			<trkpt lat="36.6133769787848" lon="-81.869366923347116" />
			<trkpt lat="36.613440932705998" lon="-81.869430961087346" />
			<trkpt lat="36.613526931032538" lon="-81.869602957740426" />
			<trkpt lat="36.613526931032538" lon="-81.869602957740426" />
			<trkpt lat="36.613569930195808" lon="-81.869688956066966" />
			<trkpt lat="36.613655928522348" lon="-81.869860952720046" />
			<trkpt lat="36.613783920183778" lon="-81.870139986276627" />
			<trkpt lat="36.613826919347048" lon="-81.870246939361095" />
			<trkpt lat="36.613933956250548" lon="-81.870460929349065" />
			<trkpt lat="36.613976955413818" lon="-81.870525972917676" />
			<trkpt lat="36.61399899981916" lon="-81.870611971244216" />
			<trkpt lat="36.614019954577088" lon="-81.870675925165415" />
			<trkpt lat="36.61404199898243" lon="-81.870761923491955" />
			<trkpt lat="36.614019954577088" lon="-81.870847921818495" />
			<trkpt lat="36.61399899981916" lon="-81.871083956211805" />
			<trkpt lat="36.61399899981916" lon="-81.871083956211805" />
			<trkpt lat="36.613955916836858" lon="-81.871169954538345" />
			<trkpt lat="36.613891962915659" lon="-81.871297946199775" />
			<trkpt lat="36.613740921020508" lon="-81.871598940342665" />
			<trkpt lat="36.613697921857238" lon="-81.871662978082895" />
			<trkpt lat="36.613655928522348" lon="-81.871812930330634" />
			<trkpt lat="36.613655928522348" lon="-81.871812930330634" />
			<trkpt lat="36.613633967936039" lon="-81.871877973899245" />
			<trkpt lat="36.613633967936039" lon="-81.871963972225785" />
			<trkpt lat="36.613612929359078" lon="-81.872070925310254" />
			<trkpt lat="36.613612929359078" lon="-81.872156923636794" />
			<trkpt lat="36.613590968772769" lon="-81.872327998280525" />
			<trkpt lat="36.613526931032538" lon="-81.872413996607065" />
			<trkpt lat="36.6133769787848" lon="-81.872735945507884" />
			<trkpt lat="36.613311935216188" lon="-81.872885981574655" />
			<trkpt lat="36.613311935216188" lon="-81.872885981574655" />
			<trkpt lat="36.61329098045826" lon="-81.873379927128553" />
			<trkpt lat="36.613268936052918" lon="-81.873743953183293" />
			<trkpt lat="36.61329098045826" lon="-81.873829951509833" />
			<trkpt lat="36.613311935216188" lon="-81.874022986739874" />
			<trkpt lat="36.613461971282959" lon="-81.874366980046034" />
			<trkpt lat="36.613633967936039" lon="-81.874731928110123" />
			<trkpt lat="36.613676967099309" lon="-81.874838965013623" />
			<trkpt lat="36.61399899981916" lon="-81.875288989394903" />
			<trkpt lat="36.614191951230168" lon="-81.875567939132452" />
			<trkpt lat="36.614341987296939" lon="-81.875868933275342" />
			<trkpt lat="36.614513983950019" lon="-81.876275958493352" />
			<trkpt lat="36.614513983950019" lon="-81.876275958493352" />
			<trkpt lat="36.614534938707948" lon="-81.876361956819892" />
			<trkpt lat="36.614513983950019" lon="-81.876447955146432" />
			<trkpt lat="36.614513983950019" lon="-81.876512998715043" />
			<trkpt lat="36.614470984786749" lon="-81.876554992049932" />
			<trkpt lat="36.614384986460209" lon="-81.876597991213202" />
			<trkpt lat="36.614170996472239" lon="-81.876748949289322" />
			<trkpt lat="36.6140849981457" lon="-81.876812987029552" />
			<trkpt lat="36.6140849981457" lon="-81.876812987029552" />
			<trkpt lat="36.61404199898243" lon="-81.876962939277291" />
			<trkpt lat="36.61404199898243" lon="-81.877305926755071" />
			<trkpt lat="36.61404199898243" lon="-81.877413969486952" />
			<trkpt lat="36.61404199898243" lon="-81.877499967813492" />
			<trkpt lat="36.6140849981457" lon="-81.877584960311651" />
			<trkpt lat="36.614127997308969" lon="-81.877670958638191" />
			<trkpt lat="36.614170996472239" lon="-81.877756956964731" />
			<trkpt lat="36.614212989807129" lon="-81.877842955291271" />
			<trkpt lat="36.614277949556708" lon="-81.877928953617811" />
			<trkpt lat="36.614384986460209" lon="-81.877971952781081" />
			<trkpt lat="36.614470984786749" lon="-81.877992991358042" />
			<trkpt lat="36.614620937034488" lon="-81.878056945279241" />
			<trkpt lat="36.614620937034488" lon="-81.878056945279241" />
			<trkpt lat="36.614706935361028" lon="-81.878078989684582" />
			<trkpt lat="36.614792933687568" lon="-81.878099944442511" />
			<trkpt lat="36.614792933687568" lon="-81.878099944442511" />
			<trkpt lat="36.614792933687568" lon="-81.878099944442511" />
			<trkpt lat="36.614835932850838" lon="-81.878185942769051" />
			<trkpt lat="36.614835932850838" lon="-81.878185942769051" />
			<trkpt lat="36.614813972264528" lon="-81.878271941095591" />
			<trkpt lat="36.614792933687568" lon="-81.878357939422131" />
			<trkpt lat="36.614770973101258" lon="-81.878464976325631" />
			<trkpt lat="36.614749934524298" lon="-81.8785719294101" />
			<trkpt lat="36.614684974774718" lon="-81.87865792773664" />
			<trkpt lat="36.614642981439829" lon="-81.878722971305251" />
			<trkpt lat="36.614620937034488" lon="-81.878936961293221" />
			<trkpt lat="36.614599982276559" lon="-81.8790019210428" />
			<trkpt lat="36.614599982276559" lon="-81.87904492020607" />
			<trkpt lat="36.614599982276559" lon="-81.87904492020607" />
			<trkpt lat="36.614620937034488" lon="-81.879086997359991" />
			<trkpt lat="36.614620937034488" lon="-81.879151957109571" />
			<trkpt lat="36.614642981439829" lon="-81.879215994849801" />
			<trkpt lat="36.614642981439829" lon="-81.879258994013071" />
			<trkpt lat="36.614684974774718" lon="-81.87936594709754" />
			<trkpt lat="36.614749934524298" lon="-81.87945194542408" />
			<trkpt lat="36.614792933687568" lon="-81.879516988992691" />
			<trkpt lat="36.614835932850838" lon="-81.87960198149085" />
			<trkpt lat="36.614856971427798" lon="-81.8797099404037" />
			<trkpt lat="36.614878932014108" lon="-81.87979593873024" />
			<trkpt lat="36.614878932014108" lon="-81.879880931228399" />
			<trkpt lat="36.614878932014108" lon="-81.87998897396028" />
			<trkpt lat="36.614878932014108" lon="-81.8804179597646" />
			<trkpt lat="36.614878932014108" lon="-81.88069699332118" />
			<trkpt lat="36.614878932014108" lon="-81.88069699332118" />
			<trkpt lat="36.614942969754338" lon="-81.88091098330915" />
			<trkpt lat="36.614985968917608" lon="-81.88103998079896" />
			<trkpt lat="36.615006923675537" lon="-81.881146933883429" />
			<trkpt lat="36.615028968080878" lon="-81.881232932209969" />
			<trkpt lat="36.615028968080878" lon="-81.881232932209969" />
			<trkpt lat="36.615049922838807" lon="-81.88134097494185" />
			<trkpt lat="36.615092922002077" lon="-81.881447928026319" />
			<trkpt lat="36.615178920328617" lon="-81.88187699764967" />
			<trkpt lat="36.615135921165347" lon="-81.882284944877028" />
			<trkpt lat="36.615092922002077" lon="-81.882412936538458" />
			<trkpt lat="36.615049922838807" lon="-81.882520979270339" />
			<trkpt lat="36.615028968080878" lon="-81.882627932354808" />
			<trkpt lat="36.615006923675537" lon="-81.882713930681348" />
			<trkpt lat="36.614985968917608" lon="-81.882927920669317" />
			<trkpt lat="36.614985968917608" lon="-81.883035963401198" />
			<trkpt lat="36.614963924512267" lon="-81.883120955899358" />
			<trkpt lat="36.614963924512267" lon="-81.883206954225898" />
			<trkpt lat="36.614963924512267" lon="-81.883271997794509" />
			<trkpt lat="36.614942969754338" lon="-81.883421950042248" />
			<trkpt lat="36.614942969754338" lon="-81.883421950042248" />
			<trkpt lat="36.614921931177378" lon="-81.883485987782478" />
			<trkpt lat="36.614921931177378" lon="-81.883528986945748" />
			<trkpt lat="36.614921931177378" lon="-81.883550947532058" />
			<trkpt lat="36.614878932014108" lon="-81.883571986109018" />
			<trkpt lat="36.614835932850838" lon="-81.883593946695328" />
			<trkpt lat="36.614770973101258" lon="-81.883593946695328" />
			<trkpt lat="36.614663936197758" lon="-81.883593946695328" />
			<trkpt lat="36.614577937871218" lon="-81.883614985272288" />
			<trkpt lat="36.614470984786749" lon="-81.883614985272288" />
			<trkpt lat="36.614298988133669" lon="-81.883635940030217" />
			<trkpt lat="36.614212989807129" lon="-81.883700983598828" />
			<trkpt lat="36.613891962915659" lon="-81.883893935009837" />
			<trkpt lat="36.613590968772769" lon="-81.884236922487617" />
			<trkpt lat="36.613440932705998" lon="-81.884386958554387" />
			<trkpt lat="36.613397933542728" lon="-81.884537916630507" />
			<trkpt lat="36.613354934379458" lon="-81.884623998776078" />
			<trkpt lat="36.61333397962153" lon="-81.884730951860547" />
			<trkpt lat="36.613311935216188" lon="-81.884816950187087" />
			<trkpt lat="36.61333397962153" lon="-81.884923987090588" />
			<trkpt lat="36.6133769787848" lon="-81.885030940175056" />
			<trkpt lat="36.613397933542728" lon="-81.885095983743668" />
			<trkpt lat="36.613397933542728" lon="-81.885245935991406" />
			<trkpt lat="36.613418972119689" lon="-81.885352972894907" />
			<trkpt lat="36.613418972119689" lon="-81.885459925979376" />
			<trkpt lat="36.613418972119689" lon="-81.885567968711257" />
			<trkpt lat="36.613440932705998" lon="-81.885695960372686" />
			<trkpt lat="36.613440932705998" lon="-81.885803919285536" />
			<trkpt lat="36.613483931869268" lon="-81.885910956189036" />
			<trkpt lat="36.613504970446229" lon="-81.886017993092537" />
			<trkpt lat="36.613526931032538" lon="-81.886125952005386" />
			<trkpt lat="36.613569930195808" lon="-81.886253943666816" />
			<trkpt lat="36.613590968772769" lon="-81.886361986398697" />
			<trkpt lat="36.613633967936039" lon="-81.886554937809706" />
			<trkpt lat="36.613655928522348" lon="-81.886661974713206" />
			<trkpt lat="36.613676967099309" lon="-81.886768927797675" />
			<trkpt lat="36.613719966262579" lon="-81.887155920267105" />
			<trkpt lat="36.613740921020508" lon="-81.887283995747566" />
			<trkpt lat="36.613783920183778" lon="-81.887627989053726" />
			<trkpt lat="36.613783920183778" lon="-81.887627989053726" />
			<trkpt lat="36.613805964589119" lon="-81.887755980715156" />
			<trkpt lat="36.613955916836858" lon="-81.888249926269054" />
			<trkpt lat="36.61399899981916" lon="-81.888378923758864" />
			<trkpt lat="36.614191951230168" lon="-81.888807993382215" />
			<trkpt lat="36.614427985623479" lon="-81.889365976676345" />
			<trkpt lat="36.614534938707948" lon="-81.889579966664314" />
			<trkpt lat="36.614985968917608" lon="-81.890502981841564" />
			<trkpt lat="36.615135921165347" lon="-81.890824930742383" />
			<trkpt lat="36.615178920328617" lon="-81.890910929068923" />
			<trkpt lat="36.615221919491887" lon="-81.890995921567082" />
			<trkpt lat="36.615264918655157" lon="-81.891060965135694" />
			<trkpt lat="36.615307917818427" lon="-81.891231955960393" />
			<trkpt lat="36.615307917818427" lon="-81.891231955960393" />
			<trkpt lat="36.615285957232118" lon="-81.891317954286933" />
			<trkpt lat="36.615221919491887" lon="-81.891489950940013" />
			<trkpt lat="36.615221919491887" lon="-81.891489950940013" />
			<trkpt lat="36.615199958905578" lon="-81.891596987843513" />
			<trkpt lat="36.615135921165347" lon="-81.891704946756363" />
			<trkpt lat="36.614878932014108" lon="-81.892219930887222" />
			<trkpt lat="36.614792933687568" lon="-81.892283968627453" />
			<trkpt lat="36.614706935361028" lon="-81.892347922548652" />
			<trkpt lat="36.614577937871218" lon="-81.892412966117263" />
			<trkpt lat="36.614448940381408" lon="-81.892455965280533" />
			<trkpt lat="36.614298988133669" lon="-81.892497958615422" />
			<trkpt lat="36.614148952066898" lon="-81.892540957778692" />
			<trkpt lat="36.61399899981916" lon="-81.892583956941962" />
			<trkpt lat="36.613869918510318" lon="-81.892605917528272" />
			<trkpt lat="36.613590968772769" lon="-81.892669955268502" />
			<trkpt lat="36.613461971282959" lon="-81.892712954431772" />
			<trkpt lat="36.613311935216188" lon="-81.892798952758312" />
			<trkpt lat="36.613011946901679" lon="-81.893098941072822" />
			<trkpt lat="36.61290398798883" lon="-81.893206983804703" />
			<trkpt lat="36.61258296109736" lon="-81.893527926877141" />
			<trkpt lat="36.61215296946466" lon="-81.894000917673111" />
			<trkpt lat="36.61183194257319" lon="-81.894343988969922" />
			<trkpt lat="36.61161694675684" lon="-81.894579939544201" />
			<trkpt lat="36.61108092404902" lon="-81.895287958905101" />
			<trkpt lat="36.61088696680963" lon="-81.895609991624951" />
			<trkpt lat="36.610629977658391" lon="-81.89610293135047" />
			<trkpt lat="36.610500980168581" lon="-81.896660998463631" />
			<trkpt lat="36.61035094410181" lon="-81.897068945690989" />
			<trkpt lat="36.61035094410181" lon="-81.897068945690989" />
			<trkpt lat="36.61026494577527" lon="-81.89717598259449" />
			<trkpt lat="36.61013594828546" lon="-81.89726198092103" />
			<trkpt lat="36.610007956624031" lon="-81.897368934005499" />
			<trkpt lat="36.609148979187012" lon="-81.897991960868239" />
			<trkpt lat="36.608891990035772" lon="-81.89818499609828" />
			<trkpt lat="36.608762992545962" lon="-81.898291949182749" />
			<trkpt lat="36.608655955642462" lon="-81.898377947509289" />
			<trkpt lat="36.608655955642462" lon="-81.898377947509289" />
			<trkpt lat="36.608569957315922" lon="-81.898527983576059" />
			<trkpt lat="36.608505919575691" lon="-81.898699980229139" />
			<trkpt lat="36.608440959826112" lon="-81.898849932476878" />
			<trkpt lat="36.608354961499572" lon="-81.899385955184698" />
			<trkpt lat="36.608354961499572" lon="-81.899385955184698" />
			<trkpt lat="36.608333922922611" lon="-81.899600951001048" />
			<trkpt lat="36.608419921249151" lon="-81.900845998898149" />
			<trkpt lat="36.608397960662842" lon="-81.900973990559578" />
			<trkpt lat="36.608397960662842" lon="-81.901059988886118" />
			<trkpt lat="36.608333922922611" lon="-81.901166941970587" />
			<trkpt lat="36.608269969001412" lon="-81.901295939460397" />
			<trkpt lat="36.608204925432801" lon="-81.901402976363897" />
			<trkpt lat="36.608076933771372" lon="-81.901681926101446" />
			<trkpt lat="36.608033934608102" lon="-81.901810923591256" />
			<trkpt lat="36.608011974021792" lon="-81.901960959658027" />
			<trkpt lat="36.607990935444832" lon="-81.902111917734146" />
			<trkpt lat="36.607968974858522" lon="-81.902282992377877" />
			<trkpt lat="36.607990935444832" lon="-81.902432944625616" />
			<trkpt lat="36.608033934608102" lon="-81.902604941278696" />
			<trkpt lat="36.608118927106261" lon="-81.902754977345467" />
			<trkpt lat="36.608183970674872" lon="-81.902862936258316" />
			<trkpt lat="36.608269969001412" lon="-81.902969973161817" />
			<trkpt lat="36.608354961499572" lon="-81.903248922899365" />
			<trkpt lat="36.608354961499572" lon="-81.903248922899365" />
			<trkpt lat="36.608397960662842" lon="-81.903398958966136" />
			<trkpt lat="36.608483958989382" lon="-81.904063979163766" />
			<trkpt lat="36.608655955642462" lon="-81.905673975124955" />
			<trkpt lat="36.608741953969002" lon="-81.906445948407054" />
			<trkpt lat="36.608762992545962" lon="-81.906595984473825" />
			<trkpt lat="36.608762992545962" lon="-81.906595984473825" />
			<trkpt lat="36.608762992545962" lon="-81.906874934211373" />
			<trkpt lat="36.608719993382692" lon="-81.907003931701183" />
			<trkpt lat="36.608719993382692" lon="-81.907003931701183" />
			<trkpt lat="36.608676994219422" lon="-81.907153967767954" />
			<trkpt lat="36.608591917902231" lon="-81.907260920852423" />
			<trkpt lat="36.608483958989382" lon="-81.907368963584304" />
			<trkpt lat="36.608333922922611" lon="-81.907453956082463" />
			<trkpt lat="36.607689941301942" lon="-81.907840948551893" />
			<trkpt lat="36.607475951313972" lon="-81.908011939376593" />
			<trkpt lat="36.607367992401123" lon="-81.908097937703133" />
			<trkpt lat="36.607282999902964" lon="-81.908205980435014" />
			<trkpt lat="36.607196917757392" lon="-81.908312933519483" />
			<trkpt lat="36.607088958844543" lon="-81.908441931009293" />
			<trkpt lat="36.607024921104312" lon="-81.908569922670722" />
			<trkpt lat="36.606895923614502" lon="-81.908891955390573" />
			<trkpt lat="36.606745971366763" lon="-81.909192949533463" />
			<trkpt lat="36.606573974713683" lon="-81.909492937847972" />
			<trkpt lat="36.606488982215524" lon="-81.909599974751472" />
			<trkpt lat="36.606016997247934" lon="-81.910071959719062" />
			<trkpt lat="36.604878986254334" lon="-81.911230925470591" />
			<trkpt lat="36.604792987927794" lon="-81.911316923797131" />
			<trkpt lat="36.604707995429635" lon="-81.911423960700631" />
			<trkpt lat="36.604642951861024" lon="-81.911681955680251" />
			<trkpt lat="36.604642951861024" lon="-81.911681955680251" />
			<trkpt lat="36.604664996266365" lon="-81.911852946504951" />
			<trkpt lat="36.604707995429635" lon="-81.91228193230927" />
			<trkpt lat="36.604728950187564" lon="-81.91241092979908" />
			<trkpt lat="36.604707995429635" lon="-81.912518972530961" />
			<trkpt lat="36.604642951861024" lon="-81.91260396502912" />
			<trkpt lat="36.604514960199594" lon="-81.91273296251893" />
			<trkpt lat="36.604428961873055" lon="-81.9127759616822" />
			<trkpt lat="36.604428961873055" lon="-81.9127759616822" />
			<trkpt lat="36.604235926643014" lon="-81.912796916440129" />
			<trkpt lat="36.604127967730165" lon="-81.9127759616822" />
			<trkpt lat="36.604127967730165" lon="-81.9127759616822" />
			<trkpt lat="36.603720942512155" lon="-81.91271192394197" />
			<trkpt lat="36.603569984436035" lon="-81.91268996335566" />
			<trkpt lat="36.603441992774606" lon="-81.91271192394197" />
			<trkpt lat="36.603333950042725" lon="-81.91273296251893" />
			<trkpt lat="36.603226996958256" lon="-81.9127759616822" />
			<trkpt lat="36.603054916486144" lon="-81.912968996912241" />
			<trkpt lat="36.603054916486144" lon="-81.912968996912241" />
			<trkpt lat="36.602990962564945" lon="-81.91307594999671" />
			<trkpt lat="36.602818965911865" lon="-81.91333394497633" />
			<trkpt lat="36.602625930681825" lon="-81.91350594162941" />
			<trkpt lat="36.602625930681825" lon="-81.91350594162941" />
			<trkpt lat="36.602539932355285" lon="-81.913590934127569" />
			<trkpt lat="36.602454939857125" lon="-81.913676932454109" />
			<trkpt lat="36.602303981781006" lon="-81.913848929107189" />
			<trkpt lat="36.602282943204045" lon="-81.91386996768415" />
			<trkpt lat="36.602282943204045" lon="-81.91386996768415" />
			<trkpt lat="36.602239944040775" lon="-81.914062919095159" />
			<trkpt lat="36.602239944040775" lon="-81.914191916584969" />
			<trkpt lat="36.602260982617736" lon="-81.914341952651739" />
			<trkpt lat="36.602282943204045" lon="-81.914470950141549" />
			<trkpt lat="36.602325942367315" lon="-81.914599947631359" />
			<trkpt lat="36.602389980107546" lon="-81.91474998369813" />
			<trkpt lat="36.602432979270816" lon="-81.91487898118794" />
			<trkpt lat="36.602497939020395" lon="-81.915028933435678" />
			<trkpt lat="36.602497939020395" lon="-81.915178969502449" />
			<trkpt lat="36.602539932355285" lon="-81.91567299887538" />
			<trkpt lat="36.602561976760626" lon="-81.915972987189889" />
			<trkpt lat="36.602582931518555" lon="-81.916101984679699" />
			<trkpt lat="36.602582931518555" lon="-81.916208937764168" />
			<trkpt lat="36.602561976760626" lon="-81.916273981332779" />
			<trkpt lat="36.602539932355285" lon="-81.916380934417248" />
			<trkpt lat="36.602518977597356" lon="-81.916509931907058" />
			<trkpt lat="36.602432979270816" lon="-81.916594924405217" />
			<trkpt lat="36.602089991793036" lon="-81.917024999856949" />
			<trkpt lat="36.601982954889536" lon="-81.917131952941418" />
			<trkpt lat="36.601810958236456" lon="-81.917345942929387" />
			<trkpt lat="36.601767959073186" lon="-81.917517939582467" />
			<trkpt lat="36.601746920496225" lon="-81.917689936235547" />
			<trkpt lat="36.601703921332955" lon="-81.917839972302318" />
			<trkpt lat="36.601660922169685" lon="-81.917989924550056" />
			<trkpt lat="36.601467970758677" lon="-81.918740943074226" />
			<trkpt lat="36.601338973268867" lon="-81.919191973283887" />
			<trkpt lat="36.601059939712286" lon="-81.920049944892526" />
			<trkpt lat="36.601016940549016" lon="-81.920178942382336" />
			<trkpt lat="36.600844943895936" lon="-81.920714965090156" />
			<trkpt lat="36.600801944732666" lon="-81.920843962579966" />
			<trkpt lat="36.600801944732666" lon="-81.920972960069776" />
			<trkpt lat="36.600780989974737" lon="-81.921122996136546" />
			<trkpt lat="36.600823989138007" lon="-81.921229949221015" />
			<trkpt lat="36.600887943059206" lon="-81.921358946710825" />
			<trkpt lat="36.600952986627817" lon="-81.921487944200635" />
			<trkpt lat="36.600994979962707" lon="-81.921594981104136" />
			<trkpt lat="36.601037979125977" lon="-81.921701934188604" />
			<trkpt lat="36.601102938875556" lon="-81.921809976920485" />
			<trkpt lat="36.601145938038826" lon="-81.921895975247025" />
			<trkpt lat="36.601166976615787" lon="-81.921980967745185" />
			<trkpt lat="36.601166976615787" lon="-81.922088926658034" />
			<trkpt lat="36.601102938875556" lon="-81.922281961888075" />
			<trkpt lat="36.601037979125977" lon="-81.922388998791575" />
			<trkpt lat="36.601037979125977" lon="-81.922388998791575" />
			<trkpt lat="36.600758945569396" lon="-81.922688987106085" />
			<trkpt lat="36.599879935383797" lon="-81.923311930149794" />
			<trkpt lat="36.599728977307677" lon="-81.923461966216564" />
			<trkpt lat="36.599686983972788" lon="-81.923675956204534" />
			<trkpt lat="36.599686983972788" lon="-81.923761954531074" />
			<trkpt lat="36.599771976470947" lon="-81.924362936988473" />
			<trkpt lat="36.599771976470947" lon="-81.924362936988473" />
			<trkpt lat="36.599857974797487" lon="-81.924899965524673" />
			<trkpt lat="36.599814975634217" lon="-81.925049917772412" />
			<trkpt lat="36.599793937057257" lon="-81.925156954675913" />
			<trkpt lat="36.599750937893987" lon="-81.925285952165723" />
			<trkpt lat="36.599707938730717" lon="-81.925414949655533" />
			<trkpt lat="36.599686983972788" lon="-81.925542941316962" />
			<trkpt lat="36.599707938730717" lon="-81.925671938806772" />
			<trkpt lat="36.599728977307677" lon="-81.925864974036813" />
			<trkpt lat="36.599750937893987" lon="-81.925950972363353" />
			<trkpt lat="36.599750937893987" lon="-81.925950972363353" />
			<trkpt lat="36.599728977307677" lon="-81.925993971526623" />
			<trkpt lat="36.599707938730717" lon="-81.926079969853163" />
			<trkpt lat="36.599686983972788" lon="-81.926143923774362" />
			<trkpt lat="36.599664939567447" lon="-81.926207961514592" />
			<trkpt lat="36.599643984809518" lon="-81.926336959004402" />
			<trkpt lat="36.599643984809518" lon="-81.926336959004402" />
			<trkpt lat="36.599600985646248" lon="-81.926358919590712" />
			<trkpt lat="36.599557986482978" lon="-81.926401918753982" />
			<trkpt lat="36.599514987319708" lon="-81.926444917917252" />
			<trkpt lat="36.599428988993168" lon="-81.926551954820752" />
			<trkpt lat="36.599364951252937" lon="-81.926594953984022" />
			<trkpt lat="36.599321952089667" lon="-81.926658991724253" />
			<trkpt lat="36.599278952926397" lon="-81.926701990887523" />
			<trkpt lat="36.599278952926397" lon="-81.926765944808722" />
			<trkpt lat="36.599256992340088" lon="-81.926851943135262" />
			<trkpt lat="36.599278952926397" lon="-81.926937941461802" />
			<trkpt lat="36.599321952089667" lon="-81.927066938951612" />
			<trkpt lat="36.599557986482978" lon="-81.927302973344922" />
			<trkpt lat="36.599600985646248" lon="-81.927366927266121" />
			<trkpt lat="36.599621940404177" lon="-81.927452925592661" />
			<trkpt lat="36.599621940404177" lon="-81.927516963332891" />
			<trkpt lat="36.599621940404177" lon="-81.927581923082471" />
			<trkpt lat="36.599600985646248" lon="-81.927667921409011" />
			<trkpt lat="36.599578941240907" lon="-81.927774958312511" />
			<trkpt lat="36.599557986482978" lon="-81.927860956639051" />
			<trkpt lat="36.599428988993168" lon="-81.928182989358902" />
			<trkpt lat="36.599385989829898" lon="-81.928289942443371" />
			<trkpt lat="36.599342990666628" lon="-81.928396979346871" />
			<trkpt lat="36.599299991503358" lon="-81.92850393243134" />
			<trkpt lat="36.599128916859627" lon="-81.928611975163221" />
			<trkpt lat="36.599128916859627" lon="-81.928611975163221" />
			<trkpt lat="36.599042918533087" lon="-81.928611975163221" />
			<trkpt lat="36.598956920206547" lon="-81.928611975163221" />
			<trkpt lat="36.598870921880007" lon="-81.92863292992115" />
			<trkpt lat="36.598677970468998" lon="-81.92867592908442" />
			<trkpt lat="36.598570933565497" lon="-81.92871892824769" />
			<trkpt lat="36.598484935238957" lon="-81.928782965987921" />
			<trkpt lat="36.598398936912417" lon="-81.928868964314461" />
			<trkpt lat="36.598312938585877" lon="-81.92897692322731" />
			<trkpt lat="36.598205985501409" lon="-81.929061999544501" />
			<trkpt lat="36.598098948597908" lon="-81.929126959294081" />
			<trkpt lat="36.598012950271368" lon="-81.929212957620621" />
			<trkpt lat="36.597518920898438" lon="-81.92951294593513" />
			<trkpt lat="36.597518920898438" lon="-81.92951294593513" />
			<trkpt lat="36.597518920898438" lon="-81.92951294593513" />
			<trkpt lat="36.597433928400278" lon="-81.929405992850661" />
			<trkpt lat="36.597390929237008" lon="-81.92934094928205" />
			<trkpt lat="36.597325969487429" lon="-81.929276995360851" />
			<trkpt lat="36.597218932583928" lon="-81.929126959294081" />
			<trkpt lat="36.597218932583928" lon="-81.929126959294081" />
			<trkpt lat="36.597154978662729" lon="-81.929040960967541" />
			<trkpt lat="36.597025981172919" lon="-81.928911963477731" />
			<trkpt lat="36.597025981172919" lon="-81.928911963477731" />
			<trkpt lat="36.597025981172919" lon="-81.92889092490077" />
			<trkpt lat="36.596939982846379" lon="-81.92893392406404" />
			<trkpt lat="36.596853984519839" lon="-81.92897692322731" />
			<trkpt lat="36.596789946779609" lon="-81.928997961804271" />
			<trkpt lat="36.5965969953686" lon="-81.929061999544501" />
			<trkpt lat="36.596445953473449" lon="-81.929083960130811" />
			<trkpt lat="36.59638199955225" lon="-81.929083960130811" />
			<trkpt lat="36.59638199955225" lon="-81.929083960130811" />
			<trkpt lat="36.596317961812019" lon="-81.929061999544501" />
			<trkpt lat="36.596102965995669" lon="-81.929061999544501" />
			<trkpt lat="36.596016967669129" lon="-81.929061999544501" />
			<trkpt lat="36.595823932439089" lon="-81.929083960130811" />
			<trkpt lat="36.595737934112549" lon="-81.929104998707771" />
			<trkpt lat="36.595652941614389" lon="-81.929104998707771" />
			<trkpt lat="36.595244994387031" lon="-81.928997961804271" />
			<trkpt lat="36.594407977536321" lon="-81.928825965151191" />
			<trkpt lat="36.594278980046511" lon="-81.928825965151191" />
			<trkpt lat="36.593441963195801" lon="-81.928697973489761" />
			<trkpt lat="36.59316292963922" lon="-81.92858993075788" />
			<trkpt lat="36.593077937141061" lon="-81.92854693159461" />
			<trkpt lat="36.592991938814521" lon="-81.92850393243134" />
			<trkpt lat="36.592926979064941" lon="-81.928482977673411" />
			<trkpt lat="36.592819942161441" lon="-81.92850393243134" />
			<trkpt lat="36.592733943834901" lon="-81.928525976836681" />
			<trkpt lat="36.592647945508361" lon="-81.928525976836681" />
			<trkpt lat="36.592562953010201" lon="-81.92854693159461" />
			<trkpt lat="36.592476954683661" lon="-81.928568975999951" />
			<trkpt lat="36.592390956357121" lon="-81.92854693159461" />
			<trkpt lat="36.592326918616891" lon="-81.928525976836681" />
			<trkpt lat="36.592240920290351" lon="-81.928482977673411" />
			<trkpt lat="36.592154921963811" lon="-81.928461939096451" />
			<trkpt lat="36.592068923637271" lon="-81.928418939933181" />
			<trkpt lat="36.591746974736452" lon="-81.928117945790291" />
			<trkpt lat="36.591660976409912" lon="-81.928053991869092" />
			<trkpt lat="36.591553939506412" lon="-81.927967993542552" />
			<trkpt lat="36.591403987258673" lon="-81.927817957475781" />
			<trkpt lat="36.591403987258673" lon="-81.927817957475781" />
			<trkpt lat="36.591317988932133" lon="-81.927731959149241" />
			<trkpt lat="36.591231990605593" lon="-81.927710920572281" />
			<trkpt lat="36.591124953702092" lon="-81.927710920572281" />
			<trkpt lat="36.591017916798592" lon="-81.927731959149241" />
			<trkpt lat="36.590673923492432" lon="-81.927752997726202" />
			<trkpt lat="36.590137984603643" lon="-81.927645960822701" />
			<trkpt lat="36.589600956067443" lon="-81.927495924755931" />
			<trkpt lat="36.589214969426394" lon="-81.927302973344922" />
			<trkpt lat="36.588849937543273" lon="-81.927109938114882" />
			<trkpt lat="36.588528994470835" lon="-81.926916986703873" />
			<trkpt lat="36.588270999491215" lon="-81.926701990887523" />
			<trkpt lat="36.588206961750984" lon="-81.926637953147292" />
			<trkpt lat="36.588056925684214" lon="-81.926508955657482" />
			<trkpt lat="36.587948966771364" lon="-81.926401918753982" />
			<trkpt lat="36.587948966771364" lon="-81.926401918753982" />
			<trkpt lat="36.587841929867864" lon="-81.926358919590712" />
			<trkpt lat="36.587798930704594" lon="-81.926379958167672" />
			<trkpt lat="36.587819969281554" lon="-81.926379958167672" />
			<trkpt lat="36.587819969281554" lon="-81.926379958167672" />
			<trkpt lat="36.587755931541324" lon="-81.926486995071173" />
			<trkpt lat="36.587862968444824" lon="-81.926680952310562" />
			<trkpt lat="36.587948966771364" lon="-81.926830988377333" />
			<trkpt lat="36.587948966771364" lon="-81.926830988377333" />
			<trkpt lat="36.587991965934634" lon="-81.926894942298532" />
			<trkpt lat="36.588034965097904" lon="-81.926959985867143" />
			<trkpt lat="36.588077964261174" lon="-81.927044978365302" />
			<trkpt lat="36.588120963424444" lon="-81.927087977528572" />
			<trkpt lat="36.588120963424444" lon="-81.927173975855112" />
			<trkpt lat="36.588141918182373" lon="-81.927259974181652" />
			<trkpt lat="36.588141918182373" lon="-81.927302973344922" />
			<trkpt lat="36.588141918182373" lon="-81.927302973344922" />
			<trkpt lat="36.588141918182373" lon="-81.927302973344922" />
			<trkpt lat="36.588206961750984" lon="-81.927431970834732" />
			<trkpt lat="36.588227916508913" lon="-81.927538923919201" />
			<trkpt lat="36.588249960914254" lon="-81.927602961659431" />
			<trkpt lat="36.588249960914254" lon="-81.927645960822701" />
			<trkpt lat="36.588249960914254" lon="-81.927667921409011" />
			<trkpt lat="36.588249960914254" lon="-81.927710920572281" />
			<trkpt lat="36.588270999491215" lon="-81.927881995216012" />
			<trkpt lat="36.588292960077524" lon="-81.927967993542552" />
			<trkpt lat="36.588292960077524" lon="-81.927967993542552" />
			<trkpt lat="36.588313998654485" lon="-81.928139990195632" />
			<trkpt lat="36.588313998654485" lon="-81.928139990195632" />
			<trkpt lat="36.588313998654485" lon="-81.928139990195632" />
			<trkpt lat="36.588313998654485" lon="-81.928139990195632" />
			<trkpt lat="36.588313998654485" lon="-81.928139990195632" />
			<trkpt lat="36.588420951738954" lon="-81.928310981020331" />
			<trkpt lat="36.588485995307565" lon="-81.928396979346871" />
			<trkpt lat="36.588506950065494" lon="-81.928439978510141" />
			<trkpt lat="36.588506950065494" lon="-81.928439978510141" />
			<trkpt lat="36.588570987805724" lon="-81.92854693159461" />
			<trkpt lat="36.588570987805724" lon="-81.92854693159461" />
			<trkpt lat="36.588592948392034" lon="-81.92858993075788" />
			<trkpt lat="36.588656986132264" lon="-81.928654974326491" />
			<trkpt lat="36.588699985295534" lon="-81.928740972653031" />
			<trkpt lat="36.588764945045114" lon="-81.9288479257375" />
			<trkpt lat="36.588764945045114" lon="-81.9288479257375" />
			<trkpt lat="36.588785983622074" lon="-81.928911963477731" />
			<trkpt lat="36.588828982785344" lon="-81.928997961804271" />
			<trkpt lat="36.588849937543273" lon="-81.929061999544501" />
			<trkpt lat="36.588828982785344" lon="-81.929104998707771" />
			<trkpt lat="36.588764945045114" lon="-81.929212957620621" />
			<trkpt lat="36.588699985295534" lon="-81.929319994524121" />
			<trkpt lat="36.588613986968994" lon="-81.929448992013931" />
			<trkpt lat="36.588549949228764" lon="-81.9295559450984" />
			<trkpt lat="36.588377952575684" lon="-81.92985593341291" />
			<trkpt lat="36.588206961750984" lon="-81.93013496696949" />
			<trkpt lat="36.588141918182373" lon="-81.930242925882339" />
			<trkpt lat="36.588141918182373" lon="-81.930242925882339" />
			<trkpt lat="36.588120963424444" lon="-81.930284919217229" />
			<trkpt lat="36.588120963424444" lon="-81.930327918380499" />
			<trkpt lat="36.588120963424444" lon="-81.93043596111238" />
			<trkpt lat="36.588721945881844" lon="-81.93079998716712" />
			<trkpt lat="36.588721945881844" lon="-81.93079998716712" />
			<trkpt lat="36.588828982785344" lon="-81.930950945243239" />
			<trkpt lat="36.588828982785344" lon="-81.930950945243239" />
			<trkpt lat="36.588849937543273" lon="-81.930993944406509" />
			<trkpt lat="36.588807944208384" lon="-81.931121936067939" />
			<trkpt lat="36.588807944208384" lon="-81.931121936067939" />
			<trkpt lat="36.588764945045114" lon="-81.93122997879982" />
			<trkpt lat="36.588721945881844" lon="-81.931336931884289" />
			<trkpt lat="36.588678946718574" lon="-81.931443968787789" />
			<trkpt lat="36.588592948392034" lon="-81.931615965440869" />
			<trkpt lat="36.588570987805724" lon="-81.931679919362068" />
			<trkpt lat="36.588570987805724" lon="-81.931679919362068" />
			<trkpt lat="36.588463950902224" lon="-81.93185199983418" />
			<trkpt lat="36.588377952575684" lon="-81.931915953755379" />
			<trkpt lat="36.588377952575684" lon="-81.931915953755379" />
			<trkpt lat="36.588270999491215" lon="-81.932001952081919" />
			<trkpt lat="36.588184917345643" lon="-81.932087950408459" />
			<trkpt lat="36.588077964261174" lon="-81.932173948734999" />
			<trkpt lat="36.587991965934634" lon="-81.932259947061539" />
			<trkpt lat="36.587798930704594" lon="-81.932409983128309" />
			<trkpt lat="36.587712932378054" lon="-81.932473937049508" />
			<trkpt lat="36.587626934051514" lon="-81.932538980618119" />
			<trkpt lat="36.587562980130315" lon="-81.932602934539318" />
			<trkpt lat="36.587498942390084" lon="-81.932666972279549" />
			<trkpt lat="36.587390983477235" lon="-81.932816924527287" />
			<trkpt lat="36.587412944063544" lon="-81.932967966422439" />
			<trkpt lat="36.587412944063544" lon="-81.932967966422439" />
			<trkpt lat="36.587498942390084" lon="-81.933117918670177" />
			<trkpt lat="36.587498942390084" lon="-81.933117918670177" />
			<trkpt lat="36.587519980967045" lon="-81.933160917833447" />
			<trkpt lat="36.587562980130315" lon="-81.933224955573678" />
			<trkpt lat="36.587605979293585" lon="-81.933267954736948" />
			<trkpt lat="36.587648978456855" lon="-81.933353953063488" />
			<trkpt lat="36.587712932378054" lon="-81.933460989966989" />
			<trkpt lat="36.587798930704594" lon="-81.933525949716568" />
			<trkpt lat="36.587884929031134" lon="-81.933610942214727" />
			<trkpt lat="36.587991965934634" lon="-81.933696940541267" />
			<trkpt lat="36.587991965934634" lon="-81.933696940541267" />
			<trkpt lat="36.587991965934634" lon="-81.933696940541267" />
			<trkpt lat="36.587991965934634" lon="-81.933696940541267" />
			<trkpt lat="36.588227916508913" lon="-81.933997934684157" />
			<trkpt lat="36.588034965097904" lon="-81.934040933847427" />
			<trkpt lat="36.588013926520944" lon="-81.934125926345587" />
			<trkpt lat="36.587991965934634" lon="-81.934211924672127" />
			<trkpt lat="36.587991965934634" lon="-81.934340922161937" />
			<trkpt lat="36.588120963424444" lon="-81.934555917978287" />
			<trkpt lat="36.588120963424444" lon="-81.934555917978287" />
			<trkpt lat="36.588249960914254" lon="-81.934662954881787" />
			<trkpt lat="36.588292960077524" lon="-81.934705954045057" />
			<trkpt lat="36.588356997817755" lon="-81.934748953208327" />
			<trkpt lat="36.588463950902224" lon="-81.934833945706487" />
			<trkpt lat="36.588506950065494" lon="-81.934876944869757" />
			<trkpt lat="36.588506950065494" lon="-81.934876944869757" />
			<trkpt lat="36.588549949228764" lon="-81.934919944033027" />
			<trkpt lat="36.588592948392034" lon="-81.934962943196297" />
			<trkpt lat="36.588592948392034" lon="-81.935048941522837" />
			<trkpt lat="36.588592948392034" lon="-81.935134939849377" />
			<trkpt lat="36.588592948392034" lon="-81.935220938175917" />
			<trkpt lat="36.588570987805724" lon="-81.935306936502457" />
			<trkpt lat="36.588528994470835" lon="-81.935370974242687" />
			<trkpt lat="36.588506950065494" lon="-81.935456972569227" />
			<trkpt lat="36.588463950902224" lon="-81.935520926490426" />
			<trkpt lat="36.588442996144295" lon="-81.935606924816966" />
			<trkpt lat="36.588399996981025" lon="-81.935692923143506" />
			<trkpt lat="36.588377952575684" lon="-81.935778921470046" />
			<trkpt lat="36.588334953412414" lon="-81.935863997787237" />
			<trkpt lat="36.588270999491215" lon="-81.936035994440317" />
			<trkpt lat="36.588270999491215" lon="-81.936035994440317" />
			<trkpt lat="36.588227916508913" lon="-81.936142947524786" />
			<trkpt lat="36.588098919019103" lon="-81.936443941667676" />
			<trkpt lat="36.587905967608094" lon="-81.936915926635265" />
			<trkpt lat="36.587755931541324" lon="-81.937258997932076" />
			<trkpt lat="36.587755931541324" lon="-81.937258997932076" />
			<trkpt lat="36.587648978456855" lon="-81.937516992911696" />
			<trkpt lat="36.587519980967045" lon="-81.937859980389476" />
			<trkpt lat="36.587412944063544" lon="-81.938117975369096" />
			<trkpt lat="36.587369944900274" lon="-81.938224928453565" />
			<trkpt lat="36.587326945737004" lon="-81.938310926780105" />
			<trkpt lat="36.587283946573734" lon="-81.938417963683605" />
			<trkpt lat="36.587240947410464" lon="-81.938524916768074" />
			<trkpt lat="36.587197948247194" lon="-81.938610998913646" />
			<trkpt lat="36.587154949083924" lon="-81.938739996403456" />
			<trkpt lat="36.587111949920654" lon="-81.938846949487925" />
			<trkpt lat="36.587068950757384" lon="-81.938932947814465" />
			<trkpt lat="36.587026957422495" lon="-81.939039984717965" />
			<trkpt lat="36.586940959095955" lon="-81.939254980534315" />
			<trkpt lat="36.586811961606145" lon="-81.939490931108594" />
			<trkpt lat="36.586553966626525" lon="-81.939919916912913" />
			<trkpt lat="36.586403930559754" lon="-81.940198950469494" />
			<trkpt lat="36.586296977475286" lon="-81.940391985699534" />
			<trkpt lat="36.586232939735055" lon="-81.940477984026074" />
			<trkpt lat="36.586103942245245" lon="-81.940670935437083" />
			<trkpt lat="36.585953989997506" lon="-81.940949968993664" />
			<trkpt lat="36.585910990834236" lon="-81.941013922914863" />
			<trkpt lat="36.585867991670966" lon="-81.941078966483474" />
			<trkpt lat="36.585824992507696" lon="-81.941142920404673" />
			<trkpt lat="36.585802948102355" lon="-81.941185919567943" />
			<trkpt lat="36.585760954767466" lon="-81.941249957308173" />
			<trkpt lat="36.585674956440926" lon="-81.941357916221023" />
			<trkpt lat="36.585674956440926" lon="-81.941357916221023" />
			<trkpt lat="36.585631957277656" lon="-81.941421953961253" />
			<trkpt lat="36.585566997528076" lon="-81.941464953124523" />
			<trkpt lat="36.585524920374155" lon="-81.941528990864754" />
			<trkpt lat="36.585459960624576" lon="-81.941593950614333" />
			<trkpt lat="36.585395922884345" lon="-81.941678943112493" />
			<trkpt lat="36.585202971473336" lon="-81.941764941439033" />
			<trkpt lat="36.585202971473336" lon="-81.941915983334184" />
			<trkpt lat="36.585137927904725" lon="-81.941979937255383" />
			<trkpt lat="36.584858978167176" lon="-81.942301969975233" />
			<trkpt lat="36.584579944610596" lon="-81.942666918039322" />
			<trkpt lat="36.584515990689397" lon="-81.942730955779552" />
			<trkpt lat="36.584451952949166" lon="-81.942816954106092" />
			<trkpt lat="36.584236957132816" lon="-81.943073943257332" />
			<trkpt lat="36.584107959643006" lon="-81.943223979324102" />
			<trkpt lat="36.584043921902776" lon="-81.943309977650642" />
			<trkpt lat="36.583979967981577" lon="-81.943395975977182" />
			<trkpt lat="36.583914924412966" lon="-81.943502929061651" />
			<trkpt lat="36.583871925249696" lon="-81.943588927388191" />
			<trkpt lat="36.583657935261726" lon="-81.943974997848272" />
			<trkpt lat="36.583549976348877" lon="-81.944168955087662" />
			<trkpt lat="36.583506977185607" lon="-81.944275991991162" />
			<trkpt lat="36.583442939445376" lon="-81.944361990317702" />
			<trkpt lat="36.583421984687448" lon="-81.944468943402171" />
			<trkpt lat="36.583356941118836" lon="-81.944683939218521" />
			<trkpt lat="36.583356941118836" lon="-81.944683939218521" />
			<trkpt lat="36.583335986360908" lon="-81.944790976122022" />
			<trkpt lat="36.583249988034368" lon="-81.945219961926341" />
			<trkpt lat="36.583228949457407" lon="-81.945348959416151" />
			<trkpt lat="36.583228949457407" lon="-81.945348959416151" />
			<trkpt lat="36.583163989707828" lon="-81.945584993809462" />
			<trkpt lat="36.583163989707828" lon="-81.945584993809462" />
			<trkpt lat="36.583142951130867" lon="-81.945713991299272" />
			<trkpt lat="36.583120990544558" lon="-81.94582094438374" />
			<trkpt lat="36.583077991381288" lon="-81.94607793353498" />
			<trkpt lat="36.583056952804327" lon="-81.946185976266861" />
			<trkpt lat="36.583034992218018" lon="-81.94629292935133" />
			<trkpt lat="36.582927955314517" lon="-81.94665796123445" />
			<trkpt lat="36.582884956151247" lon="-81.946764998137951" />
			<trkpt lat="36.582884956151247" lon="-81.946764998137951" />
			<trkpt lat="36.582820918411016" lon="-81.946850996464491" />
			<trkpt lat="36.582670966163278" lon="-81.946979993954301" />
			<trkpt lat="36.582670966163278" lon="-81.946979993954301" />
			<trkpt lat="36.582584967836738" lon="-81.9470439478755" />
			<trkpt lat="36.582541968673468" lon="-81.94712994620204" />
			<trkpt lat="36.582541968673468" lon="-81.947150984779" />
			<trkpt lat="36.582240974530578" lon="-81.947300937026739" />
			<trkpt lat="36.582176936790347" lon="-81.947687929496169" />
			<trkpt lat="36.582305934280157" lon="-81.947815921157598" />
			<trkpt lat="36.582562923431396" lon="-81.948008956387639" />
			<trkpt lat="36.582841956987977" lon="-81.94815999828279" />
			<trkpt lat="36.582841956987977" lon="-81.94815999828279" />
			<trkpt lat="36.582841956987977" lon="-81.94815999828279" />
			<trkpt lat="36.582798957824707" lon="-81.948266951367259" />
			<trkpt lat="36.582755958661437" lon="-81.948352949693799" />
			<trkpt lat="36.582755958661437" lon="-81.948352949693799" />
			<trkpt lat="36.582734920084476" lon="-81.94841698743403" />
			<trkpt lat="36.582648921757936" lon="-81.94854598492384" />
			<trkpt lat="36.582541968673468" lon="-81.94858898408711" />
			<trkpt lat="36.582434931769967" lon="-81.94863198325038" />
			<trkpt lat="36.581640997901559" lon="-81.948845973238349" />
			<trkpt lat="36.581296920776367" lon="-81.948931971564889" />
			<trkpt lat="36.581189967691898" lon="-81.948974970728159" />
			<trkpt lat="36.580910934135318" lon="-81.949060969054699" />
			<trkpt lat="36.580803981050849" lon="-81.949103968217969" />
			<trkpt lat="36.580545986071229" lon="-81.949317958205938" />
			<trkpt lat="36.58024599775672" lon="-81.949575953185558" />
			<trkpt lat="36.580181960016489" lon="-81.949661951512098" />
			<trkpt lat="36.580138960853219" lon="-81.949768988415599" />
			<trkpt lat="36.580073917284608" lon="-81.949875941500068" />
			<trkpt lat="36.580009963363409" lon="-81.949983984231949" />
			<trkpt lat="36.579773928970098" lon="-81.950390925630927" />
			<trkpt lat="36.57958097755909" lon="-81.950777918100357" />
			<trkpt lat="36.57958097755909" lon="-81.950777918100357" />
			<trkpt lat="36.57949497923255" lon="-81.950905993580818" />
			<trkpt lat="36.57945198006928" lon="-81.950970953330398" />
			<trkpt lat="36.579344943165779" lon="-81.951077990233898" />
			<trkpt lat="36.57923698425293" lon="-81.951184943318367" />
			<trkpt lat="36.57885099761188" lon="-81.951592974364758" />
			<trkpt lat="36.57876499928534" lon="-81.951678972691298" />
			<trkpt lat="36.578593924641609" lon="-81.951828924939036" />
			<trkpt lat="36.57816493883729" lon="-81.952107958495617" />
			<trkpt lat="36.577885989099741" lon="-81.952407946810126" />
			<trkpt lat="36.57777794636786" lon="-81.952515989542007" />
			<trkpt lat="36.57769194804132" lon="-81.952622942626476" />
			<trkpt lat="36.57739195972681" lon="-81.953180925920606" />
			<trkpt lat="36.57711292617023" lon="-81.953738993033767" />
			<trkpt lat="36.57698392868042" lon="-81.953974943608046" />
			<trkpt lat="36.57694092951715" lon="-81.954102935269475" />
			<trkpt lat="36.576876975595951" lon="-81.954253977164626" />
			<trkpt lat="36.576683940365911" lon="-81.954639963805676" />
			<trkpt lat="36.576576987281442" lon="-81.954875998198986" />
			<trkpt lat="36.576576987281442" lon="-81.954875998198986" />
			<trkpt lat="36.576511943712831" lon="-81.955004995688796" />
			<trkpt lat="36.576447989791632" lon="-81.955132987350225" />
			<trkpt lat="36.576383952051401" lon="-81.955261984840035" />
			<trkpt lat="36.576297953724861" lon="-81.955411937087774" />
			<trkpt lat="36.576254954561591" lon="-81.955540934577584" />
			<trkpt lat="36.576189994812012" lon="-81.955669932067394" />
			<trkpt lat="36.576125957071781" lon="-81.955798929557204" />
			<trkpt lat="36.576061919331551" lon="-81.955926921218634" />
			<trkpt lat="36.575996959581971" lon="-81.956034963950515" />
			<trkpt lat="36.575932921841741" lon="-81.956184916198254" />
			<trkpt lat="36.575889922678471" lon="-81.956377951428294" />
			<trkpt lat="36.575846923515201" lon="-81.956506948918104" />
			<trkpt lat="36.575803924351931" lon="-81.956656984984875" />
			<trkpt lat="36.575846923515201" lon="-81.956806937232614" />
			<trkpt lat="36.575868967920542" lon="-81.956956973299384" />
			<trkpt lat="36.575910961255431" lon="-81.957107931375504" />
			<trkpt lat="36.575932921841741" lon="-81.957278922200203" />
			<trkpt lat="36.576254954561591" lon="-81.958780959248543" />
			<trkpt lat="36.576447989791632" lon="-81.959274988621473" />
			<trkpt lat="36.576447989791632" lon="-81.959274988621473" />
			<trkpt lat="36.57721996307373" lon="-81.960797980427742" />
			<trkpt lat="36.57764995470643" lon="-81.961548998951912" />
			<trkpt lat="36.57816493883729" lon="-81.96260092779994" />
			<trkpt lat="36.57831497490406" lon="-81.96296495385468" />
			<trkpt lat="36.57885099761188" lon="-81.964273955672979" />
			<trkpt lat="36.579129947349429" lon="-81.96489698253572" />
			<trkpt lat="36.57945198006928" lon="-81.965861991047859" />
			<trkpt lat="36.579515933990479" lon="-81.966419974341989" />
			<trkpt lat="36.57949497923255" lon="-81.966591970995069" />
			<trkpt lat="36.579472934827209" lon="-81.966762961819768" />
			<trkpt lat="36.57945198006928" lon="-81.966956919059157" />
			<trkpt lat="36.57936598174274" lon="-81.967277945950627" />
			<trkpt lat="36.579344943165779" lon="-81.967428987845778" />
			<trkpt lat="36.579344943165779" lon="-81.967428987845778" />
			<trkpt lat="36.57923698425293" lon="-81.967728976160288" />
			<trkpt lat="36.57923698425293" lon="-81.967728976160288" />
			<trkpt lat="36.57915199175477" lon="-81.967878928408027" />
			<trkpt lat="36.57878695987165" lon="-81.968436995521188" />
			<trkpt lat="36.57870096154511" lon="-81.968565993010998" />
			<trkpt lat="36.578507926315069" lon="-81.968801943585277" />
			<trkpt lat="36.578507926315069" lon="-81.968801943585277" />
			<trkpt lat="36.578378928825259" lon="-81.968908980488777" />
			<trkpt lat="36.57782094553113" lon="-81.969058932736516" />
			<trkpt lat="36.57760695554316" lon="-81.969123976305127" />
			<trkpt lat="36.57743495889008" lon="-81.969295972958207" />
			<trkpt lat="36.57734896056354" lon="-81.969445925205946" />
			<trkpt lat="36.57724192366004" lon="-81.969638960435987" />
			<trkpt lat="36.57711292617023" lon="-81.969938948750496" />
			<trkpt lat="36.57711292617023" lon="-81.969938948750496" />
			<trkpt lat="36.577048972249031" lon="-81.970088984817266" />
			<trkpt lat="36.576919974759221" lon="-81.970324935391545" />
			<trkpt lat="36.576919974759221" lon="-81.970324935391545" />
			<trkpt lat="36.576704978942871" lon="-81.970668928697705" />
			<trkpt lat="36.576447989791632" lon="-81.970797926187515" />
			<trkpt lat="36.576082957908511" lon="-81.970797926187515" />
			<trkpt lat="36.575932921841741" lon="-81.970775965601206" />
			<trkpt lat="36.575696971267462" lon="-81.970711927860975" />
			<trkpt lat="36.575696971267462" lon="-81.970711927860975" />
			<trkpt lat="36.575524974614382" lon="-81.970711927860975" />
			<trkpt lat="36.575202941894531" lon="-81.970925917848945" />
			<trkpt lat="36.575202941894531" lon="-81.970925917848945" />
			<trkpt lat="36.574945952743292" lon="-81.971719935536385" />
			<trkpt lat="36.574945952743292" lon="-81.971719935536385" />
			<trkpt lat="36.574945952743292" lon="-81.971869971603155" />
			<trkpt lat="36.574945952743292" lon="-81.972020929679275" />
			<trkpt lat="36.574923992156982" lon="-81.972170965746045" />
			<trkpt lat="36.574923992156982" lon="-81.972320917993784" />
			<trkpt lat="36.574923992156982" lon="-81.972470954060555" />
			<trkpt lat="36.574923992156982" lon="-81.972771948203444" />
			<trkpt lat="36.574945952743292" lon="-81.973565965890884" />
			<trkpt lat="36.574923992156982" lon="-81.974380938336253" />
			<trkpt lat="36.574902953580022" lon="-81.975174956023693" />
			<trkpt lat="36.574923992156982" lon="-81.975410990417004" />
			<trkpt lat="36.574966991320252" lon="-81.976032927632332" />
			<trkpt lat="36.575117949396372" lon="-81.976869944483042" />
			<trkpt lat="36.575117949396372" lon="-81.977920951321721" />
			<trkpt lat="36.575095988810062" lon="-81.97873692959547" />
			<trkpt lat="36.575095988810062" lon="-81.980109969154" />
			<trkpt lat="36.575095988810062" lon="-81.980517916381359" />
			<trkpt lat="36.575117949396372" lon="-81.981761958450079" />
			<trkpt lat="36.575052989646792" lon="-81.9821269903332" />
			<trkpt lat="36.575031951069832" lon="-81.982298986986279" />
			<trkpt lat="36.574816955253482" lon="-81.983178919181228" />
			<trkpt lat="36.574795916676521" lon="-81.983306994661689" />
			<trkpt lat="36.574730956926942" lon="-81.983435992151499" />
			<trkpt lat="36.574623920023441" lon="-81.983542945235968" />
			<trkpt lat="36.574537921696901" lon="-81.983628943562508" />
			<trkpt lat="36.574430968612432" lon="-81.983736986294389" />
			<trkpt lat="36.574344970285892" lon="-81.983821978792548" />
			<trkpt lat="36.574237933382392" lon="-81.983886938542128" />
			<trkpt lat="36.574129974469543" lon="-81.983907977119088" />
			<trkpt lat="36.574001982808113" lon="-81.983950976282358" />
			<trkpt lat="36.573872985318303" lon="-81.983993975445628" />
			<trkpt lat="36.573722949251533" lon="-81.983993975445628" />
			<trkpt lat="36.573464954271913" lon="-81.983972936868668" />
			<trkpt lat="36.573464954271913" lon="-81.983972936868668" />
			<trkpt lat="36.573314918205142" lon="-81.983907977119088" />
			<trkpt lat="36.573164965957403" lon="-81.983843939378858" />
			<trkpt lat="36.573014929890633" lon="-81.983778979629278" />
			<trkpt lat="36.572863971814513" lon="-81.983693987131119" />
			<trkpt lat="36.571919918060303" lon="-81.983092920854688" />
			<trkpt lat="36.571469977498055" lon="-81.982791926711798" />
			<trkpt lat="36.571104945614934" lon="-81.982470983639359" />
			<trkpt lat="36.571018947288394" lon="-81.982319941744208" />
			<trkpt lat="36.570932948961854" lon="-81.982169989496469" />
			<trkpt lat="36.570868995040655" lon="-81.98199799284339" />
			<trkpt lat="36.570739997550845" lon="-81.981611922383308" />
			<trkpt lat="36.570739997550845" lon="-81.981611922383308" />
			<trkpt lat="36.570653999224305" lon="-81.9814189709723" />
			<trkpt lat="36.570589961484075" lon="-81.981225935742259" />
			<trkpt lat="36.570525923743844" lon="-81.981010939925909" />
			<trkpt lat="36.570439925417304" lon="-81.9808179885149" />
			<trkpt lat="36.570331966504455" lon="-81.980646997690201" />
			<trkpt lat="36.570095932111144" lon="-81.98028196580708" />
			<trkpt lat="36.569752944633365" lon="-81.97974493727088" />
			<trkpt lat="36.569623947143555" lon="-81.97957394644618" />
			<trkpt lat="36.569323958829045" lon="-81.979337995871902" />
			<trkpt lat="36.569323958829045" lon="-81.979337995871902" />
			<trkpt lat="36.569151962175965" lon="-81.979251997545362" />
			<trkpt lat="36.568980971351266" lon="-81.979144960641861" />
			<trkpt lat="36.568036917597055" lon="-81.97895091958344" />
			<trkpt lat="36.567907920107245" lon="-81.97895091958344" />
			<trkpt lat="36.567757967859507" lon="-81.97899391874671" />
			<trkpt lat="36.567585971206427" lon="-81.97903691790998" />
			<trkpt lat="36.567242983728647" lon="-81.97912291623652" />
			<trkpt lat="36.566963950172067" lon="-81.979208998382092" />
			<trkpt lat="36.566727999597788" lon="-81.97918695397675" />
			<trkpt lat="36.566727999597788" lon="-81.97918695397675" />
			<trkpt lat="36.566619956865907" lon="-81.97918695397675" />
			<trkpt lat="36.566533958539367" lon="-81.979165999218822" />
			<trkpt lat="36.566405966877937" lon="-81.979165999218822" />
			<trkpt lat="36.566362967714667" lon="-81.97922995314002" />
			<trkpt lat="36.566255930811167" lon="-81.97931595146656" />
			<trkpt lat="36.566147971898317" lon="-81.979423994198442" />
			<trkpt lat="36.565825939178467" lon="-81.979766981676221" />
			<trkpt lat="36.565589988604188" lon="-81.9800029322505" />
			<trkpt lat="36.565375998616219" lon="-81.980216922238469" />
			<trkpt lat="36.565246917307377" lon="-81.980345919728279" />
			<trkpt lat="36.565246917307377" lon="-81.980345919728279" />
			<trkpt lat="36.565139964222908" lon="-81.98045295663178" />
			<trkpt lat="36.565031921491027" lon="-81.980560999363661" />
			<trkpt lat="36.564924968406558" lon="-81.980689996853471" />
			<trkpt lat="36.564817931503057" lon="-81.98079694993794" />
			<trkpt lat="36.564710978418589" lon="-81.98088294826448" />
			<trkpt lat="36.564624980092049" lon="-81.98098998516798" />
			<trkpt lat="36.564538981765509" lon="-81.98107598349452" />
			<trkpt lat="36.564474944025278" lon="-81.98124697431922" />
			<trkpt lat="36.564409984275699" lon="-81.981397932395339" />
			<trkpt lat="36.564345946535468" lon="-81.98154796846211" />
			<trkpt lat="36.564302947372198" lon="-81.981697920709848" />
			<trkpt lat="36.564216949045658" lon="-81.982019953429699" />
			<trkpt lat="36.564195994287729" lon="-81.982191950082779" />
			<trkpt lat="36.564173949882388" lon="-81.982341986149549" />
			<trkpt lat="36.564173949882388" lon="-81.982512976974249" />
			<trkpt lat="36.564152995124459" lon="-81.982663935050368" />
			<trkpt lat="36.564130950719118" lon="-81.982813971117139" />
			<trkpt lat="36.564109995961189" lon="-81.982942968606949" />
			<trkpt lat="36.564109995961189" lon="-81.983070960268378" />
			<trkpt lat="36.564087951555848" lon="-81.983199957758188" />
			<trkpt lat="36.563980998471379" lon="-81.983435992151499" />
			<trkpt lat="36.563680926337838" lon="-81.984165972098708" />
			<trkpt lat="36.563508929684758" lon="-81.984529998153448" />
			<trkpt lat="36.563486969098449" lon="-81.984830992296338" />
			<trkpt lat="36.563486969098449" lon="-81.984959989786148" />
			<trkpt lat="36.563486969098449" lon="-81.984959989786148" />
			<trkpt lat="36.563615966588259" lon="-81.985087981447577" />
			<trkpt lat="36.563723925501108" lon="-81.985195940360427" />
			<trkpt lat="36.563723925501108" lon="-81.985195940360427" />
			<trkpt lat="36.563787963241339" lon="-81.985259978100657" />
			<trkpt lat="36.564066996797919" lon="-81.985259978100657" />
			<trkpt lat="36.564066996797919" lon="-81.985259978100657" />
			<trkpt lat="36.564431944862008" lon="-81.985238939523697" />
			<trkpt lat="36.564516937360168" lon="-81.985238939523697" />
			<trkpt lat="36.564624980092049" lon="-81.985280932858586" />
			<trkpt lat="36.564688934013247" lon="-81.985323932021856" />
			<trkpt lat="36.564688934013247" lon="-81.985323932021856" />
			<trkpt lat="36.564688934013247" lon="-81.985495928674936" />
			<trkpt lat="36.564645934849977" lon="-81.985624926164746" />
			<trkpt lat="36.564645934849977" lon="-81.985624926164746" />
			<trkpt lat="36.564602935686707" lon="-81.985688963904977" />
			<trkpt lat="36.564474944025278" lon="-81.985731963068247" />
			<trkpt lat="36.564388945698738" lon="-81.985753923654556" />
			<trkpt lat="36.564237987622619" lon="-81.985753923654556" />
			<trkpt lat="36.563701964914799" lon="-81.985881999135017" />
			<trkpt lat="36.563701964914799" lon="-81.985881999135017" />
			<trkpt lat="36.563551928848028" lon="-81.985924998298287" />
			<trkpt lat="36.563401976600289" lon="-81.985989958047867" />
			<trkpt lat="36.563293933868408" lon="-81.986096994951367" />
			<trkpt lat="36.563186980783939" lon="-81.986225992441177" />
			<trkpt lat="36.563057983294129" lon="-81.986353984102607" />
			<trkpt lat="36.56280099414289" lon="-81.986632933840156" />
			<trkpt lat="36.56258599832654" lon="-81.986868968233466" />
			<trkpt lat="36.562371924519539" lon="-81.987147917971015" />
			<trkpt lat="36.562285926192999" lon="-81.987297954037786" />
			<trkpt lat="36.562199927866459" lon="-81.987491995096207" />
			<trkpt lat="36.56189993955195" lon="-81.988220969215035" />
			<trkpt lat="36.56174898147583" lon="-81.988585917279124" />
			<trkpt lat="36.561448993161321" lon="-81.989379934966564" />
			<trkpt lat="36.561276996508241" lon="-81.990001956000924" />
			<trkpt lat="36.56121295876801" lon="-81.990452986210585" />
			<trkpt lat="36.56110592186451" lon="-81.991160921752453" />
			<trkpt lat="36.56099796295166" lon="-81.991868941113353" />
			<trkpt lat="36.56089092604816" lon="-81.992576960474253" />
			<trkpt lat="36.56076192855835" lon="-81.993391932919621" />
			<trkpt lat="36.56071892939508" lon="-81.993606928735971" />
			<trkpt lat="36.560611976310611" lon="-81.993778925389051" />
			<trkpt lat="36.560525977984071" lon="-81.993971960619092" />
			<trkpt lat="36.56041894108057" lon="-81.994164995849133" />
			<trkpt lat="36.56033294275403" lon="-81.994379991665483" />
			<trkpt lat="36.56020394526422" lon="-81.994550982490182" />
			<trkpt lat="36.560053993016481" lon="-81.994722979143262" />
			<trkpt lat="36.559903956949711" lon="-81.994872931391001" />
			<trkpt lat="36.559109939262271" lon="-81.995408954098821" />
			<trkpt lat="36.558959987014532" lon="-81.995473997667432" />
			<trkpt lat="36.558787990361452" lon="-81.995537951588631" />
			<trkpt lat="36.558058932423592" lon="-81.995666949078441" />
			<trkpt lat="36.556727970018983" lon="-81.995859984308481" />
			<trkpt lat="36.555955996736884" lon="-81.995881944894791" />
			<trkpt lat="36.555182933807373" lon="-81.995881944894791" />
			<trkpt lat="36.554238963872194" lon="-81.995859984308481" />
			<trkpt lat="36.553895976394415" lon="-81.995773985981941" />
			<trkpt lat="36.553401947021484" lon="-81.995559995993972" />
			<trkpt lat="36.553208995610476" lon="-81.995473997667432" />
			<trkpt lat="36.553037920966744" lon="-81.995408954098821" />
			<trkpt lat="36.552693927660584" lon="-81.99525891803205" />
			<trkpt lat="36.552693927660584" lon="-81.99525891803205" />
			<trkpt lat="36.552522936835885" lon="-81.995194964110851" />
			<trkpt lat="36.552092945203185" lon="-81.994808977469802" />
			<trkpt lat="36.551256934180856" lon="-81.994250994175673" />
			<trkpt lat="36.550934985280037" lon="-81.994057958945632" />
			<trkpt lat="36.550762988626957" lon="-81.994014959782362" />
			<trkpt lat="36.550612952560186" lon="-81.993971960619092" />
			<trkpt lat="36.550440955907106" lon="-81.993992999196053" />
			<trkpt lat="36.550247920677066" lon="-81.994014959782362" />
			<trkpt lat="36.549732936546206" lon="-81.994014959782362" />
			<trkpt lat="36.549732936546206" lon="-81.994014959782362" />
			<trkpt lat="36.549539985135198" lon="-81.993992999196053" />
			<trkpt lat="36.549389949068427" lon="-81.993928961455822" />
			<trkpt lat="36.549239996820688" lon="-81.993842963129282" />
			<trkpt lat="36.549088954925537" lon="-81.993735926225781" />
			<trkpt lat="36.548938918858767" lon="-81.993628973141313" />
			<trkpt lat="36.548488978296518" lon="-81.993327978998423" />
			<trkpt lat="36.548337936401367" lon="-81.993263941258192" />
			<trkpt lat="36.548166945576668" lon="-81.993198981508613" />
			<trkpt lat="36.547694960609078" lon="-81.993027990683913" />
			<trkpt lat="36.547243930399418" lon="-81.992812994867563" />
			<trkpt lat="36.547243930399418" lon="-81.992812994867563" />
			<trkpt lat="36.547093978151679" lon="-81.992726996541023" />
			<trkpt lat="36.54666499234736" lon="-81.992404963821173" />
			<trkpt lat="36.54653599485755" lon="-81.992276972159743" />
			<trkpt lat="36.546256961300969" lon="-81.992040937766433" />
			<trkpt lat="36.545998966321349" lon="-81.991804987192154" />
			<trkpt lat="36.545720938593149" lon="-81.991610946133733" />
			<trkpt lat="36.54556998051703" lon="-81.991568952798843" />
			<trkpt lat="36.5454419888556" lon="-81.991546992212534" />
			<trkpt lat="36.54526999220252" lon="-81.991503993049264" />
			<trkpt lat="36.54514099471271" lon="-81.991503993049264" />
			<trkpt lat="36.5450119972229" lon="-81.991610946133733" />
			<trkpt lat="36.544926920905709" lon="-81.991718988865614" />
			<trkpt lat="36.54481896199286" lon="-81.991868941113353" />
			<trkpt lat="36.544711925089359" lon="-81.992040937766433" />
			<trkpt lat="36.54447597451508" lon="-81.992362970486283" />
			<trkpt lat="36.544303977862" lon="-81.992705957964063" />
			<trkpt lat="36.54428293928504" lon="-81.992898993194103" />
			<trkpt lat="36.54426097869873" lon="-81.993091944605112" />
			<trkpt lat="36.544303977862" lon="-81.993306940421462" />
			<trkpt lat="36.54441193677485" lon="-81.993477931246161" />
			<trkpt lat="36.54451897367835" lon="-81.993628973141313" />
			<trkpt lat="36.544625926762819" lon="-81.993821924552321" />
			<trkpt lat="36.54514099471271" lon="-81.994615942239761" />
			<trkpt lat="36.545290946960449" lon="-81.994915930554271" />
			<trkpt lat="36.54535599052906" lon="-81.995087927207351" />
			<trkpt lat="36.54539898969233" lon="-81.995237963274121" />
			<trkpt lat="36.545419944450259" lon="-81.995387999340892" />
			<trkpt lat="36.545376945286989" lon="-81.995623949915171" />
			<trkpt lat="36.545376945286989" lon="-81.995623949915171" />
			<trkpt lat="36.54522699303925" lon="-81.995859984308481" />
			<trkpt lat="36.54514099471271" lon="-81.995859984308481" />
			<trkpt lat="36.54514099471271" lon="-81.995859984308481" />
			<trkpt lat="36.54503395780921" lon="-81.995881944894791" />
			<trkpt lat="36.544840922579169" lon="-81.995752947404981" />
			<trkpt lat="36.544840922579169" lon="-81.995752947404981" />
			<trkpt lat="36.54469097033143" lon="-81.995666949078441" />
			<trkpt lat="36.54456197284162" lon="-81.995580950751901" />
			<trkpt lat="36.543724955990911" lon="-81.995022967457771" />
			<trkpt lat="36.543595958501101" lon="-81.994936969131231" />
			<trkpt lat="36.543037975206971" lon="-81.994593981653452" />
			<trkpt lat="36.542587950825691" lon="-81.994400946423411" />
			<trkpt lat="36.542265918105841" lon="-81.994228949770331" />
			<trkpt lat="36.542007923126221" lon="-81.994121996685863" />
			<trkpt lat="36.541964923962951" lon="-81.994100958108902" />
			<trkpt lat="36.541750933974981" lon="-81.994035998359323" />
			<trkpt lat="36.541750933974981" lon="-81.994035998359323" />
			<trkpt lat="36.541707934811711" lon="-81.993992999196053" />
			<trkpt lat="36.541664935648441" lon="-81.993949916213751" />
			<trkpt lat="36.541535938158631" lon="-81.993864923715591" />
			<trkpt lat="36.541535938158631" lon="-81.993864923715591" />
			<trkpt lat="36.541299987584352" lon="-81.993692927062511" />
			<trkpt lat="36.541042998433113" lon="-81.993520930409431" />
			<trkpt lat="36.540849963203073" lon="-81.993391932919621" />
			<trkpt lat="36.540849963203073" lon="-81.993391932919621" />
			<trkpt lat="36.540656927973032" lon="-81.993263941258192" />
			<trkpt lat="36.540570929646492" lon="-81.993198981508613" />
			<trkpt lat="36.540570929646492" lon="-81.993198981508613" />
			<trkpt lat="36.540355933830142" lon="-81.992941992357373" />
			<trkpt lat="36.540269935503602" lon="-81.992791956290603" />
			<trkpt lat="36.540012946352363" lon="-81.992404963821173" />
			<trkpt lat="36.539862994104624" lon="-81.992147974669933" />
			<trkpt lat="36.539690997451544" lon="-81.991911940276623" />
			<trkpt lat="36.539604999125004" lon="-81.991782942786813" />
			<trkpt lat="36.539282966405153" lon="-81.991503993049264" />
			<trkpt lat="36.538660945370793" lon="-81.991546992212534" />
			<trkpt lat="36.538681983947754" lon="-81.991696944460273" />
			<trkpt lat="36.538703944534063" lon="-81.993327978998423" />
			<trkpt lat="36.538660945370793" lon="-81.994164995849133" />
			<trkpt lat="36.538660945370793" lon="-81.994722979143262" />
			<trkpt lat="36.538660945370793" lon="-81.995108965784311" />
			<trkpt lat="36.538681983947754" lon="-81.995473997667432" />
			<trkpt lat="36.538703944534063" lon="-81.99605293571949" />
			<trkpt lat="36.538703944534063" lon="-81.996739916503429" />
			<trkpt lat="36.538638984784484" lon="-81.99714794754982" />
			<trkpt lat="36.538553992286325" lon="-81.997576933354139" />
			<trkpt lat="36.538445949554443" lon="-81.998241953551769" />
			<trkpt lat="36.538402950391173" lon="-81.99843498878181" />
			<trkpt lat="36.538338996469975" lon="-81.998842936009169" />
			<trkpt lat="36.538274958729744" lon="-81.999464957043529" />
			<trkpt lat="36.538231959566474" lon="-81.999915987253189" />
			<trkpt lat="36.538188960403204" lon="-82.000129977241158" />
			<trkpt lat="36.538016963750124" lon="-82.001395979896188" />
			<trkpt lat="36.537952926009893" lon="-82.001588931307197" />
			<trkpt lat="36.537887966260314" lon="-82.001803927123547" />
			<trkpt lat="36.537308944389224" lon="-82.002854933962226" />
			<trkpt lat="36.537287989631295" lon="-82.002983931452036" />
			<trkpt lat="36.537287989631295" lon="-82.003090968355536" />
			<trkpt lat="36.537308944389224" lon="-82.003198927268386" />
			<trkpt lat="36.537351943552494" lon="-82.003326918929815" />
			<trkpt lat="36.537394942715764" lon="-82.003477960824966" />
			<trkpt lat="36.537458980455995" lon="-82.003627996891737" />
			<trkpt lat="36.537523940205574" lon="-82.003798987716436" />
			<trkpt lat="36.537587977945805" lon="-82.003949945792556" />
			<trkpt lat="36.537609938532114" lon="-82.004120936617255" />
			<trkpt lat="36.537630977109075" lon="-82.004292933270335" />
			<trkpt lat="36.537609938532114" lon="-82.004464929923415" />
			<trkpt lat="36.537566939368844" lon="-82.004635920748115" />
			<trkpt lat="36.537523940205574" lon="-82.004785956814885" />
			<trkpt lat="36.537330988794565" lon="-82.005129950121045" />
			<trkpt lat="36.537222946062684" lon="-82.005322985351086" />
			<trkpt lat="36.537115992978215" lon="-82.005515936762094" />
			<trkpt lat="36.536922957748175" lon="-82.005880968645215" />
			<trkpt lat="36.536922957748175" lon="-82.005880968645215" />
			<trkpt lat="36.536686923354864" lon="-82.006566943600774" />
			<trkpt lat="36.536579970270395" lon="-82.007103972136974" />
			<trkpt lat="36.536579970270395" lon="-82.007103972136974" />
			<trkpt lat="36.536557925865054" lon="-82.007296923547983" />
			<trkpt lat="36.536536971107125" lon="-82.007489958778024" />
			<trkpt lat="36.536536971107125" lon="-82.007682994008064" />
			<trkpt lat="36.536450972780585" lon="-82.008648924529552" />
			<trkpt lat="36.536385929211974" lon="-82.009227946400642" />
			<trkpt lat="36.536278976127505" lon="-82.009850973263383" />
			<trkpt lat="36.536214938387275" lon="-82.010279959067702" />
			<trkpt lat="36.536106979474425" lon="-82.010901980102062" />
			<trkpt lat="36.536042941734195" lon="-82.011309927329421" />
			<trkpt lat="36.535978987812996" lon="-82.011738996952772" />
			<trkpt lat="36.535870945081115" lon="-82.0123609341681" />
			<trkpt lat="36.535785952582955" lon="-82.01278991997242" />
			<trkpt lat="36.535720992833376" lon="-82.01319795101881" />
			<trkpt lat="36.535656955093145" lon="-82.01375593431294" />
			<trkpt lat="36.535634994506836" lon="-82.013926925137639" />
			<trkpt lat="36.535699954256415" lon="-82.014270918443799" />
			<trkpt lat="36.535699954256415" lon="-82.014270918443799" />
			<trkpt lat="36.535763991996646" lon="-82.01444199308753" />
			<trkpt lat="36.536042941734195" lon="-82.015171973034739" />
			<trkpt lat="36.536042941734195" lon="-82.015171973034739" />
			<trkpt lat="36.536192977800965" lon="-82.015922991558909" />
			<trkpt lat="36.536235976964235" lon="-82.016115942969918" />
			<trkpt lat="36.536235976964235" lon="-82.016308978199959" />
			<trkpt lat="36.536064986139536" lon="-82.017338946461678" />
			<trkpt lat="36.535913944244385" lon="-82.017703978344798" />
			<trkpt lat="36.535549918189645" lon="-82.018561949953437" />
			<trkpt lat="36.535463919863105" lon="-82.018733946606517" />
			<trkpt lat="36.535463919863105" lon="-82.018733946606517" />
			<trkpt lat="36.535205924883485" lon="-82.018969980999827" />
			<trkpt lat="36.535205924883485" lon="-82.018969980999827" />
			<trkpt lat="36.535077933222055" lon="-82.019098978489637" />
			<trkpt lat="36.534690940752625" lon="-82.019420927390456" />
			<trkpt lat="36.534540988504887" lon="-82.019548919051886" />
			<trkpt lat="36.534433951601386" lon="-82.019677916541696" />
			<trkpt lat="36.534326998516917" lon="-82.019806997850537" />
			<trkpt lat="36.534240916371346" lon="-82.019978994503617" />
			<trkpt lat="36.534132957458496" lon="-82.020149985328317" />
			<trkpt lat="36.533832969143987" lon="-82.020664969459176" />
			<trkpt lat="36.533746970817447" lon="-82.020836966112256" />
			<trkpt lat="36.533596934750676" lon="-82.021050956100225" />
			<trkpt lat="36.533596934750676" lon="-82.021050956100225" />
			<trkpt lat="36.533574974164367" lon="-82.021072916686535" />
			<trkpt lat="36.533424938097596" lon="-82.021050956100225" />
			<trkpt lat="36.533253947272897" lon="-82.020986918359995" />
			<trkpt lat="36.533253947272897" lon="-82.020986918359995" />
			<trkpt lat="36.533210948109627" lon="-82.020900920033455" />
			<trkpt lat="36.533124949783087" lon="-82.020793966948986" />
			<trkpt lat="36.533060995861888" lon="-82.020643930882215" />
			<trkpt lat="36.532995952293277" lon="-82.020493978634477" />
			<trkpt lat="36.532781962305307" lon="-82.020020987838507" />
			<trkpt lat="36.532587921246886" lon="-82.019505919888616" />
			<trkpt lat="36.532330932095647" lon="-82.018797984346747" />
			<trkpt lat="36.532115936279297" lon="-82.018282916396856" />
			<trkpt lat="36.531987944617867" lon="-82.017939928919077" />
			<trkpt lat="36.531772948801517" lon="-82.017424944788218" />
			<trkpt lat="36.531600952148438" lon="-82.017081957310438" />
			<trkpt lat="36.531364917755127" lon="-82.016587927937508" />
			<trkpt lat="36.531257964670658" lon="-82.016416937112808" />
			<trkpt lat="36.531042968854308" lon="-82.016072943806648" />
			<trkpt lat="36.530785979703069" lon="-82.015643958002329" />
			<trkpt lat="36.530699981376529" lon="-82.015579920262098" />
			<trkpt lat="36.530592944473028" lon="-82.015493921935558" />
			<trkpt lat="36.530506946146488" lon="-82.015471961349249" />
			<trkpt lat="36.530399993062019" lon="-82.015493921935558" />
			<trkpt lat="36.530291950330138" lon="-82.015579920262098" />
			<trkpt lat="36.530098998919129" lon="-82.015750994905829" />
			<trkpt lat="36.530034961178899" lon="-82.015836993232369" />
			<trkpt lat="36.530034961178899" lon="-82.015836993232369" />
			<trkpt lat="36.529991962015629" lon="-82.015922991558909" />
			<trkpt lat="36.529970923438668" lon="-82.016029944643378" />
			<trkpt lat="36.530013922601938" lon="-82.016158942133188" />
			<trkpt lat="36.530034961178899" lon="-82.016308978199959" />
			<trkpt lat="36.530098998919129" lon="-82.016437975689769" />
			<trkpt lat="36.530592944473028" lon="-82.017252948135138" />
			<trkpt lat="36.530849933624268" lon="-82.017639940604568" />
			<trkpt lat="36.530914977192879" lon="-82.017746977508068" />
			<trkpt lat="36.530935931950808" lon="-82.017896929755807" />
			<trkpt lat="36.530978931114078" lon="-82.018046965822577" />
			<trkpt lat="36.531000975519419" lon="-82.018197923898697" />
			<trkpt lat="36.530978931114078" lon="-82.018497996032238" />
			<trkpt lat="36.530978931114078" lon="-82.018497996032238" />
			<trkpt lat="36.530935931950808" lon="-82.018626993522048" />
			<trkpt lat="36.530785979703069" lon="-82.018776945769787" />
			<trkpt lat="36.530785979703069" lon="-82.018776945769787" />
			<trkpt lat="36.530699981376529" lon="-82.018840983510017" />
			<trkpt lat="36.530613983049989" lon="-82.018840983510017" />
			<trkpt lat="36.530485991388559" lon="-82.018819944933057" />
			<trkpt lat="36.530399993062019" lon="-82.018754985183477" />
			<trkpt lat="36.530270995572209" lon="-82.018690947443247" />
			<trkpt lat="36.529626930132508" lon="-82.018347959965467" />
			<trkpt lat="36.529476977884769" lon="-82.018325999379158" />
			<trkpt lat="36.529390979558229" lon="-82.018304960802197" />
			<trkpt lat="36.529304981231689" lon="-82.018347959965467" />
			<trkpt lat="36.529240943491459" lon="-82.018390959128737" />
			<trkpt lat="36.529197944328189" lon="-82.018540995195508" />
			<trkpt lat="36.529197944328189" lon="-82.018669992685318" />
			<trkpt lat="36.52921998873353" lon="-82.018797984346747" />
			<trkpt lat="36.529304981231689" lon="-82.019098978489637" />
			<trkpt lat="36.529326941817999" lon="-82.019269969314337" />
			<trkpt lat="36.529347980394959" lon="-82.019613962620497" />
			<trkpt lat="36.529369940981269" lon="-82.019784953445196" />
			<trkpt lat="36.529347980394959" lon="-82.019913950935006" />
			<trkpt lat="36.529304981231689" lon="-82.020042948424816" />
			<trkpt lat="36.529154945164919" lon="-82.020256938412786" />
			<trkpt lat="36.529154945164919" lon="-82.020256938412786" />
			<trkpt lat="36.529068946838379" lon="-82.020321981981397" />
			<trkpt lat="36.52896199375391" lon="-82.020342936739326" />
			<trkpt lat="36.52885495685041" lon="-82.020364981144667" />
			<trkpt lat="36.52859696187079" lon="-82.020299937576056" />
			<trkpt lat="36.52818993665278" lon="-82.020171945914626" />
			<trkpt lat="36.52808197773993" lon="-82.020106986165047" />
			<trkpt lat="36.527867987751961" lon="-82.019935995340347" />
			<trkpt lat="36.52758895419538" lon="-82.019741954281926" />
			<trkpt lat="36.52750295586884" lon="-82.019741954281926" />
			<trkpt lat="36.52739591896534" lon="-82.019806997850537" />
			<trkpt lat="36.52739591896534" lon="-82.019806997850537" />
			<trkpt lat="36.5273099206388" lon="-82.019870951771736" />
			<trkpt lat="36.52726692147553" lon="-82.020020987838507" />
			<trkpt lat="36.52724496088922" lon="-82.020171945914626" />
			<trkpt lat="36.52722392231226" lon="-82.020299937576056" />
			<trkpt lat="36.52722392231226" lon="-82.020407980307937" />
			<trkpt lat="36.527202967554331" lon="-82.020535971969366" />
			<trkpt lat="36.527030970901251" lon="-82.020643930882215" />
			<trkpt lat="36.527030970901251" lon="-82.020643930882215" />
			<trkpt lat="36.526944972574711" lon="-82.020664969459176" />
			<trkpt lat="36.52688093483448" lon="-82.020643930882215" />
			<trkpt lat="36.52679493650794" lon="-82.020557932555676" />
			<trkpt lat="36.5267089381814" lon="-82.020450979471207" />
			<trkpt lat="36.526644984260201" lon="-82.020321981981397" />
			<trkpt lat="36.52657994069159" lon="-82.020171945914626" />
			<trkpt lat="36.526451949030161" lon="-82.019806997850537" />
			<trkpt lat="36.526451949030161" lon="-82.019806997850537" />
			<trkpt lat="36.526257991790771" lon="-82.019334929063916" />
			<trkpt lat="36.526150954887271" lon="-82.019076934084296" />
			<trkpt lat="36.526150954887271" lon="-82.019076934084296" />
			<trkpt lat="36.526021957397461" lon="-82.018969980999827" />
			<trkpt lat="36.52591492049396" lon="-82.018840983510017" />
			<trkpt lat="36.52574292384088" lon="-82.018561949953437" />
			<trkpt lat="36.525592971593142" lon="-82.018325999379158" />
			<trkpt lat="36.525592971593142" lon="-82.018325999379158" />
			<trkpt lat="36.525485934689641" lon="-82.018239917233586" />
			<trkpt lat="36.525378981605172" lon="-82.018239917233586" />
			<trkpt lat="36.525120986625552" lon="-82.018218962475657" />
			<trkpt lat="36.524240970611572" lon="-82.018411997705698" />
			<trkpt lat="36.524155978113413" lon="-82.018475951626897" />
			<trkpt lat="36.524155978113413" lon="-82.018475951626897" />
			<trkpt lat="36.524069979786873" lon="-82.018604949116707" />
			<trkpt lat="36.524004936218262" lon="-82.018754985183477" />
			<trkpt lat="36.523961937054992" lon="-82.018948942422867" />
			<trkpt lat="36.523940982297063" lon="-82.019141977652907" />
			<trkpt lat="36.523919943720102" lon="-82.019291929900646" />
			<trkpt lat="36.523940982297063" lon="-82.019463926553726" />
			<trkpt lat="36.523983981460333" lon="-82.019634917378426" />
			<trkpt lat="36.524047935381532" lon="-82.019784953445196" />
			<trkpt lat="36.524133933708072" lon="-82.019935995340347" />
			<trkpt lat="36.524176932871342" lon="-82.020085947588086" />
			<trkpt lat="36.524197971448302" lon="-82.020256938412786" />
			<trkpt lat="36.524197971448302" lon="-82.020450979471207" />
			<trkpt lat="36.524197971448302" lon="-82.020664969459176" />
			<trkpt lat="36.524176932871342" lon="-82.021093955263495" />
			<trkpt lat="36.524133933708072" lon="-82.021501986309886" />
			<trkpt lat="36.524069979786873" lon="-82.021909933537245" />
			<trkpt lat="36.524047935381532" lon="-82.022123923525214" />
			<trkpt lat="36.523983981460333" lon="-82.022273959591985" />
			<trkpt lat="36.523811984807253" lon="-82.022638991475105" />
			<trkpt lat="36.523511996492743" lon="-82.023196974769235" />
			<trkpt lat="36.523318961262703" lon="-82.023561922833323" />
			<trkpt lat="36.523017967119813" lon="-82.024119989946485" />
			<trkpt lat="36.522717978805304" lon="-82.024655928835273" />
			<trkpt lat="36.522395946085453" lon="-82.025256995111704" />
			<trkpt lat="36.522395946085453" lon="-82.025256995111704" />
			<trkpt lat="36.522352946922183" lon="-82.025428991764784" />
			<trkpt lat="36.522374991327524" lon="-82.025707941502333" />
			<trkpt lat="36.522374991327524" lon="-82.025707941502333" />
			<trkpt lat="36.522416984662414" lon="-82.025878932327032" />
			<trkpt lat="36.522567942738533" lon="-82.026393916457891" />
			<trkpt lat="36.522717978805304" lon="-82.027380969375372" />
			<trkpt lat="36.522824931889772" lon="-82.028217986226082" />
			<trkpt lat="36.522910930216312" lon="-82.028775969520211" />
			<trkpt lat="36.522910930216312" lon="-82.028904967010021" />
			<trkpt lat="36.522931968793273" lon="-82.02901192009449" />
			<trkpt lat="36.522889975458384" lon="-82.029118956997991" />
			<trkpt lat="36.522824931889772" lon="-82.02918391674757" />
			<trkpt lat="36.522738933563232" lon="-82.029247954487801" />
			<trkpt lat="36.522631980478764" lon="-82.029290953651071" />
			<trkpt lat="36.522567942738533" lon="-82.029312998056412" />
			<trkpt lat="36.522459983825684" lon="-82.029290953651071" />
			<trkpt lat="36.522395946085453" lon="-82.029247954487801" />
			<trkpt lat="36.522288993000984" lon="-82.02918391674757" />
			<trkpt lat="36.521129943430424" lon="-82.028367938473821" />
			<trkpt lat="36.520292926579714" lon="-82.027745917439461" />
			<trkpt lat="36.519863940775394" lon="-82.027466967701912" />
			<trkpt lat="36.518812933936715" lon="-82.027059942483902" />
			<trkpt lat="36.518039954826236" lon="-82.026651995256543" />
			<trkpt lat="36.517267981544137" lon="-82.026265924796462" />
			<trkpt lat="36.517267981544137" lon="-82.026265924796462" />
			<trkpt lat="36.516773952171206" lon="-82.026029974222183" />
			<trkpt lat="36.516687953844666" lon="-82.026029974222183" />
			<trkpt lat="36.516601955518126" lon="-82.026050928980112" />
			<trkpt lat="36.516559962183237" lon="-82.026093928143382" />
			<trkpt lat="36.516473963856697" lon="-82.026200965046883" />
			<trkpt lat="36.516387965530157" lon="-82.026458960026503" />
			<trkpt lat="36.516387965530157" lon="-82.026458960026503" />
			<trkpt lat="36.516430964693427" lon="-82.026608996093273" />
			<trkpt lat="36.516494918614626" lon="-82.026737993583083" />
			<trkpt lat="36.516559962183237" lon="-82.026887945830822" />
			<trkpt lat="36.517074946314096" lon="-82.028067950159311" />
			<trkpt lat="36.517116939648986" lon="-82.028196947649121" />
			<trkpt lat="36.517116939648986" lon="-82.028325945138931" />
			<trkpt lat="36.517116939648986" lon="-82.028432982042432" />
			<trkpt lat="36.517074946314096" lon="-82.028539935126901" />
			<trkpt lat="36.517031947150826" lon="-82.028646972030401" />
			<trkpt lat="36.516966987401247" lon="-82.028775969520211" />
			<trkpt lat="36.516837989911437" lon="-82.028904967010021" />
			<trkpt lat="36.516494918614626" lon="-82.029290953651071" />
			<trkpt lat="36.516430964693427" lon="-82.029419951140881" />
			<trkpt lat="36.516430964693427" lon="-82.029419951140881" />
			<trkpt lat="36.516301967203617" lon="-82.029741983860731" />
			<trkpt lat="36.516301967203617" lon="-82.029741983860731" />
			<trkpt lat="36.516301967203617" lon="-82.02993493527174" />
			<trkpt lat="36.516280928626657" lon="-82.030084971338511" />
			<trkpt lat="36.516323927789927" lon="-82.03025696799159" />
			<trkpt lat="36.516365921124816" lon="-82.030406920239329" />
			<trkpt lat="36.516537917777896" lon="-82.03072895295918" />
			<trkpt lat="36.516537917777896" lon="-82.03072895295918" />
			<trkpt lat="36.516644954681396" lon="-82.03087898902595" />
			<trkpt lat="36.516988947987556" lon="-82.031500926241279" />
			<trkpt lat="36.517074946314096" lon="-82.031672922894359" />
			<trkpt lat="36.517224982380867" lon="-82.0319729950279" />
			<trkpt lat="36.517288936302066" lon="-82.03210199251771" />
			<trkpt lat="36.517310980707407" lon="-82.032208945602179" />
			<trkpt lat="36.517310980707407" lon="-82.03231698833406" />
			<trkpt lat="36.517288936302066" lon="-82.032444979995489" />
			<trkpt lat="36.517288936302066" lon="-82.032595938071609" />
			<trkpt lat="36.517224982380867" lon="-82.032745974138379" />
			<trkpt lat="36.517009986564517" lon="-82.033238997682929" />
			<trkpt lat="36.516859950497746" lon="-82.033775942400098" />
			<trkpt lat="36.516752997413278" lon="-82.034118929877877" />
			<trkpt lat="36.516687953844666" lon="-82.034225966781378" />
			<trkpt lat="36.516601955518126" lon="-82.034311965107918" />
			<trkpt lat="36.516516963019967" lon="-82.034397963434458" />
			<trkpt lat="36.516387965530157" lon="-82.034419924020767" />
			<trkpt lat="36.516280928626657" lon="-82.034397963434458" />
			<trkpt lat="36.516022933647037" lon="-82.034311965107918" />
			<trkpt lat="36.515872981399298" lon="-82.034268965944648" />
			<trkpt lat="36.515486994758248" lon="-82.034118929877877" />
			<trkpt lat="36.515078963711858" lon="-82.033796980977058" />
			<trkpt lat="36.514928927645087" lon="-82.033796980977058" />
			<trkpt lat="36.514842929318547" lon="-82.033839980140328" />
			<trkpt lat="36.514756930992007" lon="-82.033904939889908" />
			<trkpt lat="36.514713931828737" lon="-82.034011976793408" />
			<trkpt lat="36.514670932665467" lon="-82.034140974283218" />
			<trkpt lat="36.514649977907538" lon="-82.034311965107918" />
			<trkpt lat="36.514627933502197" lon="-82.034483961760998" />
			<trkpt lat="36.514606978744268" lon="-82.034633997827768" />
			<trkpt lat="36.514627933502197" lon="-82.034762995317578" />
			<trkpt lat="36.514692977070808" lon="-82.034869948402047" />
			<trkpt lat="36.514778975397348" lon="-82.034955946728587" />
			<trkpt lat="36.514863967895508" lon="-82.034998945891857" />
			<trkpt lat="36.514992965385318" lon="-82.034998945891857" />
			<trkpt lat="36.515121962875128" lon="-82.035019984468818" />
			<trkpt lat="36.515271998941898" lon="-82.035041945055127" />
			<trkpt lat="36.515421951189637" lon="-82.035062983632088" />
			<trkpt lat="36.515550948679447" lon="-82.035084944218397" />
			<trkpt lat="36.515679946169257" lon="-82.035127943381667" />
			<trkpt lat="36.515829982236028" lon="-82.035212935879827" />
			<trkpt lat="36.515958979725838" lon="-82.035298934206367" />
			<trkpt lat="36.516065932810307" lon="-82.035384932532907" />
			<trkpt lat="36.516601955518126" lon="-82.035749964416027" />
			<trkpt lat="36.516795996576548" lon="-82.035899916663766" />
			<trkpt lat="36.516837989911437" lon="-82.036006953567266" />
			<trkpt lat="36.516837989911437" lon="-82.036006953567266" />
			<trkpt lat="36.516923988237977" lon="-82.036157995462418" />
			<trkpt lat="36.516923988237977" lon="-82.036157995462418" />
			<trkpt lat="36.516880989074707" lon="-82.036414984613657" />
			<trkpt lat="36.516880989074707" lon="-82.036414984613657" />
			<trkpt lat="36.516837989911437" lon="-82.036521937698126" />
			<trkpt lat="36.516752997413278" lon="-82.036607936024666" />
			<trkpt lat="36.516666999086738" lon="-82.036672979593277" />
			<trkpt lat="36.516537917777896" lon="-82.036757972091436" />
			<trkpt lat="36.516301967203617" lon="-82.036908930167556" />
			<trkpt lat="36.515915980562568" lon="-82.037165919318795" />
			<trkpt lat="36.515786983072758" lon="-82.037229957059026" />
			<trkpt lat="36.515657985582948" lon="-82.037251917645335" />
			<trkpt lat="36.515529993921518" lon="-82.037251917645335" />
			<trkpt lat="36.515400996431708" lon="-82.037272956222296" />
			<trkpt lat="36.514606978744268" lon="-82.037187963724136" />
			<trkpt lat="36.514177992939949" lon="-82.037187963724136" />
			<trkpt lat="36.514048995450139" lon="-82.037208918482065" />
			<trkpt lat="36.513984957709908" lon="-82.037229957059026" />
			<trkpt lat="36.513876998797059" lon="-82.037358954548836" />
			<trkpt lat="36.513833999633789" lon="-82.037487952038646" />
			<trkpt lat="36.513812961056828" lon="-82.037637988105416" />
			<trkpt lat="36.513812961056828" lon="-82.037766985595226" />
			<trkpt lat="36.513855960220098" lon="-82.037895983085036" />
			<trkpt lat="36.513898959383368" lon="-82.037959937006235" />
			<trkpt lat="36.514134993776679" lon="-82.038088934496045" />
			<trkpt lat="36.514134993776679" lon="-82.038088934496045" />
			<trkpt lat="36.514220992103219" lon="-82.038109973073006" />
			<trkpt lat="36.514348983764648" lon="-82.038131933659315" />
			<trkpt lat="36.514456942677498" lon="-82.038131933659315" />
			<trkpt lat="36.514584934338927" lon="-82.038152972236276" />
			<trkpt lat="36.514670932665467" lon="-82.038217931985855" />
			<trkpt lat="36.514735976234078" lon="-82.038302924484015" />
			<trkpt lat="36.514778975397348" lon="-82.038367968052626" />
			<trkpt lat="36.514799930155277" lon="-82.038453966379166" />
			<trkpt lat="36.514778975397348" lon="-82.038581958040595" />
			<trkpt lat="36.514735976234078" lon="-82.038689916953444" />
			<trkpt lat="36.514649977907538" lon="-82.038860991597176" />
			<trkpt lat="36.514584934338927" lon="-82.039032988250256" />
			<trkpt lat="36.514477981254458" lon="-82.039182940497994" />
			<trkpt lat="36.514370944350958" lon="-82.039311937987804" />
			<trkpt lat="36.514241946861148" lon="-82.039418974891305" />
			<trkpt lat="36.514112949371338" lon="-82.039504973217845" />
			<trkpt lat="36.513984957709908" lon="-82.039590971544385" />
			<trkpt lat="36.513833999633789" lon="-82.039633970707655" />
			<trkpt lat="36.513683963567019" lon="-82.039697924628854" />
			<trkpt lat="36.513533927500248" lon="-82.039740923792124" />
			<trkpt lat="36.512675955891609" lon="-82.039912920445204" />
			<trkpt lat="36.51110895909369" lon="-82.039568927139044" />
			<trkpt lat="36.510078990831971" lon="-82.039354937151074" />
			<trkpt lat="36.510078990831971" lon="-82.039354937151074" />
			<trkpt lat="36.509993998333812" lon="-82.039375975728035" />
			<trkpt lat="36.509928954765201" lon="-82.039375975728035" />
			<trkpt lat="36.50986491702497" lon="-82.039483934640884" />
			<trkpt lat="36.5098219178617" lon="-82.039611926302314" />
			<trkpt lat="36.509842956438661" lon="-82.039697924628854" />
			<trkpt lat="36.509885955601931" lon="-82.039804961532354" />
			<trkpt lat="36.509928954765201" lon="-82.039890959858894" />
			<trkpt lat="36.510035991668701" lon="-82.039912920445204" />
			<trkpt lat="36.510143950581551" lon="-82.039933959022164" />
			<trkpt lat="36.51027194224298" lon="-82.039976958185434" />
			<trkpt lat="36.510722972452641" lon="-82.040083995088935" />
			<trkpt lat="36.51119495742023" lon="-82.040276946499944" />
			<trkpt lat="36.511709941551089" lon="-82.040491942316294" />
			<trkpt lat="36.512181926518679" lon="-82.040684977546334" />
			<trkpt lat="36.512460960075259" lon="-82.040791930630803" />
			<trkpt lat="36.512460960075259" lon="-82.040791930630803" />
			<trkpt lat="36.51261099614203" lon="-82.040813975036144" />
			<trkpt lat="36.512889945879579" lon="-82.040834929794073" />
			<trkpt lat="36.513490928336978" lon="-82.040791930630803" />
			<trkpt lat="36.513791922479868" lon="-82.040770975872874" />
			<trkpt lat="36.514048995450139" lon="-82.040749937295914" />
			<trkpt lat="36.514155948534608" lon="-82.040791930630803" />
			<trkpt lat="36.514284946024418" lon="-82.040813975036144" />
			<trkpt lat="36.514284946024418" lon="-82.040813975036144" />
			<trkpt lat="36.514348983764648" lon="-82.040877928957343" />
			<trkpt lat="36.514434982091188" lon="-82.040963927283883" />
			<trkpt lat="36.514499941840768" lon="-82.041028970852494" />
			<trkpt lat="36.514520980417728" lon="-82.041113963350654" />
			<trkpt lat="36.514520980417728" lon="-82.041242960840464" />
			<trkpt lat="36.514520980417728" lon="-82.041349997743964" />
			<trkpt lat="36.514477981254458" lon="-82.041478995233774" />
			<trkpt lat="36.514391982927918" lon="-82.041607992723584" />
			<trkpt lat="36.514327945187688" lon="-82.041757944971323" />
			<trkpt lat="36.514220992103219" lon="-82.041864981874824" />
			<trkpt lat="36.513662924990058" lon="-82.042315928265452" />
			<trkpt lat="36.513554966077209" lon="-82.042379966005683" />
			<trkpt lat="36.513554966077209" lon="-82.042379966005683" />
			<trkpt lat="36.513447929173708" lon="-82.042401926591992" />
			<trkpt lat="36.513318931683898" lon="-82.042444925755262" />
			<trkpt lat="36.513190940022469" lon="-82.042465964332223" />
			<trkpt lat="36.513061942532659" lon="-82.042444925755262" />
			<trkpt lat="36.51295498944819" lon="-82.042422965168953" />
			<trkpt lat="36.51282599195838" lon="-82.042401926591992" />
			<trkpt lat="36.51269699446857" lon="-82.042379966005683" />
			<trkpt lat="36.51211797259748" lon="-82.042015939950943" />
			<trkpt lat="36.51190297678113" lon="-82.041821982711554" />
			<trkpt lat="36.511623943224549" lon="-82.041693991050124" />
			<trkpt lat="36.511623943224549" lon="-82.041693991050124" />
			<trkpt lat="36.510980967432261" lon="-82.041628947481513" />
			<trkpt lat="36.510894969105721" lon="-82.041628947481513" />
			<trkpt lat="36.510808970779181" lon="-82.041650991886854" />
			<trkpt lat="36.51074493303895" lon="-82.041693991050124" />
			<trkpt lat="36.510679973289371" lon="-82.041757944971323" />
			<trkpt lat="36.51065893471241" lon="-82.041864981874824" />
			<trkpt lat="36.510636974126101" lon="-82.041972940787673" />
			<trkpt lat="36.51065893471241" lon="-82.042079977691174" />
			<trkpt lat="36.510722972452641" lon="-82.042186930775642" />
			<trkpt lat="36.510808970779181" lon="-82.042272929102182" />
			<trkpt lat="36.510915923863649" lon="-82.042336966842413" />
			<trkpt lat="36.511881938204169" lon="-82.043130984529853" />
			<trkpt lat="36.511881938204169" lon="-82.043130984529853" />
			<trkpt lat="36.51203197427094" lon="-82.043388979509473" />
			<trkpt lat="36.51203197427094" lon="-82.043388979509473" />
			<trkpt lat="36.51211797259748" lon="-82.043495932593942" />
			<trkpt lat="36.512288963422179" lon="-82.043860964477062" />
			<trkpt lat="36.512310924008489" lon="-82.043989961966872" />
			<trkpt lat="36.512331962585449" lon="-82.044096998870373" />
			<trkpt lat="36.512310924008489" lon="-82.044246951118112" />
			<trkpt lat="36.512288963422179" lon="-82.044332949444652" />
			<trkpt lat="36.51224697008729" lon="-82.044418947771192" />
			<trkpt lat="36.512224925681949" lon="-82.044525984674692" />
			<trkpt lat="36.512181926518679" lon="-82.044611983001232" />
			<trkpt lat="36.51211797259748" lon="-82.044697981327772" />
			<trkpt lat="36.512010935693979" lon="-82.044804934412241" />
			<trkpt lat="36.510872924700379" lon="-82.045662989839911" />
			<trkpt lat="36.509370971471071" lon="-82.046435968950391" />
			<trkpt lat="36.509027983993292" lon="-82.0467359572649" />
			<trkpt lat="36.509027983993292" lon="-82.0467359572649" />
			<trkpt lat="36.508941985666752" lon="-82.046843999996781" />
			<trkpt lat="36.508877947926521" lon="-82.047014990821481" />
			<trkpt lat="36.508812988176942" lon="-82.04716494306922" />
			<trkpt lat="36.508576953783631" lon="-82.047636928036809" />
			<trkpt lat="36.508340919390321" lon="-82.0481519959867" />
			<trkpt lat="36.507396949455142" lon="-82.049289923161268" />
			<trkpt lat="36.506194984540343" lon="-82.050748961046338" />
			<trkpt lat="36.505572963505983" lon="-82.052164999768138" />
			<trkpt lat="36.505272975191474" lon="-82.053022971376777" />
			<trkpt lat="36.505079939961433" lon="-82.053537955507636" />
			<trkpt lat="36.504821944981813" lon="-82.054267935454845" />
			<trkpt lat="36.504628993570805" lon="-82.054803958162665" />
			<trkpt lat="36.504435958340764" lon="-82.055318942293525" />
			<trkpt lat="36.504135970026255" lon="-82.056155959144235" />
			<trkpt lat="36.503620985895395" lon="-82.057571997866035" />
			<trkpt lat="36.503620985895395" lon="-82.057571997866035" />
			<trkpt lat="36.503255954012275" lon="-82.058580927550793" />
			<trkpt lat="36.503105917945504" lon="-82.059030951932073" />
			<trkpt lat="36.503083957359195" lon="-82.059073951095343" />
			<trkpt lat="36.502933921292424" lon="-82.059159949421883" />
			<trkpt lat="36.502847922965884" lon="-82.059202948585153" />
			<trkpt lat="36.502697970718145" lon="-82.059224992990494" />
			<trkpt lat="36.502697970718145" lon="-82.059224992990494" />
			<trkpt lat="36.502482974901795" lon="-82.059181993827224" />
			<trkpt lat="36.502354983240366" lon="-82.059138994663954" />
			<trkpt lat="36.502203941345215" lon="-82.059095995500684" />
			<trkpt lat="36.501302970573306" lon="-82.058837916702032" />
			<trkpt lat="36.501045981422067" lon="-82.058773962780833" />
			<trkpt lat="36.500658988952637" lon="-82.058666925877333" />
			<trkpt lat="36.500015929341316" lon="-82.058494929224253" />
			<trkpt lat="36.499628936871886" lon="-82.058387976139784" />
			<trkpt lat="36.499242950230837" lon="-82.058365931734443" />
			<trkpt lat="36.499156951904297" lon="-82.058387976139784" />
			<trkpt lat="36.499049998819828" lon="-82.058430975303054" />
			<trkpt lat="36.498985961079597" lon="-82.058494929224253" />
			<trkpt lat="36.498899962753057" lon="-82.058558966964483" />
			<trkpt lat="36.498856963589787" lon="-82.058709925040603" />
			<trkpt lat="36.498835925012827" lon="-82.058859961107373" />
			<trkpt lat="36.498813964426517" lon="-82.058988958597183" />
			<trkpt lat="36.498813964426517" lon="-82.059181993827224" />
			<trkpt lat="36.498856963589787" lon="-82.059803931042552" />
			<trkpt lat="36.498813964426517" lon="-82.059953967109323" />
			<trkpt lat="36.498792925849557" lon="-82.060082964599133" />
			<trkpt lat="36.498749926686287" lon="-82.060211962088943" />
			<trkpt lat="36.498663928359747" lon="-82.060318998992443" />
			<trkpt lat="36.498577930033207" lon="-82.060447996482253" />
			<trkpt lat="36.498470976948738" lon="-82.060554949566722" />
			<trkpt lat="36.498362934216857" lon="-82.060683947056532" />
			<trkpt lat="36.497654998674989" lon="-82.061541918665171" />
			<trkpt lat="36.497461963444948" lon="-82.061756998300552" />
			<trkpt lat="36.497247973456979" lon="-82.062120940536261" />
			<trkpt lat="36.496517993509769" lon="-82.06381693482399" />
			<trkpt lat="36.496367957442999" lon="-82.0640529692173" />
			<trkpt lat="36.496281959116459" lon="-82.064159922301769" />
			<trkpt lat="36.496066963300109" lon="-82.06435295753181" />
			<trkpt lat="36.495616938918829" lon="-82.064738944172859" />
			<trkpt lat="36.4951659925282" lon="-82.06514697521925" />
			<trkpt lat="36.494865920394659" lon="-82.065425924956799" />
			<trkpt lat="36.49471596814692" lon="-82.065597921609879" />
			<trkpt lat="36.494650924578309" lon="-82.065704958513379" />
			<trkpt lat="36.494650924578309" lon="-82.065704958513379" />
			<trkpt lat="36.49462996982038" lon="-82.06585499458015" />
			<trkpt lat="36.49462996982038" lon="-82.06598399206996" />
			<trkpt lat="36.494693923741579" lon="-82.06611298955977" />
			<trkpt lat="36.494779922068119" lon="-82.066197982057929" />
			<trkpt lat="36.49488695897162" lon="-82.066262941807508" />
			<trkpt lat="36.494994917884469" lon="-82.066305940970778" />
			<trkpt lat="36.49510195478797" lon="-82.066348940134048" />
			<trkpt lat="36.495444942265749" lon="-82.066498976200819" />
			<trkpt lat="36.495573939755559" lon="-82.066541975364089" />
			<trkpt lat="36.49568097665906" lon="-82.066605929285288" />
			<trkpt lat="36.496131923049688" lon="-82.066948916763067" />
			<trkpt lat="36.496345996856689" lon="-82.067141951993108" />
			<trkpt lat="36.496732989326119" lon="-82.067485945299268" />
			<trkpt lat="36.496817981824279" lon="-82.067549983039498" />
			<trkpt lat="36.496860980987549" lon="-82.067592982202768" />
			<trkpt lat="36.496860980987549" lon="-82.067678980529308" />
			<trkpt lat="36.496817981824279" lon="-82.067871931940317" />
			<trkpt lat="36.496775988489389" lon="-82.067935969680548" />
			<trkpt lat="36.496689990162849" lon="-82.068021968007088" />
			<trkpt lat="36.496624946594238" lon="-82.068086927756667" />
			<trkpt lat="36.496517993509769" lon="-82.068129926919937" />
			<trkpt lat="36.496388996019959" lon="-82.068171920254827" />
			<trkpt lat="36.496388996019959" lon="-82.068171920254827" />
			<trkpt lat="36.495830928906798" lon="-82.068171920254827" />
			<trkpt lat="36.49555197916925" lon="-82.068193964660168" />
			<trkpt lat="36.495037917047739" lon="-82.068214919418097" />
			<trkpt lat="36.49439393542707" lon="-82.068365961313248" />
			<trkpt lat="36.493813991546631" lon="-82.068493952974677" />
			<trkpt lat="36.493148971349001" lon="-82.068644994869828" />
			<trkpt lat="36.49286993779242" lon="-82.068708948791027" />
			<trkpt lat="36.491238987073302" lon="-82.069073980674148" />
			<trkpt lat="36.490659965202212" lon="-82.069201972335577" />
			<trkpt lat="36.490230979397893" lon="-82.069309931248426" />
			<trkpt lat="36.489801993593574" lon="-82.069416968151927" />
			<trkpt lat="36.489372923970222" lon="-82.069502966478467" />
			<trkpt lat="36.488835979253054" lon="-82.069695917889476" />
			<trkpt lat="36.488835979253054" lon="-82.069695917889476" />
			<trkpt lat="36.488706981763244" lon="-82.069759955629706" />
			<trkpt lat="36.488578990101814" lon="-82.069824999198318" />
			<trkpt lat="36.488470947369933" lon="-82.069931952282786" />
			<trkpt lat="36.488363994285464" lon="-82.070038989186287" />
			<trkpt lat="36.488256957381964" lon="-82.070167986676097" />
			<trkpt lat="36.487569976598024" lon="-82.070725969970226" />
			<trkpt lat="36.487462939694524" lon="-82.070789923891425" />
			<trkpt lat="36.487376941367984" lon="-82.070832923054695" />
			<trkpt lat="36.487119952216744" lon="-82.070897966623306" />
			<trkpt lat="36.487054992467165" lon="-82.070875922217965" />
			<trkpt lat="36.486926916986704" lon="-82.070897966623306" />
			<trkpt lat="36.486904956400394" lon="-82.070961920544505" />
			<trkpt lat="36.486883917823434" lon="-82.071068957448006" />
			<trkpt lat="36.486861957237124" lon="-82.071154955774546" />
			<trkpt lat="36.486689960584044" lon="-82.071691984310746" />
			<trkpt lat="36.486689960584044" lon="-82.071691984310746" />
			<trkpt lat="36.486647967249155" lon="-82.071755938231945" />
			<trkpt lat="36.486518969759345" lon="-82.071841936558485" />
			<trkpt lat="36.486518969759345" lon="-82.071841936558485" />
			<trkpt lat="36.486432971432805" lon="-82.071841936558485" />
			<trkpt lat="36.486346973106265" lon="-82.071798937395215" />
			<trkpt lat="36.485831988975406" lon="-82.071648985147476" />
			<trkpt lat="36.485724952071905" lon="-82.071626940742135" />
			<trkpt lat="36.485552955418825" lon="-82.071691984310746" />
			<trkpt lat="36.485552955418825" lon="-82.071691984310746" />
			<trkpt lat="36.485509956255555" lon="-82.071712939068675" />
			<trkpt lat="36.485466957092285" lon="-82.071798937395215" />
			<trkpt lat="36.485445918515325" lon="-82.071862975135446" />
			<trkpt lat="36.485488917678595" lon="-82.072012927383184" />
			<trkpt lat="36.485488917678595" lon="-82.072012927383184" />
			<trkpt lat="36.485531916841865" lon="-82.072077970951796" />
			<trkpt lat="36.485595954582095" lon="-82.072163969278336" />
			<trkpt lat="36.485660998150706" lon="-82.072227923199534" />
			<trkpt lat="36.485960986465216" lon="-82.072442919015884" />
			<trkpt lat="36.486174976453185" lon="-82.072613993659616" />
			<trkpt lat="36.486539924517274" lon="-82.072914987802505" />
			<trkpt lat="36.486732959747314" lon="-82.073064940050244" />
			<trkpt lat="36.486990954726934" lon="-82.073343973606825" />
			<trkpt lat="36.487204944714904" lon="-82.073665922507644" />
			<trkpt lat="36.487355986610055" lon="-82.073879996314645" />
			<trkpt lat="36.487419940531254" lon="-82.074008993804455" />
			<trkpt lat="36.487634936347604" lon="-82.074351981282234" />
			<trkpt lat="36.487698974087834" lon="-82.074480978772044" />
			<trkpt lat="36.487977923825383" lon="-82.074974924325943" />
			<trkpt lat="36.488170959055424" lon="-82.075188998132944" />
			<trkpt lat="36.488513946533203" lon="-82.075574984773993" />
			<trkpt lat="36.488621989265084" lon="-82.075767936185002" />
			<trkpt lat="36.488621989265084" lon="-82.075767936185002" />
			<trkpt lat="36.488749980926514" lon="-82.076089968904853" />
			<trkpt lat="36.488835979253054" lon="-82.076647952198982" />
			<trkpt lat="36.488985931500793" lon="-82.077248934656382" />
			<trkpt lat="36.489350963383913" lon="-82.078063990920782" />
			<trkpt lat="36.489350963383913" lon="-82.078063990920782" />
			<trkpt lat="36.489715995267034" lon="-82.078600935637951" />
			<trkpt lat="36.489822948351502" lon="-82.078686933964491" />
			<trkpt lat="36.489908946678042" lon="-82.078729933127761" />
			<trkpt lat="36.490037944167852" lon="-82.078772932291031" />
			<trkpt lat="36.490144981071353" lon="-82.07881492562592" />
			<trkpt lat="36.490831961855292" lon="-82.07907292060554" />
			<trkpt lat="36.490938998758793" lon="-82.07911591976881" />
			<trkpt lat="36.491496982052922" lon="-82.079329993575811" />
			<trkpt lat="36.491818930953741" lon="-82.079544989392161" />
			<trkpt lat="36.491925967857242" lon="-82.07960894331336" />
			<trkpt lat="36.492011966183782" lon="-82.07965194247663" />
			<trkpt lat="36.49211891926825" lon="-82.079673986881971" />
			<trkpt lat="36.492226962000132" lon="-82.07965194247663" />
			<trkpt lat="36.492311954498291" lon="-82.079630987718701" />
			<trkpt lat="36.492376998066902" lon="-82.07960894331336" />
			<trkpt lat="36.492526950314641" lon="-82.07965194247663" />
			<trkpt lat="36.492569949477911" lon="-82.07973794080317" />
			<trkpt lat="36.492569949477911" lon="-82.07973794080317" />
			<trkpt lat="36.492590988054872" lon="-82.079802984371781" />
			<trkpt lat="36.492590988054872" lon="-82.079887976869941" />
			<trkpt lat="36.492526950314641" lon="-82.080059973523021" />
			<trkpt lat="36.492526950314641" lon="-82.080059973523021" />
			<trkpt lat="36.492440951988101" lon="-82.08012392744422" />
			<trkpt lat="36.492333998903632" lon="-82.08016692660749" />
			<trkpt lat="36.491668978706002" lon="-82.08053195849061" />
			<trkpt lat="36.491560935974121" lon="-82.08057495765388" />
			<trkpt lat="36.490659965202212" lon="-82.08070395514369" />
			<trkpt lat="36.489930991083384" lon="-82.08078995347023" />
			<trkpt lat="36.489822948351502" lon="-82.080810992047191" />
			<trkpt lat="36.489715995267034" lon="-82.080853991210461" />
			<trkpt lat="36.489651957526803" lon="-82.080896990373731" />
			<trkpt lat="36.489586997777224" lon="-82.0810039434582" />
			<trkpt lat="36.489522960036993" lon="-82.081089941784739" />
			<trkpt lat="36.489264965057373" lon="-82.08141197450459" />
			<trkpt lat="36.489179972559214" lon="-82.081475928425789" />
			<trkpt lat="36.489093974232674" lon="-82.081518927589059" />
			<trkpt lat="36.488985931500793" lon="-82.08158397115767" />
			<trkpt lat="36.488900939002633" lon="-82.081647925078869" />
			<trkpt lat="36.488621989265084" lon="-82.081819921731949" />
			<trkpt lat="36.488342955708504" lon="-82.08199099637568" />
			<trkpt lat="36.488256957381964" lon="-82.08203399553895" />
			<trkpt lat="36.488149920478463" lon="-82.082097949460149" />
			<trkpt lat="36.488084960728884" lon="-82.082183947786689" />
			<trkpt lat="36.488041961565614" lon="-82.08229199051857" />
			<trkpt lat="36.487998962402344" lon="-82.082398943603039" />
			<trkpt lat="36.487955963239074" lon="-82.082527941092849" />
			<trkpt lat="36.487934924662113" lon="-82.082956926897168" />
			<trkpt lat="36.487955963239074" lon="-82.083085924386978" />
			<trkpt lat="36.487977923825383" lon="-82.083321958780289" />
			<trkpt lat="36.487977923825383" lon="-82.083321958780289" />
			<trkpt lat="36.488020922988653" lon="-82.083385996520519" />
			<trkpt lat="36.488106921315193" lon="-82.083471994847059" />
			<trkpt lat="36.488170959055424" lon="-82.083557993173599" />
			<trkpt lat="36.488449992612004" lon="-82.083814982324839" />
			<trkpt lat="36.488835979253054" lon="-82.084136931225657" />
			<trkpt lat="36.489028930664062" lon="-82.084308927878737" />
			<trkpt lat="36.489179972559214" lon="-82.084501963108778" />
			<trkpt lat="36.489243926480412" lon="-82.084587961435318" />
			<trkpt lat="36.489307964220643" lon="-82.084694998338819" />
			<trkpt lat="36.489350963383913" lon="-82.084801951423287" />
			<trkpt lat="36.489393962547183" lon="-82.084908988326788" />
			<trkpt lat="36.489393962547183" lon="-82.084994986653328" />
			<trkpt lat="36.489329924806952" lon="-82.085209982469678" />
			<trkpt lat="36.489329924806952" lon="-82.085209982469678" />
			<trkpt lat="36.489307964220643" lon="-82.085316935554147" />
			<trkpt lat="36.489243926480412" lon="-82.085423972457647" />
			<trkpt lat="36.489157928153872" lon="-82.085531931370497" />
			<trkpt lat="36.489093974232674" lon="-82.085617929697037" />
			<trkpt lat="36.489007975906134" lon="-82.085724966600537" />
			<trkpt lat="36.488814940676093" lon="-82.085874918848276" />
			<trkpt lat="36.488385954871774" lon="-82.086174990981817" />
			<trkpt lat="36.488170959055424" lon="-82.086325949057937" />
			<trkpt lat="36.487848926335573" lon="-82.086561983451247" />
			<trkpt lat="36.487483978271484" lon="-82.086883932352066" />
			<trkpt lat="36.487376941367984" lon="-82.086968924850225" />
			<trkpt lat="36.487290943041444" lon="-82.087054923176765" />
			<trkpt lat="36.487204944714904" lon="-82.087161960080266" />
			<trkpt lat="36.487119952216744" lon="-82.087290957570076" />
			<trkpt lat="36.487033953890204" lon="-82.087398916482925" />
			<trkpt lat="36.486582923680544" lon="-82.088470961898565" />
			<trkpt lat="36.486561968922615" lon="-82.088599959388375" />
			<trkpt lat="36.486518969759345" lon="-82.088749995455146" />
			<trkpt lat="36.486496925354004" lon="-82.089007990434766" />
			<trkpt lat="36.486496925354004" lon="-82.089286940172315" />
			<trkpt lat="36.486475970596075" lon="-82.089436976239085" />
			<trkpt lat="36.486518969759345" lon="-82.089565973728895" />
			<trkpt lat="36.486582923680544" lon="-82.089672926813364" />
			<trkpt lat="36.486647967249155" lon="-82.089801924303174" />
			<trkpt lat="36.486689960584044" lon="-82.089908961206675" />
			<trkpt lat="36.486732959747314" lon="-82.090015998110175" />
			<trkpt lat="36.486754920333624" lon="-82.090037958696485" />
			<trkpt lat="36.486754920333624" lon="-82.090144995599985" />
			<trkpt lat="36.486689960584044" lon="-82.090273993089795" />
			<trkpt lat="36.486561968922615" lon="-82.090359991416335" />
			<trkpt lat="36.486561968922615" lon="-82.090359991416335" />
			<trkpt lat="36.486453926190734" lon="-82.090380946174264" />
			<trkpt lat="36.486346973106265" lon="-82.090423945337534" />
			<trkpt lat="36.486217975616455" lon="-82.090466944500804" />
			<trkpt lat="36.485960986465216" lon="-82.090466944500804" />
			<trkpt lat="36.485681952908635" lon="-82.090487983077765" />
			<trkpt lat="36.485466957092285" lon="-82.090487983077765" />
			<trkpt lat="36.485230922698975" lon="-82.090509943664074" />
			<trkpt lat="36.485016932711005" lon="-82.090552942827344" />
			<trkpt lat="36.484887935221195" lon="-82.090616980567575" />
			<trkpt lat="36.484780982136726" lon="-82.090659979730844" />
			<trkpt lat="36.484694983810186" lon="-82.090702978894114" />
			<trkpt lat="36.484565986320376" lon="-82.090745978057384" />
			<trkpt lat="36.484479987993836" lon="-82.090809931978583" />
			<trkpt lat="36.484372951090336" lon="-82.090917974710464" />
			<trkpt lat="36.484286952763796" lon="-82.091002967208624" />
			<trkpt lat="36.484115961939096" lon="-82.091196924448013" />
			<trkpt lat="36.483814967796206" lon="-82.091496996581554" />
			<trkpt lat="36.483299983665347" lon="-82.092011980712414" />
			<trkpt lat="36.482977950945497" lon="-82.092333929613233" />
			<trkpt lat="36.482913997024298" lon="-82.092440966516733" />
			<trkpt lat="36.482827998697758" lon="-82.092547919601202" />
			<trkpt lat="36.482591964304447" lon="-82.092912951484323" />
			<trkpt lat="36.482591964304447" lon="-82.092912951484323" />
			<trkpt lat="36.482334975153208" lon="-82.093277983367443" />
			<trkpt lat="36.482162978500128" lon="-82.093492979183793" />
			<trkpt lat="36.482119979336858" lon="-82.093556933104992" />
			<trkpt lat="36.482012942433357" lon="-82.093599932268262" />
			<trkpt lat="36.481819991022348" lon="-82.093706969171762" />
			<trkpt lat="36.481733992695808" lon="-82.093749968335032" />
			<trkpt lat="36.481625949963927" lon="-82.093792967498302" />
			<trkpt lat="36.481282962486148" lon="-82.093964964151382" />
			<trkpt lat="36.481282962486148" lon="-82.093964964151382" />
			<trkpt lat="36.481046928092837" lon="-82.094071917235851" />
			<trkpt lat="36.480939975008368" lon="-82.094135954976082" />
			<trkpt lat="36.480853976681828" lon="-82.094221953302622" />
			<trkpt lat="36.480746939778328" lon="-82.094328990206122" />
			<trkpt lat="36.480338992550969" lon="-82.094758981838822" />
			<trkpt lat="36.479952922090888" lon="-82.095079924911261" />
			<trkpt lat="36.479844963178039" lon="-82.095165923237801" />
			<trkpt lat="36.47890099324286" lon="-82.095916941761971" />
			<trkpt lat="36.478600921109319" lon="-82.096152976155281" />
			<trkpt lat="36.47853696718812" lon="-82.09621793590486" />
			<trkpt lat="36.478428924456239" lon="-82.09626093506813" />
			<trkpt lat="36.478342926129699" lon="-82.09630292840302" />
			<trkpt lat="36.47823597304523" lon="-82.096324972808361" />
			<trkpt lat="36.478042937815189" lon="-82.096367971971631" />
			<trkpt lat="36.47774294950068" lon="-82.09634592756629" />
			<trkpt lat="36.477270964533091" lon="-82.09630292840302" />
			<trkpt lat="36.477141967043281" lon="-82.096281973645091" />
			<trkpt lat="36.477141967043281" lon="-82.096281973645091" />
			<trkpt lat="36.477119922637939" lon="-82.096324972808361" />
			<trkpt lat="36.477098967880011" lon="-82.096367971971631" />
			<trkpt lat="36.477076923474669" lon="-82.096453970298171" />
			<trkpt lat="36.477055968716741" lon="-82.096539968624711" />
			<trkpt lat="36.477055968716741" lon="-82.09664692170918" />
			<trkpt lat="36.477076923474669" lon="-82.09675395861268" />
			<trkpt lat="36.477076923474669" lon="-82.09688295610249" />
			<trkpt lat="36.477227965369821" lon="-82.09741897881031" />
			<trkpt lat="36.477270964533091" lon="-82.09754797630012" />
			<trkpt lat="36.47731295786798" lon="-82.097697928547859" />
			<trkpt lat="36.477334918454289" lon="-82.097826926037669" />
			<trkpt lat="36.477377917617559" lon="-82.09797696210444" />
			<trkpt lat="36.47739895619452" lon="-82.09808399900794" />
			<trkpt lat="36.477506998926401" lon="-82.09877097979188" />
			<trkpt lat="36.47748495452106" lon="-82.098877932876348" />
			<trkpt lat="36.47744195535779" lon="-82.099392917007208" />
			<trkpt lat="36.477420916780829" lon="-82.099543958902359" />
			<trkpt lat="36.477420916780829" lon="-82.09969399496913" />
			<trkpt lat="36.47744195535779" lon="-82.100508967414498" />
			<trkpt lat="36.47744195535779" lon="-82.101045995950699" />
			<trkpt lat="36.47744195535779" lon="-82.101409938186407" />
			<trkpt lat="36.47744195535779" lon="-82.101474981755018" />
			<trkpt lat="36.477377917617559" lon="-82.101603979244828" />
			<trkpt lat="36.477377917617559" lon="-82.101624934002757" />
			<trkpt lat="36.477248920127749" lon="-82.101710932329297" />
			<trkpt lat="36.477162921801209" lon="-82.101753931492567" />
			<trkpt lat="36.477055968716741" lon="-82.101839929819107" />
			<trkpt lat="36.476926971226931" lon="-82.101924922317266" />
			<trkpt lat="36.476433947682381" lon="-82.102396991103888" />
			<trkpt lat="36.476368987932801" lon="-82.102482989430428" />
			<trkpt lat="36.476304950192571" lon="-82.102568987756968" />
			<trkpt lat="36.476261951029301" lon="-82.102654986083508" />
			<trkpt lat="36.476240996271372" lon="-82.102740984410048" />
			<trkpt lat="36.476240996271372" lon="-82.102804938331246" />
			<trkpt lat="36.476218951866031" lon="-82.102869981899858" />
			<trkpt lat="36.476197997108102" lon="-82.102933935821056" />
			<trkpt lat="36.476197997108102" lon="-82.102997973561287" />
			<trkpt lat="36.476175952702761" lon="-82.103062933310866" />
			<trkpt lat="36.476218951866031" lon="-82.103620916604996" />
			<trkpt lat="36.476218951866031" lon="-82.103620916604996" />
			<trkpt lat="36.476240996271372" lon="-82.103727953508496" />
			<trkpt lat="36.476282989606261" lon="-82.103813951835036" />
			<trkpt lat="36.476325988769531" lon="-82.103898944333196" />
			<trkpt lat="36.47656193934381" lon="-82.104285936802626" />
			<trkpt lat="36.477076923474669" lon="-82.104843920096755" />
			<trkpt lat="36.477420916780829" lon="-82.105143992230296" />
			<trkpt lat="36.47761395201087" lon="-82.105293944478035" />
			<trkpt lat="36.47832197137177" lon="-82.106023924425244" />
			<trkpt lat="36.47853696718812" lon="-82.106302957981825" />
			<trkpt lat="36.479265941306949" lon="-82.107267966493964" />
			<trkpt lat="36.479308940470219" lon="-82.107353964820504" />
			<trkpt lat="36.479351939633489" lon="-82.107439963147044" />
			<trkpt lat="36.479394938796759" lon="-82.107546916231513" />
			<trkpt lat="36.479437937960029" lon="-82.107739951461554" />
			<trkpt lat="36.479437937960029" lon="-82.107739951461554" />
			<trkpt lat="36.479437937960029" lon="-82.107825949788094" />
			<trkpt lat="36.479437937960029" lon="-82.107933992519975" />
			<trkpt lat="36.479372978210449" lon="-82.108040945604444" />
			<trkpt lat="36.479308940470219" lon="-82.108147982507944" />
			<trkpt lat="36.47924498654902" lon="-82.108276979997754" />
			<trkpt lat="36.47902999073267" lon="-82.108619967475533" />
			<trkpt lat="36.47890099324286" lon="-82.108834963291883" />
			<trkpt lat="36.478772917762399" lon="-82.109070997685194" />
			<trkpt lat="36.478750957176089" lon="-82.109199995175004" />
			<trkpt lat="36.478707958012819" lon="-82.109756972640753" />
			<trkpt lat="36.478686919435859" lon="-82.109907930716872" />
			<trkpt lat="36.478664958849549" lon="-82.110143965110183" />
			<trkpt lat="36.478621959686279" lon="-82.110336916521192" />
			<trkpt lat="36.478600921109319" lon="-82.110422998666763" />
			<trkpt lat="36.478578960523009" lon="-82.110507991164923" />
			<trkpt lat="36.478578960523009" lon="-82.110593989491463" />
			<trkpt lat="36.478342926129699" lon="-82.110743941739202" />
			<trkpt lat="36.478342926129699" lon="-82.110743941739202" />
			<trkpt lat="36.4782789722085" lon="-82.110722986981273" />
			<trkpt lat="36.478214934468269" lon="-82.110701948404312" />
			<trkpt lat="36.47810697555542" lon="-82.110658949241042" />
			<trkpt lat="36.4768629334867" lon="-82.110250918194652" />
			<trkpt lat="36.476240996271372" lon="-82.110100965946913" />
			<trkpt lat="36.476240996271372" lon="-82.110100965946913" />
			<trkpt lat="36.475961962714791" lon="-82.110121920704842" />
			<trkpt lat="36.475703967735171" lon="-82.110164919868112" />
			<trkpt lat="36.475467933341861" lon="-82.110250918194652" />
			<trkpt lat="36.475338935852051" lon="-82.110293917357922" />
			<trkpt lat="36.475231982767582" lon="-82.110336916521192" />
			<trkpt lat="36.475102985277772" lon="-82.110379999503493" />
			<trkpt lat="36.474995948374271" lon="-82.110465997830033" />
			<trkpt lat="36.474909950047731" lon="-82.110529951751232" />
			<trkpt lat="36.474845996126533" lon="-82.110593989491463" />
			<trkpt lat="36.474759997799993" lon="-82.110658949241042" />
			<trkpt lat="36.474630916491151" lon="-82.110980981960893" />
			<trkpt lat="36.474502924829721" lon="-82.111108973622322" />
			<trkpt lat="36.474502924829721" lon="-82.111108973622322" />
			<trkpt lat="36.474308967590332" lon="-82.111216932535172" />
			<trkpt lat="36.474201930686831" lon="-82.111258925870061" />
			<trkpt lat="36.474201930686831" lon="-82.111258925870061" />
			<trkpt lat="36.473987940698862" lon="-82.111366968601942" />
			<trkpt lat="36.473686946555972" lon="-82.111559920012951" />
			<trkpt lat="36.473686946555972" lon="-82.111559920012951" />
			<trkpt lat="36.473600948229432" lon="-82.111623957753181" />
			<trkpt lat="36.473493995144963" lon="-82.111688917502761" />
			<trkpt lat="36.473429957404733" lon="-82.111752955242991" />
			<trkpt lat="36.473364997655153" lon="-82.111859992146492" />
			<trkpt lat="36.473300959914923" lon="-82.111967951059341" />
			<trkpt lat="36.473236922174692" lon="-82.112074987962842" />
			<trkpt lat="36.473171962425113" lon="-82.112181941047311" />
			<trkpt lat="36.473085964098573" lon="-82.112246984615922" />
			<trkpt lat="36.472999965772033" lon="-82.112288977950811" />
			<trkpt lat="36.472914973273873" lon="-82.112310938537121" />
			<trkpt lat="36.472806930541992" lon="-82.112288977950811" />
			<trkpt lat="36.472484981641173" lon="-82.112203985452652" />
			<trkpt lat="36.472120955586433" lon="-82.112117987126112" />
			<trkpt lat="36.471776962280273" lon="-82.111945990473032" />
			<trkpt lat="36.471540927886963" lon="-82.111838953569531" />
			<trkpt lat="36.471433974802494" lon="-82.111838953569531" />
			<trkpt lat="36.471304977312684" lon="-82.111816992983222" />
			<trkpt lat="36.471197940409184" lon="-82.111816992983222" />
			<trkpt lat="36.471111942082644" lon="-82.111838953569531" />
			<trkpt lat="36.471004988998175" lon="-82.111859992146492" />
			<trkpt lat="36.470897952094674" lon="-82.111902991309762" />
			<trkpt lat="36.470854952931404" lon="-82.111967951059341" />
			<trkpt lat="36.470789993181825" lon="-82.112074987962842" />
			<trkpt lat="36.470746994018555" lon="-82.112181941047311" />
			<trkpt lat="36.470682956278324" lon="-82.112246984615922" />
			<trkpt lat="36.470618918538094" lon="-82.112331977114081" />
			<trkpt lat="36.470553958788514" lon="-82.112396936863661" />
			<trkpt lat="36.470446921885014" lon="-82.112482935190201" />
			<trkpt lat="36.470339968800545" lon="-82.11256792768836" />
			<trkpt lat="36.470231926068664" lon="-82.11261092685163" />
			<trkpt lat="36.470017936080694" lon="-82.11269692517817" />
			<trkpt lat="36.470017936080694" lon="-82.11269692517817" />
			<trkpt lat="36.469802940264344" lon="-82.112675970420241" />
			<trkpt lat="36.469802940264344" lon="-82.112675970420241" />
			<trkpt lat="36.469695987179875" lon="-82.1126539260149" />
			<trkpt lat="36.469588950276375" lon="-82.112632971256971" />
			<trkpt lat="36.469373954460025" lon="-82.112589972093701" />
			<trkpt lat="36.469309916719794" lon="-82.112589972093701" />
			<trkpt lat="36.469180919229984" lon="-82.1126539260149" />
			<trkpt lat="36.469159964472055" lon="-82.11273992434144" />
			<trkpt lat="36.469137920066714" lon="-82.112803962081671" />
			<trkpt lat="36.469137920066714" lon="-82.112803962081671" />
			<trkpt lat="36.469159964472055" lon="-82.112932959571481" />
			<trkpt lat="36.469201957806945" lon="-82.113018957898021" />
			<trkpt lat="36.469244956970215" lon="-82.113125994801521" />
			<trkpt lat="36.469287956133485" lon="-82.113254992291331" />
			<trkpt lat="36.469287956133485" lon="-82.113383989781141" />
			<trkpt lat="36.469309916719794" lon="-82.11349094286561" />
			<trkpt lat="36.469309916719794" lon="-82.113597979769111" />
			<trkpt lat="36.469266917556524" lon="-82.113683978095651" />
			<trkpt lat="36.469223918393254" lon="-82.113769976422191" />
			<trkpt lat="36.469201957806945" lon="-82.113855974748731" />
			<trkpt lat="36.469159964472055" lon="-82.1139629278332" />
			<trkpt lat="36.468858970329165" lon="-82.114477995783091" />
			<trkpt lat="36.468729972839355" lon="-82.114649992436171" />
			<trkpt lat="36.468686973676085" lon="-82.114713946357369" />
			<trkpt lat="36.468622935935855" lon="-82.11482098326087" />
			<trkpt lat="36.468579936772585" lon="-82.114842943847179" />
			<trkpt lat="36.468558982014656" lon="-82.11490698158741" />
			<trkpt lat="36.468493938446045" lon="-82.11494998075068" />
			<trkpt lat="36.468236949294806" lon="-82.11499297991395" />
			<trkpt lat="36.468043997883797" lon="-82.115142932161689" />
			<trkpt lat="36.467592967674136" lon="-82.115593962371349" />
			<trkpt lat="36.466755950823426" lon="-82.116237943992019" />
			<trkpt lat="36.466669952496886" lon="-82.116280943155289" />
			<trkpt lat="36.466562999412417" lon="-82.116344980895519" />
			<trkpt lat="36.466283965855837" lon="-82.116408934816718" />
			<trkpt lat="36.466197967529297" lon="-82.116430979222059" />
			<trkpt lat="36.466197967529297" lon="-82.116430979222059" />
			<trkpt lat="36.466197967529297" lon="-82.116537932306528" />
			<trkpt lat="36.466176928952336" lon="-82.116623930633068" />
			<trkpt lat="36.466176928952336" lon="-82.116687968373299" />
			<trkpt lat="36.466197967529297" lon="-82.116773966699839" />
			<trkpt lat="36.466219928115606" lon="-82.116880919784307" />
			<trkpt lat="36.466305926442146" lon="-82.116966918110847" />
			<trkpt lat="36.466391924768686" lon="-82.117052916437387" />
			<trkpt lat="36.466476917266846" lon="-82.117138998582959" />
			<trkpt lat="36.466712951660156" lon="-82.117395987734199" />
			<trkpt lat="36.466798949986696" lon="-82.117588939145207" />
			<trkpt lat="36.466820994392037" lon="-82.117674937471747" />
			<trkpt lat="36.466820994392037" lon="-82.117674937471747" />
			<trkpt lat="36.466820994392037" lon="-82.117782980203629" />
			<trkpt lat="36.466798949986696" lon="-82.117846934124827" />
			<trkpt lat="36.466777995228767" lon="-82.117953971028328" />
			<trkpt lat="36.466712951660156" lon="-82.118061929941177" />
			<trkpt lat="36.466648997738957" lon="-82.118125967681408" />
			<trkpt lat="36.466455962508917" lon="-82.118275919929147" />
			<trkpt lat="36.466455962508917" lon="-82.118275919929147" />
			<trkpt lat="36.466348925605416" lon="-82.118339957669377" />
			<trkpt lat="36.466240966692567" lon="-82.118425955995917" />
			<trkpt lat="36.466026976704597" lon="-82.118468955159187" />
			<trkpt lat="36.466026976704597" lon="-82.118468955159187" />
			<trkpt lat="36.465918933972716" lon="-82.118490999564528" />
			<trkpt lat="36.465511992573738" lon="-82.118490999564528" />
			<trkpt lat="36.465210998430848" lon="-82.118468955159187" />
			<trkpt lat="36.465125922113657" lon="-82.118468955159187" />
			<trkpt lat="36.465060962364078" lon="-82.118468955159187" />
			<trkpt lat="36.464996924623847" lon="-82.118490999564528" />
			<trkpt lat="36.464931964874268" lon="-82.118511954322457" />
			<trkpt lat="36.464888965710998" lon="-82.118618991225958" />
			<trkpt lat="36.464888965710998" lon="-82.118747988715768" />
			<trkpt lat="36.464910926297307" lon="-82.118854941800237" />
			<trkpt lat="36.464996924623847" lon="-82.119176974520087" />
			<trkpt lat="36.464974964037538" lon="-82.119284933432937" />
			<trkpt lat="36.464953925460577" lon="-82.119369925931096" />
			<trkpt lat="36.464931964874268" lon="-82.119455924257636" />
			<trkpt lat="36.464910926297307" lon="-82.119520967826247" />
			<trkpt lat="36.464824927970767" lon="-82.119584921747446" />
			<trkpt lat="36.464738929644227" lon="-82.119627920910716" />
			<trkpt lat="36.464610937982798" lon="-82.119648959487677" />
			<trkpt lat="36.464502979069948" lon="-82.119627920910716" />
			<trkpt lat="36.463601924479008" lon="-82.119627920910716" />
			<trkpt lat="36.463515926152468" lon="-82.119713919237256" />
			<trkpt lat="36.462914943695068" lon="-82.120185988023877" />
			<trkpt lat="36.462743952870369" lon="-82.120357984676957" />
			<trkpt lat="36.46214297041297" lon="-82.121279994025826" />
			<trkpt lat="36.4613919518888" lon="-82.122674994170666" />
			<trkpt lat="36.46113395690918" lon="-82.123039942234755" />
			<trkpt lat="36.46066197194159" lon="-82.123961951583624" />
			<trkpt lat="36.46066197194159" lon="-82.124112993478775" />
			<trkpt lat="36.46064093336463" lon="-82.124240985140204" />
			<trkpt lat="36.46064093336463" lon="-82.124391943216324" />
			<trkpt lat="36.4606839325279" lon="-82.124519934877753" />
			<trkpt lat="36.46072693169117" lon="-82.124648932367563" />
			<trkpt lat="36.4607909694314" lon="-82.125206999480724" />
			<trkpt lat="36.4607909694314" lon="-82.125335996970534" />
			<trkpt lat="36.4607909694314" lon="-82.125485949218273" />
			<trkpt lat="36.46072693169117" lon="-82.126107970252633" />
			<trkpt lat="36.46066197194159" lon="-82.126708952710032" />
			<trkpt lat="36.46066197194159" lon="-82.126880949363112" />
			<trkpt lat="36.46070497110486" lon="-82.127008941024542" />
			<trkpt lat="36.46076993085444" lon="-82.127116983756423" />
			<trkpt lat="36.46083396859467" lon="-82.127202982082963" />
			<trkpt lat="36.460897922515869" lon="-82.127309935167432" />
			<trkpt lat="36.460983920842409" lon="-82.127416972070932" />
			<trkpt lat="36.461069919168949" lon="-82.127502970397472" />
			<trkpt lat="36.46147795021534" lon="-82.128038993105292" />
			<trkpt lat="36.46154198795557" lon="-82.128124991431832" />
			<trkpt lat="36.461605941876769" lon="-82.128317942842841" />
			<trkpt lat="36.461605941876769" lon="-82.128403941169381" />
			<trkpt lat="36.461605941876769" lon="-82.128489939495921" />
			<trkpt lat="36.461605941876769" lon="-82.128575937822461" />
			<trkpt lat="36.46156394854188" lon="-82.128596976399422" />
			<trkpt lat="36.46147795021534" lon="-82.128618936985731" />
			<trkpt lat="36.46141299046576" lon="-82.128661936149001" />
			<trkpt lat="36.461327997967601" lon="-82.128682974725962" />
			<trkpt lat="36.461112918332219" lon="-82.128768973052502" />
			<trkpt lat="36.460897922515869" lon="-82.128854971379042" />
			<trkpt lat="36.4607909694314" lon="-82.128897970542312" />
			<trkpt lat="36.460189986974001" lon="-82.128854971379042" />
			<trkpt lat="36.45958892069757" lon="-82.128832926973701" />
			<trkpt lat="36.459481967613101" lon="-82.128875926136971" />
			<trkpt lat="36.459438968449831" lon="-82.128918925300241" />
			<trkpt lat="36.459395969286561" lon="-82.129025962203741" />
			<trkpt lat="36.4593749307096" lon="-82.129090921953321" />
			<trkpt lat="36.45941792987287" lon="-82.129197958856821" />
			<trkpt lat="36.459481967613101" lon="-82.129261996597052" />
			<trkpt lat="36.459567965939641" lon="-82.129283957183361" />
			<trkpt lat="36.45963191986084" lon="-82.129326956346631" />
			<trkpt lat="36.45971791818738" lon="-82.129369955509901" />
			<trkpt lat="36.45980391651392" lon="-82.129412954673171" />
			<trkpt lat="36.459889998659492" lon="-82.12949794717133" />
			<trkpt lat="36.45995395258069" lon="-82.129562990739942" />
			<trkpt lat="36.45999695174396" lon="-82.129691988229752" />
			<trkpt lat="36.46003995090723" lon="-82.129819979891181" />
			<trkpt lat="36.4600829500705" lon="-82.12992793880403" />
			<trkpt lat="36.46012594923377" lon="-82.13005593046546" />
			<trkpt lat="36.460275985300541" lon="-82.130527999252081" />
			<trkpt lat="36.46025494672358" lon="-82.13063595816493" />
			<trkpt lat="36.460232986137271" lon="-82.130742995068431" />
			<trkpt lat="36.460189986974001" lon="-82.1308499481529" />
			<trkpt lat="36.46016894839704" lon="-82.130957990884781" />
			<trkpt lat="36.460103988647461" lon="-82.13104298338294" />
			<trkpt lat="36.4600829500705" lon="-82.13108598254621" />
			<trkpt lat="36.45999695174396" lon="-82.13110794313252" />
			<trkpt lat="36.459782961755991" lon="-82.13104298338294" />
			<trkpt lat="36.459782961755991" lon="-82.13104298338294" />
			<trkpt lat="36.459696963429451" lon="-82.131000990048051" />
			<trkpt lat="36.458644950762391" lon="-82.13063595816493" />
			<trkpt lat="36.458580996841192" lon="-82.1306789573282" />
			<trkpt lat="36.458580996841192" lon="-82.1306789573282" />
			<trkpt lat="36.458537997677922" lon="-82.130742995068431" />
			<trkpt lat="36.458473959937692" lon="-82.130828993394971" />
			<trkpt lat="36.458430960774422" lon="-82.130914991721511" />
			<trkpt lat="36.458387961611152" lon="-82.130957990884781" />
			<trkpt lat="36.458387961611152" lon="-82.13102194480598" />
			<trkpt lat="36.458387961611152" lon="-82.131278933957219" />
			<trkpt lat="36.458387961611152" lon="-82.131278933957219" />
			<trkpt lat="36.458408916369081" lon="-82.131407931447029" />
			<trkpt lat="36.458430960774422" lon="-82.1315579675138" />
			<trkpt lat="36.458473959937692" lon="-82.13181596249342" />
			<trkpt lat="36.458494998514652" lon="-82.13194495998323" />
			<trkpt lat="36.458494998514652" lon="-82.13205199688673" />
			<trkpt lat="36.458516959100962" lon="-82.13218099437654" />
			<trkpt lat="36.458537997677922" lon="-82.132459944114089" />
			<trkpt lat="36.458537997677922" lon="-82.132459944114089" />
			<trkpt lat="36.458537997677922" lon="-82.1326959785074" />
			<trkpt lat="36.458494998514652" lon="-82.132802931591868" />
			<trkpt lat="36.458473959937692" lon="-82.132888929918408" />
			<trkpt lat="36.458408916369081" lon="-82.132974928244948" />
			<trkpt lat="36.458344962447882" lon="-82.133059920743108" />
			<trkpt lat="36.458258964121342" lon="-82.133145919069648" />
			<trkpt lat="36.458194926381111" lon="-82.133253961801529" />
			<trkpt lat="36.458129966631532" lon="-82.133317999541759" />
			<trkpt lat="36.458043968304992" lon="-82.133381953462958" />
			<trkpt lat="36.457958975806832" lon="-82.133424952626228" />
			<trkpt lat="36.457893932238221" lon="-82.133424952626228" />
			<trkpt lat="36.457743979990482" lon="-82.133381953462958" />
			<trkpt lat="36.457743979990482" lon="-82.133381953462958" />
			<trkpt lat="36.457700980827212" lon="-82.133317999541759" />
			<trkpt lat="36.457636943086982" lon="-82.133231917396188" />
			<trkpt lat="36.457571983337402" lon="-82.133145919069648" />
			<trkpt lat="36.457507945597172" lon="-82.133059920743108" />
			<trkpt lat="36.457378948107362" lon="-82.132866969332099" />
			<trkpt lat="36.457314994186163" lon="-82.132802931591868" />
			<trkpt lat="36.457250956445932" lon="-82.132759932428598" />
			<trkpt lat="36.457142997533083" lon="-82.13273897767067" />
			<trkpt lat="36.457078959792852" lon="-82.132759932428598" />
			<trkpt lat="36.456992961466312" lon="-82.132802931591868" />
			<trkpt lat="36.456413939595222" lon="-82.133574988692999" />
			<trkpt lat="36.455833995714784" lon="-82.134283930063248" />
			<trkpt lat="36.455726958811283" lon="-82.134325923398137" />
			<trkpt lat="36.455447925254703" lon="-82.134519964456558" />
			<trkpt lat="36.455340972170234" lon="-82.134561957791448" />
			<trkpt lat="36.455254973843694" lon="-82.134626917541027" />
			<trkpt lat="36.455168975517154" lon="-82.134690955281258" />
			<trkpt lat="36.455104937776923" lon="-82.134776953607798" />
			<trkpt lat="36.455039978027344" lon="-82.134905951097608" />
			<trkpt lat="36.455018939450383" lon="-82.135055987164378" />
			<trkpt lat="36.454996978864074" lon="-82.135184984654188" />
			<trkpt lat="36.454911986365914" lon="-82.135720923542976" />
			<trkpt lat="36.454868987202644" lon="-82.135935919359326" />
			<trkpt lat="36.454868987202644" lon="-82.135935919359326" />
			<trkpt lat="36.454846942797303" lon="-82.135978918522596" />
			<trkpt lat="36.454760944470763" lon="-82.136042956262827" />
			<trkpt lat="36.454696990549564" lon="-82.136128954589367" />
			<trkpt lat="36.454482916742563" lon="-82.136214952915907" />
			<trkpt lat="36.454482916742563" lon="-82.136214952915907" />
			<trkpt lat="36.454374957829714" lon="-82.136235991492867" />
			<trkpt lat="36.454267920926213" lon="-82.136278990656137" />
			<trkpt lat="36.454160967841744" lon="-82.136342944577336" />
			<trkpt lat="36.454074969515204" lon="-82.136428942903876" />
			<trkpt lat="36.454009925946593" lon="-82.136536985635757" />
			<trkpt lat="36.453945972025394" lon="-82.136643938720226" />
			<trkpt lat="36.453881934285164" lon="-82.136772936210036" />
			<trkpt lat="36.453344989567995" lon="-82.137694945558906" />
			<trkpt lat="36.453280951827765" lon="-82.137802988290787" />
			<trkpt lat="36.453194953501225" lon="-82.137909941375256" />
			<trkpt lat="36.453130999580026" lon="-82.138038938865066" />
			<trkpt lat="36.453065956011415" lon="-82.138145975768566" />
			<trkpt lat="36.453022956848145" lon="-82.138252928853035" />
			<trkpt lat="36.453001918271184" lon="-82.138360971584916" />
			<trkpt lat="36.452937964349985" lon="-82.139475932344794" />
			<trkpt lat="36.452958919107914" lon="-82.140398947522044" />
			<trkpt lat="36.452937964349985" lon="-82.140484945848584" />
			<trkpt lat="36.452915919944644" lon="-82.140505984425545" />
			<trkpt lat="36.452829921618104" lon="-82.140548983588815" />
			<trkpt lat="36.452743923291564" lon="-82.140591982752085" />
			<trkpt lat="36.452679969370365" lon="-82.140613943338394" />
			<trkpt lat="36.452228939160705" lon="-82.140784934163094" />
			<trkpt lat="36.452228939160705" lon="-82.140784934163094" />
			<trkpt lat="36.452164985239506" lon="-82.140913931652904" />
			<trkpt lat="36.452121986076236" lon="-82.140956930816174" />
			<trkpt lat="36.452121986076236" lon="-82.140956930816174" />
			<trkpt lat="36.452121986076236" lon="-82.141020968556404" />
			<trkpt lat="36.452121986076236" lon="-82.141128927469254" />
			<trkpt lat="36.452143946662545" lon="-82.141213919967413" />
			<trkpt lat="36.451992988586426" lon="-82.141514997929335" />
			<trkpt lat="36.451949989423156" lon="-82.141578951850533" />
			<trkpt lat="36.451928950846195" lon="-82.141643995419145" />
			<trkpt lat="36.451907996088266" lon="-82.141728987917304" />
			<trkpt lat="36.451907996088266" lon="-82.141836946830153" />
			<trkpt lat="36.451885951682925" lon="-82.141921939328313" />
			<trkpt lat="36.451885951682925" lon="-82.142007937654853" />
			<trkpt lat="36.451885951682925" lon="-82.142093935981393" />
			<trkpt lat="36.451864996924996" lon="-82.142179934307933" />
			<trkpt lat="36.451821997761726" lon="-82.142265932634473" />
			<trkpt lat="36.451756954193115" lon="-82.142286971211433" />
			<trkpt lat="36.451671961694956" lon="-82.142329970374703" />
			<trkpt lat="36.451499965041876" lon="-82.142394930124283" />
			<trkpt lat="36.451435927301645" lon="-82.142415968701243" />
			<trkpt lat="36.451349928975105" lon="-82.142458967864513" />
			<trkpt lat="36.451284969225526" lon="-82.142522921785712" />
			<trkpt lat="36.451220931485295" lon="-82.142587965354323" />
			<trkpt lat="36.451177932322025" lon="-82.142672957852483" />
			<trkpt lat="36.451091933995485" lon="-82.142844954505563" />
			<trkpt lat="36.451070979237556" lon="-82.142909998074174" />
			<trkpt lat="36.451027980074286" lon="-82.142973951995373" />
			<trkpt lat="36.451005935668945" lon="-82.143016951158643" />
			<trkpt lat="36.450920943170786" lon="-82.143016951158643" />
			<trkpt lat="36.450834944844246" lon="-82.143016951158643" />
			<trkpt lat="36.450726985931396" lon="-82.143016951158643" />
			<trkpt lat="36.450233962386847" lon="-82.143102949485183" />
			<trkpt lat="36.449568942189217" lon="-82.143316939473152" />
			<trkpt lat="36.449568942189217" lon="-82.143617933616042" />
			<trkpt lat="36.449696933850646" lon="-82.144046919420362" />
			<trkpt lat="36.449911929666996" lon="-82.144239954650402" />
			<trkpt lat="36.449890974909067" lon="-82.144303992390633" />
			<trkpt lat="36.449847975745797" lon="-82.144518988206983" />
			<trkpt lat="36.449847975745797" lon="-82.144518988206983" />
			<trkpt lat="36.449825931340456" lon="-82.144711939617991" />
			<trkpt lat="36.449825931340456" lon="-82.144926935434341" />
			<trkpt lat="36.449825931340456" lon="-82.144926935434341" />
			<trkpt lat="36.449825931340456" lon="-82.145119970664382" />
			<trkpt lat="36.449825931340456" lon="-82.145226923748851" />
			<trkpt lat="36.449847975745797" lon="-82.145333960652351" />
			<trkpt lat="36.449868930503726" lon="-82.145677953958511" />
			<trkpt lat="36.449890974909067" lon="-82.145784990862012" />
			<trkpt lat="36.449890974909067" lon="-82.145870989188552" />
			<trkpt lat="36.449847975745797" lon="-82.145998980849981" />
			<trkpt lat="36.449825931340456" lon="-82.146106939762831" />
			<trkpt lat="36.449782932177186" lon="-82.146170977503061" />
			<trkpt lat="36.449696933850646" lon="-82.14627793058753" />
			<trkpt lat="36.449611941352487" lon="-82.146385973319411" />
			<trkpt lat="36.448795963078737" lon="-82.14737294241786" />
			<trkpt lat="36.447873953729868" lon="-82.148509947583079" />
			<trkpt lat="36.447400962933898" lon="-82.14878898113966" />
			<trkpt lat="36.447315970435739" lon="-82.148809935897589" />
			<trkpt lat="36.447207927703857" lon="-82.14883198030293" />
			<trkpt lat="36.447122935205698" lon="-82.1488749794662" />
			<trkpt lat="36.447036936879158" lon="-82.148895934224129" />
			<trkpt lat="36.446907939389348" lon="-82.14896097779274" />
			<trkpt lat="36.446885978803039" lon="-82.148981932550669" />
			<trkpt lat="36.446885978803039" lon="-82.148981932550669" />
			<trkpt lat="36.446843985468149" lon="-82.149067930877209" />
			<trkpt lat="36.446821941062808" lon="-82.149131968617439" />
			<trkpt lat="36.446800986304879" lon="-82.149153929203749" />
			<trkpt lat="36.446800986304879" lon="-82.149303965270519" />
			<trkpt lat="36.446778941899538" lon="-82.149389963597059" />
			<trkpt lat="36.446778941899538" lon="-82.149389963597059" />
			<trkpt lat="36.446778941899538" lon="-82.149475961923599" />
			<trkpt lat="36.446778941899538" lon="-82.14953999966383" />
			<trkpt lat="36.446757987141609" lon="-82.149603953585029" />
			<trkpt lat="36.446714987978339" lon="-82.14966899715364" />
			<trkpt lat="36.446649944409728" lon="-82.14975499548018" />
			<trkpt lat="36.446435954421759" lon="-82.150032939389348" />
			<trkpt lat="36.446306956931949" lon="-82.150204936042428" />
			<trkpt lat="36.446242919191718" lon="-82.150290934368968" />
			<trkpt lat="36.446092966943979" lon="-82.150483969599009" />
			<trkpt lat="36.445898925885558" lon="-82.150762919336557" />
			<trkpt lat="36.445834971964359" lon="-82.150869956240058" />
			<trkpt lat="36.445770934224129" lon="-82.150955954566598" />
			<trkpt lat="36.445727935060859" lon="-82.151062991470098" />
			<trkpt lat="36.445705974474549" lon="-82.151148989796638" />
			<trkpt lat="36.445619976148009" lon="-82.151320986449718" />
			<trkpt lat="36.445619976148009" lon="-82.151427939534187" />
			<trkpt lat="36.445598937571049" lon="-82.151535982266068" />
			<trkpt lat="36.445598937571049" lon="-82.151663973927498" />
			<trkpt lat="36.44557798281312" lon="-82.151792971417308" />
			<trkpt lat="36.44557798281312" lon="-82.151899924501777" />
			<trkpt lat="36.445555938407779" lon="-82.152114920318127" />
			<trkpt lat="36.445555938407779" lon="-82.152178958058357" />
			<trkpt lat="36.445555938407779" lon="-82.152264956384897" />
			<trkpt lat="36.44553498364985" lon="-82.152350954711437" />
			<trkpt lat="36.44553498364985" lon="-82.152414992451668" />
			<trkpt lat="36.445469940081239" lon="-82.152607943862677" />
			<trkpt lat="36.44540598616004" lon="-82.152758985757828" />
			<trkpt lat="36.44536298699677" lon="-82.152886977419257" />
			<trkpt lat="36.4453199878335" lon="-82.153015974909067" />
			<trkpt lat="36.4453199878335" lon="-82.153165927156806" />
			<trkpt lat="36.445083953440189" lon="-82.154539972543716" />
			<trkpt lat="36.445019999518991" lon="-82.154753962531686" />
			<trkpt lat="36.444954955950379" lon="-82.154839960858226" />
			<trkpt lat="36.444911956787109" lon="-82.154925959184766" />
			<trkpt lat="36.44482696428895" lon="-82.154989996924996" />
			<trkpt lat="36.444761920720339" lon="-82.155054956674576" />
			<trkpt lat="36.44465496763587" lon="-82.155075995251536" />
			<trkpt lat="36.44456896930933" lon="-82.155118994414806" />
			<trkpt lat="36.444461932405829" lon="-82.155139949172735" />
			<trkpt lat="36.44435397349298" lon="-82.155182948336005" />
			<trkpt lat="36.444268980994821" lon="-82.155225947499275" />
			<trkpt lat="36.444096984341741" lon="-82.155268946662545" />
			<trkpt lat="36.444010986015201" lon="-82.155290991067886" />
			<trkpt lat="36.44394694827497" lon="-82.155311945825815" />
			<trkpt lat="36.443881988525391" lon="-82.155333990231156" />
			<trkpt lat="36.44381795078516" lon="-82.155461981892586" />
			<trkpt lat="36.44381795078516" lon="-82.155569940805435" />
			<trkpt lat="36.443710997700691" lon="-82.156384997069836" />
			<trkpt lat="36.44368895329535" lon="-82.156470995396376" />
			<trkpt lat="36.44364595413208" lon="-82.156556993722916" />
			<trkpt lat="36.443624999374151" lon="-82.156620947644114" />
			<trkpt lat="36.44353891722858" lon="-82.156684985384345" />
			<trkpt lat="36.443345965817571" lon="-82.156727984547615" />
			<trkpt lat="36.443345965817571" lon="-82.156727984547615" />
			<trkpt lat="36.443259967491031" lon="-82.156684985384345" />
			<trkpt lat="36.443173969164491" lon="-82.156620947644114" />
			<trkpt lat="36.443087970837951" lon="-82.156577948480844" />
			<trkpt lat="36.443002978339791" lon="-82.156513994559646" />
			<trkpt lat="36.44210091792047" lon="-82.155869929119945" />
			<trkpt lat="36.442036963999271" lon="-82.155805975198746" />
			<trkpt lat="36.441972926259041" lon="-82.155740931630135" />
			<trkpt lat="36.441929927095771" lon="-82.155676977708936" />
			<trkpt lat="36.441821968182921" lon="-82.155590979382396" />
			<trkpt lat="36.441757930442691" lon="-82.155547980219126" />
			<trkpt lat="36.441714931279421" lon="-82.155504981055856" />
			<trkpt lat="36.441650977358222" lon="-82.155461981892586" />
			<trkpt lat="36.441650977358222" lon="-82.155461981892586" />
			<trkpt lat="36.441585933789611" lon="-82.155483942478895" />
			<trkpt lat="36.441521979868412" lon="-82.155569940805435" />
			<trkpt lat="36.441457942128181" lon="-82.155676977708936" />
			<trkpt lat="36.441435981541872" lon="-82.155783930793405" />
			<trkpt lat="36.441392982378602" lon="-82.155976966023445" />
			<trkpt lat="36.441328944638371" lon="-82.156191961839795" />
			<trkpt lat="36.441135993227363" lon="-82.156770983710885" />
			<trkpt lat="36.441092994064093" lon="-82.156856982037425" />
			<trkpt lat="36.441092994064093" lon="-82.156856982037425" />
			<trkpt lat="36.441049994900823" lon="-82.156899981200695" />
			<trkpt lat="36.440920997411013" lon="-82.157028978690505" />
			<trkpt lat="36.440920997411013" lon="-82.157028978690505" />
			<trkpt lat="36.440856959670782" lon="-82.157092932611704" />
			<trkpt lat="36.440792921930552" lon="-82.157156970351934" />
			<trkpt lat="36.440684963017702" lon="-82.157242968678474" />
			<trkpt lat="36.440620925277472" lon="-82.157307928428054" />
			<trkpt lat="36.440620925277472" lon="-82.157307928428054" />
			<trkpt lat="36.440555965527892" lon="-82.157371966168284" />
			<trkpt lat="36.440513972193003" lon="-82.157414965331554" />
			<trkpt lat="36.440513972193003" lon="-82.157414965331554" />
			<trkpt lat="36.440491927787662" lon="-82.157500963658094" />
			<trkpt lat="36.440470973029733" lon="-82.157586961984634" />
			<trkpt lat="36.440384974703193" lon="-82.157822996377945" />
			<trkpt lat="36.440255977213383" lon="-82.157972948625684" />
			<trkpt lat="36.440255977213383" lon="-82.157972948625684" />
			<trkpt lat="36.440105941146612" lon="-82.158058946952224" />
			<trkpt lat="36.439998988062143" lon="-82.158122984692454" />
			<trkpt lat="36.439869990572333" lon="-82.158165983855724" />
			<trkpt lat="36.439676955342293" lon="-82.158208983018994" />
			<trkpt lat="36.439654994755983" lon="-82.158229937776923" />
			<trkpt lat="36.439611995592713" lon="-82.158337980508804" />
			<trkpt lat="36.439547957852483" lon="-82.158422973006964" />
			<trkpt lat="36.439483920112252" lon="-82.158530931919813" />
			<trkpt lat="36.439397921785712" lon="-82.158637968823314" />
			<trkpt lat="36.439332962036133" lon="-82.158744921907783" />
			<trkpt lat="36.439096927642822" lon="-82.159131998196244" />
			<trkpt lat="36.439075972884893" lon="-82.159195952117443" />
			<trkpt lat="36.439053928479552" lon="-82.159281950443983" />
			<trkpt lat="36.439053928479552" lon="-82.159324949607253" />
			<trkpt lat="36.439075972884893" lon="-82.159409942105412" />
			<trkpt lat="36.439096927642822" lon="-82.159495940431952" />
			<trkpt lat="36.439139926806092" lon="-82.159538939595222" />
			<trkpt lat="36.439204970374703" lon="-82.159603983163834" />
			<trkpt lat="36.439289962872863" lon="-82.159688975661993" />
			<trkpt lat="36.439332962036133" lon="-82.159731974825263" />
			<trkpt lat="36.439418960362673" lon="-82.159753935411572" />
			<trkpt lat="36.439547957852483" lon="-82.159924926236272" />
			<trkpt lat="36.439590957015753" lon="-82.160032968968153" />
			<trkpt lat="36.439633956179023" lon="-82.160182921215892" />
			<trkpt lat="36.439611995592713" lon="-82.160332957282662" />
			<trkpt lat="36.439568996429443" lon="-82.160418955609202" />
			<trkpt lat="36.439483920112252" lon="-82.160482993349433" />
			<trkpt lat="36.439418960362673" lon="-82.160547953099012" />
			<trkpt lat="36.439268924295902" lon="-82.160697989165783" />
			<trkpt lat="36.439268924295902" lon="-82.160697989165783" />
			<trkpt lat="36.439204970374703" lon="-82.160783987492323" />
			<trkpt lat="36.439118972048163" lon="-82.160869985818863" />
			<trkpt lat="36.439096927642822" lon="-82.160912984982133" />
			<trkpt lat="36.439053928479552" lon="-82.161190928891301" />
			<trkpt lat="36.439053928479552" lon="-82.161190928891301" />
			<trkpt lat="36.439053928479552" lon="-82.161298971623182" />
			<trkpt lat="36.439032973721623" lon="-82.161405924707651" />
			<trkpt lat="36.439011935144663" lon="-82.161491923034191" />
			<trkpt lat="36.438946975395083" lon="-82.161577921360731" />
			<trkpt lat="36.438860977068543" lon="-82.161598959937692" />
			<trkpt lat="36.438689986243844" lon="-82.161641959100962" />
			<trkpt lat="36.438689986243844" lon="-82.161641959100962" />
			<trkpt lat="36.438581943511963" lon="-82.161663919687271" />
			<trkpt lat="36.437809970229864" lon="-82.161877993494272" />
			<trkpt lat="36.437702933326364" lon="-82.161920992657542" />
			<trkpt lat="36.437616934999824" lon="-82.161963991820812" />
			<trkpt lat="36.437508976086974" lon="-82.162027945742011" />
			<trkpt lat="36.437423983588815" lon="-82.162070944905281" />
			<trkpt lat="36.437315940856934" lon="-82.162135988473892" />
			<trkpt lat="36.436436930671334" lon="-82.16280092485249" />
			<trkpt lat="36.435534954071045" lon="-82.163916975259781" />
			<trkpt lat="36.435320964083076" lon="-82.16417396441102" />
			<trkpt lat="36.435234965756536" lon="-82.16425996273756" />
			<trkpt lat="36.435019969940186" lon="-82.164323916658759" />
			<trkpt lat="36.435019969940186" lon="-82.164323916658759" />
			<trkpt lat="36.434912933036685" lon="-82.1643459610641" />
			<trkpt lat="36.434783935546875" lon="-82.1643459610641" />
			<trkpt lat="36.434483947232366" lon="-82.164366999641061" />
			<trkpt lat="36.434183958917856" lon="-82.16438896022737" />
			<trkpt lat="36.433496978133917" lon="-82.164495997130871" />
			<trkpt lat="36.433367980644107" lon="-82.164538996294141" />
			<trkpt lat="36.433195983991027" lon="-82.164667993783951" />
			<trkpt lat="36.433195983991027" lon="-82.164667993783951" />
			<trkpt lat="36.433067992329597" lon="-82.16488198377192" />
			<trkpt lat="36.433024993166327" lon="-82.16501098126173" />
			<trkpt lat="36.433024993166327" lon="-82.16501098126173" />
			<trkpt lat="36.432959949597716" lon="-82.16518297791481" />
			<trkpt lat="36.432831957936287" lon="-82.16589099727571" />
			<trkpt lat="36.432788958773017" lon="-82.166491979733109" />
			<trkpt lat="36.432723999023438" lon="-82.167284991592169" />
			<trkpt lat="36.432659961283207" lon="-82.168057970702648" />
			<trkpt lat="36.432487964630127" lon="-82.169237975031137" />
			<trkpt lat="36.432402972131968" lon="-82.170417979359627" />
			<trkpt lat="36.432380927726626" lon="-82.170589976012707" />
			<trkpt lat="36.432294929400086" lon="-82.170761972665787" />
			<trkpt lat="36.432230975478888" lon="-82.170911924913526" />
			<trkpt lat="36.432123938575387" lon="-82.171018961817026" />
			<trkpt lat="36.432037940248847" lon="-82.171125998720527" />
			<trkpt lat="36.431908942759037" lon="-82.171190958470106" />
			<trkpt lat="36.431758990511298" lon="-82.171233957633376" />
			<trkpt lat="36.431157924234867" lon="-82.171447947621346" />
			<trkpt lat="36.429955959320068" lon="-82.172112967818975" />
			<trkpt lat="36.429891921579838" lon="-82.172220926731825" />
			<trkpt lat="36.429805923253298" lon="-82.172327963635325" />
			<trkpt lat="36.429741969332099" lon="-82.172434916719794" />
			<trkpt lat="36.429676925763488" lon="-82.172542959451675" />
			<trkpt lat="36.429612971842289" lon="-82.172627951949835" />
			<trkpt lat="36.429548934102058" lon="-82.172735994681716" />
			<trkpt lat="36.429483974352479" lon="-82.172821993008256" />
			<trkpt lat="36.429376937448978" lon="-82.173078982159495" />
			<trkpt lat="36.429376937448978" lon="-82.173078982159495" />
			<trkpt lat="36.42935598269105" lon="-82.173142936080694" />
			<trkpt lat="36.429333938285708" lon="-82.173185935243964" />
			<trkpt lat="36.429333938285708" lon="-82.173185935243964" />
			<trkpt lat="36.429376937448978" lon="-82.173271933570504" />
			<trkpt lat="36.429483974352479" lon="-82.173443930223584" />
			<trkpt lat="36.429483974352479" lon="-82.173443930223584" />
			<trkpt lat="36.429526973515749" lon="-82.173572927713394" />
			<trkpt lat="36.429569972679019" lon="-82.173679964616895" />
			<trkpt lat="36.429569972679019" lon="-82.173893954604864" />
			<trkpt lat="36.42935598269105" lon="-82.174516981467605" />
			<trkpt lat="36.42931298352778" lon="-82.174602979794145" />
			<trkpt lat="36.429247939959168" lon="-82.174687972292304" />
			<trkpt lat="36.42918398603797" lon="-82.174773970618844" />
			<trkpt lat="36.429076949134469" lon="-82.174816969782114" />
			<trkpt lat="36.428990950807929" lon="-82.174859968945384" />
			<trkpt lat="36.428861953318119" lon="-82.174880923703313" />
			<trkpt lat="36.428754916414618" lon="-82.174880923703313" />
			<trkpt lat="36.428646957501769" lon="-82.174880923703313" />
			<trkpt lat="36.427981937304139" lon="-82.174730971455574" />
			<trkpt lat="36.427895938977599" lon="-82.174730971455574" />
			<trkpt lat="36.42778898589313" lon="-82.174709932878613" />
			<trkpt lat="36.427316917106509" lon="-82.175052920356393" />
			<trkpt lat="36.42697392962873" lon="-82.175481989979744" />
			<trkpt lat="36.42611495219171" lon="-82.176576917991042" />
			<trkpt lat="36.425685966387391" lon="-82.176876990124583" />
			<trkpt lat="36.425578929483891" lon="-82.176897944882512" />
			<trkpt lat="36.425471976399422" lon="-82.176919989287853" />
			<trkpt lat="36.425363933667541" lon="-82.176919989287853" />
			<trkpt lat="36.425256980583072" lon="-82.176919989287853" />
			<trkpt lat="36.425149943679571" lon="-82.176919989287853" />
			<trkpt lat="36.425063945353031" lon="-82.176897944882512" />
			<trkpt lat="36.424870993942022" lon="-82.176833990961313" />
			<trkpt lat="36.424870993942022" lon="-82.176833990961313" />
			<trkpt lat="36.424784995615482" lon="-82.176812952384353" />
			<trkpt lat="36.424720957875252" lon="-82.176790991798043" />
			<trkpt lat="36.424634959548712" lon="-82.176812952384353" />
			<trkpt lat="36.424548961222172" lon="-82.176876990124583" />
			<trkpt lat="36.424462962895632" lon="-82.177005987614393" />
			<trkpt lat="36.424291972070932" lon="-82.177498927339911" />
			<trkpt lat="36.423561992123723" lon="-82.178550940006971" />
			<trkpt lat="36.422917926684022" lon="-82.179773943498731" />
			<trkpt lat="36.422660937532783" lon="-82.180309966206551" />
			<trkpt lat="36.422467986121774" lon="-82.180717997252941" />
			<trkpt lat="36.422402942553163" lon="-82.18086794950068" />
			<trkpt lat="36.422295989468694" lon="-82.181017985567451" />
			<trkpt lat="36.422188952565193" lon="-82.1811259444803" />
			<trkpt lat="36.422059955075383" lon="-82.181253936141729" />
			<trkpt lat="36.421909919008613" lon="-82.18140497803688" />
			<trkpt lat="36.421201983466744" lon="-82.181640928611159" />
			<trkpt lat="36.420664954930544" lon="-82.181725921109319" />
			<trkpt lat="36.420578956604004" lon="-82.18179096467793" />
			<trkpt lat="36.420385921373963" lon="-82.181897917762399" />
			<trkpt lat="36.420299923047423" lon="-82.182004954665899" />
			<trkpt lat="36.420299923047423" lon="-82.182004954665899" />
			<trkpt lat="36.420235969126225" lon="-82.182133952155709" />
			<trkpt lat="36.420171931385994" lon="-82.182262949645519" />
			<trkpt lat="36.419870937243104" lon="-82.182841971516609" />
			<trkpt lat="36.419677985832095" lon="-82.183249918743968" />
			<trkpt lat="36.419570948928595" lon="-82.183485953137279" />
			<trkpt lat="36.418754970654845" lon="-82.184429923072457" />
			<trkpt lat="36.418690932914615" lon="-82.184515921398997" />
			<trkpt lat="36.418690932914615" lon="-82.184515921398997" />
			<trkpt lat="36.418604934588075" lon="-82.184644918888807" />
			<trkpt lat="36.418561935424805" lon="-82.184772994369268" />
			<trkpt lat="36.418497981503606" lon="-82.185008944943547" />
			<trkpt lat="36.418497981503606" lon="-82.185008944943547" />
			<trkpt lat="36.418476942926645" lon="-82.185137942433357" />
			<trkpt lat="36.418433943763375" lon="-82.185266939923167" />
			<trkpt lat="36.418433943763375" lon="-82.185481935739517" />
			<trkpt lat="36.418454982340336" lon="-82.185609927400947" />
			<trkpt lat="36.418476942926645" lon="-82.185717970132828" />
			<trkpt lat="36.418497981503606" lon="-82.185910921543837" />
			<trkpt lat="36.418497981503606" lon="-82.185910921543837" />
			<trkpt lat="36.418476942926645" lon="-82.185996919870377" />
			<trkpt lat="36.418454982340336" lon="-82.186103956773877" />
			<trkpt lat="36.418368984013796" lon="-82.186210993677378" />
			<trkpt lat="36.418282985687256" lon="-82.186253992840648" />
			<trkpt lat="36.417381931096315" lon="-82.186425989493728" />
			<trkpt lat="36.417295932769775" lon="-82.186425989493728" />
			<trkpt lat="36.417231978848577" lon="-82.186446944251657" />
			<trkpt lat="36.417081942781806" lon="-82.186532942578197" />
			<trkpt lat="36.417081942781806" lon="-82.186532942578197" />
			<trkpt lat="36.417038943618536" lon="-82.186747938394547" />
			<trkpt lat="36.417038943618536" lon="-82.186747938394547" />
			<trkpt lat="36.416952945291996" lon="-82.187176924198866" />
			<trkpt lat="36.416931990534067" lon="-82.187283961102366" />
			<trkpt lat="36.416909946128726" lon="-82.187369959428906" />
			<trkpt lat="36.416823947802186" lon="-82.187455957755446" />
			<trkpt lat="36.416737949475646" lon="-82.187498956918716" />
			<trkpt lat="36.416630996391177" lon="-82.187540950253606" />
			<trkpt lat="36.416566958650947" lon="-82.187583949416876" />
			<trkpt lat="36.416416922584176" lon="-82.187648992985487" />
			<trkpt lat="36.416373923420906" lon="-82.187669947743416" />
			<trkpt lat="36.416308963671327" lon="-82.187777990475297" />
			<trkpt lat="36.416308963671327" lon="-82.187777990475297" />
			<trkpt lat="36.416287925094366" lon="-82.187884943559766" />
			<trkpt lat="36.416394961997867" lon="-82.188013941049576" />
			<trkpt lat="36.416716994717717" lon="-82.188206976279616" />
			<trkpt lat="36.416759993880987" lon="-82.188249975442886" />
			<trkpt lat="36.416823947802186" lon="-82.188313929364085" />
			<trkpt lat="36.416888991370797" lon="-82.188463965430856" />
			<trkpt lat="36.416888991370797" lon="-82.188463965430856" />
			<trkpt lat="36.416909946128726" lon="-82.188570918515325" />
			<trkpt lat="36.416931990534067" lon="-82.188678961247206" />
			<trkpt lat="36.416931990534067" lon="-82.188785998150706" />
			<trkpt lat="36.416931990534067" lon="-82.188892951235175" />
			<trkpt lat="36.416909946128726" lon="-82.189000993967056" />
			<trkpt lat="36.416909946128726" lon="-82.189107947051525" />
			<trkpt lat="36.416909946128726" lon="-82.189214983955026" />
			<trkpt lat="36.416888991370797" lon="-82.189343981444836" />
			<trkpt lat="36.416673995554447" lon="-82.190072955563664" />
			<trkpt lat="36.416630996391177" lon="-82.190180998295546" />
			<trkpt lat="36.416609957814217" lon="-82.190309995785356" />
			<trkpt lat="36.416652956977487" lon="-82.190480986610055" />
			<trkpt lat="36.416695956140757" lon="-82.190566984936595" />
			<trkpt lat="36.416737949475646" lon="-82.190652983263135" />
			<trkpt lat="36.416780948638916" lon="-82.190759936347604" />
			<trkpt lat="36.416802993044257" lon="-82.190781980752945" />
			<trkpt lat="36.416802993044257" lon="-82.190845934674144" />
			<trkpt lat="36.416802993044257" lon="-82.190909972414374" />
			<trkpt lat="36.416802993044257" lon="-82.190931933000684" />
			<trkpt lat="36.416759993880987" lon="-82.190995970740914" />
			<trkpt lat="36.416673995554447" lon="-82.191038969904184" />
			<trkpt lat="36.416566958650947" lon="-82.191060930490494" />
			<trkpt lat="36.416480960324407" lon="-82.191060930490494" />
			<trkpt lat="36.416394961997867" lon="-82.191060930490494" />
			<trkpt lat="36.416308963671327" lon="-82.191060930490494" />
			<trkpt lat="36.416137972846627" lon="-82.191017931327224" />
			<trkpt lat="36.416072929278016" lon="-82.190974932163954" />
			<trkpt lat="36.416008975356817" lon="-82.190909972414374" />
			<trkpt lat="36.415922977030277" lon="-82.190738981589675" />
			<trkpt lat="36.415879977867007" lon="-82.190652983263135" />
			<trkpt lat="36.415815940126777" lon="-82.190566984936595" />
			<trkpt lat="36.415750980377197" lon="-82.190502947196364" />
			<trkpt lat="36.415686942636967" lon="-82.190437987446785" />
			<trkpt lat="36.415622988715768" lon="-82.190394988283515" />
			<trkpt lat="36.415557945147157" lon="-82.190351989120245" />
			<trkpt lat="36.415514945983887" lon="-82.190244952216744" />
			<trkpt lat="36.415429953485727" lon="-82.190051916986704" />
			<trkpt lat="36.415429953485727" lon="-82.190051916986704" />
			<trkpt lat="36.415300955995917" lon="-82.189901964738965" />
			<trkpt lat="36.415300955995917" lon="-82.189901964738965" />
			<trkpt lat="36.415214957669377" lon="-82.189836921170354" />
			<trkpt lat="36.414806926622987" lon="-82.189450934529305" />
			<trkpt lat="36.414742972701788" lon="-82.189386980608106" />
			<trkpt lat="36.414678934961557" lon="-82.189343981444836" />
			<trkpt lat="36.414592936635017" lon="-82.189300982281566" />
			<trkpt lat="36.414506938308477" lon="-82.189321937039495" />
			<trkpt lat="36.414463939145207" lon="-82.189364936202765" />
			<trkpt lat="36.414399985224009" lon="-82.189558977261186" />
			<trkpt lat="36.414420939981937" lon="-82.189686968922615" />
			<trkpt lat="36.414420939981937" lon="-82.189686968922615" />
			<trkpt lat="36.414420939981937" lon="-82.189794927835464" />
			<trkpt lat="36.414441978558898" lon="-82.189901964738965" />
			<trkpt lat="36.414484977722168" lon="-82.190201953053474" />
			<trkpt lat="36.414484977722168" lon="-82.190287951380014" />
			<trkpt lat="36.414463939145207" lon="-82.190394988283515" />
			<trkpt lat="36.414441978558898" lon="-82.190502947196364" />
			<trkpt lat="36.414399985224009" lon="-82.190587939694524" />
			<trkpt lat="36.414334941655397" lon="-82.190695982426405" />
			<trkpt lat="36.414248943328857" lon="-82.190802935510874" />
			<trkpt lat="36.414163950830698" lon="-82.190866973251104" />
			<trkpt lat="36.414077952504158" lon="-82.190909972414374" />
			<trkpt lat="36.413991954177618" lon="-82.190931933000684" />
			<trkpt lat="36.413240935653448" lon="-82.191231921315193" />
			<trkpt lat="36.413175975903869" lon="-82.191253965720534" />
			<trkpt lat="36.413111938163638" lon="-82.191296964883804" />
			<trkpt lat="36.413004985079169" lon="-82.191403917968273" />
			<trkpt lat="36.412961985915899" lon="-82.191467955708504" />
			<trkpt lat="36.412897948175669" lon="-82.191639952361584" />
			<trkpt lat="36.412897948175669" lon="-82.191639952361584" />
			<trkpt lat="36.412897948175669" lon="-82.191768949851394" />
			<trkpt lat="36.412897948175669" lon="-82.191768949851394" />
			<trkpt lat="36.412897948175669" lon="-82.191853942349553" />
			<trkpt lat="36.412918986752629" lon="-82.191918985918164" />
			<trkpt lat="36.412939941510558" lon="-82.192004984244704" />
			<trkpt lat="36.412961985915899" lon="-82.192068938165903" />
			<trkpt lat="36.412897948175669" lon="-82.192326933145523" />
			<trkpt lat="36.412897948175669" lon="-82.192326933145523" />
			<trkpt lat="36.412832988426089" lon="-82.192411925643682" />
			<trkpt lat="36.412746990099549" lon="-82.192454924806952" />
			<trkpt lat="36.41266199760139" lon="-82.192497923970222" />
			<trkpt lat="36.41257599927485" lon="-82.192519968375564" />
			<trkpt lat="36.412510955706239" lon="-82.192562967538834" />
			<trkpt lat="36.412424957379699" lon="-82.192605966702104" />
			<trkpt lat="36.412360919639468" lon="-82.192626921460032" />
			<trkpt lat="36.412317920476198" lon="-82.192733958363533" />
			<trkpt lat="36.412296965718269" lon="-82.192776957526803" />
			<trkpt lat="36.412274921312928" lon="-82.192841917276382" />
			<trkpt lat="36.412274921312928" lon="-82.192841917276382" />
			<trkpt lat="36.412253966554999" lon="-82.192905955016613" />
			<trkpt lat="36.412231922149658" lon="-82.193077951669693" />
			<trkpt lat="36.412210967391729" lon="-82.193227987736464" />
			<trkpt lat="36.412124969065189" lon="-82.193806925788522" />
			<trkpt lat="36.412103930488229" lon="-82.193935923278332" />
			<trkpt lat="36.412081969901919" lon="-82.194042960181832" />
			<trkpt lat="36.412060931324959" lon="-82.194149997085333" />
			<trkpt lat="36.412038970738649" lon="-82.194257955998182" />
			<trkpt lat="36.411995971575379" lon="-82.194343954324722" />
			<trkpt lat="36.411909973248839" lon="-82.194407992064953" />
			<trkpt lat="36.41182498075068" lon="-82.194471945986152" />
			<trkpt lat="36.41173898242414" lon="-82.194557944312692" />
			<trkpt lat="36.411373950541019" lon="-82.194750979542732" />
			<trkpt lat="36.411309996619821" lon="-82.194815939292312" />
			<trkpt lat="36.411244953051209" lon="-82.194922976195812" />
			<trkpt lat="36.41090196557343" lon="-82.195759993046522" />
			<trkpt lat="36.41085896641016" lon="-82.195845991373062" />
			<trkpt lat="36.4108379278332" lon="-82.195909945294261" />
			<trkpt lat="36.4108379278332" lon="-82.195995943620801" />
			<trkpt lat="36.4108379278332" lon="-82.196081941947341" />
			<trkpt lat="36.4109449647367" lon="-82.196188978850842" />
			<trkpt lat="36.4109449647367" lon="-82.196188978850842" />
			<trkpt lat="36.41103096306324" lon="-82.196274977177382" />
			<trkpt lat="36.411180999130011" lon="-82.196445968002081" />
			<trkpt lat="36.411180999130011" lon="-82.196445968002081" />
			<trkpt lat="36.411266997456551" lon="-82.19651092775166" />
			<trkpt lat="36.411330951377749" lon="-82.196617964655161" />
			<trkpt lat="36.41139498911798" lon="-82.196703962981701" />
			<trkpt lat="36.411459948867559" lon="-82.196810999885201" />
			<trkpt lat="36.41160998493433" lon="-82.197154993191361" />
			<trkpt lat="36.411631945520639" lon="-82.197196986526251" />
			<trkpt lat="36.41160998493433" lon="-82.197282984852791" />
			<trkpt lat="36.41160998493433" lon="-82.1973049454391" />
			<trkpt lat="36.41152398660779" lon="-82.19739094376564" />
			<trkpt lat="36.411459948867559" lon="-82.197454981505871" />
			<trkpt lat="36.41139498911798" lon="-82.19751893542707" />
			<trkpt lat="36.411330951377749" lon="-82.19756193459034" />
			<trkpt lat="36.411309996619821" lon="-82.197626978158951" />
			<trkpt lat="36.411287952214479" lon="-82.19771197065711" />
			<trkpt lat="36.411266997456551" lon="-82.19781992956996" />
			<trkpt lat="36.411137999966741" lon="-82.19846298918128" />
			<trkpt lat="36.41107396222651" lon="-82.19884998165071" />
			<trkpt lat="36.41107396222651" lon="-82.198913935571909" />
			<trkpt lat="36.411051917821169" lon="-82.198999933898449" />
			<trkpt lat="36.411051917821169" lon="-82.199042933061719" />
			<trkpt lat="36.411137999966741" lon="-82.199192969128489" />
			<trkpt lat="36.411137999966741" lon="-82.199192969128489" />
			<trkpt lat="36.411223998293281" lon="-82.199213923886418" />
			<trkpt lat="36.41139498911798" lon="-82.199235968291759" />
			<trkpt lat="36.41139498911798" lon="-82.199235968291759" />
			<trkpt lat="36.41148098744452" lon="-82.199256923049688" />
			<trkpt lat="36.411545947194099" lon="-82.199278967455029" />
			<trkpt lat="36.411588946357369" lon="-82.199299922212958" />
			<trkpt lat="36.411673938855529" lon="-82.199428919702768" />
			<trkpt lat="36.4116529840976" lon="-82.199492957442999" />
			<trkpt lat="36.41160998493433" lon="-82.199600916355848" />
			<trkpt lat="36.411545947194099" lon="-82.19968699850142" />
			<trkpt lat="36.411502948030829" lon="-82.199771990999579" />
			<trkpt lat="36.411459948867559" lon="-82.199857989326119" />
			<trkpt lat="36.41143798828125" lon="-82.199922949075699" />
			<trkpt lat="36.411416949704289" lon="-82.200007941573858" />
			<trkpt lat="36.411502948030829" lon="-82.200243975967169" />
			<trkpt lat="36.411502948030829" lon="-82.200243975967169" />
			<trkpt lat="36.411588946357369" lon="-82.200308935716748" />
			<trkpt lat="36.411888934671879" lon="-82.200651923194528" />
			<trkpt lat="36.411974932998419" lon="-82.200716966763139" />
			<trkpt lat="36.412146929651499" lon="-82.200844958424568" />
			<trkpt lat="36.412146929651499" lon="-82.200844958424568" />
			<trkpt lat="36.412339964881539" lon="-82.200866919010878" />
			<trkpt lat="36.412446917966008" lon="-82.200887957587838" />
			<trkpt lat="36.41266199760139" lon="-82.200909918174148" />
			<trkpt lat="36.412875987589359" lon="-82.200994994491339" />
			<trkpt lat="36.412875987589359" lon="-82.200994994491339" />
			<trkpt lat="36.413068939000368" lon="-82.201123991981149" />
			<trkpt lat="36.413068939000368" lon="-82.201123991981149" />
			<trkpt lat="36.413154937326908" lon="-82.201209990307689" />
			<trkpt lat="36.413283934816718" lon="-82.201424986124039" />
			<trkpt lat="36.413283934816718" lon="-82.201424986124039" />
			<trkpt lat="36.413326933979988" lon="-82.201531939208508" />
			<trkpt lat="36.413412932306528" lon="-82.201617937535048" />
			<trkpt lat="36.413519969210029" lon="-82.201681975275278" />
			<trkpt lat="36.413605967536569" lon="-82.201724974438548" />
			<trkpt lat="36.413669921457767" lon="-82.201788928359747" />
			<trkpt lat="36.413733959197998" lon="-82.201810972765088" />
			<trkpt lat="36.413798918947577" lon="-82.201874926686287" />
			<trkpt lat="36.413819957524538" lon="-82.201939970254898" />
			<trkpt lat="36.413798918947577" lon="-82.202024962753057" />
			<trkpt lat="36.413648966699839" lon="-82.202067961916327" />
			<trkpt lat="36.413562968373299" lon="-82.202067961916327" />
			<trkpt lat="36.413562968373299" lon="-82.202067961916327" />
			<trkpt lat="36.412961985915899" lon="-82.202132921665907" />
			<trkpt lat="36.41178198158741" lon="-82.202303996309638" />
			<trkpt lat="36.411266997456551" lon="-82.202647989615798" />
			<trkpt lat="36.411201953887939" lon="-82.202690988779068" />
			<trkpt lat="36.41111696138978" lon="-82.202733987942338" />
			<trkpt lat="36.41103096306324" lon="-82.202947977930307" />
			<trkpt lat="36.411051917821169" lon="-82.203054931014776" />
			<trkpt lat="36.411051917821169" lon="-82.203054931014776" />
			<trkpt lat="36.41107396222651" lon="-82.203162973746657" />
			<trkpt lat="36.411137999966741" lon="-82.203290965408087" />
			<trkpt lat="36.411201953887939" lon="-82.203398924320936" />
			<trkpt lat="36.411716938018799" lon="-82.204149942845106" />
			<trkpt lat="36.41178198158741" lon="-82.204256979748607" />
			<trkpt lat="36.41186797991395" lon="-82.204363932833076" />
			<trkpt lat="36.412296965718269" lon="-82.204707926139235" />
			<trkpt lat="36.412360919639468" lon="-82.204792918637395" />
			<trkpt lat="36.412360919639468" lon="-82.204792918637395" />
			<trkpt lat="36.412382964044809" lon="-82.204900961369276" />
			<trkpt lat="36.412382964044809" lon="-82.204986959695816" />
			<trkpt lat="36.412403918802738" lon="-82.205028953030705" />
			<trkpt lat="36.412339964881539" lon="-82.205136995762587" />
			<trkpt lat="36.412339964881539" lon="-82.205136995762587" />
			<trkpt lat="36.412253966554999" lon="-82.205222994089127" />
			<trkpt lat="36.412167968228459" lon="-82.205307986587286" />
			<trkpt lat="36.412038970738649" lon="-82.205350985750556" />
			<trkpt lat="36.411931933835149" lon="-82.205393984913826" />
			<trkpt lat="36.41186797991395" lon="-82.205436984077096" />
			<trkpt lat="36.411802936345339" lon="-82.205458944663405" />
			<trkpt lat="36.41173898242414" lon="-82.205479983240366" />
			<trkpt lat="36.41169598326087" lon="-82.205436984077096" />
			<trkpt lat="36.411631945520639" lon="-82.205350985750556" />
			<trkpt lat="36.411502948030829" lon="-82.204986959695816" />
			<trkpt lat="36.411352995783091" lon="-82.204771963879466" />
			<trkpt lat="36.411352995783091" lon="-82.204771963879466" />
			<trkpt lat="36.410922920331359" lon="-82.204385977238417" />
			<trkpt lat="36.41085896641016" lon="-82.204320933669806" />
			<trkpt lat="36.41079492866993" lon="-82.204256979748607" />
			<trkpt lat="36.41075192950666" lon="-82.204192942008376" />
			<trkpt lat="36.41053693369031" lon="-82.204256979748607" />
			<trkpt lat="36.41053693369031" lon="-82.204256979748607" />
			<trkpt lat="36.41032294370234" lon="-82.204406931996346" />
			<trkpt lat="36.410257983952761" lon="-82.204449931159616" />
			<trkpt lat="36.4102369453758" lon="-82.204471975564957" />
			<trkpt lat="36.41015094704926" lon="-82.204471975564957" />
			<trkpt lat="36.410086993128061" lon="-82.204471975564957" />
			<trkpt lat="36.41002194955945" lon="-82.204428976401687" />
			<trkpt lat="36.40993595123291" lon="-82.204342978075147" />
			<trkpt lat="36.409871997311711" lon="-82.204277934506536" />
			<trkpt lat="36.409828998148441" lon="-82.204170981422067" />
			<trkpt lat="36.409807959571481" lon="-82.204063944518566" />
			<trkpt lat="36.409785998985171" lon="-82.203956991434097" />
			<trkpt lat="36.409764960408211" lon="-82.203848948702216" />
			<trkpt lat="36.409764960408211" lon="-82.203762950375676" />
			<trkpt lat="36.409764960408211" lon="-82.203677957877517" />
			<trkpt lat="36.409721961244941" lon="-82.203526999801397" />
			<trkpt lat="36.409721961244941" lon="-82.203526999801397" />
			<trkpt lat="36.409635962918401" lon="-82.203484922647476" />
			<trkpt lat="36.40948592685163" lon="-82.203526999801397" />
			<trkpt lat="36.40948592685163" lon="-82.203526999801397" />
			<trkpt lat="36.409163977950811" lon="-82.203655997291207" />
			<trkpt lat="36.409077979624271" lon="-82.203698996454477" />
			<trkpt lat="36.408970942720771" lon="-82.203741995617747" />
			<trkpt lat="36.408798946067691" lon="-82.203913992270827" />
			<trkpt lat="36.408734992146492" lon="-82.203999990597367" />
			<trkpt lat="36.408669948577881" lon="-82.204020945355296" />
			<trkpt lat="36.408562995493412" lon="-82.203999990597367" />
			<trkpt lat="36.408476997166872" lon="-82.203977946192026" />
			<trkpt lat="36.408390998840332" lon="-82.203956991434097" />
			<trkpt lat="36.408283961936831" lon="-82.203913992270827" />
			<trkpt lat="36.408219924196601" lon="-82.203891947865486" />
			<trkpt lat="36.408111965283751" lon="-82.203913992270827" />
			<trkpt lat="36.408047927543521" lon="-82.203977946192026" />
			<trkpt lat="36.408026972785592" lon="-82.203999990597367" />
			<trkpt lat="36.408047927543521" lon="-82.204149942845106" />
			<trkpt lat="36.408047927543521" lon="-82.204256979748607" />
			<trkpt lat="36.408069971948862" lon="-82.204363932833076" />
			<trkpt lat="36.408069971948862" lon="-82.204642966389656" />
			<trkpt lat="36.408026972785592" lon="-82.204728964716196" />
			<trkpt lat="36.408026972785592" lon="-82.204728964716196" />
			<trkpt lat="36.407983973622322" lon="-82.204835917800665" />
			<trkpt lat="36.407875930890441" lon="-82.205093996599317" />
			<trkpt lat="36.407833937555552" lon="-82.205179994925857" />
			<trkpt lat="36.407768977805972" lon="-82.205243948847055" />
			<trkpt lat="36.407682979479432" lon="-82.205286948010325" />
			<trkpt lat="36.407596981152892" lon="-82.205307986587286" />
			<trkpt lat="36.407532943412662" lon="-82.205350985750556" />
			<trkpt lat="36.407425990328193" lon="-82.205393984913826" />
			<trkpt lat="36.407425990328193" lon="-82.205393984913826" />
			<trkpt lat="36.407425990328193" lon="-82.205436984077096" />
			<trkpt lat="36.407403945922852" lon="-82.205608980730176" />
			<trkpt lat="36.407403945922852" lon="-82.205694979056716" />
			<trkpt lat="36.407403945922852" lon="-82.205694979056716" />
			<trkpt lat="36.407360946759582" lon="-82.205844931304455" />
			<trkpt lat="36.407360946759582" lon="-82.205844931304455" />
			<trkpt lat="36.407318953424692" lon="-82.205930929630995" />
			<trkpt lat="36.407275954261422" lon="-82.206037966534495" />
			<trkpt lat="36.407189955934882" lon="-82.206273917108774" />
			<trkpt lat="36.407189955934882" lon="-82.206273917108774" />
			<trkpt lat="36.407082919031382" lon="-82.206552950665355" />
			<trkpt lat="36.407017959281802" lon="-82.206659987568855" />
			<trkpt lat="36.406996920704842" lon="-82.206745985895395" />
			<trkpt lat="36.406953921541572" lon="-82.206831984221935" />
			<trkpt lat="36.406910922378302" lon="-82.206917982548475" />
			<trkpt lat="36.406824924051762" lon="-82.206938937306404" />
			<trkpt lat="36.406760970130563" lon="-82.206960981711745" />
			<trkpt lat="36.406674971804023" lon="-82.206960981711745" />
			<trkpt lat="36.406459975987673" lon="-82.206938937306404" />
			<trkpt lat="36.406459975987673" lon="-82.206938937306404" />
			<trkpt lat="36.406159987673163" lon="-82.206852938979864" />
			<trkpt lat="36.406073989346623" lon="-82.206809939816594" />
			<trkpt lat="36.405322970822453" lon="-82.207046980038285" />
			<trkpt lat="36.405215933918953" lon="-82.207110933959484" />
			<trkpt lat="36.405107975006104" lon="-82.207174971699715" />
			<trkpt lat="36.404592990875244" lon="-82.207689955830574" />
			<trkpt lat="36.404464999213815" lon="-82.207839991897345" />
			<trkpt lat="36.404421916231513" lon="-82.207882991060615" />
			<trkpt lat="36.404378917068243" lon="-82.207947950810194" />
			<trkpt lat="36.404292918741703" lon="-82.207990949973464" />
			<trkpt lat="36.404206920415163" lon="-82.207990949973464" />
			<trkpt lat="36.404099967330694" lon="-82.207968989387155" />
			<trkpt lat="36.403992930427194" lon="-82.207968989387155" />
			<trkpt lat="36.403863932937384" lon="-82.207968989387155" />
			<trkpt lat="36.403691936284304" lon="-82.208011988550425" />
			<trkpt lat="36.403691936284304" lon="-82.208011988550425" />
			<trkpt lat="36.403605937957764" lon="-82.208097986876965" />
			<trkpt lat="36.403541984036565" lon="-82.208204939961433" />
			<trkpt lat="36.403455985710025" lon="-82.208312982693315" />
			<trkpt lat="36.402897918596864" lon="-82.208977919071913" />
			<trkpt lat="36.402833964675665" lon="-82.209041956812143" />
			<trkpt lat="36.402790965512395" lon="-82.209105994552374" />
			<trkpt lat="36.402597930282354" lon="-82.209148993715644" />
			<trkpt lat="36.402511931955814" lon="-82.209170954301953" />
			<trkpt lat="36.402511931955814" lon="-82.209170954301953" />
			<trkpt lat="36.402254942804575" lon="-82.209148993715644" />
			<trkpt lat="36.402039946988225" lon="-82.209084955975413" />
			<trkpt lat="36.401567962020636" lon="-82.208912959322333" />
			<trkpt lat="36.401481963694096" lon="-82.208869960159063" />
			<trkpt lat="36.401417925953865" lon="-82.208891920745373" />
			<trkpt lat="36.401352966204286" lon="-82.208912959322333" />
			<trkpt lat="36.401309967041016" lon="-82.209020918235183" />
			<trkpt lat="36.401331927627325" lon="-82.209277991205454" />
			<trkpt lat="36.401331927627325" lon="-82.209277991205454" />
			<trkpt lat="36.401417925953865" lon="-82.209384944289923" />
			<trkpt lat="36.401610961183906" lon="-82.209706977009773" />
			<trkpt lat="36.401653960347176" lon="-82.209856929257512" />
			<trkpt lat="36.401696959510446" lon="-82.209985926747322" />
			<trkpt lat="36.401717998087406" lon="-82.210114924237132" />
			<trkpt lat="36.401717998087406" lon="-82.210243921726942" />
			<trkpt lat="36.401696959510446" lon="-82.210371997207403" />
			<trkpt lat="36.401674998924136" lon="-82.210500994697213" />
			<trkpt lat="36.401610961183906" lon="-82.210607947781682" />
			<trkpt lat="36.401524962857366" lon="-82.210715990513563" />
			<trkpt lat="36.401417925953865" lon="-82.210844988003373" />
			<trkpt lat="36.401116931810975" lon="-82.211187975481153" />
			<trkpt lat="36.400988940149546" lon="-82.211294928565621" />
			<trkpt lat="36.400859942659736" lon="-82.211401965469122" />
			<trkpt lat="36.400151923298836" lon="-82.211852995678782" />
			<trkpt lat="36.399893928319216" lon="-82.212002947926521" />
			<trkpt lat="36.399507941678166" lon="-82.212281981483102" />
			<trkpt lat="36.399378944188356" lon="-82.212367979809642" />
			<trkpt lat="36.399271991103888" lon="-82.212474932894111" />
			<trkpt lat="36.399185992777348" lon="-82.212603930383921" />
			<trkpt lat="36.398906959220767" lon="-82.212968962267041" />
			<trkpt lat="36.398842921480536" lon="-82.213075999170542" />
			<trkpt lat="36.398777961730957" lon="-82.213161997497082" />
			<trkpt lat="36.398692969232798" lon="-82.213225951418281" />
			<trkpt lat="36.398563971742988" lon="-82.213247995823622" />
			<trkpt lat="36.398456934839487" lon="-82.213268950581551" />
			<trkpt lat="36.398348975926638" lon="-82.213268950581551" />
			<trkpt lat="36.398219978436828" lon="-82.213204996660352" />
			<trkpt lat="36.398112941533327" lon="-82.213139953091741" />
			<trkpt lat="36.398026943206787" lon="-82.21303291618824" />
			<trkpt lat="36.397898951545358" lon="-82.21290391869843" />
			<trkpt lat="36.397683955729008" lon="-82.212667968124151" />
			<trkpt lat="36.397576918825507" lon="-82.212560931220651" />
			<trkpt lat="36.397468959912658" lon="-82.212496977299452" />
			<trkpt lat="36.397340968251228" lon="-82.212453978136182" />
			<trkpt lat="36.397211970761418" lon="-82.212431933730841" />
			<trkpt lat="36.396739985793829" lon="-82.212453978136182" />
			<trkpt lat="36.395838931202888" lon="-82.212517932057381" />
			<trkpt lat="36.395065952092409" lon="-82.212603930383921" />
			<trkpt lat="36.394786918535829" lon="-82.212689928710461" />
			<trkpt lat="36.39463696628809" lon="-82.212732927873731" />
			<trkpt lat="36.39433697797358" lon="-82.21303291618824" />
			<trkpt lat="36.39407898299396" lon="-82.213182952255011" />
			<trkpt lat="36.39407898299396" lon="-82.213182952255011" />
			<trkpt lat="36.39392894692719" lon="-82.213247995823622" />
			<trkpt lat="36.393778994679451" lon="-82.213311949744821" />
			<trkpt lat="36.3929199334234" lon="-82.213676981627941" />
			<trkpt lat="36.392812980338931" lon="-82.21374093554914" />
			<trkpt lat="36.392683982849121" lon="-82.21382693387568" />
			<trkpt lat="36.392555991187692" lon="-82.21391293220222" />
			<trkpt lat="36.392426993697882" lon="-82.21399893052876" />
			<trkpt lat="36.392319956794381" lon="-82.21412792801857" />
			<trkpt lat="36.392211997881532" lon="-82.214234964922071" />
			<trkpt lat="36.392190959304571" lon="-82.21440595574677" />
			<trkpt lat="36.392168998718262" lon="-82.214556997641921" />
			<trkpt lat="36.392147960141301" lon="-82.21472798846662" />
			<trkpt lat="36.392061961814761" lon="-82.21487894654274" />
			<trkpt lat="36.391739929094911" lon="-82.21554396674037" />
			<trkpt lat="36.391503978520632" lon="-82.21603699028492" />
			<trkpt lat="36.391460979357362" lon="-82.216208986938" />
			<trkpt lat="36.391439940780401" lon="-82.21638098359108" />
			<trkpt lat="36.391439940780401" lon="-82.216551974415779" />
			<trkpt lat="36.391460979357362" lon="-82.216744925826788" />
			<trkpt lat="36.391482939943671" lon="-82.216938966885209" />
			<trkpt lat="36.391568938270211" lon="-82.217495944350958" />
			<trkpt lat="36.391675975173712" lon="-82.218075972050428" />
			<trkpt lat="36.391739929094911" lon="-82.218461958691478" />
			<trkpt lat="36.391718974336982" lon="-82.218654993921518" />
			<trkpt lat="36.391696929931641" lon="-82.218869989737868" />
			<trkpt lat="36.391653930768371" lon="-82.219491926953197" />
			<trkpt lat="36.391589976847172" lon="-82.220135992392898" />
			<trkpt lat="36.391653930768371" lon="-82.220778968185186" />
			<trkpt lat="36.391739929094911" lon="-82.221508948132396" />
			<trkpt lat="36.391739929094911" lon="-82.221658984199166" />
			<trkpt lat="36.391761973500252" lon="-82.221787981688976" />
			<trkpt lat="36.391739929094911" lon="-82.221894934773445" />
			<trkpt lat="36.391611937433481" lon="-82.222044970840216" />
			<trkpt lat="36.391503978520632" lon="-82.222173968330026" />
			<trkpt lat="36.391053954139352" lon="-82.222795989364386" />
			<trkpt lat="36.390366973355412" lon="-82.224340941756964" />
			<trkpt lat="36.389980986714363" lon="-82.225628988817334" />
			<trkpt lat="36.389958942309022" lon="-82.225800985470414" />
			<trkpt lat="36.389958942309022" lon="-82.225971976295114" />
			<trkpt lat="36.389980986714363" lon="-82.226164927706122" />
			<trkpt lat="36.389980986714363" lon="-82.226486960425973" />
			<trkpt lat="36.390087939798832" lon="-82.227044943720102" />
			<trkpt lat="36.390108978375793" lon="-82.227130942046642" />
			<trkpt lat="36.390130938962102" lon="-82.227216940373182" />
			<trkpt lat="36.390151977539062" lon="-82.227280978113413" />
			<trkpt lat="36.389958942309022" lon="-82.227452974766493" />
			<trkpt lat="36.389958942309022" lon="-82.227452974766493" />
			<trkpt lat="36.389851989224553" lon="-82.227473929524422" />
			<trkpt lat="36.388671984896064" lon="-82.227731924504042" />
			<trkpt lat="36.387040950357914" lon="-82.227988997474313" />
			<trkpt lat="36.385323917493224" lon="-82.227752963081002" />
			<trkpt lat="36.383864963427186" lon="-82.227066988125443" />
			<trkpt lat="36.382448924705386" lon="-82.225757986307144" />
			<trkpt lat="36.381354918703437" lon="-82.223976999521255" />
			<trkpt lat="36.380367949604988" lon="-82.221765937283635" />
			<trkpt lat="36.379144946113229" lon="-82.219512965530157" />
			<trkpt lat="36.377642992883921" lon="-82.218204969540238" />
			<trkpt lat="36.37669793330133" lon="-82.217495944350958" />
			<trkpt lat="36.375946998596191" lon="-82.216916922479868" />
			<trkpt lat="36.375410975888371" lon="-82.216487936675549" />
			<trkpt lat="36.374852992594242" lon="-82.216058950871229" />
			<trkpt lat="36.374080935493112" lon="-82.215478923171759" />
			<trkpt lat="36.373329916968942" lon="-82.2148999851197" />
			<trkpt lat="36.371998954564333" lon="-82.213848978281021" />
			<trkpt lat="36.369917979463935" lon="-82.211680999025702" />
			<trkpt lat="36.368608977645636" lon="-82.210071925073862" />
			<trkpt lat="36.368093993514776" lon="-82.209470942616463" />
			<trkpt lat="36.367599964141846" lon="-82.208869960159063" />
			<trkpt lat="36.367063941434026" lon="-82.208312982693315" />
			<trkpt lat="36.366848945617676" lon="-82.208183985203505" />
			<trkpt lat="36.366634955629706" lon="-82.208075942471623" />
			<trkpt lat="36.366398921236396" lon="-82.207968989387155" />
			<trkpt lat="36.366183925420046" lon="-82.207861952483654" />
			<trkpt lat="36.365475989878178" lon="-82.207689955830574" />
			<trkpt lat="36.364767970517278" lon="-82.207539919763803" />
			<trkpt lat="36.363866999745369" lon="-82.207217970862985" />
			<trkpt lat="36.363437930122018" lon="-82.206981936469674" />
			<trkpt lat="36.363243972882628" lon="-82.206809939816594" />
			<trkpt lat="36.363072982057929" lon="-82.206616988405585" />
			<trkpt lat="36.362728988751769" lon="-82.206230917945504" />
			<trkpt lat="36.362042929977179" lon="-82.205458944663405" />
			<trkpt lat="36.36167798191309" lon="-82.205093996599317" />
			<trkpt lat="36.36129199527204" lon="-82.204771963879466" />
			<trkpt lat="36.36107699945569" lon="-82.204685965552926" />
			<trkpt lat="36.360862925648689" lon="-82.204578928649426" />
			<trkpt lat="36.360647929832339" lon="-82.204514974728227" />
			<trkpt lat="36.36019698344171" lon="-82.204449931159616" />
			<trkpt lat="36.36019698344171" lon="-82.204449931159616" />
			<trkpt lat="36.3599609490484" lon="-82.204471975564957" />
			<trkpt lat="36.359724998474121" lon="-82.204492930322886" />
			<trkpt lat="36.359488964080811" lon="-82.204556968063116" />
			<trkpt lat="36.3592529296875" lon="-82.204642966389656" />
			<trkpt lat="36.359038939699531" lon="-82.204707926139235" />
			<trkpt lat="36.358394958078861" lon="-82.205028953030705" />
			<trkpt lat="36.357600940391421" lon="-82.205458944663405" />
			<trkpt lat="36.356806922703981" lon="-82.205887930467725" />
			<trkpt lat="36.354403998702765" lon="-82.207174971699715" />
			<trkpt lat="36.353480983525515" lon="-82.207603957504034" />
			<trkpt lat="36.351828994229436" lon="-82.208161940798163" />
			<trkpt lat="36.349725974723697" lon="-82.208376936614513" />
			<trkpt lat="36.347687998786569" lon="-82.207904951646924" />
			<trkpt lat="36.345283985137939" lon="-82.207367923110723" />
			<trkpt lat="36.342794978991151" lon="-82.207346968352795" />
			<trkpt lat="36.340498924255371" lon="-82.207131972536445" />
			<trkpt lat="36.338395988568664" lon="-82.206209963187575" />
			<trkpt lat="36.335456958040595" lon="-82.204320933669806" />
			<trkpt lat="36.332473922520876" lon="-82.202454954385757" />
			<trkpt lat="36.330349948257208" lon="-82.201724974438548" />
			<trkpt lat="36.327774943783879" lon="-82.201402941718698" />
			<trkpt lat="36.325049987062812" lon="-82.200716966763139" />
			<trkpt lat="36.323075965046883" lon="-82.200243975967169" />
			<trkpt lat="36.321380976587534" lon="-82.199986986815929" />
			<trkpt lat="36.320285964757204" lon="-82.199814990162849" />
			<trkpt lat="36.319641983136535" lon="-82.199750952422619" />
			<trkpt lat="36.318998923525214" lon="-82.19968699850142" />
			<trkpt lat="36.318354941904545" lon="-82.19964399933815" />
			<trkpt lat="36.317496970295906" lon="-82.199514918029308" />
			<trkpt lat="36.316251922398806" lon="-82.19910697080195" />
			<trkpt lat="36.313590919598937" lon="-82.19784096814692" />
			<trkpt lat="36.310543930158019" lon="-82.195737948641181" />
			<trkpt lat="36.309792995452881" lon="-82.195222964510322" />
			<trkpt lat="36.307818973436952" lon="-82.193849924951792" />
			<trkpt lat="36.307239951565862" lon="-82.193441977724433" />
			<trkpt lat="36.306681968271732" lon="-82.193012991920114" />
			<trkpt lat="36.305780997499824" lon="-82.192283933982253" />
			<trkpt lat="36.305243968963623" lon="-82.191832987591624" />
			<trkpt lat="36.303613940253854" lon="-82.190459948033094" />
			<trkpt lat="36.303291991353035" lon="-82.190180998295546" />
			<trkpt lat="36.302947998046875" lon="-82.189901964738965" />
			<trkpt lat="36.302604926750064" lon="-82.189579932019114" />
			<trkpt lat="36.302261939272285" lon="-82.189279943704605" />
			<trkpt lat="36.301939990371466" lon="-82.188914995640516" />
			<trkpt lat="36.301424922421575" lon="-82.188055934384465" />
			<trkpt lat="36.301016975194216" lon="-82.187090925872326" />
			<trkpt lat="36.300845984369516" lon="-82.186596980318427" />
			<trkpt lat="36.300115920603275" lon="-82.184966951608658" />
			<trkpt lat="36.299643935635686" lon="-82.184365969151258" />
			<trkpt lat="36.299149990081787" lon="-82.183914938941598" />
			<trkpt lat="36.298763919621706" lon="-82.183678988367319" />
			<trkpt lat="36.296832980588078" lon="-82.18249898403883" />
			<trkpt lat="36.296682944521308" lon="-82.182305948808789" />
			<trkpt lat="36.296532992273569" lon="-82.182133952155709" />
			<trkpt lat="36.296403994783759" lon="-82.18191996216774" />
			<trkpt lat="36.296296957880259" lon="-82.18170496635139" />
			<trkpt lat="36.296210959553719" lon="-82.18144797720015" />
			<trkpt lat="36.296124961227179" lon="-82.181210936978459" />
			<trkpt lat="36.295244945213199" lon="-82.178721930831671" />
			<trkpt lat="36.295244945213199" lon="-82.178721930831671" />
			<trkpt lat="36.29509499296546" lon="-82.178528979420662" />
			<trkpt lat="36.294944956898689" lon="-82.178357988595963" />
			<trkpt lat="36.294772960245609" lon="-82.178163947537541" />
			<trkpt lat="36.294600963592529" lon="-82.178056994453073" />
			<trkpt lat="36.29438697360456" lon="-82.177927996963263" />
			<trkpt lat="36.294193938374519" lon="-82.177820960059762" />
			<trkpt lat="36.291253985837102" lon="-82.176383966580033" />
			<trkpt lat="36.290416968986392" lon="-82.175739984959364" />
			<trkpt lat="36.289923945441842" lon="-82.175310999155045" />
			<trkpt lat="36.288678981363773" lon="-82.174687972292304" />
			<trkpt lat="36.287476932629943" lon="-82.174580935388803" />
			<trkpt lat="36.287112990394235" lon="-82.174559980630875" />
			<trkpt lat="36.287069991230965" lon="-82.174559980630875" />
			<trkpt lat="36.287004947662354" lon="-82.174559980630875" />
			<trkpt lat="36.286940993741155" lon="-82.174559980630875" />
			<trkpt lat="36.286961948499084" lon="-82.174408938735723" />
			<trkpt lat="36.286961948499084" lon="-82.174344984814525" />
			<trkpt lat="36.286961948499084" lon="-82.174280947074294" />
			<trkpt lat="36.286961948499084" lon="-82.174215987324715" />
			<trkpt lat="36.286983992904425" lon="-82.174108950421214" />
			<trkpt lat="36.286983992904425" lon="-82.174108950421214" />
			<trkpt lat="36.286983992904425" lon="-82.174065951257944" />
			<trkpt lat="36.286983992904425" lon="-82.174065951257944" />
			<trkpt lat="36.286983992904425" lon="-82.173979952931404" />
			<trkpt lat="36.286683920770884" lon="-82.174001997336745" />
			<trkpt lat="36.286983992904425" lon="-82.174087995663285" />
			<trkpt lat="36.286983992904425" lon="-82.174108950421214" />
			<trkpt lat="36.286983992904425" lon="-82.174129988998175" />
			<trkpt lat="36.286747958511114" lon="-82.174151949584484" />
			<trkpt lat="36.286725997924805" lon="-82.174151949584484" />
			<trkpt lat="36.286704959347844" lon="-82.174129988998175" />
			<trkpt lat="36.286704959347844" lon="-82.174129988998175" />
			<trkpt lat="36.286725997924805" lon="-82.174129988998175" />
			<trkpt lat="36.286725997924805" lon="-82.174129988998175" />
			<trkpt lat="36.286725997924805" lon="-82.174129988998175" />
			<trkpt lat="36.286725997924805" lon="-82.174108950421214" />
			<trkpt lat="36.286725997924805" lon="-82.174108950421214" />
			<trkpt lat="36.286725997924805" lon="-82.174108950421214" />
			<trkpt lat="36.286725997924805" lon="-82.174108950421214" />
			<trkpt lat="36.286725997924805" lon="-82.174108950421214" />
			<trkpt lat="36.286876956000924" lon="-82.173958998173475" />
			<trkpt lat="36.286983992904425" lon="-82.173979952931404" />
			<trkpt lat="36.286983992904425" lon="-82.173872999846935" />
			<trkpt lat="36.286983992904425" lon="-82.173808962106705" />
			<trkpt lat="36.287004947662354" lon="-82.173700919374824" />
			<trkpt lat="36.287004947662354" lon="-82.173700919374824" />
			<trkpt lat="36.287004947662354" lon="-82.173593966290355" />
			<trkpt lat="36.286940993741155" lon="-82.173057943582535" />
			<trkpt lat="36.286725997924805" lon="-82.171812979504466" />
			<trkpt lat="36.286532962694764" lon="-82.170632975175977" />
			<trkpt lat="36.286318972706795" lon="-82.169044939801097" />
			<trkpt lat="36.286146976053715" lon="-82.167928973212838" />
			<trkpt lat="36.286082938313484" lon="-82.167370989918709" />
			<trkpt lat="36.285846987739205" lon="-82.16589099727571" />
			<trkpt lat="36.285524955019355" lon="-82.16355194337666" />
			<trkpt lat="36.285374918952584" lon="-82.16262892819941" />
			<trkpt lat="36.285073924809694" lon="-82.160504953935742" />
			<trkpt lat="36.285052970051765" lon="-82.160375956445932" />
			<trkpt lat="36.285030925646424" lon="-82.160246958956122" />
			<trkpt lat="36.284580985084176" lon="-82.159624937921762" />
			<trkpt lat="36.284494986757636" lon="-82.159495940431952" />
			<trkpt lat="36.284172954037786" lon="-82.158937957137823" />
			<trkpt lat="36.283399974927306" lon="-82.157543962821364" />
			<trkpt lat="36.283249938860536" lon="-82.157242968678474" />
			<trkpt lat="36.282627917826176" lon="-82.156084924936295" />
			<trkpt lat="36.282198932021856" lon="-82.155247991904616" />
			<trkpt lat="36.281897937878966" lon="-82.154689924791455" />
			<trkpt lat="36.281790984794497" lon="-82.154582971706986" />
			<trkpt lat="36.281704986467957" lon="-82.154474928975105" />
			<trkpt lat="36.281597949564457" lon="-82.154388930648565" />
			<trkpt lat="36.281490996479988" lon="-82.154345931485295" />
			<trkpt lat="36.280867969617248" lon="-82.154045943170786" />
			<trkpt lat="36.280610980466008" lon="-82.153873946517706" />
			<trkpt lat="36.280503943562508" lon="-82.153809992596507" />
			<trkpt lat="36.280374946072698" lon="-82.153723994269967" />
			<trkpt lat="36.280267992988229" lon="-82.153423922136426" />
			<trkpt lat="36.280267992988229" lon="-82.153423922136426" />
			<trkpt lat="36.280202949419618" lon="-82.153273969888687" />
			<trkpt lat="36.280095996335149" lon="-82.152972975745797" />
			<trkpt lat="36.280031958594918" lon="-82.152886977419257" />
			<trkpt lat="36.279902961105108" lon="-82.152779940515757" />
			<trkpt lat="36.279902961105108" lon="-82.152779940515757" />
			<trkpt lat="36.279795924201608" lon="-82.152779940515757" />
			<trkpt lat="36.279580928385258" lon="-82.152758985757828" />
			<trkpt lat="36.279451930895448" lon="-82.152736941352487" />
			<trkpt lat="36.279365932568908" lon="-82.152715986594558" />
			<trkpt lat="36.279258979484439" lon="-82.152693942189217" />
			<trkpt lat="36.279194941744208" lon="-82.152629988268018" />
			<trkpt lat="36.279172981157899" lon="-82.152500990778208" />
			<trkpt lat="36.279237940907478" lon="-82.152414992451668" />
			<trkpt lat="36.279280940070748" lon="-82.152328994125128" />
			<trkpt lat="36.279323939234018" lon="-82.152221957221627" />
			<trkpt lat="36.279387976974249" lon="-82.152135958895087" />
			<trkpt lat="36.279430976137519" lon="-82.151985922828317" />
			<trkpt lat="36.279408931732178" lon="-82.151856925338507" />
			<trkpt lat="36.279280940070748" lon="-82.151663973927498" />
			<trkpt lat="36.279280940070748" lon="-82.151663973927498" />
			<trkpt lat="36.279172981157899" lon="-82.151577975600958" />
			<trkpt lat="36.279086982831359" lon="-82.151470938697457" />
			<trkpt lat="36.278850948438048" lon="-82.151256948709488" />
			<trkpt lat="36.278550960123539" lon="-82.150955954566598" />
			<trkpt lat="36.278335964307189" lon="-82.150762919336557" />
			<trkpt lat="36.27807897515595" lon="-82.150483969599009" />
			<trkpt lat="36.27799297682941" lon="-82.150419931858778" />
			<trkpt lat="36.277885939925909" lon="-82.150354972109199" />
			<trkpt lat="36.277627944946289" lon="-82.150419931858778" />
			<trkpt lat="36.277627944946289" lon="-82.150419931858778" />
			<trkpt lat="36.27754295244813" lon="-82.150483969599009" />
			<trkpt lat="36.27745695412159" lon="-82.150526968762279" />
			<trkpt lat="36.27739199437201" lon="-82.150526968762279" />
			<trkpt lat="36.27734899520874" lon="-82.150483969599009" />
			<trkpt lat="36.27734899520874" lon="-82.150419931858778" />
			<trkpt lat="36.27732795663178" lon="-82.150354972109199" />
			<trkpt lat="36.27734899520874" lon="-82.150269979611039" />
			<trkpt lat="36.27739199437201" lon="-82.150183981284499" />
			<trkpt lat="36.27747799269855" lon="-82.150118937715888" />
			<trkpt lat="36.277756942436099" lon="-82.149839987978339" />
			<trkpt lat="36.277971938252449" lon="-82.14962599799037" />
			<trkpt lat="36.27807897515595" lon="-82.14953999966383" />
			<trkpt lat="36.278271926566958" lon="-82.149346964433789" />
			<trkpt lat="36.278400924056768" lon="-82.149260966107249" />
			<trkpt lat="36.278529921546578" lon="-82.149217966943979" />
			<trkpt lat="36.27865799702704" lon="-82.149196928367019" />
			<trkpt lat="36.27878699451685" lon="-82.149217966943979" />
			<trkpt lat="36.278893947601318" lon="-82.149260966107249" />
			<trkpt lat="36.2790019903332" lon="-82.149281920865178" />
			<trkpt lat="36.279086982831359" lon="-82.149303965270519" />
			<trkpt lat="36.279108943417668" lon="-82.149260966107249" />
			<trkpt lat="36.279129981994629" lon="-82.149196928367019" />
			<trkpt lat="36.279129981994629" lon="-82.149153929203749" />
			<trkpt lat="36.279065944254398" lon="-82.149110930040479" />
			<trkpt lat="36.2790019903332" lon="-82.149088969454169" />
			<trkpt lat="36.27891599200666" lon="-82.149088969454169" />
			<trkpt lat="36.27882999368012" lon="-82.149067930877209" />
			<trkpt lat="36.278529921546578" lon="-82.149067930877209" />
			<trkpt lat="36.278271926566958" lon="-82.149088969454169" />
			<trkpt lat="36.278142929077148" lon="-82.149153929203749" />
			<trkpt lat="36.278142929077148" lon="-82.149153929203749" />
			<trkpt lat="36.277971938252449" lon="-82.149281920865178" />
			<trkpt lat="36.277885939925909" lon="-82.149346964433789" />
			<trkpt lat="36.27743499353528" lon="-82.149432962760329" />
			<trkpt lat="36.277306918054819" lon="-82.149453917518258" />
			<trkpt lat="36.27706996165216" lon="-82.149496916681528" />
			<trkpt lat="36.27706996165216" lon="-82.149496916681528" />
			<trkpt lat="36.27694196999073" lon="-82.149453917518258" />
			<trkpt lat="36.276876926422119" lon="-82.149432962760329" />
			<trkpt lat="36.27679193392396" lon="-82.149389963597059" />
			<trkpt lat="36.27670593559742" lon="-82.149324920028448" />
			<trkpt lat="36.27659797668457" lon="-82.149260966107249" />
			<trkpt lat="36.276383986696601" lon="-82.149110930040479" />
			<trkpt lat="36.276254989206791" lon="-82.149045970290899" />
			<trkpt lat="36.276125991716981" lon="-82.14900397695601" />
			<trkpt lat="36.275718966498971" lon="-82.148981932550669" />
			<trkpt lat="36.275589969009161" lon="-82.148981932550669" />
			<trkpt lat="36.275460971519351" lon="-82.149045970290899" />
			<trkpt lat="36.27535393461585" lon="-82.149110930040479" />
			<trkpt lat="36.27505294047296" lon="-82.149324920028448" />
			<trkpt lat="36.274967947974801" lon="-82.149432962760329" />
			<trkpt lat="36.274881949648261" lon="-82.14953999966383" />
			<trkpt lat="36.274709952995181" lon="-82.149732951074839" />
			<trkpt lat="36.274623954668641" lon="-82.149818949401379" />
			<trkpt lat="36.274537956342101" lon="-82.149904947727919" />
			<trkpt lat="36.274430919438601" lon="-82.149968985468149" />
			<trkpt lat="36.274216929450631" lon="-82.150054983794689" />
			<trkpt lat="36.274216929450631" lon="-82.150054983794689" />
			<trkpt lat="36.274216929450631" lon="-82.150118937715888" />
			<trkpt lat="36.274237968027592" lon="-82.150311972945929" />
			<trkpt lat="36.274237968027592" lon="-82.150311972945929" />
			<trkpt lat="36.274323966354132" lon="-82.150376932695508" />
			<trkpt lat="36.274452963843942" lon="-82.150397971272469" />
			<trkpt lat="36.274580955505371" lon="-82.150419931858778" />
			<trkpt lat="36.274580955505371" lon="-82.150419931858778" />
			<trkpt lat="36.274623954668641" lon="-82.150462931022048" />
			<trkpt lat="36.274645999073982" lon="-82.150483969599009" />
			<trkpt lat="36.274645999073982" lon="-82.150483969599009" />
			<trkpt lat="36.274645999073982" lon="-82.150505930185318" />
			<trkpt lat="36.274537956342101" lon="-82.150612967088819" />
			<trkpt lat="36.274537956342101" lon="-82.150612967088819" />
			<trkpt lat="36.274473918601871" lon="-82.150612967088819" />
			<trkpt lat="36.274366965517402" lon="-82.150590922683477" />
			<trkpt lat="36.273701945319772" lon="-82.150118937715888" />
			<trkpt lat="36.273507988080382" lon="-82.149925986304879" />
			<trkpt lat="36.273250998929143" lon="-82.149796988815069" />
			<trkpt lat="36.273207999765873" lon="-82.14971199631691" />
			<trkpt lat="36.273207999765873" lon="-82.14962599799037" />
			<trkpt lat="36.273250998929143" lon="-82.14953999966383" />
			<trkpt lat="36.273293998092413" lon="-82.149432962760329" />
			<trkpt lat="36.273293998092413" lon="-82.149153929203749" />
			<trkpt lat="36.273293998092413" lon="-82.149153929203749" />
			<trkpt lat="36.273250998929143" lon="-82.14900397695601" />
			<trkpt lat="36.273207999765873" lon="-82.1488749794662" />
			<trkpt lat="36.273143962025642" lon="-82.14874598197639" />
			<trkpt lat="36.273014964535832" lon="-82.14848899282515" />
			<trkpt lat="36.273014964535832" lon="-82.14848899282515" />
			<trkpt lat="36.272907927632332" lon="-82.148294951766729" />
			<trkpt lat="36.272885967046022" lon="-82.148187998682261" />
			<trkpt lat="36.272864928469062" lon="-82.14812396094203" />
			<trkpt lat="36.272885967046022" lon="-82.14803796261549" />
			<trkpt lat="36.272993925958872" lon="-82.14795196428895" />
			<trkpt lat="36.273078918457031" lon="-82.14795196428895" />
			<trkpt lat="36.273164916783571" lon="-82.147930925711989" />
			<trkpt lat="36.273293998092413" lon="-82.147973924875259" />
			<trkpt lat="36.273379996418953" lon="-82.14803796261549" />
			<trkpt lat="36.273486949503422" lon="-82.148101916536689" />
			<trkpt lat="36.273786937817931" lon="-82.14820995926857" />
			<trkpt lat="36.273786937817931" lon="-82.14820995926857" />
			<trkpt lat="36.273894980549812" lon="-82.14820995926857" />
			<trkpt lat="36.274001933634281" lon="-82.148187998682261" />
			<trkpt lat="36.274108970537782" lon="-82.1481669601053" />
			<trkpt lat="36.274216929450631" lon="-82.14812396094203" />
			<trkpt lat="36.274323966354132" lon="-82.14803796261549" />
			<trkpt lat="36.274430919438601" lon="-82.147930925711989" />
			<trkpt lat="36.274516917765141" lon="-82.14782296679914" />
			<trkpt lat="36.274602999910712" lon="-82.147694975137711" />
			<trkpt lat="36.274666953831911" lon="-82.147565977647901" />
			<trkpt lat="36.274709952995181" lon="-82.14741594158113" />
			<trkpt lat="36.274795951321721" lon="-82.14711494743824" />
			<trkpt lat="36.274816989898682" lon="-82.147007994353771" />
			<trkpt lat="36.274859989061952" lon="-82.146900957450271" />
			<trkpt lat="36.274881949648261" lon="-82.146814959123731" />
			<trkpt lat="36.274902988225222" lon="-82.146749999374151" />
			<trkpt lat="36.275010947138071" lon="-82.14670792222023" />
			<trkpt lat="36.27522493712604" lon="-82.146728960797191" />
			<trkpt lat="36.275460971519351" lon="-82.146792998537421" />
			<trkpt lat="36.27580395899713" lon="-82.146878996863961" />
			<trkpt lat="36.27588995732367" lon="-82.146900957450271" />
			<trkpt lat="36.276040999218822" lon="-82.146814959123731" />
			<trkpt lat="36.276040999218822" lon="-82.146814959123731" />
			<trkpt lat="36.27601895481348" lon="-82.14670792222023" />
			<trkpt lat="36.27601895481348" lon="-82.14670792222023" />
			<trkpt lat="36.27601895481348" lon="-82.146685961633921" />
			<trkpt lat="36.27588995732367" lon="-82.14666492305696" />
			<trkpt lat="36.27578292042017" lon="-82.146642962470651" />
			<trkpt lat="36.27569692209363" lon="-82.14662192389369" />
			<trkpt lat="36.27561092376709" lon="-82.14662192389369" />
			<trkpt lat="36.27552593126893" lon="-82.14657892473042" />
			<trkpt lat="36.275417972356081" lon="-82.146513964980841" />
			<trkpt lat="36.27531093545258" lon="-82.146428972482681" />
			<trkpt lat="36.275010947138071" lon="-82.146213976666331" />
			<trkpt lat="36.274924948811531" lon="-82.146127978339791" />
			<trkpt lat="36.274688998237252" lon="-82.146149938926101" />
			<trkpt lat="36.274688998237252" lon="-82.146149938926101" />
			<trkpt lat="36.274623954668641" lon="-82.14623493142426" />
			<trkpt lat="36.274537956342101" lon="-82.146299974992871" />
			<trkpt lat="36.274452963843942" lon="-82.146385973319411" />
			<trkpt lat="36.274301921948791" lon="-82.146513964980841" />
			<trkpt lat="36.274301921948791" lon="-82.146513964980841" />
			<trkpt lat="36.274237968027592" lon="-82.14657892473042" />
			<trkpt lat="36.274151969701052" lon="-82.14657892473042" />
			<trkpt lat="36.274044932797551" lon="-82.146556964144111" />
			<trkpt lat="36.273958934471011" lon="-82.14649292640388" />
			<trkpt lat="36.273872936144471" lon="-82.146428972482681" />
			<trkpt lat="36.273786937817931" lon="-82.14636392891407" />
			<trkpt lat="36.273701945319772" lon="-82.146299974992871" />
			<trkpt lat="36.273465994745493" lon="-82.146127978339791" />
			<trkpt lat="36.273379996418953" lon="-82.145998980849981" />
			<trkpt lat="36.273250998929143" lon="-82.145762946456671" />
			<trkpt lat="36.273186961188912" lon="-82.145677953958511" />
			<trkpt lat="36.273143962025642" lon="-82.145612994208932" />
			<trkpt lat="36.273121917620301" lon="-82.145548956468701" />
			<trkpt lat="36.272971965372562" lon="-82.145591955631971" />
			<trkpt lat="36.272864928469062" lon="-82.145741991698742" />
			<trkpt lat="36.272864928469062" lon="-82.145741991698742" />
			<trkpt lat="36.272735930979252" lon="-82.145891943946481" />
			<trkpt lat="36.272735930979252" lon="-82.145891943946481" />
			<trkpt lat="36.272563934326172" lon="-82.145891943946481" />
			<trkpt lat="36.272563934326172" lon="-82.145891943946481" />
			<trkpt lat="36.272478941828012" lon="-82.145805945619941" />
			<trkpt lat="36.272392943501472" lon="-82.145741991698742" />
			<trkpt lat="36.272327983751893" lon="-82.145655993372202" />
			<trkpt lat="36.272156992927194" lon="-82.145505957305431" />
			<trkpt lat="36.272156992927194" lon="-82.145505957305431" />
			<trkpt lat="36.271984996274114" lon="-82.145140925422311" />
			<trkpt lat="36.271920958533883" lon="-82.145011927932501" />
			<trkpt lat="36.271834960207343" lon="-82.144926935434341" />
			<trkpt lat="36.271641924977303" lon="-82.144754938781261" />
			<trkpt lat="36.271641924977303" lon="-82.144754938781261" />
			<trkpt lat="36.271555926650763" lon="-82.144647985696793" />
			<trkpt lat="36.271469928324223" lon="-82.144539942964911" />
			<trkpt lat="36.271340930834413" lon="-82.144303992390633" />
			<trkpt lat="36.271254932507873" lon="-82.144175916910172" />
			<trkpt lat="36.271169940009713" lon="-82.144067957997322" />
			<trkpt lat="36.271061981096864" lon="-82.143788924440742" />
			<trkpt lat="36.270954944193363" lon="-82.143509974703193" />
			<trkpt lat="36.270933989435434" lon="-82.143359938636422" />
			<trkpt lat="36.270911945030093" lon="-82.143187941983342" />
			<trkpt lat="36.270890990272164" lon="-82.143037989735603" />
			<trkpt lat="36.270847991108894" lon="-82.142737917602062" />
			<trkpt lat="36.270804991945624" lon="-82.142608920112252" />
			<trkpt lat="36.270761992782354" lon="-82.142479922622442" />
			<trkpt lat="36.270739948377013" lon="-82.142394930124283" />
			<trkpt lat="36.270611956715584" lon="-82.142351930961013" />
			<trkpt lat="36.270611956715584" lon="-82.142351930961013" />
			<trkpt lat="36.270525958389044" lon="-82.142372969537973" />
			<trkpt lat="36.270439960062504" lon="-82.142394930124283" />
			<trkpt lat="36.270353961735964" lon="-82.142415968701243" />
			<trkpt lat="36.270267963409424" lon="-82.142415968701243" />
			<trkpt lat="36.270182970911264" lon="-82.142351930961013" />
			<trkpt lat="36.270096972584724" lon="-82.142308931797743" />
			<trkpt lat="36.269988929852843" lon="-82.142243972048163" />
			<trkpt lat="36.269860938191414" lon="-82.142308931797743" />
			<trkpt lat="36.269774939864874" lon="-82.142372969537973" />
			<trkpt lat="36.269688941538334" lon="-82.142436923459172" />
			<trkpt lat="36.269581988453865" lon="-82.142415968701243" />
			<trkpt lat="36.269237995147705" lon="-82.142351930961013" />
			<trkpt lat="36.269109919667244" lon="-82.142329970374703" />
			<trkpt lat="36.269001960754395" lon="-82.142308931797743" />
			<trkpt lat="36.268894923850894" lon="-82.142265932634473" />
			<trkpt lat="36.268808925524354" lon="-82.142200972884893" />
			<trkpt lat="36.268701972439885" lon="-82.142136935144663" />
			<trkpt lat="36.268379939720035" lon="-82.141879945993423" />
			<trkpt lat="36.268057990819216" lon="-82.141578951850533" />
			<trkpt lat="36.267821956425905" lon="-82.141428999602795" />
			<trkpt lat="36.267821956425905" lon="-82.141428999602795" />
			<trkpt lat="36.267714919522405" lon="-82.141364961862564" />
			<trkpt lat="36.267607966437936" lon="-82.141278963536024" />
			<trkpt lat="36.267499923706055" lon="-82.141192965209484" />
			<trkpt lat="36.267414931207895" lon="-82.141106966882944" />
			<trkpt lat="36.267306972295046" lon="-82.141020968556404" />
			<trkpt lat="36.267199935391545" lon="-82.140999929979444" />
			<trkpt lat="36.267070937901735" lon="-82.140956930816174" />
			<trkpt lat="36.266941940411925" lon="-82.140934970229864" />
			<trkpt lat="36.266577998176217" lon="-82.140892976894975" />
			<trkpt lat="36.266448916867375" lon="-82.140870932489634" />
			<trkpt lat="36.266190921887755" lon="-82.140784934163094" />
			<trkpt lat="36.266083968803287" lon="-82.140720980241895" />
			<trkpt lat="36.265826979652047" lon="-82.140570944175124" />
			<trkpt lat="36.265697982162237" lon="-82.140505984425545" />
			<trkpt lat="36.265332950279117" lon="-82.140291994437575" />
			<trkpt lat="36.264989962801337" lon="-82.140098959207535" />
			<trkpt lat="36.264796927571297" lon="-82.139990916475654" />
			<trkpt lat="36.264667930081487" lon="-82.139904918149114" />
			<trkpt lat="36.264603976160288" lon="-82.139819925650954" />
			<trkpt lat="36.264538932591677" lon="-82.139754965901375" />
			<trkpt lat="36.264474978670478" lon="-82.139690928161144" />
			<trkpt lat="36.264409935101867" lon="-82.139626974239945" />
			<trkpt lat="36.264367941766977" lon="-82.139561930671334" />
			<trkpt lat="36.264388980343938" lon="-82.139432933181524" />
			<trkpt lat="36.264409935101867" lon="-82.139389934018254" />
			<trkpt lat="36.264409935101867" lon="-82.139389934018254" />
			<trkpt lat="36.264624930918217" lon="-82.139411978423595" />
			<trkpt lat="36.264624930918217" lon="-82.139411978423595" />
			<trkpt lat="36.264731967821717" lon="-82.139454977586865" />
			<trkpt lat="36.264839926734567" lon="-82.139475932344794" />
			<trkpt lat="36.265096999704838" lon="-82.139432933181524" />
			<trkpt lat="36.265096999704838" lon="-82.139432933181524" />
			<trkpt lat="36.265160953626037" lon="-82.139368979260325" />
			<trkpt lat="36.265182998031378" lon="-82.139261942356825" />
			<trkpt lat="36.265182998031378" lon="-82.139175944030285" />
			<trkpt lat="36.265160953626037" lon="-82.139046946540475" />
			<trkpt lat="36.265118960291147" lon="-82.138917949050665" />
			<trkpt lat="36.265053916722536" lon="-82.138617960736156" />
			<trkpt lat="36.264989962801337" lon="-82.138295928016305" />
			<trkpt lat="36.264989962801337" lon="-82.138295928016305" />
			<trkpt lat="36.264774966984987" lon="-82.137995939701796" />
			<trkpt lat="36.264774966984987" lon="-82.137995939701796" />
			<trkpt lat="36.264667930081487" lon="-82.137845987454057" />
			<trkpt lat="36.264560976997018" lon="-82.137673990800977" />
			<trkpt lat="36.264452934265137" lon="-82.137480955570936" />
			<trkpt lat="36.264195945113897" lon="-82.137051969766617" />
			<trkpt lat="36.264195945113897" lon="-82.137051969766617" />
			<trkpt lat="36.264109946787357" lon="-82.136900927871466" />
			<trkpt lat="36.263937950134277" lon="-82.136600939556956" />
			<trkpt lat="36.263873996213078" lon="-82.136450987309217" />
			<trkpt lat="36.263809958472848" lon="-82.136300951242447" />
			<trkpt lat="36.263744998723269" lon="-82.136128954589367" />
			<trkpt lat="36.263680960983038" lon="-82.135978918522596" />
			<trkpt lat="36.263573924079537" lon="-82.135270982980728" />
			<trkpt lat="36.263551963493228" lon="-82.135076941922307" />
			<trkpt lat="36.263530924916267" lon="-82.134776953607798" />
			<trkpt lat="36.263508964329958" lon="-82.134626917541027" />
			<trkpt lat="36.263122977688909" lon="-82.134068934246898" />
			<trkpt lat="36.263208976015449" lon="-82.133789984509349" />
			<trkpt lat="36.263422966003418" lon="-82.133768945932388" />
			<trkpt lat="36.263422966003418" lon="-82.133725946769118" />
			<trkpt lat="36.263401927426457" lon="-82.133703986182809" />
			<trkpt lat="36.263401927426457" lon="-82.133660987019539" />
			<trkpt lat="36.263401927426457" lon="-82.133553950116038" />
			<trkpt lat="36.263401927426457" lon="-82.133467951789498" />
			<trkpt lat="36.263401927426457" lon="-82.133338954299688" />
			<trkpt lat="36.263379966840148" lon="-82.132866969332099" />
			<trkpt lat="36.263358928263187" lon="-82.1326959785074" />
			<trkpt lat="36.263358928263187" lon="-82.13235198520124" />
			<trkpt lat="36.263337973505259" lon="-82.1319879591465" />
			<trkpt lat="36.263337973505259" lon="-82.13181596249342" />
			<trkpt lat="36.263315929099917" lon="-82.13142997585237" />
			<trkpt lat="36.263294974341989" lon="-82.130871992558241" />
			<trkpt lat="36.263272929936647" lon="-82.13050696067512" />
			<trkpt lat="36.263251975178719" lon="-82.13033496402204" />
			<trkpt lat="36.263229930773377" lon="-82.129605989903212" />
			<trkpt lat="36.263229930773377" lon="-82.129047922790051" />
			<trkpt lat="36.263272929936647" lon="-82.128489939495921" />
			<trkpt lat="36.263379966840148" lon="-82.127910917624831" />
			<trkpt lat="36.263508964329958" lon="-82.127330973744392" />
			<trkpt lat="36.263680960983038" lon="-82.126794951036572" />
			<trkpt lat="36.264109946787357" lon="-82.125463988631964" />
			<trkpt lat="36.264281943440437" lon="-82.124927965924144" />
			<trkpt lat="36.264367941766977" lon="-82.124584978446364" />
			<trkpt lat="36.264409935101867" lon="-82.124412981793284" />
			<trkpt lat="36.264431979507208" lon="-82.124240985140204" />
			<trkpt lat="36.264431979507208" lon="-82.124047949910164" />
			<trkpt lat="36.264409935101867" lon="-82.123854998499155" />
			<trkpt lat="36.264409935101867" lon="-82.123661963269114" />
			<trkpt lat="36.264367941766977" lon="-82.123511927202344" />
			<trkpt lat="36.264281943440437" lon="-82.123361974954605" />
			<trkpt lat="36.264195945113897" lon="-82.123253932222724" />
			<trkpt lat="36.264088992029428" lon="-82.123146979138255" />
			<trkpt lat="36.263980949297547" lon="-82.123060980811715" />
			<trkpt lat="36.263594962656498" lon="-82.122889989987016" />
			<trkpt lat="36.263465965166688" lon="-82.122824946418405" />
			<trkpt lat="36.263358928263187" lon="-82.122738948091865" />
			<trkpt lat="36.262543955817819" lon="-82.121773939579725" />
			<trkpt lat="36.262478996068239" lon="-82.121665980666876" />
			<trkpt lat="36.262457957491279" lon="-82.121515944600105" />
			<trkpt lat="36.262435996904969" lon="-82.121172957122326" />
			<trkpt lat="36.262435996904969" lon="-82.120635928586125" />
			<trkpt lat="36.262435996904969" lon="-82.119842916727066" />
			<trkpt lat="36.262414958328009" lon="-82.119048982858658" />
			<trkpt lat="36.262414958328009" lon="-82.118125967681408" />
			<trkpt lat="36.262414958328009" lon="-82.117932932451367" />
			<trkpt lat="36.262392997741699" lon="-82.117739981040359" />
			<trkpt lat="36.262350920587778" lon="-82.117567984387279" />
			<trkpt lat="36.262285960838199" lon="-82.117417948320508" />
			<trkpt lat="36.262178923934698" lon="-82.117288950830698" />
			<trkpt lat="36.261749938130379" lon="-82.116795927286148" />
			<trkpt lat="36.260826922953129" lon="-82.116194944828749" />
			<trkpt lat="36.25962495803833" lon="-82.115443926304579" />
			<trkpt lat="36.258187964558601" lon="-82.114606993272901" />
			<trkpt lat="36.258058967068791" lon="-82.114520994946361" />
			<trkpt lat="36.257951930165291" lon="-82.11445695720613" />
			<trkpt lat="36.257843971252441" lon="-82.114348998293281" />
			<trkpt lat="36.257736934348941" lon="-82.114263921976089" />
			<trkpt lat="36.257672980427742" lon="-82.11415596306324" />
			<trkpt lat="36.257607936859131" lon="-82.114005926996469" />
			<trkpt lat="36.257543982937932" lon="-82.113812975585461" />
			<trkpt lat="36.257436946034431" lon="-82.113469988107681" />
			<trkpt lat="36.257243994623423" lon="-82.11291192099452" />
			<trkpt lat="36.256985999643803" lon="-82.111838953569531" />
			<trkpt lat="36.256942916661501" lon="-82.111688917502761" />
			<trkpt lat="36.256942916661501" lon="-82.111409967765212" />
			<trkpt lat="36.256942916661501" lon="-82.111409967765212" />
			<trkpt lat="36.256985999643803" lon="-82.111258925870061" />
			<trkpt lat="36.257071997970343" lon="-82.111108973622322" />
			<trkpt lat="36.257371986284852" lon="-82.110722986981273" />
			<trkpt lat="36.257457984611392" lon="-82.110593989491463" />
			<trkpt lat="36.258015967905521" lon="-82.109992923215032" />
			<trkpt lat="36.258594989776611" lon="-82.109370985999703" />
			<trkpt lat="36.25891693867743" lon="-82.109005954116583" />
			<trkpt lat="36.259367968887091" lon="-82.108533969148993" />
			<trkpt lat="36.25992595218122" lon="-82.108018985018134" />
			<trkpt lat="36.260397937148809" lon="-82.107568960636854" />
			<trkpt lat="36.26076296903193" lon="-82.106945933774114" />
			<trkpt lat="36.261084917932749" lon="-82.106323996558785" />
			<trkpt lat="36.26134199090302" lon="-82.105658976361156" />
			<trkpt lat="36.261491943150759" lon="-82.105315988883376" />
			<trkpt lat="36.261577941477299" lon="-82.105164946988225" />
			<trkpt lat="36.261770976707339" lon="-82.104886919260025" />
			<trkpt lat="36.261877929791808" lon="-82.104735961183906" />
			<trkpt lat="36.261985972523689" lon="-82.104607969522476" />
			<trkpt lat="36.262221923097968" lon="-82.104371935129166" />
			<trkpt lat="36.262307921424508" lon="-82.104220977053046" />
			<trkpt lat="36.262671947479248" lon="-82.103620916604996" />
			<trkpt lat="36.262757945805788" lon="-82.103469958528876" />
			<trkpt lat="36.263058939948678" lon="-82.102869981899858" />
			<trkpt lat="36.263122977688909" lon="-82.102504950016737" />
			<trkpt lat="36.263165976852179" lon="-82.102332953363657" />
			<trkpt lat="36.263229930773377" lon="-82.102203955873847" />
			<trkpt lat="36.263294974341989" lon="-82.102075964212418" />
			<trkpt lat="36.263358928263187" lon="-82.101989965885878" />
			<trkpt lat="36.263465965166688" lon="-82.101903967559338" />
			<trkpt lat="36.263551963493228" lon="-82.101817969232798" />
			<trkpt lat="36.263873996213078" lon="-82.101538935676217" />
			<trkpt lat="36.264195945113897" lon="-82.101259985938668" />
			<trkpt lat="36.264517977833748" lon="-82.100980952382088" />
			<trkpt lat="36.264667930081487" lon="-82.100830916315317" />
			<trkpt lat="36.264796927571297" lon="-82.100787917152047" />
			<trkpt lat="36.264817966148257" lon="-82.100787917152047" />
			<trkpt lat="36.264817966148257" lon="-82.100787917152047" />
			<trkpt lat="36.264882925897837" lon="-82.100787917152047" />
			<trkpt lat="36.264882925897837" lon="-82.100787917152047" />
			<trkpt lat="36.264946963638067" lon="-82.100787917152047" />
			<trkpt lat="36.265010917559266" lon="-82.100787917152047" />
			<trkpt lat="36.265075961127877" lon="-82.100744917988777" />
			<trkpt lat="36.265139998868108" lon="-82.100701918825507" />
			<trkpt lat="36.265203952789307" lon="-82.100637964904308" />
			<trkpt lat="36.265268996357918" lon="-82.100530928000808" />
			<trkpt lat="36.265675937756896" lon="-82.099950984120369" />
			<trkpt lat="36.265761936083436" lon="-82.09982299245894" />
			<trkpt lat="36.265954971313477" lon="-82.099628951400518" />
			<trkpt lat="36.266062930226326" lon="-82.099585952237248" />
			<trkpt lat="36.266169967129827" lon="-82.09956499747932" />
			<trkpt lat="36.266298964619637" lon="-82.09952199831605" />
			<trkpt lat="36.266448916867375" lon="-82.099500959739089" />
			<trkpt lat="36.266598952934146" lon="-82.09947899915278" />
			<trkpt lat="36.267070937901735" lon="-82.099457960575819" />
			<trkpt lat="36.267435969784856" lon="-82.099371962249279" />
			<trkpt lat="36.267542922869325" lon="-82.099328963086009" />
			<trkpt lat="36.267585922032595" lon="-82.099285963922739" />
			<trkpt lat="36.267864955589175" lon="-82.09872798062861" />
			<trkpt lat="36.268100989982486" lon="-82.09827795624733" />
			<trkpt lat="36.268336940556765" lon="-82.097783926874399" />
			<trkpt lat="36.268572974950075" lon="-82.09731194190681" />
			<trkpt lat="36.268808925524354" lon="-82.096860995516181" />
			<trkpt lat="36.269001960754395" lon="-82.096410971134901" />
			<trkpt lat="36.269087959080935" lon="-82.09621793590486" />
			<trkpt lat="36.269087959080935" lon="-82.09621793590486" />
			<trkpt lat="36.269130958244205" lon="-82.096131937578321" />
			<trkpt lat="36.269152918830514" lon="-82.096066977828741" />
			<trkpt lat="36.269152918830514" lon="-82.095981985330582" />
			<trkpt lat="36.269152918830514" lon="-82.095916941761971" />
			<trkpt lat="36.269066920503974" lon="-82.095830943435431" />
			<trkpt lat="36.268958961591125" lon="-82.095830943435431" />
			<trkpt lat="36.268851924687624" lon="-82.095852987840772" />
			<trkpt lat="36.268508937209845" lon="-82.095916941761971" />
			<trkpt lat="36.268422938883305" lon="-82.095959940925241" />
			<trkpt lat="36.268272986635566" lon="-82.095981985330582" />
			<trkpt lat="36.268229987472296" lon="-82.096002940088511" />
			<trkpt lat="36.268186988309026" lon="-82.096002940088511" />
			<trkpt lat="36.268165949732065" lon="-82.096002940088511" />
			<trkpt lat="36.268122950568795" lon="-82.095981985330582" />
			<trkpt lat="36.268036952242255" lon="-82.095916941761971" />
			<trkpt lat="36.267971992492676" lon="-82.095702951774001" />
			<trkpt lat="36.267929999157786" lon="-82.095637992024422" />
			<trkpt lat="36.267907954752445" lon="-82.095573954284191" />
			<trkpt lat="36.267864955589175" lon="-82.095487955957651" />
			<trkpt lat="36.267735958099365" lon="-82.095509916543961" />
			<trkpt lat="36.267714919522405" lon="-82.095616953447461" />
			<trkpt lat="36.267692958936095" lon="-82.095702951774001" />
			<trkpt lat="36.267607966437936" lon="-82.096002940088511" />
			<trkpt lat="36.267564967274666" lon="-82.09621793590486" />
			<trkpt lat="36.267521968111396" lon="-82.096324972808361" />
			<trkpt lat="36.267435969784856" lon="-82.09664692170918" />
			<trkpt lat="36.267371932044625" lon="-82.09677591919899" />
			<trkpt lat="36.267199935391545" lon="-82.09692595526576" />
			<trkpt lat="36.267199935391545" lon="-82.09692595526576" />
			<trkpt lat="36.267092982307076" lon="-82.096989993005991" />
			<trkpt lat="36.267006983980536" lon="-82.09705394692719" />
			<trkpt lat="36.266899947077036" lon="-82.09705394692719" />
			<trkpt lat="36.266834987327456" lon="-82.097032992169261" />
			<trkpt lat="36.266770949587226" lon="-82.096989993005991" />
			<trkpt lat="36.266705989837646" lon="-82.096946993842721" />
			<trkpt lat="36.266620997339487" lon="-82.09688295610249" />
			<trkpt lat="36.266469955444336" lon="-82.09677591919899" />
			<trkpt lat="36.266469955444336" lon="-82.09677591919899" />
			<trkpt lat="36.266298964619637" lon="-82.09677591919899" />
			<trkpt lat="36.266126967966557" lon="-82.09675395861268" />
			<trkpt lat="36.266126967966557" lon="-82.09675395861268" />
			<trkpt lat="36.266040969640017" lon="-82.09668992087245" />
			<trkpt lat="36.265997970476747" lon="-82.0965819619596" />
			<trkpt lat="36.265997970476747" lon="-82.0965819619596" />
			<trkpt lat="36.265954971313477" lon="-82.096496969461441" />
			<trkpt lat="36.265911972150207" lon="-82.096367971971631" />
			<trkpt lat="36.265804935246706" lon="-82.096131937578321" />
			<trkpt lat="36.265718936920166" lon="-82.096002940088511" />
			<trkpt lat="36.265654982998967" lon="-82.095916941761971" />
			<trkpt lat="36.265568984672427" lon="-82.095830943435431" />
			<trkpt lat="36.265482986345887" lon="-82.095809988677502" />
			<trkpt lat="36.265418948605657" lon="-82.095830943435431" />
			<trkpt lat="36.265268996357918" lon="-82.095916941761971" />
			<trkpt lat="36.265160953626037" lon="-82.095981985330582" />
			<trkpt lat="36.264667930081487" lon="-82.096109976992011" />
			<trkpt lat="36.264667930081487" lon="-82.096109976992011" />
			<trkpt lat="36.264538932591677" lon="-82.096045939251781" />
			<trkpt lat="36.264538932591677" lon="-82.096045939251781" />
			<trkpt lat="36.264495933428407" lon="-82.095981985330582" />
			<trkpt lat="36.264431979507208" lon="-82.095895987004042" />
			<trkpt lat="36.264259982854128" lon="-82.095745950937271" />
			<trkpt lat="36.264259982854128" lon="-82.095745950937271" />
			<trkpt lat="36.264173984527588" lon="-82.095680991187692" />
			<trkpt lat="36.264066947624087" lon="-82.095659952610731" />
			<trkpt lat="36.263937950134277" lon="-82.095659952610731" />
			<trkpt lat="36.263487925752997" lon="-82.095680991187692" />
			<trkpt lat="36.263379966840148" lon="-82.095680991187692" />
			<trkpt lat="36.263315929099917" lon="-82.095659952610731" />
			<trkpt lat="36.263272929936647" lon="-82.095616953447461" />
			<trkpt lat="36.263229930773377" lon="-82.095551993697882" />
			<trkpt lat="36.263229930773377" lon="-82.095466917380691" />
			<trkpt lat="36.263208976015449" lon="-82.095358958467841" />
			<trkpt lat="36.263272929936647" lon="-82.095101969316602" />
			<trkpt lat="36.263272929936647" lon="-82.095101969316602" />
			<trkpt lat="36.263294974341989" lon="-82.094972971826792" />
			<trkpt lat="36.263315929099917" lon="-82.094843974336982" />
			<trkpt lat="36.263294974341989" lon="-82.094736937433481" />
			<trkpt lat="36.263229930773377" lon="-82.094564940780401" />
			<trkpt lat="36.263208976015449" lon="-82.094457987695932" />
			<trkpt lat="36.263165976852179" lon="-82.094371989369392" />
			<trkpt lat="36.263208976015449" lon="-82.093835966661572" />
			<trkpt lat="36.263208976015449" lon="-82.093706969171762" />
			<trkpt lat="36.263229930773377" lon="-82.093577971681952" />
			<trkpt lat="36.263186931610107" lon="-82.093470934778452" />
			<trkpt lat="36.263143932446837" lon="-82.093384936451912" />
			<trkpt lat="36.263079978525639" lon="-82.093320982530713" />
			<trkpt lat="36.263015940785408" lon="-82.093298938125372" />
			<trkpt lat="36.262950981035829" lon="-82.093277983367443" />
			<trkpt lat="36.262886943295598" lon="-82.093255938962102" />
			<trkpt lat="36.262822989374399" lon="-82.093234984204173" />
			<trkpt lat="36.262779990211129" lon="-82.093127947300673" />
			<trkpt lat="36.262757945805788" lon="-82.093019988387823" />
			<trkpt lat="36.262779990211129" lon="-82.092762999236584" />
			<trkpt lat="36.262779990211129" lon="-82.092762999236584" />
			<trkpt lat="36.262800944969058" lon="-82.092183977365494" />
			<trkpt lat="36.262864982709289" lon="-82.091732947155833" />
			<trkpt lat="36.262864982709289" lon="-82.091732947155833" />
			<trkpt lat="36.262907981872559" lon="-82.091453997418284" />
			<trkpt lat="36.262929942458868" lon="-82.091367999091744" />
			<trkpt lat="36.263101939111948" lon="-82.091131964698434" />
			<trkpt lat="36.263165976852179" lon="-82.091045966371894" />
			<trkpt lat="36.263229930773377" lon="-82.090938929468393" />
			<trkpt lat="36.263272929936647" lon="-82.090895930305123" />
			<trkpt lat="36.263337973505259" lon="-82.090917974710464" />
			<trkpt lat="36.263422966003418" lon="-82.090917974710464" />
			<trkpt lat="36.263487925752997" lon="-82.090938929468393" />
			<trkpt lat="36.263616923242807" lon="-82.090852931141853" />
			<trkpt lat="36.263658916577697" lon="-82.090766932815313" />
			<trkpt lat="36.263701999559999" lon="-82.090659979730844" />
			<trkpt lat="36.263766959309578" lon="-82.090552942827344" />
			<trkpt lat="36.263809958472848" lon="-82.090445989742875" />
			<trkpt lat="36.263873996213078" lon="-82.090316992253065" />
			<trkpt lat="36.263980949297547" lon="-82.089736964553595" />
			<trkpt lat="36.263980949297547" lon="-82.089329939335585" />
			<trkpt lat="36.264023948460817" lon="-82.089221980422735" />
			<trkpt lat="36.264045992866158" lon="-82.089157942682505" />
			<trkpt lat="36.264066947624087" lon="-82.089136987924576" />
			<trkpt lat="36.264066947624087" lon="-82.089136987924576" />
			<trkpt lat="36.264152945950627" lon="-82.089179987087846" />
			<trkpt lat="36.264259982854128" lon="-82.089200941845775" />
			<trkpt lat="36.264409935101867" lon="-82.089264979586005" />
			<trkpt lat="36.264409935101867" lon="-82.089264979586005" />
			<trkpt lat="36.264474978670478" lon="-82.089286940172315" />
			<trkpt lat="36.264581931754947" lon="-82.089221980422735" />
			<trkpt lat="36.264560976997018" lon="-82.089093988761306" />
			<trkpt lat="36.264538932591677" lon="-82.089007990434766" />
			<trkpt lat="36.264517977833748" lon="-82.088900953531265" />
			<trkpt lat="36.264388980343938" lon="-82.088513961061835" />
			<trkpt lat="36.264324942603707" lon="-82.088385969400406" />
			<trkpt lat="36.264259982854128" lon="-82.088299971073866" />
			<trkpt lat="36.264238944277167" lon="-82.088234927505255" />
			<trkpt lat="36.264259982854128" lon="-82.088106935843825" />
			<trkpt lat="36.264281943440437" lon="-82.088020937517285" />
			<trkpt lat="36.264302982017398" lon="-82.087934939190745" />
			<trkpt lat="36.264367941766977" lon="-82.087870985269547" />
			<trkpt lat="36.264388980343938" lon="-82.087848940864205" />
			<trkpt lat="36.264517977833748" lon="-82.087827986106277" />
			<trkpt lat="36.264603976160288" lon="-82.087805941700935" />
			<trkpt lat="36.264731967821717" lon="-82.087784986943007" />
			<trkpt lat="36.264967918395996" lon="-82.087827986106277" />
			<trkpt lat="36.264967918395996" lon="-82.087827986106277" />
			<trkpt lat="36.265075961127877" lon="-82.087891940027475" />
			<trkpt lat="36.265568984672427" lon="-82.088020937517285" />
			<trkpt lat="36.265568984672427" lon="-82.088020937517285" />
			<trkpt lat="36.265675937756896" lon="-82.088020937517285" />
			<trkpt lat="36.265890933573246" lon="-82.087891940027475" />
			<trkpt lat="36.265890933573246" lon="-82.087891940027475" />
			<trkpt lat="36.266105929389596" lon="-82.087741987779737" />
			<trkpt lat="36.266105929389596" lon="-82.087741987779737" />
			<trkpt lat="36.266212966293097" lon="-82.087526991963387" />
			<trkpt lat="36.266362918540835" lon="-82.087247958406806" />
			<trkpt lat="36.266426956281066" lon="-82.087140921503305" />
			<trkpt lat="36.266426956281066" lon="-82.087140921503305" />
			<trkpt lat="36.266448916867375" lon="-82.087097922340035" />
			<trkpt lat="36.266405917704105" lon="-82.087011924013495" />
			<trkpt lat="36.266319919377565" lon="-82.087011924013495" />
			<trkpt lat="36.266276920214295" lon="-82.087033968418837" />
			<trkpt lat="36.266212966293097" lon="-82.087076967582107" />
			<trkpt lat="36.265890933573246" lon="-82.087247958406806" />
			<trkpt lat="36.265826979652047" lon="-82.087269918993115" />
			<trkpt lat="36.265826979652047" lon="-82.087269918993115" />
			<trkpt lat="36.265718936920166" lon="-82.087269918993115" />
			<trkpt lat="36.265654982998967" lon="-82.087247958406806" />
			<trkpt lat="36.265568984672427" lon="-82.087204959243536" />
			<trkpt lat="36.265525985509157" lon="-82.087140921503305" />
			<trkpt lat="36.265439987182617" lon="-82.087076967582107" />
			<trkpt lat="36.265375949442387" lon="-82.086990969255567" />
			<trkpt lat="36.265203952789307" lon="-82.086840933188796" />
			<trkpt lat="36.265139998868108" lon="-82.086754934862256" />
			<trkpt lat="36.265053916722536" lon="-82.086668936535716" />
			<trkpt lat="36.264731967821717" lon="-82.086582938209176" />
			<trkpt lat="36.264667930081487" lon="-82.086561983451247" />
			<trkpt lat="36.264603976160288" lon="-82.086496939882636" />
			<trkpt lat="36.264538932591677" lon="-82.086410941556096" />
			<trkpt lat="36.264495933428407" lon="-82.086282949894667" />
			<trkpt lat="36.264452934265137" lon="-82.086153952404857" />
			<trkpt lat="36.264259982854128" lon="-82.085595969110727" />
			<trkpt lat="36.264238944277167" lon="-82.085466971620917" />
			<trkpt lat="36.264238944277167" lon="-82.085338979959488" />
			<trkpt lat="36.264238944277167" lon="-82.085209982469678" />
			<trkpt lat="36.264238944277167" lon="-82.085080984979868" />
			<trkpt lat="36.264238944277167" lon="-82.084930948913097" />
			<trkpt lat="36.264281943440437" lon="-82.084823995828629" />
			<trkpt lat="36.264324942603707" lon="-82.084694998338819" />
			<trkpt lat="36.264388980343938" lon="-82.084587961435318" />
			<trkpt lat="36.264989962801337" lon="-82.083728983998299" />
			<trkpt lat="36.265160953626037" lon="-82.083514994010329" />
			<trkpt lat="36.265289951115847" lon="-82.083256999030709" />
			<trkpt lat="36.265332950279117" lon="-82.083085924386978" />
			<trkpt lat="36.265354994684458" lon="-82.082934966310859" />
			<trkpt lat="36.265396988019347" lon="-82.082441942766309" />
			<trkpt lat="36.265418948605657" lon="-82.08229199051857" />
			<trkpt lat="36.265418948605657" lon="-82.08216299302876" />
			<trkpt lat="36.265504946932197" lon="-82.081926958635449" />
			<trkpt lat="36.265633944422007" lon="-82.081711962819099" />
			<trkpt lat="36.265847934409976" lon="-82.0810039434582" />
			<trkpt lat="36.266040969640017" lon="-82.08057495765388" />
			<trkpt lat="36.266126967966557" lon="-82.08048895932734" />
			<trkpt lat="36.266190921887755" lon="-82.08042492158711" />
			<trkpt lat="36.266276920214295" lon="-82.08035996183753" />
			<trkpt lat="36.266362918540835" lon="-82.080274969339371" />
			<trkpt lat="36.266491999849677" lon="-82.08020992577076" />
			<trkpt lat="36.266598952934146" lon="-82.080145971849561" />
			<trkpt lat="36.266727950423956" lon="-82.080102972686291" />
			<trkpt lat="36.266877986490726" lon="-82.08008092828095" />
			<trkpt lat="36.267006983980536" lon="-82.08008092828095" />
			<trkpt lat="36.267285933718085" lon="-82.08003893494606" />
			<trkpt lat="36.267521968111396" lon="-82.08003893494606" />
			<trkpt lat="36.267607966437936" lon="-82.080016974359751" />
			<trkpt lat="36.267692958936095" lon="-82.07999593578279" />
			<trkpt lat="36.267778957262635" lon="-82.079930976033211" />
			<trkpt lat="36.267929999157786" lon="-82.07973794080317" />
			<trkpt lat="36.267993953078985" lon="-82.079673986881971" />
			<trkpt lat="36.268100989982486" lon="-82.079630987718701" />
			<trkpt lat="36.268207943066955" lon="-82.079630987718701" />
			<trkpt lat="36.268315985798836" lon="-82.079673986881971" />
			<trkpt lat="36.268401984125376" lon="-82.079716986045241" />
			<trkpt lat="36.268465938046575" lon="-82.079759985208511" />
			<trkpt lat="36.268529975786805" lon="-82.079759985208511" />
			<trkpt lat="36.268594935536385" lon="-82.079759985208511" />
			<trkpt lat="36.268637934699655" lon="-82.079759985208511" />
			<trkpt lat="36.268637934699655" lon="-82.07973794080317" />
			<trkpt lat="36.268615974113345" lon="-82.079673986881971" />
			<trkpt lat="36.268615974113345" lon="-82.079630987718701" />
			<trkpt lat="36.268594935536385" lon="-82.07956594415009" />
			<trkpt lat="36.268551936373115" lon="-82.079523950815201" />
			<trkpt lat="36.268508937209845" lon="-82.079458991065621" />
			<trkpt lat="36.268443977460265" lon="-82.079351954162121" />
			<trkpt lat="36.268422938883305" lon="-82.079222956672311" />
			<trkpt lat="36.268443977460265" lon="-82.079093959182501" />
			<trkpt lat="36.268443977460265" lon="-82.07894392311573" />
			<trkpt lat="36.268508937209845" lon="-82.078707972541451" />
			<trkpt lat="36.268637934699655" lon="-82.078364985063672" />
			<trkpt lat="36.268680933862925" lon="-82.078235987573862" />
			<trkpt lat="36.268722927197814" lon="-82.078106990084052" />
			<trkpt lat="36.268744971603155" lon="-82.077978998422623" />
			<trkpt lat="36.268744971603155" lon="-82.077849917113781" />
			<trkpt lat="36.268765926361084" lon="-82.077720919623971" />
			<trkpt lat="36.268765926361084" lon="-82.077591922134161" />
			<trkpt lat="36.268744971603155" lon="-82.077463930472732" />
			<trkpt lat="36.268744971603155" lon="-82.077334932982922" />
			<trkpt lat="36.268701972439885" lon="-82.077227979898453" />
			<trkpt lat="36.268658973276615" lon="-82.077098982408643" />
			<trkpt lat="36.268572974950075" lon="-82.076862948015332" />
			<trkpt lat="36.268508937209845" lon="-82.076733950525522" />
			<trkpt lat="36.268422938883305" lon="-82.076647952198982" />
			<trkpt lat="36.268336940556765" lon="-82.076561953872442" />
			<trkpt lat="36.268250942230225" lon="-82.076497999951243" />
			<trkpt lat="36.267950953915715" lon="-82.076325919479132" />
			<trkpt lat="36.267843917012215" lon="-82.076304964721203" />
			<trkpt lat="36.267499923706055" lon="-82.076240926980972" />
			<trkpt lat="36.267499923706055" lon="-82.076240926980972" />
			<trkpt lat="36.267177974805236" lon="-82.076068930327892" />
			<trkpt lat="36.266813948750496" lon="-82.075918978080153" />
			<trkpt lat="36.266512954607606" lon="-82.075810935348272" />
			<trkpt lat="36.266405917704105" lon="-82.075789980590343" />
			<trkpt lat="36.266341963782907" lon="-82.075767936185002" />
			<trkpt lat="36.266255965456367" lon="-82.075725942850113" />
			<trkpt lat="36.266190921887755" lon="-82.075660983100533" />
			<trkpt lat="36.266169967129827" lon="-82.075489992275834" />
			<trkpt lat="36.266169967129827" lon="-82.075403993949294" />
			<trkpt lat="36.266148928552866" lon="-82.075210958719254" />
			<trkpt lat="36.266148928552866" lon="-82.075210958719254" />
			<trkpt lat="36.266105929389596" lon="-82.075188998132944" />
			<trkpt lat="36.265976931899786" lon="-82.075081961229444" />
			<trkpt lat="36.265976931899786" lon="-82.075081961229444" />
			<trkpt lat="36.265911972150207" lon="-82.075038962066174" />
			<trkpt lat="36.265783980488777" lon="-82.074780967086554" />
			<trkpt lat="36.265783980488777" lon="-82.074780967086554" />
			<trkpt lat="36.265804935246706" lon="-82.074630931019783" />
			<trkpt lat="36.265826979652047" lon="-82.074501933529973" />
			<trkpt lat="36.265847934409976" lon="-82.074287943542004" />
			<trkpt lat="36.265847934409976" lon="-82.074287943542004" />
			<trkpt lat="36.265911972150207" lon="-82.074223989620805" />
			<trkpt lat="36.266126967966557" lon="-82.074094992130995" />
			<trkpt lat="36.266126967966557" lon="-82.074094992130995" />
			<trkpt lat="36.266212966293097" lon="-82.074051992967725" />
			<trkpt lat="36.266298964619637" lon="-82.073986949399114" />
			<trkpt lat="36.266341963782907" lon="-82.073965994641185" />
			<trkpt lat="36.266405917704105" lon="-82.073836997151375" />
			<trkpt lat="36.266469955444336" lon="-82.073708921670914" />
			<trkpt lat="36.266469955444336" lon="-82.073708921670914" />
			<trkpt lat="36.266448916867375" lon="-82.073643961921334" />
			<trkpt lat="36.266426956281066" lon="-82.073579924181104" />
			<trkpt lat="36.266384962946177" lon="-82.073514964431524" />
			<trkpt lat="36.266319919377565" lon="-82.073429971933365" />
			<trkpt lat="36.266233921051025" lon="-82.073321929201484" />
			<trkpt lat="36.266148928552866" lon="-82.073235930874944" />
			<trkpt lat="36.266105929389596" lon="-82.072914987802505" />
			<trkpt lat="36.266083968803287" lon="-82.072785990312696" />
			<trkpt lat="36.266062930226326" lon="-82.072656992822886" />
			<trkpt lat="36.265976931899786" lon="-82.072549955919385" />
			<trkpt lat="36.265890933573246" lon="-82.072463957592845" />
			<trkpt lat="36.265804935246706" lon="-82.072377959266305" />
			<trkpt lat="36.265740981325507" lon="-82.072313921526074" />
			<trkpt lat="36.265654982998967" lon="-82.072227923199534" />
			<trkpt lat="36.265590945258737" lon="-82.072141924872994" />
			<trkpt lat="36.265525985509157" lon="-82.072034971788526" />
			<trkpt lat="36.265504946932197" lon="-82.071884935721755" />
			<trkpt lat="36.265482986345887" lon="-82.071755938231945" />
			<trkpt lat="36.265461947768927" lon="-82.071605985984206" />
			<trkpt lat="36.265439987182617" lon="-82.071454944089055" />
			<trkpt lat="36.265482986345887" lon="-82.071304991841316" />
			<trkpt lat="36.265525985509157" lon="-82.071154955774546" />
			<trkpt lat="36.265590945258737" lon="-82.071047918871045" />
			<trkpt lat="36.265740981325507" lon="-82.070832923054695" />
			<trkpt lat="36.265740981325507" lon="-82.070832923054695" />
			<trkpt lat="36.265847934409976" lon="-82.070768969133496" />
			<trkpt lat="36.265954971313477" lon="-82.070725969970226" />
			<trkpt lat="36.266040969640017" lon="-82.070682970806956" />
			<trkpt lat="36.266126967966557" lon="-82.070639971643686" />
			<trkpt lat="36.266148928552866" lon="-82.070575933903456" />
			<trkpt lat="36.266169967129827" lon="-82.070253985002637" />
			<trkpt lat="36.266190921887755" lon="-82.070124987512827" />
			<trkpt lat="36.266255965456367" lon="-82.069867998361588" />
			<trkpt lat="36.266255965456367" lon="-82.069867998361588" />
			<trkpt lat="36.266276920214295" lon="-82.069824999198318" />
			<trkpt lat="36.266276920214295" lon="-82.069802954792976" />
			<trkpt lat="36.266233921051025" lon="-82.069716956466436" />
			<trkpt lat="36.266019931063056" lon="-82.069845953956246" />
			<trkpt lat="36.265890933573246" lon="-82.069952990859747" />
			<trkpt lat="36.265826979652047" lon="-82.069974951446056" />
			<trkpt lat="36.265826979652047" lon="-82.069974951446056" />
			<trkpt lat="36.265761936083436" lon="-82.070017950609326" />
			<trkpt lat="36.265697982162237" lon="-82.070038989186287" />
			<trkpt lat="36.265633944422007" lon="-82.070017950609326" />
			<trkpt lat="36.265547946095467" lon="-82.069974951446056" />
			<trkpt lat="36.265439987182617" lon="-82.069931952282786" />
			<trkpt lat="36.265354994684458" lon="-82.069888953119516" />
			<trkpt lat="36.265268996357918" lon="-82.069845953956246" />
			<trkpt lat="36.265096999704838" lon="-82.069738917052746" />
			<trkpt lat="36.265096999704838" lon="-82.069738917052746" />
			<trkpt lat="36.265010917559266" lon="-82.069631963968277" />
			<trkpt lat="36.264967918395996" lon="-82.069480922073126" />
			<trkpt lat="36.264946963638067" lon="-82.069352930411696" />
			<trkpt lat="36.264989962801337" lon="-82.069244971498847" />
			<trkpt lat="36.265032961964607" lon="-82.069137934595346" />
			<trkpt lat="36.265096999704838" lon="-82.069051936268806" />
			<trkpt lat="36.265268996357918" lon="-82.068880945444107" />
			<trkpt lat="36.265654982998967" lon="-82.068214919418097" />
			<trkpt lat="36.265890933573246" lon="-82.067850977182388" />
			<trkpt lat="36.265954971313477" lon="-82.067764978855848" />
			<trkpt lat="36.265997970476747" lon="-82.067656936123967" />
			<trkpt lat="36.266019931063056" lon="-82.067592982202768" />
			<trkpt lat="36.266019931063056" lon="-82.067528944462538" />
			<trkpt lat="36.265997970476747" lon="-82.067442946135998" />
			<trkpt lat="36.265954971313477" lon="-82.067399946972728" />
			<trkpt lat="36.265890933573246" lon="-82.067313948646188" />
			<trkpt lat="36.265804935246706" lon="-82.067227950319648" />
			<trkpt lat="36.265633944422007" lon="-82.067013960331678" />
			<trkpt lat="36.265482986345887" lon="-82.066820925101638" />
			<trkpt lat="36.265396988019347" lon="-82.066777925938368" />
			<trkpt lat="36.265311995521188" lon="-82.066777925938368" />
			<trkpt lat="36.265203952789307" lon="-82.066755965352058" />
			<trkpt lat="36.265096999704838" lon="-82.066755965352058" />
			<trkpt lat="36.265010917559266" lon="-82.066755965352058" />
			<trkpt lat="36.264967918395996" lon="-82.066712966188788" />
			<trkpt lat="36.264924919232726" lon="-82.066669967025518" />
			<trkpt lat="36.264882925897837" lon="-82.066541975364089" />
			<trkpt lat="36.264882925897837" lon="-82.066412977874279" />
			<trkpt lat="36.264903964474797" lon="-82.066262941807508" />
			<trkpt lat="36.264924919232726" lon="-82.066133944317698" />
			<trkpt lat="36.264946963638067" lon="-82.06602699123323" />
			<trkpt lat="36.264903964474797" lon="-82.06589799374342" />
			<trkpt lat="36.264860965311527" lon="-82.06581199541688" />
			<trkpt lat="36.264796927571297" lon="-82.065704958513379" />
			<trkpt lat="36.264667930081487" lon="-82.065489962697029" />
			<trkpt lat="36.264495933428407" lon="-82.06531897187233" />
			<trkpt lat="36.264495933428407" lon="-82.06531897187233" />
			<trkpt lat="36.263916995376348" lon="-82.06510397605598" />
			<trkpt lat="36.263787997886539" lon="-82.065039938315749" />
			<trkpt lat="36.263658916577697" lon="-82.064996939152479" />
			<trkpt lat="36.263379966840148" lon="-82.064738944172859" />
			<trkpt lat="36.263379966840148" lon="-82.064738944172859" />
			<trkpt lat="36.263229930773377" lon="-82.06467499025166" />
			<trkpt lat="36.262907981872559" lon="-82.06463199108839" />
			<trkpt lat="36.262907981872559" lon="-82.06463199108839" />
			<trkpt lat="36.262822989374399" lon="-82.064609946683049" />
			<trkpt lat="36.262736991047859" lon="-82.06458899192512" />
			<trkpt lat="36.262671947479248" lon="-82.06456795334816" />
			<trkpt lat="36.262564994394779" lon="-82.06443895585835" />
			<trkpt lat="36.262543955817819" lon="-82.06430995836854" />
			<trkpt lat="36.262543955817819" lon="-82.064116923138499" />
			<trkpt lat="36.262564994394779" lon="-82.06396697089076" />
			<trkpt lat="36.262607993558049" lon="-82.06366597674787" />
			<trkpt lat="36.262628948315978" lon="-82.06342994235456" />
			<trkpt lat="36.262607993558049" lon="-82.06330195069313" />
			<trkpt lat="36.262586954981089" lon="-82.06321595236659" />
			<trkpt lat="36.262521995231509" lon="-82.063107993453741" />
			<trkpt lat="36.262457957491279" lon="-82.06302291713655" />
			<trkpt lat="36.262392997741699" lon="-82.06293691881001" />
			<trkpt lat="36.262113964185119" lon="-82.06259292550385" />
			<trkpt lat="36.262049926444888" lon="-82.062528971582651" />
			<trkpt lat="36.261899974197149" lon="-82.062356974929571" />
			<trkpt lat="36.261899974197149" lon="-82.062356974929571" />
			<trkpt lat="36.261877929791808" lon="-82.062249938026071" />
			<trkpt lat="36.261877929791808" lon="-82.062142984941602" />
			<trkpt lat="36.261856975033879" lon="-82.061884989961982" />
			<trkpt lat="36.261813975870609" lon="-82.061605956405401" />
			<trkpt lat="36.261835936456919" lon="-82.061498919501901" />
			<trkpt lat="36.261877929791808" lon="-82.061412921175361" />
			<trkpt lat="36.261899974197149" lon="-82.061305968090892" />
			<trkpt lat="36.261942973360419" lon="-82.061219969764352" />
			<trkpt lat="36.261985972523689" lon="-82.061112932860851" />
			<trkpt lat="36.262006927281618" lon="-82.061026934534311" />
			<trkpt lat="36.262049926444888" lon="-82.060919981449842" />
			<trkpt lat="36.262049926444888" lon="-82.060811938717961" />
			<trkpt lat="36.262071970850229" lon="-82.060575988143682" />
			<trkpt lat="36.262135924771428" lon="-82.060468951240182" />
			<trkpt lat="36.262199962511659" lon="-82.060382952913642" />
			<trkpt lat="36.262328960001469" lon="-82.060211962088943" />
			<trkpt lat="36.262757945805788" lon="-82.059653978794813" />
			<trkpt lat="36.262843944132328" lon="-82.059588935226202" />
			<trkpt lat="36.263036979362369" lon="-82.059417944401503" />
			<trkpt lat="36.263229930773377" lon="-82.059202948585153" />
			<trkpt lat="36.263294974341989" lon="-82.059052996337414" />
			<trkpt lat="36.263487925752997" lon="-82.058623926714063" />
			<trkpt lat="36.263594962656498" lon="-82.058387976139784" />
			<trkpt lat="36.263594962656498" lon="-82.058387976139784" />
			<trkpt lat="36.263616923242807" lon="-82.058279933407903" />
			<trkpt lat="36.263594962656498" lon="-82.058172980323434" />
			<trkpt lat="36.263551963493228" lon="-82.057893946766853" />
			<trkpt lat="36.263573924079537" lon="-82.057786993682384" />
			<trkpt lat="36.263616923242807" lon="-82.057400923222303" />
			<trkpt lat="36.263637961819768" lon="-82.057335963472724" />
			<trkpt lat="36.263658916577697" lon="-82.057250970974565" />
			<trkpt lat="36.263658916577697" lon="-82.057250970974565" />
			<trkpt lat="36.263680960983038" lon="-82.057207971811295" />
			<trkpt lat="36.263766959309578" lon="-82.057099929079413" />
			<trkpt lat="36.264088992029428" lon="-82.056906977668405" />
			<trkpt lat="36.264152945950627" lon="-82.056885939091444" />
			<trkpt lat="36.264238944277167" lon="-82.056842939928174" />
			<trkpt lat="36.264431979507208" lon="-82.056799940764904" />
			<trkpt lat="36.264431979507208" lon="-82.056799940764904" />
			<trkpt lat="36.264495933428407" lon="-82.056820979341865" />
			<trkpt lat="36.264581931754947" lon="-82.056949976831675" />
			<trkpt lat="36.264882925897837" lon="-82.057464960962534" />
			<trkpt lat="36.264967918395996" lon="-82.057528998702765" />
			<trkpt lat="36.265053916722536" lon="-82.057593958452344" />
			<trkpt lat="36.265354994684458" lon="-82.057764949277043" />
			<trkpt lat="36.265461947768927" lon="-82.057807948440313" />
			<trkpt lat="36.265547946095467" lon="-82.057829992845654" />
			<trkpt lat="36.265633944422007" lon="-82.057829992845654" />
			<trkpt lat="36.265804935246706" lon="-82.057807948440313" />
			<trkpt lat="36.265804935246706" lon="-82.057807948440313" />
			<trkpt lat="36.265890933573246" lon="-82.057743994519114" />
			<trkpt lat="36.265933932736516" lon="-82.057679956778884" />
			<trkpt lat="36.265997970476747" lon="-82.057614997029305" />
			<trkpt lat="36.266040969640017" lon="-82.057550959289074" />
			<trkpt lat="36.266555953770876" lon="-82.057443922385573" />
			<trkpt lat="36.267156936228275" lon="-82.057443922385573" />
			<trkpt lat="36.267263973131776" lon="-82.057443922385573" />
			<trkpt lat="36.267349971458316" lon="-82.057443922385573" />
			<trkpt lat="36.267414931207895" lon="-82.057421961799264" />
			<trkpt lat="36.267499923706055" lon="-82.057378962635994" />
			<trkpt lat="36.267607966437936" lon="-82.057357924059033" />
			<trkpt lat="36.267778957262635" lon="-82.057292964309454" />
			<trkpt lat="36.267778957262635" lon="-82.057292964309454" />
			<trkpt lat="36.267864955589175" lon="-82.057271925732493" />
			<trkpt lat="36.267971992492676" lon="-82.057228926569223" />
			<trkpt lat="36.268057990819216" lon="-82.057207971811295" />
			<trkpt lat="36.268165949732065" lon="-82.057164972648025" />
			<trkpt lat="36.268250942230225" lon="-82.057121973484755" />
			<trkpt lat="36.268336940556765" lon="-82.057056929916143" />
			<trkpt lat="36.268401984125376" lon="-82.056971937417984" />
			<trkpt lat="36.268443977460265" lon="-82.056863978505135" />
			<trkpt lat="36.268486976623535" lon="-82.056777980178595" />
			<trkpt lat="36.268508937209845" lon="-82.056670943275094" />
			<trkpt lat="36.268572974950075" lon="-82.056477991864085" />
			<trkpt lat="36.268594935536385" lon="-82.056413954123855" />
			<trkpt lat="36.268615974113345" lon="-82.056370954960585" />
			<trkpt lat="36.268808925524354" lon="-82.056284956634045" />
			<trkpt lat="36.268894923850894" lon="-82.056241957470775" />
			<trkpt lat="36.269001960754395" lon="-82.056177919730544" />
			<trkpt lat="36.269044959917665" lon="-82.056091921404004" />
			<trkpt lat="36.269109919667244" lon="-82.056005923077464" />
			<trkpt lat="36.269173957407475" lon="-82.055898969992995" />
			<trkpt lat="36.269216956570745" lon="-82.055790927261114" />
			<trkpt lat="36.269259955734015" lon="-82.055662935599685" />
			<trkpt lat="36.269409991800785" lon="-82.055039992555976" />
			<trkpt lat="36.269495990127325" lon="-82.054546969011426" />
			<trkpt lat="36.269431952387094" lon="-82.054074984043837" />
			<trkpt lat="36.269473945721984" lon="-82.053966941311955" />
			<trkpt lat="36.269495990127325" lon="-82.053859988227487" />
			<trkpt lat="36.269538989290595" lon="-82.053773989900947" />
			<trkpt lat="36.269602943211794" lon="-82.053752951323986" />
			<trkpt lat="36.269624987617135" lon="-82.053730990737677" />
			<trkpt lat="36.269817939028144" lon="-82.053773989900947" />
			<trkpt lat="36.269817939028144" lon="-82.053773989900947" />
			<trkpt lat="36.269860938191414" lon="-82.053816989064217" />
			<trkpt lat="36.269946936517954" lon="-82.053881948813796" />
			<trkpt lat="36.270031929016113" lon="-82.053966941311955" />
			<trkpt lat="36.270117927342653" lon="-82.054031984880567" />
			<trkpt lat="36.270375922322273" lon="-82.054245974868536" />
			<trkpt lat="36.270461920648813" lon="-82.054310934618115" />
			<trkpt lat="36.270546996966004" lon="-82.054353933781385" />
			<trkpt lat="36.270761992782354" lon="-82.054374972358346" />
			<trkpt lat="36.270761992782354" lon="-82.054374972358346" />
			<trkpt lat="36.270847991108894" lon="-82.054353933781385" />
			<trkpt lat="36.270933989435434" lon="-82.054331973195076" />
			<trkpt lat="36.271040942519903" lon="-82.054288974031806" />
			<trkpt lat="36.271147979423404" lon="-82.054267935454845" />
			<trkpt lat="36.271233977749944" lon="-82.054203981533647" />
			<trkpt lat="36.271297931671143" lon="-82.054117983207107" />
			<trkpt lat="36.271383929997683" lon="-82.054031984880567" />
			<trkpt lat="36.271448973566294" lon="-82.053924947977066" />
			<trkpt lat="36.271641924977303" lon="-82.053730990737677" />
			<trkpt lat="36.271727923303843" lon="-82.053709952160716" />
			<trkpt lat="36.271812999621034" lon="-82.053688997402787" />
			<trkpt lat="36.271941997110844" lon="-82.053709952160716" />
			<trkpt lat="36.272005951032043" lon="-82.053730990737677" />
			<trkpt lat="36.272070994600654" lon="-82.053816989064217" />
			<trkpt lat="36.272220946848392" lon="-82.053966941311955" />
			<trkpt lat="36.272220946848392" lon="-82.053966941311955" />
			<trkpt lat="36.272284984588623" lon="-82.054052939638495" />
			<trkpt lat="36.272585978731513" lon="-82.054417971521616" />
			<trkpt lat="36.272649932652712" lon="-82.054481925442815" />
			<trkpt lat="36.272714976221323" lon="-82.054567923769355" />
			<trkpt lat="36.272756969556212" lon="-82.054653922095895" />
			<trkpt lat="36.272799968719482" lon="-82.054739920422435" />
			<trkpt lat="36.272799968719482" lon="-82.054889956489205" />
			<trkpt lat="36.272799968719482" lon="-82.054889956489205" />
			<trkpt lat="36.272778930142522" lon="-82.055039992555976" />
			<trkpt lat="36.272778930142522" lon="-82.055039992555976" />
			<trkpt lat="36.272671977058053" lon="-82.055104952305555" />
			<trkpt lat="36.272520935162902" lon="-82.055104952305555" />
			<trkpt lat="36.272413982078433" lon="-82.055125990882516" />
			<trkpt lat="36.272306945174932" lon="-82.055125990882516" />
			<trkpt lat="36.272199992090464" lon="-82.055168990045786" />
			<trkpt lat="36.272070994600654" lon="-82.055275943130255" />
			<trkpt lat="36.272005951032043" lon="-82.055361941456795" />
			<trkpt lat="36.271984996274114" lon="-82.055511977523565" />
			<trkpt lat="36.271963957697153" lon="-82.055662935599685" />
			<trkpt lat="36.272005951032043" lon="-82.055769972503185" />
			<trkpt lat="36.272091949358582" lon="-82.055984968319535" />
			<trkpt lat="36.272091949358582" lon="-82.055984968319535" />
			<trkpt lat="36.272177947685122" lon="-82.056069960817695" />
			<trkpt lat="36.272263946011662" lon="-82.056155959144235" />
			<trkpt lat="36.272349944338202" lon="-82.056220918893814" />
			<trkpt lat="36.272542979568243" lon="-82.056241957470775" />
			<trkpt lat="36.272542979568243" lon="-82.056241957470775" />
			<trkpt lat="36.272628977894783" lon="-82.056284956634045" />
			<trkpt lat="36.272714976221323" lon="-82.056327955797315" />
			<trkpt lat="36.272756969556212" lon="-82.056413954123855" />
			<trkpt lat="36.272799968719482" lon="-82.056520991027355" />
			<trkpt lat="36.272864928469062" lon="-82.056606989353895" />
			<trkpt lat="36.272907927632332" lon="-82.056713942438364" />
			<trkpt lat="36.272950926795602" lon="-82.056799940764904" />
			<trkpt lat="36.273100962862372" lon="-82.056928938254714" />
			<trkpt lat="36.273100962862372" lon="-82.056928938254714" />
			<trkpt lat="36.273186961188912" lon="-82.056906977668405" />
			<trkpt lat="36.273271953687072" lon="-82.056885939091444" />
			<trkpt lat="36.273357952013612" lon="-82.056863978505135" />
			<trkpt lat="36.273400951176882" lon="-82.056863978505135" />
			<trkpt lat="36.273486949503422" lon="-82.056906977668405" />
			<trkpt lat="36.273486949503422" lon="-82.056928938254714" />
			<trkpt lat="36.273443950340152" lon="-82.057142928242683" />
			<trkpt lat="36.273422995582223" lon="-82.057228926569223" />
			<trkpt lat="36.273422995582223" lon="-82.057228926569223" />
			<trkpt lat="36.273379996418953" lon="-82.057335963472724" />
			<trkpt lat="36.273336997255683" lon="-82.057421961799264" />
			<trkpt lat="36.273229960352182" lon="-82.057636957615614" />
			<trkpt lat="36.273143962025642" lon="-82.057850947603583" />
			<trkpt lat="36.273121917620301" lon="-82.057915991172194" />
			<trkpt lat="36.273121917620301" lon="-82.057915991172194" />
			<trkpt lat="36.273121917620301" lon="-82.058043982833624" />
			<trkpt lat="36.273143962025642" lon="-82.058151941746473" />
			<trkpt lat="36.273207999765873" lon="-82.058301977813244" />
			<trkpt lat="36.273271953687072" lon="-82.058387976139784" />
			<trkpt lat="36.273336997255683" lon="-82.058494929224253" />
			<trkpt lat="36.273379996418953" lon="-82.058580927550793" />
			<trkpt lat="36.273400951176882" lon="-82.058709925040603" />
			<trkpt lat="36.273400951176882" lon="-82.058816961944103" />
			<trkpt lat="36.273400951176882" lon="-82.058945959433913" />
			<trkpt lat="36.273357952013612" lon="-82.059395983815193" />
			<trkpt lat="36.273314952850342" lon="-82.059524981305003" />
			<trkpt lat="36.273250998929143" lon="-82.059739977121353" />
			<trkpt lat="36.273207999765873" lon="-82.059824969619513" />
			<trkpt lat="36.273186961188912" lon="-82.059910967946053" />
			<trkpt lat="36.273207999765873" lon="-82.060103919357061" />
			<trkpt lat="36.273207999765873" lon="-82.060103919357061" />
			<trkpt lat="36.273293998092413" lon="-82.060189917683601" />
			<trkpt lat="36.273379996418953" lon="-82.060254961252213" />
			<trkpt lat="36.273465994745493" lon="-82.060296954587102" />
			<trkpt lat="36.273529948666692" lon="-82.060318998992443" />
			<trkpt lat="36.273572947829962" lon="-82.060382952913642" />
			<trkpt lat="36.273593986406922" lon="-82.060490995645523" />
			<trkpt lat="36.273636985570192" lon="-82.060575988143682" />
			<trkpt lat="36.273679984733462" lon="-82.060683947056532" />
			<trkpt lat="36.273701945319772" lon="-82.060769945383072" />
			<trkpt lat="36.273722983896732" lon="-82.060854937881231" />
			<trkpt lat="36.273744944483042" lon="-82.060919981449842" />
			<trkpt lat="36.273765983060002" lon="-82.060962980613112" />
			<trkpt lat="36.273829936981201" lon="-82.061005979776382" />
			<trkpt lat="36.273937979713082" lon="-82.060962980613112" />
			<trkpt lat="36.274065971374512" lon="-82.060597948729992" />
			<trkpt lat="36.274151969701052" lon="-82.060361998155713" />
			<trkpt lat="36.274151969701052" lon="-82.060361998155713" />
			<trkpt lat="36.274151969701052" lon="-82.060318998992443" />
			<trkpt lat="36.274301921948791" lon="-82.060296954587102" />
			<trkpt lat="36.274301921948791" lon="-82.060296954587102" />
			<trkpt lat="36.274344921112061" lon="-82.060339953750372" />
			<trkpt lat="36.274409964680672" lon="-82.060490995645523" />
			<trkpt lat="36.274409964680672" lon="-82.060490995645523" />
			<trkpt lat="36.274409964680672" lon="-82.060597948729992" />
			<trkpt lat="36.274473918601871" lon="-82.060833983123302" />
			<trkpt lat="36.274473918601871" lon="-82.060833983123302" />
			<trkpt lat="36.274537956342101" lon="-82.061048978939652" />
			<trkpt lat="36.274537956342101" lon="-82.061048978939652" />
			<trkpt lat="36.274580955505371" lon="-82.061155932024121" />
			<trkpt lat="36.274495963007212" lon="-82.061670999974012" />
			<trkpt lat="36.274495963007212" lon="-82.061670999974012" />
			<trkpt lat="36.274473918601871" lon="-82.061777953058481" />
			<trkpt lat="36.274473918601871" lon="-82.061884989961982" />
			<trkpt lat="36.274495963007212" lon="-82.062035948038101" />
			<trkpt lat="36.274537956342101" lon="-82.062142984941602" />
			<trkpt lat="36.274645999073982" lon="-82.062249938026071" />
			<trkpt lat="36.274731997400522" lon="-82.062314981594682" />
			<trkpt lat="36.274859989061952" lon="-82.062399974092841" />
			<trkpt lat="36.274967947974801" lon="-82.062464933842421" />
			<trkpt lat="36.275074984878302" lon="-82.062528971582651" />
			<trkpt lat="36.275589969009161" lon="-82.062871959060431" />
			<trkpt lat="36.27599791623652" lon="-82.063129954040051" />
			<trkpt lat="36.27636194229126" lon="-82.063451986759901" />
			<trkpt lat="36.276426985859871" lon="-82.063537985086441" />
			<trkpt lat="36.276469985023141" lon="-82.0636229775846" />
			<trkpt lat="36.27649093978107" lon="-82.06375197507441" />
			<trkpt lat="36.27649093978107" lon="-82.06375197507441" />
			<trkpt lat="36.2764479406178" lon="-82.063858928158879" />
			<trkpt lat="36.276426985859871" lon="-82.063944926485419" />
			<trkpt lat="36.276383986696601" lon="-82.064030924811959" />
			<trkpt lat="36.27636194229126" lon="-82.064116923138499" />
			<trkpt lat="36.27631894312799" lon="-82.064202921465039" />
			<trkpt lat="36.276297988370061" lon="-82.06426695920527" />
			<trkpt lat="36.2762769497931" lon="-82.06435295753181" />
			<trkpt lat="36.276297988370061" lon="-82.06439595669508" />
			<trkpt lat="36.276383986696601" lon="-82.06437399610877" />
			<trkpt lat="36.276383986696601" lon="-82.06437399610877" />
			<trkpt lat="36.2764479406178" lon="-82.06437399610877" />
			<trkpt lat="36.27653393894434" lon="-82.06430995836854" />
			<trkpt lat="36.27666293643415" lon="-82.06418096087873" />
			<trkpt lat="36.27666293643415" lon="-82.06418096087873" />
			<trkpt lat="36.27672697417438" lon="-82.064116923138499" />
			<trkpt lat="36.27679193392396" lon="-82.0640529692173" />
			<trkpt lat="36.276876926422119" lon="-82.063987925648689" />
			<trkpt lat="36.276962924748659" lon="-82.063944926485419" />
			<trkpt lat="36.277134921401739" lon="-82.06388097256422" />
			<trkpt lat="36.27724195830524" lon="-82.06388097256422" />
			<trkpt lat="36.277306918054819" lon="-82.06388097256422" />
			<trkpt lat="36.27737095579505" lon="-82.06388097256422" />
			<trkpt lat="36.27743499353528" lon="-82.063901927322149" />
			<trkpt lat="36.27752099186182" lon="-82.063987925648689" />
			<trkpt lat="36.27749995328486" lon="-82.064116923138499" />
			<trkpt lat="36.27743499353528" lon="-82.064202921465039" />
			<trkpt lat="36.27734899520874" lon="-82.064288919791579" />
			<trkpt lat="36.27732795663178" lon="-82.06430995836854" />
			<trkpt lat="36.27732795663178" lon="-82.06430995836854" />
			<trkpt lat="36.27732795663178" lon="-82.06448195502162" />
			<trkpt lat="36.27741395495832" lon="-82.06452495418489" />
			<trkpt lat="36.27741395495832" lon="-82.06452495418489" />
			<trkpt lat="36.27745695412159" lon="-82.06454599276185" />
			<trkpt lat="36.27749995328486" lon="-82.06458899192512" />
			<trkpt lat="36.27756399102509" lon="-82.064609946683049" />
			<trkpt lat="36.27760699018836" lon="-82.06463199108839" />
			<trkpt lat="36.277670944109559" lon="-82.06471798941493" />
			<trkpt lat="36.277670944109559" lon="-82.064781943336129" />
			<trkpt lat="36.27764998935163" lon="-82.064867941662669" />
			<trkpt lat="36.27764998935163" lon="-82.0649319794029" />
			<trkpt lat="36.27764998935163" lon="-82.064996939152479" />
			<trkpt lat="36.277670944109559" lon="-82.065082937479019" />
			<trkpt lat="36.27773598767817" lon="-82.065124930813909" />
			<trkpt lat="36.27777898684144" lon="-82.065167929977179" />
			<trkpt lat="36.27782098017633" lon="-82.065403964370489" />
			<trkpt lat="36.27782098017633" lon="-82.065468924120069" />
			<trkpt lat="36.277842940762639" lon="-82.065554922446609" />
			<trkpt lat="36.27790697850287" lon="-82.0656399987638" />
			<trkpt lat="36.277971938252449" lon="-82.0656399987638" />
			<trkpt lat="36.27799297682941" lon="-82.0656399987638" />
			<trkpt lat="36.278099929913878" lon="-82.065597921609879" />
			<trkpt lat="36.278142929077148" lon="-82.065532961860299" />
			<trkpt lat="36.27820797264576" lon="-82.065468924120069" />
			<trkpt lat="36.278271926566958" lon="-82.065425924956799" />
			<trkpt lat="36.278335964307189" lon="-82.065382925793529" />
			<trkpt lat="36.278421962633729" lon="-82.065403964370489" />
			<trkpt lat="36.278507960960269" lon="-82.065446963533759" />
			<trkpt lat="36.278593959286809" lon="-82.065489962697029" />
			<trkpt lat="36.27865799702704" lon="-82.065468924120069" />
			<trkpt lat="36.278722956776619" lon="-82.065446963533759" />
			<trkpt lat="36.27878699451685" lon="-82.065425924956799" />
			<trkpt lat="36.27887299284339" lon="-82.065403964370489" />
			<trkpt lat="36.278979945927858" lon="-82.0653619710356" />
			<trkpt lat="36.279065944254398" lon="-82.065339926630259" />
			<trkpt lat="36.279151942580938" lon="-82.0653619710356" />
			<trkpt lat="36.279258979484439" lon="-82.065382925793529" />
			<trkpt lat="36.279451930895448" lon="-82.065489962697029" />
			<trkpt lat="36.279623927548528" lon="-82.065597921609879" />
			<trkpt lat="36.279623927548528" lon="-82.065597921609879" />
			<trkpt lat="36.279687965288758" lon="-82.0656399987638" />
			<trkpt lat="36.279859961941838" lon="-82.065575961023569" />
			<trkpt lat="36.279859961941838" lon="-82.065575961023569" />
			<trkpt lat="36.279945960268378" lon="-82.065489962697029" />
			<trkpt lat="36.280031958594918" lon="-82.065425924956799" />
			<trkpt lat="36.280095996335149" lon="-82.0653619710356" />
			<trkpt lat="36.280181994661689" lon="-82.06531897187233" />
			<trkpt lat="36.280288947746158" lon="-82.065296927466989" />
			<trkpt lat="36.280481982976198" lon="-82.06523297354579" />
			<trkpt lat="36.280567981302738" lon="-82.065210929140449" />
			<trkpt lat="36.280739977955818" lon="-82.06518997438252" />
			<trkpt lat="36.280803931877017" lon="-82.065167929977179" />
			<trkpt lat="36.280803931877017" lon="-82.065167929977179" />
			<trkpt lat="36.280932929366827" lon="-82.065253928303719" />
			<trkpt lat="36.280975928530097" lon="-82.0653619710356" />
			<trkpt lat="36.280953967943788" lon="-82.065468924120069" />
			<trkpt lat="36.280932929366827" lon="-82.065554922446609" />
			<trkpt lat="36.280910968780518" lon="-82.0656399987638" />
			<trkpt lat="36.280889930203557" lon="-82.06572599709034" />
			<trkpt lat="36.280889930203557" lon="-82.065790956839919" />
			<trkpt lat="36.280910968780518" lon="-82.06581199541688" />
			<trkpt lat="36.280910968780518" lon="-82.06581199541688" />
			<trkpt lat="36.280910968780518" lon="-82.06581199541688" />
			<trkpt lat="36.281039966270328" lon="-82.065790956839919" />
			<trkpt lat="36.281125964596868" lon="-82.06576899625361" />
			<trkpt lat="36.281211962923408" lon="-82.065747957676649" />
			<trkpt lat="36.281318999826908" lon="-82.06572599709034" />
			<trkpt lat="36.281382953748107" lon="-82.065704958513379" />
			<trkpt lat="36.281447997316718" lon="-82.06568299792707" />
			<trkpt lat="36.281447997316718" lon="-82.06568299792707" />
			<trkpt lat="36.281447997316718" lon="-82.06568299792707" />
			<trkpt lat="36.281661987304688" lon="-82.065704958513379" />
			<trkpt lat="36.281554950401187" lon="-82.065468924120069" />
			<trkpt lat="36.281490996479988" lon="-82.065403964370489" />
			<trkpt lat="36.281447997316718" lon="-82.065339926630259" />
			<trkpt lat="36.281404998153448" lon="-82.065296927466989" />
			<trkpt lat="36.281361998990178" lon="-82.065082937479019" />
			<trkpt lat="36.281340960413218" lon="-82.06497497856617" />
			<trkpt lat="36.281254962086678" lon="-82.06484698690474" />
			<trkpt lat="36.281168963760138" lon="-82.064781943336129" />
			<trkpt lat="36.281082965433598" lon="-82.064738944172859" />
			<trkpt lat="36.280996967107058" lon="-82.064695945009589" />
			<trkpt lat="36.280674934387207" lon="-82.06452495418489" />
			<trkpt lat="36.280589941889048" lon="-82.06450299359858" />
			<trkpt lat="36.280503943562508" lon="-82.06448195502162" />
			<trkpt lat="36.280503943562508" lon="-82.06448195502162" />
			<trkpt lat="36.280460944399238" lon="-82.06445999443531" />
			<trkpt lat="36.280417945235968" lon="-82.06439595669508" />
			<trkpt lat="36.280395984649658" lon="-82.064331918954849" />
			<trkpt lat="36.280438983812928" lon="-82.06409596838057" />
			<trkpt lat="36.280438983812928" lon="-82.06409596838057" />
			<trkpt lat="36.280567981302738" lon="-82.06400997005403" />
			<trkpt lat="36.280674934387207" lon="-82.063987925648689" />
			<trkpt lat="36.280803931877017" lon="-82.06396697089076" />
			<trkpt lat="36.281340960413218" lon="-82.06392397172749" />
			<trkpt lat="36.281983936205506" lon="-82.063944926485419" />
			<trkpt lat="36.282348968088627" lon="-82.063944926485419" />
			<trkpt lat="36.282477965578437" lon="-82.063944926485419" />
			<trkpt lat="36.282992949709296" lon="-82.06381693482399" />
			<trkpt lat="36.283078948035836" lon="-82.06373093649745" />
			<trkpt lat="36.283078948035836" lon="-82.06373093649745" />
			<trkpt lat="36.283163940533996" lon="-82.06364493817091" />
			<trkpt lat="36.283314982429147" lon="-82.06347294151783" />
			<trkpt lat="36.283314982429147" lon="-82.06347294151783" />
			<trkpt lat="36.283378936350346" lon="-82.063408987596631" />
			<trkpt lat="36.283421935513616" lon="-82.06334394402802" />
			<trkpt lat="36.283485973253846" lon="-82.06330195069313" />
			<trkpt lat="36.283571971580386" lon="-82.063279990106821" />
			<trkpt lat="36.283657969906926" lon="-82.063365988433361" />
			<trkpt lat="36.283721923828125" lon="-82.06342994235456" />
			<trkpt lat="36.283786967396736" lon="-82.063494985923171" />
			<trkpt lat="36.283829966560006" lon="-82.063580984249711" />
			<trkpt lat="36.283872965723276" lon="-82.06368793733418" />
			<trkpt lat="36.283893920481205" lon="-82.06379497423768" />
			<trkpt lat="36.284086955711246" lon="-82.06426695920527" />
			<trkpt lat="36.284258952364326" lon="-82.0647609885782" />
			<trkpt lat="36.284408988431096" lon="-82.065124930813909" />
			<trkpt lat="36.284472942352295" lon="-82.065253928303719" />
			<trkpt lat="36.284537985920906" lon="-82.065339926630259" />
			<trkpt lat="36.284687938168645" lon="-82.065403964370489" />
			<trkpt lat="36.284816935658455" lon="-82.065446963533759" />
			<trkpt lat="36.285138968378305" lon="-82.0656399987638" />
			<trkpt lat="36.285245921462774" lon="-82.065704958513379" />
			<trkpt lat="36.285352958366275" lon="-82.065790956839919" />
			<trkpt lat="36.285824943333864" lon="-82.066176943480968" />
			<trkpt lat="36.285889986902475" lon="-82.066262941807508" />
			<trkpt lat="36.285974979400635" lon="-82.066348940134048" />
			<trkpt lat="36.286060977727175" lon="-82.066412977874279" />
			<trkpt lat="36.286125937476754" lon="-82.066455977037549" />
			<trkpt lat="36.286253929138184" lon="-82.066455977037549" />
			<trkpt lat="36.286790957674384" lon="-82.066348940134048" />
			<trkpt lat="36.287026992067695" lon="-82.066240981221199" />
			<trkpt lat="36.287112990394235" lon="-82.066176943480968" />
			<trkpt lat="36.287283981218934" lon="-82.06602699123323" />
			<trkpt lat="36.287412978708744" lon="-82.065833956003189" />
			<trkpt lat="36.287455977872014" lon="-82.06576899625361" />
			<trkpt lat="36.287498977035284" lon="-82.065704958513379" />
			<trkpt lat="36.287627974525094" lon="-82.065618960186839" />
			<trkpt lat="36.287627974525094" lon="-82.065618960186839" />
			<trkpt lat="36.287734927609563" lon="-82.065597921609879" />
			<trkpt lat="36.287970962002873" lon="-82.065747957676649" />
			<trkpt lat="36.287970962002873" lon="-82.065747957676649" />
			<trkpt lat="36.288099959492683" lon="-82.065918948501348" />
			<trkpt lat="36.288099959492683" lon="-82.065918948501348" />
			<trkpt lat="36.288421992212534" lon="-82.066369978711009" />
			<trkpt lat="36.288742935284972" lon="-82.066798964515328" />
			<trkpt lat="36.288828933611512" lon="-82.066884962841868" />
			<trkpt lat="36.288893977180123" lon="-82.066948916763067" />
			<trkpt lat="36.289086928591132" lon="-82.066970961168408" />
			<trkpt lat="36.289086928591132" lon="-82.066970961168408" />
			<trkpt lat="36.289215926080942" lon="-82.066991999745369" />
			<trkpt lat="36.289322962984443" lon="-82.067013960331678" />
			<trkpt lat="36.289429999887943" lon="-82.066970961168408" />
			<trkpt lat="36.289729988202453" lon="-82.066841963678598" />
			<trkpt lat="36.289837947115302" lon="-82.066798964515328" />
			<trkpt lat="36.289944984018803" lon="-82.066777925938368" />
			<trkpt lat="36.290051937103271" lon="-82.066777925938368" />
			<trkpt lat="36.290180934593081" lon="-82.066755965352058" />
			<trkpt lat="36.290309932082891" lon="-82.066777925938368" />
			<trkpt lat="36.290416968986392" lon="-82.066820925101638" />
			<trkpt lat="36.290523922070861" lon="-82.066863924264908" />
			<trkpt lat="36.291060950607061" lon="-82.067227950319648" />
			<trkpt lat="36.291146948933601" lon="-82.067292993888259" />
			<trkpt lat="36.291253985837102" lon="-82.067356947809458" />
			<trkpt lat="36.291339984163642" lon="-82.067378992214799" />
			<trkpt lat="36.291425982490182" lon="-82.067399946972728" />
			<trkpt lat="36.291639972478151" lon="-82.067356947809458" />
			<trkpt lat="36.291639972478151" lon="-82.067356947809458" />
			<trkpt lat="36.291725970804691" lon="-82.067335993051529" />
			<trkpt lat="36.29183292388916" lon="-82.067270949482918" />
			<trkpt lat="36.291983965784311" lon="-82.067141951993108" />
			<trkpt lat="36.29204791970551" lon="-82.067034998908639" />
			<trkpt lat="36.292154956609011" lon="-82.066884962841868" />
			<trkpt lat="36.292154956609011" lon="-82.066884962841868" />
			<trkpt lat="36.29221991635859" lon="-82.066841963678598" />
			<trkpt lat="36.292304992675781" lon="-82.066777925938368" />
			<trkpt lat="36.292369952425361" lon="-82.066755965352058" />
			<trkpt lat="36.292455950751901" lon="-82.066734926775098" />
			<trkpt lat="36.29254094325006" lon="-82.066691927611828" />
			<trkpt lat="36.2926269415766" lon="-82.066669967025518" />
			<trkpt lat="36.292819976806641" lon="-82.066605929285288" />
			<trkpt lat="36.293227924033999" lon="-82.066476931795478" />
			<trkpt lat="36.293570995330811" lon="-82.066519930958748" />
			<trkpt lat="36.293570995330811" lon="-82.066519930958748" />
			<trkpt lat="36.293656993657351" lon="-82.066605929285288" />
			<trkpt lat="36.293742991983891" lon="-82.066669967025518" />
			<trkpt lat="36.2937649525702" lon="-82.066691927611828" />
			<trkpt lat="36.293828990310431" lon="-82.066863924264908" />
			<trkpt lat="36.293849945068359" lon="-82.066948916763067" />
			<trkpt lat="36.293871989473701" lon="-82.067077998071909" />
			<trkpt lat="36.293871989473701" lon="-82.067184951156378" />
			<trkpt lat="36.293892944231629" lon="-82.067292993888259" />
			<trkpt lat="36.293892944231629" lon="-82.067420985549688" />
			<trkpt lat="36.294000986963511" lon="-82.067893976345658" />
			<trkpt lat="36.29417197778821" lon="-82.068064967170358" />
			<trkpt lat="36.294643962755799" lon="-82.068536952137947" />
			<trkpt lat="36.294708922505379" lon="-82.068579951301217" />
			<trkpt lat="36.294708922505379" lon="-82.068579951301217" />
			<trkpt lat="36.294751921668649" lon="-82.068622950464487" />
			<trkpt lat="36.294815959408879" lon="-82.068644994869828" />
			<trkpt lat="36.29492299631238" lon="-82.068686988204718" />
			<trkpt lat="36.29500899463892" lon="-82.068686988204718" />
			<trkpt lat="36.295158946886659" lon="-82.068665949627757" />
			<trkpt lat="36.295308982953429" lon="-82.068601995706558" />
			<trkpt lat="36.295416941866279" lon="-82.068558996543288" />
			<trkpt lat="36.295545939356089" lon="-82.068493952974677" />
			<trkpt lat="36.295652976259589" lon="-82.068450953811407" />
			<trkpt lat="36.295738974586129" lon="-82.068429999053478" />
			<trkpt lat="36.295845927670598" lon="-82.068429999053478" />
			<trkpt lat="36.295974925160408" lon="-82.068472998216748" />
			<trkpt lat="36.296060923486948" lon="-82.068515997380018" />
			<trkpt lat="36.296167960390449" lon="-82.068579951301217" />
			<trkpt lat="36.296403994783759" lon="-82.069073980674148" />
			<trkpt lat="36.296446993947029" lon="-82.069201972335577" />
			<trkpt lat="36.296510947868228" lon="-82.069309931248426" />
			<trkpt lat="36.297132968902588" lon="-82.069716956466436" />
			<trkpt lat="36.297476962208748" lon="-82.069867998361588" />
			<trkpt lat="36.297583999112248" lon="-82.069952990859747" />
			<trkpt lat="36.298012984916568" lon="-82.070188941434026" />
			<trkpt lat="36.298141982406378" lon="-82.070253985002637" />
			<trkpt lat="36.298355972394347" lon="-82.070296984165907" />
			<trkpt lat="36.298484969884157" lon="-82.070296984165907" />
			<trkpt lat="36.298849917948246" lon="-82.070360938087106" />
			<trkpt lat="36.298849917948246" lon="-82.070360938087106" />
			<trkpt lat="36.298978999257088" lon="-82.070382982492447" />
			<trkpt lat="36.299471938982606" lon="-82.070618933066726" />
			<trkpt lat="36.300051966682076" lon="-82.070961920544505" />
			<trkpt lat="36.300265956670046" lon="-82.071025958284736" />
			<trkpt lat="36.300373999401927" lon="-82.071004919707775" />
			<trkpt lat="36.300480952486396" lon="-82.070982959121466" />
			<trkpt lat="36.300694942474365" lon="-82.070939959958196" />
			<trkpt lat="36.300845984369516" lon="-82.070918921381235" />
			<trkpt lat="36.300887977704406" lon="-82.070939959958196" />
			<trkpt lat="36.300995936617255" lon="-82.071090918034315" />
			<trkpt lat="36.301038935780525" lon="-82.071154955774546" />
			<trkpt lat="36.301038935780525" lon="-82.071154955774546" />
			<trkpt lat="36.301038935780525" lon="-82.071154955774546" />
			<trkpt lat="36.301081934943795" lon="-82.071390990167856" />
			<trkpt lat="36.301145972684026" lon="-82.071733977645636" />
			<trkpt lat="36.301252925768495" lon="-82.071905974298716" />
			<trkpt lat="36.301317969337106" lon="-82.071969928219914" />
			<trkpt lat="36.301445960998535" lon="-82.072120970115066" />
			<trkpt lat="36.301574958488345" lon="-82.072120970115066" />
			<trkpt lat="36.301574958488345" lon="-82.072120970115066" />
			<trkpt lat="36.301660956814885" lon="-82.072098925709724" />
			<trkpt lat="36.301789954304695" lon="-82.072034971788526" />
			<trkpt lat="36.301789954304695" lon="-82.072034971788526" />
			<trkpt lat="36.301853992044926" lon="-82.072012927383184" />
			<trkpt lat="36.301917945966125" lon="-82.071969928219914" />
			<trkpt lat="36.301982989534736" lon="-82.071991972625256" />
			<trkpt lat="36.302089942619205" lon="-82.071991972625256" />
			<trkpt lat="36.302432930096984" lon="-82.072034971788526" />
			<trkpt lat="36.302819922566414" lon="-82.072098925709724" />
			<trkpt lat="36.303226947784424" lon="-82.072206968441606" />
			<trkpt lat="36.303613940253854" lon="-82.072291960939765" />
			<trkpt lat="36.303999926894903" lon="-82.072377959266305" />
			<trkpt lat="36.304364958778024" lon="-82.072484996169806" />
			<trkpt lat="36.304685985669494" lon="-82.072613993659616" />
			<trkpt lat="36.304922942072153" lon="-82.072678953409195" />
			<trkpt lat="36.305372966453433" lon="-82.072914987802505" />
			<trkpt lat="36.305458964779973" lon="-82.072957986965775" />
			<trkpt lat="36.305565917864442" lon="-82.072999980300665" />
			<trkpt lat="36.305694999173284" lon="-82.072978941723704" />
			<trkpt lat="36.305801952257752" lon="-82.072914987802505" />
			<trkpt lat="36.306252982467413" lon="-82.072613993659616" />
			<trkpt lat="36.306724967435002" lon="-82.072334960103035" />
			<trkpt lat="36.306831920519471" lon="-82.072248961776495" />
			<trkpt lat="36.307046916335821" lon="-82.072120970115066" />
			<trkpt lat="36.307153953239322" lon="-82.072120970115066" />
			<trkpt lat="36.307260990142822" lon="-82.072120970115066" />
			<trkpt lat="36.307582939043641" lon="-82.072098925709724" />
			<trkpt lat="36.307904971763492" lon="-82.072098925709724" />
			<trkpt lat="36.308033969253302" lon="-82.072163969278336" />
			<trkpt lat="36.3080979231745" lon="-82.072227923199534" />
			<trkpt lat="36.308333957567811" lon="-82.072613993659616" />
			<trkpt lat="36.308784987777472" lon="-82.073042979463935" />
			<trkpt lat="36.308784987777472" lon="-82.073042979463935" />
			<trkpt lat="36.30897793918848" lon="-82.073150938376784" />
			<trkpt lat="36.309084976091981" lon="-82.073193937540054" />
			<trkpt lat="36.30919293500483" lon="-82.073214976117015" />
			<trkpt lat="36.30919293500483" lon="-82.073214976117015" />
			<trkpt lat="36.309299971908331" lon="-82.073214976117015" />
			<trkpt lat="36.309385970234871" lon="-82.073171976953745" />
			<trkpt lat="36.30949292331934" lon="-82.073107939213514" />
			<trkpt lat="36.310007991269231" lon="-82.072570994496346" />
			<trkpt lat="36.31015794351697" lon="-82.072463957592845" />
			<trkpt lat="36.31024394184351" lon="-82.072399919852614" />
			<trkpt lat="36.31030797958374" lon="-82.072377959266305" />
			<trkpt lat="36.31056597456336" lon="-82.072313921526074" />
			<trkpt lat="36.310629928484559" lon="-82.072334960103035" />
			<trkpt lat="36.31103795953095" lon="-82.072442919015884" />
			<trkpt lat="36.311767939478159" lon="-82.072635954245925" />
			<trkpt lat="36.31178897805512" lon="-82.072656992822886" />
			<trkpt lat="36.31183197721839" lon="-82.072656992822886" />
			<trkpt lat="36.311981929466128" lon="-82.072549955919385" />
			<trkpt lat="36.3119609747082" lon="-82.072463957592845" />
			<trkpt lat="36.311981929466128" lon="-82.072163969278336" />
			<trkpt lat="36.312003973871469" lon="-82.072055926546454" />
			<trkpt lat="36.312067927792668" lon="-82.071927934885025" />
			<trkpt lat="36.312110926955938" lon="-82.071819975972176" />
			<trkpt lat="36.312196925282478" lon="-82.071691984310746" />
			<trkpt lat="36.312389960512519" lon="-82.071497943252325" />
			<trkpt lat="36.312389960512519" lon="-82.071497943252325" />
			<trkpt lat="36.312496997416019" lon="-82.071433989331126" />
			<trkpt lat="36.312646949663758" lon="-82.071369951590896" />
			<trkpt lat="36.312796985730529" lon="-82.071326952427626" />
			<trkpt lat="36.313118934631348" lon="-82.071240954101086" />
			<trkpt lat="36.313483966514468" lon="-82.071154955774546" />
			<trkpt lat="36.314020995050669" lon="-82.071047918871045" />
			<trkpt lat="36.314191985875368" lon="-82.071004919707775" />
			<trkpt lat="36.314556933939457" lon="-82.070939959958196" />
			<trkpt lat="36.314921965822577" lon="-82.070854967460036" />
			<trkpt lat="36.315286997705698" lon="-82.070789923891425" />
			<trkpt lat="36.315843975171447" lon="-82.070746924728155" />
			<trkpt lat="36.316380919888616" lon="-82.070832923054695" />
			<trkpt lat="36.316552916541696" lon="-82.070875922217965" />
			<trkpt lat="36.316745951771736" lon="-82.070875922217965" />
			<trkpt lat="36.316916942596436" lon="-82.070854967460036" />
			<trkpt lat="36.317088939249516" lon="-82.070746924728155" />
			<trkpt lat="36.317388927564025" lon="-82.070532934740186" />
			<trkpt lat="36.317388927564025" lon="-82.070532934740186" />
			<trkpt lat="36.317496970295906" lon="-82.070339983329177" />
			<trkpt lat="36.317603923380375" lon="-82.070167986676097" />
			<trkpt lat="36.317667961120605" lon="-82.069931952282786" />
			<trkpt lat="36.317710960283875" lon="-82.069716956466436" />
			<trkpt lat="36.317732920870185" lon="-82.069523921236396" />
			<trkpt lat="36.317667961120605" lon="-82.069287970662117" />
			<trkpt lat="36.317603923380375" lon="-82.069073980674148" />
			<trkpt lat="36.317560924217105" lon="-82.068837946280837" />
			<trkpt lat="36.317496970295906" lon="-82.068601995706558" />
			<trkpt lat="36.317431926727295" lon="-82.068365961313248" />
			<trkpt lat="36.317367972806096" lon="-82.068129926919937" />
			<trkpt lat="36.317410971969366" lon="-82.067335993051529" />
			<trkpt lat="36.317539969459176" lon="-82.066240981221199" />
			<trkpt lat="36.317517925053835" lon="-82.065961947664618" />
			<trkpt lat="36.317453971132636" lon="-82.064867941662669" />
			<trkpt lat="36.317431926727295" lon="-82.064609946683049" />
			<trkpt lat="36.317560924217105" lon="-82.0635159406811" />
			<trkpt lat="36.317560924217105" lon="-82.06325895152986" />
			<trkpt lat="36.317560924217105" lon="-82.06297991797328" />
			<trkpt lat="36.317496970295906" lon="-82.062700968235731" />
			<trkpt lat="36.317431926727295" lon="-82.062442973256111" />
			<trkpt lat="36.317346934229136" lon="-82.062185984104872" />
			<trkpt lat="36.316895987838507" lon="-82.060940936207771" />
			<trkpt lat="36.316873943433166" lon="-82.060683947056532" />
			<trkpt lat="36.316831950098276" lon="-82.060404997318983" />
			<trkpt lat="36.316873943433166" lon="-82.060146918520331" />
			<trkpt lat="36.316916942596436" lon="-82.059889929369092" />
			<trkpt lat="36.316981986165047" lon="-82.059631934389472" />
			<trkpt lat="36.317174937576056" lon="-82.059181993827224" />
			<trkpt lat="36.317174937576056" lon="-82.059181993827224" />
			<trkpt lat="36.317303935065866" lon="-82.058988958597183" />
			<trkpt lat="36.317453971132636" lon="-82.058794917538762" />
			<trkpt lat="36.317603923380375" lon="-82.058623926714063" />
			<trkpt lat="36.317775920033455" lon="-82.058473974466324" />
			<trkpt lat="36.318311942741275" lon="-82.058001989498734" />
			<trkpt lat="36.318654930219054" lon="-82.057679956778884" />
			<trkpt lat="36.319148959591985" lon="-82.057207971811295" />
			<trkpt lat="36.319320956245065" lon="-82.057035975158215" />
			<trkpt lat="36.319448947906494" lon="-82.056820979341865" />
			<trkpt lat="36.319513991475105" lon="-82.056584944948554" />
			<trkpt lat="36.319599989801645" lon="-82.056348994374275" />
			<trkpt lat="36.319620944559574" lon="-82.056091921404004" />
			<trkpt lat="36.319470992311835" lon="-82.055104952305555" />
			<trkpt lat="36.319470992311835" lon="-82.055104952305555" />
			<trkpt lat="36.319384993985295" lon="-82.054911917075515" />
			<trkpt lat="36.319255996495485" lon="-82.054717959836125" />
			<trkpt lat="36.319127921015024" lon="-82.054567923769355" />
			<trkpt lat="36.318826926872134" lon="-82.054353933781385" />
			<trkpt lat="36.318654930219054" lon="-82.054245974868536" />
			<trkpt lat="36.318483939394355" lon="-82.054138937965035" />
			<trkpt lat="36.317925956100225" lon="-82.053688997402787" />
			<trkpt lat="36.317346934229136" lon="-82.052958933636546" />
			<trkpt lat="36.317217936739326" lon="-82.052743937820196" />
			<trkpt lat="36.317131938412786" lon="-82.052507987245917" />
			<trkpt lat="36.317045940086246" lon="-82.052271952852607" />
			<trkpt lat="36.316959941759706" lon="-82.052014963701367" />
			<trkpt lat="36.316916942596436" lon="-82.051756968721747" />
			<trkpt lat="36.316873943433166" lon="-82.051499979570508" />
			<trkpt lat="36.316852988675237" lon="-82.051241984590888" />
			<trkpt lat="36.316831950098276" lon="-82.050962951034307" />
			<trkpt lat="36.316831950098276" lon="-82.050683917477727" />
			<trkpt lat="36.316873943433166" lon="-82.050426928326488" />
			<trkpt lat="36.316916942596436" lon="-82.050168933346868" />
			<trkpt lat="36.317002940922976" lon="-82.049911944195628" />
			<trkpt lat="36.317152976989746" lon="-82.049417998641729" />
			<trkpt lat="36.317152976989746" lon="-82.049417998641729" />
			<trkpt lat="36.317260935902596" lon="-82.049224963411689" />
			<trkpt lat="36.317367972806096" lon="-82.049010973423719" />
			<trkpt lat="36.317603923380375" lon="-82.048666980117559" />
			<trkpt lat="36.317603923380375" lon="-82.048666980117559" />
			<trkpt lat="36.317753959447145" lon="-82.04849598929286" />
			<trkpt lat="36.317882956936955" lon="-82.048345953226089" />
			<trkpt lat="36.318032993003726" lon="-82.048173956573009" />
			<trkpt lat="36.319448947906494" lon="-82.04677895642817" />
			<trkpt lat="36.320028975605965" lon="-82.045662989839911" />
			<trkpt lat="36.320221927016973" lon="-82.045169966295362" />
			<trkpt lat="36.320328963920474" lon="-82.044675936922431" />
			<trkpt lat="36.320435917004943" lon="-82.044182997196913" />
			<trkpt lat="36.320564998313785" lon="-82.043431978672743" />
			<trkpt lat="36.320564998313785" lon="-82.043431978672743" />
			<trkpt lat="36.320650996640325" lon="-82.043195944279432" />
			<trkpt lat="36.320714950561523" lon="-82.042937949299812" />
			<trkpt lat="36.320822993293405" lon="-82.042723959311843" />
			<trkpt lat="36.320950984954834" lon="-82.042530924081802" />
			<trkpt lat="36.321272933855653" lon="-82.042208975180984" />
			<trkpt lat="36.321272933855653" lon="-82.042208975180984" />
			<trkpt lat="36.321616927161813" lon="-82.041929941624403" />
			<trkpt lat="36.321809962391853" lon="-82.041843943297863" />
			<trkpt lat="36.321809962391853" lon="-82.041843943297863" />
			<trkpt lat="36.322023952379823" lon="-82.041779989376664" />
			<trkpt lat="36.322216987609863" lon="-82.041757944971323" />
			<trkpt lat="36.322410944849253" lon="-82.041779989376664" />
			<trkpt lat="36.322624934837222" lon="-82.041821982711554" />
			<trkpt lat="36.322839930653572" lon="-82.041929941624403" />
			<trkpt lat="36.323053920641541" lon="-82.042015939950943" />
			<trkpt lat="36.323268916457891" lon="-82.042122976854444" />
			<trkpt lat="36.323890937492251" lon="-82.042465964332223" />
			<trkpt lat="36.324512958526611" lon="-82.042787997052073" />
			<trkpt lat="36.325349975377321" lon="-82.042980948463082" />
			<trkpt lat="36.326014995574951" lon="-82.042937949299812" />
			<trkpt lat="36.32788198068738" lon="-82.042487924918532" />
			<trkpt lat="36.328439963981509" lon="-82.042208975180984" />
			<trkpt lat="36.331057967618108" lon="-82.040491942316294" />
			<trkpt lat="36.332623958587646" lon="-82.039483934640884" />
			<trkpt lat="36.333031989634037" lon="-82.039247984066606" />
			<trkpt lat="36.333653926849365" lon="-82.039053943008184" />
			<trkpt lat="36.334297992289066" lon="-82.038968950510025" />
			<trkpt lat="36.334941973909736" lon="-82.038882952183485" />
			<trkpt lat="36.335542956367135" lon="-82.038689916953444" />
			<trkpt lat="36.336936950683594" lon="-82.038002936169505" />
			<trkpt lat="36.338288951665163" lon="-82.036607936024666" />
			<trkpt lat="36.339189922437072" lon="-82.035770919173956" />
			<trkpt lat="36.339898947626352" lon="-82.035127943381667" />
			<trkpt lat="36.340906955301762" lon="-82.034161929041147" />
			<trkpt lat="36.341657973825932" lon="-82.033238997682929" />
			<trkpt lat="36.341915968805552" lon="-82.032852927222848" />
			<trkpt lat="36.342301955446601" lon="-82.03223099000752" />
			<trkpt lat="36.342708980664611" lon="-82.031629923731089" />
			<trkpt lat="36.34320292621851" lon="-82.03079299069941" />
			<trkpt lat="36.343588996678591" lon="-82.030148925259709" />
			<trkpt lat="36.34399694390595" lon="-82.029505949467421" />
			<trkpt lat="36.344253933057189" lon="-82.029076963663101" />
			<trkpt lat="36.34466196410358" lon="-82.028410937637091" />
			<trkpt lat="36.34479096159339" lon="-82.028174987062812" />
			<trkpt lat="36.345090949907899" lon="-82.027724962681532" />
			<trkpt lat="36.345369983464479" lon="-82.027295976877213" />
			<trkpt lat="36.345648933202028" lon="-82.026865985244513" />
			<trkpt lat="36.345820929855108" lon="-82.026672950014472" />
			<trkpt lat="36.345992926508188" lon="-82.026501959189773" />
			<trkpt lat="36.346185961738229" lon="-82.026350917294621" />
			<trkpt lat="36.346614947542548" lon="-82.026114966720343" />
			<trkpt lat="36.346614947542548" lon="-82.026114966720343" />
			<trkpt lat="36.347043933346868" lon="-82.025964930653572" />
			<trkpt lat="36.347043933346868" lon="-82.025964930653572" />
			<trkpt lat="36.347279967740178" lon="-82.025921931490302" />
			<trkpt lat="36.347751952707767" lon="-82.025943975895643" />
			<trkpt lat="36.347966948524117" lon="-82.026007929816842" />
			<trkpt lat="36.347966948524117" lon="-82.026007929816842" />
			<trkpt lat="36.348824920132756" lon="-82.026350917294621" />
			<trkpt lat="36.349210990592837" lon="-82.026544958353043" />
			<trkpt lat="36.349747935310006" lon="-82.026908984407783" />
			<trkpt lat="36.350047923624516" lon="-82.027273932471871" />
			<trkpt lat="36.350047923624516" lon="-82.027273932471871" />
			<trkpt lat="36.350412955507636" lon="-82.027938952669501" />
			<trkpt lat="36.350905979052186" lon="-82.028818968683481" />
			<trkpt lat="36.351313926279545" lon="-82.029355997219682" />
			<trkpt lat="36.352515975013375" lon="-82.030191924422979" />
			<trkpt lat="36.353716934099793" lon="-82.030449919402599" />
			<trkpt lat="36.355132972821593" lon="-82.03002093359828" />
			<trkpt lat="36.356291938573122" lon="-82.028904967010021" />
			<trkpt lat="36.356291938573122" lon="-82.028904967010021" />
			<trkpt lat="36.356398975476623" lon="-82.028689971193671" />
			<trkpt lat="36.356527972966433" lon="-82.028496935963631" />
			<trkpt lat="36.356656970456243" lon="-82.028282945975661" />
			<trkpt lat="36.356742968782783" lon="-82.028046995401382" />
			<trkpt lat="36.356828967109323" lon="-82.027810961008072" />
			<trkpt lat="36.356892921030521" lon="-82.027574926614761" />
			<trkpt lat="36.357407988980412" lon="-82.024977961555123" />
			<trkpt lat="36.357793975621462" lon="-82.024054946377873" />
			<trkpt lat="36.358137968927622" lon="-82.023411970585585" />
			<trkpt lat="36.358694946393371" lon="-82.022574953734875" />
			<trkpt lat="36.359746959060431" lon="-82.020922964438796" />
			<trkpt lat="36.36030494235456" lon="-82.020106986165047" />
			<trkpt lat="36.36084096506238" lon="-82.019269969314337" />
			<trkpt lat="36.361226951703429" lon="-82.018647948279977" />
			<trkpt lat="36.361613944172859" lon="-82.018025927245617" />
			<trkpt lat="36.362020969390869" lon="-82.017424944788218" />
			<trkpt lat="36.362407961860299" lon="-82.016823962330818" />
			<trkpt lat="36.362943984568119" lon="-82.016008989885449" />
			<trkpt lat="36.363222934305668" lon="-82.015600958839059" />
			<trkpt lat="36.364059951156378" lon="-82.014313917607069" />
			<trkpt lat="36.364445937797427" lon="-82.013648981228471" />
			<trkpt lat="36.364552974700928" lon="-82.01341194100678" />
			<trkpt lat="36.364982966333628" lon="-82.011974947527051" />
			<trkpt lat="36.365132918581367" lon="-82.011244967579842" />
			<trkpt lat="36.365389991551638" lon="-82.009635977447033" />
			<trkpt lat="36.365518989041448" lon="-82.008820921182632" />
			<trkpt lat="36.365582942962646" lon="-82.008262937888503" />
			<trkpt lat="36.365668941289186" lon="-82.007682994008064" />
			<trkpt lat="36.365797938778996" lon="-82.006845977157354" />
			<trkpt lat="36.365840937942266" lon="-82.006566943600774" />
			<trkpt lat="36.366054927930236" lon="-82.005258947610855" />
			<trkpt lat="36.366720953956246" lon="-82.003627996891737" />
			<trkpt lat="36.367900958284736" lon="-82.001932924613357" />
			<trkpt lat="36.367900958284736" lon="-82.001932924613357" />
			<trkpt lat="36.368822967633605" lon="-82.000666921958327" />
			<trkpt lat="36.370196929201484" lon="-81.998799936845899" />
			<trkpt lat="36.370625998824835" lon="-81.99817799963057" />
			<trkpt lat="36.371054984629154" lon="-81.9975979719311" />
			<trkpt lat="36.371333934366703" lon="-81.997211985290051" />
			<trkpt lat="36.371784964576364" lon="-81.996589964255691" />
			<trkpt lat="36.372535983100533" lon="-81.995559995993972" />
			<trkpt lat="36.372835971415043" lon="-81.995130926370621" />
			<trkpt lat="36.373135959729552" lon="-81.994722979143262" />
			<trkpt lat="36.374187972396612" lon="-81.993241980671883" />
			<trkpt lat="36.375238979235291" lon="-81.991739943623543" />
			<trkpt lat="36.376161994412541" lon="-81.990430941805243" />
			<trkpt lat="36.37699892744422" lon="-81.989164939150214" />
			<trkpt lat="36.37712792493403" lon="-81.988971987739205" />
			<trkpt lat="36.37779294513166" lon="-81.987941935658455" />
			<trkpt lat="36.379873920232058" lon="-81.984422961249948" />
			<trkpt lat="36.379873920232058" lon="-81.984422961249948" />
			<trkpt lat="36.381032969802618" lon="-81.982470983639359" />
			<trkpt lat="36.381289958953857" lon="-81.982019953429699" />
			<trkpt lat="36.381568992510438" lon="-81.98154796846211" />
			<trkpt lat="36.381847942247987" lon="-81.98107598349452" />
			<trkpt lat="36.382555961608887" lon="-81.979895979166031" />
			<trkpt lat="36.382834995165467" lon="-81.979423994198442" />
			<trkpt lat="36.383542930707335" lon="-81.978092947974801" />
			<trkpt lat="36.383864963427186" lon="-81.977384928613901" />
			<trkpt lat="36.384508945047855" lon="-81.975968973711133" />
			<trkpt lat="36.386396968737245" lon="-81.972127966582775" />
			<trkpt lat="36.387619972229004" lon="-81.971075953915715" />
			<trkpt lat="36.389121925458312" lon="-81.970024947077036" />
			<trkpt lat="36.389722991734743" lon="-81.969616999849677" />
			<trkpt lat="36.391289988532662" lon="-81.968543948605657" />
			<trkpt lat="36.3933499250561" lon="-81.967621939256787" />
			<trkpt lat="36.395494937896729" lon="-81.966934958472848" />
			<trkpt lat="36.397404922172427" lon="-81.966312937438488" />
			<trkpt lat="36.398971918970346" lon="-81.965496959164739" />
			<trkpt lat="36.399464942514896" lon="-81.96498298086226" />
			<trkpt lat="36.400151923298836" lon="-81.964295916259289" />
			<trkpt lat="36.400473956018686" lon="-81.963952928781509" />
			<trkpt lat="36.400816943496466" lon="-81.963608935475349" />
			<trkpt lat="36.401760997250676" lon="-81.962836962193251" />
			<trkpt lat="36.401953948661685" lon="-81.962750963866711" />
			<trkpt lat="36.402168944478035" lon="-81.962664965540171" />
			<trkpt lat="36.402382934466004" lon="-81.96264392696321" />
			<trkpt lat="36.402618968859315" lon="-81.96260092779994" />
			<trkpt lat="36.403069999068975" lon="-81.96255792863667" />
			<trkpt lat="36.403734935447574" lon="-81.9625149294734" />
			<trkpt lat="36.404185965657234" lon="-81.962492968887091" />
			<trkpt lat="36.404850985854864" lon="-81.962450975552201" />
			<trkpt lat="36.405730918049812" lon="-81.962278978899121" />
			<trkpt lat="36.405944991856813" lon="-81.96221393533051" />
			<trkpt lat="36.407596981152892" lon="-81.961226966232061" />
			<trkpt lat="36.411158954724669" lon="-81.958866957575083" />
			<trkpt lat="36.411545947194099" lon="-81.958609968423843" />
			<trkpt lat="36.41173898242414" lon="-81.958480970934033" />
			<trkpt lat="36.412811949849129" lon="-81.957471957430243" />
			<trkpt lat="36.414956962689757" lon="-81.954639963805676" />
			<trkpt lat="36.416866946965456" lon="-81.952150957658887" />
			<trkpt lat="36.417317977175117" lon="-81.951549975201488" />
			<trkpt lat="36.417939998209476" lon="-81.950755957514048" />
			<trkpt lat="36.419870937243104" lon="-81.948223952203989" />
			<trkpt lat="36.420321967452765" lon="-81.947644930332899" />
			<trkpt lat="36.420750953257084" lon="-81.94708694703877" />
			<trkpt lat="36.420879950746894" lon="-81.946893995627761" />
			<trkpt lat="36.421930957585573" lon="-81.94547695107758" />
			<trkpt lat="36.422231951728463" lon="-81.945090964436531" />
			<trkpt lat="36.422445941716433" lon="-81.944618979468942" />
			<trkpt lat="36.422445941716433" lon="-81.944618979468942" />
			<trkpt lat="36.422552978619933" lon="-81.944382945075631" />
			<trkpt lat="36.422617938369513" lon="-81.944125955924392" />
			<trkpt lat="36.422789935022593" lon="-81.943331938236952" />
			<trkpt lat="36.423089923337102" lon="-81.942065935581923" />
			<trkpt lat="36.423282958567142" lon="-81.941657988354564" />
			<trkpt lat="36.423282958567142" lon="-81.941657988354564" />
			<trkpt lat="36.423411956056952" lon="-81.941464953124523" />
			<trkpt lat="36.423561992123723" lon="-81.941314917057753" />
			<trkpt lat="36.423733988776803" lon="-81.941163958981633" />
			<trkpt lat="36.423926940187812" lon="-81.941013922914863" />
			<trkpt lat="36.424097931012511" lon="-81.940927924588323" />
			<trkpt lat="36.424934947863221" lon="-81.940563982352614" />
			<trkpt lat="36.425127983093262" lon="-81.940455939620733" />
			<trkpt lat="36.425321940332651" lon="-81.940327947959304" />
			<trkpt lat="36.425471976399422" lon="-81.940176989883184" />
			<trkpt lat="36.425599968060851" lon="-81.939962999895215" />
			<trkpt lat="36.425707926973701" lon="-81.939747920259833" />
			<trkpt lat="36.42632994800806" lon="-81.938438918441534" />
			<trkpt lat="36.42650194466114" lon="-81.938310926780105" />
			<trkpt lat="36.42667293548584" lon="-81.938159968703985" />
			<trkpt lat="36.42703796736896" lon="-81.937816981226206" />
			<trkpt lat="36.42703796736896" lon="-81.937816981226206" />
			<trkpt lat="36.42716696485877" lon="-81.937602991238236" />
			<trkpt lat="36.427273917943239" lon="-81.937365951016545" />
			<trkpt lat="36.42738095484674" lon="-81.937129916623235" />
			<trkpt lat="36.42746695317328" lon="-81.936893966048956" />
			<trkpt lat="36.427531996741891" lon="-81.936636976897717" />
			<trkpt lat="36.42755295149982" lon="-81.936378981918097" />
			<trkpt lat="36.427531996741891" lon="-81.936142947524786" />
			<trkpt lat="36.42750995233655" lon="-81.935885958373547" />
			<trkpt lat="36.427445998415351" lon="-81.935627963393927" />
			<trkpt lat="36.42720996402204" lon="-81.934040933847427" />
			<trkpt lat="36.42725296318531" lon="-81.933267954736948" />
			<trkpt lat="36.42755295149982" lon="-81.932280985638499" />
			<trkpt lat="36.42765998840332" lon="-81.932044951245189" />
			<trkpt lat="36.42778898589313" lon="-81.931829955428839" />
			<trkpt lat="36.427938938140869" lon="-81.931636920198798" />
			<trkpt lat="36.428110934793949" lon="-81.931443968787789" />
			<trkpt lat="36.428282931447029" lon="-81.931250933557749" />
			<trkpt lat="36.428646957501769" lon="-81.93088598549366" />
			<trkpt lat="36.430427944287658" lon="-81.92889092490077" />
			<trkpt lat="36.431093970313668" lon="-81.927860956639051" />
			<trkpt lat="36.431372920051217" lon="-81.927452925592661" />
			<trkpt lat="36.432251930236816" lon="-81.925907973200083" />
			<trkpt lat="36.432337928563356" lon="-81.925650984048843" />
			<trkpt lat="36.432402972131968" lon="-81.925392989069223" />
			<trkpt lat="36.432444965466857" lon="-81.924834921956062" />
			<trkpt lat="36.432444965466857" lon="-81.924834921956062" />
			<trkpt lat="36.432444965466857" lon="-81.924577932804823" />
			<trkpt lat="36.432402972131968" lon="-81.924298983067274" />
			<trkpt lat="36.432359972968698" lon="-81.924019949510694" />
			<trkpt lat="36.432101977989078" lon="-81.922731986269355" />
			<trkpt lat="36.432037940248847" lon="-81.922216918319464" />
			<trkpt lat="36.431994941085577" lon="-81.921937968581915" />
			<trkpt lat="36.432037940248847" lon="-81.921701934188604" />
			<trkpt lat="36.432101977989078" lon="-81.921444945037365" />
			<trkpt lat="36.432144977152348" lon="-81.921208994463086" />
			<trkpt lat="36.432251930236816" lon="-81.920993998646736" />
			<trkpt lat="36.432359972968698" lon="-81.920757964253426" />
			<trkpt lat="36.432509925216436" lon="-81.920543974265456" />
			<trkpt lat="36.432681921869516" lon="-81.920350939035416" />
			<trkpt lat="36.433045947924256" lon="-81.919963946565986" />
			<trkpt lat="36.434590984135866" lon="-81.917925970628858" />
			<trkpt lat="36.435384918004274" lon="-81.915736952796578" />
			<trkpt lat="36.436178935691714" lon="-81.913590934127569" />
			<trkpt lat="36.436414970085025" lon="-81.91316194832325" />
			<trkpt lat="36.436951998621225" lon="-81.912346975877881" />
			<trkpt lat="36.437423983588815" lon="-81.911852946504951" />
			<trkpt lat="36.438174918293953" lon="-81.911123972386122" />
			<trkpt lat="36.438324954360723" lon="-81.910994974896312" />
			<trkpt lat="36.438324954360723" lon="-81.910994974896312" />
			<trkpt lat="36.438453951850533" lon="-81.911123972386122" />
			<trkpt lat="36.438453951850533" lon="-81.911123972386122" />
			<trkpt lat="36.438496951013803" lon="-81.911187926307321" />
			<trkpt lat="36.438710941001773" lon="-81.911488920450211" />
			<trkpt lat="36.439075972884893" lon="-81.911917990073562" />
			<trkpt lat="36.439354922622442" lon="-81.91223993897438" />
			<trkpt lat="36.439440920948982" lon="-81.912346975877881" />
			<trkpt lat="36.440083980560303" lon="-81.91281896084547" />
			<trkpt lat="36.440212978050113" lon="-81.912882998585701" />
			<trkpt lat="36.440341975539923" lon="-81.912925997748971" />
			<trkpt lat="36.441221991553903" lon="-81.912925997748971" />
			<trkpt lat="36.441371943801641" lon="-81.91299095749855" />
			<trkpt lat="36.442444995045662" lon="-81.9133769441396" />
			<trkpt lat="36.442766943946481" lon="-81.91346294246614" />
			<trkpt lat="36.443388964980841" lon="-81.91361297853291" />
			<trkpt lat="36.44353891722858" lon="-81.91365597769618" />
			<trkpt lat="36.443710997700691" lon="-81.913676932454109" />
			<trkpt lat="36.44386094994843" lon="-81.91365597769618" />
			<trkpt lat="36.444461932405829" lon="-81.91352698020637" />
			<trkpt lat="36.444761920720339" lon="-81.91344098187983" />
			<trkpt lat="36.445255950093269" lon="-81.9133769441396" />
			<trkpt lat="36.445898925885558" lon="-81.91329094581306" />
			<trkpt lat="36.446585990488529" lon="-81.91329094581306" />
			<trkpt lat="36.447272971272469" lon="-81.91339798271656" />
			<trkpt lat="36.447980990633368" lon="-81.9134839810431" />
			<trkpt lat="36.449053958058357" lon="-81.91356997936964" />
			<trkpt lat="36.449589980766177" lon="-81.913590934127569" />
			<trkpt lat="36.450297916308045" lon="-81.913633933290839" />
			<trkpt lat="36.450619949027896" lon="-81.91365597769618" />
			<trkpt lat="36.451671961694956" lon="-81.91378497518599" />
			<trkpt lat="36.451821997761726" lon="-81.91382696852088" />
			<trkpt lat="36.451971950009465" lon="-81.91386996768415" />
			<trkpt lat="36.452722968533635" lon="-81.914341952651739" />
			<trkpt lat="36.453537940979004" lon="-81.914856936782598" />
			<trkpt lat="36.454031970351934" lon="-81.915157930925488" />
			<trkpt lat="36.454675951972604" lon="-81.915543917566538" />
			<trkpt lat="36.455297973006964" lon="-81.915929988026619" />
			<trkpt lat="36.455790996551514" lon="-81.916230982169509" />
			<trkpt lat="36.456112945452332" lon="-81.916423933580518" />
			<trkpt lat="36.456756927073002" lon="-81.916766921058297" />
			<trkpt lat="36.457250956445932" lon="-81.917002955451608" />
			<trkpt lat="36.457722941413522" lon="-81.917238989844918" />
			<trkpt lat="36.458001974970102" lon="-81.917388942092657" />
			<trkpt lat="36.458172965794802" lon="-81.917624976485968" />
			<trkpt lat="36.458172965794802" lon="-81.917624976485968" />
			<trkpt lat="36.458237925544381" lon="-81.917775934562087" />
			<trkpt lat="36.458322918042541" lon="-81.917925970628858" />
			<trkpt lat="36.458644950762391" lon="-81.918611945584416" />
			<trkpt lat="36.458730949088931" lon="-81.918783942237496" />
			<trkpt lat="36.458988944068551" lon="-81.919019976630807" />
			<trkpt lat="36.459267977625132" lon="-81.919255927205086" />
			<trkpt lat="36.45950392819941" lon="-81.919513922184706" />
			<trkpt lat="36.45958892069757" lon="-81.919641997665167" />
			<trkpt lat="36.459739962592721" lon="-81.919749956578016" />
			<trkpt lat="36.460018996149302" lon="-81.919899992644787" />
			<trkpt lat="36.460018996149302" lon="-81.919899992644787" />
			<trkpt lat="36.46016894839704" lon="-81.919942991808057" />
			<trkpt lat="36.46076993085444" lon="-81.920114988461137" />
			<trkpt lat="36.46091996692121" lon="-81.920156981796026" />
			<trkpt lat="36.46121995523572" lon="-81.920264940708876" />
			<trkpt lat="36.46136999130249" lon="-81.920307939872146" />
			<trkpt lat="36.46152094937861" lon="-81.920350939035416" />
			<trkpt lat="36.461691940203309" lon="-81.920328978449106" />
			<trkpt lat="36.461992934346199" lon="-81.920307939872146" />
			<trkpt lat="36.46227196790278" lon="-81.920328978449106" />
			<trkpt lat="36.462399959564209" lon="-81.920328978449106" />
			<trkpt lat="36.462507918477058" lon="-81.920350939035416" />
			<trkpt lat="36.462614955380559" lon="-81.920500975102186" />
			<trkpt lat="36.462743952870369" lon="-81.920757964253426" />
			<trkpt lat="36.462743952870369" lon="-81.920757964253426" />
			<trkpt lat="36.462871944531798" lon="-81.921036997810006" />
			<trkpt lat="36.462957942858338" lon="-81.921165995299816" />
			<trkpt lat="36.46302298642695" lon="-81.921315947547555" />
			<trkpt lat="36.463129939511418" lon="-81.921401945874095" />
			<trkpt lat="36.463580969721079" lon="-81.921701934188604" />
			<trkpt lat="36.463580969721079" lon="-81.921701934188604" />
			<trkpt lat="36.463708961382508" lon="-81.921959929168224" />
			<trkpt lat="36.463708961382508" lon="-81.921959929168224" />
			<trkpt lat="36.463708961382508" lon="-81.922023966908455" />
			<trkpt lat="36.463687922805548" lon="-81.922109965234995" />
			<trkpt lat="36.463622963055968" lon="-81.922216918319464" />
			<trkpt lat="36.463558925315738" lon="-81.922345999628305" />
			<trkpt lat="36.463365973904729" lon="-81.922517996281385" />
			<trkpt lat="36.463365973904729" lon="-81.922517996281385" />
			<trkpt lat="36.463215937837958" lon="-81.922581950202584" />
			<trkpt lat="36.463107978925109" lon="-81.922646993771195" />
			<trkpt lat="36.462914943695068" lon="-81.922774985432625" />
			<trkpt lat="36.462914943695068" lon="-81.922774985432625" />
			<trkpt lat="36.462871944531798" lon="-81.922839945182204" />
			<trkpt lat="36.462829951196909" lon="-81.922924937680364" />
			<trkpt lat="36.462829951196909" lon="-81.923032980412245" />
			<trkpt lat="36.4628079906106" lon="-81.923482920974493" />
			<trkpt lat="36.462786952033639" lon="-81.923783998936415" />
			<trkpt lat="36.4628079906106" lon="-81.923890952020884" />
			<trkpt lat="36.462829951196909" lon="-81.923954989761114" />
			<trkpt lat="36.462957942858338" lon="-81.924083987250924" />
			<trkpt lat="36.463043941184878" lon="-81.924190940335393" />
			<trkpt lat="36.463172938674688" lon="-81.924427980557084" />
			<trkpt lat="36.463236976414919" lon="-81.924555972218513" />
			<trkpt lat="36.463408973067999" lon="-81.924963919445872" />
			<trkpt lat="36.463472926989198" lon="-81.925263991579413" />
			<trkpt lat="36.463494971394539" lon="-81.925414949655533" />
			<trkpt lat="36.463515926152468" lon="-81.925564985722303" />
			<trkpt lat="36.463494971394539" lon="-81.925671938806772" />
			<trkpt lat="36.463494971394539" lon="-81.925778975710273" />
			<trkpt lat="36.463301936164498" lon="-81.925971927121282" />
			<trkpt lat="36.463301936164498" lon="-81.925971927121282" />
			<trkpt lat="36.463215937837958" lon="-81.926036970689893" />
			<trkpt lat="36.463107978925109" lon="-81.926122969016433" />
			<trkpt lat="36.463000942021608" lon="-81.926229922100902" />
			<trkpt lat="36.462914943695068" lon="-81.926315920427442" />
			<trkpt lat="36.462786952033639" lon="-81.926529994234443" />
			<trkpt lat="36.462700953707099" lon="-81.926658991724253" />
			<trkpt lat="36.462700953707099" lon="-81.926658991724253" />
			<trkpt lat="36.46267899312079" lon="-81.926722945645452" />
			<trkpt lat="36.462700953707099" lon="-81.926851943135262" />
			<trkpt lat="36.462700953707099" lon="-81.926916986703873" />
			<trkpt lat="36.462786952033639" lon="-81.927001979202032" />
			<trkpt lat="36.46289398893714" lon="-81.927087977528572" />
			<trkpt lat="36.463000942021608" lon="-81.927152937278152" />
			<trkpt lat="36.463129939511418" lon="-81.927237929776311" />
			<trkpt lat="36.463258937001228" lon="-81.927237929776311" />
			<trkpt lat="36.463344935327768" lon="-81.927216975018382" />
			<trkpt lat="36.463494971394539" lon="-81.927130976691842" />
			<trkpt lat="36.464116992428899" lon="-81.926787989214063" />
			<trkpt lat="36.464223945513368" lon="-81.926787989214063" />
			<trkpt lat="36.464352943003178" lon="-81.926787989214063" />
			<trkpt lat="36.464438941329718" lon="-81.926787989214063" />
			<trkpt lat="36.464545978233218" lon="-81.926787989214063" />
			<trkpt lat="36.464631976559758" lon="-81.926851943135262" />
			<trkpt lat="36.464695930480957" lon="-81.926937941461802" />
			<trkpt lat="36.464738929644227" lon="-81.927066938951612" />
			<trkpt lat="36.464674975723028" lon="-81.927302973344922" />
			<trkpt lat="36.464674975723028" lon="-81.927302973344922" />
			<trkpt lat="36.464588977396488" lon="-81.927388971671462" />
			<trkpt lat="36.464481940492988" lon="-81.927474969998002" />
			<trkpt lat="36.464481940492988" lon="-81.927624922245741" />
			<trkpt lat="36.464545978233218" lon="-81.927881995216012" />
			<trkpt lat="36.464545978233218" lon="-81.927881995216012" />
			<trkpt lat="36.464738929644227" lon="-81.928096991032362" />
			<trkpt lat="36.464738929644227" lon="-81.928096991032362" />
			<trkpt lat="36.464846972376108" lon="-81.928203944116831" />
			<trkpt lat="36.464953925460577" lon="-81.928267981857061" />
			<trkpt lat="36.465103961527348" lon="-81.928332941606641" />
			<trkpt lat="36.465232959017158" lon="-81.928375940769911" />
			<trkpt lat="36.465639984235168" lon="-81.928461939096451" />
			<trkpt lat="36.465768981724977" lon="-81.92850393243134" />
			<trkpt lat="36.465833941474557" lon="-81.928568975999951" />
			<trkpt lat="36.465876940637827" lon="-81.928697973489761" />
			<trkpt lat="36.465940978378057" lon="-81.928825965151191" />
			<trkpt lat="36.466047931462526" lon="-81.92897692322731" />
			<trkpt lat="36.466262927278876" lon="-81.92893392406404" />
			<trkpt lat="36.466262927278876" lon="-81.92893392406404" />
			<trkpt lat="36.466326965019107" lon="-81.92889092490077" />
			<trkpt lat="36.466412963345647" lon="-81.92880492657423" />
			<trkpt lat="36.466433918103576" lon="-81.92867592908442" />
			<trkpt lat="36.466455962508917" lon="-81.92854693159461" />
			<trkpt lat="36.466476917266846" lon="-81.928396979346871" />
			<trkpt lat="36.466455962508917" lon="-81.928225988522172" />
			<trkpt lat="36.466412963345647" lon="-81.928096991032362" />
			<trkpt lat="36.466283965855837" lon="-81.927988948300481" />
			<trkpt lat="36.466197967529297" lon="-81.927903955802321" />
			<trkpt lat="36.466112975031137" lon="-81.927860956639051" />
			<trkpt lat="36.465983977541327" lon="-81.927924994379282" />
			<trkpt lat="36.465876940637827" lon="-81.927967993542552" />
			<trkpt lat="36.465768981724977" lon="-81.927946954965591" />
			<trkpt lat="36.465661944821477" lon="-81.927903955802321" />
			<trkpt lat="36.465575946494937" lon="-81.927860956639051" />
			<trkpt lat="36.465554991737008" lon="-81.927795996889472" />
			<trkpt lat="36.465532947331667" lon="-81.927731959149241" />
			<trkpt lat="36.465532947331667" lon="-81.927667921409011" />
			<trkpt lat="36.465554991737008" lon="-81.927602961659431" />
			<trkpt lat="36.465618945658207" lon="-81.927538923919201" />
			<trkpt lat="36.465682983398438" lon="-81.927474969998002" />
			<trkpt lat="36.465747943148017" lon="-81.927388971671462" />
			<trkpt lat="36.465811980888247" lon="-81.927302973344922" />
			<trkpt lat="36.465983977541327" lon="-81.927173975855112" />
			<trkpt lat="36.465983977541327" lon="-81.927173975855112" />
			<trkpt lat="36.466047931462526" lon="-81.927152937278152" />
			<trkpt lat="36.466154968366027" lon="-81.927216975018382" />
			<trkpt lat="36.466262927278876" lon="-81.927302973344922" />
			<trkpt lat="36.466584959998727" lon="-81.927538923919201" />
			<trkpt lat="36.466777995228767" lon="-81.927731959149241" />
			<trkpt lat="36.466991985216737" lon="-81.927946954965591" />
			<trkpt lat="36.467077983543277" lon="-81.928031947463751" />
			<trkpt lat="36.467292979359627" lon="-81.928203944116831" />
			<trkpt lat="36.467399932444096" lon="-81.928267981857061" />
			<trkpt lat="36.467506969347596" lon="-81.928332941606641" />
			<trkpt lat="36.467614928260446" lon="-81.928396979346871" />
			<trkpt lat="36.467699920758605" lon="-81.928482977673411" />
			<trkpt lat="36.467893961817026" lon="-81.928654974326491" />
			<trkpt lat="36.468086997047067" lon="-81.9288479257375" />
			<trkpt lat="36.468257987871766" lon="-81.92897692322731" />
			<trkpt lat="36.468257987871766" lon="-81.92897692322731" />
			<trkpt lat="36.468300987035036" lon="-81.929083960130811" />
			<trkpt lat="36.468300987035036" lon="-81.929169958457351" />
			<trkpt lat="36.468322947621346" lon="-81.929276995360851" />
			<trkpt lat="36.468279948458076" lon="-81.929362993687391" />
			<trkpt lat="36.468236949294806" lon="-81.92942694760859" />
			<trkpt lat="36.468171989545226" lon="-81.929491991177201" />
			<trkpt lat="36.468064952641726" lon="-81.9295559450984" />
			<trkpt lat="36.467978954315186" lon="-81.92959894426167" />
			<trkpt lat="36.467871917411685" lon="-81.92964194342494" />
			<trkpt lat="36.467764964327216" lon="-81.92968494258821" />
			<trkpt lat="36.467721965163946" lon="-81.929748980328441" />
			<trkpt lat="36.467678966000676" lon="-81.929834978654981" />
			<trkpt lat="36.467678966000676" lon="-81.930006975308061" />
			<trkpt lat="36.467678966000676" lon="-81.930156927555799" />
			<trkpt lat="36.467721965163946" lon="-81.930671995505691" />
			<trkpt lat="36.467807963490486" lon="-81.9309719838202" />
			<trkpt lat="36.467871917411685" lon="-81.93110098131001" />
			<trkpt lat="36.468129996210337" lon="-81.931443968787789" />
			<trkpt lat="36.468171989545226" lon="-81.931593921035528" />
			<trkpt lat="36.468150950968266" lon="-81.931722918525338" />
			<trkpt lat="36.468086997047067" lon="-81.931958952918649" />
			<trkpt lat="36.468086997047067" lon="-81.931958952918649" />
			<trkpt lat="36.467957999557257" lon="-81.932259947061539" />
			<trkpt lat="36.467850962653756" lon="-81.932580973953009" />
			<trkpt lat="36.467828918248415" lon="-81.932881968095899" />
			<trkpt lat="36.467914916574955" lon="-81.933203916996717" />
			<trkpt lat="36.467914916574955" lon="-81.933203916996717" />
			<trkpt lat="36.468129996210337" lon="-81.934061972424388" />
			<trkpt lat="36.468150950968266" lon="-81.934233969077468" />
			<trkpt lat="36.468150950968266" lon="-81.934233969077468" />
			<trkpt lat="36.468107951804996" lon="-81.934361960738897" />
			<trkpt lat="36.468064952641726" lon="-81.934490958228707" />
			<trkpt lat="36.468021953478456" lon="-81.934791952371597" />
			<trkpt lat="36.468021953478456" lon="-81.934791952371597" />
			<trkpt lat="36.468043997883797" lon="-81.934919944033027" />
			<trkpt lat="36.468043997883797" lon="-81.935091940686107" />
			<trkpt lat="36.468043997883797" lon="-81.935391929000616" />
			<trkpt lat="36.468064952641726" lon="-81.935542970895767" />
			<trkpt lat="36.468064952641726" lon="-81.935692923143506" />
			<trkpt lat="36.468107951804996" lon="-81.935799960047007" />
			<trkpt lat="36.468193950131536" lon="-81.935885958373547" />
			<trkpt lat="36.468257987871766" lon="-81.935906996950507" />
			<trkpt lat="36.468343986198306" lon="-81.935885958373547" />
			<trkpt lat="36.468450939282775" lon="-81.935863997787237" />
			<trkpt lat="36.468665935099125" lon="-81.935863997787237" />
			<trkpt lat="36.468751933425665" lon="-81.935885958373547" />
			<trkpt lat="36.468751933425665" lon="-81.935885958373547" />
			<trkpt lat="36.468815971165895" lon="-81.935906996950507" />
			<trkpt lat="36.468858970329165" lon="-81.936014955863357" />
			<trkpt lat="36.468901969492435" lon="-81.936121992766857" />
			<trkpt lat="36.468923930078745" lon="-81.936207991093397" />
			<trkpt lat="36.468923930078745" lon="-81.936336988583207" />
			<trkpt lat="36.468923930078745" lon="-81.936464980244637" />
			<trkpt lat="36.468923930078745" lon="-81.936636976897717" />
			<trkpt lat="36.468944968655705" lon="-81.936786929145455" />
			<trkpt lat="36.469030966982245" lon="-81.937044924125075" />
			<trkpt lat="36.469030966982245" lon="-81.937044924125075" />
			<trkpt lat="36.469051921740174" lon="-81.937151961028576" />
			<trkpt lat="36.469073966145515" lon="-81.937237959355116" />
			<trkpt lat="36.469094920903444" lon="-81.937344996258616" />
			<trkpt lat="36.469030966982245" lon="-81.937473993748426" />
			<trkpt lat="36.468944968655705" lon="-81.937580946832895" />
			<trkpt lat="36.468858970329165" lon="-81.937666945159435" />
			<trkpt lat="36.468751933425665" lon="-81.937752943485975" />
			<trkpt lat="36.468644980341196" lon="-81.937816981226206" />
			<trkpt lat="36.468579936772585" lon="-81.937945978716016" />
			<trkpt lat="36.468515982851386" lon="-81.938052931800485" />
			<trkpt lat="36.468472983688116" lon="-81.938181929290295" />
			<trkpt lat="36.468429984524846" lon="-81.938310926780105" />
			<trkpt lat="36.468450939282775" lon="-81.938481917604804" />
			<trkpt lat="36.468472983688116" lon="-81.938610998913646" />
			<trkpt lat="36.468536937609315" lon="-81.938717951998115" />
			<trkpt lat="36.468729972839355" lon="-81.938889948651195" />
			<trkpt lat="36.468729972839355" lon="-81.938889948651195" />
			<trkpt lat="36.468901969492435" lon="-81.939039984717965" />
			<trkpt lat="36.468901969492435" lon="-81.939039984717965" />
			<trkpt lat="36.468965923413634" lon="-81.939146937802434" />
			<trkpt lat="36.469030966982245" lon="-81.939254980534315" />
			<trkpt lat="36.469073966145515" lon="-81.939340978860855" />
			<trkpt lat="36.469051921740174" lon="-81.939468970522285" />
			<trkpt lat="36.469051921740174" lon="-81.939619928598404" />
			<trkpt lat="36.469030966982245" lon="-81.939769964665174" />
			<trkpt lat="36.468944968655705" lon="-81.940048998221755" />
			<trkpt lat="36.468901969492435" lon="-81.940198950469494" />
			<trkpt lat="36.468880930915475" lon="-81.940305987372994" />
			<trkpt lat="36.468901969492435" lon="-81.940563982352614" />
			<trkpt lat="36.468901969492435" lon="-81.940563982352614" />
			<trkpt lat="36.468923930078745" lon="-81.940713934600353" />
			<trkpt lat="36.468987967818975" lon="-81.940992968156934" />
			<trkpt lat="36.468965923413634" lon="-81.941142920404673" />
			<trkpt lat="36.468901969492435" lon="-81.941485991701484" />
			<trkpt lat="36.468858970329165" lon="-81.941636949777603" />
			<trkpt lat="36.468858970329165" lon="-81.941829985007644" />
			<trkpt lat="36.468858970329165" lon="-81.942000975832343" />
			<trkpt lat="36.468923930078745" lon="-81.942537920549512" />
			<trkpt lat="36.468901969492435" lon="-81.942708995193243" />
			<trkpt lat="36.468901969492435" lon="-81.942880991846323" />
			<trkpt lat="36.468880930915475" lon="-81.943052988499403" />
			<trkpt lat="36.468901969492435" lon="-81.943223979324102" />
			<trkpt lat="36.468923930078745" lon="-81.943374937400222" />
			<trkpt lat="36.469008922576904" lon="-81.943502929061651" />
			<trkpt lat="36.469094920903444" lon="-81.943653970956802" />
			<trkpt lat="36.469287956133485" lon="-81.943910960108042" />
			<trkpt lat="36.469395998865366" lon="-81.943996958434582" />
			<trkpt lat="36.469502951949835" lon="-81.944103995338082" />
			<trkpt lat="36.469566989690065" lon="-81.944210948422551" />
			<trkpt lat="36.469631949439645" lon="-81.944318991154432" />
			<trkpt lat="36.469674948602915" lon="-81.944554941728711" />
			<trkpt lat="36.469674948602915" lon="-81.944554941728711" />
			<trkpt lat="36.469652988016605" lon="-81.944683939218521" />
			<trkpt lat="36.469609988853335" lon="-81.944811930879951" />
			<trkpt lat="36.469566989690065" lon="-81.944962972775102" />
			<trkpt lat="36.469523990526795" lon="-81.945219961926341" />
			<trkpt lat="36.469480991363525" lon="-81.945412997156382" />
			<trkpt lat="36.469480991363525" lon="-81.945412997156382" />
			<trkpt lat="36.469502951949835" lon="-81.945498995482922" />
			<trkpt lat="36.469545951113105" lon="-81.94556294940412" />
			<trkpt lat="36.469588950276375" lon="-81.945584993809462" />
			<trkpt lat="36.469695987179875" lon="-81.94560594856739" />
			<trkpt lat="36.469781985506415" lon="-81.94560594856739" />
			<trkpt lat="36.469931937754154" lon="-81.945541994646192" />
			<trkpt lat="36.469931937754154" lon="-81.945541994646192" />
			<trkpt lat="36.470231926068664" lon="-81.94519892334938" />
			<trkpt lat="36.470317924395204" lon="-81.945133963599801" />
			<trkpt lat="36.470403922721744" lon="-81.945069925859571" />
			<trkpt lat="36.470489921048284" lon="-81.945004966109991" />
			<trkpt lat="36.470596957951784" lon="-81.944962972775102" />
			<trkpt lat="36.470704916864634" lon="-81.944962972775102" />
			<trkpt lat="36.470789993181825" lon="-81.944962972775102" />
			<trkpt lat="36.470875991508365" lon="-81.944962972775102" />
			<trkpt lat="36.470961989834905" lon="-81.944983927533031" />
			<trkpt lat="36.471025943756104" lon="-81.945047965273261" />
			<trkpt lat="36.471047988161445" lon="-81.945047965273261" />
			<trkpt lat="36.471090987324715" lon="-81.945219961926341" />
			<trkpt lat="36.471133986487985" lon="-81.945326998829842" />
			<trkpt lat="36.471197940409184" lon="-81.94556294940412" />
			<trkpt lat="36.471347976475954" lon="-81.946099977940321" />
			<trkpt lat="36.471369937062263" lon="-81.94616393186152" />
			<trkpt lat="36.471433974802494" lon="-81.94635696709156" />
			<trkpt lat="36.471412936225533" lon="-81.94665796123445" />
			<trkpt lat="36.471433974802494" lon="-81.94691495038569" />
			<trkpt lat="36.471433974802494" lon="-81.94691495038569" />
			<trkpt lat="36.471497928723693" lon="-81.9470439478755" />
			<trkpt lat="36.471562972292304" lon="-81.94712994620204" />
			<trkpt lat="36.471669925376773" lon="-81.94723698310554" />
			<trkpt lat="36.471776962280273" lon="-81.94732298143208" />
			<trkpt lat="36.472098995000124" lon="-81.947644930332899" />
			<trkpt lat="36.472420943900943" lon="-81.947901919484138" />
			<trkpt lat="36.472506942227483" lon="-81.948008956387639" />
			<trkpt lat="36.472570979967713" lon="-81.94811699911952" />
			<trkpt lat="36.472699977457523" lon="-81.94837398827076" />
			<trkpt lat="36.472763931378722" lon="-81.948481947183609" />
			<trkpt lat="36.472849929705262" lon="-81.94858898408711" />
			<trkpt lat="36.473064925521612" lon="-81.948781935498118" />
			<trkpt lat="36.473171962425113" lon="-81.948910932987928" />
			<trkpt lat="36.473300959914923" lon="-81.949167922139168" />
			<trkpt lat="36.473300959914923" lon="-81.949167922139168" />
			<trkpt lat="36.473343959078193" lon="-81.949317958205938" />
			<trkpt lat="36.473450995981693" lon="-81.949639990925789" />
			<trkpt lat="36.473536994308233" lon="-81.950004938989878" />
			<trkpt lat="36.473600948229432" lon="-81.950369970872998" />
			<trkpt lat="36.473772944882512" lon="-81.951120989397168" />
			<trkpt lat="36.474051978439093" lon="-81.952171996235847" />
			<trkpt lat="36.474373927339911" lon="-81.952987974509597" />
			<trkpt lat="36.474652960896492" lon="-81.953824991360307" />
			<trkpt lat="36.474716998636723" lon="-81.953974943608046" />
			<trkpt lat="36.474802996963263" lon="-81.954124979674816" />
			<trkpt lat="36.474909950047731" lon="-81.954231932759285" />
			<trkpt lat="36.475038947537541" lon="-81.954339975491166" />
			<trkpt lat="36.475467933341861" lon="-81.954660918563604" />
			<trkpt lat="36.475746966898441" lon="-81.954853953793645" />
			<trkpt lat="36.47585391998291" lon="-81.954961996525526" />
			<trkpt lat="36.475961962714791" lon="-81.955197947099805" />
			<trkpt lat="36.47598291747272" lon="-81.955368937924504" />
			<trkpt lat="36.47598291747272" lon="-81.955368937924504" />
			<trkpt lat="36.476046955212951" lon="-81.955733969807625" />
			<trkpt lat="36.476197997108102" lon="-81.956463949754834" />
			<trkpt lat="36.476240996271372" lon="-81.956634940579534" />
			<trkpt lat="36.476304950192571" lon="-81.956763938069344" />
			<trkpt lat="36.476347949355841" lon="-81.956871980801225" />
			<trkpt lat="36.476454986259341" lon="-81.956956973299384" />
			<trkpt lat="36.47656193934381" lon="-81.957042971625924" />
			<trkpt lat="36.477141967043281" lon="-81.957192923873663" />
			<trkpt lat="36.477291919291019" lon="-81.957214968279004" />
			<trkpt lat="36.47744195535779" lon="-81.957235923036933" />
			<trkpt lat="36.47890099324286" lon="-81.957879988476634" />
			<trkpt lat="36.479802969843149" lon="-81.958394972607493" />
			<trkpt lat="36.479930961504579" lon="-81.958501925691962" />
			<trkpt lat="36.480038920417428" lon="-81.958651961758733" />
			<trkpt lat="36.480102958157659" lon="-81.958802919834852" />
			<trkpt lat="36.480166995897889" lon="-81.958930995315313" />
			<trkpt lat="36.480231955647469" lon="-81.959081953391433" />
			<trkpt lat="36.480467990040779" lon="-81.959488978609443" />
			<trkpt lat="36.480810977518559" lon="-81.960025923326612" />
			<trkpt lat="36.481175925582647" lon="-81.960475947707891" />
			<trkpt lat="36.481261923909187" lon="-81.960518946871161" />
			<trkpt lat="36.481325961649418" lon="-81.960540991276503" />
			<trkpt lat="36.481347922235727" lon="-81.960561946034431" />
			<trkpt lat="36.481368960812688" lon="-81.960518946871161" />
			<trkpt lat="36.481518996879458" lon="-81.960261957719922" />
			<trkpt lat="36.481883944943547" lon="-81.959639936685562" />
			<trkpt lat="36.482248976826668" lon="-81.959231989458203" />
			<trkpt lat="36.482527926564217" lon="-81.958930995315313" />
			<trkpt lat="36.482806960120797" lon="-81.958651961758733" />
			<trkpt lat="36.483063949272037" lon="-81.958373934030533" />
			<trkpt lat="36.483342982828617" lon="-81.958051985129714" />
			<trkpt lat="36.483449935913086" lon="-81.957879988476634" />
			<trkpt lat="36.483557978644967" lon="-81.957707991823554" />
			<trkpt lat="36.483621932566166" lon="-81.957514956593513" />
			<trkpt lat="36.483707930892706" lon="-81.957321921363473" />
			<trkpt lat="36.483771968632936" lon="-81.957107931375504" />
			<trkpt lat="36.483921920880675" lon="-81.956484988331795" />
			<trkpt lat="36.484007919207215" lon="-81.955905966460705" />
			<trkpt lat="36.484072962775826" lon="-81.955519979819655" />
			<trkpt lat="36.484072962775826" lon="-81.955519979819655" />
			<trkpt lat="36.484115961939096" lon="-81.955368937924504" />
			<trkpt lat="36.484200954437256" lon="-81.955240946263075" />
			<trkpt lat="36.484286952763796" lon="-81.955154947936535" />
			<trkpt lat="36.484372951090336" lon="-81.955068949609995" />
			<trkpt lat="36.484501948580146" lon="-81.954961996525526" />
			<trkpt lat="36.484908973798156" lon="-81.954617919400334" />
			<trkpt lat="36.485037971287966" lon="-81.954489927738905" />
			<trkpt lat="36.485531916841865" lon="-81.954081980511546" />
			<trkpt lat="36.485660998150706" lon="-81.954038981348276" />
			<trkpt lat="36.485767951235175" lon="-81.954017942771316" />
			<trkpt lat="36.485874988138676" lon="-81.954060941934586" />
			<trkpt lat="36.486003985628486" lon="-81.954102935269475" />
			<trkpt lat="36.486110938712955" lon="-81.954167978838086" />
			<trkpt lat="36.486260974779725" lon="-81.954253977164626" />
			<trkpt lat="36.486389972269535" lon="-81.954339975491166" />
			<trkpt lat="36.486582923680544" lon="-81.954339975491166" />
			<trkpt lat="36.486582923680544" lon="-81.954339975491166" />
			<trkpt lat="36.486689960584044" lon="-81.954253977164626" />
			<trkpt lat="36.486861957237124" lon="-81.953995982185006" />
			<trkpt lat="36.486861957237124" lon="-81.953995982185006" />
			<trkpt lat="36.486947955563664" lon="-81.953866984695196" />
			<trkpt lat="36.487076953053474" lon="-81.953781992197037" />
			<trkpt lat="36.487183989956975" lon="-81.953673949465156" />
			<trkpt lat="36.487312987446785" lon="-81.953609995543957" />
			<trkpt lat="36.487462939694524" lon="-81.953566996380687" />
			<trkpt lat="36.487612975761294" lon="-81.953502958640456" />
			<trkpt lat="36.487741973251104" lon="-81.953480998054147" />
			<trkpt lat="36.487891925498843" lon="-81.953502958640456" />
			<trkpt lat="36.487998962402344" lon="-81.953523997217417" />
			<trkpt lat="36.488127959892154" lon="-81.953566996380687" />
			<trkpt lat="36.488299956545234" lon="-81.953587951138616" />
			<trkpt lat="36.488299956545234" lon="-81.953587951138616" />
			<trkpt lat="36.488385954871774" lon="-81.953545957803726" />
			<trkpt lat="36.488449992612004" lon="-81.953437998890877" />
			<trkpt lat="36.488470947369933" lon="-81.953287962824106" />
			<trkpt lat="36.488449992612004" lon="-81.953137926757336" />
			<trkpt lat="36.488428954035044" lon="-81.952965930104256" />
			<trkpt lat="36.488385954871774" lon="-81.952643981203437" />
			<trkpt lat="36.488342955708504" lon="-81.952472990378737" />
			<trkpt lat="36.488385954871774" lon="-81.952107958495617" />
			<trkpt lat="36.488385954871774" lon="-81.952107958495617" />
			<trkpt lat="36.488428954035044" lon="-81.951935961842537" />
			<trkpt lat="36.488535990938544" lon="-81.951592974364758" />
			<trkpt lat="36.488578990101814" lon="-81.951420977711678" />
			<trkpt lat="36.488556945696473" lon="-81.951270941644907" />
			<trkpt lat="36.488513946533203" lon="-81.951098944991827" />
			<trkpt lat="36.488449992612004" lon="-81.950927954167128" />
			<trkpt lat="36.488363994285464" lon="-81.950583960860968" />
			<trkpt lat="36.488342955708504" lon="-81.950433924794197" />
			<trkpt lat="36.488363994285464" lon="-81.950283972546458" />
			<trkpt lat="36.488406993448734" lon="-81.949875941500068" />
			<trkpt lat="36.488449992612004" lon="-81.949468916282058" />
			<trkpt lat="36.488492991775274" lon="-81.949296919628978" />
			<trkpt lat="36.488556945696473" lon="-81.949146967381239" />
			<trkpt lat="36.488664988428354" lon="-81.949017969891429" />
			<trkpt lat="36.488771941512823" lon="-81.948888972401619" />
			<trkpt lat="36.488900939002633" lon="-81.948738936334848" />
			<trkpt lat="36.489028930664062" lon="-81.948609938845038" />
			<trkpt lat="36.489200927317142" lon="-81.948523940518498" />
			<trkpt lat="36.489350963383913" lon="-81.94841698743403" />
			<trkpt lat="36.489672996103764" lon="-81.948309950530529" />
			<trkpt lat="36.489801993593574" lon="-81.948266951367259" />
			<trkpt lat="36.489930991083384" lon="-81.948223952203989" />
			<trkpt lat="36.489930991083384" lon="-81.948223952203989" />
			<trkpt lat="36.490123942494392" lon="-81.948030916973948" />
			<trkpt lat="36.490123942494392" lon="-81.948030916973948" />
			<trkpt lat="36.490187980234623" lon="-81.947901919484138" />
			<trkpt lat="36.490166941657662" lon="-81.947730928659439" />
			<trkpt lat="36.490144981071353" lon="-81.947601931169629" />
			<trkpt lat="36.489972984418273" lon="-81.947429934516549" />
			<trkpt lat="36.489887991920114" lon="-81.947343936190009" />
			<trkpt lat="36.489887991920114" lon="-81.947343936190009" />
			<trkpt lat="36.489865947514772" lon="-81.94721594452858" />
			<trkpt lat="36.489908946678042" lon="-81.94695794954896" />
			<trkpt lat="36.489908946678042" lon="-81.94695794954896" />
			<trkpt lat="36.489972984418273" lon="-81.946807997301221" />
			<trkpt lat="36.490166941657662" lon="-81.94648596458137" />
			<trkpt lat="36.490359976887703" lon="-81.94612093269825" />
			<trkpt lat="36.490573966875672" lon="-81.945755984634161" />
			<trkpt lat="36.490809917449951" lon="-81.945369997993112" />
			<trkpt lat="36.491045951843262" lon="-81.944983927533031" />
			<trkpt lat="36.491281986236572" lon="-81.944640940055251" />
			<trkpt lat="36.491517936810851" lon="-81.944318991154432" />
			<trkpt lat="36.491625979542732" lon="-81.944189993664622" />
			<trkpt lat="36.491775931790471" lon="-81.944082956761122" />
			<trkpt lat="36.491925967857242" lon="-81.944039957597852" />
			<trkpt lat="36.492097964510322" lon="-81.944017997011542" />
			<trkpt lat="36.492268955335021" lon="-81.943996958434582" />
			<trkpt lat="36.492483951151371" lon="-81.943974997848272" />
			<trkpt lat="36.492676986381412" lon="-81.943953959271312" />
			<trkpt lat="36.492848983034492" lon="-81.943889921531081" />
			<trkpt lat="36.493019973859191" lon="-81.943803923204541" />
			<trkpt lat="36.493191970512271" lon="-81.943696970120072" />
			<trkpt lat="36.493363967165351" lon="-81.943567972630262" />
			<trkpt lat="36.49353495799005" lon="-81.943459929898381" />
			<trkpt lat="36.494200984016061" lon="-81.942923991009593" />
			<trkpt lat="36.494736922904849" lon="-81.942515959963202" />
			<trkpt lat="36.49527395144105" lon="-81.942086974158883" />
			<trkpt lat="36.49593897163868" lon="-81.941571990028024" />
			<trkpt lat="36.496410956606269" lon="-81.941185919567943" />
			<trkpt lat="36.496925940737128" lon="-81.940842932090163" />
			<trkpt lat="36.497869994491339" lon="-81.940412940457463" />
			<trkpt lat="36.498470976948738" lon="-81.940241949632764" />
			<trkpt lat="36.499049998819828" lon="-81.940155951306224" />
			<trkpt lat="36.499650981277227" lon="-81.940048998221755" />
			<trkpt lat="36.500058928504586" lon="-81.939983954653144" />
			<trkpt lat="36.500444998964667" lon="-81.939919916912913" />
			<trkpt lat="36.501645958051085" lon="-81.939726965501904" />
			<trkpt lat="36.503469944000244" lon="-81.939425971359015" />
			<trkpt lat="36.503877975046635" lon="-81.939361933618784" />
			<trkpt lat="36.506366981193423" lon="-81.939189936965704" />
			<trkpt lat="36.509027983993292" lon="-81.939533930271864" />
			<trkpt lat="36.50960692204535" lon="-81.939576929435134" />
			<trkpt lat="36.509799957275391" lon="-81.939554968848825" />
			<trkpt lat="36.509993998333812" lon="-81.939490931108594" />
			<trkpt lat="36.510164989158511" lon="-81.939383978024125" />
			<trkpt lat="36.51044393889606" lon="-81.939061945304275" />
			<trkpt lat="36.51044393889606" lon="-81.939061945304275" />
			<trkpt lat="36.510550975799561" lon="-81.938846949487925" />
			<trkpt lat="36.510636974126101" lon="-81.938631953671575" />
			<trkpt lat="36.5119459759444" lon="-81.935585970059037" />
			<trkpt lat="36.51203197427094" lon="-81.935348929837346" />
			<trkpt lat="36.513039981946349" lon="-81.933525949716568" />
			<trkpt lat="36.514863967895508" lon="-81.931465929374099" />
			<trkpt lat="36.516258968040347" lon="-81.930070929229259" />
			<trkpt lat="36.517589930444956" lon="-81.929405992850661" />
			<trkpt lat="36.518640937283635" lon="-81.92889092490077" />
			<trkpt lat="36.518897926434875" lon="-81.928782965987921" />
			<trkpt lat="36.518983924761415" lon="-81.928740972653031" />
			<trkpt lat="36.519026923924685" lon="-81.92871892824769" />
			<trkpt lat="36.518940925598145" lon="-81.92858993075788" />
			<trkpt lat="36.518919970840216" lon="-81.928568975999951" />
			<trkpt lat="36.519198920577765" lon="-81.92858993075788" />
			<trkpt lat="36.519198920577765" lon="-81.92858993075788" />
			<trkpt lat="36.519198920577765" lon="-81.92858993075788" />
			<trkpt lat="36.519198920577765" lon="-81.92858993075788" />
			<trkpt lat="36.519198920577765" lon="-81.92858993075788" />
			<trkpt lat="36.519198920577765" lon="-81.92858993075788" />
			<trkpt lat="36.519198920577765" lon="-81.92858993075788" />
			<trkpt lat="36.519198920577765" lon="-81.92858993075788" />
			<trkpt lat="36.519198920577765" lon="-81.92858993075788" />
			<trkpt lat="36.519198920577765" lon="-81.92858993075788" />
			<trkpt lat="36.519198920577765" lon="-81.92858993075788" />
			<trkpt lat="36.519198920577765" lon="-81.92858993075788" />
			<trkpt lat="36.519305957481265" lon="-81.928525976836681" />
			<trkpt lat="36.519348956644535" lon="-81.92850393243134" />
			<trkpt lat="36.519348956644535" lon="-81.92850393243134" />
			<trkpt lat="36.519391955807805" lon="-81.928461939096451" />
			<trkpt lat="36.519412994384766" lon="-81.928439978510141" />
			<trkpt lat="36.519455993548036" lon="-81.928418939933181" />
			<trkpt lat="36.519477954134345" lon="-81.928396979346871" />
			<trkpt lat="36.519520953297615" lon="-81.928375940769911" />
			<trkpt lat="36.519520953297615" lon="-81.928375940769911" />
			<trkpt lat="36.519563952460885" lon="-81.928332941606641" />
			<trkpt lat="36.519606951624155" lon="-81.928310981020331" />
			<trkpt lat="36.519648944959044" lon="-81.928267981857061" />
			<trkpt lat="36.520528960973024" lon="-81.927667921409011" />
			<trkpt lat="36.521515930071473" lon="-81.926765944808722" />
			<trkpt lat="36.522159995511174" lon="-81.925521986559033" />
			<trkpt lat="36.523511996492743" lon="-81.922173919156194" />
			<trkpt lat="36.524176932871342" lon="-81.920478930696845" />
			<trkpt lat="36.525077987462282" lon="-81.918290918692946" />
			<trkpt lat="36.526300990954041" lon="-81.915286928415298" />
			<trkpt lat="36.52675193734467" lon="-81.914148917421699" />
			<trkpt lat="36.527030970901251" lon="-81.9134839810431" />
			<trkpt lat="36.52728796005249" lon="-81.91281896084547" />
			<trkpt lat="36.52748191729188" lon="-81.91236793063581" />
			<trkpt lat="36.52921998873353" lon="-81.908269934356213" />
			<trkpt lat="36.529347980394959" lon="-81.908054938539863" />
			<trkpt lat="36.530098998919129" lon="-81.906745936721563" />
			<trkpt lat="36.530485991388559" lon="-81.906102960929275" />
			<trkpt lat="36.531000975519419" lon="-81.905222944915295" />
			<trkpt lat="36.533338939771056" lon="-81.901231985539198" />
			<trkpt lat="36.533424938097596" lon="-81.900952951982617" />
			<trkpt lat="36.533489981666207" lon="-81.900694957002997" />
			<trkpt lat="36.533553935587406" lon="-81.900415923446417" />
			<trkpt lat="36.533596934750676" lon="-81.900136973708868" />
			<trkpt lat="36.533811930567026" lon="-81.898742979392409" />
			<trkpt lat="36.533896923065186" lon="-81.898484984412789" />
			<trkpt lat="36.534004965797067" lon="-81.898248950019479" />
			<trkpt lat="36.534154918044806" lon="-81.89805599860847" />
			<trkpt lat="36.534304954111576" lon="-81.897862963378429" />
			<trkpt lat="36.534454990178347" lon="-81.897669928148389" />
			<trkpt lat="36.535141970962286" lon="-81.896918993443251" />
			<trkpt lat="36.535656955093145" lon="-81.89633896574378" />
			<trkpt lat="36.535999942570925" lon="-81.89597493968904" />
			<trkpt lat="36.536343935877085" lon="-81.895609991624951" />
			<trkpt lat="36.536815920844674" lon="-81.895115962252021" />
			<trkpt lat="36.536986995488405" lon="-81.89500892534852" />
			<trkpt lat="36.537158992141485" lon="-81.894944971427321" />
			<trkpt lat="36.537351943552494" lon="-81.894901972264051" />
			<trkpt lat="36.537544978782535" lon="-81.894858973100781" />
			<trkpt lat="36.537737930193543" lon="-81.894815973937511" />
			<trkpt lat="36.538402950391173" lon="-81.89492292702198" />
			<trkpt lat="36.539325965568423" lon="-81.89483692869544" />
			<trkpt lat="36.539776995778084" lon="-81.89479392953217" />
			<trkpt lat="36.540398932993412" lon="-81.894686976447701" />
			<trkpt lat="36.540784919634461" lon="-81.894600978121161" />
			<trkpt lat="36.541385985910892" lon="-81.894429987296462" />
			<trkpt lat="36.541750933974981" lon="-81.894429987296462" />
			<trkpt lat="36.541943969205022" lon="-81.894472986459732" />
			<trkpt lat="36.542115965858102" lon="-81.894515985623002" />
			<trkpt lat="36.542265918105841" lon="-81.894643977284431" />
			<trkpt lat="36.542265918105841" lon="-81.894643977284431" />
			<trkpt lat="36.542437998577952" lon="-81.89479392953217" />
			<trkpt lat="36.542608989402652" lon="-81.894944971427321" />
			<trkpt lat="36.542737986892462" lon="-81.89509492367506" />
			<trkpt lat="36.543059935793281" lon="-81.895459955558181" />
			<trkpt lat="36.54323092661798" lon="-81.895609991624951" />
			<trkpt lat="36.543424967676401" lon="-81.895695989951491" />
			<trkpt lat="36.54361791908741" lon="-81.895738989114761" />
			<trkpt lat="36.543788993731141" lon="-81.89580294303596" />
			<trkpt lat="36.544003989547491" lon="-81.895781988278031" />
			<trkpt lat="36.5441969409585" lon="-81.89575994387269" />
			<trkpt lat="36.54438997618854" lon="-81.89567394554615" />
			<trkpt lat="36.5449049603194" lon="-81.895437994971871" />
			<trkpt lat="36.545247947797179" lon="-81.895308997482061" />
			<trkpt lat="36.54539898969233" lon="-81.895308997482061" />
			<trkpt lat="36.54556998051703" lon="-81.895287958905101" />
			<trkpt lat="36.545762931928039" lon="-81.895287958905101" />
			<trkpt lat="36.546106925234199" lon="-81.895394995808601" />
			<trkpt lat="36.546106925234199" lon="-81.895394995808601" />
			<trkpt lat="36.54627799987793" lon="-81.895437994971871" />
			<trkpt lat="36.546428957954049" lon="-81.895502954721451" />
			<trkpt lat="36.54657899402082" lon="-81.89563094638288" />
			<trkpt lat="36.546835983172059" lon="-81.8958889413625" />
			<trkpt lat="36.546835983172059" lon="-81.8958889413625" />
			<trkpt lat="36.546964980661869" lon="-81.89601793885231" />
			<trkpt lat="36.547179976478219" lon="-81.89627492800355" />
			<trkpt lat="36.547179976478219" lon="-81.89627492800355" />
			<trkpt lat="36.547329928725958" lon="-81.896617999300361" />
			<trkpt lat="36.547436965629458" lon="-81.896746996790171" />
			<trkpt lat="36.547543918713927" lon="-81.89685394987464" />
			<trkpt lat="36.547801997512579" lon="-81.897047990933061" />
			<trkpt lat="36.547973994165659" lon="-81.89708998426795" />
			<trkpt lat="36.547973994165659" lon="-81.89708998426795" />
			<trkpt lat="36.548123946413398" lon="-81.89713298343122" />
			<trkpt lat="36.548273982480168" lon="-81.89713298343122" />
			<trkpt lat="36.548423934727907" lon="-81.89713298343122" />
			<trkpt lat="36.548702968284488" lon="-81.897111944854259" />
			<trkpt lat="36.548917964100838" lon="-81.897004991769791" />
			<trkpt lat="36.548917964100838" lon="-81.897004991769791" />
			<trkpt lat="36.549131954088807" lon="-81.896832995116711" />
			<trkpt lat="36.549131954088807" lon="-81.896832995116711" />
			<trkpt lat="36.549217952415347" lon="-81.89668295904994" />
			<trkpt lat="36.549968970939517" lon="-81.895695989951491" />
			<trkpt lat="36.551406970247626" lon="-81.894450942054391" />
			<trkpt lat="36.551685919985175" lon="-81.894278945401311" />
			<trkpt lat="36.551814917474985" lon="-81.894214991480112" />
			<trkpt lat="36.551942992955446" lon="-81.894171992316842" />
			<trkpt lat="36.552071990445256" lon="-81.894150953739882" />
			<trkpt lat="36.552307941019535" lon="-81.894171992316842" />
			<trkpt lat="36.552307941019535" lon="-81.894171992316842" />
			<trkpt lat="36.552543975412846" lon="-81.894257990643382" />
			<trkpt lat="36.552543975412846" lon="-81.894257990643382" />
			<trkpt lat="36.552972961217165" lon="-81.894536940380931" />
			<trkpt lat="36.553080920130014" lon="-81.894600978121161" />
			<trkpt lat="36.553187957033515" lon="-81.894772974774241" />
			<trkpt lat="36.553187957033515" lon="-81.894772974774241" />
			<trkpt lat="36.553273955360055" lon="-81.895030969753861" />
			<trkpt lat="36.553294993937016" lon="-81.8951809220016" />
			<trkpt lat="36.553294993937016" lon="-81.895308997482061" />
			<trkpt lat="36.553337993100286" lon="-81.895609991624951" />
			<trkpt lat="36.553358947858214" lon="-81.89575994387269" />
			<trkpt lat="36.553401947021484" lon="-81.8958889413625" />
			<trkpt lat="36.553594982251525" lon="-81.89640392549336" />
			<trkpt lat="36.553659942001104" lon="-81.89651096239686" />
			<trkpt lat="36.553766978904605" lon="-81.896703997626901" />
			<trkpt lat="36.553831938654184" lon="-81.896789995953441" />
			<trkpt lat="36.553873931989074" lon="-81.89689694903791" />
			<trkpt lat="36.553938975557685" lon="-81.897068945690989" />
			<trkpt lat="36.553938975557685" lon="-81.897068945690989" />
			<trkpt lat="36.553938975557685" lon="-81.89717598259449" />
			<trkpt lat="36.553916931152344" lon="-81.89739097841084" />
			<trkpt lat="36.553916931152344" lon="-81.89739097841084" />
			<trkpt lat="36.553916931152344" lon="-81.897626928985119" />
			<trkpt lat="36.553916931152344" lon="-81.897626928985119" />
			<trkpt lat="36.554002929478884" lon="-81.89822799526155" />
			<trkpt lat="36.554067973047495" lon="-81.898699980229139" />
			<trkpt lat="36.554088927805424" lon="-81.898785978555679" />
			<trkpt lat="36.554195964708924" lon="-81.899064928293228" />
			<trkpt lat="36.554260924458504" lon="-81.899149920791388" />
			<trkpt lat="36.554388999938965" lon="-81.899321917444468" />
			<trkpt lat="36.554453959688544" lon="-81.899407999590039" />
			<trkpt lat="36.554539958015084" lon="-81.899643950164318" />
			<trkpt lat="36.554560996592045" lon="-81.899772947654128" />
			<trkpt lat="36.554582957178354" lon="-81.899900939315557" />
			<trkpt lat="36.554582957178354" lon="-81.900008982047439" />
			<trkpt lat="36.554603995755315" lon="-81.900158934295177" />
			<trkpt lat="36.554646994918585" lon="-81.900415923446417" />
			<trkpt lat="36.554646994918585" lon="-81.900415923446417" />
			<trkpt lat="36.554667949676514" lon="-81.900566965341568" />
			<trkpt lat="36.554689994081855" lon="-81.900694957002997" />
			<trkpt lat="36.554710948839784" lon="-81.900845998898149" />
			<trkpt lat="36.554732993245125" lon="-81.900973990559578" />
			<trkpt lat="36.554732993245125" lon="-81.901188986375928" />
			<trkpt lat="36.554732993245125" lon="-81.901274984702468" />
			<trkpt lat="36.554839946329594" lon="-81.901402976363897" />
			<trkpt lat="36.555097941309214" lon="-81.901767924427986" />
			<trkpt lat="36.555161979049444" lon="-81.901853922754526" />
			<trkpt lat="36.555204978212714" lon="-81.901939921081066" />
			<trkpt lat="36.555247977375984" lon="-81.902025919407606" />
			<trkpt lat="36.555225932970643" lon="-81.902089957147837" />
			<trkpt lat="36.555204978212714" lon="-81.902175955474377" />
			<trkpt lat="36.555182933807373" lon="-81.902282992377877" />
			<trkpt lat="36.555139934644103" lon="-81.902411989867687" />
			<trkpt lat="36.555139934644103" lon="-81.902518942952156" />
			<trkpt lat="36.555139934644103" lon="-81.902668979018927" />
			<trkpt lat="36.555139934644103" lon="-81.902776937931776" />
			<trkpt lat="36.555204978212714" lon="-81.902883974835277" />
			<trkpt lat="36.555268932133913" lon="-81.902990927919745" />
			<trkpt lat="36.555333975702524" lon="-81.903119925409555" />
			<trkpt lat="36.555461967363954" lon="-81.903291922062635" />
			<trkpt lat="36.555547965690494" lon="-81.903377920389175" />
			<trkpt lat="36.555547965690494" lon="-81.903377920389175" />
			<trkpt lat="36.555633964017034" lon="-81.903441958129406" />
			<trkpt lat="36.555697917938232" lon="-81.903527956455946" />
			<trkpt lat="36.555783916264772" lon="-81.903591994196177" />
			<trkpt lat="36.555869998410344" lon="-81.903677992522717" />
			<trkpt lat="36.555998995900154" lon="-81.903827944770455" />
			<trkpt lat="36.556041995063424" lon="-81.903934981673956" />
			<trkpt lat="36.556041995063424" lon="-81.903934981673956" />
			<trkpt lat="36.556019950658083" lon="-81.904042940586805" />
			<trkpt lat="36.555998995900154" lon="-81.904128938913345" />
			<trkpt lat="36.555998995900154" lon="-81.904170932248235" />
			<trkpt lat="36.555933952331543" lon="-81.904235975816846" />
			<trkpt lat="36.555890953168273" lon="-81.904299929738045" />
			<trkpt lat="36.555826999247074" lon="-81.904321974143386" />
			<trkpt lat="36.555612925440073" lon="-81.904278974980116" />
			<trkpt lat="36.555418968200684" lon="-81.904235975816846" />
			<trkpt lat="36.555333975702524" lon="-81.904213931411505" />
			<trkpt lat="36.555268932133913" lon="-81.904256930574775" />
			<trkpt lat="36.555268932133913" lon="-81.904256930574775" />
			<trkpt lat="36.555204978212714" lon="-81.904385928064585" />
			<trkpt lat="36.555204978212714" lon="-81.904471926391125" />
			<trkpt lat="36.555225932970643" lon="-81.904578963294625" />
			<trkpt lat="36.555225932970643" lon="-81.904707960784435" />
			<trkpt lat="36.555225932970643" lon="-81.904836958274245" />
			<trkpt lat="36.555375969037414" lon="-81.905715968459845" />
			<trkpt lat="36.555440928786993" lon="-81.905994918197393" />
			<trkpt lat="36.555612925440073" lon="-81.906702937558293" />
			<trkpt lat="36.555676963180304" lon="-81.906831935048103" />
			<trkpt lat="36.555719962343574" lon="-81.906960932537913" />
			<trkpt lat="36.555826999247074" lon="-81.907175928354263" />
			<trkpt lat="36.555976951494813" lon="-81.907389918342233" />
			<trkpt lat="36.556062949821353" lon="-81.907496955245733" />
			<trkpt lat="36.556298984214664" lon="-81.907840948551893" />
			<trkpt lat="36.556384982541203" lon="-81.907968940213323" />
			<trkpt lat="36.556534934788942" lon="-81.908205980435014" />
			<trkpt lat="36.556641971692443" lon="-81.908312933519483" />
			<trkpt lat="36.557006919756532" lon="-81.908698920160532" />
			<trkpt lat="36.557285953313112" lon="-81.908956998959184" />
			<trkpt lat="36.557285953313112" lon="-81.908956998959184" />
			<trkpt lat="36.557414950802922" lon="-81.909063952043653" />
			<trkpt lat="36.557478988543153" lon="-81.909127989783883" />
			<trkpt lat="36.557543948292732" lon="-81.909170988947153" />
			<trkpt lat="36.557671939954162" lon="-81.909342985600233" />
			<trkpt lat="36.557800937443972" lon="-81.909449938684702" />
			<trkpt lat="36.557800937443972" lon="-81.909449938684702" />
			<trkpt lat="36.557886935770512" lon="-81.909471983090043" />
			<trkpt lat="36.558015933260322" lon="-81.909449938684702" />
			<trkpt lat="36.558015933260322" lon="-81.909449938684702" />
			<trkpt lat="36.558079971000552" lon="-81.909449938684702" />
			<trkpt lat="36.558122970163822" lon="-81.909471983090043" />
			<trkpt lat="36.558165969327092" lon="-81.909513976424932" />
			<trkpt lat="36.558208968490362" lon="-81.909556975588202" />
			<trkpt lat="36.558251967653632" lon="-81.909642973914742" />
			<trkpt lat="36.558315921574831" lon="-81.909749926999211" />
			<trkpt lat="36.558358920738101" lon="-81.909835925325751" />
			<trkpt lat="36.558401919901371" lon="-81.909943968057632" />
			<trkpt lat="36.558444919064641" lon="-81.910007921978831" />
			<trkpt lat="36.558465957641602" lon="-81.910071959719062" />
			<trkpt lat="36.558508956804872" lon="-81.910093920305371" />
			<trkpt lat="36.558573916554451" lon="-81.910114958882332" />
			<trkpt lat="36.558637954294682" lon="-81.910136919468641" />
			<trkpt lat="36.558701992034912" lon="-81.910136919468641" />
			<trkpt lat="36.558830989524722" lon="-81.910222917795181" />
			<trkpt lat="36.558830989524722" lon="-81.910222917795181" />
			<trkpt lat="36.558873988687992" lon="-81.910286955535412" />
			<trkpt lat="36.558937942609191" lon="-81.910372953861952" />
			<trkpt lat="36.559023940935731" lon="-81.910522989928722" />
			<trkpt lat="36.559023940935731" lon="-81.910522989928722" />
			<trkpt lat="36.559173977002501" lon="-81.910651987418532" />
			<trkpt lat="36.559173977002501" lon="-81.910651987418532" />
			<trkpt lat="36.559431971982121" lon="-81.910844938829541" />
			<trkpt lat="36.559431971982121" lon="-81.910844938829541" />
			<trkpt lat="36.55949592590332" lon="-81.910865977406502" />
			<trkpt lat="36.55962492339313" lon="-81.910908976569772" />
			<trkpt lat="36.55962492339313" lon="-81.910908976569772" />
			<trkpt lat="36.559774959459901" lon="-81.910844938829541" />
			<trkpt lat="36.559860957786441" lon="-81.910822978243232" />
			<trkpt lat="36.560032954439521" lon="-81.910758940503001" />
			<trkpt lat="36.560161951929331" lon="-81.910694986581802" />
			<trkpt lat="36.560225989669561" lon="-81.910672942176461" />
			<trkpt lat="36.560268988832831" lon="-81.910651987418532" />
			<trkpt lat="36.56033294275403" lon="-81.910715941339731" />
			<trkpt lat="36.56033294275403" lon="-81.910715941339731" />
			<trkpt lat="36.560354987159371" lon="-81.910822978243232" />
			<trkpt lat="36.560354987159371" lon="-81.910951975733042" />
			<trkpt lat="36.56033294275403" lon="-81.911058928817511" />
			<trkpt lat="36.560354987159371" lon="-81.911166971549392" />
			<trkpt lat="36.5603759419173" lon="-81.911294963210821" />
			<trkpt lat="36.560397986322641" lon="-81.911402922123671" />
			<trkpt lat="36.560439979657531" lon="-81.911509959027171" />
			<trkpt lat="36.560482978820801" lon="-81.911616995930672" />
			<trkpt lat="36.560525977984071" lon="-81.911702994257212" />
			<trkpt lat="36.56059093773365" lon="-81.911766948178411" />
			<trkpt lat="36.56067693606019" lon="-81.911852946504951" />
			<trkpt lat="36.560740973800421" lon="-81.911917990073562" />
			<trkpt lat="36.560783972963691" lon="-81.911917990073562" />
			<trkpt lat="36.560869971290231" lon="-81.911895945668221" />
			<trkpt lat="36.56093392521143" lon="-81.911895945668221" />
			<trkpt lat="36.5609769243747" lon="-81.911809947341681" />
			<trkpt lat="36.56104096211493" lon="-81.911724954843521" />
			<trkpt lat="36.561276996508241" lon="-81.911294963210821" />
			<trkpt lat="36.561405993998051" lon="-81.911080973222852" />
			<trkpt lat="36.561577990651131" lon="-81.910715941339731" />
			<trkpt lat="36.56164194457233" lon="-81.910608988255262" />
			<trkpt lat="36.56170598231256" lon="-81.910522989928722" />
			<trkpt lat="36.56177094206214" lon="-81.910415953025222" />
			<trkpt lat="36.56181394122541" lon="-81.910350993275642" />
			<trkpt lat="36.56192097812891" lon="-81.910264994949102" />
			<trkpt lat="36.56192097812891" lon="-81.910264994949102" />
			<trkpt lat="36.56204997561872" lon="-81.910329954698682" />
			<trkpt lat="36.562070930376649" lon="-81.910586943849921" />
			<trkpt lat="36.562027931213379" lon="-81.910822978243232" />
			<trkpt lat="36.56200697645545" lon="-81.910865977406502" />
			<trkpt lat="36.562027931213379" lon="-81.910951975733042" />
			<trkpt lat="36.562070930376649" lon="-81.911080973222852" />
			<trkpt lat="36.562070930376649" lon="-81.911080973222852" />
			<trkpt lat="36.562113929539919" lon="-81.911144927144051" />
			<trkpt lat="36.56217897310853" lon="-81.911187926307321" />
			<trkpt lat="36.562220966443419" lon="-81.911252969875932" />
			<trkpt lat="36.562263965606689" lon="-81.911294963210821" />
			<trkpt lat="36.562306964769959" lon="-81.911337962374091" />
			<trkpt lat="36.562328925356269" lon="-81.911359922960401" />
			<trkpt lat="36.562328925356269" lon="-81.911466959863901" />
			<trkpt lat="36.562328925356269" lon="-81.911573996767402" />
			<trkpt lat="36.562328925356269" lon="-81.911831991747022" />
			<trkpt lat="36.562328925356269" lon="-81.911831991747022" />
			<trkpt lat="36.562328925356269" lon="-81.912131980061531" />
			<trkpt lat="36.562328925356269" lon="-81.912260977551341" />
			<trkpt lat="36.562349963933229" lon="-81.91236793063581" />
			<trkpt lat="36.562392963096499" lon="-81.912475973367691" />
			<trkpt lat="36.562457922846079" lon="-81.91268996335566" />
			<trkpt lat="36.562457922846079" lon="-81.91268996335566" />
			<trkpt lat="36.562521960586309" lon="-81.91275492310524" />
			<trkpt lat="36.562607958912849" lon="-81.912839999422431" />
			<trkpt lat="36.562864948064089" lon="-81.913097994402051" />
			<trkpt lat="36.563186980783939" lon="-81.91333394497633" />
			<trkpt lat="36.563272979110479" lon="-81.9133769441396" />
			<trkpt lat="36.563444975763559" lon="-81.91341994330287" />
			<trkpt lat="36.563551928848028" lon="-81.91346294246614" />
			<trkpt lat="36.563916960731149" lon="-81.91352698020637" />
			<trkpt lat="36.564001953229308" lon="-81.91365597769618" />
			<trkpt lat="36.564001953229308" lon="-81.91365597769618" />
			<trkpt lat="36.564087951555848" lon="-81.913805929943919" />
			<trkpt lat="36.564087951555848" lon="-81.913805929943919" />
			<trkpt lat="36.564130950719118" lon="-81.91386996768415" />
			<trkpt lat="36.564237987622619" lon="-81.913977926596999" />
			<trkpt lat="36.564237987622619" lon="-81.913977926596999" />
			<trkpt lat="36.564302947372198" lon="-81.914020925760269" />
			<trkpt lat="36.564388945698738" lon="-81.914020925760269" />
			<trkpt lat="36.564452983438969" lon="-81.91399896517396" />
			<trkpt lat="36.564516937360168" lon="-81.91395596601069" />
			<trkpt lat="36.564602935686707" lon="-81.91391296684742" />
			<trkpt lat="36.564774932339787" lon="-81.91382696852088" />
			<trkpt lat="36.564946928992867" lon="-81.913719931617379" />
			<trkpt lat="36.565010966733098" lon="-81.91369897685945" />
			<trkpt lat="36.565074920654297" lon="-81.913719931617379" />
			<trkpt lat="36.565139964222908" lon="-81.91374197602272" />
			<trkpt lat="36.565139964222908" lon="-81.91374197602272" />
			<trkpt lat="36.565160918980837" lon="-81.91382696852088" />
			<trkpt lat="36.565160918980837" lon="-81.91395596601069" />
			<trkpt lat="36.565182963386178" lon="-81.9140849635005" />
			<trkpt lat="36.565225962549448" lon="-81.91444999538362" />
			<trkpt lat="36.565225962549448" lon="-81.91457798704505" />
			<trkpt lat="36.565246917307377" lon="-81.91466398537159" />
			<trkpt lat="36.565246917307377" lon="-81.91466398537159" />
			<trkpt lat="36.565353954210877" lon="-81.914728945121169" />
			<trkpt lat="36.565353954210877" lon="-81.914728945121169" />
			<trkpt lat="36.565418997779489" lon="-81.91474998369813" />
			<trkpt lat="36.565504996106029" lon="-81.91474998369813" />
			<trkpt lat="36.565589988604188" lon="-81.91474998369813" />
			<trkpt lat="36.565675986930728" lon="-81.91474998369813" />
			<trkpt lat="36.565782940015197" lon="-81.91470698453486" />
			<trkpt lat="36.565868938341737" lon="-81.914642946794629" />
			<trkpt lat="36.565954936668277" lon="-81.91457798704505" />
			<trkpt lat="36.566040934994817" lon="-81.914513949304819" />
			<trkpt lat="36.566126933321357" lon="-81.914470950141549" />
			<trkpt lat="36.566212931647897" lon="-81.91440699622035" />
			<trkpt lat="36.566276969388127" lon="-81.91436399705708" />
			<trkpt lat="36.566491965204477" lon="-81.914341952651739" />
			<trkpt lat="36.566576957702637" lon="-81.91432099789381" />
			<trkpt lat="36.566576957702637" lon="-81.91432099789381" />
			<trkpt lat="36.566791953518987" lon="-81.91436399705708" />
			<trkpt lat="36.566791953518987" lon="-81.91436399705708" />
			<trkpt lat="36.566855991259217" lon="-81.914384951815009" />
			<trkpt lat="36.566920951008797" lon="-81.914427950978279" />
			<trkpt lat="36.566984988749027" lon="-81.914470950141549" />
			<trkpt lat="36.566984988749027" lon="-81.914470950141549" />
			<trkpt lat="36.567006949335337" lon="-81.914599947631359" />
			<trkpt lat="36.567027987912297" lon="-81.914728945121169" />
			<trkpt lat="36.567027987912297" lon="-81.914728945121169" />
			<trkpt lat="36.567091941833496" lon="-81.914856936782598" />
			<trkpt lat="36.567134940996766" lon="-81.914942935109138" />
			<trkpt lat="36.567177940160036" lon="-81.915028933435678" />
			<trkpt lat="36.567242983728647" lon="-81.915092971175909" />
			<trkpt lat="36.567306937649846" lon="-81.915178969502449" />
			<trkpt lat="36.567370975390077" lon="-81.915243929252028" />
			<trkpt lat="36.567413974553347" lon="-81.915307966992259" />
			<trkpt lat="36.567478934302926" lon="-81.915371920913458" />
			<trkpt lat="36.567521933466196" lon="-81.915436964482069" />
			<trkpt lat="36.567563926801085" lon="-81.915436964482069" />
			<trkpt lat="36.567606925964355" lon="-81.915414920076728" />
			<trkpt lat="36.567671969532967" lon="-81.915393965318799" />
			<trkpt lat="36.567735923454165" lon="-81.915328921750188" />
			<trkpt lat="36.567928958684206" lon="-81.915135970339179" />
			<trkpt lat="36.568143954500556" lon="-81.91500797867775" />
			<trkpt lat="36.568250991404057" lon="-81.91496497951448" />
			<trkpt lat="36.568336989730597" lon="-81.91492198035121" />
			<trkpt lat="36.568400943651795" lon="-81.914899935945868" />
			<trkpt lat="36.568465987220407" lon="-81.91492198035121" />
			<trkpt lat="36.568550979718566" lon="-81.914942935109138" />
			<trkpt lat="36.568593978881836" lon="-81.914985934272408" />
			<trkpt lat="36.568615939468145" lon="-81.91505097784102" />
			<trkpt lat="36.568658938631415" lon="-81.915135970339179" />
			<trkpt lat="36.568701937794685" lon="-81.915221968665719" />
			<trkpt lat="36.568765975534916" lon="-81.915286928415298" />
			<trkpt lat="36.568829929456115" lon="-81.915350966155529" />
			<trkpt lat="36.569001926109195" lon="-81.915414920076728" />
			<trkpt lat="36.569065963849425" lon="-81.915457919239998" />
			<trkpt lat="36.569065963849425" lon="-81.915457919239998" />
			<trkpt lat="36.569151962175965" lon="-81.915500918403268" />
			<trkpt lat="36.569216921925545" lon="-81.915586916729808" />
			<trkpt lat="36.569259921088815" lon="-81.91571599803865" />
			<trkpt lat="36.569430995732546" lon="-81.916037946939468" />
			<trkpt lat="36.569430995732546" lon="-81.916037946939468" />
			<trkpt lat="36.569538954645395" lon="-81.916165938600898" />
			<trkpt lat="36.569538954645395" lon="-81.916165938600898" />
			<trkpt lat="36.569602992385626" lon="-81.916251936927438" />
			<trkpt lat="36.569666946306825" lon="-81.916316980496049" />
			<trkpt lat="36.569816982373595" lon="-81.916444972157478" />
			<trkpt lat="36.569988979026675" lon="-81.916466932743788" />
			<trkpt lat="36.570181930437684" lon="-81.916509931907058" />
			<trkpt lat="36.570846950635314" lon="-81.916423933580518" />
			<trkpt lat="36.570997992530465" lon="-81.916401972994208" />
			<trkpt lat="36.571276942268014" lon="-81.916337935253978" />
			<trkpt lat="36.571533931419253" lon="-81.916251936927438" />
			<trkpt lat="36.571683967486024" lon="-81.916165938600898" />
			<trkpt lat="36.571898963302374" lon="-81.916037946939468" />
			<trkpt lat="36.572198951616883" lon="-81.915865950286388" />
			<trkpt lat="36.572585944086313" lon="-81.915650954470038" />
			<trkpt lat="36.572842933237553" lon="-81.915500918403268" />
			<trkpt lat="36.572928931564093" lon="-81.915457919239998" />
			<trkpt lat="36.573121966794133" lon="-81.915393965318799" />
			<trkpt lat="36.573228919878602" lon="-81.915371920913458" />
			<trkpt lat="36.573314918205142" lon="-81.915350966155529" />
			<trkpt lat="36.573378955945373" lon="-81.915371920913458" />
			<trkpt lat="36.573486998677254" lon="-81.915393965318799" />
			<trkpt lat="36.573572997003794" lon="-81.915414920076728" />
			<trkpt lat="36.573657989501953" lon="-81.915436964482069" />
			<trkpt lat="36.573765948414803" lon="-81.915457919239998" />
			<trkpt lat="36.573872985318303" lon="-81.915436964482069" />
			<trkpt lat="36.573979938402772" lon="-81.915393965318799" />
			<trkpt lat="36.574065936729312" lon="-81.915328921750188" />
			<trkpt lat="36.574258971959352" lon="-81.915243929252028" />
			<trkpt lat="36.574344970285892" lon="-81.915221968665719" />
			<trkpt lat="36.574408924207091" lon="-81.915221968665719" />
			<trkpt lat="36.574473967775702" lon="-81.915200930088758" />
			<trkpt lat="36.574494922533631" lon="-81.915200930088758" />
			<trkpt lat="36.574580920860171" lon="-81.915135970339179" />
			<trkpt lat="36.574644958600402" lon="-81.915092971175909" />
			<trkpt lat="36.574709918349981" lon="-81.91505097784102" />
			<trkpt lat="36.574902953580022" lon="-81.91492198035121" />
			<trkpt lat="36.574966991320252" lon="-81.91487898118794" />
			<trkpt lat="36.575074950233102" lon="-81.91470698453486" />
			<trkpt lat="36.575224986299872" lon="-81.91444999538362" />
			<trkpt lat="36.575331939384341" lon="-81.91425696015358" />
			<trkpt lat="36.575524974614382" lon="-81.91391296684742" />
			<trkpt lat="36.575546935200691" lon="-81.913805929943919" />
			<trkpt lat="36.575589934363961" lon="-81.913719931617379" />
			<trkpt lat="36.575610972940922" lon="-81.91361297853291" />
			<trkpt lat="36.575653972104192" lon="-81.91352698020637" />
			<trkpt lat="36.575782969594002" lon="-81.91311894915998" />
			<trkpt lat="36.575782969594002" lon="-81.91311894915998" />
			<trkpt lat="36.575910961255431" lon="-81.91275492310524" />
			<trkpt lat="36.575975921005011" lon="-81.91262592561543" />
			<trkpt lat="36.576018920168281" lon="-81.91253992728889" />
			<trkpt lat="36.576061919331551" lon="-81.912475973367691" />
			<trkpt lat="36.576082957908511" lon="-81.91241092979908" />
			<trkpt lat="36.576147917658091" lon="-81.912346975877881" />
			<trkpt lat="36.576211955398321" lon="-81.91228193230927" />
			<trkpt lat="36.576275993138552" lon="-81.912217978388071" />
			<trkpt lat="36.576468944549561" lon="-81.912131980061531" />
			<trkpt lat="36.576640941202641" lon="-81.912067942321301" />
			<trkpt lat="36.576640941202641" lon="-81.912067942321301" />
			<trkpt lat="36.576769938692451" lon="-81.912003988400102" />
			<trkpt lat="36.57702692784369" lon="-81.911874990910292" />
			<trkpt lat="36.57719892449677" lon="-81.911788992583752" />
			<trkpt lat="36.577262962237" lon="-81.911766948178411" />
			<trkpt lat="36.57739195972681" lon="-81.911702994257212" />
			<trkpt lat="36.57739195972681" lon="-81.911702994257212" />
			<trkpt lat="36.57752095721662" lon="-81.911595957353711" />
			<trkpt lat="36.57756395637989" lon="-81.911509959027171" />
			<trkpt lat="36.57760695554316" lon="-81.911423960700631" />
			<trkpt lat="36.577713992446661" lon="-81.911294963210821" />
			<trkpt lat="36.577713992446661" lon="-81.911294963210821" />
			<trkpt lat="36.57782094553113" lon="-81.911166971549392" />
			<trkpt lat="36.57782094553113" lon="-81.911166971549392" />
			<trkpt lat="36.577885989099741" lon="-81.911080973222852" />
			<trkpt lat="36.57803594134748" lon="-81.910951975733042" />
			<trkpt lat="36.578206932172179" lon="-81.910822978243232" />
			<trkpt lat="36.57844296656549" lon="-81.910651987418532" />
			<trkpt lat="36.57861496321857" lon="-81.910565989091992" />
			<trkpt lat="36.578679922968149" lon="-81.910543944686651" />
			<trkpt lat="36.578679922968149" lon="-81.910543944686651" />
			<trkpt lat="36.57876499928534" lon="-81.910500945523381" />
			<trkpt lat="36.57882995903492" lon="-81.910479990765452" />
			<trkpt lat="36.57891595736146" lon="-81.910436991602182" />
			<trkpt lat="36.579000949859619" lon="-81.910393992438912" />
			<trkpt lat="36.579086948186159" lon="-81.910350993275642" />
			<trkpt lat="36.579172946512699" lon="-81.910329954698682" />
			<trkpt lat="36.579258944839239" lon="-81.910286955535412" />
			<trkpt lat="36.57940898090601" lon="-81.910222917795181" />
			<trkpt lat="36.579472934827209" lon="-81.910179918631911" />
			<trkpt lat="36.57953797839582" lon="-81.910114958882332" />
			<trkpt lat="36.57953797839582" lon="-81.910114958882332" />
			<trkpt lat="36.579601932317019" lon="-81.910007921978831" />
			<trkpt lat="36.579644931480289" lon="-81.909943968057632" />
			<trkpt lat="36.57966697588563" lon="-81.909857969731092" />
			<trkpt lat="36.57966697588563" lon="-81.909664934501052" />
			<trkpt lat="36.579730929806828" lon="-81.909449938684702" />
			<trkpt lat="36.579837966710329" lon="-81.909385984763503" />
			<trkpt lat="36.580009963363409" lon="-81.909363940358162" />
			<trkpt lat="36.580116916447878" lon="-81.909320941194892" />
			<trkpt lat="36.58037499524653" lon="-81.909106951206923" />
			<trkpt lat="36.580524947494268" lon="-81.908827917650342" />
			<trkpt lat="36.580567946657538" lon="-81.908741919323802" />
			<trkpt lat="36.580610945820808" lon="-81.908677965402603" />
			<trkpt lat="36.580653944984078" lon="-81.908634966239333" />
			<trkpt lat="36.580696944147348" lon="-81.908634966239333" />
			<trkpt lat="36.580781936645508" lon="-81.908655920997262" />
			<trkpt lat="36.580846980214119" lon="-81.908741919323802" />
			<trkpt lat="36.580889979377389" lon="-81.908784918487072" />
			<trkpt lat="36.580910934135318" lon="-81.908891955390573" />
			<trkpt lat="36.580932978540659" lon="-81.908998992294073" />
			<trkpt lat="36.580953933298588" lon="-81.909084990620613" />
			<trkpt lat="36.581125929951668" lon="-81.909192949533463" />
			<trkpt lat="36.581125929951668" lon="-81.909192949533463" />
			<trkpt lat="36.581189967691898" lon="-81.909192949533463" />
			<trkpt lat="36.581232966855168" lon="-81.909170988947153" />
			<trkpt lat="36.581275966018438" lon="-81.909106951206923" />
			<trkpt lat="36.581296920776367" lon="-81.908956998959184" />
			<trkpt lat="36.581296920776367" lon="-81.908870916813612" />
			<trkpt lat="36.581296920776367" lon="-81.908870916813612" />
			<trkpt lat="36.581318965181708" lon="-81.908698920160532" />
			<trkpt lat="36.581318965181708" lon="-81.908698920160532" />
			<trkpt lat="36.581404963508248" lon="-81.908634966239333" />
			<trkpt lat="36.581447962671518" lon="-81.908612921833992" />
			<trkpt lat="36.581554999575019" lon="-81.908612921833992" />
			<trkpt lat="36.581726996228099" lon="-81.908612921833992" />
			<trkpt lat="36.581790950149298" lon="-81.908612921833992" />
			<trkpt lat="36.581790950149298" lon="-81.908612921833992" />
			<trkpt lat="36.581833949312568" lon="-81.908612921833992" />
			<trkpt lat="36.581876948475838" lon="-81.908612921833992" />
			<trkpt lat="36.581940986216068" lon="-81.908205980435014" />
			<trkpt lat="36.582198981195688" lon="-81.908097937703133" />
			<trkpt lat="36.582283973693848" lon="-81.908333972096443" />
			<trkpt lat="36.582434931769967" lon="-81.908462969586253" />
			<trkpt lat="36.582498969510198" lon="-81.908462969586253" />
			<trkpt lat="36.582498969510198" lon="-81.908462969586253" />
			<trkpt lat="36.582691920921206" lon="-81.908634966239333" />
			<trkpt lat="36.582734920084476" lon="-81.908698920160532" />
			<trkpt lat="36.582841956987977" lon="-81.908827917650342" />
			<trkpt lat="36.582992998883128" lon="-81.908827917650342" />
			<trkpt lat="36.582992998883128" lon="-81.908827917650342" />
			<trkpt lat="36.583077991381288" lon="-81.908827917650342" />
			<trkpt lat="36.583163989707828" lon="-81.908827917650342" />
			<trkpt lat="36.583249988034368" lon="-81.908827917650342" />
			<trkpt lat="36.583335986360908" lon="-81.908827917650342" />
			<trkpt lat="36.583421984687448" lon="-81.908827917650342" />
			<trkpt lat="36.583506977185607" lon="-81.908784918487072" />
			<trkpt lat="36.583571936935186" lon="-81.908655920997262" />
			<trkpt lat="36.583571936935186" lon="-81.908655920997262" />
			<trkpt lat="36.583571936935186" lon="-81.908569922670722" />
			<trkpt lat="36.583549976348877" lon="-81.908505968749523" />
			<trkpt lat="36.583442939445376" lon="-81.908119982108474" />
			<trkpt lat="36.583356941118836" lon="-81.907797949388623" />
			<trkpt lat="36.583335986360908" lon="-81.907625952735543" />
			<trkpt lat="36.583313941955566" lon="-81.907561998814344" />
			<trkpt lat="36.583313941955566" lon="-81.907518999651074" />
			<trkpt lat="36.583335986360908" lon="-81.907475916668773" />
			<trkpt lat="36.583378985524178" lon="-81.907453956082463" />
			<trkpt lat="36.583506977185607" lon="-81.907475916668773" />
			<trkpt lat="36.583506977185607" lon="-81.907475916668773" />
			<trkpt lat="36.583700934424996" lon="-81.907539954409003" />
			<trkpt lat="36.583700934424996" lon="-81.907539954409003" />
			<trkpt lat="36.584021961316466" lon="-81.907647997140884" />
			<trkpt lat="36.584215918555856" lon="-81.907732989639044" />
			<trkpt lat="36.584322955459356" lon="-81.907775988802314" />
			<trkpt lat="36.584386993199587" lon="-81.907818987965584" />
			<trkpt lat="36.584451952949166" lon="-81.907840948551893" />
			<trkpt lat="36.584579944610596" lon="-81.907840948551893" />
			<trkpt lat="36.584708942100406" lon="-81.907754950225353" />
			<trkpt lat="36.584730986505747" lon="-81.907711951062083" />
			<trkpt lat="36.584751941263676" lon="-81.907582953572273" />
			<trkpt lat="36.584751941263676" lon="-81.907539954409003" />
			<trkpt lat="36.584751941263676" lon="-81.907539954409003" />
			<trkpt lat="36.584665942937136" lon="-81.907389918342233" />
			<trkpt lat="36.584622943773866" lon="-81.907303920015693" />
			<trkpt lat="36.584579944610596" lon="-81.907239966094494" />
			<trkpt lat="36.584536945447326" lon="-81.907153967767954" />
			<trkpt lat="36.584494952112436" lon="-81.907024970278144" />
			<trkpt lat="36.584536945447326" lon="-81.906874934211373" />
			<trkpt lat="36.584558989852667" lon="-81.906853979453444" />
			<trkpt lat="36.584687987342477" lon="-81.906810980290174" />
			<trkpt lat="36.584751941263676" lon="-81.906810980290174" />
			<trkpt lat="36.584794940426946" lon="-81.906788935884833" />
			<trkpt lat="36.584837939590216" lon="-81.906788935884833" />
			<trkpt lat="36.584901977330446" lon="-81.906767981126904" />
			<trkpt lat="36.585116973146796" lon="-81.906810980290174" />
			<trkpt lat="36.585245970636606" lon="-81.906874934211373" />
			<trkpt lat="36.585502959787846" lon="-81.906981971114874" />
			<trkpt lat="36.585566997528076" lon="-81.907003931701183" />
			<trkpt lat="36.585609996691346" lon="-81.907003931701183" />
			<trkpt lat="36.585695995017886" lon="-81.906853979453444" />
			<trkpt lat="36.585674956440926" lon="-81.906788935884833" />
			<trkpt lat="36.585674956440926" lon="-81.906788935884833" />
			<trkpt lat="36.585674956440926" lon="-81.906702937558293" />
			<trkpt lat="36.585652995854616" lon="-81.906509986147285" />
			<trkpt lat="36.585652995854616" lon="-81.906424993649125" />
			<trkpt lat="36.585631957277656" lon="-81.906295996159315" />
			<trkpt lat="36.585631957277656" lon="-81.906295996159315" />
			<trkpt lat="36.585717955604196" lon="-81.906209997832775" />
			<trkpt lat="36.585717955604196" lon="-81.906209997832775" />
			<trkpt lat="36.585760954767466" lon="-81.906209997832775" />
			<trkpt lat="36.585824992507696" lon="-81.906209997832775" />
			<trkpt lat="36.585910990834236" lon="-81.906209997832775" />
			<trkpt lat="36.585996989160776" lon="-81.906187953427434" />
			<trkpt lat="36.586210979148746" lon="-81.906252996996045" />
			<trkpt lat="36.586253978312016" lon="-81.906295996159315" />
			<trkpt lat="36.586339976638556" lon="-81.906359950080514" />
			<trkpt lat="36.586360931396484" lon="-81.906381994485855" />
			<trkpt lat="36.586360931396484" lon="-81.906381994485855" />
			<trkpt lat="36.586017943918705" lon="-81.906509986147285" />
			<trkpt lat="36.586017943918705" lon="-81.906767981126904" />
			<trkpt lat="36.586189940571785" lon="-81.907024970278144" />
			<trkpt lat="36.586339976638556" lon="-81.907260920852423" />
			<trkpt lat="36.586425974965096" lon="-81.907496955245733" />
			<trkpt lat="36.586425974965096" lon="-81.907496955245733" />
			<trkpt lat="36.586532928049564" lon="-81.907647997140884" />
			<trkpt lat="36.586575927212834" lon="-81.907711951062083" />
			<trkpt lat="36.586618926376104" lon="-81.907775988802314" />
			<trkpt lat="36.586639964953065" lon="-81.907818987965584" />
			<trkpt lat="36.586339976638556" lon="-81.908441931009293" />
			<trkpt lat="36.586232939735055" lon="-81.908441931009293" />
			<trkpt lat="36.586167979985476" lon="-81.908441931009293" />
			<trkpt lat="36.586167979985476" lon="-81.908441931009293" />
			<trkpt lat="36.586167979985476" lon="-81.908441931009293" />
			<trkpt lat="36.585867991670966" lon="-81.908569922670722" />
			<trkpt lat="36.585910990834236" lon="-81.908634966239333" />
			<trkpt lat="36.586275938898325" lon="-81.909020952880383" />
			<trkpt lat="36.586275938898325" lon="-81.909020952880383" />
			<trkpt lat="36.586425974965096" lon="-81.909578936174512" />
			<trkpt lat="36.586382975801826" lon="-81.909728972241282" />
			<trkpt lat="36.586189940571785" lon="-81.909943968057632" />
			<trkpt lat="36.586103942245245" lon="-81.909985961392522" />
			<trkpt lat="36.586060943081975" lon="-81.910007921978831" />
			<trkpt lat="36.586060943081975" lon="-81.910007921978831" />
			<trkpt lat="36.586060943081975" lon="-81.910093920305371" />
			<trkpt lat="36.586081981658936" lon="-81.910179918631911" />
			<trkpt lat="36.586081981658936" lon="-81.910179918631911" />
			<trkpt lat="36.586081981658936" lon="-81.910243956372142" />
			<trkpt lat="36.586167979985476" lon="-81.910350993275642" />
			<trkpt lat="36.586275938898325" lon="-81.910415953025222" />
			<trkpt lat="36.586360931396484" lon="-81.910458952188492" />
			<trkpt lat="36.586553966626525" lon="-81.910522989928722" />
			<trkpt lat="36.586725963279605" lon="-81.910522989928722" />
			<trkpt lat="36.586961997672915" lon="-81.910543944686651" />
			<trkpt lat="36.587068950757384" lon="-81.910565989091992" />
			<trkpt lat="36.587283946573734" lon="-81.910586943849921" />
			<trkpt lat="36.587283946573734" lon="-81.910586943849921" />
			<trkpt lat="36.587390983477235" lon="-81.910586943849921" />
			<trkpt lat="36.587605979293585" lon="-81.910608988255262" />
			<trkpt lat="36.587691977620125" lon="-81.910608988255262" />
			<trkpt lat="36.587691977620125" lon="-81.910608988255262" />
			<trkpt lat="36.587862968444824" lon="-81.910629943013191" />
			<trkpt lat="36.588077964261174" lon="-81.910651987418532" />
			<trkpt lat="36.588270999491215" lon="-81.910672942176461" />
			<trkpt lat="36.588313998654485" lon="-81.910694986581802" />
			<trkpt lat="36.588313998654485" lon="-81.910694986581802" />
			<trkpt lat="36.588356997817755" lon="-81.910737985745072" />
			<trkpt lat="36.588506950065494" lon="-81.910865977406502" />
			<trkpt lat="36.588592948392034" lon="-81.910951975733042" />
			<trkpt lat="36.588957980275154" lon="-81.911380961537361" />
			<trkpt lat="36.589021934196353" lon="-81.911488920450211" />
			<trkpt lat="36.589085971936584" lon="-81.911552958190441" />
			<trkpt lat="36.589214969426394" lon="-81.911702994257212" />
			<trkpt lat="36.589214969426394" lon="-81.911702994257212" />
			<trkpt lat="36.589407920837402" lon="-81.911745993420482" />
			<trkpt lat="36.589407920837402" lon="-81.911745993420482" />
			<trkpt lat="36.589493919163942" lon="-81.911766948178411" />
			<trkpt lat="36.589558962732553" lon="-81.911788992583752" />
			<trkpt lat="36.589622916653752" lon="-81.911809947341681" />
			<trkpt lat="36.589686954393983" lon="-81.911831991747022" />
			<trkpt lat="36.589708998799324" lon="-81.911874990910292" />
			<trkpt lat="36.589751997962594" lon="-81.911960989236832" />
			<trkpt lat="36.589772952720523" lon="-81.912067942321301" />
			<trkpt lat="36.589815951883793" lon="-81.912174979224801" />
			<trkpt lat="36.589858951047063" lon="-81.91228193230927" />
			<trkpt lat="36.589944949373603" lon="-81.912475973367691" />
			<trkpt lat="36.589944949373603" lon="-81.912475973367691" />
			<trkpt lat="36.589987948536873" lon="-81.91256096586585" />
			<trkpt lat="36.589987948536873" lon="-81.91256096586585" />
			<trkpt lat="36.590115940198302" lon="-81.91262592561543" />
			<trkpt lat="36.590115940198302" lon="-81.91262592561543" />
			<trkpt lat="36.590094985440373" lon="-81.91260396502912" />
			<trkpt lat="36.590180983766913" lon="-81.91264696419239" />
			<trkpt lat="36.590223982930183" lon="-81.91268996335566" />
			<trkpt lat="36.590244937688112" lon="-81.91268996335566" />
			<trkpt lat="36.590244937688112" lon="-81.91268996335566" />
			<trkpt lat="36.590416934341192" lon="-81.91273296251893" />
			<trkpt lat="36.590480972081423" lon="-81.91273296251893" />
			<trkpt lat="36.590480972081423" lon="-81.91273296251893" />
			<trkpt lat="36.590652968734503" lon="-81.91275492310524" />
			<trkpt lat="36.590652968734503" lon="-81.91275492310524" />
			<trkpt lat="36.590824965387583" lon="-81.91290495917201" />
			<trkpt lat="36.590888919308782" lon="-81.912968996912241" />
			<trkpt lat="36.590931918472052" lon="-81.91303295083344" />
			<trkpt lat="36.591467941179872" lon="-81.912882998585701" />
			<trkpt lat="36.591489985585213" lon="-81.913183992728591" />
			<trkpt lat="36.591489985585213" lon="-81.913183992728591" />
			<trkpt lat="36.591553939506412" lon="-81.91320494748652" />
			<trkpt lat="36.591617977246642" lon="-81.913269991055131" />
			<trkpt lat="36.591639937832952" lon="-81.91335498355329" />
			<trkpt lat="36.591639937832952" lon="-81.91335498355329" />
			<trkpt lat="36.591682936996222" lon="-81.91341994330287" />
			<trkpt lat="36.591725936159492" lon="-81.91346294246614" />
			<trkpt lat="36.591789973899722" lon="-81.913590934127569" />
			<trkpt lat="36.591982925310731" lon="-81.91339798271656" />
			<trkpt lat="36.591982925310731" lon="-81.91339798271656" />
			<trkpt lat="36.591982925310731" lon="-81.91331198439002" />
			<trkpt lat="36.591982925310731" lon="-81.913226991891861" />
			<trkpt lat="36.591617977246642" lon="-81.91260396502912" />
			<trkpt lat="36.591489985585213" lon="-81.91256096586585" />
			<trkpt lat="36.591403987258673" lon="-81.91253992728889" />
			<trkpt lat="36.591403987258673" lon="-81.91253992728889" />
			<trkpt lat="36.591231990605593" lon="-81.91245392896235" />
			<trkpt lat="36.591145992279053" lon="-81.912475973367691" />
			<trkpt lat="36.591145992279053" lon="-81.912475973367691" />
			<trkpt lat="36.591103998944163" lon="-81.912475973367691" />
			<trkpt lat="36.591103998944163" lon="-81.912475973367691" />
			<trkpt lat="36.590995956212282" lon="-81.912389975041151" />
			<trkpt lat="36.590931918472052" lon="-81.91232493147254" />
			<trkpt lat="36.590866958722472" lon="-81.91228193230927" />
			<trkpt lat="36.590824965387583" lon="-81.91223993897438" />
			<trkpt lat="36.590802920982242" lon="-81.912174979224801" />
			<trkpt lat="36.590759921818972" lon="-81.912067942321301" />
			<trkpt lat="36.590716922655702" lon="-81.911960989236832" />
			<trkpt lat="36.590673923492432" lon="-81.911874990910292" />
			<trkpt lat="36.590609969571233" lon="-81.911809947341681" />
			<trkpt lat="36.590566970407963" lon="-81.911745993420482" />
			<trkpt lat="36.590502932667732" lon="-81.911681955680251" />
			<trkpt lat="36.590416934341192" lon="-81.911552958190441" />
			<trkpt lat="36.590351974591613" lon="-81.911509959027171" />
			<trkpt lat="36.590330936014652" lon="-81.911466959863901" />
			<trkpt lat="36.590223982930183" lon="-81.911187926307321" />
			<trkpt lat="36.590180983766913" lon="-81.911080973222852" />
			<trkpt lat="36.590137984603643" lon="-81.910973936319351" />
			<trkpt lat="36.590030947700143" lon="-81.910737985745072" />
			<trkpt lat="36.589987948536873" lon="-81.910629943013191" />
			<trkpt lat="36.589987948536873" lon="-81.910629943013191" />
			<trkpt lat="36.590008987113833" lon="-81.910458952188492" />
			<trkpt lat="36.590030947700143" lon="-81.910350993275642" />
			<trkpt lat="36.590030947700143" lon="-81.910307994112372" />
			<trkpt lat="36.590051986277103" lon="-81.910307994112372" />
			<trkpt lat="36.590051986277103" lon="-81.910307994112372" />
			<trkpt lat="36.590137984603643" lon="-81.910307994112372" />
			<trkpt lat="36.590201938524842" lon="-81.910307994112372" />
			<trkpt lat="36.590266982093453" lon="-81.910307994112372" />
			<trkpt lat="36.590351974591613" lon="-81.910307994112372" />
			<trkpt lat="36.590394973754883" lon="-81.910350993275642" />
			<trkpt lat="36.590738967061043" lon="-81.910737985745072" />
			<trkpt lat="36.590824965387583" lon="-81.910844938829541" />
			<trkpt lat="36.591038955375552" lon="-81.911037974059582" />
			<trkpt lat="36.591360988095403" lon="-81.911230925470591" />
			<trkpt lat="36.591489985585213" lon="-81.911294963210821" />
			<trkpt lat="36.591596938669682" lon="-81.911359922960401" />
			<trkpt lat="36.591682936996222" lon="-81.911423960700631" />
			<trkpt lat="36.591939926147461" lon="-81.911509959027171" />
			<trkpt lat="36.592326918616891" lon="-81.911573996767402" />
			<trkpt lat="36.592712989076972" lon="-81.911616995930672" />
			<trkpt lat="36.592841986566782" lon="-81.911616995930672" />
			<trkpt lat="36.59320592880249" lon="-81.911616995930672" />
			<trkpt lat="36.593441963195801" lon="-81.911638956516981" />
			<trkpt lat="36.593570960685611" lon="-81.911638956516981" />
			<trkpt lat="36.593806995078921" lon="-81.911638956516981" />
			<trkpt lat="36.593806995078921" lon="-81.911638956516981" />
			<trkpt lat="36.593935992568731" lon="-81.911638956516981" />
			<trkpt lat="36.5940429456532" lon="-81.911638956516981" />
			<trkpt lat="36.59417194314301" lon="-81.911638956516981" />
			<trkpt lat="36.594278980046511" lon="-81.911638956516981" />
			<trkpt lat="36.594622973352671" lon="-81.911724954843521" />
			<trkpt lat="36.594986999407411" lon="-81.911852946504951" />
			<trkpt lat="36.595115996897221" lon="-81.911895945668221" />
			<trkpt lat="36.595222949981689" lon="-81.911938944831491" />
			<trkpt lat="36.595480944961309" lon="-81.912024943158031" />
			<trkpt lat="36.595737934112549" lon="-81.912110941484571" />
			<trkpt lat="36.595973968505859" lon="-81.91219693981111" />
			<trkpt lat="36.596081927418709" lon="-81.91223993897438" />
			<trkpt lat="36.596209919080138" lon="-81.912260977551341" />
			<trkpt lat="36.596445953473449" lon="-81.91228193230927" />
			<trkpt lat="36.596681987866759" lon="-81.91232493147254" />
			<trkpt lat="36.596939982846379" lon="-81.91236793063581" />
			<trkpt lat="36.597347930073738" lon="-81.91241092979908" />
			<trkpt lat="36.597840953618288" lon="-81.91249692812562" />
			<trkpt lat="36.598098948597908" lon="-81.91256096586585" />
			<trkpt lat="36.598634971305728" lon="-81.91271192394197" />
			<trkpt lat="36.598849967122078" lon="-81.912796916440129" />
			<trkpt lat="36.599192954599857" lon="-81.91299095749855" />
			<trkpt lat="36.599428988993168" lon="-81.913140993565321" />
			<trkpt lat="36.599557986482978" lon="-81.91320494748652" />
			<trkpt lat="36.599900973960757" lon="-81.91339798271656" />
			<trkpt lat="36.600243961438537" lon="-81.913590934127569" />
			<trkpt lat="36.600587954744697" lon="-81.913848929107189" />
			<trkpt lat="36.600780989974737" lon="-81.914062919095159" />
			<trkpt lat="36.600952986627817" lon="-81.91427799873054" />
			<trkpt lat="36.601145938038826" lon="-81.91449299454689" />
			<trkpt lat="36.601316928863525" lon="-81.914728945121169" />
			<trkpt lat="36.601402927190065" lon="-81.91483598202467" />
			<trkpt lat="36.601595962420106" lon="-81.91500797867775" />
			<trkpt lat="36.601874995976686" lon="-81.915286928415298" />
			<trkpt lat="36.602067947387695" lon="-81.915457919239998" />
			<trkpt lat="36.602153945714235" lon="-81.915543917566538" />
			<trkpt lat="36.602368941530585" lon="-81.915886988863349" />
			<trkpt lat="36.602432979270816" lon="-81.915972987189889" />
			<trkpt lat="36.602432979270816" lon="-81.915972987189889" />
			<trkpt lat="36.602475978434086" lon="-81.916037946939468" />
			<trkpt lat="36.602582931518555" lon="-81.916208937764168" />
			<trkpt lat="36.602582931518555" lon="-81.916208937764168" />
			<trkpt lat="36.602561976760626" lon="-81.916294936090708" />
			<trkpt lat="36.602518977597356" lon="-81.916509931907058" />
			<trkpt lat="36.602518977597356" lon="-81.916509931907058" />
			<trkpt lat="36.602647975087166" lon="-81.916594924405217" />
			<trkpt lat="36.602711929008365" lon="-81.916616968810558" />
			<trkpt lat="36.602775966748595" lon="-81.916659967973828" />
			<trkpt lat="36.603140998631716" lon="-81.916873957961798" />
			<trkpt lat="36.603698981925845" lon="-81.917281989008188" />
			<trkpt lat="36.604406917467713" lon="-81.917925970628858" />
			<trkpt lat="36.604621997103095" lon="-81.918139960616827" />
			<trkpt lat="36.604814948514104" lon="-81.918375995010138" />
			<trkpt lat="36.605029944330454" lon="-81.918633989989758" />
			<trkpt lat="36.605200935155153" lon="-81.918912939727306" />
			<trkpt lat="36.605200935155153" lon="-81.918912939727306" />
			<trkpt lat="36.605458930134773" lon="-81.919320970773697" />
			<trkpt lat="36.605565967038274" lon="-81.919427923858166" />
			<trkpt lat="36.605565967038274" lon="-81.919427923858166" />
			<trkpt lat="36.605908954516053" lon="-81.919684996828437" />
			<trkpt lat="36.606316985562444" lon="-81.919899992644787" />
			<trkpt lat="36.606380939483643" lon="-81.919942991808057" />
			<trkpt lat="36.606423938646913" lon="-81.919985990971327" />
			<trkpt lat="36.606466937810183" lon="-81.919899992644787" />
			<trkpt lat="36.606466937810183" lon="-81.919835954904556" />
			<trkpt lat="36.606466937810183" lon="-81.919770995154977" />
			<trkpt lat="36.606466937810183" lon="-81.919663958251476" />
			<trkpt lat="36.606466937810183" lon="-81.919556921347976" />
			<trkpt lat="36.606466937810183" lon="-81.919320970773697" />
			<trkpt lat="36.606466937810183" lon="-81.919320970773697" />
			<trkpt lat="36.606531981378794" lon="-81.919169928878546" />
			<trkpt lat="36.606616973876953" lon="-81.919084936380386" />
			<trkpt lat="36.606702972203493" lon="-81.919019976630807" />
			<trkpt lat="36.606810931116343" lon="-81.918976977467537" />
			<trkpt lat="36.606938922777772" lon="-81.918933978304267" />
			<trkpt lat="36.607325999066234" lon="-81.918848985806108" />
			<trkpt lat="36.607432952150702" lon="-81.918783942237496" />
			<trkpt lat="36.607496989890933" lon="-81.918697943910956" />
			<trkpt lat="36.607582988217473" lon="-81.918590990826488" />
			<trkpt lat="36.607625987380743" lon="-81.918483953922987" />
			<trkpt lat="36.607646942138672" lon="-81.918333917856216" />
			<trkpt lat="36.607646942138672" lon="-81.918204920366406" />
			<trkpt lat="36.607625987380743" lon="-81.918054968118668" />
			<trkpt lat="36.607603942975402" lon="-81.917710974812508" />
			<trkpt lat="36.607582988217473" lon="-81.917539983987808" />
			<trkpt lat="36.607561949640512" lon="-81.917388942092657" />
			<trkpt lat="36.607539989054203" lon="-81.917238989844918" />
			<trkpt lat="36.607625987380743" lon="-81.916981916874647" />
			<trkpt lat="36.607625987380743" lon="-81.916981916874647" />
			<trkpt lat="36.607711985707283" lon="-81.916895918548107" />
			<trkpt lat="36.607839977368712" lon="-81.916809920221567" />
			<trkpt lat="36.607968974858522" lon="-81.916745966300368" />
			<trkpt lat="36.608097972348332" lon="-81.916680922731757" />
			<trkpt lat="36.608226969838142" lon="-81.916616968810558" />
			<trkpt lat="36.608397960662842" lon="-81.916594924405217" />
			<trkpt lat="36.608869945630431" lon="-81.916573969647288" />
			<trkpt lat="36.609191978350282" lon="-81.916573969647288" />
			<trkpt lat="36.609513927251101" lon="-81.916616968810558" />
			<trkpt lat="36.609985996037722" lon="-81.916637923568487" />
			<trkpt lat="36.61026494577527" lon="-81.916659967973828" />
			<trkpt lat="36.61052294075489" lon="-81.916594924405217" />
			<trkpt lat="36.61052294075489" lon="-81.916594924405217" />
			<trkpt lat="36.610629977658391" lon="-81.916509931907058" />
			<trkpt lat="36.61073693074286" lon="-81.916401972994208" />
			<trkpt lat="36.61118796095252" lon="-81.915886988863349" />
			<trkpt lat="36.611423995345831" lon="-81.915607955306768" />
			<trkpt lat="36.61178894340992" lon="-81.915200930088758" />
			<trkpt lat="36.61202497780323" lon="-81.91492198035121" />
			<trkpt lat="36.61241096444428" lon="-81.914470950141549" />
			<trkpt lat="36.6127759963274" lon="-81.91404196433723" />
			<trkpt lat="36.613011946901679" lon="-81.91378497518599" />
			<trkpt lat="36.613440932705998" lon="-81.91339798271656" />
			<trkpt lat="36.613547969609499" lon="-81.913269991055131" />
			<trkpt lat="36.613762965425849" lon="-81.912968996912241" />
			<trkpt lat="36.614384986460209" lon="-81.912024943158031" />
			<trkpt lat="36.614727973937988" lon="-81.911530997604132" />
			<trkpt lat="36.615049922838807" lon="-81.911058928817511" />
			<trkpt lat="36.615285957232118" lon="-81.910737985745072" />
			<trkpt lat="36.616058936342597" lon="-81.909964922815561" />
			<trkpt lat="36.616423968225718" lon="-81.909556975588202" />
			<trkpt lat="36.616530921310186" lon="-81.909385984763503" />
			<trkpt lat="36.616744995117188" lon="-81.909041991457343" />
			<trkpt lat="36.616744995117188" lon="-81.909041991457343" />
			<trkpt lat="36.617324938997626" lon="-81.908312933519483" />
			<trkpt lat="36.617989959195256" lon="-81.907582953572273" />
			<trkpt lat="36.618504943326116" lon="-81.907089930027723" />
			<trkpt lat="36.618654979392886" lon="-81.906981971114874" />
			<trkpt lat="36.618933929130435" lon="-81.906853979453444" />
			<trkpt lat="36.620027935132384" lon="-81.906402949243784" />
			<trkpt lat="36.620328929275274" lon="-81.906230952590704" />
			<trkpt lat="36.620435966178775" lon="-81.906102960929275" />
			<trkpt lat="36.620435966178775" lon="-81.906102960929275" />
			<trkpt lat="36.620564963668585" lon="-81.905951919034123" />
			<trkpt lat="36.620671916753054" lon="-81.905801966786385" />
			<trkpt lat="36.620778953656554" lon="-81.905630975961685" />
			<trkpt lat="36.620864951983094" lon="-81.905479934066534" />
			<trkpt lat="36.620972994714975" lon="-81.905308943241835" />
			<trkpt lat="36.621251944452524" lon="-81.905072992667556" />
			<trkpt lat="36.621379936113954" lon="-81.904964949935675" />
			<trkpt lat="36.621379936113954" lon="-81.904964949935675" />
			<trkpt lat="36.622366989031434" lon="-81.904321974143386" />
			<trkpt lat="36.623203922063112" lon="-81.903999941423535" />
			<trkpt lat="36.623332919552922" lon="-81.903999941423535" />
			<trkpt lat="36.623461917042732" lon="-81.904020980000496" />
			<trkpt lat="36.623461917042732" lon="-81.904020980000496" />
			<trkpt lat="36.623611953109503" lon="-81.904063979163766" />
			<trkpt lat="36.624083938077092" lon="-81.904192976653576" />
			<trkpt lat="36.624233974143863" lon="-81.904235975816846" />
			<trkpt lat="36.624383926391602" lon="-81.904278974980116" />
			<trkpt lat="36.624512923881412" lon="-81.904321974143386" />
			<trkpt lat="36.624641921371222" lon="-81.904235975816846" />
			<trkpt lat="36.624748958274722" lon="-81.904170932248235" />
			<trkpt lat="36.624877955764532" lon="-81.904063979163766" />
			<trkpt lat="36.625091945752501" lon="-81.903999941423535" />
			<trkpt lat="36.625091945752501" lon="-81.903999941423535" />
			<trkpt lat="36.625199988484383" lon="-81.903977980837226" />
			<trkpt lat="36.625285986810923" lon="-81.903999941423535" />
			<trkpt lat="36.625392939895391" lon="-81.904042940586805" />
			<trkpt lat="36.625499976798892" lon="-81.904128938913345" />
			<trkpt lat="36.625606929883361" lon="-81.904235975816846" />
			<trkpt lat="36.625692928209901" lon="-81.904342928901315" />
			<trkpt lat="36.625800970941782" lon="-81.904471926391125" />
			<trkpt lat="36.625907924026251" lon="-81.904578963294625" />
			<trkpt lat="36.626014960929751" lon="-81.904707960784435" />
			<trkpt lat="36.626100959256291" lon="-81.904771998524666" />
			<trkpt lat="36.626229956746101" lon="-81.904836958274245" />
			<trkpt lat="36.626379992812872" lon="-81.904836958274245" />
			<trkpt lat="36.626658942550421" lon="-81.904771998524666" />
			<trkpt lat="36.627495959401131" lon="-81.904514925554395" />
			<trkpt lat="36.62792494520545" lon="-81.904342928901315" />
			<trkpt lat="36.62805394269526" lon="-81.904299929738045" />
			<trkpt lat="36.628160979598761" lon="-81.904278974980116" />
			<trkpt lat="36.628267932683229" lon="-81.904278974980116" />
			<trkpt lat="36.62850396707654" lon="-81.904299929738045" />
			<trkpt lat="36.628611925989389" lon="-81.904364973306656" />
			<trkpt lat="36.628611925989389" lon="-81.904364973306656" />
			<trkpt lat="36.62876196205616" lon="-81.904449965804815" />
			<trkpt lat="36.629018951207399" lon="-81.904664961621165" />
			<trkpt lat="36.62942698225379" lon="-81.904964949935675" />
			<trkpt lat="36.62942698225379" lon="-81.904964949935675" />
			<trkpt lat="36.6295559797436" lon="-81.905072992667556" />
			<trkpt lat="36.629877928644419" lon="-81.905050948262215" />
			<trkpt lat="36.629877928644419" lon="-81.905050948262215" />
			<trkpt lat="36.630177916958928" lon="-81.905029993504286" />
			<trkpt lat="36.631829990074039" lon="-81.904943995177746" />
			<trkpt lat="36.632001986727118" lon="-81.904943995177746" />
			<trkpt lat="36.632151938974857" lon="-81.904900996014476" />
			<trkpt lat="36.632773960009217" lon="-81.904578963294625" />
			<trkpt lat="36.633374942466617" lon="-81.904235975816846" />
			<trkpt lat="36.633782973513007" lon="-81.903934981673956" />
			<trkpt lat="36.634297957643867" lon="-81.903419997543097" />
			<trkpt lat="36.634404994547367" lon="-81.903291922062635" />
			<trkpt lat="36.634619990363717" lon="-81.902990927919745" />
			<trkpt lat="36.634941939264536" lon="-81.902540987357497" />
			<trkpt lat="36.634941939264536" lon="-81.902540987357497" />
			<trkpt lat="36.635370925068855" lon="-81.901917960494757" />
			<trkpt lat="36.635370925068855" lon="-81.901917960494757" />
			<trkpt lat="36.635477961972356" lon="-81.901810923591256" />
			<trkpt lat="36.636056983843446" lon="-81.901338938623667" />
			<trkpt lat="36.636185981333256" lon="-81.901209941133857" />
			<trkpt lat="36.636679926887155" lon="-81.900759916752577" />
			<trkpt lat="36.636915961280465" lon="-81.900608958676457" />
			<trkpt lat="36.636915961280465" lon="-81.900608958676457" />
			<trkpt lat="36.637065997347236" lon="-81.900587920099497" />
			<trkpt lat="36.637215949594975" lon="-81.900566965341568" />
			<trkpt lat="36.637859931215644" lon="-81.900458922609687" />
			<trkpt lat="36.638009967282414" lon="-81.900415923446417" />
			<trkpt lat="36.638159919530153" lon="-81.900351969525218" />
			<trkpt lat="36.638309955596924" lon="-81.900287931784987" />
			<trkpt lat="36.638417998328805" lon="-81.900158934295177" />
			<trkpt lat="36.638867938891053" lon="-81.899664988741279" />
			<trkpt lat="36.639125933870673" lon="-81.899214964359999" />
			<trkpt lat="36.639361968263984" lon="-81.898720934987068" />
			<trkpt lat="36.639532959088683" lon="-81.898527983576059" />
			<trkpt lat="36.639532959088683" lon="-81.898527983576059" />
			<trkpt lat="36.639597918838263" lon="-81.898463945835829" />
			<trkpt lat="36.639704955741763" lon="-81.898506944999099" />
			<trkpt lat="36.639811992645264" lon="-81.898549944162369" />
			<trkpt lat="36.639919951558113" lon="-81.898613981902599" />
			<trkpt lat="36.640047943219543" lon="-81.898656981065869" />
			<trkpt lat="36.640176940709352" lon="-81.898720934987068" />
			<trkpt lat="36.640283977612853" lon="-81.898720934987068" />
			<trkpt lat="36.640412975102663" lon="-81.898742979392409" />
			<trkpt lat="36.640562927350402" lon="-81.898720934987068" />
			<trkpt lat="36.640670970082283" lon="-81.898634936660528" />
			<trkpt lat="36.640798961743712" lon="-81.898570982739329" />
			<trkpt lat="36.640884960070252" lon="-81.898441985249519" />
			<trkpt lat="36.640992918983102" lon="-81.89831399358809" />
			<trkpt lat="36.641206992790103" lon="-81.898034960031509" />
			<trkpt lat="36.642172923311591" lon="-81.897111944854259" />
			<trkpt lat="36.642301920801401" lon="-81.897004991769791" />
			<trkpt lat="36.642472995445132" lon="-81.89693994820118" />
			<trkpt lat="36.642601992934942" lon="-81.896918993443251" />
			<trkpt lat="36.642773989588022" lon="-81.896918993443251" />
			<trkpt lat="36.64313793182373" lon="-81.89693994820118" />
			<trkpt lat="36.64313793182373" lon="-81.89693994820118" />
			<trkpt lat="36.64330992847681" lon="-81.89689694903791" />
			<trkpt lat="36.643459964543581" lon="-81.896789995953441" />
			<trkpt lat="36.643738998100162" lon="-81.89653292298317" />
			<trkpt lat="36.643738998100162" lon="-81.89653292298317" />
			<trkpt lat="36.64466192945838" lon="-81.895523993298411" />
			<trkpt lat="36.644918918609619" lon="-81.895244959741831" />
			<trkpt lat="36.645176997408271" lon="-81.89496592618525" />
			<trkpt lat="36.645305994898081" lon="-81.89483692869544" />
			<trkpt lat="36.646377956494689" lon="-81.893806960433722" />
			<trkpt lat="36.646721949800849" lon="-81.893313936889172" />
			<trkpt lat="36.647021938115358" lon="-81.892862990498543" />
			<trkpt lat="36.647086981683969" lon="-81.892712954431772" />
			<trkpt lat="36.647107936441898" lon="-81.892562918365002" />
			<trkpt lat="36.647128975018859" lon="-81.892433920875192" />
			<trkpt lat="36.647086981683969" lon="-81.892283968627453" />
			<trkpt lat="36.6470439825207" lon="-81.892154971137643" />
			<trkpt lat="36.64691498503089" lon="-81.891811983659863" />
			<trkpt lat="36.64691498503089" lon="-81.891811983659863" />
			<trkpt lat="36.646892940625548" lon="-81.891639987006783" />
			<trkpt lat="36.64687198586762" lon="-81.891489950940013" />
			<trkpt lat="36.646892940625548" lon="-81.891339998692274" />
			<trkpt lat="36.647021938115358" lon="-81.890223948284984" />
			<trkpt lat="36.6470439825207" lon="-81.890030996873975" />
			<trkpt lat="36.64700098335743" lon="-81.889880960807204" />
			<trkpt lat="36.64691498503089" lon="-81.889150980859995" />
			<trkpt lat="36.646850947290659" lon="-81.888163927942514" />
			<trkpt lat="36.64682898670435" lon="-81.887755980715156" />
			<trkpt lat="36.64682898670435" lon="-81.887562945485115" />
			<trkpt lat="36.64678598754108" lon="-81.887004962190986" />
			<trkpt lat="36.64674298837781" lon="-81.886468939483166" />
			<trkpt lat="36.64674298837781" lon="-81.886468939483166" />
			<trkpt lat="36.64682898670435" lon="-81.886189989745617" />
			<trkpt lat="36.64682898670435" lon="-81.886189989745617" />
			<trkpt lat="36.64700098335743" lon="-81.885996954515576" />
			<trkpt lat="36.64700098335743" lon="-81.885996954515576" />
			<trkpt lat="36.647128975018859" lon="-81.885931994765997" />
			<trkpt lat="36.647279933094978" lon="-81.885867957025766" />
			<trkpt lat="36.647407924756408" lon="-81.885803919285536" />
			<trkpt lat="36.647536922246218" lon="-81.885738959535956" />
			<trkpt lat="36.647622920572758" lon="-81.885652961209416" />
			<trkpt lat="36.647729957476258" lon="-81.885545924305916" />
			<trkpt lat="36.647880999371409" lon="-81.885374933481216" />
			<trkpt lat="36.648094989359379" lon="-81.885180976241827" />
			<trkpt lat="36.648137988522649" lon="-81.885116938501596" />
			<trkpt lat="36.648180987685919" lon="-81.885095983743668" />
			<trkpt lat="36.648180987685919" lon="-81.885095983743668" />
			<trkpt lat="36.648180987685919" lon="-81.884987941011786" />
			<trkpt lat="36.648137988522649" lon="-81.884966986253858" />
			<trkpt lat="36.647579921409488" lon="-81.884301966056228" />
			<trkpt lat="36.64695798419416" lon="-81.883507948368788" />
			<trkpt lat="36.646592952311039" lon="-81.883056918159127" />
			<trkpt lat="36.6463359631598" lon="-81.882799929007888" />
			<trkpt lat="36.645841933786869" lon="-81.882327944040298" />
			<trkpt lat="36.64551998488605" lon="-81.882133986800909" />
			<trkpt lat="36.64532694965601" lon="-81.88204899430275" />
			<trkpt lat="36.645219996571541" lon="-81.882026949897408" />
			<trkpt lat="36.645133998245001" lon="-81.88200599513948" />
			<trkpt lat="36.645047999918461" lon="-81.88200599513948" />
			<trkpt lat="36.64485496468842" lon="-81.882112948223948" />
			<trkpt lat="36.64476896636188" lon="-81.882198946550488" />
			<trkpt lat="36.64476896636188" lon="-81.882198946550488" />
			<trkpt lat="36.64470492862165" lon="-81.882327944040298" />
			<trkpt lat="36.64466192945838" lon="-81.882455935701728" />
			<trkpt lat="36.644511977210641" lon="-81.882799929007888" />
			<trkpt lat="36.644511977210641" lon="-81.882799929007888" />
			<trkpt lat="36.64436093531549" lon="-81.882842928171158" />
			<trkpt lat="36.644253982231021" lon="-81.882842928171158" />
			<trkpt lat="36.644253982231021" lon="-81.882842928171158" />
			<trkpt lat="36.644167983904481" lon="-81.882799929007888" />
			<trkpt lat="36.644081985577941" lon="-81.882756929844618" />
			<trkpt lat="36.64401794783771" lon="-81.882713930681348" />
			<trkpt lat="36.643953993916512" lon="-81.882670931518078" />
			<trkpt lat="36.64397494867444" lon="-81.882606977596879" />
			<trkpt lat="36.644039992243052" lon="-81.882520979270339" />
			<trkpt lat="36.64414694532752" lon="-81.882284944877028" />
			<trkpt lat="36.64414694532752" lon="-81.882284944877028" />
			<trkpt lat="36.644296981394291" lon="-81.88200599513948" />
			<trkpt lat="36.644339980557561" lon="-81.8818339984864" />
			<trkpt lat="36.64436093531549" lon="-81.881661918014288" />
			<trkpt lat="36.644382979720831" lon="-81.88121197745204" />
			<trkpt lat="36.64440393447876" lon="-81.881103934720159" />
			<trkpt lat="36.644468978047371" lon="-81.88099698163569" />
			<trkpt lat="36.6445969697088" lon="-81.880760947242379" />
			<trkpt lat="36.6445969697088" lon="-81.880760947242379" />
			<trkpt lat="36.64466192945838" lon="-81.880631949752569" />
			<trkpt lat="36.64468296803534" lon="-81.88050395809114" />
			<trkpt lat="36.64470492862165" lon="-81.88037496060133" />
			<trkpt lat="36.64472596719861" lon="-81.880224924534559" />
			<trkpt lat="36.6450269613415" lon="-81.878808969631791" />
			<trkpt lat="36.64524095132947" lon="-81.878035990521312" />
			<trkpt lat="36.64532694965601" lon="-81.877756956964731" />
			<trkpt lat="36.64539098739624" lon="-81.877606920897961" />
			<trkpt lat="36.64547698572278" lon="-81.877284971997142" />
			<trkpt lat="36.64560598321259" lon="-81.876640990376472" />
			<trkpt lat="36.64564898237586" lon="-81.875782934948802" />
			<trkpt lat="36.64564898237586" lon="-81.875653937458992" />
			<trkpt lat="36.645626937970519" lon="-81.875546984374523" />
			<trkpt lat="36.64549894630909" lon="-81.875353949144483" />
			<trkpt lat="36.64549894630909" lon="-81.875353949144483" />
			<trkpt lat="36.64545594714582" lon="-81.875288989394903" />
			<trkpt lat="36.64536994881928" lon="-81.875203996896744" />
			<trkpt lat="36.64489796385169" lon="-81.874731928110123" />
			<trkpt lat="36.64481196552515" lon="-81.874623969197273" />
			<trkpt lat="36.64470492862165" lon="-81.874516932293773" />
			<trkpt lat="36.64457593113184" lon="-81.874258937314153" />
			<trkpt lat="36.64457593113184" lon="-81.874258937314153" />
			<trkpt lat="36.644511977210641" lon="-81.873915949836373" />
			<trkpt lat="36.644468978047371" lon="-81.873743953183293" />
			<trkpt lat="36.644468978047371" lon="-81.873743953183293" />
			<trkpt lat="36.644468978047371" lon="-81.873593917116523" />
			<trkpt lat="36.64453293196857" lon="-81.872048964723945" />
			<trkpt lat="36.644554976373911" lon="-81.871448988094926" />
			<trkpt lat="36.64457593113184" lon="-81.870868960395455" />
			<trkpt lat="36.64463996887207" lon="-81.869001975283027" />
			<trkpt lat="36.64470492862165" lon="-81.868830984458327" />
			<trkpt lat="36.64476896636188" lon="-81.868637949228287" />
			<trkpt lat="36.644918918609619" lon="-81.868272917345166" />
			<trkpt lat="36.64498396217823" lon="-81.868079965934157" />
			<trkpt lat="36.645004916936159" lon="-81.867886930704117" />
			<trkpt lat="36.64524095132947" lon="-81.865997985005379" />
			<trkpt lat="36.64528395049274" lon="-81.865568999201059" />
			<trkpt lat="36.645305994898081" lon="-81.865375963971019" />
			<trkpt lat="36.64532694965601" lon="-81.864796942099929" />
			<trkpt lat="36.645262995734811" lon="-81.864409949630499" />
			<trkpt lat="36.645133998245001" lon="-81.863787928596139" />
			<trkpt lat="36.645090999081731" lon="-81.86359497718513" />
			<trkpt lat="36.64494096301496" lon="-81.862113978713751" />
			<trkpt lat="36.64494096301496" lon="-81.862113978713751" />
			<trkpt lat="36.644875919446349" lon="-81.86192094348371" />
			<trkpt lat="36.64481196552515" lon="-81.861749952659011" />
			<trkpt lat="36.64472596719861" lon="-81.86155691742897" />
			<trkpt lat="36.644167983904481" lon="-81.860247999429703" />
			<trkpt lat="36.644081985577941" lon="-81.860118918120861" />
			<trkpt lat="36.6438889503479" lon="-81.859968965873122" />
			<trkpt lat="36.6438889503479" lon="-81.859968965873122" />
			<trkpt lat="36.643760958686471" lon="-81.859882967546582" />
			<trkpt lat="36.643631961196661" lon="-81.859817923977971" />
			<trkpt lat="36.643502963706851" lon="-81.859732931479812" />
			<trkpt lat="36.643373966217041" lon="-81.859667971730232" />
			<trkpt lat="36.64313793182373" lon="-81.859517935663462" />
			<trkpt lat="36.64313793182373" lon="-81.859517935663462" />
			<trkpt lat="36.643073977902532" lon="-81.859388938173652" />
			<trkpt lat="36.643030978739262" lon="-81.859238985925913" />
			<trkpt lat="36.642794944345951" lon="-81.858616964891553" />
			<trkpt lat="36.642794944345951" lon="-81.858616964891553" />
			<trkpt lat="36.642773989588022" lon="-81.858487967401743" />
			<trkpt lat="36.642794944345951" lon="-81.858230978250504" />
			<trkpt lat="36.642794944345951" lon="-81.858230978250504" />
			<trkpt lat="36.642858982086182" lon="-81.858101980760694" />
			<trkpt lat="36.642923941835761" lon="-81.857951944693923" />
			<trkpt lat="36.642966940999031" lon="-81.857822947204113" />
			<trkpt lat="36.642987979575992" lon="-81.857672994956374" />
			<trkpt lat="36.643009940162301" lon="-81.857543997466564" />
			<trkpt lat="36.643009940162301" lon="-81.857393961399794" />
			<trkpt lat="36.642944980412722" lon="-81.857243925333023" />
			<trkpt lat="36.642451956868172" lon="-81.855805926024914" />
			<trkpt lat="36.642322959378362" lon="-81.854560961946845" />
			<trkpt lat="36.642301920801401" lon="-81.854217974469066" />
			<trkpt lat="36.642301920801401" lon="-81.854045977815986" />
			<trkpt lat="36.642279960215092" lon="-81.853487994521856" />
			<trkpt lat="36.642279960215092" lon="-81.853144923225045" />
			<trkpt lat="36.642258921638131" lon="-81.852522986009717" />
			<trkpt lat="36.642258921638131" lon="-81.852393988519907" />
			<trkpt lat="36.642172923311591" lon="-81.852157954126596" />
			<trkpt lat="36.642150962725282" lon="-81.852028956636786" />
			<trkpt lat="36.642150962725282" lon="-81.852028956636786" />
			<trkpt lat="36.642086924985051" lon="-81.851921919733286" />
			<trkpt lat="36.642043925821781" lon="-81.851835921406746" />
			<trkpt lat="36.642000926658511" lon="-81.851749923080206" />
			<trkpt lat="36.642258921638131" lon="-81.851213984191418" />
			<trkpt lat="36.642386997118592" lon="-81.850376967340708" />
			<trkpt lat="36.642386997118592" lon="-81.850376967340708" />
			<trkpt lat="36.642429996281862" lon="-81.849883943796158" />
			<trkpt lat="36.642472995445132" lon="-81.849282961338758" />
			<trkpt lat="36.642537955194712" lon="-81.848981967195868" />
			<trkpt lat="36.642537955194712" lon="-81.848981967195868" />
			<trkpt lat="36.642579948529601" lon="-81.848681978881359" />
			<trkpt lat="36.642601992934942" lon="-81.848531942814589" />
			<trkpt lat="36.642622947692871" lon="-81.84838199056685" />
			<trkpt lat="36.642687991261482" lon="-81.84803799726069" />
			<trkpt lat="36.642687991261482" lon="-81.84803799726069" />
			<trkpt lat="36.642751945182681" lon="-81.847715964540839" />
			<trkpt lat="36.642751945182681" lon="-81.847715964540839" />
			<trkpt lat="36.642773989588022" lon="-81.847565928474069" />
			<trkpt lat="36.642794944345951" lon="-81.84741597622633" />
			<trkpt lat="36.642880942672491" lon="-81.84732997789979" />
			<trkpt lat="36.642944980412722" lon="-81.847222940996289" />
			<trkpt lat="36.643030978739262" lon="-81.84711598791182" />
			<trkpt lat="36.643202975392342" lon="-81.8468579929322" />
			<trkpt lat="36.643202975392342" lon="-81.8468579929322" />
			<trkpt lat="36.643288973718882" lon="-81.84672899544239" />
			<trkpt lat="36.64401794783771" lon="-81.846127929165959" />
			<trkpt lat="36.644296981394291" lon="-81.84595693834126" />
			<trkpt lat="36.644875919446349" lon="-81.845634989440441" />
			<trkpt lat="36.64515495300293" lon="-81.845484953373671" />
			<trkpt lat="36.64541294798255" lon="-81.845355955883861" />
			<trkpt lat="36.645798934623599" lon="-81.845140960067511" />
			<trkpt lat="36.645798934623599" lon="-81.845140960067511" />
			<trkpt lat="36.645927932113409" lon="-81.84507692232728" />
			<trkpt lat="36.64603496901691" lon="-81.84499092400074" />
			<trkpt lat="36.64612096734345" lon="-81.844733934849501" />
			<trkpt lat="36.64612096734345" lon="-81.844733934849501" />
			<trkpt lat="36.646313918754458" lon="-81.843939917162061" />
			<trkpt lat="36.6463359631598" lon="-81.843789964914322" />
			<trkpt lat="36.646356917917728" lon="-81.843681922182441" />
			<trkpt lat="36.646463954821229" lon="-81.843531969934702" />
			<trkpt lat="36.646635951474309" lon="-81.843595923855901" />
			<trkpt lat="36.646635951474309" lon="-81.843595923855901" />
			<trkpt lat="36.646721949800849" lon="-81.843638923019171" />
			<trkpt lat="36.64682898670435" lon="-81.843681922182441" />
			<trkpt lat="36.647643959149718" lon="-81.844239989295602" />
			<trkpt lat="36.647772956639528" lon="-81.844346942380071" />
			<trkpt lat="36.648502936586738" lon="-81.84486192651093" />
			<trkpt lat="36.648609973490238" lon="-81.8449049256742" />
			<trkpt lat="36.648738970980048" lon="-81.84494792483747" />
			<trkpt lat="36.648867968469858" lon="-81.84499092400074" />
			<trkpt lat="36.648995960131288" lon="-81.844969969242811" />
			<trkpt lat="36.649124957621098" lon="-81.844926970079541" />
			<trkpt lat="36.649253955110908" lon="-81.844819933176041" />
			<trkpt lat="36.649339953437448" lon="-81.844668975099921" />
			<trkpt lat="36.649403991177678" lon="-81.844518939033151" />
			<trkpt lat="36.649532988667488" lon="-81.844175951555371" />
			<trkpt lat="36.649596942588687" lon="-81.844003954902291" />
			<trkpt lat="36.649660980328918" lon="-81.843853918835521" />
			<trkpt lat="36.649746978655457" lon="-81.843703966587782" />
			<trkpt lat="36.649811938405037" lon="-81.843574969097972" />
			<trkpt lat="36.649897936731577" lon="-81.843510931357741" />
			<trkpt lat="36.650004973635077" lon="-81.843445971608162" />
			<trkpt lat="36.650090971961617" lon="-81.843381933867931" />
			<trkpt lat="36.650133971124887" lon="-81.843231981620193" />
			<trkpt lat="36.650133971124887" lon="-81.843123938888311" />
			<trkpt lat="36.650111926719546" lon="-81.842844989150763" />
			<trkpt lat="36.650111926719546" lon="-81.842844989150763" />
			<trkpt lat="36.650111926719546" lon="-81.842694953083992" />
			<trkpt lat="36.650197925046086" lon="-81.841707983985543" />
			<trkpt lat="36.650218963623047" lon="-81.841493993997574" />
			<trkpt lat="36.650283923372626" lon="-81.841385951265693" />
			<trkpt lat="36.650283923372626" lon="-81.841385951265693" />
			<trkpt lat="36.650433959439397" lon="-81.841321997344494" />
			<trkpt lat="36.650433959439397" lon="-81.841321997344494" />
			<trkpt lat="36.650519957765937" lon="-81.841278998181224" />
			<trkpt lat="36.650605956092477" lon="-81.841257959604263" />
			<trkpt lat="36.650841990485787" lon="-81.841149916872382" />
			<trkpt lat="36.650841990485787" lon="-81.841149916872382" />
			<trkpt lat="36.650862945243716" lon="-81.841149916872382" />
			<trkpt lat="36.650884989649057" lon="-81.841063918545842" />
			<trkpt lat="36.650841990485787" lon="-81.840913966298103" />
			<trkpt lat="36.650841990485787" lon="-81.840913966298103" />
			<trkpt lat="36.650669993832707" lon="-81.840334944427013" />
			<trkpt lat="36.650540996342897" lon="-81.839776961132884" />
			<trkpt lat="36.650240924209356" lon="-81.838510958477855" />
			<trkpt lat="36.649768939241767" lon="-81.836386984214187" />
			<trkpt lat="36.648652972653508" lon="-81.831601923331618" />
			<trkpt lat="36.647987952455878" lon="-81.829948928207159" />
			<trkpt lat="36.646807948127389" lon="-81.82833993807435" />
			<trkpt lat="36.644425978884101" lon="-81.824841918423772" />
			<trkpt lat="36.642687991261482" lon="-81.821816973388195" />
			<trkpt lat="36.641635978594422" lon="-81.818576948717237" />
			<trkpt lat="36.640777923166752" lon="-81.815293924883008" />
			<trkpt lat="36.640734924003482" lon="-81.81424199603498" />
			<trkpt lat="36.641035918146372" lon="-81.812482969835401" />
			<trkpt lat="36.641099955886602" lon="-81.812224974855781" />
			<trkpt lat="36.641807975247502" lon="-81.809306982904673" />
			<trkpt lat="36.641914928331971" lon="-81.808298975229263" />
			<trkpt lat="36.641871929168701" lon="-81.807547956705093" />
			<trkpt lat="36.641807975247502" lon="-81.806538943201303" />
			<trkpt lat="36.641657939180732" lon="-81.805272940546274" />
			<trkpt lat="36.641528941690922" lon="-81.804070975631475" />
			<trkpt lat="36.641464987769723" lon="-81.803641989827156" />
			<trkpt lat="36.641399944201112" lon="-81.803470999002457" />
			<trkpt lat="36.641335990279913" lon="-81.803276957944036" />
			<trkpt lat="36.641249991953373" lon="-81.803105967119336" />
			<trkpt lat="36.641142955049872" lon="-81.802955931052566" />
			<trkpt lat="36.640863921493292" lon="-81.802461985498667" />
			<trkpt lat="36.640498973429203" lon="-81.801603930070996" />
			<trkpt lat="36.640434935688972" lon="-81.801217943429947" />
			<trkpt lat="36.640412975102663" lon="-81.801023986190557" />
			<trkpt lat="36.640520934015512" lon="-81.799071924760938" />
			<trkpt lat="36.640391936525702" lon="-81.797333937138319" />
			<trkpt lat="36.640241984277964" lon="-81.79660395719111" />
			<trkpt lat="36.640176940709352" lon="-81.79643196053803" />
			<trkpt lat="36.640112986788154" lon="-81.79626096971333" />
			<trkpt lat="36.640026988461614" lon="-81.79613197222352" />
			<trkpt lat="36.639919951558113" lon="-81.79598193615675" />
			<trkpt lat="36.639811992645264" lon="-81.79585293866694" />
			<trkpt lat="36.639468921348453" lon="-81.795402998104692" />
			<trkpt lat="36.638266956433654" lon="-81.793921999633312" />
			<trkpt lat="36.637515937909484" lon="-81.793020945042372" />
			<trkpt lat="36.637258948758245" lon="-81.792827993631363" />
			<trkpt lat="36.637129951268435" lon="-81.792719950899482" />
			<trkpt lat="36.637000953778625" lon="-81.792676951736212" />
			<trkpt lat="36.636850917711854" lon="-81.792633952572942" />
			<trkpt lat="36.636700965464115" lon="-81.792569998651743" />
			<trkpt lat="36.635370925068855" lon="-81.792204966768622" />
			<trkpt lat="36.635026931762695" lon="-81.792076975107193" />
			<trkpt lat="36.635005977004766" lon="-81.792076975107193" />
			<trkpt lat="36.635026931762695" lon="-81.792076975107193" />
			<trkpt lat="36.635026931762695" lon="-81.792076975107193" />
			<trkpt lat="36.635048976168036" lon="-81.792097929865122" />
			<trkpt lat="36.635091975331306" lon="-81.792119974270463" />
			<trkpt lat="36.635134974494576" lon="-81.792119974270463" />
			<trkpt lat="36.635134974494576" lon="-81.792119974270463" />
		</trkseg>
	</trk>
</gpx>
