<?xml version="1.0" encoding="utf-8"?><gpx creator="Garmin Desktop App" version="1.1" xsi:schemaLocation="http://www.topografix.com/GPX/1/1 http://www.topografix.com/GPX/1/1/gpx.xsd http://www.garmin.com/xmlschemas/WaypointExtension/v1 http://www8.garmin.com/xmlschemas/WaypointExtensionv1.xsd http://www.garmin.com/xmlschemas/TrackPointExtension/v1 http://www.garmin.com/xmlschemas/TrackPointExtensionv1.xsd http://www.garmin.com/xmlschemas/GpxExtensions/v3 http://www8.garmin.com/xmlschemas/GpxExtensionsv3.xsd http://www.garmin.com/xmlschemas/ActivityExtension/v1 http://www8.garmin.com/xmlschemas/ActivityExtensionv1.xsd http://www.garmin.com/xmlschemas/AdventuresExtensions/v1 http://www8.garmin.com/xmlschemas/AdventuresExtensionv1.xsd http://www.garmin.com/xmlschemas/PressureExtension/v1 http://www.garmin.com/xmlschemas/PressureExtensionv1.xsd http://www.garmin.com/xmlschemas/TripExtensions/v1 http://www.garmin.com/xmlschemas/TripExtensionsv1.xsd http://www.garmin.com/xmlschemas/TripMetaDataExtensions/v1 http://www.garmin.com/xmlschemas/TripMetaDataExtensionsv1.xsd http://www.garmin.com/xmlschemas/ViaPointTransportationModeExtensions/v1 http://www.garmin.com/xmlschemas/ViaPointTransportationModeExtensionsv1.xsd http://www.garmin.com/xmlschemas/CreationTimeExtension/v1 http://www.garmin.com/xmlschemas/CreationTimeExtensionsv1.xsd http://www.garmin.com/xmlschemas/AccelerationExtension/v1 http://www.garmin.com/xmlschemas/AccelerationExtensionv1.xsd http://www.garmin.com/xmlschemas/PowerExtension/v1 http://www.garmin.com/xmlschemas/PowerExtensionv1.xsd http://www.garmin.com/xmlschemas/VideoExtension/v1 http://www.garmin.com/xmlschemas/VideoExtensionv1.xsd" xmlns="http://www.topografix.com/GPX/1/1" xmlns:xsi="http://www.w3.org/2001/XMLSchema-instance" xmlns:wptx1="http://www.garmin.com/xmlschemas/WaypointExtension/v1" xmlns:gpxtrx="http://www.garmin.com/xmlschemas/GpxExtensions/v3" xmlns:gpxtpx="http://www.garmin.com/xmlschemas/TrackPointExtension/v1" xmlns:gpxx="http://www.garmin.com/xmlschemas/GpxExtensions/v3" xmlns:trp="http://www.garmin.com/xmlschemas/TripExtensions/v1" xmlns:adv="http://www.garmin.com/xmlschemas/AdventuresExtensions/v1" xmlns:prs="http://www.garmin.com/xmlschemas/PressureExtension/v1" xmlns:tmd="http://www.garmin.com/xmlschemas/TripMetaDataExtensions/v1" xmlns:vptm="http://www.garmin.com/xmlschemas/ViaPointTransportationModeExtensions/v1" xmlns:ctx="http://www.garmin.com/xmlschemas/CreationTimeExtension/v1" xmlns:gpxacc="http://www.garmin.com/xmlschemas/AccelerationExtension/v1" xmlns:gpxpx="http://www.garmin.com/xmlschemas/PowerExtension/v1" xmlns:vidx1="http://www.garmin.com/xmlschemas/VideoExtension/v1">

  <metadata>
    <link href="http://www.garmin.com">
      <text>Garmin International</text>
    </link>
    <time>2026-04-26T14:28:36Z</time>
    <bounds maxlat="39.193984000012279" maxlon="-84.899345962330699" minlat="38.736164029687643" minlon="-85.339463017880917" />
  </metadata>

  <wpt lat="38.74352996237576" lon="-85.294586978852749">
    <time>2026-04-26T14:14:04Z</time>
    <name>Madison Indiana Dual Sport Loop 1</name>
    <cmt>Madison Indiana Dual Sport Loop 1</cmt>
    <desc>Madison Indiana Dual Sport Loop 1</desc>
    <sym>Flag, Blue</sym>
    <type>user</type>
    <extensions>
      <gpxx:WaypointExtension>
        <gpxx:DisplayMode>SymbolAndName</gpxx:DisplayMode>
      </gpxx:WaypointExtension>
      <wptx1:WaypointExtension>
        <wptx1:DisplayMode>SymbolAndName</wptx1:DisplayMode>
      </wptx1:WaypointExtension>
      <ctx:CreationTimeExtension>
        <ctx:CreationTime>2026-04-26T14:14:04Z</ctx:CreationTime>
      </ctx:CreationTimeExtension>
    </extensions>
  </wpt>

  <wpt lat="38.736164029687643" lon="-85.33893596380949">
    <time>2026-04-26T14:14:04Z</time>
    <name>Madison Indiana Dual Sport Loop 11</name>
    <cmt>Madison Indiana Dual Sport Loop 1</cmt>
    <desc>Madison Indiana Dual Sport Loop 1</desc>
    <sym>Flag, Blue</sym>
    <type>user</type>
    <extensions>
      <gpxx:WaypointExtension>
        <gpxx:DisplayMode>SymbolAndName</gpxx:DisplayMode>
      </gpxx:WaypointExtension>
      <wptx1:WaypointExtension>
        <wptx1:DisplayMode>SymbolAndName</wptx1:DisplayMode>
      </wptx1:WaypointExtension>
      <ctx:CreationTimeExtension>
        <ctx:CreationTime>2026-04-26T14:14:04Z</ctx:CreationTime>
      </ctx:CreationTimeExtension>
    </extensions>
  </wpt>

  <trk>
    <name>Madison Indiana Dual Sport Loop</name>
    <extensions>
      <gpxx:TrackExtension>
        <gpxx:DisplayColor>Magenta</gpxx:DisplayColor>
      </gpxx:TrackExtension>
    </extensions>
    <trkseg>
      <trkpt lat="38.74352996237576" lon="-85.294586978852749" />
      <trkpt lat="38.743548989295959" lon="-85.294152041897178" />
      <trkpt lat="38.743930030614138" lon="-85.294205015525222" />
      <trkpt lat="38.744792025536299" lon="-85.294693009927869" />
      <trkpt lat="38.746138997375965" lon="-85.295768994837999" />
      <trkpt lat="38.74705103226006" lon="-85.296448012813926" />
      <trkpt lat="38.747463002800941" lon="-85.296585978940129" />
      <trkpt lat="38.748064991086721" lon="-85.296677006408572" />
      <trkpt lat="38.748100027441978" lon="-85.29663098976016" />
      <trkpt lat="38.748142020776868" lon="-85.296563012525439" />
      <trkpt lat="38.748184014111757" lon="-85.29652495868504" />
      <trkpt lat="38.748251991346478" lon="-85.296509033069015" />
      <trkpt lat="38.748393980786204" lon="-85.296516995877028" />
      <trkpt lat="38.748764041811228" lon="-85.296654039993882" />
      <trkpt lat="38.749408023431897" lon="-85.296967020258307" />
      <trkpt lat="38.750002970919013" lon="-85.297326017171144" />
      <trkpt lat="38.750385018065572" lon="-85.297516034916043" />
      <trkpt lat="38.750526001676917" lon="-85.297600021585822" />
      <trkpt lat="38.750644018873572" lon="-85.297676967456937" />
      <trkpt lat="38.750831019133329" lon="-85.297814011573792" />
      <trkpt lat="38.75096102245152" lon="-85.297866985201836" />
      <trkpt lat="38.751181969419122" lon="-85.29792096465826" />
      <trkpt lat="38.751471983268857" lon="-85.29789799824357" />
      <trkpt lat="38.751941034570336" lon="-85.298065971583128" />
      <trkpt lat="38.752318974584341" lon="-85.298164961859584" />
      <trkpt lat="38.752632038667798" lon="-85.298188012093306" />
      <trkpt lat="38.752825995907187" lon="-85.29821801930666" />
      <trkpt lat="38.752986006438732" lon="-85.298302005976439" />
      <trkpt lat="38.753150040283799" lon="-85.298447012901306" />
      <trkpt lat="38.753692014142871" lon="-85.298973983153701" />
      <trkpt lat="38.753967024385929" lon="-85.2991640008986" />
      <trkpt lat="38.754633972421288" lon="-85.299232983961701" />
      <trkpt lat="38.754996992647648" lon="-85.299309007823467" />
      <trkpt lat="38.755363030359149" lon="-85.299362987279892" />
      <trkpt lat="38.75564499758184" lon="-85.299430964514613" />
      <trkpt lat="38.755930988118052" lon="-85.299439011141658" />
      <trkpt lat="38.756155958399177" lon="-85.299461977556348" />
      <trkpt lat="38.756205998361111" lon="-85.299461977556348" />
      <trkpt lat="38.756294008344412" lon="-85.299454014748335" />
      <trkpt lat="38.757121972739697" lon="-85.298707019537687" />
      <trkpt lat="38.758154958486557" lon="-85.298583973199129" />
      <trkpt lat="38.758197035640478" lon="-85.298583973199129" />
      <trkpt lat="38.758712019771338" lon="-85.298927966505289" />
      <trkpt lat="38.759025000035763" lon="-85.298942970111966" />
      <trkpt lat="38.759280983358622" lon="-85.298942970111966" />
      <trkpt lat="38.759418027475476" lon="-85.298996027559042" />
      <trkpt lat="38.759708041325212" lon="-85.299111027270555" />
      <trkpt lat="38.760162005200982" lon="-85.299362987279892" />
      <trkpt lat="38.760219002142549" lon="-85.299370028078556" />
      <trkpt lat="38.760570036247373" lon="-85.299407998099923" />
      <trkpt lat="38.760841023176908" lon="-85.299538001418114" />
      <trkpt lat="38.761100023984909" lon="-85.299599021673203" />
      <trkpt lat="38.761501014232635" lon="-85.299751991406083" />
      <trkpt lat="38.761694971472025" lon="-85.299798008054495" />
      <trkpt lat="38.762541962787509" lon="-85.299865985289216" />
      <trkpt lat="38.763453997671604" lon="-85.300477026030421" />
      <trkpt lat="38.764404002577066" lon="-85.300537962466478" />
      <trkpt lat="38.765158960595727" lon="-85.300193969160318" />
      <trkpt lat="38.765502031892538" lon="-85.300187012180686" />
      <trkpt lat="38.766304012387991" lon="-85.300178965553641" />
      <trkpt lat="38.766829976812005" lon="-85.29974402859807" />
      <trkpt lat="38.767745029181242" lon="-85.298104025423527" />
      <trkpt lat="38.768179966136813" lon="-85.297699011862278" />
      <trkpt lat="38.768774997442961" lon="-85.297387037426233" />
      <trkpt lat="38.768984964117408" lon="-85.297226021066308" />
      <trkpt lat="38.769355025142431" lon="-85.296967020258307" />
      <trkpt lat="38.769591981545091" lon="-85.296837016940117" />
      <trkpt lat="38.769931029528379" lon="-85.296669965609908" />
      <trkpt lat="38.770133033394814" lon="-85.296600982546806" />
      <trkpt lat="38.770327996462584" lon="-85.296585978940129" />
      <trkpt lat="38.77053402364254" lon="-85.296624032780528" />
      <trkpt lat="38.770893020555377" lon="-85.296792006120086" />
      <trkpt lat="38.771514035761356" lon="-85.296982023864985" />
      <trkpt lat="38.771689971908927" lon="-85.297028040513396" />
      <trkpt lat="38.771831039339304" lon="-85.297036003321409" />
      <trkpt lat="38.771960958838463" lon="-85.297013036906719" />
      <trkpt lat="38.772223982959986" lon="-85.296906000003219" />
      <trkpt lat="38.772757994011045" lon="-85.296714976429939" />
      <trkpt lat="38.773033004254103" lon="-85.296662002801895" />
      <trkpt lat="38.773212041705847" lon="-85.296646999195218" />
      <trkpt lat="38.774237986654043" lon="-85.296708019450307" />
      <trkpt lat="38.774607963860035" lon="-85.296745989471674" />
      <trkpt lat="38.774948017671704" lon="-85.296853026375175" />
      <trkpt lat="38.775244988501072" lon="-85.29695201665163" />
      <trkpt lat="38.775633992627263" lon="-85.297066010534763" />
      <trkpt lat="38.775768019258976" lon="-85.297097023576498" />
      <trkpt lat="38.776019979268312" lon="-85.29708101414144" />
      <trkpt lat="38.776896977797151" lon="-85.29697498306632" />
      <trkpt lat="38.77706503495574" lon="-85.296943970024586" />
      <trkpt lat="38.777426965534687" lon="-85.296921003609896" />
      <trkpt lat="38.777698036283255" lon="-85.296380035579205" />
      <trkpt lat="38.778235986828804" lon="-85.295707974582911" />
      <trkpt lat="38.778681987896562" lon="-85.295150997117162" />
      <trkpt lat="38.779093958437443" lon="-85.295120989903808" />
      <trkpt lat="38.779438035562634" lon="-85.295562967658043" />
      <trkpt lat="38.779735006392002" lon="-85.295502031221986" />
      <trkpt lat="38.780215959995985" lon="-85.294625032693148" />
      <trkpt lat="38.781725959852338" lon="-85.293862028047442" />
      <trkpt lat="38.781940033659339" lon="-85.293884994462132" />
      <trkpt lat="38.782096020877361" lon="-85.293992031365633" />
      <trkpt lat="38.782187970355153" lon="-85.294236028566957" />
      <trkpt lat="38.78219903446734" lon="-85.295670004561543" />
      <trkpt lat="38.782206997275352" lon="-85.296310968697071" />
      <trkpt lat="38.782214960083365" lon="-85.29637198895216" />
      <trkpt lat="38.782248990610242" lon="-85.296409958973527" />
      <trkpt lat="38.782283021137118" lon="-85.296409958973527" />
      <trkpt lat="38.782367007806897" lon="-85.296380035579205" />
      <trkpt lat="38.782440014183521" lon="-85.296280039474368" />
      <trkpt lat="38.782627014443278" lon="-85.295670004561543" />
      <trkpt lat="38.782778978347778" lon="-85.295158959925175" />
      <trkpt lat="38.782896995544434" lon="-85.294625032693148" />
      <trkpt lat="38.782980982214212" lon="-85.294143995270133" />
      <trkpt lat="38.783049965277314" lon="-85.293121989816427" />
      <trkpt lat="38.783095981925726" lon="-85.292756035923958" />
      <trkpt lat="38.78310302272439" lon="-85.292358985170722" />
      <trkpt lat="38.783130012452602" lon="-85.292206015437841" />
      <trkpt lat="38.783179968595505" lon="-85.292083974927664" />
      <trkpt lat="38.783278958871961" lon="-85.291993031278253" />
      <trkpt lat="38.783381972461939" lon="-85.291962018236518" />
      <trkpt lat="38.783480962738395" lon="-85.291954977437854" />
      <trkpt lat="38.783553969115019" lon="-85.291977021843195" />
      <trkpt lat="38.783634016290307" lon="-85.29203100129962" />
      <trkpt lat="38.783739963546395" lon="-85.292191011831164" />
      <trkpt lat="38.783782040700316" lon="-85.292228981852531" />
      <trkpt lat="38.783851023763418" lon="-85.292213978245854" />
      <trkpt lat="38.783893017098308" lon="-85.29218296520412" />
      <trkpt lat="38.783962000161409" lon="-85.292046004906297" />
      <trkpt lat="38.784018997102976" lon="-85.291885994374752" />
      <trkpt lat="38.784053027629852" lon="-85.291787004098296" />
      <trkpt lat="38.784045986831188" lon="-85.291474023833871" />
      <trkpt lat="38.784084040671587" lon="-85.291221980005503" />
      <trkpt lat="38.784129973500967" lon="-85.29108501970768" />
      <trkpt lat="38.78422100096941" lon="-85.291001033037901" />
      <trkpt lat="38.78441596403718" lon="-85.290802968665957" />
      <trkpt lat="38.784599024802446" lon="-85.290687968954444" />
      <trkpt lat="38.785003032535315" lon="-85.290245991200209" />
      <trkpt lat="38.785694036632776" lon="-85.289398999884725" />
      <trkpt lat="38.785923030227423" lon="-85.289200013503432" />
      <trkpt lat="38.786017997190356" lon="-85.289138993248343" />
      <trkpt lat="38.786083040758967" lon="-85.289116026833653" />
      <trkpt lat="38.7861970346421" lon="-85.289062969386578" />
      <trkpt lat="38.786293007433414" lon="-85.289009995758533" />
      <trkpt lat="38.786342041566968" lon="-85.288963979110122" />
      <trkpt lat="38.78636903129518" lon="-85.28891796246171" />
      <trkpt lat="38.786380011588335" lon="-85.288781002163887" />
      <trkpt lat="38.786375988274813" lon="-85.288643036037683" />
      <trkpt lat="38.786402978003025" lon="-85.288498029112816" />
      <trkpt lat="38.786459974944592" lon="-85.288284961134195" />
      <trkpt lat="38.786616967990994" lon="-85.287902997806668" />
      <trkpt lat="38.786745965480804" lon="-85.287606026977301" />
      <trkpt lat="38.786888038739562" lon="-85.287322970107198" />
      <trkpt lat="38.787071015685797" lon="-85.286843022331595" />
      <trkpt lat="38.78763503395021" lon="-85.285423966124654" />
      <trkpt lat="38.787737963721156" lon="-85.285194972530007" />
      <trkpt lat="38.787741987034678" lon="-85.285011995583773" />
      <trkpt lat="38.787750033661723" lon="-85.284890038892627" />
      <trkpt lat="38.787741987034678" lon="-85.284745031967759" />
      <trkpt lat="38.787684990093112" lon="-85.284461975097656" />
      <trkpt lat="38.787642996758223" lon="-85.284150000661612" />
      <trkpt lat="38.787627993151546" lon="-85.283967023715377" />
      <trkpt lat="38.78763503395021" lon="-85.283822016790509" />
      <trkpt lat="38.787650959566236" lon="-85.283699976280332" />
      <trkpt lat="38.787840977311134" lon="-85.282914005219936" />
      <trkpt lat="38.787871990352869" lon="-85.282752988860011" />
      <trkpt lat="38.787879031151533" lon="-85.282670008018613" />
      <trkpt lat="38.787879031151533" lon="-85.282631032168865" />
      <trkpt lat="38.787882970646024" lon="-85.282592978328466" />
      <trkpt lat="38.787895040586591" lon="-85.282508991658688" />
      <trkpt lat="38.787901997566223" lon="-85.282432967796922" />
      <trkpt lat="38.787928987294436" lon="-85.282302964478731" />
      <trkpt lat="38.788005011156201" lon="-85.282181007787585" />
      <trkpt lat="38.788428967818618" lon="-85.282379994168878" />
      <trkpt lat="38.788684029132128" lon="-85.282441014423966" />
      <trkpt lat="38.788950992748141" lon="-85.282471021637321" />
      <trkpt lat="38.789287023246288" lon="-85.282555008307099" />
      <trkpt lat="38.789661023765802" lon="-85.282676964998245" />
      <trkpt lat="38.790083974599838" lon="-85.282897995784879" />
      <trkpt lat="38.790710018947721" lon="-85.283279959112406" />
      <trkpt lat="38.790846979245543" lon="-85.283386996015906" />
      <trkpt lat="38.791015036404133" lon="-85.283593023195863" />
      <trkpt lat="38.791141016408801" lon="-85.283776000142097" />
      <trkpt lat="38.791229026392102" lon="-85.283997030928731" />
      <trkpt lat="38.791416026651859" lon="-85.284699015319347" />
      <trkpt lat="38.79152599722147" lon="-85.285011995583773" />
      <trkpt lat="38.791739987209439" lon="-85.285552963614464" />
      <trkpt lat="38.791907960548997" lon="-85.285942973569036" />
      <trkpt lat="38.792097978293896" lon="-85.286355027928948" />
      <trkpt lat="38.792339041829109" lon="-85.286903958767653" />
      <trkpt lat="38.792465021833777" lon="-85.287223979830742" />
      <trkpt lat="38.792549008503556" lon="-85.287513993680477" />
      <trkpt lat="38.792742965742946" lon="-85.28827004134655" />
      <trkpt lat="38.792906999588013" lon="-85.288902958855033" />
      <trkpt lat="38.793120989575982" lon="-85.289695970714092" />
      <trkpt lat="38.793281000107527" lon="-85.290207015350461" />
      <trkpt lat="38.793379990383983" lon="-85.290406001731753" />
      <trkpt lat="38.793483003973961" lon="-85.290581015869975" />
      <trkpt lat="38.793632034212351" lon="-85.29074102640152" />
      <trkpt lat="38.79386899061501" lon="-85.29091696254909" />
      <trkpt lat="38.794035958126187" lon="-85.291016036644578" />
      <trkpt lat="38.794364025816321" lon="-85.291146039962769" />
      <trkpt lat="38.79463903605938" lon="-85.291230026632547" />
      <trkpt lat="38.79485696554184" lon="-85.291314013302326" />
      <trkpt lat="38.795024016872048" lon="-85.291413003578782" />
      <trkpt lat="38.795130969956517" lon="-85.291520040482283" />
      <trkpt lat="38.79526499658823" lon="-85.291703017428517" />
      <trkpt lat="38.795317970216274" lon="-85.291787004098296" />
      <trkpt lat="38.795474963262677" lon="-85.291679967194796" />
      <trkpt lat="38.795555010437965" lon="-85.291641997173429" />
      <trkpt lat="38.795634973794222" lon="-85.291641997173429" />
      <trkpt lat="38.795733964070678" lon="-85.291664963588119" />
      <trkpt lat="38.795974021777511" lon="-85.291755991056561" />
      <trkpt lat="38.79603898152709" lon="-85.291793961077929" />
      <trkpt lat="38.796168984845281" lon="-85.291779041290283" />
      <trkpt lat="38.796306028962135" lon="-85.291725983843207" />
      <trkpt lat="38.796912962570786" lon="-85.291245030239224" />
      <trkpt lat="38.797241030260921" lon="-85.290878992527723" />
      <trkpt lat="38.797419983893633" lon="-85.290696015581489" />
      <trkpt lat="38.797611007466912" lon="-85.290542962029576" />
      <trkpt lat="38.797817034646869" lon="-85.29031396843493" />
      <trkpt lat="38.798072012141347" lon="-85.289924964308739" />
      <trkpt lat="38.798312991857529" lon="-85.28949799016118" />
      <trkpt lat="38.798561012372375" lon="-85.289047965779901" />
      <trkpt lat="38.798815989866853" lon="-85.288598025217652" />
      <trkpt lat="38.798976000398397" lon="-85.288437008857727" />
      <trkpt lat="38.799266014248133" lon="-85.288101984187961" />
      <trkpt lat="38.799403980374336" lon="-85.287919007241726" />
      <trkpt lat="38.799532977864146" lon="-85.287727983668447" />
      <trkpt lat="38.799673961475492" lon="-85.287491027265787" />
      <trkpt lat="38.79977697506547" lon="-85.2872399892658" />
      <trkpt lat="38.799900021404028" lon="-85.28687302954495" />
      <trkpt lat="38.80022800527513" lon="-85.28582101687789" />
      <trkpt lat="38.800262035802007" lon="-85.285592023283243" />
      <trkpt lat="38.800300005823374" lon="-85.285469982773066" />
      <trkpt lat="38.800368988886476" lon="-85.285393036901951" />
      <trkpt lat="38.800472002476454" lon="-85.285317013040185" />
      <trkpt lat="38.800597982481122" lon="-85.285278959199786" />
      <trkpt lat="38.800788000226021" lon="-85.28528599999845" />
      <trkpt lat="38.800902999937534" lon="-85.285264039412141" />
      <trkpt lat="38.80102101713419" lon="-85.285233026370406" />
      <trkpt lat="38.801139034330845" lon="-85.285172006115317" />
      <trkpt lat="38.801341960206628" lon="-85.285079972818494" />
      <trkpt lat="38.801483027637005" lon="-85.28500403277576" />
      <trkpt lat="38.801670027896762" lon="-85.284965978935361" />
      <trkpt lat="38.801859961822629" lon="-85.284934965893626" />
      <trkpt lat="38.802448036149144" lon="-85.284890038892627" />
      <trkpt lat="38.803057987242937" lon="-85.284904958680272" />
      <trkpt lat="38.803607001900673" lon="-85.284928008913994" />
      <trkpt lat="38.803832978010178" lon="-85.284881992265582" />
      <trkpt lat="38.804232962429523" lon="-85.284690968692303" />
      <trkpt lat="38.804443012923002" lon="-85.284630032256246" />
      <trkpt lat="38.804797986522317" lon="-85.284591978415847" />
      <trkpt lat="38.805029997602105" lon="-85.284606982022524" />
      <trkpt lat="38.805312970653176" lon="-85.284675965085626" />
      <trkpt lat="38.805655958130956" lon="-85.284745031967759" />
      <trkpt lat="38.805945971980691" lon="-85.284775039181113" />
      <trkpt lat="38.806098019704223" lon="-85.284783001989126" />
      <trkpt lat="38.806198015809059" lon="-85.284760035574436" />
      <trkpt lat="38.806323995813727" lon="-85.284699015319347" />
      <trkpt lat="38.806499009951949" lon="-85.284524001181126" />
      <trkpt lat="38.80660998634994" lon="-85.284440014511347" />
      <trkpt lat="38.806796986609697" lon="-85.284256031736732" />
      <trkpt lat="38.807024974375963" lon="-85.2841039840132" />
      <trkpt lat="38.807238964363933" lon="-85.284004993736744" />
      <trkpt lat="38.807528978213668" lon="-85.283967023715377" />
      <trkpt lat="38.807636015117168" lon="-85.283988984301686" />
      <trkpt lat="38.807742968201637" lon="-85.284050004556775" />
      <trkpt lat="38.807848999276757" lon="-85.284165004268289" />
      <trkpt lat="38.808035999536514" lon="-85.284424005076289" />
      <trkpt lat="38.808402959257364" lon="-85.284965978935361" />
      <trkpt lat="38.808867987245321" lon="-85.285614989697933" />
      <trkpt lat="38.809069991111755" lon="-85.285858986899257" />
      <trkpt lat="38.809283981099725" lon="-85.286095021292567" />
      <trkpt lat="38.809454971924424" lon="-85.286216977983713" />
      <trkpt lat="38.809668961912394" lon="-85.286285961046815" />
      <trkpt lat="38.809936009347439" lon="-85.286339018493891" />
      <trkpt lat="38.810187969356775" lon="-85.286355027928948" />
      <trkpt lat="38.810374969616532" lon="-85.286315968260169" />
      <trkpt lat="38.810428027063608" lon="-85.286285961046815" />
      <trkpt lat="38.810652997344732" lon="-85.286117987707257" />
      <trkpt lat="38.811037978157401" lon="-85.285836020484567" />
      <trkpt lat="38.811484985053539" lon="-85.285523040220141" />
      <trkpt lat="38.811629991978407" lon="-85.285408962517977" />
      <trkpt lat="38.811797965317965" lon="-85.285264039412141" />
      <trkpt lat="38.812060989439487" lon="-85.28500403277576" />
      <trkpt lat="38.812267016619444" lon="-85.284829018637538" />
      <trkpt lat="38.812430966645479" lon="-85.284736985340714" />
      <trkpt lat="38.812502967193723" lon="-85.28470697812736" />
      <trkpt lat="38.812614027410746" lon="-85.284690968692303" />
      <trkpt lat="38.81283899769187" lon="-85.284600025042892" />
      <trkpt lat="38.81298802793026" lon="-85.284492988139391" />
      <trkpt lat="38.813232025131583" lon="-85.284446971490979" />
      <trkpt lat="38.813404021784663" lon="-85.284386035054922" />
      <trkpt lat="38.813575012609363" lon="-85.284332977607846" />
      <trkpt lat="38.813696969300508" lon="-85.284301964566112" />
      <trkpt lat="38.813872989267111" lon="-85.284295007586479" />
      <trkpt lat="38.81425797007978" lon="-85.284325014799833" />
      <trkpt lat="38.814395014196634" lon="-85.284332977607846" />
      <trkpt lat="38.814635993912816" lon="-85.284272041171789" />
      <trkpt lat="38.814754011109471" lon="-85.284241028130054" />
      <trkpt lat="38.815249968320131" lon="-85.284118987619877" />
      <trkpt lat="38.815421964973211" lon="-85.284066013991833" />
      <trkpt lat="38.815825972706079" lon="-85.283874990418553" />
      <trkpt lat="38.815867966040969" lon="-85.283828973770142" />
      <trkpt lat="38.815921023488045" lon="-85.283776000142097" />
      <trkpt lat="38.816100982949138" lon="-85.283623030409217" />
      <trkpt lat="38.81640600040555" lon="-85.283325975760818" />
      <trkpt lat="38.816542960703373" lon="-85.28318096883595" />
      <trkpt lat="38.816814031451941" lon="-85.28294401243329" />
      <trkpt lat="38.817245028913021" lon="-85.282525001093745" />
      <trkpt lat="38.81745901890099" lon="-85.282273041084409" />
      <trkpt lat="38.817718019708991" lon="-85.282020997256041" />
      <trkpt lat="38.817885993048549" lon="-85.281792003661394" />
      <trkpt lat="38.818046003580093" lon="-85.281533002853394" />
      <trkpt lat="38.818164020776749" lon="-85.281350025907159" />
      <trkpt lat="38.818279020488262" lon="-85.281220022588968" />
      <trkpt lat="38.818626031279564" lon="-85.280906958505511" />
      <trkpt lat="38.818737007677555" lon="-85.280822971835732" />
      <trkpt lat="38.818816971033812" lon="-85.280792964622378" />
      <trkpt lat="38.818866005167365" lon="-85.280807968229055" />
      <trkpt lat="38.81891998462379" lon="-85.280822971835732" />
      <trkpt lat="38.818969018757343" lon="-85.280861025676131" />
      <trkpt lat="38.8190489821136" lon="-85.281075015664101" />
      <trkpt lat="38.819151995703578" lon="-85.281425965949893" />
      <trkpt lat="38.81919801235199" lon="-85.281662000343204" />
      <trkpt lat="38.819931009784341" lon="-85.281654959544539" />
      <trkpt lat="38.8204650208354" lon="-85.281669963151217" />
      <trkpt lat="38.820570968091488" lon="-85.281678009778261" />
      <trkpt lat="38.820700971409678" lon="-85.281730983406305" />
      <trkpt lat="38.820887971669436" lon="-85.281853023916483" />
      <trkpt lat="38.821188965812325" lon="-85.282043963670731" />
      <trkpt lat="38.821342019364238" lon="-85.282151000574231" />
      <trkpt lat="38.821394992992282" lon="-85.282166004180908" />
      <trkpt lat="38.821487026289105" lon="-85.282181007787585" />
      <trkpt lat="38.821791959926486" lon="-85.282166004180908" />
      <trkpt lat="38.821872007101774" lon="-85.282166004180908" />
      <trkpt lat="38.822371987625957" lon="-85.282113030552864" />
      <trkpt lat="38.823042958974838" lon="-85.282058967277408" />
      <trkpt lat="38.823794983327389" lon="-85.281968023627996" />
      <trkpt lat="38.825190989300609" lon="-85.281769037246704" />
      <trkpt lat="38.825714020058513" lon="-85.281693013384938" />
      <trkpt lat="38.825927004218102" lon="-85.281654959544539" />
      <trkpt lat="38.825953993946314" lon="-85.281654959544539" />
      <trkpt lat="38.826358001679182" lon="-85.281640039756894" />
      <trkpt lat="38.826800985261798" lon="-85.281646996736526" />
      <trkpt lat="38.827098039910197" lon="-85.281646996736526" />
      <trkpt lat="38.827158976346254" lon="-85.281654959544539" />
      <trkpt lat="38.828590018674731" lon="-85.281669963151217" />
      <trkpt lat="38.829199969768524" lon="-85.281693013384938" />
      <trkpt lat="38.829558966681361" lon="-85.281700976192951" />
      <trkpt lat="38.829806987196207" lon="-85.281708016991615" />
      <trkpt lat="38.830035980790854" lon="-85.281715979799628" />
      <trkpt lat="38.83161898702383" lon="-85.281777000054717" />
      <trkpt lat="38.832256011664867" lon="-85.281807007268071" />
      <trkpt lat="38.832381991669536" lon="-85.281814970076084" />
      <trkpt lat="38.832495985552669" lon="-85.281814970076084" />
      <trkpt lat="38.832793962210417" lon="-85.281823016703129" />
      <trkpt lat="38.832980962470174" lon="-85.281838020309806" />
      <trkpt lat="38.833118006587029" lon="-85.281875990331173" />
      <trkpt lat="38.833243986591697" lon="-85.281929969787598" />
      <trkpt lat="38.833290003240108" lon="-85.281944973394275" />
      <trkpt lat="38.83391504175961" lon="-85.282333977520466" />
      <trkpt lat="38.834116961807013" lon="-85.282425004988909" />
      <trkpt lat="38.834342015907168" lon="-85.282463980838656" />
      <trkpt lat="38.836047984659672" lon="-85.282333977520466" />
      <trkpt lat="38.836887013167143" lon="-85.282258037477732" />
      <trkpt lat="38.837138973176479" lon="-85.282249990850687" />
      <trkpt lat="38.837141990661621" lon="-85.281609026715159" />
      <trkpt lat="38.837165040895343" lon="-85.280303964391351" />
      <trkpt lat="38.837153976783156" lon="-85.276809968054295" />
      <trkpt lat="38.837135033681989" lon="-85.275857029482722" />
      <trkpt lat="38.837135033681989" lon="-85.275437012314796" />
      <trkpt lat="38.837138973176479" lon="-85.275344979017973" />
      <trkpt lat="38.837146013975143" lon="-85.275146998465061" />
      <trkpt lat="38.837150037288666" lon="-85.274665961042047" />
      <trkpt lat="38.837146013975143" lon="-85.274392040446401" />
      <trkpt lat="38.837146013975143" lon="-85.2742850035429" />
      <trkpt lat="38.837150037288666" lon="-85.274124993011355" />
      <trkpt lat="38.837150037288666" lon="-85.274063972756267" />
      <trkpt lat="38.837162023410201" lon="-85.273972023278475" />
      <trkpt lat="38.837188007310033" lon="-85.273864986374974" />
      <trkpt lat="38.837256990373135" lon="-85.273743029683828" />
      <trkpt lat="38.837379030883312" lon="-85.273635992780328" />
      <trkpt lat="38.837566031143069" lon="-85.27349098585546" />
      <trkpt lat="38.83769603446126" lon="-85.273369029164314" />
      <trkpt lat="38.837801981717348" lon="-85.273240031674504" />
      <trkpt lat="38.837889991700649" lon="-85.273095024749637" />
      <trkpt lat="38.837943971157074" lon="-85.272972984239459" />
      <trkpt lat="38.838034998625517" lon="-85.272727981209755" />
      <trkpt lat="38.838187968358397" lon="-85.272278040647507" />
      <trkpt lat="38.838232979178429" lon="-85.272178966552019" />
      <trkpt lat="38.838248988613486" lon="-85.272118030115962" />
      <trkpt lat="38.838259968906641" lon="-85.272064972668886" />
      <trkpt lat="38.838253011927009" lon="-85.271973023191094" />
      <trkpt lat="38.83825602941215" lon="-85.271843019872904" />
      <trkpt lat="38.838286958634853" lon="-85.271751992404461" />
      <trkpt lat="38.83830196224153" lon="-85.271554011851549" />
      <trkpt lat="38.838329035788774" lon="-85.271439012140036" />
      <trkpt lat="38.838362982496619" lon="-85.27134002186358" />
      <trkpt lat="38.838393995538354" lon="-85.271286964416504" />
      <trkpt lat="38.838519975543022" lon="-85.271133994683623" />
      <trkpt lat="38.838561968877912" lon="-85.271096024662256" />
      <trkpt lat="38.838595999404788" lon="-85.2710419613868" />
      <trkpt lat="38.838618965819478" lon="-85.2709970343858" />
      <trkpt lat="38.838645033538342" lon="-85.270897038280964" />
      <trkpt lat="38.838657019659877" lon="-85.270806010812521" />
      <trkpt lat="38.838645033538342" lon="-85.270661003887653" />
      <trkpt lat="38.838633969426155" lon="-85.270607024431229" />
      <trkpt lat="38.838603040203452" lon="-85.270531000569463" />
      <trkpt lat="38.838595999404788" lon="-85.270463023334742" />
      <trkpt lat="38.838595999404788" lon="-85.270408960059285" />
      <trkpt lat="38.838672023266554" lon="-85.270240986719728" />
      <trkpt lat="38.838767996057868" lon="-85.270034959539771" />
      <trkpt lat="38.838934963569045" lon="-85.269767995923758" />
      <trkpt lat="38.839049963280559" lon="-85.269561968743801" />
      <trkpt lat="38.839134033769369" lon="-85.269432971253991" />
      <trkpt lat="38.839191030710936" lon="-85.269302967935801" />
      <trkpt lat="38.839255990460515" lon="-85.269028041511774" />
      <trkpt lat="38.839281974360347" lon="-85.268769040703773" />
      <trkpt lat="38.839308964088559" lon="-85.268448013812304" />
      <trkpt lat="38.839363027364016" lon="-85.267883995547891" />
      <trkpt lat="38.839408038184047" lon="-85.267632035538554" />
      <trkpt lat="38.839462017640471" lon="-85.267402958124876" />
      <trkpt lat="38.839468974620104" lon="-85.26730396784842" />
      <trkpt lat="38.839466040953994" lon="-85.267234984785318" />
      <trkpt lat="38.83943896740675" lon="-85.267083020880818" />
      <trkpt lat="38.83939697407186" lon="-85.266823014244437" />
      <trkpt lat="38.839381970465183" lon="-85.266640037298203" />
      <trkpt lat="38.839359004050493" lon="-85.266242986544967" />
      <trkpt lat="38.839347017928958" lon="-85.265931012108922" />
      <trkpt lat="38.839347017928958" lon="-85.265739988535643" />
      <trkpt lat="38.839378030970693" lon="-85.265397001057863" />
      <trkpt lat="38.839400997385383" lon="-85.265229027718306" />
      <trkpt lat="38.839420024305582" lon="-85.265121990814805" />
      <trkpt lat="38.839450031518936" lon="-85.26496198028326" />
      <trkpt lat="38.839526977390051" lon="-85.264732986688614" />
      <trkpt lat="38.839541980996728" lon="-85.264664003625512" />
      <trkpt lat="38.83954600431025" lon="-85.264611029997468" />
      <trkpt lat="38.839529994875193" lon="-85.264442972838879" />
      <trkpt lat="38.839499987661839" lon="-85.264321016147733" />
      <trkpt lat="38.839462017640471" lon="-85.264123035594821" />
      <trkpt lat="38.839435027912259" lon="-85.263657001778483" />
      <trkpt lat="38.839359004050493" lon="-85.263092983514071" />
      <trkpt lat="38.839305024594069" lon="-85.262482026591897" />
      <trkpt lat="38.839305024594069" lon="-85.262298965826631" />
      <trkpt lat="38.839384987950325" lon="-85.261650960892439" />
      <trkpt lat="38.839466040953994" lon="-85.261170007288456" />
      <trkpt lat="38.83954600431025" lon="-85.260743033140898" />
      <trkpt lat="38.839721018448472" lon="-85.259727984666824" />
      <trkpt lat="38.839790001511574" lon="-85.259208977222443" />
      <trkpt lat="38.839233024045825" lon="-85.259208977222443" />
      <trkpt lat="38.838938986882567" lon="-85.259178970009089" />
      <trkpt lat="38.838497009128332" lon="-85.259118033573031" />
      <trkpt lat="38.838293999433517" lon="-85.259078973904252" />
      <trkpt lat="38.838217975571752" lon="-85.259063970297575" />
      <trkpt lat="38.837882028892636" lon="-85.259003033861518" />
      <trkpt lat="38.83780600503087" lon="-85.258995993062854" />
      <trkpt lat="38.837596038356423" lon="-85.258949976414442" />
      <trkpt lat="38.837328990921378" lon="-85.25885802693665" />
      <trkpt lat="38.837207034230232" lon="-85.258789965882897" />
      <trkpt lat="38.837116006761789" lon="-85.258689969778061" />
      <trkpt lat="38.836933029815555" lon="-85.258454019203782" />
      <trkpt lat="38.836420979350805" lon="-85.257843984290957" />
      <trkpt lat="38.83627999573946" lon="-85.2576760109514" />
      <trkpt lat="38.835398973897099" lon="-85.256706979125738" />
      <trkpt lat="38.835299983620644" lon="-85.256546968594193" />
      <trkpt lat="38.83520501665771" lon="-85.256356028839946" />
      <trkpt lat="38.835094040259719" lon="-85.256088981404901" />
      <trkpt lat="38.83503302000463" lon="-85.255898041650653" />
      <trkpt lat="38.83503302000463" lon="-85.255828974768519" />
      <trkpt lat="38.835036959499121" lon="-85.255753034725785" />
      <trkpt lat="38.83509797975421" lon="-85.255578020587564" />
      <trkpt lat="38.835154976695776" lon="-85.255310973152518" />
      <trkpt lat="38.835220020264387" lon="-85.25503596290946" />
      <trkpt lat="38.835289003327489" lon="-85.254700016230345" />
      <trkpt lat="38.835338037461042" lon="-85.254441015422344" />
      <trkpt lat="38.835429986938834" lon="-85.253890994936228" />
      <trkpt lat="38.835471980273724" lon="-85.253585977479815" />
      <trkpt lat="38.835651017725468" lon="-85.252769999206066" />
      <trkpt lat="38.835769034922123" lon="-85.252442015334964" />
      <trkpt lat="38.835905995219946" lon="-85.252189971506596" />
      <trkpt lat="38.836326012387872" lon="-85.251496033743024" />
      <trkpt lat="38.836502032354474" lon="-85.251236027106643" />
      <trkpt lat="38.836565986275673" lon="-85.2511449996382" />
      <trkpt lat="38.836592976003885" lon="-85.251076016575098" />
      <trkpt lat="38.83660102263093" lon="-85.251008039340377" />
      <trkpt lat="38.83660102263093" lon="-85.250709978863597" />
      <trkpt lat="38.836619965732098" lon="-85.250588022172451" />
      <trkpt lat="38.836653996258974" lon="-85.25048098526895" />
      <trkpt lat="38.836806965991855" lon="-85.250130034983158" />
      <trkpt lat="38.836897993460298" lon="-85.249955020844936" />
      <trkpt lat="38.836990026757121" lon="-85.249825017526746" />
      <trkpt lat="38.837047023698688" lon="-85.24977196007967" />
      <trkpt lat="38.83709697984159" lon="-85.249741030856967" />
      <trkpt lat="38.837183983996511" lon="-85.249717980623245" />
      <trkpt lat="38.837379030883312" lon="-85.249741030856967" />
      <trkpt lat="38.837759988382459" lon="-85.249832980334759" />
      <trkpt lat="38.838253011927009" lon="-85.249886037781835" />
      <trkpt lat="38.83860002271831" lon="-85.249894000589848" />
      <trkpt lat="38.838813006877899" lon="-85.249924007803202" />
      <trkpt lat="38.838908979669213" lon="-85.249939011409879" />
      <trkpt lat="38.83896597661078" lon="-85.24998502805829" />
      <trkpt lat="38.839049963280559" lon="-85.250091981142759" />
      <trkpt lat="38.839125987142324" lon="-85.250229025259614" />
      <trkpt lat="38.839182984083891" lon="-85.250419965013862" />
      <trkpt lat="38.839229000732303" lon="-85.250534964725375" />
      <trkpt lat="38.839293960481882" lon="-85.250573018565774" />
      <trkpt lat="38.839457994326949" lon="-85.250634038820863" />
      <trkpt lat="38.839820008724928" lon="-85.250817015767097" />
      <trkpt lat="38.839965015649796" lon="-85.250847022980452" />
      <trkpt lat="38.840098958462477" lon="-85.250854985788465" />
      <trkpt lat="38.840270033106208" lon="-85.25082397274673" />
      <trkpt lat="38.840434988960624" lon="-85.250786002725363" />
      <trkpt lat="38.840804966166615" lon="-85.250657005235553" />
      <trkpt lat="38.840915020555258" lon="-85.250573018565774" />
      <trkpt lat="38.840979980304837" lon="-85.250504035502672" />
      <trkpt lat="38.841060027480125" lon="-85.250412002205849" />
      <trkpt lat="38.84113303385675" lon="-85.250313011929393" />
      <trkpt lat="38.841186007484794" lon="-85.250190971419215" />
      <trkpt lat="38.841235963627696" lon="-85.249977987259626" />
      <trkpt lat="38.84124300442636" lon="-85.249687973409891" />
      <trkpt lat="38.841223977506161" lon="-85.2492989692837" />
      <trkpt lat="38.841212997213006" lon="-85.249038962647319" />
      <trkpt lat="38.841223977506161" lon="-85.248833019286394" />
      <trkpt lat="38.84128499776125" lon="-85.248565971851349" />
      <trkpt lat="38.841377031058073" lon="-85.248222984373569" />
      <trkpt lat="38.841624967753887" lon="-85.247604986652732" />
      <trkpt lat="38.841696968302131" lon="-85.247459979727864" />
      <trkpt lat="38.841795958578587" lon="-85.247353026643395" />
      <trkpt lat="38.842121008783579" lon="-85.24708597920835" />
      <trkpt lat="38.842314966022968" lon="-85.246887998655438" />
      <trkpt lat="38.842406999319792" lon="-85.246780961751938" />
      <trkpt lat="38.842498026788235" lon="-85.246659005060792" />
      <trkpt lat="38.842749986797571" lon="-85.246223984286189" />
      <trkpt lat="38.842860963195562" lon="-85.246047964319587" />
      <trkpt lat="38.843032037839293" lon="-85.245834980159998" />
      <trkpt lat="38.843158017843962" lon="-85.245704976841807" />
      <trkpt lat="38.843291960656643" lon="-85.245590982958674" />
      <trkpt lat="38.843418024480343" lon="-85.245460979640484" />
      <trkpt lat="38.843699991703033" lon="-85.245224023237824" />
      <trkpt lat="38.843901995569468" lon="-85.245049009099603" />
      <trkpt lat="38.84405798278749" lon="-85.244888998568058" />
      <trkpt lat="38.844223022460938" lon="-85.244637038558722" />
      <trkpt lat="38.844515969976783" lon="-85.244224984198809" />
      <trkpt lat="38.844748986884952" lon="-85.244079977273941" />
      <trkpt lat="38.84495903737843" lon="-85.243874033913016" />
      <trkpt lat="38.84508803486824" lon="-85.24364504031837" />
      <trkpt lat="38.845298001542687" lon="-85.243111029267311" />
      <trkpt lat="38.845516014844179" lon="-85.242768041789532" />
      <trkpt lat="38.845725981518626" lon="-85.242355987429619" />
      <trkpt lat="38.845787001773715" lon="-85.242149960249662" />
      <trkpt lat="38.845836035907269" lon="-85.241905963048339" />
      <trkpt lat="38.845859002321959" lon="-85.241722986102104" />
      <trkpt lat="38.845935026183724" lon="-85.241356026381254" />
      <trkpt lat="38.845984982326627" lon="-85.241181012243032" />
      <trkpt lat="38.846087995916605" lon="-85.240913964807987" />
      <trkpt lat="38.846297962591052" lon="-85.240539964288473" />
      <trkpt lat="38.84642000310123" lon="-85.240365033969283" />
      <trkpt lat="38.846626030281186" lon="-85.240090023726225" />
      <trkpt lat="38.847289960831404" lon="-85.239334981888533" />
      <trkpt lat="38.848220016807318" lon="-85.23842697031796" />
      <trkpt lat="38.848402993753552" lon="-85.23821298032999" />
      <trkpt lat="38.848476000130177" lon="-85.238091023638844" />
      <trkpt lat="38.848510030657053" lon="-85.237968983128667" />
      <trkpt lat="38.848522016778588" lon="-85.237838979810476" />
      <trkpt lat="38.848506007343531" lon="-85.237443018704653" />
      <trkpt lat="38.848495027050376" lon="-85.237304968759418" />
      <trkpt lat="38.848456973209977" lon="-85.235725985839963" />
      <trkpt lat="38.848414979875088" lon="-85.234391000121832" />
      <trkpt lat="38.848357982933521" lon="-85.234238030388951" />
      <trkpt lat="38.848392013460398" lon="-85.234162006527185" />
      <trkpt lat="38.848372986540198" lon="-85.233361031860113" />
      <trkpt lat="38.848361000418663" lon="-85.233062971383333" />
      <trkpt lat="38.848284976556897" lon="-85.229752035811543" />
      <trkpt lat="38.848257986828685" lon="-85.228974027559161" />
      <trkpt lat="38.848242983222008" lon="-85.228302972391248" />
      <trkpt lat="38.848242983222008" lon="-85.228202976286411" />
      <trkpt lat="38.848227979615331" lon="-85.227738032117486" />
      <trkpt lat="38.848236026242375" lon="-85.227569974958897" />
      <trkpt lat="38.848262010142207" lon="-85.227479031309485" />
      <trkpt lat="38.848308026790619" lon="-85.227409964427352" />
      <trkpt lat="38.848387990146875" lon="-85.227386998012662" />
      <trkpt lat="38.848564010113478" lon="-85.227349027991295" />
      <trkpt lat="38.849876029416919" lon="-85.227111987769604" />
      <trkpt lat="38.850376009941101" lon="-85.227028001099825" />
      <trkpt lat="38.850775994360447" lon="-85.226936973631382" />
      <trkpt lat="38.85119198821485" lon="-85.22684502415359" />
      <trkpt lat="38.851238004863262" lon="-85.226821973919868" />
      <trkpt lat="38.851287038996816" lon="-85.226769000291824" />
      <trkpt lat="38.851332971826196" lon="-85.226646959781647" />
      <trkpt lat="38.851345041766763" lon="-85.226540006697178" />
      <trkpt lat="38.851359961554408" lon="-85.226272959262133" />
      <trkpt lat="38.851374965161085" lon="-85.22611303254962" />
      <trkpt lat="38.85140597820282" lon="-85.225968025624752" />
      <trkpt lat="38.851444032043219" lon="-85.225884038954973" />
      <trkpt lat="38.851538999006152" lon="-85.225739032030106" />
      <trkpt lat="38.851730022579432" lon="-85.225548008456826" />
      <trkpt lat="38.85200503282249" lon="-85.225326977670193" />
      <trkpt lat="38.852183986455202" lon="-85.225251037627459" />
      <trkpt lat="38.852321030572057" lon="-85.225220024585724" />
      <trkpt lat="38.852568967267871" lon="-85.225235028192401" />
      <trkpt lat="38.852889994159341" lon="-85.225242991000414" />
      <trkpt lat="38.853199034929276" lon="-85.225242991000414" />
      <trkpt lat="38.853304982185364" lon="-85.225280961021781" />
      <trkpt lat="38.853430962190032" lon="-85.225326977670193" />
      <trkpt lat="38.853557026013732" lon="-85.225380035117269" />
      <trkpt lat="38.853713013231754" lon="-85.225395960733294" />
      <trkpt lat="38.853796999901533" lon="-85.225387997925282" />
      <trkpt lat="38.85387796908617" lon="-85.22531901486218" />
      <trkpt lat="38.853922979906201" lon="-85.225235028192401" />
      <trkpt lat="38.853953992947936" lon="-85.225097984075546" />
      <trkpt lat="38.853953992947936" lon="-85.224479986354709" />
      <trkpt lat="38.853953992947936" lon="-85.223312973976135" />
      <trkpt lat="38.853946030139923" lon="-85.222480986267328" />
      <trkpt lat="38.853942006826401" lon="-85.222268002107739" />
      <trkpt lat="38.853934966027737" lon="-85.221931971609592" />
      <trkpt lat="38.853934966027737" lon="-85.2215810213238" />
      <trkpt lat="38.853922979906201" lon="-85.22145101800561" />
      <trkpt lat="38.853995986282825" lon="-85.221192017197609" />
      <trkpt lat="38.854109980165958" lon="-85.220741992816329" />
      <trkpt lat="38.854419020935893" lon="-85.219422010704875" />
      <trkpt lat="38.854591017588973" lon="-85.21865900605917" />
      <trkpt lat="38.854705011472106" lon="-85.218238988891244" />
      <trkpt lat="38.854788998141885" lon="-85.218071015551686" />
      <trkpt lat="38.854866027832031" lon="-85.217979988083243" />
      <trkpt lat="38.855132991448045" lon="-85.217773960903287" />
      <trkpt lat="38.855376988649368" lon="-85.217590983957052" />
      <trkpt lat="38.85587302967906" lon="-85.21726300008595" />
      <trkpt lat="38.855926003307104" lon="-85.217216983437538" />
      <trkpt lat="38.857157975435257" lon="-85.216248035430908" />
      <trkpt lat="38.85740197263658" lon="-85.216079978272319" />
      <trkpt lat="38.85757002979517" lon="-85.21599599160254" />
      <trkpt lat="38.857730040326715" lon="-85.215958021581173" />
      <trkpt lat="38.857982000336051" lon="-85.215904964134097" />
      <trkpt lat="38.858511988073587" lon="-85.21586699411273" />
      <trkpt lat="38.858802001923323" lon="-85.215850984677672" />
      <trkpt lat="38.859053961932659" lon="-85.21586699411273" />
      <trkpt lat="38.859451012685895" lon="-85.215904964134097" />
      <trkpt lat="38.860564967617393" lon="-85.216064974665642" />
      <trkpt lat="38.861071988940239" lon="-85.216110991314054" />
      <trkpt lat="38.86117902584374" lon="-85.216110991314054" />
      <trkpt lat="38.861351022496819" lon="-85.216004038229585" />
      <trkpt lat="38.862461037933826" lon="-85.215020002797246" />
      <trkpt lat="38.863105019554496" lon="-85.214424971491098" />
      <trkpt lat="38.863657973706722" lon="-85.213929014280438" />
      <trkpt lat="38.864013031125069" lon="-85.213585020974278" />
      <trkpt lat="38.864498008042574" lon="-85.213082022964954" />
      <trkpt lat="38.865111982449889" lon="-85.212455978617072" />
      <trkpt lat="38.865303006023169" lon="-85.212250035256147" />
      <trkpt lat="38.865553960204124" lon="-85.212136041373014" />
      <trkpt lat="38.865680024027824" lon="-85.212112991139293" />
      <trkpt lat="38.865882027894258" lon="-85.21210502833128" />
      <trkpt lat="38.86627497151494" lon="-85.21210502833128" />
      <trkpt lat="38.867317009717226" lon="-85.21210502833128" />
      <trkpt lat="38.869025995954871" lon="-85.212090024724603" />
      <trkpt lat="38.869808027520776" lon="-85.212090024724603" />
      <trkpt lat="38.870013970881701" lon="-85.212090024724603" />
      <trkpt lat="38.870516968891025" lon="-85.212112991139293" />
      <trkpt lat="38.870697012171149" lon="-85.212142998352647" />
      <trkpt lat="38.870773036032915" lon="-85.211861031129956" />
      <trkpt lat="38.870833972468972" lon="-85.211602030321956" />
      <trkpt lat="38.870894992724061" lon="-85.211158962920308" />
      <trkpt lat="38.87091401964426" lon="-85.210763001814485" />
      <trkpt lat="38.870903039351106" lon="-85.210206024348736" />
      <trkpt lat="38.870848976075649" lon="-85.209130039438605" />
      <trkpt lat="38.870800025761127" lon="-85.208779005333781" />
      <trkpt lat="38.870796002447605" lon="-85.208664005622268" />
      <trkpt lat="38.870712015777826" lon="-85.208146004006267" />
      <trkpt lat="38.870520992204547" lon="-85.206406004726887" />
      <trkpt lat="38.87046399526298" lon="-85.205955980345607" />
      <trkpt lat="38.870368022471666" lon="-85.205337982624769" />
      <trkpt lat="38.870329968631268" lon="-85.2049720287323" />
      <trkpt lat="38.870329968631268" lon="-85.204643961042166" />
      <trkpt lat="38.870353018864989" lon="-85.204460984095931" />
      <trkpt lat="38.870375985279679" lon="-85.204345984384418" />
      <trkpt lat="38.870562985539436" lon="-85.203498993068933" />
      <trkpt lat="38.870650995522738" lon="-85.20280497148633" />
      <trkpt lat="38.876064028590918" lon="-85.202850988134742" />
      <trkpt lat="38.877192987129092" lon="-85.202865991741419" />
      <trkpt lat="38.877346040681005" lon="-85.202865991741419" />
      <trkpt lat="38.877426004037261" lon="-85.202858028933406" />
      <trkpt lat="38.884963011369109" lon="-85.202995995059609" />
      <trkpt lat="38.885233998298645" lon="-85.202988032251596" />
      <trkpt lat="38.885317984968424" lon="-85.202813018113375" />
      <trkpt lat="38.885359978303313" lon="-85.197944976389408" />
      <trkpt lat="38.885398032143712" lon="-85.193520002067089" />
      <trkpt lat="38.88543700799346" lon="-85.185920968651772" />
      <trkpt lat="38.885432984679937" lon="-85.184662006795406" />
      <trkpt lat="38.885425021871924" lon="-85.184319019317627" />
      <trkpt lat="38.885405994951725" lon="-85.183770004659891" />
      <trkpt lat="38.885386968031526" lon="-85.183167010545731" />
      <trkpt lat="38.885368024930358" lon="-85.182357989251614" />
      <trkpt lat="38.885230980813503" lon="-85.17824599519372" />
      <trkpt lat="38.885199967771769" lon="-85.177529007196426" />
      <trkpt lat="38.885181024670601" lon="-85.176948979496956" />
      <trkpt lat="38.885172978043556" lon="-85.176445981487632" />
      <trkpt lat="38.885181024670601" lon="-85.176155967637897" />
      <trkpt lat="38.885203991085291" lon="-85.175934014841914" />
      <trkpt lat="38.885233998298645" lon="-85.17579697072506" />
      <trkpt lat="38.885275991633534" lon="-85.175660010427237" />
      <trkpt lat="38.885516971349716" lon="-85.175072019919753" />
      <trkpt lat="38.885748982429504" lon="-85.17453096807003" />
      <trkpt lat="38.886112002655864" lon="-85.173737034201622" />
      <trkpt lat="38.88619196601212" lon="-85.173538969829679" />
      <trkpt lat="38.886375026777387" lon="-85.172944022342563" />
      <trkpt lat="38.886444009840488" lon="-85.172775965183973" />
      <trkpt lat="38.887397032231092" lon="-85.173249039798975" />
      <trkpt lat="38.888717014342546" lon="-85.173858990892768" />
      <trkpt lat="38.888911977410316" lon="-85.173957981169224" />
      <trkpt lat="38.889034017920494" lon="-85.17403501085937" />
      <trkpt lat="38.889205008745193" lon="-85.17416400834918" />
      <trkpt lat="38.889366025105119" lon="-85.174309015274048" />
      <trkpt lat="38.889568028971553" lon="-85.174514958634973" />
      <trkpt lat="38.890102040022612" lon="-85.17510998994112" />
      <trkpt lat="38.890373026952147" lon="-85.175446020439267" />
      <trkpt lat="38.890677960589528" lon="-85.175842987373471" />
      <trkpt lat="38.891367958858609" lon="-85.176781006157398" />
      <trkpt lat="38.891727039590478" lon="-85.177253996953368" />
      <trkpt lat="38.89229197986424" lon="-85.178039968013763" />
      <trkpt lat="38.892580987885594" lon="-85.178437018766999" />
      <trkpt lat="38.89274200424552" lon="-85.178642962127924" />
      <trkpt lat="38.892745021730661" lon="-85.178428972139955" />
      <trkpt lat="38.892730018123984" lon="-85.177742997184396" />
      <trkpt lat="38.892695987597108" lon="-85.175422970205545" />
      <trkpt lat="38.892688024789095" lon="-85.174653008580208" />
      <trkpt lat="38.892676960676908" lon="-85.173812974244356" />
      <trkpt lat="38.892664974555373" lon="-85.17218797467649" />
      <trkpt lat="38.892646031454206" lon="-85.170578984543681" />
      <trkpt lat="38.892631027847528" lon="-85.169860990718007" />
      <trkpt lat="38.892627004534006" lon="-85.169159006327391" />
      <trkpt lat="38.892612000927329" lon="-85.168396001681685" />
      <trkpt lat="38.892585011199117" lon="-85.164719028398395" />
      <trkpt lat="38.892585011199117" lon="-85.162850031629205" />
      <trkpt lat="38.892684001475573" lon="-85.162681974470615" />
      <trkpt lat="38.892752984538674" lon="-85.162545014172792" />
      <trkpt lat="38.892897991463542" lon="-85.162285007536411" />
      <trkpt lat="38.893062025308609" lon="-85.162041010335088" />
      <trkpt lat="38.893183981999755" lon="-85.161865996196866" />
      <trkpt lat="38.893313985317945" lon="-85.161720989271998" />
      <trkpt lat="38.893553959205747" lon="-85.161415971815586" />
      <trkpt lat="38.895354978740215" lon="-85.159233994781971" />
      <trkpt lat="38.89598798006773" lon="-85.158439977094531" />
      <trkpt lat="38.896113960072398" lon="-85.158264962956309" />
      <trkpt lat="38.89622401446104" lon="-85.158081986010075" />
      <trkpt lat="38.896349994465709" lon="-85.157830026000738" />
      <trkpt lat="38.896433981135488" lon="-85.157646965235472" />
      <trkpt lat="38.89661000110209" lon="-85.157646965235472" />
      <trkpt lat="38.896677978336811" lon="-85.157639002427459" />
      <trkpt lat="38.897322965785861" lon="-85.157661968842149" />
      <trkpt lat="38.898845035582781" lon="-85.157676972448826" />
      <trkpt lat="38.900081031024456" lon="-85.157700022682548" />
      <trkpt lat="38.900732975453138" lon="-85.157707985490561" />
      <trkpt lat="38.90167904086411" lon="-85.157700022682548" />
      <trkpt lat="38.902125963941216" lon="-85.157691976055503" />
      <trkpt lat="38.90219796448946" lon="-85.157700022682548" />
      <trkpt lat="38.902267031371593" lon="-85.157715026289225" />
      <trkpt lat="38.902336014434695" lon="-85.157746039330959" />
      <trkpt lat="38.902393011376262" lon="-85.157784009352326" />
      <trkpt lat="38.902487978339195" lon="-85.157890962436795" />
      <trkpt lat="38.902800958603621" lon="-85.158288013190031" />
      <trkpt lat="38.902907995507121" lon="-85.158387003466487" />
      <trkpt lat="38.90296901576221" lon="-85.158424973487854" />
      <trkpt lat="38.903033975511789" lon="-85.158463027328253" />
      <trkpt lat="38.903102036565542" lon="-85.158485993742943" />
      <trkpt lat="38.903244026005268" lon="-85.158516000956297" />
      <trkpt lat="38.903316026553512" lon="-85.15852396376431" />
      <trkpt lat="38.903385009616613" lon="-85.15852396376431" />
      <trkpt lat="38.903530016541481" lon="-85.15850099734962" />
      <trkpt lat="38.903816007077694" lon="-85.158439977094531" />
      <trkpt lat="38.903888007625937" lon="-85.158433020114899" />
      <trkpt lat="38.903956990689039" lon="-85.158424973487854" />
      <trkpt lat="38.904028991237283" lon="-85.158439977094531" />
      <trkpt lat="38.904094034805894" lon="-85.158463027328253" />
      <trkpt lat="38.904277011752129" lon="-85.158577021211386" />
      <trkpt lat="38.90434599481523" lon="-85.15860803425312" />
      <trkpt lat="38.904414977878332" lon="-85.158623037859797" />
      <trkpt lat="38.904486978426576" lon="-85.158623037859797" />
      <trkpt lat="38.9045599848032" lon="-85.158615997061133" />
      <trkpt lat="38.904627962037921" lon="-85.158593030646443" />
      <trkpt lat="38.904761988669634" lon="-85.158538967370987" />
      <trkpt lat="38.904884029179811" lon="-85.158470990136266" />
      <trkpt lat="38.904998023062944" lon="-85.158379040658474" />
      <trkpt lat="38.905158033594489" lon="-85.158234033733606" />
      <trkpt lat="38.905303040519357" lon="-85.158074023202062" />
      <trkpt lat="38.905432960018516" lon="-85.157898003235459" />
      <trkpt lat="38.905478976666927" lon="-85.157845029607415" />
      <trkpt lat="38.905532034114003" lon="-85.157791972160339" />
      <trkpt lat="38.905596993863583" lon="-85.157760959118605" />
      <trkpt lat="38.905665976926684" lon="-85.157746039330959" />
      <trkpt lat="38.905810983851552" lon="-85.157722989097238" />
      <trkpt lat="38.906021034345031" lon="-85.157707985490561" />
      <trkpt lat="38.906238041818142" lon="-85.157707985490561" />
      <trkpt lat="38.906454965472221" lon="-85.157722989097238" />
      <trkpt lat="38.906603995710611" lon="-85.157731035724282" />
      <trkpt lat="38.906672978773713" lon="-85.157737992703915" />
      <trkpt lat="38.906951006501913" lon="-85.157821979373693" />
      <trkpt lat="38.907024012878537" lon="-85.157830026000738" />
      <trkpt lat="38.907096013426781" lon="-85.157830026000738" />
      <trkpt lat="38.907367000356317" lon="-85.157769005745649" />
      <trkpt lat="38.907648967579007" lon="-85.157691976055503" />
      <trkpt lat="38.907721973955631" lon="-85.157685019075871" />
      <trkpt lat="38.907797997817397" lon="-85.157676972448826" />
      <trkpt lat="38.907866980880499" lon="-85.157685019075871" />
      <trkpt lat="38.908073008060455" lon="-85.157746039330959" />
      <trkpt lat="38.908343994989991" lon="-85.157836982980371" />
      <trkpt lat="38.908545998856425" lon="-85.157914012670517" />
      <trkpt lat="38.909129966050386" lon="-85.158195979893208" />
      <trkpt lat="38.909449987113476" lon="-85.158370994031429" />
      <trkpt lat="38.909579990431666" lon="-85.158433020114899" />
      <trkpt lat="38.909919038414955" lon="-85.158562017604709" />
      <trkpt lat="38.910049041733146" lon="-85.158623037859797" />
      <trkpt lat="38.910170998424292" lon="-85.158707024529576" />
      <trkpt lat="38.910278035327792" lon="-85.158798974007368" />
      <trkpt lat="38.910377025604248" lon="-85.158906010910869" />
      <trkpt lat="38.910601995885372" lon="-85.159202981740236" />
      <trkpt lat="38.910652035847306" lon="-85.159256039187312" />
      <trkpt lat="38.910709032788873" lon="-85.159301972016692" />
      <trkpt lat="38.910778015851974" lon="-85.159325022250414" />
      <trkpt lat="38.910845993086696" lon="-85.159332985058427" />
      <trkpt lat="38.910923022776842" lon="-85.159325022250414" />
      <trkpt lat="38.910986976698041" lon="-85.15929501503706" />
      <trkpt lat="38.911182023584843" lon="-85.159195018932223" />
      <trkpt lat="38.911308003589511" lon="-85.159127041697502" />
      <trkpt lat="38.911375980824232" lon="-85.159096028655767" />
      <trkpt lat="38.911448987200856" lon="-85.159072978422046" />
      <trkpt lat="38.9115209877491" lon="-85.159072978422046" />
      <trkpt lat="38.911659037694335" lon="-85.159118995070457" />
      <trkpt lat="38.911731038242579" lon="-85.159118995070457" />
      <trkpt lat="38.91180002130568" lon="-85.15910399146378" />
      <trkpt lat="38.912132028490305" lon="-85.15897398814559" />
      <trkpt lat="38.912952030077577" lon="-85.158699983730912" />
      <trkpt lat="38.913307003676891" lon="-85.15860803425312" />
      <trkpt lat="38.913379004225135" lon="-85.158599987626076" />
      <trkpt lat="38.913447987288237" lon="-85.15860803425312" />
      <trkpt lat="38.91351998783648" lon="-85.158638963475823" />
      <trkpt lat="38.913585031405091" lon="-85.158677017316222" />
      <trkpt lat="38.913634987547994" lon="-85.158738037571311" />
      <trkpt lat="38.913660971447825" lon="-85.158798974007368" />
      <trkpt lat="38.913715034723282" lon="-85.15908102504909" />
      <trkpt lat="38.913738001137972" lon="-85.159150008112192" />
      <trkpt lat="38.913763985037804" lon="-85.159211028367281" />
      <trkpt lat="38.913799021393061" lon="-85.159279005602002" />
      <trkpt lat="38.914195988327265" lon="-85.159881999716163" />
      <trkpt lat="38.914287015795708" lon="-85.159989036619663" />
      <trkpt lat="38.914435962215066" lon="-85.160148963332176" />
      <trkpt lat="38.914896966889501" lon="-85.160607034340501" />
      <trkpt lat="38.915168037638068" lon="-85.160851031541824" />
      <trkpt lat="38.915451010689139" lon="-85.161080025136471" />
      <trkpt lat="38.915569027885795" lon="-85.16116401180625" />
      <trkpt lat="38.915699031203985" lon="-85.161231989040971" />
      <trkpt lat="38.916483996436" lon="-85.161583023145795" />
      <trkpt lat="38.916552979499102" lon="-85.161605989560485" />
      <trkpt lat="38.916697986423969" lon="-85.16163700260222" />
      <trkpt lat="38.916838970035315" lon="-85.161652006208897" />
      <trkpt lat="38.916988000273705" lon="-85.161652006208897" />
      <trkpt lat="38.917209031060338" lon="-85.161629039794207" />
      <trkpt lat="38.917495021596551" lon="-85.161575982347131" />
      <trkpt lat="38.917640028521419" lon="-85.161575982347131" />
      <trkpt lat="38.917891988530755" lon="-85.161583023145795" />
      <trkpt lat="38.917933981865644" lon="-85.161583023145795" />
      <trkpt lat="38.91822399571538" lon="-85.161568019539118" />
      <trkpt lat="38.918258026242256" lon="-85.161568019539118" />
      <trkpt lat="38.918295996263623" lon="-85.161575982347131" />
      <trkpt lat="38.918364979326725" lon="-85.161599032580853" />
      <trkpt lat="38.918433962389827" lon="-85.16163700260222" />
      <trkpt lat="38.918490959331393" lon="-85.161689976230264" />
      <trkpt lat="38.918533036485314" lon="-85.16174403950572" />
      <trkpt lat="38.918726993724704" lon="-85.162041010335088" />
      <trkpt lat="38.918903013691306" lon="-85.1623460277915" />
      <trkpt lat="38.918964033946395" lon="-85.162476031109691" />
      <trkpt lat="38.919078027829528" lon="-85.162742994725704" />
      <trkpt lat="38.919208031147718" lon="-85.162995038554072" />
      <trkpt lat="38.919265028089285" lon="-85.163125041872263" />
      <trkpt lat="38.919386984780431" lon="-85.163475992158055" />
      <trkpt lat="38.919417997822165" lon="-85.163537012413144" />
      <trkpt lat="38.919455967843533" lon="-85.163604989647865" />
      <trkpt lat="38.919582031667233" lon="-85.163781009614468" />
      <trkpt lat="38.919692002236843" lon="-85.163963986560702" />
      <trkpt lat="38.919829968363047" lon="-85.164216030389071" />
      <trkpt lat="38.919868022203445" lon="-85.164284007623792" />
      <trkpt lat="38.919910015538335" lon="-85.164337987080216" />
      <trkpt lat="38.919959971681237" lon="-85.164399007335305" />
      <trkpt lat="38.920013029128313" lon="-85.164444018155336" />
      <trkpt lat="38.920127023011446" lon="-85.164535967633128" />
      <trkpt lat="38.920185025781393" lon="-85.164589025080204" />
      <trkpt lat="38.920233976095915" lon="-85.164643004536629" />
      <trkpt lat="38.920279992744327" lon="-85.164695978164673" />
      <trkpt lat="38.920317962765694" lon="-85.164756998419762" />
      <trkpt lat="38.920348975807428" lon="-85.16481801867485" />
      <trkpt lat="38.920378983020782" lon="-85.164887001737952" />
      <trkpt lat="38.920398009940982" lon="-85.164955984801054" />
      <trkpt lat="38.920429022982717" lon="-85.165093028917909" />
      <trkpt lat="38.920486019924283" lon="-85.165597032755613" />
      <trkpt lat="38.92052398994565" lon="-85.165810016915202" />
      <trkpt lat="38.920600013807416" lon="-85.166169013828039" />
      <trkpt lat="38.920757006853819" lon="-85.166802015155554" />
      <trkpt lat="38.920840993523598" lon="-85.167083982378244" />
      <trkpt lat="38.921089014038444" lon="-85.167770963162184" />
      <trkpt lat="38.921218011528254" lon="-85.16819098033011" />
      <trkpt lat="38.921271990984678" lon="-85.168328024446964" />
      <trkpt lat="38.921301998198032" lon="-85.168388960883021" />
      <trkpt lat="38.921343991532922" lon="-85.168458027765155" />
      <trkpt lat="38.921390008181334" lon="-85.168518964201212" />
      <trkpt lat="38.921439964324236" lon="-85.168563975021243" />
      <trkpt lat="38.921500984579325" lon="-85.168609991669655" />
      <trkpt lat="38.921755962073803" lon="-85.16874703578651" />
      <trkpt lat="38.921870961785316" lon="-85.168831022456288" />
      <trkpt lat="38.921927958726883" lon="-85.1688770391047" />
      <trkpt lat="38.921973975375295" lon="-85.168931018561125" />
      <trkpt lat="38.922012029215693" lon="-85.168992038816214" />
      <trkpt lat="38.922042036429048" lon="-85.169060016050935" />
      <trkpt lat="38.92206902615726" lon="-85.169128999114037" />
      <trkpt lat="38.922111019492149" lon="-85.16926595941186" />
      <trkpt lat="38.922133985906839" lon="-85.169335026293993" />
      <trkpt lat="38.922163993120193" lon="-85.169404009357095" />
      <trkpt lat="38.922232976183295" lon="-85.169525966048241" />
      <trkpt lat="38.922401033341885" lon="-85.169762000441551" />
      <trkpt lat="38.922491976991296" lon="-85.169884040951729" />
      <trkpt lat="38.922546040266752" lon="-85.169938020408154" />
      <trkpt lat="38.922603037208319" lon="-85.169975990429521" />
      <trkpt lat="38.92267202027142" lon="-85.170013960450888" />
      <trkpt lat="38.922744020819664" lon="-85.170028964057565" />
      <trkpt lat="38.92316797748208" lon="-85.170074980705976" />
      <trkpt lat="38.923453968018293" lon="-85.170113034546375" />
      <trkpt lat="38.924174979329109" lon="-85.170128038153052" />
      <trkpt lat="38.924464993178844" lon="-85.170128038153052" />
      <trkpt lat="38.924915017560124" lon="-85.170104987919331" />
      <trkpt lat="38.924910994246602" lon="-85.169815979897976" />
      <trkpt lat="38.924930021166801" lon="-85.169510040432215" />
      <trkpt lat="38.924957010895014" lon="-85.169030008837581" />
      <trkpt lat="38.924987018108368" lon="-85.167945977300406" />
      <trkpt lat="38.925018031150103" lon="-85.1651849783957" />
      <trkpt lat="38.925045020878315" lon="-85.164444018155336" />
      <trkpt lat="38.925021970644593" lon="-85.1636360026896" />
      <trkpt lat="38.925029011443257" lon="-85.163498036563396" />
      <trkpt lat="38.92505600117147" lon="-85.163369039073586" />
      <trkpt lat="38.925097994506359" lon="-85.163230989128351" />
      <trkpt lat="38.925174018368125" lon="-85.163018004968762" />
      <trkpt lat="38.925189021974802" lon="-85.162940975278616" />
      <trkpt lat="38.925196984782815" lon="-85.162872998043895" />
      <trkpt lat="38.925196984782815" lon="-85.162720028311014" />
      <trkpt lat="38.925174018368125" lon="-85.162498997524381" />
      <trkpt lat="38.925132025033236" lon="-85.162223987281322" />
      <trkpt lat="38.925090031698346" lon="-85.162011003121734" />
      <trkpt lat="38.925051977857947" lon="-85.16187303699553" />
      <trkpt lat="38.925003027543426" lon="-85.161735992878675" />
      <trkpt lat="38.924972014501691" lon="-85.161667009815574" />
      <trkpt lat="38.924818960949779" lon="-85.16142301261425" />
      <trkpt lat="38.924750983715057" lon="-85.16129401512444" />
      <trkpt lat="38.924593990668654" lon="-85.160957984626293" />
      <trkpt lat="38.924568006768823" lon="-85.160889001563191" />
      <trkpt lat="38.924532970413566" lon="-85.160827981308103" />
      <trkpt lat="38.924484020099044" lon="-85.160766961053014" />
      <trkpt lat="38.924427023157477" lon="-85.160721028223634" />
      <trkpt lat="38.924285033717752" lon="-85.160660007968545" />
      <trkpt lat="38.924228036776185" lon="-85.160614997148514" />
      <trkpt lat="38.924185959622264" lon="-85.160561017692089" />
      <trkpt lat="38.924152012914419" lon="-85.160499997437" />
      <trkpt lat="38.924098033457994" lon="-85.16036999411881" />
      <trkpt lat="38.924056962132454" lon="-85.160240996629" />
      <trkpt lat="38.923954032361507" lon="-85.159820979461074" />
      <trkpt lat="38.923846995458007" lon="-85.159325022250414" />
      <trkpt lat="38.923754962161183" lon="-85.15882202424109" />
      <trkpt lat="38.923721015453339" lon="-85.158683974295855" />
      <trkpt lat="38.923652032390237" lon="-85.15847803093493" />
      <trkpt lat="38.923571985214949" lon="-85.158126996830106" />
      <trkpt lat="38.923525968566537" lon="-85.157990036532283" />
      <trkpt lat="38.92346897162497" lon="-85.157860033214092" />
      <trkpt lat="38.923438964411616" lon="-85.157799012959003" />
      <trkpt lat="38.923362018540502" lon="-85.157676972448826" />
      <trkpt lat="38.923191027715802" lon="-85.157441021874547" />
      <trkpt lat="38.922995980829" lon="-85.157136004418135" />
      <trkpt lat="38.922885004431009" lon="-85.156952021643519" />
      <trkpt lat="38.922820966690779" lon="-85.156823024153709" />
      <trkpt lat="38.922766987234354" lon="-85.156693020835519" />
      <trkpt lat="38.922702027484775" lon="-85.156479030847549" />
      <trkpt lat="38.922648970037699" lon="-85.156265962868929" />
      <trkpt lat="38.922621980309486" lon="-85.156127996742725" />
      <trkpt lat="38.922606976702809" lon="-85.155976032838225" />
      <trkpt lat="38.922599013894796" lon="-85.155761959031224" />
      <trkpt lat="38.922599013894796" lon="-85.155548974871635" />
      <trkpt lat="38.922630026936531" lon="-85.155044971033931" />
      <trkpt lat="38.922652993351221" lon="-85.154824024066329" />
      <trkpt lat="38.922657016664743" lon="-85.154679017141461" />
      <trkpt lat="38.922636983916163" lon="-85.154396966099739" />
      <trkpt lat="38.922606976702809" lon="-85.154113993048668" />
      <trkpt lat="38.922591973096132" lon="-85.154030006378889" />
      <trkpt lat="38.922569006681442" lon="-85.153901008889079" />
      <trkpt lat="38.922549979761243" lon="-85.153823979198933" />
      <trkpt lat="38.922531036660075" lon="-85.153748039156199" />
      <trkpt lat="38.92250002361834" lon="-85.153678972274065" />
      <trkpt lat="38.922461969777942" lon="-85.153618035838008" />
      <trkpt lat="38.922367002815008" lon="-85.15349599532783" />
      <trkpt lat="38.922163993120193" lon="-85.153283011168242" />
      <trkpt lat="38.922111019492149" lon="-85.15323699451983" />
      <trkpt lat="38.922049999237061" lon="-85.153190977871418" />
      <trkpt lat="38.921924019232392" lon="-85.153121994808316" />
      <trkpt lat="38.921656971797347" lon="-85.152992997318506" />
      <trkpt lat="38.921539038419724" lon="-85.15291596762836" />
      <trkpt lat="38.921427978202701" lon="-85.152816977351904" />
      <trkpt lat="38.921379027888179" lon="-85.15276400372386" />
      <trkpt lat="38.921337034553289" lon="-85.152710024267435" />
      <trkpt lat="38.9212950412184" lon="-85.152656966820359" />
      <trkpt lat="38.921234020963311" lon="-85.152535010129213" />
      <trkpt lat="38.921180041506886" lon="-85.152397966012359" />
      <trkpt lat="38.921141987666488" lon="-85.152259999886155" />
      <trkpt lat="38.921131007373333" lon="-85.152183976024389" />
      <trkpt lat="38.921122960746288" lon="-85.152038969099522" />
      <trkpt lat="38.921126984059811" lon="-85.151757001876831" />
      <trkpt lat="38.921111980453134" lon="-85.15160403214395" />
      <trkpt lat="38.921092031523585" lon="-85.151459025219083" />
      <trkpt lat="38.921069987118244" lon="-85.15139096416533" />
      <trkpt lat="38.921042997390032" lon="-85.151321981102228" />
      <trkpt lat="38.921008966863155" lon="-85.151260960847139" />
      <trkpt lat="38.920963034033775" lon="-85.151206981390715" />
      <trkpt lat="38.920763963833451" lon="-85.15100103802979" />
      <trkpt lat="38.920493982732296" lon="-85.150666013360023" />
      <trkpt lat="38.92039398662746" lon="-85.15055101364851" />
      <trkpt lat="38.920185025781393" lon="-85.150338029488921" />
      <trkpt lat="38.920139009132981" lon="-85.150283966213465" />
      <trkpt lat="38.920101039111614" lon="-85.150223029777408" />
      <trkpt lat="38.92007396556437" lon="-85.150154968723655" />
      <trkpt lat="38.92005099914968" lon="-85.150085985660553" />
      <trkpt lat="38.920035995543003" lon="-85.150017002597451" />
      <trkpt lat="38.920020991936326" lon="-85.149871995672584" />
      <trkpt lat="38.920016968622804" lon="-85.149726988747716" />
      <trkpt lat="38.920024009421468" lon="-85.149659011512995" />
      <trkpt lat="38.920031972229481" lon="-85.149581981822848" />
      <trkpt lat="38.92005099914968" lon="-85.149514004588127" />
      <trkpt lat="38.92007396556437" lon="-85.149445021525025" />
      <trkpt lat="38.920134985819459" lon="-85.149315018206835" />
      <trkpt lat="38.920218972489238" lon="-85.149201024323702" />
      <trkpt lat="38.920314023271203" lon="-85.149086024612188" />
      <trkpt lat="38.920475039631128" lon="-85.148933976888657" />
      <trkpt lat="38.920638989657164" lon="-85.148788969963789" />
      <trkpt lat="38.920688023790717" lon="-85.148735996335745" />
      <trkpt lat="38.920776033774018" lon="-85.148628959432244" />
      <trkpt lat="38.920848034322262" lon="-85.148499039933085" />
      <trkpt lat="38.921042997390032" lon="-85.148110035806894" />
      <trkpt lat="38.92114601098001" lon="-85.147919012233615" />
      <trkpt lat="38.921203007921576" lon="-85.147790014743805" />
      <trkpt lat="38.921229997649789" lon="-85.147721031680703" />
      <trkpt lat="38.921249024569988" lon="-85.14765196479857" />
      <trkpt lat="38.921264028176665" lon="-85.147576024755836" />
      <trkpt lat="38.921282971277833" lon="-85.147431017830968" />
      <trkpt lat="38.921282971277833" lon="-85.147354993969202" />
      <trkpt lat="38.921276014298201" lon="-85.1472860109061" />
      <trkpt lat="38.921260004863143" lon="-85.147217027842999" />
      <trkpt lat="38.921240977942944" lon="-85.147148966789246" />
      <trkpt lat="38.921207031235099" lon="-85.147079983726144" />
      <trkpt lat="38.921069987118244" lon="-85.146820982918143" />
      <trkpt lat="38.921011984348297" lon="-85.14668301679194" />
      <trkpt lat="38.920912994071841" lon="-85.146409012377262" />
      <trkpt lat="38.920878963544965" lon="-85.146347992122173" />
      <trkpt lat="38.92084501683712" lon="-85.146279009059072" />
      <trkpt lat="38.920799000188708" lon="-85.146217988803983" />
      <trkpt lat="38.920706966891885" lon="-85.146111035719514" />
      <trkpt lat="38.920596996322274" lon="-85.146011961624026" />
      <trkpt lat="38.920477973297238" lon="-85.145927974954247" />
      <trkpt lat="38.920413013547659" lon="-85.145896961912513" />
      <trkpt lat="38.920356016606092" lon="-85.145852034911513" />
      <trkpt lat="38.920299019664526" lon="-85.145806018263102" />
      <trkpt lat="38.920253003016114" lon="-85.145744998008013" />
      <trkpt lat="38.920211009681225" lon="-85.145691018551588" />
      <trkpt lat="38.919989978894591" lon="-85.145294973626733" />
      <trkpt lat="38.919971035793424" lon="-85.145195983350277" />
      <trkpt lat="38.919952008873224" lon="-85.145080983638763" />
      <trkpt lat="38.919986039400101" lon="-85.144883003085852" />
      <trkpt lat="38.920009005814791" lon="-85.14481402002275" />
      <trkpt lat="38.920066002756357" lon="-85.144684016704559" />
      <trkpt lat="38.920101039111614" lon="-85.144622996449471" />
      <trkpt lat="38.920203968882561" lon="-85.144425015896559" />
      <trkpt lat="38.92024596221745" lon="-85.144356032833457" />
      <trkpt lat="38.920294996351004" lon="-85.144310016185045" />
      <trkpt lat="38.92035199329257" lon="-85.144265005365014" />
      <trkpt lat="38.920471016317606" lon="-85.144196022301912" />
      <trkpt lat="38.920607976615429" lon="-85.144142964854836" />
      <trkpt lat="38.920752983540297" lon="-85.144104994833469" />
      <trkpt lat="38.921042997390032" lon="-85.144051015377045" />
      <trkpt lat="38.921328987926245" lon="-85.143989995121956" />
      <trkpt lat="38.92159603536129" lon="-85.143829984590411" />
      <trkpt lat="38.921328987926245" lon="-85.143989995121956" />
      <trkpt lat="38.921810025349259" lon="-85.143921012058854" />
      <trkpt lat="38.921939022839069" lon="-85.143814980983734" />
      <trkpt lat="38.92331600189209" lon="-85.143859991803765" />
      <trkpt lat="38.923854036256671" lon="-85.143859991803765" />
      <trkpt lat="38.924445966258645" lon="-85.142914010211825" />
      <trkpt lat="38.924644030630589" lon="-85.141975991427898" />
      <trkpt lat="38.924869000911713" lon="-85.141380960121751" />
      <trkpt lat="38.92548699863255" lon="-85.141465030610561" />
      <trkpt lat="38.925623958930373" lon="-85.141731994226575" />
      <trkpt lat="38.92565899528563" lon="-85.142746036872268" />
      <trkpt lat="38.925750022754073" lon="-85.143150966614485" />
      <trkpt lat="38.926329966634512" lon="-85.143876001238823" />
      <trkpt lat="38.926483020186424" lon="-85.143967028707266" />
      <trkpt lat="38.926616040989757" lon="-85.144218988716602" />
      <trkpt lat="38.926712013781071" lon="-85.14481402002275" />
      <trkpt lat="38.926673037931323" lon="-85.145402010530233" />
      <trkpt lat="38.926918040961027" lon="-85.146347992122173" />
      <trkpt lat="38.926845034584403" lon="-85.146736996248364" />
      <trkpt lat="38.926811004057527" lon="-85.146828023716807" />
      <trkpt lat="38.926856014877558" lon="-85.1471789740026" />
      <trkpt lat="38.927017031237483" lon="-85.14750000089407" />
      <trkpt lat="38.927611978724599" lon="-85.147706028074026" />
      <trkpt lat="38.928664997220039" lon="-85.148469032719731" />
      <trkpt lat="38.92937402240932" lon="-85.148590989410877" />
      <trkpt lat="38.93113698810339" lon="-85.148849990218878" />
      <trkpt lat="38.931147968396544" lon="-85.148758040741086" />
      <trkpt lat="38.931246958673" lon="-85.148750999942422" />
      <trkpt lat="38.931277971714735" lon="-85.148750999942422" />
      <trkpt lat="38.931555999442935" lon="-85.148758040741086" />
      <trkpt lat="38.931914996355772" lon="-85.148797016590834" />
      <trkpt lat="38.932085987180471" lon="-85.148834986612201" />
      <trkpt lat="38.932200986891985" lon="-85.148926014080644" />
      <trkpt lat="38.932281034067273" lon="-85.148987034335732" />
      <trkpt lat="38.932356974110007" lon="-85.148987034335732" />
      <trkpt lat="38.932444984093308" lon="-85.148979993537068" />
      <trkpt lat="38.93251396715641" lon="-85.149017963558435" />
      <trkpt lat="38.932655034586787" lon="-85.149223990738392" />
      <trkpt lat="38.932796018198133" lon="-85.149291967973113" />
      <trkpt lat="38.932941025123" lon="-85.149436974897981" />
      <trkpt lat="38.933086032047868" lon="-85.14960503205657" />
      <trkpt lat="38.933276971802115" lon="-85.149810975417495" />
      <trkpt lat="38.933490039780736" lon="-85.150178018957376" />
      <trkpt lat="38.933596992865205" lon="-85.150383040308952" />
      <trkpt lat="38.933711992576718" lon="-85.150558976456523" />
      <trkpt lat="38.933821963146329" lon="-85.150795010849833" />
      <trkpt lat="38.934020027518272" lon="-85.151435974985361" />
      <trkpt lat="38.93418800085783" lon="-85.151725988835096" />
      <trkpt lat="38.934328984469175" lon="-85.151833025738597" />
      <trkpt lat="38.934566024690866" lon="-85.151855992153287" />
      <trkpt lat="38.935314025729895" lon="-85.151878958567977" />
      <trkpt lat="38.935470012947917" lon="-85.151924975216389" />
      <trkpt lat="38.935679979622364" lon="-85.152008961886168" />
      <trkpt lat="38.936000000685453" lon="-85.152153968811035" />
      <trkpt lat="38.936312980949879" lon="-85.152244996279478" />
      <trkpt lat="38.936504004523158" lon="-85.152244996279478" />
      <trkpt lat="38.936732998117805" lon="-85.152207026258111" />
      <trkpt lat="38.93698101863265" lon="-85.152114992961287" />
      <trkpt lat="38.937365999445319" lon="-85.152047015726566" />
      <trkpt lat="38.937910990789533" lon="-85.151939978823066" />
      <trkpt lat="38.938346011564136" lon="-85.151864038780332" />
      <trkpt lat="38.93874297849834" lon="-85.151848029345274" />
      <trkpt lat="38.939311020076275" lon="-85.151864038780332" />
      <trkpt lat="38.940524971112609" lon="-85.151902008801699" />
      <trkpt lat="38.941489979624748" lon="-85.151917012408376" />
      <trkpt lat="38.9427600055933" lon="-85.151939978823066" />
      <trkpt lat="38.943077009171247" lon="-85.151932016015053" />
      <trkpt lat="38.943439023569226" lon="-85.151917012408376" />
      <trkpt lat="38.943922994658351" lon="-85.151917012408376" />
      <trkpt lat="38.944633025676012" lon="-85.151924975216389" />
      <trkpt lat="38.944980036467314" lon="-85.151917012408376" />
      <trkpt lat="38.945281030610204" lon="-85.151878958567977" />
      <trkpt lat="38.945559980347753" lon="-85.151803018525243" />
      <trkpt lat="38.945739017799497" lon="-85.151749039068818" />
      <trkpt lat="38.945972034707665" lon="-85.151619035750628" />
      <trkpt lat="38.946280991658568" lon="-85.151451984420419" />
      <trkpt lat="38.946548039093614" lon="-85.151360034942627" />
      <trkpt lat="38.946696985512972" lon="-85.151375038549304" />
      <trkpt lat="38.946834029629827" lon="-85.151444021612406" />
      <trkpt lat="38.947105016559362" lon="-85.15160403214395" />
      <trkpt lat="38.947391007095575" lon="-85.151725988835096" />
      <trkpt lat="38.947627963498235" lon="-85.151779968291521" />
      <trkpt lat="38.948657009750605" lon="-85.15181802213192" />
      <trkpt lat="38.948809979483485" lon="-85.151885999366641" />
      <trkpt lat="38.948954986408353" lon="-85.151963029056787" />
      <trkpt lat="38.949092030525208" lon="-85.152016002684832" />
      <trkpt lat="38.949229996651411" lon="-85.152038969099522" />
      <trkpt lat="38.949348013848066" lon="-85.152038969099522" />
      <trkpt lat="38.950225012376904" lon="-85.152047015726566" />
      <trkpt lat="38.950744019821286" lon="-85.152053972706199" />
      <trkpt lat="38.951133023947477" lon="-85.152084985747933" />
      <trkpt lat="38.95346000790596" lon="-85.152237033471465" />
      <trkpt lat="38.954311022534966" lon="-85.152337029576302" />
      <trkpt lat="38.954486036673188" lon="-85.15231397934258" />
      <trkpt lat="38.954601036384702" lon="-85.152259999886155" />
      <trkpt lat="38.954669013619423" lon="-85.152214989066124" />
      <trkpt lat="38.954772027209401" lon="-85.152146006003022" />
      <trkpt lat="38.956187982112169" lon="-85.15102400444448" />
      <trkpt lat="38.956729033961892" lon="-85.1505739800632" />
      <trkpt lat="38.956950986757874" lon="-85.150474989786744" />
      <trkpt lat="38.957118038088083" lon="-85.150452023372054" />
      <trkpt lat="38.957282993942499" lon="-85.150483036413789" />
      <trkpt lat="38.958002999424934" lon="-85.150604993104935" />
      <trkpt lat="38.958231993019581" lon="-85.150612033903599" />
      <trkpt lat="38.958376999944448" lon="-85.1505739800632" />
      <trkpt lat="38.958502979949117" lon="-85.150498040020466" />
      <trkpt lat="38.958625020459294" lon="-85.150329982861876" />
      <trkpt lat="38.95889600738883" lon="-85.150009961798787" />
      <trkpt lat="38.959078984335065" lon="-85.14960503205657" />
      <trkpt lat="38.959201024845243" lon="-85.149056017398834" />
      <trkpt lat="38.959358017891645" lon="-85.148613033816218" />
      <trkpt lat="38.959533032029867" lon="-85.147911971434951" />
      <trkpt lat="38.959612995386124" lon="-85.147377960383892" />
      <trkpt lat="38.959804018959403" lon="-85.146241039037704" />
      <trkpt lat="38.959868978708982" lon="-85.146026965230703" />
      <trkpt lat="38.959998982027173" lon="-85.145577024668455" />
      <trkpt lat="38.960178019478917" lon="-85.145080983638763" />
      <trkpt lat="38.960582027211785" lon="-85.144310016185045" />
      <trkpt lat="38.960757963359356" lon="-85.143982032313943" />
      <trkpt lat="38.960944963619113" lon="-85.143792014569044" />
      <trkpt lat="38.961170017719269" lon="-85.143638961017132" />
      <trkpt lat="38.961306978017092" lon="-85.143509041517973" />
      <trkpt lat="38.961475035175681" lon="-85.143310977146029" />
      <trkpt lat="38.961749961599708" lon="-85.142906969413161" />
      <trkpt lat="38.961902009323239" lon="-85.142662972211838" />
      <trkpt lat="38.96199001930654" lon="-85.142593989148736" />
      <trkpt lat="38.962180959060788" lon="-85.142433978617191" />
      <trkpt lat="38.963172035291791" lon="-85.141694024205208" />
      <trkpt lat="38.963718032464385" lon="-85.141221033409238" />
      <trkpt lat="38.963839989155531" lon="-85.141175016760826" />
      <trkpt lat="38.963871002197266" lon="-85.141175016760826" />
      <trkpt lat="38.96392397582531" lon="-85.141175016760826" />
      <trkpt lat="38.963977033272386" lon="-85.141251040622592" />
      <trkpt lat="38.964011985808611" lon="-85.141350030899048" />
      <trkpt lat="38.9640730060637" lon="-85.141525967046618" />
      <trkpt lat="38.964114999398589" lon="-85.141670973971486" />
      <trkpt lat="38.964213989675045" lon="-85.142005998641253" />
      <trkpt lat="38.96430904045701" lon="-85.142327025532722" />
      <trkpt lat="38.964405013248324" lon="-85.14264696277678" />
      <trkpt lat="38.964508026838303" lon="-85.142991039901972" />
      <trkpt lat="38.964602993801236" lon="-85.143310977146029" />
      <trkpt lat="38.964710030704737" lon="-85.143647007644176" />
      <trkpt lat="38.964809020981193" lon="-85.143967028707266" />
      <trkpt lat="38.964908011257648" lon="-85.144256958737969" />
      <trkpt lat="38.964950004592538" lon="-85.14438696205616" />
      <trkpt lat="38.96501898765564" lon="-85.144555019214749" />
      <trkpt lat="38.965095011517406" lon="-85.144630959257483" />
      <trkpt lat="38.965144967660308" lon="-85.144616039469838" />
      <trkpt lat="38.965186960995197" lon="-85.144607992842793" />
      <trkpt lat="38.966170996427536" lon="-85.143928974866867" />
      <trkpt lat="38.966461010277271" lon="-85.143730994313955" />
      <trkpt lat="38.966609034687281" lon="-85.143684977665544" />
      <trkpt lat="38.966449024155736" lon="-85.143403010442853" />
      <trkpt lat="38.966609034687281" lon="-85.143684977665544" />
      <trkpt lat="38.966735014691949" lon="-85.143906008452177" />
      <trkpt lat="38.966914974153042" lon="-85.14436399564147" />
      <trkpt lat="38.967037014663219" lon="-85.144799016416073" />
      <trkpt lat="38.967074984684587" lon="-85.145142003893852" />
      <trkpt lat="38.967113038524985" lon="-85.145408967509866" />
      <trkpt lat="38.967158971354365" lon="-85.145646007731557" />
      <trkpt lat="38.967230971902609" lon="-85.146057978272438" />
      <trkpt lat="38.967254022136331" lon="-85.146370036527514" />
      <trkpt lat="38.967257961630821" lon="-85.146439019590616" />
      <trkpt lat="38.967287968844175" lon="-85.146599030122161" />
      <trkpt lat="38.967390982434154" lon="-85.146865993738174" />
      <trkpt lat="38.967764982953668" lon="-85.147613994777203" />
      <trkpt lat="38.967956006526947" lon="-85.147895961999893" />
      <trkpt lat="38.968253983184695" lon="-85.147889005020261" />
      <trkpt lat="38.968849014490843" lon="-85.147904008626938" />
      <trkpt lat="38.969207005575299" lon="-85.147911971434951" />
      <trkpt lat="38.969570025801659" lon="-85.147919012233615" />
      <trkpt lat="38.969992976635695" lon="-85.147926975041628" />
      <trkpt lat="38.970375023782253" lon="-85.147926975041628" />
      <trkpt lat="38.970722034573555" lon="-85.147934015840292" />
      <trkpt lat="38.972079986706376" lon="-85.147980032488704" />
      <trkpt lat="38.972213007509708" lon="-85.14797299169004" />
      <trkpt lat="38.972385004162788" lon="-85.147926975041628" />
      <trkpt lat="38.972594970837235" lon="-85.147842988371849" />
      <trkpt lat="38.973449002951384" lon="-85.147461025044322" />
      <trkpt lat="38.973662992939353" lon="-85.147347031161189" />
      <trkpt lat="38.973887963220477" lon="-85.147254997864366" />
      <trkpt lat="38.974089967086911" lon="-85.147217027842999" />
      <trkpt lat="38.974482994526625" lon="-85.147233037278056" />
      <trkpt lat="38.974898988381028" lon="-85.147271007299423" />
      <trkpt lat="38.975322023034096" lon="-85.147347031161189" />
      <trkpt lat="38.975806999951601" lon="-85.147483991459012" />
      <trkpt lat="38.976142024621367" lon="-85.147561021149158" />
      <trkpt lat="38.976375041529536" lon="-85.14760603196919" />
      <trkpt lat="38.976637981832027" lon="-85.147636961191893" />
      <trkpt lat="38.976954985409975" lon="-85.147712985053658" />
      <trkpt lat="38.977198982611299" lon="-85.147774005308747" />
      <trkpt lat="38.977343989536166" lon="-85.147790014743805" />
      <trkpt lat="38.977451026439667" lon="-85.147774005308747" />
      <trkpt lat="38.977554040029645" lon="-85.14775900170207" />
      <trkpt lat="38.977954024448991" lon="-85.147636961191893" />
      <trkpt lat="38.978137001395226" lon="-85.147598991170526" />
      <trkpt lat="38.978403965011239" lon="-85.14765196479857" />
      <trkpt lat="38.978885002434254" lon="-85.147811975330114" />
      <trkpt lat="38.979221032932401" lon="-85.147926975041628" />
      <trkpt lat="38.979300996288657" lon="-85.14795002527535" />
      <trkpt lat="38.979685977101326" lon="-85.148010961711407" />
      <trkpt lat="38.980071963742375" lon="-85.148018002510071" />
      <trkpt lat="38.980484018102288" lon="-85.148025965318084" />
      <trkpt lat="38.981471993029118" lon="-85.148040968924761" />
      <trkpt lat="38.982027964666486" lon="-85.148056978359818" />
      <trkpt lat="38.982585025951266" lon="-85.148095032200217" />
      <trkpt lat="38.98268099874258" lon="-85.148117998614907" />
      <trkpt lat="38.982760962098837" lon="-85.148163009434938" />
      <trkpt lat="38.982845032587647" lon="-85.14825495891273" />
      <trkpt lat="38.982929019257426" lon="-85.148384962230921" />
      <trkpt lat="38.983412990346551" lon="-85.149322981014848" />
      <trkpt lat="38.983650030568242" lon="-85.149849029257894" />
      <trkpt lat="38.983740974217653" lon="-85.150109035894275" />
      <trkpt lat="38.983771987259388" lon="-85.150428973138332" />
      <trkpt lat="38.98377601057291" lon="-85.150878997519612" />
      <trkpt lat="38.98377601057291" lon="-85.151558015495539" />
      <trkpt lat="38.983791014179587" lon="-85.151741998270154" />
      <trkpt lat="38.9838180039078" lon="-85.151870995759964" />
      <trkpt lat="38.98388204164803" lon="-85.152016002684832" />
      <trkpt lat="38.984011961147189" lon="-85.152153968811035" />
      <trkpt lat="38.984457962214947" lon="-85.152511959895492" />
      <trkpt lat="38.984912009909749" lon="-85.152816977351904" />
      <trkpt lat="38.985468987375498" lon="-85.153084024786949" />
      <trkpt lat="38.985507041215897" lon="-85.153100034222007" />
      <trkpt lat="38.986354032531381" lon="-85.153549974784255" />
      <trkpt lat="38.986517982557416" lon="-85.153603032231331" />
      <trkpt lat="38.986628958955407" lon="-85.153603032231331" />
      <trkpt lat="38.986724009737372" lon="-85.153579981997609" />
      <trkpt lat="38.986815959215164" lon="-85.153533965349197" />
      <trkpt lat="38.986957026645541" lon="-85.153419971466064" />
      <trkpt lat="38.987327003851533" lon="-85.153153007850051" />
      <trkpt lat="38.987693041563034" lon="-85.152939017862082" />
      <trkpt lat="38.988028988242149" lon="-85.152756040915847" />
      <trkpt lat="38.988365018740296" lon="-85.152618996798992" />
      <trkpt lat="38.98863198235631" lon="-85.152535010129213" />
      <trkpt lat="38.989291973412037" lon="-85.152390003204346" />
      <trkpt lat="38.989471010863781" lon="-85.152374999597669" />
      <trkpt lat="38.989611994475126" lon="-85.152374999597669" />
      <trkpt lat="38.989798994734883" lon="-85.152405006811023" />
      <trkpt lat="38.990786969661713" lon="-85.152687979862094" />
      <trkpt lat="38.991298014298081" lon="-85.152801973745227" />
      <trkpt lat="38.991603031754494" lon="-85.152885960415006" />
      <trkpt lat="38.991790032014251" lon="-85.152931977063417" />
      <trkpt lat="38.991965968161821" lon="-85.15300003811717" />
      <trkpt lat="38.992266962304711" lon="-85.153153007850051" />
      <trkpt lat="38.992487993091345" lon="-85.153289968147874" />
      <trkpt lat="38.992782030254602" lon="-85.15349599532783" />
      <trkpt lat="38.993391981348395" lon="-85.153999999165535" />
      <trkpt lat="38.993888022378087" lon="-85.15441901050508" />
      <trkpt lat="38.994425972923636" lon="-85.154899964109063" />
      <trkpt lat="38.994570979848504" lon="-85.154975987970829" />
      <trkpt lat="38.994739037007093" lon="-85.155022004619241" />
      <trkpt lat="38.995203981176019" lon="-85.155068021267653" />
      <trkpt lat="38.996024988591671" lon="-85.155068021267653" />
      <trkpt lat="38.996147029101849" lon="-85.155068021267653" />
      <trkpt lat="38.996264962479472" lon="-85.155098028481007" />
      <trkpt lat="38.99634500965476" lon="-85.155143961310387" />
      <trkpt lat="38.996677016839385" lon="-85.155433975160122" />
      <trkpt lat="38.996822023764253" lon="-85.15557898208499" />
      <trkpt lat="38.99696703068912" lon="-85.155716026201844" />
      <trkpt lat="38.997093010693789" lon="-85.155891962349415" />
      <trkpt lat="38.9973100181669" lon="-85.156295970082283" />
      <trkpt lat="38.997473968192935" lon="-85.156585983932018" />
      <trkpt lat="38.99761101230979" lon="-85.156829981133342" />
      <trkpt lat="38.997878981754184" lon="-85.157212028279901" />
      <trkpt lat="38.998110992833972" lon="-85.157586028799415" />
      <trkpt lat="38.998275026679039" lon="-85.157791972160339" />
      <trkpt lat="38.998420033603907" lon="-85.157936979085207" />
      <trkpt lat="38.998682973906398" lon="-85.158134959638119" />
      <trkpt lat="38.999083964154124" lon="-85.158402007073164" />
      <trkpt lat="38.999175997450948" lon="-85.158470990136266" />
      <trkpt lat="39.000228010118008" lon="-85.159301972016692" />
      <trkpt lat="39.000685997307301" lon="-85.159660968929529" />
      <trkpt lat="39.000872997567058" lon="-85.159798013046384" />
      <trkpt lat="39.001091010868549" lon="-85.159980989992619" />
      <trkpt lat="39.001471968367696" lon="-85.160386003553867" />
      <trkpt lat="39.001620998606086" lon="-85.160537967458367" />
      <trkpt lat="39.001761982217431" lon="-85.160697977989912" />
      <trkpt lat="39.001899026334286" lon="-85.160911967977881" />
      <trkpt lat="39.00205903686583" lon="-85.161225032061338" />
      <trkpt lat="39.002433037385345" lon="-85.161782009527087" />
      <trkpt lat="39.002711987122893" lon="-85.162193980067968" />
      <trkpt lat="39.002810977399349" lon="-85.162362037226558" />
      <trkpt lat="39.00287602096796" lon="-85.162491034716368" />
      <trkpt lat="39.00294098071754" lon="-85.162696978077292" />
      <trkpt lat="39.003115994855762" lon="-85.163345988839865" />
      <trkpt lat="39.003283968195319" lon="-85.163926016539335" />
      <trkpt lat="39.003524025902152" lon="-85.16481801867485" />
      <trkpt lat="39.003608012571931" lon="-85.165108032524586" />
      <trkpt lat="39.003642965108156" lon="-85.165223032236099" />
      <trkpt lat="39.003723012283444" lon="-85.165359992533922" />
      <trkpt lat="39.003784032538533" lon="-85.165421012789011" />
      <trkpt lat="39.003878999501467" lon="-85.165458982810378" />
      <trkpt lat="39.004652984440327" lon="-85.165452025830746" />
      <trkpt lat="39.005348011851311" lon="-85.165421012789011" />
      <trkpt lat="39.006129959598184" lon="-85.165382958948612" />
      <trkpt lat="39.006877038627863" lon="-85.165322022512555" />
      <trkpt lat="39.0072360355407" lon="-85.165337026119232" />
      <trkpt lat="39.007498975843191" lon="-85.165352029725909" />
      <trkpt lat="39.007736016064882" lon="-85.165406009182334" />
      <trkpt lat="39.007923016324639" lon="-85.165467029437423" />
      <trkpt lat="39.00803298689425" lon="-85.16552796587348" />
      <trkpt lat="39.008125020191073" lon="-85.165603989735246" />
      <trkpt lat="39.008219987154007" lon="-85.165726030245423" />
      <trkpt lat="39.008952984586358" lon="-85.166870998218656" />
      <trkpt lat="39.009075025096536" lon="-85.167016005143523" />
      <trkpt lat="39.009174015372992" lon="-85.167107032611966" />
      <trkpt lat="39.009307036176324" lon="-85.167129999026656" />
      <trkpt lat="39.009638959541917" lon="-85.167145002633333" />
      <trkpt lat="39.010990038514137" lon="-85.167206022888422" />
      <trkpt lat="39.011885980144143" lon="-85.167213985696435" />
      <trkpt lat="39.012710005044937" lon="-85.167237035930157" />
      <trkpt lat="39.013037988916039" lon="-85.167237035930157" />
      <trkpt lat="39.013800993561745" lon="-85.16722203232348" />
      <trkpt lat="39.015476033091545" lon="-85.167213985696435" />
      <trkpt lat="39.016078021377325" lon="-85.167228989303112" />
      <trkpt lat="39.017040012404323" lon="-85.167252039536834" />
      <trkpt lat="39.01802396401763" lon="-85.167260002344847" />
      <trkpt lat="39.019973007962108" lon="-85.167260002344847" />
      <trkpt lat="39.020725032314658" lon="-85.167260002344847" />
      <trkpt lat="39.022331004962325" lon="-85.167275005951524" />
      <trkpt lat="39.023559037595987" lon="-85.167282968759537" />
      <trkpt lat="39.024162031710148" lon="-85.167282968759537" />
      <trkpt lat="39.025394003838301" lon="-85.167290009558201" />
      <trkpt lat="39.02638197876513" lon="-85.167305013164878" />
      <trkpt lat="39.027087986469269" lon="-85.167321022599936" />
      <trkpt lat="39.027361990883946" lon="-85.16735102981329" />
      <trkpt lat="39.02807897888124" lon="-85.167312975972891" />
      <trkpt lat="39.029963985085487" lon="-85.167275005951524" />
      <trkpt lat="39.030020982027054" lon="-85.167077025398612" />
      <trkpt lat="39.030029028654099" lon="-85.167022962123156" />
      <trkpt lat="39.03005501255393" lon="-85.166893964633346" />
      <trkpt lat="39.030066998675466" lon="-85.166672011837363" />
      <trkpt lat="39.030066998675466" lon="-85.166199021041393" />
      <trkpt lat="39.030082002282143" lon="-85.165520003065467" />
      <trkpt lat="39.030128018930554" lon="-85.165421012789011" />
      <trkpt lat="39.030040008947253" lon="-85.165328979492187" />
      <trkpt lat="39.030020982027054" lon="-85.165229989215732" />
      <trkpt lat="39.029993992298841" lon="-85.165047012269497" />
      <trkpt lat="39.029998015612364" lon="-85.16471098177135" />
      <trkpt lat="39.030005978420377" lon="-85.164444018155336" />
      <trkpt lat="39.030044032260776" lon="-85.163857033476233" />
      <trkpt lat="39.030074961483479" lon="-85.163230989128351" />
      <trkpt lat="39.030123995617032" lon="-85.162789011374116" />
      <trkpt lat="39.030165988951921" lon="-85.162551971152425" />
      <trkpt lat="39.03041803278029" lon="-85.161643959581852" />
      <trkpt lat="39.030662029981613" lon="-85.160858994349837" />
      <trkpt lat="39.030795972794294" lon="-85.1603929605335" />
      <trkpt lat="39.030882976949215" lon="-85.160073023289442" />
      <trkpt lat="39.030933016911149" lon="-85.159798013046384" />
      <trkpt lat="39.030955983325839" lon="-85.159545969218016" />
      <trkpt lat="39.030948020517826" lon="-85.1589510217309" />
      <trkpt lat="39.030918013304472" lon="-85.158241996541619" />
      <trkpt lat="39.03089102357626" lon="-85.157890962436795" />
      <trkpt lat="39.03091398999095" lon="-85.157722989097238" />
      <trkpt lat="39.030994037166238" lon="-85.157516961917281" />
      <trkpt lat="39.031271981075406" lon="-85.157218985259533" />
      <trkpt lat="39.031707001850009" lon="-85.156730990856886" />
      <trkpt lat="39.032257022336125" lon="-85.156189016997814" />
      <trkpt lat="39.032459026202559" lon="-85.155792972072959" />
      <trkpt lat="39.032588023692369" lon="-85.155472029000521" />
      <trkpt lat="39.032984990626574" lon="-85.154167972505093" />
      <trkpt lat="39.033167967572808" lon="-85.15368701890111" />
      <trkpt lat="39.033332001417875" lon="-85.153251998126507" />
      <trkpt lat="39.033503998070955" lon="-85.152855031192303" />
      <trkpt lat="39.033866012468934" lon="-85.151954982429743" />
      <trkpt lat="39.03411403298378" lon="-85.151290968060493" />
      <trkpt lat="39.034355012699962" lon="-85.150612033903599" />
      <trkpt lat="39.03459096327424" lon="-85.149918012320995" />
      <trkpt lat="39.034766983240843" lon="-85.149436974897981" />
      <trkpt lat="39.03478198684752" lon="-85.14936899766326" />
      <trkpt lat="39.034926993772388" lon="-85.148590989410877" />
      <trkpt lat="39.035121034830809" lon="-85.147598991170526" />
      <trkpt lat="39.035395961254835" lon="-85.146294012665749" />
      <trkpt lat="39.035429991781712" lon="-85.146035011857748" />
      <trkpt lat="39.035559995099902" lon="-85.145447021350265" />
      <trkpt lat="39.035667032003403" lon="-85.144829023629427" />
      <trkpt lat="39.035751018673182" lon="-85.144378999248147" />
      <trkpt lat="39.035784965381026" lon="-85.143989995121956" />
      <trkpt lat="39.03581203892827" lon="-85.143334027379751" />
      <trkpt lat="39.035826958715916" lon="-85.142586026340723" />
      <trkpt lat="39.035826958715916" lon="-85.141449021175504" />
      <trkpt lat="39.035830982029438" lon="-85.141067979857326" />
      <trkpt lat="39.03583500534296" lon="-85.140739995986223" />
      <trkpt lat="39.035773985087872" lon="-85.140129961073399" />
      <trkpt lat="39.035766022279859" lon="-85.140069024637341" />
      <trkpt lat="39.035724028944969" lon="-85.139801977202296" />
      <trkpt lat="39.035700978711247" lon="-85.13935899361968" />
      <trkpt lat="39.035724028944969" lon="-85.138787012547255" />
      <trkpt lat="39.035712964832783" lon="-85.138130960986018" />
      <trkpt lat="39.035678012296557" lon="-85.137718990445137" />
      <trkpt lat="39.035667032003403" lon="-85.137391006574035" />
      <trkpt lat="39.03568597510457" lon="-85.137162012979388" />
      <trkpt lat="39.035709025338292" lon="-85.136695979163051" />
      <trkpt lat="39.035724028944969" lon="-85.135734993964434" />
      <trkpt lat="39.035724028944969" lon="-85.135422013700008" />
      <trkpt lat="39.035926032811403" lon="-85.135414972901344" />
      <trkpt lat="39.036415033042431" lon="-85.135422013700008" />
      <trkpt lat="39.036635980010033" lon="-85.135422013700008" />
      <trkpt lat="39.037837022915483" lon="-85.135429976508021" />
      <trkpt lat="39.039089027792215" lon="-85.135444980114698" />
      <trkpt lat="39.039553971961141" lon="-85.135444980114698" />
      <trkpt lat="39.039927972480655" lon="-85.135444980114698" />
      <trkpt lat="39.041084004566073" lon="-85.135475993156433" />
      <trkpt lat="39.042095029726624" lon="-85.135475993156433" />
      <trkpt lat="39.043135978281498" lon="-85.135498959571123" />
      <trkpt lat="39.043731009587646" lon="-85.135475993156433" />
      <trkpt lat="39.044657964259386" lon="-85.135475993156433" />
      <trkpt lat="39.044769024476409" lon="-85.135483033955097" />
      <trkpt lat="39.045378975570202" lon="-85.135475993156433" />
      <trkpt lat="39.045885996893048" lon="-85.13549099676311" />
      <trkpt lat="39.046478010714054" lon="-85.135506000369787" />
      <trkpt lat="39.04814500361681" lon="-85.135498959571123" />
      <trkpt lat="39.050823021680117" lon="-85.135498959571123" />
      <trkpt lat="39.051188975572586" lon="-85.135543970391154" />
      <trkpt lat="39.051161985844374" lon="-85.13491096906364" />
      <trkpt lat="39.051139019429684" lon="-85.134011004120111" />
      <trkpt lat="39.051142958924174" lon="-85.133285969495773" />
      <trkpt lat="39.051157962530851" lon="-85.132737038657069" />
      <trkpt lat="39.051188975572586" lon="-85.132049974054098" />
      <trkpt lat="39.051249995827675" lon="-85.130859995260835" />
      <trkpt lat="39.051471026614308" lon="-85.130859995260835" />
      <trkpt lat="39.051775960251689" lon="-85.130852032452822" />
      <trkpt lat="39.051856007426977" lon="-85.130844991654158" />
      <trkpt lat="39.054049970582128" lon="-85.130852032452822" />
      <trkpt lat="39.055740013718605" lon="-85.130852032452822" />
      <trkpt lat="39.056732011958957" lon="-85.130868041887879" />
      <trkpt lat="39.057540027424693" lon="-85.130890002474189" />
      <trkpt lat="39.058237988501787" lon="-85.130874998867512" />
      <trkpt lat="39.059555036947131" lon="-85.130890002474189" />
      <trkpt lat="39.060947019606829" lon="-85.130936019122601" />
      <trkpt lat="39.062316035851836" lon="-85.130936019122601" />
      <trkpt lat="39.062537988647819" lon="-85.130928978323936" />
      <trkpt lat="39.064571019262075" lon="-85.130936019122601" />
      <trkpt lat="39.065558994188905" lon="-85.130928978323936" />
      <trkpt lat="39.067011997103691" lon="-85.130936019122601" />
      <trkpt lat="39.068222008645535" lon="-85.130928978323936" />
      <trkpt lat="39.0681909956038" lon="-85.130448024719954" />
      <trkpt lat="39.068186972290277" lon="-85.129487039521337" />
      <trkpt lat="39.06832099892199" lon="-85.129447979852557" />
      <trkpt lat="39.068976966664195" lon="-85.129456026479602" />
      <trkpt lat="39.06909498386085" lon="-85.12964696623385" />
      <trkpt lat="39.068976966664195" lon="-85.129456026479602" />
      <trkpt lat="39.06832099892199" lon="-85.129447979852557" />
      <trkpt lat="39.068186972290277" lon="-85.129487039521337" />
      <trkpt lat="39.068195018917322" lon="-85.12801400385797" />
      <trkpt lat="39.068175991997123" lon="-85.127105992287397" />
      <trkpt lat="39.068129975348711" lon="-85.126327984035015" />
      <trkpt lat="39.06804196536541" lon="-85.125762959942222" />
      <trkpt lat="39.067988991737366" lon="-85.125184021890163" />
      <trkpt lat="39.067599987611175" lon="-85.123185021802783" />
      <trkpt lat="39.067291030660272" lon="-85.121635962277651" />
      <trkpt lat="39.067294970154762" lon="-85.120834987610579" />
      <trkpt lat="39.067287007346749" lon="-85.120324026793242" />
      <trkpt lat="39.06726798042655" lon="-85.119941979646683" />
      <trkpt lat="39.067278960719705" lon="-85.119018964469433" />
      <trkpt lat="39.067255994305015" lon="-85.118485037237406" />
      <trkpt lat="39.067264040932059" lon="-85.117942979559302" />
      <trkpt lat="39.067287007346749" lon="-85.117393964901567" />
      <trkpt lat="39.067282984033227" lon="-85.116845034062862" />
      <trkpt lat="39.06724501401186" lon="-85.116051016375422" />
      <trkpt lat="39.067260017618537" lon="-85.115418015047908" />
      <trkpt lat="39.067297987639904" lon="-85.114831030368805" />
      <trkpt lat="39.067255994305015" lon="-85.113655971363187" />
      <trkpt lat="39.067234033718705" lon="-85.113129001110792" />
      <trkpt lat="39.067230010405183" lon="-85.112579986453056" />
      <trkpt lat="39.067255994305015" lon="-85.112075982615352" />
      <trkpt lat="39.06726798042655" lon="-85.111671974882483" />
      <trkpt lat="39.067278960719705" lon="-85.110871000215411" />
      <trkpt lat="39.067291030660272" lon="-85.110619040206075" />
      <trkpt lat="39.067313997074962" lon="-85.110450983047485" />
      <trkpt lat="39.067390020936728" lon="-85.110206985846162" />
      <trkpt lat="39.067478030920029" lon="-85.109871039167047" />
      <trkpt lat="39.067531004548073" lon="-85.109512964263558" />
      <trkpt lat="39.067665031179786" lon="-85.108490036800504" />
      <trkpt lat="39.06774097122252" lon="-85.108170015737414" />
      <trkpt lat="39.067882038652897" lon="-85.107468031346798" />
      <trkpt lat="39.06789000146091" lon="-85.107247000560164" />
      <trkpt lat="39.067863011732697" lon="-85.107055976986885" />
      <trkpt lat="39.06767601147294" lon="-85.106514003127813" />
      <trkpt lat="39.067649021744728" lon="-85.10642297565937" />
      <trkpt lat="39.067572997882962" lon="-85.106224995106459" />
      <trkpt lat="39.067516000941396" lon="-85.105834985151887" />
      <trkpt lat="39.067366970703006" lon="-85.104477033019066" />
      <trkpt lat="39.067329000681639" lon="-85.104164974763989" />
      <trkpt lat="39.067255994305015" lon="-85.103904968127608" />
      <trkpt lat="39.067137977108359" lon="-85.103645967319608" />
      <trkpt lat="39.066959023475647" lon="-85.103302979841828" />
      <trkpt lat="39.066821979358792" lon="-85.102967033162713" />
      <trkpt lat="39.066425012424588" lon="-85.102089028805494" />
      <trkpt lat="39.065569974482059" lon="-85.100579028949142" />
      <trkpt lat="39.065116010606289" lon="-85.099701024591923" />
      <trkpt lat="39.064780985936522" lon="-85.098740039393306" />
      <trkpt lat="39.064520979300141" lon="-85.098327985033393" />
      <trkpt lat="39.064243035390973" lon="-85.098037971183658" />
      <trkpt lat="39.064063997939229" lon="-85.097808977589011" />
      <trkpt lat="39.06400197185576" lon="-85.097512006759644" />
      <trkpt lat="39.064028961583972" lon="-85.097252000123262" />
      <trkpt lat="39.064083024859428" lon="-85.097045972943306" />
      <trkpt lat="39.064186038449407" lon="-85.096900966018438" />
      <trkpt lat="39.064445039257407" lon="-85.096832988783717" />
      <trkpt lat="39.064677972346544" lon="-85.096810022369027" />
      <trkpt lat="39.065002016723156" lon="-85.096749002113938" />
      <trkpt lat="39.065394960343838" lon="-85.096612041816115" />
      <trkpt lat="39.065719004720449" lon="-85.096482038497925" />
      <trkpt lat="39.065943975001574" lon="-85.096267964690924" />
      <trkpt lat="39.066078001633286" lon="-85.096069984138012" />
      <trkpt lat="39.066218985244632" lon="-85.095673017203808" />
      <trkpt lat="39.066531965509057" lon="-85.094886962324381" />
      <trkpt lat="39.066851986572146" lon="-85.094184977933764" />
      <trkpt lat="39.067161027342081" lon="-85.093575026839972" />
      <trkpt lat="39.06767601147294" lon="-85.0927359983325" />
      <trkpt lat="39.067744994536042" lon="-85.09258302859962" />
      <trkpt lat="39.067767960950732" lon="-85.092414971441031" />
      <trkpt lat="39.06786703504622" lon="-85.092140967026353" />
      <trkpt lat="39.067993015050888" lon="-85.091552976518869" />
      <trkpt lat="39.068102985620499" lon="-85.090995999053121" />
      <trkpt lat="39.068122012540698" lon="-85.090912012383342" />
      <trkpt lat="39.068118995055556" lon="-85.090699028223753" />
      <trkpt lat="39.068023022264242" lon="-85.090103996917605" />
      <trkpt lat="39.06782504171133" lon="-85.089225992560387" />
      <trkpt lat="39.067680034786463" lon="-85.088440021499991" />
      <trkpt lat="39.06750401481986" lon="-85.088012963533401" />
      <trkpt lat="39.067091960459948" lon="-85.08712800219655" />
      <trkpt lat="39.06677202321589" lon="-85.086647970601916" />
      <trkpt lat="39.066534982994199" lon="-85.086381006985903" />
      <trkpt lat="39.066425012424588" lon="-85.086251003667712" />
      <trkpt lat="39.066154025495052" lon="-85.085990997031331" />
      <trkpt lat="39.065669970586896" lon="-85.085679022595286" />
      <trkpt lat="39.06537601724267" lon="-85.085434019565582" />
      <trkpt lat="39.065265040844679" lon="-85.085244001820683" />
      <trkpt lat="39.065169990062714" lon="-85.084870001301169" />
      <trkpt lat="39.064990030601621" lon="-85.083809019997716" />
      <trkpt lat="39.064906965941191" lon="-85.083191022276878" />
      <trkpt lat="39.064848963171244" lon="-85.083038974553347" />
      <trkpt lat="39.064833959564567" lon="-85.082993041723967" />
      <trkpt lat="39.064685013145208" lon="-85.08278701454401" />
      <trkpt lat="39.064643019810319" lon="-85.082673020660877" />
      <trkpt lat="39.06460496596992" lon="-85.082580987364054" />
      <trkpt lat="39.064571019262075" lon="-85.082237999886274" />
      <trkpt lat="39.064551992341876" lon="-85.08184103295207" />
      <trkpt lat="39.064562972635031" lon="-85.081505002453923" />
      <trkpt lat="39.064613012596965" lon="-85.080056022852659" />
      <trkpt lat="39.06460496596992" lon="-85.079308021813631" />
      <trkpt lat="39.064589962363243" lon="-85.078880963847041" />
      <trkpt lat="39.064918030053377" lon="-85.078842993825674" />
      <trkpt lat="39.065380040556192" lon="-85.078835031017661" />
      <trkpt lat="39.065985968336463" lon="-85.078820027410984" />
      <trkpt lat="39.066176991909742" lon="-85.078759007155895" />
      <trkpt lat="39.066337002441287" lon="-85.078614000231028" />
      <trkpt lat="39.066444039344788" lon="-85.078323986381292" />
      <trkpt lat="39.066531965509057" lon="-85.077942023053765" />
      <trkpt lat="39.066555015742779" lon="-85.077881002798676" />
      <trkpt lat="39.066660962998867" lon="-85.077560981735587" />
      <trkpt lat="39.066878976300359" lon="-85.077164014801383" />
      <trkpt lat="39.067137977108359" lon="-85.076760007068515" />
      <trkpt lat="39.067474007606506" lon="-85.076203029602766" />
      <trkpt lat="39.06774097122252" lon="-85.075851995497942" />
      <trkpt lat="39.067896958440542" lon="-85.075615039095283" />
      <trkpt lat="39.067962002009153" lon="-85.075371041893959" />
      <trkpt lat="39.06804196536541" lon="-85.075036017224193" />
      <trkpt lat="39.068054035305977" lon="-85.074906013906002" />
      <trkpt lat="39.068072978407145" lon="-85.074714990332723" />
      <trkpt lat="39.068096028640866" lon="-85.07436404004693" />
      <trkpt lat="39.068195018917322" lon="-85.073982998728752" />
      <trkpt lat="39.068382019177079" lon="-85.073624001815915" />
      <trkpt lat="39.068595003336668" lon="-85.073402971029282" />
      <trkpt lat="39.06883598305285" lon="-85.073158973827958" />
      <trkpt lat="39.068901026621461" lon="-85.0729910004884" />
      <trkpt lat="39.068980989977717" lon="-85.072296978905797" />
      <trkpt lat="39.069046033546329" lon="-85.072036972269416" />
      <trkpt lat="39.069163966923952" lon="-85.071801021695137" />
      <trkpt lat="39.069229010492563" lon="-85.071746958419681" />
      <trkpt lat="39.069296987727284" lon="-85.071693984791636" />
      <trkpt lat="39.069419028237462" lon="-85.071662971749902" />
      <trkpt lat="39.069598987698555" lon="-85.071717035025358" />
      <trkpt lat="39.069800991564989" lon="-85.071868998929858" />
      <trkpt lat="39.06990802846849" lon="-85.072006965056062" />
      <trkpt lat="39.070053035393357" lon="-85.071991039440036" />
      <trkpt lat="39.070152025669813" lon="-85.07193798199296" />
      <trkpt lat="39.070605989545584" lon="-85.072296978905797" />
      <trkpt lat="39.071319038048387" lon="-85.073021007701755" />
      <trkpt lat="39.071421967819333" lon="-85.073104994371533" />
      <trkpt lat="39.071514001116157" lon="-85.073127960786223" />
      <trkpt lat="39.071590024977922" lon="-85.073074987158179" />
      <trkpt lat="39.071639981120825" lon="-85.073021007701755" />
      <trkpt lat="39.071865035220981" lon="-85.072830989956856" />
      <trkpt lat="39.072425030171871" lon="-85.072320029139519" />
      <trkpt lat="39.072536006569862" lon="-85.072144009172916" />
      <trkpt lat="39.072608007118106" lon="-85.071930019184947" />
      <trkpt lat="39.072696017101407" lon="-85.071373041719198" />
      <trkpt lat="39.072826020419598" lon="-85.070321029052138" />
      <trkpt lat="39.072841024026275" lon="-85.070015005767345" />
      <trkpt lat="39.072829959914088" lon="-85.069886008277535" />
      <trkpt lat="39.072799030691385" lon="-85.069664977490902" />
      <trkpt lat="39.07270397990942" lon="-85.069160973653197" />
      <trkpt lat="39.072604989632964" lon="-85.068656969815493" />
      <trkpt lat="39.072422012686729" lon="-85.067825987935066" />
      <trkpt lat="39.072368033230305" lon="-85.067589031532407" />
      <trkpt lat="39.072280023247004" lon="-85.067139007151127" />
      <trkpt lat="39.072188995778561" lon="-85.066407015547156" />
      <trkpt lat="39.072124036028981" lon="-85.065430020913482" />
      <trkpt lat="39.072100985795259" lon="-85.065147969871759" />
      <trkpt lat="39.072067039087415" lon="-85.064751002937555" />
      <trkpt lat="39.072009958326817" lon="-85.064231995493174" />
      <trkpt lat="39.071979029104114" lon="-85.063972994685173" />
      <trkpt lat="39.071964025497437" lon="-85.06383603438735" />
      <trkpt lat="39.071918008849025" lon="-85.063592037186027" />
      <trkpt lat="39.071823041886091" lon="-85.063079986721277" />
      <trkpt lat="39.071642998605967" lon="-85.062279012054205" />
      <trkpt lat="39.071497991681099" lon="-85.061821024864912" />
      <trkpt lat="39.071391960605979" lon="-85.061577027663589" />
      <trkpt lat="39.071361031383276" lon="-85.061486000195146" />
      <trkpt lat="39.07130403444171" lon="-85.061303023248911" />
      <trkpt lat="39.07126204110682" lon="-85.060905972495675" />
      <trkpt lat="39.071280984207988" lon="-85.0597770139575" />
      <trkpt lat="39.07130403444171" lon="-85.059539973735809" />
      <trkpt lat="39.071342004463077" lon="-85.059075029566884" />
      <trkpt lat="39.071364970877767" lon="-85.058831032365561" />
      <trkpt lat="39.071376034989953" lon="-85.058677978813648" />
      <trkpt lat="39.071425991132855" lon="-85.058128964155912" />
      <trkpt lat="39.071449041366577" lon="-85.057914974167943" />
      <trkpt lat="39.071452980861068" lon="-85.057877004146576" />
      <trkpt lat="39.071472007781267" lon="-85.057571986690164" />
      <trkpt lat="39.071768978610635" lon="-85.057747000828385" />
      <trkpt lat="39.071928989142179" lon="-85.057862000539899" />
      <trkpt lat="39.072127975523472" lon="-85.057998960837722" />
      <trkpt lat="39.073321977630258" lon="-85.058861039578915" />
      <trkpt lat="39.07405799254775" lon="-85.059319026768208" />
      <trkpt lat="39.074581023305655" lon="-85.059638964012265" />
      <trkpt lat="39.075199021026492" lon="-85.059922020882368" />
      <trkpt lat="39.075289964675903" lon="-85.059944987297058" />
      <trkpt lat="39.075702019035816" lon="-85.060043977573514" />
      <trkpt lat="39.075759015977383" lon="-85.060058981180191" />
      <trkpt lat="39.075995972380042" lon="-85.060089994221926" />
      <trkpt lat="39.076342983171344" lon="-85.060157971456647" />
      <trkpt lat="39.076945977285504" lon="-85.060218991711736" />
      <trkpt lat="39.077376974746585" lon="-85.060256961733103" />
      <trkpt lat="39.078376013785601" lon="-85.060296021401882" />
      <trkpt lat="39.078844981268048" lon="-85.06104301661253" />
      <trkpt lat="39.079173970967531" lon="-85.061532016843557" />
      <trkpt lat="39.079559035599232" lon="-85.06198899820447" />
      <trkpt lat="39.079634975641966" lon="-85.062042977660894" />
      <trkpt lat="39.079981986433268" lon="-85.062286974862218" />
      <trkpt lat="39.080351963639259" lon="-85.06256902590394" />
      <trkpt lat="39.080973984673619" lon="-85.063057020306587" />
      <trkpt lat="39.08121395856142" lon="-85.063224993646145" />
      <trkpt lat="39.081320995464921" lon="-85.063293976709247" />
      <trkpt lat="39.081522999331355" lon="-85.063507966697216" />
      <trkpt lat="39.081709999591112" lon="-85.063820024952292" />
      <trkpt lat="39.082042006775737" lon="-85.064674979075789" />
      <trkpt lat="39.08235096372664" lon="-85.065445024520159" />
      <trkpt lat="39.082752037793398" lon="-85.066521009430289" />
      <trkpt lat="39.082884974777699" lon="-85.066880006343126" />
      <trkpt lat="39.083025958389044" lon="-85.067260963842273" />
      <trkpt lat="39.083221005275846" lon="-85.06761996075511" />
      <trkpt lat="39.083541026338935" lon="-85.0680470187217" />
      <trkpt lat="39.08419699408114" lon="-85.06884103640914" />
      <trkpt lat="39.0846480242908" lon="-85.069428021088243" />
      <trkpt lat="39.084929991513491" lon="-85.069733038544655" />
      <trkpt lat="39.085329975932837" lon="-85.070092035457492" />
      <trkpt lat="39.085848983377218" lon="-85.070565026253462" />
      <trkpt lat="39.086082000285387" lon="-85.070748003199697" />
      <trkpt lat="39.086288027465343" lon="-85.070908013731241" />
      <trkpt lat="39.086855985224247" lon="-85.071358038112521" />
      <trkpt lat="39.08772200345993" lon="-85.072114001959562" />
      <trkpt lat="39.087904980406165" lon="-85.072280969470739" />
      <trkpt lat="39.088740991428494" lon="-85.073006004095078" />
      <trkpt lat="39.089369969442487" lon="-85.073547977954149" />
      <trkpt lat="39.089442975819111" lon="-85.073608998209238" />
      <trkpt lat="39.089897023513913" lon="-85.073975035920739" />
      <trkpt lat="39.089984027668834" lon="-85.074035972356796" />
      <trkpt lat="39.090446038171649" lon="-85.074325986206532" />
      <trkpt lat="39.090660028159618" lon="-85.074463030323386" />
      <trkpt lat="39.09090000204742" lon="-85.074608037248254" />
      <trkpt lat="39.092014040797949" lon="-85.075286971405149" />
      <trkpt lat="39.092315034940839" lon="-85.075455028563738" />
      <trkpt lat="39.092525001615286" lon="-85.075630964711308" />
      <trkpt lat="39.092665985226631" lon="-85.075790975242853" />
      <trkpt lat="39.092738991603255" lon="-85.075866999104619" />
      <trkpt lat="39.092914005741477" lon="-85.07610403932631" />
      <trkpt lat="39.09304803237319" lon="-85.076371002942324" />
      <trkpt lat="39.093069992959499" lon="-85.07644702680409" />
      <trkpt lat="39.093127995729446" lon="-85.076645007357001" />
      <trkpt lat="39.093142999336123" lon="-85.076881963759661" />
      <trkpt lat="39.093147022649646" lon="-85.077903969213367" />
      <trkpt lat="39.093153979629278" lon="-85.078422976657748" />
      <trkpt lat="39.093153979629278" lon="-85.078536970540881" />
      <trkpt lat="39.093165965750813" lon="-85.079064024612308" />
      <trkpt lat="39.093177029863" lon="-85.080535970628262" />
      <trkpt lat="39.093189015984535" lon="-85.08091801777482" />
      <trkpt lat="39.093268979340792" lon="-85.081138964742422" />
      <trkpt lat="39.093360006809235" lon="-85.081223035231233" />
      <trkpt lat="39.093437036499381" lon="-85.081246001645923" />
      <trkpt lat="39.093566033989191" lon="-85.081246001645923" />
      <trkpt lat="39.093723027035594" lon="-85.081246001645923" />
      <trkpt lat="39.094115970656276" lon="-85.081223035231233" />
      <trkpt lat="39.094862965866923" lon="-85.081246001645923" />
      <trkpt lat="39.095206959173083" lon="-85.081276008859277" />
      <trkpt lat="39.095275020226836" lon="-85.08128397166729" />
      <trkpt lat="39.095427989959717" lon="-85.081298975273967" />
      <trkpt lat="39.09549999050796" lon="-85.081322025507689" />
      <trkpt lat="39.095825040712953" lon="-85.081406012177467" />
      <trkpt lat="39.09588597714901" lon="-85.081421015784144" />
      <trkpt lat="39.097052989527583" lon="-85.08175696246326" />
      <trkpt lat="39.097296986728907" lon="-85.08184103295207" />
      <trkpt lat="39.098704978823662" lon="-85.082305977120996" />
      <trkpt lat="39.099586000666022" lon="-85.082619041204453" />
      <trkpt lat="39.100661985576153" lon="-85.082984995096922" />
      <trkpt lat="39.100914029404521" lon="-85.083062024787068" />
      <trkpt lat="39.101511994376779" lon="-85.083245001733303" />
      <trkpt lat="39.101828997954726" lon="-85.083358995616436" />
      <trkpt lat="39.102218002080917" lon="-85.083488998934627" />
      <trkpt lat="39.102958040311933" lon="-85.083764009177685" />
      <trkpt lat="39.103350983932614" lon="-85.083855036646128" />
      <trkpt lat="39.103495990857482" lon="-85.083885965868831" />
      <trkpt lat="39.104151958599687" lon="-85.083924019709229" />
      <trkpt lat="39.104712959378958" lon="-85.083954026922584" />
      <trkpt lat="39.105094000697136" lon="-85.084008006379008" />
      <trkpt lat="39.105853987857699" lon="-85.084114959463477" />
      <trkpt lat="39.106101002544165" lon="-85.084144966676831" />
      <trkpt lat="39.106292026117444" lon="-85.084168016910553" />
      <trkpt lat="39.106853026896715" lon="-85.084220990538597" />
      <trkpt lat="39.107109010219574" lon="-85.084252003580332" />
      <trkpt lat="39.107420984655619" lon="-85.084289973601699" />
      <trkpt lat="39.108351962640882" lon="-85.084403967484832" />
      <trkpt lat="39.108485989272594" lon="-85.084419976919889" />
      <trkpt lat="39.109169030562043" lon="-85.084496000781655" />
      <trkpt lat="39.109576977789402" lon="-85.084518967196345" />
      <trkpt lat="39.109778981655836" lon="-85.084518967196345" />
      <trkpt lat="39.11028197966516" lon="-85.084473034366965" />
      <trkpt lat="39.110983964055777" lon="-85.084443027153611" />
      <trkpt lat="39.111068034544587" lon="-85.084443027153611" />
      <trkpt lat="39.111328041180968" lon="-85.084427017718554" />
      <trkpt lat="39.112338982522488" lon="-85.084320986643434" />
      <trkpt lat="39.112918004393578" lon="-85.084259966388345" />
      <trkpt lat="39.113296028226614" lon="-85.084220990538597" />
      <trkpt lat="39.113265015184879" lon="-85.084084030240774" />
      <trkpt lat="39.113239031285048" lon="-85.083985039964318" />
      <trkpt lat="39.113200977444649" lon="-85.083855036646128" />
      <trkpt lat="39.113121014088392" lon="-85.083656972274184" />
      <trkpt lat="39.112982964143157" lon="-85.083245001733303" />
      <trkpt lat="39.112953040748835" lon="-85.083092032000422" />
      <trkpt lat="39.112949017435312" lon="-85.082871001213789" />
      <trkpt lat="39.11296796053648" lon="-85.082573024556041" />
      <trkpt lat="39.113001991063356" lon="-85.082366997376084" />
      <trkpt lat="39.113037027418613" lon="-85.082230037078261" />
      <trkpt lat="39.113220004364848" lon="-85.081780012696981" />
      <trkpt lat="39.113479005172849" lon="-85.081223035231233" />
      <trkpt lat="39.113815035670996" lon="-85.080475034192204" />
      <trkpt lat="39.114146959036589" lon="-85.079728038981557" />
      <trkpt lat="39.11449396982789" lon="-85.078980037942529" />
      <trkpt lat="39.115145998075604" lon="-85.077569028362632" />
      <trkpt lat="39.115280024707317" lon="-85.077248001471162" />
      <trkpt lat="39.115557968616486" lon="-85.07657703012228" />
      <trkpt lat="39.115572972223163" lon="-85.076538976281881" />
      <trkpt lat="39.115660982206464" lon="-85.076333032920957" />
      <trkpt lat="39.115729965269566" lon="-85.076218033209443" />
      <trkpt lat="39.115771958604455" lon="-85.076157012954354" />
      <trkpt lat="39.115856029093266" lon="-85.076065985485911" />
      <trkpt lat="39.115940015763044" lon="-85.0760199688375" />
      <trkpt lat="39.116194993257523" lon="-85.075959032401443" />
      <trkpt lat="39.116091979667544" lon="-85.075036017224193" />
      <trkpt lat="39.1160390060395" lon="-85.074493959546089" />
      <trkpt lat="39.116027019917965" lon="-85.074180979281664" />
      <trkpt lat="39.115961976349354" lon="-85.073608998209238" />
      <trkpt lat="39.115913026034832" lon="-85.073067024350166" />
      <trkpt lat="39.115783022716641" lon="-85.071617960929871" />
      <trkpt lat="39.116175966337323" lon="-85.071578985080123" />
      <trkpt lat="39.116740990430117" lon="-85.071496004238725" />
      <trkpt lat="39.11700401455164" lon="-85.071449987590313" />
      <trkpt lat="39.116938970983028" lon="-85.070595033466816" />
      <trkpt lat="39.11683201789856" lon="-85.069359038025141" />
      <trkpt lat="39.117160001769662" lon="-85.069344034418464" />
      <trkpt lat="39.117534002289176" lon="-85.069320984184742" />
      <trkpt lat="39.117710022255778" lon="-85.069329030811787" />
      <trkpt lat="39.117819992825389" lon="-85.069329030811787" />
      <trkpt lat="39.118446037173271" lon="-85.069351997226477" />
      <trkpt lat="39.118895977735519" lon="-85.069419974461198" />
      <trkpt lat="39.119013994932175" lon="-85.06944302469492" />
      <trkpt lat="39.119293028488755" lon="-85.069503961130977" />
      <trkpt lat="39.120032982900739" lon="-85.069709988310933" />
      <trkpt lat="39.120296007022262" lon="-85.069763967767358" />
      <trkpt lat="39.120429027825594" lon="-85.069793974980712" />
      <trkpt lat="39.12057101726532" lon="-85.069824988022447" />
      <trkpt lat="39.120924985036254" lon="-85.069869998842478" />
      <trkpt lat="39.121142998337746" lon="-85.069892965257168" />
      <trkpt lat="39.121283981949091" lon="-85.069892965257168" />
      <trkpt lat="39.121662005782127" lon="-85.069901011884212" />
      <trkpt lat="39.122627014294267" lon="-85.06993898190558" />
      <trkpt lat="39.123088018968701" lon="-85.069977035745978" />
      <trkpt lat="39.12317200563848" lon="-85.069984998553991" />
      <trkpt lat="39.123801989480853" lon="-85.070015005767345" />
      <trkpt lat="39.12443901412189" lon="-85.070053981617093" />
      <trkpt lat="39.124850984662771" lon="-85.070115001872182" />
      <trkpt lat="39.12566302344203" lon="-85.070213992148638" />
      <trkpt lat="39.126074993982911" lon="-85.070281969383359" />
      <trkpt lat="39.126594001427293" lon="-85.070381965488195" />
      <trkpt lat="39.127440992742777" lon="-85.070550022646785" />
      <trkpt lat="39.12785698659718" lon="-85.070671979337931" />
      <trkpt lat="39.128073994070292" lon="-85.070649012923241" />
      <trkpt lat="39.128245990723372" lon="-85.070602996274829" />
      <trkpt lat="39.128413964062929" lon="-85.07054197601974" />
      <trkpt lat="39.128775978460908" lon="-85.070495959371328" />
      <trkpt lat="39.12927595898509" lon="-85.070487996563315" />
      <trkpt lat="39.129692036658525" lon="-85.070526972413063" />
      <trkpt lat="39.130225963890553" lon="-85.070602996274829" />
      <trkpt lat="39.130912022665143" lon="-85.070481039583683" />
      <trkpt lat="39.131510993465781" lon="-85.070243999361992" />
      <trkpt lat="39.132122034206986" lon="-85.069984998553991" />
      <trkpt lat="39.132357984781265" lon="-85.069832028821111" />
      <trkpt lat="39.132640035822988" lon="-85.069642011076212" />
      <trkpt lat="39.132842961698771" lon="-85.069580990821123" />
      <trkpt lat="39.132986962795258" lon="-85.069558024406433" />
      <trkpt lat="39.133155019953847" lon="-85.06957302801311" />
      <trkpt lat="39.133300026878715" lon="-85.069703031331301" />
      <trkpt lat="39.133403040468693" lon="-85.069817025214434" />
      <trkpt lat="39.133544024080038" lon="-85.069992961362004" />
      <trkpt lat="39.133639996871352" lon="-85.070160012692213" />
      <trkpt lat="39.133852981030941" lon="-85.07054197601974" />
      <trkpt lat="39.133949037641287" lon="-85.070710033178329" />
      <trkpt lat="39.134222958236933" lon="-85.071205990388989" />
      <trkpt lat="39.134543985128403" lon="-85.071801021695137" />
      <trkpt lat="39.134856965392828" lon="-85.072373002767563" />
      <trkpt lat="39.134974982589483" lon="-85.072663016617298" />
      <trkpt lat="39.135062992572784" lon="-85.072929980233312" />
      <trkpt lat="39.135157959535718" lon="-85.073342034593225" />
      <trkpt lat="39.135230965912342" lon="-85.073586031794548" />
      <trkpt lat="39.135317970067263" lon="-85.073722992092371" />
      <trkpt lat="39.135416960343719" lon="-85.073830028995872" />
      <trkpt lat="39.135540006682277" lon="-85.073960032314062" />
      <trkpt lat="39.135787021368742" lon="-85.07412800565362" />
      <trkpt lat="39.135986007750034" lon="-85.074195982888341" />
      <trkpt lat="39.136146018281579" lon="-85.074189025908709" />
      <trkpt lat="39.136324971914291" lon="-85.074059022590518" />
      <trkpt lat="39.136469978839159" lon="-85.073845032602549" />
      <trkpt lat="39.136592019349337" lon="-85.073487041518092" />
      <trkpt lat="39.136653039604425" lon="-85.073158973827958" />
      <trkpt lat="39.136717999354005" lon="-85.072616999968886" />
      <trkpt lat="39.136774996295571" lon="-85.072341989725828" />
      <trkpt lat="39.136912962421775" lon="-85.072052981704473" />
      <trkpt lat="39.137129969894886" lon="-85.071708988398314" />
      <trkpt lat="39.137434987351298" lon="-85.071297017857432" />
      <trkpt lat="39.137778980657458" lon="-85.070878006517887" />
      <trkpt lat="39.138007974252105" lon="-85.070450026541948" />
      <trkpt lat="39.138327995315194" lon="-85.069763967767358" />
      <trkpt lat="39.138441989198327" lon="-85.069549977779388" />
      <trkpt lat="39.138609962537885" lon="-85.069236997514963" />
      <trkpt lat="39.138965019956231" lon="-85.068795019760728" />
      <trkpt lat="39.139408003538847" lon="-85.0683060195297" />
      <trkpt lat="39.139961041510105" lon="-85.067665977403522" />
      <trkpt lat="39.140262035652995" lon="-85.067299017682672" />
      <trkpt lat="39.140479965135455" lon="-85.067016966640949" />
      <trkpt lat="39.140566969290376" lon="-85.06678101606667" />
      <trkpt lat="39.140632012858987" lon="-85.066521009430289" />
      <trkpt lat="39.140636036172509" lon="-85.066247005015612" />
      <trkpt lat="39.140639975667" lon="-85.066063022240996" />
      <trkpt lat="39.140659002587199" lon="-85.065551977604628" />
      <trkpt lat="39.140663025900722" lon="-85.065484000369906" />
      <trkpt lat="39.140929989516735" lon="-85.065484000369906" />
      <trkpt lat="39.141097962856293" lon="-85.065491041168571" />
      <trkpt lat="39.141269037500024" lon="-85.065491041168571" />
      <trkpt lat="39.14263503625989" lon="-85.065467990934849" />
      <trkpt lat="39.144344022497535" lon="-85.065437983721495" />
      <trkpt lat="39.144947016611695" lon="-85.065430020913482" />
      <trkpt lat="39.14525899104774" lon="-85.065422980114818" />
      <trkpt lat="39.145454037934542" lon="-85.065422980114818" />
      <trkpt lat="39.147154977545142" lon="-85.065437983721495" />
      <trkpt lat="39.147486984729767" lon="-85.065437983721495" />
      <trkpt lat="39.14789903908968" lon="-85.065430020913482" />
      <trkpt lat="39.148150999099016" lon="-85.065430020913482" />
      <trkpt lat="39.150278996676207" lon="-85.065415017306805" />
      <trkpt lat="39.150497009977698" lon="-85.065422980114818" />
      <trkpt lat="39.150660960003734" lon="-85.065484000369906" />
      <trkpt lat="39.150833040475845" lon="-85.065597994253039" />
      <trkpt lat="39.151854962110519" lon="-85.066398968920112" />
      <trkpt lat="39.15209099650383" lon="-85.066597033292055" />
      <trkpt lat="39.152659960091114" lon="-85.067062983289361" />
      <trkpt lat="39.15335800498724" lon="-85.06761996075511" />
      <trkpt lat="39.154097959399223" lon="-85.068214992061257" />
      <trkpt lat="39.154501967132092" lon="-85.068527972325683" />
      <trkpt lat="39.154860964044929" lon="-85.068832989782095" />
      <trkpt lat="39.155117031186819" lon="-85.069030970335007" />
      <trkpt lat="39.155521038919687" lon="-85.069320984184742" />
      <trkpt lat="39.155909959226847" lon="-85.06957302801311" />
      <trkpt lat="39.156341040506959" lon="-85.069839991629124" />
      <trkpt lat="39.156733984127641" lon="-85.070092035457492" />
      <trkpt lat="39.157100021839142" lon="-85.070297978818417" />
      <trkpt lat="39.157938966527581" lon="-85.070800976827741" />
      <trkpt lat="39.158286983147264" lon="-85.070984037593007" />
      <trkpt lat="39.158442970365286" lon="-85.07101496681571" />
      <trkpt lat="39.158614967018366" lon="-85.071029970422387" />
      <trkpt lat="39.158759973943233" lon="-85.071038017049432" />
      <trkpt lat="39.159297002479434" lon="-85.071068024262786" />
      <trkpt lat="39.159953976050019" lon="-85.071122003719211" />
      <trkpt lat="39.160571973770857" lon="-85.071174977347255" />
      <trkpt lat="39.161391975358129" lon="-85.071229040622711" />
      <trkpt lat="39.161933027207851" lon="-85.071243960410357" />
      <trkpt lat="39.162386991083622" lon="-85.071289977058768" />
      <trkpt lat="39.162386991083622" lon="-85.071403970941901" />
      <trkpt lat="39.162386991083622" lon="-85.071289977058768" />
      <trkpt lat="39.162376010790467" lon="-85.068298978731036" />
      <trkpt lat="39.162364024668932" lon="-85.066292015835643" />
      <trkpt lat="39.16236100718379" lon="-85.063073029741645" />
      <trkpt lat="39.162344997748733" lon="-85.060082031413913" />
      <trkpt lat="39.162341980263591" lon="-85.058547975495458" />
      <trkpt lat="39.162325970828533" lon="-85.057739960029721" />
      <trkpt lat="39.162325970828533" lon="-85.056672021746635" />
      <trkpt lat="39.162307027727365" lon="-85.055481037124991" />
      <trkpt lat="39.162303004413843" lon="-85.055343993008137" />
      <trkpt lat="39.162303004413843" lon="-85.054824985563755" />
      <trkpt lat="39.162303004413843" lon="-85.054206987842917" />
      <trkpt lat="39.162292024120688" lon="-85.053215995430946" />
      <trkpt lat="39.162277020514011" lon="-85.051803980022669" />
      <trkpt lat="39.162277020514011" lon="-85.0516970269382" />
      <trkpt lat="39.162272997200489" lon="-85.051507009193301" />
      <trkpt lat="39.162272997200489" lon="-85.05004202015698" />
      <trkpt lat="39.162280960008502" lon="-85.048951031640172" />
      <trkpt lat="39.162280960008502" lon="-85.048745004460216" />
      <trkpt lat="39.162257993593812" lon="-85.047753006219864" />
      <trkpt lat="39.162250030785799" lon="-85.047265011817217" />
      <trkpt lat="39.162246007472277" lon="-85.046783974394202" />
      <trkpt lat="39.162241984158754" lon="-85.0464559905231" />
      <trkpt lat="39.162246007472277" lon="-85.045043975114822" />
      <trkpt lat="39.162250030785799" lon="-85.044533014297485" />
      <trkpt lat="39.162246007472277" lon="-85.043587032705545" />
      <trkpt lat="39.1622310038656" lon="-85.042061023414135" />
      <trkpt lat="39.1622119769454" lon="-85.041283015161753" />
      <trkpt lat="39.16220803745091" lon="-85.041214032098651" />
      <trkpt lat="39.162196973338723" lon="-85.041100038215518" />
      <trkpt lat="39.162196973338723" lon="-85.040931981056929" />
      <trkpt lat="39.162223041057587" lon="-85.040832990780473" />
      <trkpt lat="39.162283977493644" lon="-85.040756966918707" />
      <trkpt lat="39.16236100718379" lon="-85.040726037696004" />
      <trkpt lat="39.162525041028857" lon="-85.04071899689734" />
      <trkpt lat="39.162657978013158" lon="-85.040711034089327" />
      <trkpt lat="39.163638995960355" lon="-85.040687983855605" />
      <trkpt lat="39.164978004992008" lon="-85.040650013834238" />
      <trkpt lat="39.165190989151597" lon="-85.040641967207193" />
      <trkpt lat="39.165615029633045" lon="-85.040626963600516" />
      <trkpt lat="39.165683006867766" lon="-85.040597040206194" />
      <trkpt lat="39.165762970224023" lon="-85.040551023557782" />
      <trkpt lat="39.166094977408648" lon="-85.040337033569813" />
      <trkpt lat="39.166824035346508" lon="-85.039863958954811" />
      <trkpt lat="39.167651999741793" lon="-85.039345035329461" />
      <trkpt lat="39.167987024411559" lon="-85.039109000936151" />
      <trkpt lat="39.167933966964483" lon="-85.039010010659695" />
      <trkpt lat="39.167987024411559" lon="-85.039109000936151" />
      <trkpt lat="39.16857099160552" lon="-85.040153972804546" />
      <trkpt lat="39.168856982141733" lon="-85.040680021047592" />
      <trkpt lat="39.168959995731711" lon="-85.040680021047592" />
      <trkpt lat="39.1705890186131" lon="-85.040650013834238" />
      <trkpt lat="39.171913024038076" lon="-85.040635010227561" />
      <trkpt lat="39.172405041754246" lon="-85.040635010227561" />
      <trkpt lat="39.173159999772906" lon="-85.040611959993839" />
      <trkpt lat="39.173469040542841" lon="-85.040603997185826" />
      <trkpt lat="39.174120984971523" lon="-85.040603997185826" />
      <trkpt lat="39.174255011603236" lon="-85.040603997185826" />
      <trkpt lat="39.175055986270308" lon="-85.040603997185826" />
      <trkpt lat="39.176181005313993" lon="-85.040588993579149" />
      <trkpt lat="39.176818029955029" lon="-85.040581030771136" />
      <trkpt lat="39.177692010998726" lon="-85.040573989972472" />
      <trkpt lat="39.178809989243746" lon="-85.040557980537415" />
      <trkpt lat="39.179321033880115" lon="-85.040535014122725" />
      <trkpt lat="39.180210018530488" lon="-85.040520010516047" />
      <trkpt lat="39.180487962439656" lon="-85.040512969717383" />
      <trkpt lat="39.181773997843266" lon="-85.040490003302693" />
      <trkpt lat="39.18270799331367" lon="-85.04048204049468" />
      <trkpt lat="39.183506034314632" lon="-85.040458990260959" />
      <trkpt lat="39.184359982609749" lon="-85.040436023846269" />
      <trkpt lat="39.184657959267497" lon="-85.040428983047605" />
      <trkpt lat="39.185806028544903" lon="-85.040391013026237" />
      <trkpt lat="39.186237026005983" lon="-85.040382966399193" />
      <trkpt lat="39.186587976291776" lon="-85.04037500359118" />
      <trkpt lat="39.186945967376232" lon="-85.040367962792516" />
      <trkpt lat="39.190174005925655" lon="-85.040322029963136" />
      <trkpt lat="39.190219016745687" lon="-85.040322029963136" />
      <trkpt lat="39.190211975947022" lon="-85.040023969486356" />
      <trkpt lat="39.190211975947022" lon="-85.0399249792099" />
      <trkpt lat="39.190204013139009" lon="-85.039581991732121" />
      <trkpt lat="39.190199989825487" lon="-85.038932980969548" />
      <trkpt lat="39.190204013139009" lon="-85.038024969398975" />
      <trkpt lat="39.190211975947022" lon="-85.03756002523005" />
      <trkpt lat="39.190211975947022" lon="-85.037223994731903" />
      <trkpt lat="39.190215999260545" lon="-85.036866003647447" />
      <trkpt lat="39.190226979553699" lon="-85.036384966224432" />
      <trkpt lat="39.190231002867222" lon="-85.035522971302271" />
      <trkpt lat="39.190219016745687" lon="-85.035012010484934" />
      <trkpt lat="39.190235026180744" lon="-85.033912975341082" />
      <trkpt lat="39.190235026180744" lon="-85.033806022256613" />
      <trkpt lat="39.190237959846854" lon="-85.033599995076656" />
      <trkpt lat="39.190199989825487" lon="-85.032410016283393" />
      <trkpt lat="39.19018498621881" lon="-85.030746962875128" />
      <trkpt lat="39.190180962905288" lon="-85.029923021793365" />
      <trkpt lat="39.190177023410797" lon="-85.029519014060497" />
      <trkpt lat="39.190177023410797" lon="-85.028404975309968" />
      <trkpt lat="39.190174005925655" lon="-85.027520013973117" />
      <trkpt lat="39.190174005925655" lon="-85.025727041065693" />
      <trkpt lat="39.190169982612133" lon="-85.025573987513781" />
      <trkpt lat="39.190154979005456" lon="-85.025123963132501" />
      <trkpt lat="39.190169982612133" lon="-85.024795979261398" />
      <trkpt lat="39.19016201980412" lon="-85.023987041786313" />
      <trkpt lat="39.190169982612133" lon="-85.023254966363311" />
      <trkpt lat="39.190169982612133" lon="-85.022721039131284" />
      <trkpt lat="39.190169982612133" lon="-85.022567985579371" />
      <trkpt lat="39.190138969570398" lon="-85.022224998101592" />
      <trkpt lat="39.190135030075908" lon="-85.022057024762034" />
      <trkpt lat="39.190165959298611" lon="-85.021873963996768" />
      <trkpt lat="39.19018498621881" lon="-85.021813027560711" />
      <trkpt lat="39.190195966511965" lon="-85.021759970113635" />
      <trkpt lat="39.190265033394098" lon="-85.021622003987432" />
      <trkpt lat="39.190536020323634" lon="-85.021378006786108" />
      <trkpt lat="39.190745986998081" lon="-85.02123299986124" />
      <trkpt lat="39.190928963944316" lon="-85.021141972392797" />
      <trkpt lat="39.191161980852485" lon="-85.021019009873271" />
      <trkpt lat="39.191314028576016" lon="-85.020866962149739" />
      <trkpt lat="39.191477978602052" lon="-85.020584994927049" />
      <trkpt lat="39.191848039627075" lon="-85.019989963620901" />
      <trkpt lat="39.191996986046433" lon="-85.019768010824919" />
      <trkpt lat="39.192058006301522" lon="-85.019645970314741" />
      <trkpt lat="39.192089019343257" lon="-85.01955502666533" />
      <trkpt lat="39.192095976322889" lon="-85.019447989761829" />
      <trkpt lat="39.192092036828399" lon="-85.019181026145816" />
      <trkpt lat="39.192047026008368" lon="-85.019005006179214" />
      <trkpt lat="39.191996986046433" lon="-85.018943985924125" />
      <trkpt lat="39.191959016025066" lon="-85.018891012296081" />
      <trkpt lat="39.191840998828411" lon="-85.018792022019625" />
      <trkpt lat="39.19158099219203" lon="-85.018563028424978" />
      <trkpt lat="39.190886970609426" lon="-85.017869006842375" />
      <trkpt lat="39.190802983939648" lon="-85.017646970227361" />
      <trkpt lat="39.190723020583391" lon="-85.01738796941936" />
      <trkpt lat="39.190684966742992" lon="-85.017143972218037" />
      <trkpt lat="39.190681027248502" lon="-85.016998965293169" />
      <trkpt lat="39.190738024190068" lon="-85.016488004475832" />
      <trkpt lat="39.190780017524958" lon="-85.016326988115907" />
      <trkpt lat="39.190792003646493" lon="-85.015931027010083" />
      <trkpt lat="39.190775994211435" lon="-85.015717037022114" />
      <trkpt lat="39.190708016976714" lon="-85.015526013448834" />
      <trkpt lat="39.190605003386736" lon="-85.015328032895923" />
      <trkpt lat="39.190395036712289" lon="-85.014961995184422" />
      <trkpt lat="39.190307026728988" lon="-85.014779018238187" />
      <trkpt lat="39.190226979553699" lon="-85.014565028250217" />
      <trkpt lat="39.190180962905288" lon="-85.014396971091628" />
      <trkpt lat="39.190169982612133" lon="-85.014222040772438" />
      <trkpt lat="39.190174005925655" lon="-85.014016013592482" />
      <trkpt lat="39.190204013139009" lon="-85.013809986412525" />
      <trkpt lat="39.190226979553699" lon="-85.013741003349423" />
      <trkpt lat="39.190295962616801" lon="-85.013534976169467" />
      <trkpt lat="39.190382966771722" lon="-85.013389969244599" />
      <trkpt lat="39.190467037260532" lon="-85.013290978968143" />
      <trkpt lat="39.190630987286568" lon="-85.013221995905042" />
      <trkpt lat="39.191612005233765" lon="-85.012626964598894" />
      <trkpt lat="39.191805962473154" lon="-85.012505007907748" />
      <trkpt lat="39.191920962184668" lon="-85.012443987652659" />
      <trkpt lat="39.192080972716212" lon="-85.012413980439305" />
      <trkpt lat="39.192417003214359" lon="-85.012276014313102" />
      <trkpt lat="39.192538959905505" lon="-85.012168977409601" />
      <trkpt lat="39.192671980708838" lon="-85.012008966878057" />
      <trkpt lat="39.192768037319183" lon="-85.011818027123809" />
      <trkpt lat="39.192852023988962" lon="-85.011611999943852" />
      <trkpt lat="39.192931987345219" lon="-85.011352999135852" />
      <trkpt lat="39.192981021478772" lon="-85.011116964742541" />
      <trkpt lat="39.193030977621675" lon="-85.010796021670103" />
      <trkpt lat="39.193038018420339" lon="-85.010621007531881" />
      <trkpt lat="39.193030977621675" lon="-85.01033803448081" />
      <trkpt lat="39.193042041733861" lon="-85.01012496650219" />
      <trkpt lat="39.193057967349887" lon="-85.009934026747942" />
      <trkpt lat="39.193080011755228" lon="-85.009774016216397" />
      <trkpt lat="39.193133991211653" lon="-85.009567989036441" />
      <trkpt lat="39.19317196123302" lon="-85.009385012090206" />
      <trkpt lat="39.193228958174586" lon="-85.009193988516927" />
      <trkpt lat="39.193252008408308" lon="-85.009033977985382" />
      <trkpt lat="39.193263994529843" lon="-85.008896011859179" />
      <trkpt lat="39.193259971216321" lon="-85.008599041029811" />
      <trkpt lat="39.193271035328507" lon="-85.008439030498266" />
      <trkpt lat="39.19329802505672" lon="-85.008278014138341" />
      <trkpt lat="39.193350998684764" lon="-85.008133007213473" />
      <trkpt lat="39.193439008668065" lon="-85.007935026660562" />
      <trkpt lat="39.193572029471397" lon="-85.007630009204149" />
      <trkpt lat="39.193630032241344" lon="-85.007408978417516" />
      <trkpt lat="39.193732962012291" lon="-85.007088035345078" />
      <trkpt lat="39.193817032501101" lon="-85.006913021206856" />
      <trkpt lat="39.193877968937159" lon="-85.006859041750431" />
      <trkpt lat="39.193919962272048" lon="-85.006859041750431" />
      <trkpt lat="39.193984000012279" lon="-85.006867004558444" />
      <trkpt lat="39.193964973092079" lon="-85.006706994026899" />
      <trkpt lat="39.193946029990911" lon="-85.006462996825576" />
      <trkpt lat="39.193904036656022" lon="-85.006088996306062" />
      <trkpt lat="39.193843016400933" lon="-85.005921022966504" />
      <trkpt lat="39.19375198893249" lon="-85.005767969414592" />
      <trkpt lat="39.193668002262712" lon="-85.005662022158504" />
      <trkpt lat="39.193553002551198" lon="-85.00554702244699" />
      <trkpt lat="39.19317196123302" lon="-85.005272012203932" />
      <trkpt lat="39.192988984286785" lon="-85.0051199644804" />
      <trkpt lat="39.192665023729205" lon="-85.004845038056374" />
      <trkpt lat="39.192493027076125" lon="-85.004730960354209" />
      <trkpt lat="39.192218016833067" lon="-85.004571033641696" />
      <trkpt lat="39.192131012678146" lon="-85.004509007558227" />
      <trkpt lat="39.192005032673478" lon="-85.004456033930182" />
      <trkpt lat="39.1919020190835" lon="-85.004417980089784" />
      <trkpt lat="39.191772015765309" lon="-85.004417980089784" />
      <trkpt lat="39.191523995250463" lon="-85.004371963441372" />
      <trkpt lat="39.191410001367331" lon="-85.004318989813328" />
      <trkpt lat="39.191061984747648" lon="-85.004257969558239" />
      <trkpt lat="39.19095603749156" lon="-85.004203990101814" />
      <trkpt lat="39.190817987546325" lon="-85.004120003432035" />
      <trkpt lat="39.190730983391404" lon="-85.004052026197314" />
      <trkpt lat="39.190630987286568" lon="-85.003968039527535" />
      <trkpt lat="39.190525040030479" lon="-85.003907019272447" />
      <trkpt lat="39.190380033105612" lon="-85.003708032891154" />
      <trkpt lat="39.190211975947022" lon="-85.003440985456109" />
      <trkpt lat="39.190048025920987" lon="-85.003211991861463" />
      <trkpt lat="39.189945012331009" lon="-85.003082994371653" />
      <trkpt lat="39.189913999289274" lon="-85.003045024350286" />
      <trkpt lat="39.189791958779097" lon="-85.002900017425418" />
      <trkpt lat="39.189650975167751" lon="-85.002739001065493" />
      <trkpt lat="39.189514014869928" lon="-85.002556024119258" />
      <trkpt lat="39.189456012099981" lon="-85.002427026629448" />
      <trkpt lat="39.189391974359751" lon="-85.002319989725947" />
      <trkpt lat="39.189322991296649" lon="-85.002228040248156" />
      <trkpt lat="39.18926197104156" lon="-85.00217498280108" />
      <trkpt lat="39.189177984371781" lon="-85.002090996131301" />
      <trkpt lat="39.18908997438848" lon="-85.0019839592278" />
      <trkpt lat="39.188990984112024" lon="-85.001893015578389" />
      <trkpt lat="39.188689989969134" lon="-85.00151096843183" />
      <trkpt lat="39.188586976379156" lon="-85.001396974548697" />
      <trkpt lat="39.188387989997864" lon="-85.001106960698962" />
      <trkpt lat="39.188311966136098" lon="-85.000977041199803" />
      <trkpt lat="39.188216999173164" lon="-85.000870004296303" />
      <trkpt lat="39.188133012503386" lon="-85.00077897682786" />
      <trkpt lat="39.188007032498717" lon="-85.000611003488302" />
      <trkpt lat="39.187778038904071" lon="-85.000114962458611" />
      <trkpt lat="39.187587015330791" lon="-84.999665021896362" />
      <trkpt lat="39.187506968155503" lon="-84.99948900192976" />
      <trkpt lat="39.187431028112769" lon="-84.999352041631937" />
      <trkpt lat="39.187332037836313" lon="-84.999131010845304" />
      <trkpt lat="39.187193987891078" lon="-84.998794980347157" />
      <trkpt lat="39.187102960422635" lon="-84.998405976220965" />
      <trkpt lat="39.18708804063499" lon="-84.998207995668054" />
      <trkpt lat="39.187042023986578" lon="-84.998024012893438" />
      <trkpt lat="39.186949990689754" lon="-84.997841035947204" />
      <trkpt lat="39.186679003760219" lon="-84.99746804125607" />
      <trkpt lat="39.186607003211975" lon="-84.997307024896145" />
      <trkpt lat="39.186439029872417" lon="-84.996810983866453" />
      <trkpt lat="39.186346996575594" lon="-84.996467996388674" />
      <trkpt lat="39.18629796244204" lon="-84.996239002794027" />
      <trkpt lat="39.186279019340873" lon="-84.995667021721601" />
      <trkpt lat="39.186285976320505" lon="-84.995559984818101" />
      <trkpt lat="39.18629796244204" lon="-84.995423024520278" />
      <trkpt lat="39.18629796244204" lon="-84.995384970679879" />
      <trkpt lat="39.186331992968917" lon="-84.994889013469219" />
      <trkpt lat="39.186327969655395" lon="-84.994660019874573" />
      <trkpt lat="39.186369962990284" lon="-84.994416022673249" />
      <trkpt lat="39.186435006558895" lon="-84.994057025760412" />
      <trkpt lat="39.186400976032019" lon="-84.993599038571119" />
      <trkpt lat="39.186373986303806" lon="-84.993286980316043" />
      <trkpt lat="39.186358982697129" lon="-84.992936030030251" />
      <trkpt lat="39.186327969655395" lon="-84.992553982883692" />
      <trkpt lat="39.186325035989285" lon="-84.992095995694399" />
      <trkpt lat="39.186301985755563" lon="-84.991859961301088" />
      <trkpt lat="39.186255969107151" lon="-84.991691987961531" />
      <trkpt lat="39.186176005750895" lon="-84.991600960493088" />
      <trkpt lat="39.185915999114513" lon="-84.991509011015296" />
      <trkpt lat="39.185646018013358" lon="-84.99141002073884" />
      <trkpt lat="39.185580974444747" lon="-84.991570031270385" />
      <trkpt lat="39.185485001653433" lon="-84.991706991568208" />
      <trkpt lat="39.185381988063455" lon="-84.991669021546841" />
      <trkpt lat="39.18519901111722" lon="-84.991425024345517" />
      <trkpt lat="39.185061967000365" lon="-84.991386970505118" />
      <trkpt lat="39.184874966740608" lon="-84.991371966898441" />
      <trkpt lat="39.184706993401051" lon="-84.991371966898441" />
      <trkpt lat="39.184539020061493" lon="-84.991386970505118" />
      <trkpt lat="39.184226039797068" lon="-84.991386970505118" />
      <trkpt lat="39.184012971818447" lon="-84.991371966898441" />
      <trkpt lat="39.183955974876881" lon="-84.991379007697105" />
      <trkpt lat="39.18395203538239" lon="-84.991524014621973" />
      <trkpt lat="39.184024035930634" lon="-84.991784021258354" />
      <trkpt lat="39.184234002605081" lon="-84.992118962109089" />
      <trkpt lat="39.184379009529948" lon="-84.99233303591609" />
      <trkpt lat="39.184398036450148" lon="-84.992386009544134" />
      <trkpt lat="39.184390995651484" lon="-84.992432026192546" />
      <trkpt lat="39.184349002316594" lon="-84.992492962628603" />
      <trkpt lat="39.184322012588382" lon="-84.992523975670338" />
      <trkpt lat="39.184295022860169" lon="-84.992523975670338" />
      <trkpt lat="39.184260992333293" lon="-84.992501009255648" />
      <trkpt lat="39.183852961286902" lon="-84.992043022066355" />
      <trkpt lat="39.183337977156043" lon="-84.991425024345517" />
      <trkpt lat="39.183310987427831" lon="-84.991379007697105" />
      <trkpt lat="39.183249967172742" lon="-84.991295021027327" />
      <trkpt lat="39.18307101354003" lon="-84.991120006889105" />
      <trkpt lat="39.18292198330164" lon="-84.990990003570914" />
      <trkpt lat="39.18255602940917" lon="-84.99059303663671" />
      <trkpt lat="39.18240699917078" lon="-84.990470996126533" />
      <trkpt lat="39.182314965873957" lon="-84.990364965051413" />
      <trkpt lat="39.18193400837481" lon="-84.989822991192341" />
      <trkpt lat="39.181793024763465" lon="-84.989746967330575" />
      <trkpt lat="39.181621028110385" lon="-84.989625010639429" />
      <trkpt lat="39.181456994265318" lon="-84.989556027576327" />
      <trkpt lat="39.181262031197548" lon="-84.989501964300871" />
      <trkpt lat="39.181133033707738" lon="-84.989448990672827" />
      <trkpt lat="39.181006969884038" lon="-84.989365004003048" />
      <trkpt lat="39.180812006816268" lon="-84.989273976534605" />
      <trkpt lat="39.180641015991569" lon="-84.98921999707818" />
      <trkpt lat="39.180454015731812" lon="-84.989189989864826" />
      <trkpt lat="39.180113961920142" lon="-84.989074990153313" />
      <trkpt lat="39.179869964718819" lon="-84.988968037068844" />
      <trkpt lat="39.179701991379261" lon="-84.988624965772033" />
      <trkpt lat="39.179640971124172" lon="-84.988471996039152" />
      <trkpt lat="39.179607024416327" lon="-84.988212995231152" />
      <trkpt lat="39.179607024416327" lon="-84.98801501467824" />
      <trkpt lat="39.179587997496128" lon="-84.987740004435182" />
      <trkpt lat="39.179587997496128" lon="-84.987579993903637" />
      <trkpt lat="39.17961498722434" lon="-84.987419983372092" />
      <trkpt lat="39.179664021357894" lon="-84.987237006425858" />
      <trkpt lat="39.180007008835673" lon="-84.986701989546418" />
      <trkpt lat="39.180102981626987" lon="-84.986572992056608" />
      <trkpt lat="39.180205995216966" lon="-84.986396972090006" />
      <trkpt lat="39.180277995765209" lon="-84.986290019005537" />
      <trkpt lat="39.180315965786576" lon="-84.986167978495359" />
      <trkpt lat="39.180315965786576" lon="-84.985985001549125" />
      <trkpt lat="39.180328035727143" lon="-84.985848041251302" />
      <trkpt lat="39.180373968556523" lon="-84.985741004347801" />
      <trkpt lat="39.180434988811612" lon="-84.985649976879358" />
      <trkpt lat="39.180720979347825" lon="-84.985642014071345" />
      <trkpt lat="39.180786022916436" lon="-84.985595997422934" />
      <trkpt lat="39.180808989331126" lon="-84.985534977167845" />
      <trkpt lat="39.180797003209591" lon="-84.985367003828287" />
      <trkpt lat="39.180766995996237" lon="-84.984756968915462" />
      <trkpt lat="39.180759033188224" lon="-84.984397972002625" />
      <trkpt lat="39.180728020146489" lon="-84.984131008386612" />
      <trkpt lat="39.1806860268116" lon="-84.983909977599978" />
      <trkpt lat="39.180610002949834" lon="-84.983650976791978" />
      <trkpt lat="39.180530039593577" lon="-84.983436986804008" />
      <trkpt lat="39.180434988811612" lon="-84.983239006251097" />
      <trkpt lat="39.180324012413621" lon="-84.98303297907114" />
      <trkpt lat="39.180144974961877" lon="-84.982781019061804" />
      <trkpt lat="39.179965015500784" lon="-84.982482958585024" />
      <trkpt lat="39.17976301163435" lon="-84.982170984148979" />
      <trkpt lat="39.179622028023005" lon="-84.982049027457833" />
      <trkpt lat="39.179489007219672" lon="-84.981910977512598" />
      <trkpt lat="39.179213996976614" lon="-84.981735963374376" />
      <trkpt lat="39.179061027243733" lon="-84.981659017503262" />
      <trkpt lat="39.178877966478467" lon="-84.981552986428142" />
      <trkpt lat="39.17869096621871" lon="-84.981468999758363" />
      <trkpt lat="39.178229961544275" lon="-84.981286022812128" />
      <trkpt lat="39.177982024848461" lon="-84.98116398230195" />
      <trkpt lat="39.177795024588704" lon="-84.981026016175747" />
      <trkpt lat="39.177367966622114" lon="-84.980644974857569" />
      <trkpt lat="39.177237963303924" lon="-84.980499967932701" />
      <trkpt lat="39.176955996081233" lon="-84.980149017646909" />
      <trkpt lat="39.176383009180427" lon="-84.979393975809216" />
      <trkpt lat="39.175814967602491" lon="-84.978623008355498" />
      <trkpt lat="39.174967976287007" lon="-84.977355999872088" />
      <trkpt lat="39.174662958830595" lon="-84.976989962160587" />
      <trkpt lat="39.174265991896391" lon="-84.97645603492856" />
      <trkpt lat="39.174182005226612" lon="-84.976365007460117" />
      <trkpt lat="39.173942031338811" lon="-84.976097960025072" />
      <trkpt lat="39.173824014142156" lon="-84.975968040525913" />
      <trkpt lat="39.173236023634672" lon="-84.975335039198399" />
      <trkpt lat="39.172874009236693" lon="-84.975113002583385" />
      <trkpt lat="39.172470001503825" lon="-84.974900018423796" />
      <trkpt lat="39.171988964080811" lon="-84.974731961265206" />
      <trkpt lat="39.17138596996665" lon="-84.974548984318972" />
      <trkpt lat="39.170996965840459" lon="-84.974487964063883" />
      <trkpt lat="39.170840978622437" lon="-84.974464997649193" />
      <trkpt lat="39.170532021671534" lon="-84.974449994042516" />
      <trkpt lat="39.169993987306952" lon="-84.974433984607458" />
      <trkpt lat="39.169597020372748" lon="-84.974403977394104" />
      <trkpt lat="39.169353023171425" lon="-84.974349997937679" />
      <trkpt lat="39.169100979343057" lon="-84.974258970469236" />
      <trkpt lat="39.168826974928379" lon="-84.974198034033179" />
      <trkpt lat="39.168693032115698" lon="-84.97415998019278" />
      <trkpt lat="39.168258011341095" lon="-84.973930986598134" />
      <trkpt lat="39.16809800080955" lon="-84.973869966343045" />
      <trkpt lat="39.16792600415647" lon="-84.973763013258576" />
      <trkpt lat="39.167792983353138" lon="-84.973649019375443" />
      <trkpt lat="39.167674966156483" lon="-84.973565032705665" />
      <trkpt lat="39.167590979486704" lon="-84.973609959706664" />
      <trkpt lat="39.167433986440301" lon="-84.973800983279943" />
      <trkpt lat="39.167293002828956" lon="-84.973862003535032" />
      <trkpt lat="39.16715201921761" lon="-84.973815986886621" />
      <trkpt lat="39.166992008686066" lon="-84.973778016865253" />
      <trkpt lat="39.166866028681397" lon="-84.973664022982121" />
      <trkpt lat="39.166727978736162" lon="-84.973587999120355" />
      <trkpt lat="39.166624965146184" lon="-84.973587999120355" />
      <trkpt lat="39.166583977639675" lon="-84.973655976355076" />
      <trkpt lat="39.166499990969896" lon="-84.973915982991457" />
      <trkpt lat="39.166435031220317" lon="-84.974152017384768" />
      <trkpt lat="39.166438970714808" lon="-84.974258970469236" />
      <trkpt lat="39.166438970714808" lon="-84.974312027916312" />
      <trkpt lat="39.166499990969896" lon="-84.974487964063883" />
      <trkpt lat="39.166591018438339" lon="-84.974617967382073" />
      <trkpt lat="39.166739964857697" lon="-84.974755011498928" />
      <trkpt lat="39.16689301840961" lon="-84.974861964583397" />
      <trkpt lat="39.167137015610933" lon="-84.975014012306929" />
      <trkpt lat="39.167387969791889" lon="-84.975144015625119" />
      <trkpt lat="39.167583016678691" lon="-84.97523495927453" />
      <trkpt lat="39.16792600415647" lon="-84.975358005613089" />
      <trkpt lat="39.168047960847616" lon="-84.975434029474854" />
      <trkpt lat="39.168150974437594" lon="-84.975594040006399" />
      <trkpt lat="39.168211994692683" lon="-84.975738963112235" />
      <trkpt lat="39.168231021612883" lon="-84.975868966430426" />
      <trkpt lat="39.168234961107373" lon="-84.975997963920236" />
      <trkpt lat="39.168205037713051" lon="-84.976212037727237" />
      <trkpt lat="39.168132031336427" lon="-84.976463997736573" />
      <trkpt lat="39.168021976947784" lon="-84.976676981896162" />
      <trkpt lat="39.167906977236271" lon="-84.976868005469441" />
      <trkpt lat="39.16777404025197" lon="-84.976989962160587" />
      <trkpt lat="39.167629033327103" lon="-84.977089036256075" />
      <trkpt lat="39.167502969503403" lon="-84.977219039574265" />
      <trkpt lat="39.167334996163845" lon="-84.977417020127177" />
      <trkpt lat="39.167179008945823" lon="-84.977668980136514" />
      <trkpt lat="39.167132992297411" lon="-84.977860003709793" />
      <trkpt lat="39.167098039761186" lon="-84.97811196371913" />
      <trkpt lat="39.167106002569199" lon="-84.978271974250674" />
      <trkpt lat="39.167132992297411" lon="-84.978425027802587" />
      <trkpt lat="39.167170962318778" lon="-84.978554025292397" />
      <trkpt lat="39.167300965636969" lon="-84.978768015280366" />
      <trkpt lat="39.167433986440301" lon="-84.978919979184866" />
      <trkpt lat="39.167502969503403" lon="-84.979003965854645" />
      <trkpt lat="39.167743027210236" lon="-84.979302026331425" />
      <trkpt lat="39.168021976947784" lon="-84.979561027139425" />
      <trkpt lat="39.168135970830917" lon="-84.979706034064293" />
      <trkpt lat="39.168220041319728" lon="-84.979920024052262" />
      <trkpt lat="39.168341998010874" lon="-84.980598958209157" />
      <trkpt lat="39.168364964425564" lon="-84.980813032016158" />
      <trkpt lat="39.168326994404197" lon="-84.980918979272246" />
      <trkpt lat="39.168238984420896" lon="-84.981094999238849" />
      <trkpt lat="39.167987024411559" lon="-84.981888011097908" />
      <trkpt lat="39.167842017486691" lon="-84.982293024659157" />
      <trkpt lat="39.167719976976514" lon="-84.982712035998702" />
      <trkpt lat="39.167724000290036" lon="-84.98288000933826" />
      <trkpt lat="39.167770016938448" lon="-84.983185026794672" />
      <trkpt lat="39.167827013880014" lon="-84.983414020389318" />
      <trkpt lat="39.167957017198205" lon="-84.983581993728876" />
      <trkpt lat="39.168060030788183" lon="-84.983711997047067" />
      <trkpt lat="39.168196991086006" lon="-84.983840994536877" />
      <trkpt lat="39.168307967483997" lon="-84.983894973993301" />
      <trkpt lat="39.168430007994175" lon="-84.983924981206656" />
      <trkpt lat="39.168506031855941" lon="-84.983940990641713" />
      <trkpt lat="39.168617008253932" lon="-84.983924981206656" />
      <trkpt lat="39.168750029057264" lon="-84.983902014791965" />
      <trkpt lat="39.168868968263268" lon="-84.983940990641713" />
      <trkpt lat="39.168971981853247" lon="-84.983993964269757" />
      <trkpt lat="39.169070972129703" lon="-84.984078034758568" />
      <trkpt lat="39.169208016246557" lon="-84.984184987843037" />
      <trkpt lat="39.169318992644548" lon="-84.984322031959891" />
      <trkpt lat="39.169422006234527" lon="-84.984475001692772" />
      <trkpt lat="39.169509010389447" lon="-84.984635012224317" />
      <trkpt lat="39.169670026749372" lon="-84.985061986371875" />
      <trkpt lat="39.169712020084262" lon="-84.985221996903419" />
      <trkpt lat="39.169760970398784" lon="-84.985748967155814" />
      <trkpt lat="39.169791983440518" lon="-84.985932027921081" />
      <trkpt lat="39.169833976775408" lon="-84.986077034845948" />
      <trkpt lat="39.169875970110297" lon="-84.986198991537094" />
      <trkpt lat="39.170131031423807" lon="-84.986634012311697" />
      <trkpt lat="39.170314008370042" lon="-84.986961996182799" />
      <trkpt lat="39.17043998837471" lon="-84.987174980342388" />
      <trkpt lat="39.170527998358011" lon="-84.987343037500978" />
      <trkpt lat="39.170619025826454" lon="-84.987548980861902" />
      <trkpt lat="39.170650038868189" lon="-84.987740004435182" />
      <trkpt lat="39.170653978362679" lon="-84.988151974976063" />
      <trkpt lat="39.170699995011091" lon="-84.989495007321239" />
      <trkpt lat="39.170719021931291" lon="-84.989716038107872" />
      <trkpt lat="39.170870985835791" lon="-84.990159021690488" />
      <trkpt lat="39.170954972505569" lon="-84.990425985306501" />
      <trkpt lat="39.170981962233782" lon="-84.990653973072767" />
      <trkpt lat="39.171042982488871" lon="-84.990943986922503" />
      <trkpt lat="39.170901998877525" lon="-84.990990003570914" />
      <trkpt lat="39.170764032751322" lon="-84.99111196026206" />
      <trkpt lat="39.170451974496245" lon="-84.991456037387252" />
      <trkpt lat="39.170219041407108" lon="-84.991790978237987" />
      <trkpt lat="39.170101024210453" lon="-84.991966998204589" />
      <trkpt lat="39.169914023950696" lon="-84.992362959310412" />
      <trkpt lat="39.169646976515651" lon="-84.992592036724091" />
      <trkpt lat="39.169456036761403" lon="-84.992791023105383" />
      <trkpt lat="39.169272975996137" lon="-84.992836033925414" />
      <trkpt lat="39.16889101266861" lon="-84.99282899312675" />
      <trkpt lat="39.168642992153764" lon="-84.992843996733427" />
      <trkpt lat="39.168425984680653" lon="-84.99282899312675" />
      <trkpt lat="39.167911000549793" lon="-84.992562029510736" />
      <trkpt lat="39.167315969243646" lon="-84.992279978469014" />
      <trkpt lat="39.166911961510777" lon="-84.992065988481045" />
      <trkpt lat="39.166149040684104" lon="-84.991669021546841" />
      <trkpt lat="39.164904998615384" lon="-84.991021016612649" />
      <trkpt lat="39.164713975042105" lon="-84.990922026336193" />
      <trkpt lat="39.164474001154304" lon="-84.990715999156237" />
      <trkpt lat="39.164153980091214" lon="-84.990440988913178" />
      <trkpt lat="39.163036001846194" lon="-84.98954102396965" />
      <trkpt lat="39.162792004644871" lon="-84.989334996789694" />
      <trkpt lat="39.162635011598468" lon="-84.989257967099547" />
      <trkpt lat="39.16255496442318" lon="-84.989235000684857" />
      <trkpt lat="39.162482963874936" lon="-84.98924296349287" />
      <trkpt lat="39.161647036671638" lon="-84.989334996789694" />
      <trkpt lat="39.161411002278328" lon="-84.989342037588358" />
      <trkpt lat="39.16128896176815" lon="-84.989288980141282" />
      <trkpt lat="39.161147978156805" lon="-84.989213040098548" />
      <trkpt lat="39.160926025360823" lon="-84.989083036780357" />
      <trkpt lat="39.160739025101066" lon="-84.988968037068844" />
      <trkpt lat="39.16049100458622" lon="-84.988877009600401" />
      <trkpt lat="39.160121027380228" lon="-84.9887699726969" />
      <trkpt lat="39.159750966355205" lon="-84.98872403986752" />
      <trkpt lat="39.158892994746566" lon="-84.988525975495577" />
      <trkpt lat="39.158161003142595" lon="-84.988335035741329" />
      <trkpt lat="39.157978026196361" lon="-84.988380968570709" />
      <trkpt lat="39.157854979857802" lon="-84.98848800547421" />
      <trkpt lat="39.157713996246457" lon="-84.988663019612432" />
      <trkpt lat="39.157447032630444" lon="-84.989189989864826" />
      <trkpt lat="39.157428005710244" lon="-84.989426024258137" />
      <trkpt lat="39.157405039295554" lon="-84.989875964820385" />
      <trkpt lat="39.15742096491158" lon="-84.991317987442017" />
      <trkpt lat="39.157444015145302" lon="-84.993125963956118" />
      <trkpt lat="39.157447032630444" lon="-84.993622004985809" />
      <trkpt lat="39.157444015145302" lon="-84.993996005505323" />
      <trkpt lat="39.157447032630444" lon="-84.99467502348125" />
      <trkpt lat="39.157417025417089" lon="-84.994926983490586" />
      <trkpt lat="39.156470960006118" lon="-84.994935030117631" />
      <trkpt lat="39.155928986147046" lon="-84.994935030117631" />
      <trkpt lat="39.15585296228528" lon="-84.994935030117631" />
      <trkpt lat="39.155517015606165" lon="-84.995285980403423" />
      <trkpt lat="39.155391035601497" lon="-84.995445990934968" />
      <trkpt lat="39.154845960438251" lon="-84.996125008910894" />
      <trkpt lat="39.154796004295349" lon="-84.996186029165983" />
      <trkpt lat="39.154158979654312" lon="-84.997048024088144" />
      <trkpt lat="39.153838958591223" lon="-84.99751296825707" />
      <trkpt lat="39.15376603603363" lon="-84.99764297157526" />
      <trkpt lat="39.153712978586555" lon="-84.997772974893451" />
      <trkpt lat="39.153663022443652" lon="-84.997971039265394" />
      <trkpt lat="39.153564032167196" lon="-84.998139012604952" />
      <trkpt lat="39.153452971950173" lon="-84.998275972902775" />
      <trkpt lat="39.153311988338828" lon="-84.998359959572554" />
      <trkpt lat="39.153171004727483" lon="-84.998374963179231" />
      <trkpt lat="39.153041001409292" lon="-84.998383009806275" />
      <trkpt lat="39.152777977287769" lon="-84.998359959572554" />
      <trkpt lat="39.152445970103145" lon="-84.998345039784908" />
      <trkpt lat="39.15226299315691" lon="-84.998368006199598" />
      <trkpt lat="39.152065012603998" lon="-84.998444030061364" />
      <trkpt lat="39.151851022616029" lon="-84.998604040592909" />
      <trkpt lat="39.151733005419374" lon="-84.998725997284055" />
      <trkpt lat="39.151614988222718" lon="-84.998878967016935" />
      <trkpt lat="39.151453971862793" lon="-84.999062027782202" />
      <trkpt lat="39.151363028213382" lon="-84.999214997515082" />
      <trkpt lat="39.151270994916558" lon="-84.99938297085464" />
      <trkpt lat="39.151137974113226" lon="-84.999535018578172" />
      <trkpt lat="39.150996990501881" lon="-84.999604001641273" />
      <trkpt lat="39.150814013555646" lon="-84.999650018289685" />
      <trkpt lat="39.150549983605742" lon="-84.999702991917729" />
      <trkpt lat="39.150165002793074" lon="-84.999764012172818" />
      <trkpt lat="39.149798965081573" lon="-84.99981002882123" />
      <trkpt lat="39.148909980431199" lon="-84.999924022704363" />
      <trkpt lat="39.148634970188141" lon="-84.999970039352775" />
      <trkpt lat="39.148016972467303" lon="-85.000039022415876" />
      <trkpt lat="39.147051963955164" lon="-85.000184029340744" />
      <trkpt lat="39.146800003945827" lon="-85.000214036554098" />
      <trkpt lat="39.146754993125796" lon="-85.000221999362111" />
      <trkpt lat="39.146662959828973" lon="-85.000298023223877" />
      <trkpt lat="39.146602023392916" lon="-85.000404976308346" />
      <trkpt lat="39.146545026451349" lon="-85.0005420204252" />
      <trkpt lat="39.146514013409615" lon="-85.000985004007816" />
      <trkpt lat="39.14650697261095" lon="-85.00196099281311" />
      <trkpt lat="39.146510995924473" lon="-85.002541020512581" />
      <trkpt lat="39.146494986489415" lon="-85.002686027437449" />
      <trkpt lat="39.146442012861371" lon="-85.002816030755639" />
      <trkpt lat="39.146343022584915" lon="-85.002976041287184" />
      <trkpt lat="39.145809011533856" lon="-85.003594039008021" />
      <trkpt lat="39.145713038742542" lon="-85.003464035689831" />
      <trkpt lat="39.145809011533856" lon="-85.003594039008021" />
      <trkpt lat="39.146063989028335" lon="-85.003953035920858" />
      <trkpt lat="39.146147975698113" lon="-85.004074992612004" />
      <trkpt lat="39.146395996212959" lon="-85.004417980089784" />
      <trkpt lat="39.146499009802938" lon="-85.004562987014651" />
      <trkpt lat="39.146475959569216" lon="-85.005593039095402" />
      <trkpt lat="39.146479982882738" lon="-85.005714995786548" />
      <trkpt lat="39.14650697261095" lon="-85.006645973771811" />
      <trkpt lat="39.14650697261095" lon="-85.006774971261621" />
      <trkpt lat="39.14650303311646" lon="-85.006859041750431" />
      <trkpt lat="39.146488029509783" lon="-85.007172022014856" />
      <trkpt lat="39.146407982334495" lon="-85.00741601921618" />
      <trkpt lat="39.146282002329826" lon="-85.007583992555737" />
      <trkpt lat="39.146198015660048" lon="-85.007698992267251" />
      <trkpt lat="39.145896015688777" lon="-85.008071986958385" />
      <trkpt lat="39.145674984902143" lon="-85.008484041318297" />
      <trkpt lat="39.145641038194299" lon="-85.008553024381399" />
      <trkpt lat="39.145388994365931" lon="-85.008979998528957" />
      <trkpt lat="39.145195037126541" lon="-85.009400015696883" />
      <trkpt lat="39.14510702714324" lon="-85.009635966271162" />
      <trkpt lat="39.145068973302841" lon="-85.009895972907543" />
      <trkpt lat="39.145080037415028" lon="-85.01023200340569" />
      <trkpt lat="39.14515295997262" lon="-85.010666018351912" />
      <trkpt lat="39.145195037126541" lon="-85.010842038318515" />
      <trkpt lat="39.145267037674785" lon="-85.011131968349218" />
      <trkpt lat="39.14525899104774" lon="-85.011352999135852" />
      <trkpt lat="39.145191013813019" lon="-85.011742003262043" />
      <trkpt lat="39.145071990787983" lon="-85.01222999766469" />
      <trkpt lat="39.14493503049016" lon="-85.012764008715749" />
      <trkpt lat="39.144770996645093" lon="-85.013199029490352" />
      <trkpt lat="39.144557006657124" lon="-85.013428023084998" />
      <trkpt lat="39.144522976130247" lon="-85.013488959521055" />
      <trkpt lat="39.144305968657136" lon="-85.013848040252924" />
      <trkpt lat="39.144133972004056" lon="-85.014275014400482" />
      <trkpt lat="39.144064988940954" lon="-85.014565028250217" />
      <trkpt lat="39.144058031961322" lon="-85.014717997983098" />
      <trkpt lat="39.144054008647799" lon="-85.014785975217819" />
      <trkpt lat="39.14407697506249" lon="-85.014945985749364" />
      <trkpt lat="39.144271016120911" lon="-85.016166977584362" />
      <trkpt lat="39.144355002790689" lon="-85.016716998070478" />
      <trkpt lat="39.144595982506871" lon="-85.017791977152228" />
      <trkpt lat="39.144687009975314" lon="-85.018242001533508" />
      <trkpt lat="39.144817013293505" lon="-85.018852958455682" />
      <trkpt lat="39.144885996356606" lon="-85.019416976720095" />
      <trkpt lat="39.14358101785183" lon="-85.019440026953816" />
      <trkpt lat="39.143081037327647" lon="-85.019500963389874" />
      <trkpt lat="39.142405958846211" lon="-85.019440026953816" />
      <trkpt lat="39.140406958758831" lon="-85.019477996975183" />
      <trkpt lat="39.139548987150192" lon="-85.019401973113418" />
      <trkpt lat="39.139216979965568" lon="-85.019410019740462" />
      <trkpt lat="39.139075996354222" lon="-85.019295020028949" />
      <trkpt lat="39.138778019696474" lon="-85.018891012296081" />
      <trkpt lat="39.138675006106496" lon="-85.018731001764536" />
      <trkpt lat="39.138633012771606" lon="-85.018662018701434" />
      <trkpt lat="39.13842698559165" lon="-85.018502008169889" />
      <trkpt lat="39.137934967875481" lon="-85.018143011257052" />
      <trkpt lat="39.13737396709621" lon="-85.017745960503817" />
      <trkpt lat="39.13702704012394" lon="-85.017501963302493" />
      <trkpt lat="39.136973982676864" lon="-85.017463993281126" />
      <trkpt lat="39.135669004172087" lon="-85.0166330114007" />
      <trkpt lat="39.135223003104329" lon="-85.016350038349628" />
      <trkpt lat="39.134875992313027" lon="-85.01612096093595" />
      <trkpt lat="39.13466602563858" lon="-85.015937983989716" />
      <trkpt lat="39.134497968479991" lon="-85.015740003436804" />
      <trkpt lat="39.134475002065301" lon="-85.015708990395069" />
      <trkpt lat="39.134428985416889" lon="-85.015641013160348" />
      <trkpt lat="39.134403001517057" lon="-85.015602959319949" />
      <trkpt lat="39.134292025119066" lon="-85.015427023172379" />
      <trkpt lat="39.134002011269331" lon="-85.014976998791099" />
      <trkpt lat="39.133529020473361" lon="-85.014260010793805" />
      <trkpt lat="39.13296801969409" lon="-85.013512009754777" />
      <trkpt lat="39.1329260263592" lon="-85.013465993106365" />
      <trkpt lat="39.132793005555868" lon="-85.013314029201865" />
      <trkpt lat="39.132502991706133" lon="-85.012985961511731" />
      <trkpt lat="39.132037963718176" lon="-85.012566028162837" />
      <trkpt lat="39.13191600702703" lon="-85.012467037886381" />
      <trkpt lat="39.131591040641069" lon="-85.012208037078381" />
      <trkpt lat="39.131038002669811" lon="-85.011795982718468" />
      <trkpt lat="39.130717981606722" lon="-85.011550979688764" />
      <trkpt lat="39.130268041044474" lon="-85.011260965839028" />
      <trkpt lat="39.129802007228136" lon="-85.011093998327851" />
      <trkpt lat="39.129008995369077" lon="-85.010978998616338" />
      <trkpt lat="39.12845604121685" lon="-85.010941028594971" />
      <trkpt lat="39.127933010458946" lon="-85.010917978361249" />
      <trkpt lat="39.127493966370821" lon="-85.010963995009661" />
      <trkpt lat="39.127246029675007" lon="-85.010972041636705" />
      <trkpt lat="39.12708199582994" lon="-85.010978998616338" />
      <trkpt lat="39.126541027799249" lon="-85.010978998616338" />
      <trkpt lat="39.126215977594256" lon="-85.01102501526475" />
      <trkpt lat="39.125736029818654" lon="-85.011139009147882" />
      <trkpt lat="39.125473005697131" lon="-85.011222995817661" />
      <trkpt lat="39.125140998512506" lon="-85.011291978880763" />
      <trkpt lat="39.124885015189648" lon="-85.01130698248744" />
      <trkpt lat="39.124645041301847" lon="-85.011200029402971" />
      <trkpt lat="39.124443037435412" lon="-85.011040018871427" />
      <trkpt lat="39.124324014410377" lon="-85.010735001415014" />
      <trkpt lat="39.124316973611712" lon="-85.010330993682146" />
      <trkpt lat="39.124343041330576" lon="-85.010086996480823" />
      <trkpt lat="39.124423004686832" lon="-85.00988801009953" />
      <trkpt lat="39.124454017728567" lon="-85.009811986237764" />
      <trkpt lat="39.124511014670134" lon="-85.009545022621751" />
      <trkpt lat="39.124434990808368" lon="-85.009041018784046" />
      <trkpt lat="39.124319991096854" lon="-85.008644973859191" />
      <trkpt lat="39.124258970841765" lon="-85.00741601921618" />
      <trkpt lat="39.124262994155288" lon="-85.006706994026899" />
      <trkpt lat="39.124408001080155" lon="-85.006088996306062" />
      <trkpt lat="39.124523000791669" lon="-85.005501005798578" />
      <trkpt lat="39.124614028260112" lon="-85.00507403165102" />
      <trkpt lat="39.124751994386315" lon="-85.00460104085505" />
      <trkpt lat="39.124918961897492" lon="-85.004089996218681" />
      <trkpt lat="39.124949974939227" lon="-85.003715995699167" />
      <trkpt lat="39.124880991876125" lon="-85.003395974636078" />
      <trkpt lat="39.124858025461435" lon="-85.003289021551609" />
      <trkpt lat="39.124614028260112" lon="-85.002563986927271" />
      <trkpt lat="39.124111030250788" lon="-85.001076031476259" />
      <trkpt lat="39.123691013082862" lon="-85.000099958851933" />
      <trkpt lat="39.123188015073538" lon="-84.999023973941803" />
      <trkpt lat="39.122875034809113" lon="-84.998589036986232" />
      <trkpt lat="39.122585020959377" lon="-84.998420979827642" />
      <trkpt lat="39.122229963541031" lon="-84.998169019818306" />
      <trkpt lat="39.121734006330371" lon="-84.997917981818318" />
      <trkpt lat="39.121376015245914" lon="-84.997901972383261" />
      <trkpt lat="39.120948035269976" lon="-84.998016972094774" />
      <trkpt lat="39.120562970638275" lon="-84.998024012893438" />
      <trkpt lat="39.120234986767173" lon="-84.998009009286761" />
      <trkpt lat="39.119833996519446" lon="-84.997895015403628" />
      <trkpt lat="39.118900001049042" lon="-84.997506011277437" />
      <trkpt lat="39.11797296255827" lon="-84.996987003833055" />
      <trkpt lat="39.117598962038755" lon="-84.996659019961953" />
      <trkpt lat="39.117224961519241" lon="-84.99609399586916" />
      <trkpt lat="39.116764040663838" lon="-84.995232000946999" />
      <trkpt lat="39.116504034027457" lon="-84.994712993502617" />
      <trkpt lat="39.116390040144324" lon="-84.993965998291969" />
      <trkpt lat="39.116263976320624" lon="-84.993668021634221" />
      <trkpt lat="39.116203039884567" lon="-84.993508011102676" />
      <trkpt lat="39.116049986332655" lon="-84.993286980316043" />
      <trkpt lat="39.115798026323318" lon="-84.992989003658295" />
      <trkpt lat="39.115172987803817" lon="-84.992302022874355" />
      <trkpt lat="39.114204039797187" lon="-84.991471040993929" />
      <trkpt lat="39.113700035959482" lon="-84.991157976910472" />
      <trkpt lat="39.112979024648666" lon="-84.990822030231357" />
      <trkpt lat="39.112445013597608" lon="-84.99050997197628" />
      <trkpt lat="39.112326996400952" lon="-84.990433026105165" />
      <trkpt lat="39.111801031976938" lon="-84.990104958415031" />
      <trkpt lat="39.111213041469455" lon="-84.98967002145946" />
      <trkpt lat="39.110374012961984" lon="-84.989182027056813" />
      <trkpt lat="39.109835978597403" lon="-84.98898396268487" />
      <trkpt lat="39.109092000871897" lon="-84.98863996937871" />
      <trkpt lat="39.108402002602816" lon="-84.988365964964032" />
      <trkpt lat="39.108092961832881" lon="-84.988221041858196" />
      <trkpt lat="39.107951978221536" lon="-84.988045021891594" />
      <trkpt lat="39.107924988493323" lon="-84.988006968051195" />
      <trkpt lat="39.107535984367132" lon="-84.987678984180093" />
      <trkpt lat="39.10731797106564" lon="-84.987443033605814" />
      <trkpt lat="39.10714304074645" lon="-84.987122006714344" />
      <trkpt lat="39.106956040486693" lon="-84.986740965396166" />
      <trkpt lat="39.106699973344803" lon="-84.986183987930417" />
      <trkpt lat="39.106407025828958" lon="-84.985565990209579" />
      <trkpt lat="39.106250032782555" lon="-84.985191989690065" />
      <trkpt lat="39.106055991724133" lon="-84.984588995575905" />
      <trkpt lat="39.105879971757531" lon="-84.984261011704803" />
      <trkpt lat="39.105765977874398" lon="-84.983940990641713" />
      <trkpt lat="39.105705041438341" lon="-84.983613006770611" />
      <trkpt lat="39.105666987597942" lon="-84.982757968828082" />
      <trkpt lat="39.105692971497774" lon="-84.982392014935613" />
      <trkpt lat="39.105780981481075" lon="-84.981850041076541" />
      <trkpt lat="39.105861028656363" lon="-84.98114101588726" />
      <trkpt lat="39.105957001447678" lon="-84.979827990755439" />
      <trkpt lat="39.106013998389244" lon="-84.979438986629248" />
      <trkpt lat="39.106123968958855" lon="-84.978950992226601" />
      <trkpt lat="39.106268975883722" lon="-84.978478001430631" />
      <trkpt lat="39.106365032494068" lon="-84.978104000911117" />
      <trkpt lat="39.106422029435635" lon="-84.977677026763558" />
      <trkpt lat="39.106449019163847" lon="-84.977173022925854" />
      <trkpt lat="39.106418006122112" lon="-84.97667002491653" />
      <trkpt lat="39.106280962005258" lon="-84.976136013865471" />
      <trkpt lat="39.105288963764906" lon="-84.97428897768259" />
      <trkpt lat="39.105090983211994" lon="-84.974022014066577" />
      <trkpt lat="39.104613969102502" lon="-84.973739963024855" />
      <trkpt lat="39.104160005226731" lon="-84.973472999408841" />
      <trkpt lat="39.103893041610718" lon="-84.973472999408841" />
      <trkpt lat="39.103519041091204" lon="-84.973510969430208" />
      <trkpt lat="39.102752013131976" lon="-84.973679026588798" />
      <trkpt lat="39.102294025942683" lon="-84.973893016576767" />
      <trkpt lat="39.10192396491766" lon="-84.974143970757723" />
      <trkpt lat="39.101615007966757" lon="-84.97448000125587" />
      <trkpt lat="39.101318037137389" lon="-84.974617967382073" />
      <trkpt lat="39.101031962782145" lon="-84.974662978202105" />
      <trkpt lat="39.10005496814847" lon="-84.974731961265206" />
      <trkpt lat="39.099143017083406" lon="-84.974770015105605" />
      <trkpt lat="39.098818972706795" lon="-84.974792981520295" />
      <trkpt lat="39.098601965233684" lon="-84.974770015105605" />
      <trkpt lat="39.098350005224347" lon="-84.974678987637162" />
      <trkpt lat="39.098033001646399" lon="-84.974526017904282" />
      <trkpt lat="39.09754098393023" lon="-84.974228041246533" />
      <trkpt lat="39.097166983410716" lon="-84.973983960226178" />
      <trkpt lat="39.096846962347627" lon="-84.973694030195475" />
      <trkpt lat="39.096587961539626" lon="-84.973290022462606" />
      <trkpt lat="39.09601204097271" lon="-84.972428027540445" />
      <trkpt lat="39.095848007127643" lon="-84.972054027020931" />
      <trkpt lat="39.095583977177739" lon="-84.971397975459695" />
      <trkpt lat="39.095168989151716" lon="-84.970474960282445" />
      <trkpt lat="39.09493999555707" lon="-84.970031976699829" />
      <trkpt lat="39.094675965607166" lon="-84.969712039455771" />
      <trkpt lat="39.094612011685967" lon="-84.969642972573638" />
      <trkpt lat="39.094524001702666" lon="-84.969543982297182" />
      <trkpt lat="39.094398021697998" lon="-84.969413978978992" />
      <trkpt lat="39.094359967857599" lon="-84.969376008957624" />
      <trkpt lat="39.094233987852931" lon="-84.969200994819403" />
      <trkpt lat="39.094139020889997" lon="-84.968964038416743" />
      <trkpt lat="39.094031983986497" lon="-84.968483000993729" />
      <trkpt lat="39.093840960413218" lon="-84.967468958348036" />
      <trkpt lat="39.093791004270315" lon="-84.967034021392465" />
      <trkpt lat="39.093699976801872" lon="-84.966636970639229" />
      <trkpt lat="39.093524040654302" lon="-84.966308986768126" />
      <trkpt lat="39.093437036499381" lon="-84.966202033683658" />
      <trkpt lat="39.093367969617248" lon="-84.966117963194847" />
      <trkpt lat="39.093078039586544" lon="-84.96592802926898" />
      <trkpt lat="39.092722982168198" lon="-84.965767012909055" />
      <trkpt lat="39.091917984187603" lon="-84.965217998251319" />
      <trkpt lat="39.091612966731191" lon="-84.964981963858008" />
      <trkpt lat="39.091296968981624" lon="-84.964722041040659" />
      <trkpt lat="39.090865971520543" lon="-84.96440201997757" />
      <trkpt lat="39.090629015117884" lon="-84.964257013052702" />
      <trkpt lat="39.090361967682838" lon="-84.96421099640429" />
      <trkpt lat="39.090110007673502" lon="-84.964248966425657" />
      <trkpt lat="39.08935496583581" lon="-84.964348040521145" />
      <trkpt lat="39.088901001960039" lon="-84.964378969743848" />
      <trkpt lat="39.088130034506321" lon="-84.964333036914468" />
      <trkpt lat="39.087702976539731" lon="-84.964257013052702" />
      <trkpt lat="39.08727197907865" lon="-84.964164979755878" />
      <trkpt lat="39.086490031331778" lon="-84.963920982554555" />
      <trkpt lat="39.086082000285387" lon="-84.96371503919363" />
      <trkpt lat="39.085585959255695" lon="-84.963425025343895" />
      <trkpt lat="39.085139958187938" lon="-84.963021017611027" />
      <trkpt lat="39.084910964593291" lon="-84.962753970175982" />
      <trkpt lat="39.084674008190632" lon="-84.962449036538601" />
      <trkpt lat="39.084608964622021" lon="-84.962372006848454" />
      <trkpt lat="39.084322974085808" lon="-84.962113006040454" />
      <trkpt lat="39.084014017134905" lon="-84.961860962212086" />
      <trkpt lat="39.08383104018867" lon="-84.961754009127617" />
      <trkpt lat="39.083693996071815" lon="-84.961730958893895" />
      <trkpt lat="39.083521999418736" lon="-84.961708998307586" />
      <trkpt lat="39.083293005824089" lon="-84.96171603910625" />
      <trkpt lat="39.083117991685867" lon="-84.961746968328953" />
      <trkpt lat="39.082836024463177" lon="-84.961906978860497" />
      <trkpt lat="39.082576017826796" lon="-84.96218902990222" />
      <trkpt lat="39.082381976768374" lon="-84.962433027103543" />
      <trkpt lat="39.082251973450184" lon="-84.962570993229747" />
      <trkpt lat="39.082057010382414" lon="-84.96268498711288" />
      <trkpt lat="39.08183204010129" lon="-84.962731003761292" />
      <trkpt lat="39.081310015171766" lon="-84.962699990719557" />
      <trkpt lat="39.081026958301663" lon="-84.962746007367969" />
      <trkpt lat="39.08074096776545" lon="-84.962882967665792" />
      <trkpt lat="39.080448020249605" lon="-84.963036021217704" />
      <trkpt lat="39.080215003341436" lon="-84.963088994845748" />
      <trkpt lat="39.080146020278335" lon="-84.963097041472793" />
      <trkpt lat="39.080065973103046" lon="-84.963105004280806" />
      <trkpt lat="39.079905962571502" lon="-84.963051024824381" />
      <trkpt lat="39.079710999503732" lon="-84.962928984314203" />
      <trkpt lat="39.079444035887718" lon="-84.962708037346601" />
      <trkpt lat="39.078853027895093" lon="-84.962280979380012" />
      <trkpt lat="39.078624034300447" lon="-84.96206003241241" />
      <trkpt lat="39.078425969928503" lon="-84.961746968328953" />
      <trkpt lat="39.078295966610312" lon="-84.961457038298249" />
      <trkpt lat="39.078398980200291" lon="-84.96139601804316" />
      <trkpt lat="39.078600984066725" lon="-84.961083037778735" />
      <trkpt lat="39.078708020970225" lon="-84.960800986737013" />
      <trkpt lat="39.078708020970225" lon="-84.960395973175764" />
      <trkpt lat="39.078703997656703" lon="-84.960358003154397" />
      <trkpt lat="39.078673990443349" lon="-84.960067989304662" />
      <trkpt lat="39.078533006832004" lon="-84.959838995710015" />
      <trkpt lat="39.077949039638042" lon="-84.959443034604192" />
      <trkpt lat="39.077144041657448" lon="-84.958710037171841" />
      <trkpt lat="39.076933991163969" lon="-84.958381969481707" />
      <trkpt lat="39.07674003392458" lon="-84.958053985610604" />
      <trkpt lat="39.076426969841123" lon="-84.957612007856369" />
      <trkpt lat="39.076094962656498" lon="-84.957200037315488" />
      <trkpt lat="39.075640998780727" lon="-84.956376012414694" />
      <trkpt lat="39.075286025181413" lon="-84.955040020868182" />
      <trkpt lat="39.075183011591434" lon="-84.952674983069301" />
      <trkpt lat="39.07530203461647" lon="-84.950020015239716" />
      <trkpt lat="39.075286025181413" lon="-84.949059030041099" />
      <trkpt lat="39.075377974659204" lon="-84.948486965149641" />
      <trkpt lat="39.07560302875936" lon="-84.947959994897246" />
      <trkpt lat="39.076109966263175" lon="-84.947608960792422" />
      <trkpt lat="39.076477009803057" lon="-84.947114009410143" />
      <trkpt lat="39.076601983979344" lon="-84.945999970659614" />
      <trkpt lat="39.076773980632424" lon="-84.94373400695622" />
      <trkpt lat="39.076835000887513" lon="-84.942955998703837" />
      <trkpt lat="39.076842963695526" lon="-84.942100960761309" />
      <trkpt lat="39.076927034184337" lon="-84.941536020487547" />
      <trkpt lat="39.076933991163969" lon="-84.940765975043178" />
      <trkpt lat="39.07678596675396" lon="-84.939507013186812" />
      <trkpt lat="39.076498970389366" lon="-84.937446992844343" />
      <trkpt lat="39.076525960117579" lon="-84.936951035633683" />
      <trkpt lat="39.076583040878177" lon="-84.936348041519523" />
      <trkpt lat="39.076559990644455" lon="-84.935836996883154" />
      <trkpt lat="39.076278023421764" lon="-84.934449037536979" />
      <trkpt lat="39.075618032366037" lon="-84.930863007903099" />
      <trkpt lat="39.075527004897594" lon="-84.930100003257394" />
      <trkpt lat="39.075510995462537" lon="-84.929359965026379" />
      <trkpt lat="39.075584001839161" lon="-84.92858899757266" />
      <trkpt lat="39.075751975178719" lon="-84.928002012893558" />
      <trkpt lat="39.075983986258507" lon="-84.927643015980721" />
      <trkpt lat="39.076293027028441" lon="-84.927360964938998" />
      <trkpt lat="39.076984031125903" lon="-84.926827037706971" />
      <trkpt lat="39.07719399780035" lon="-84.92658999748528" />
      <trkpt lat="39.077250994741917" lon="-84.926429986953735" />
      <trkpt lat="39.077327018603683" lon="-84.926262013614178" />
      <trkpt lat="39.077361971139908" lon="-84.92611700668931" />
      <trkpt lat="39.077255018055439" lon="-84.926055986434221" />
      <trkpt lat="39.077228028327227" lon="-84.926040982827544" />
      <trkpt lat="39.076727963984013" lon="-84.925880972296" />
      <trkpt lat="39.076327979564667" lon="-84.925682991743088" />
      <trkpt lat="39.07609898597002" lon="-84.925530022010207" />
      <trkpt lat="39.075907962396741" lon="-84.925346961244941" />
      <trkpt lat="39.075697995722294" lon="-84.924958040937781" />
      <trkpt lat="39.075362971052527" lon="-84.924195036292076" />
      <trkpt lat="39.075199021026492" lon="-84.923828998580575" />
      <trkpt lat="39.074976984411478" lon="-84.92334796115756" />
      <trkpt lat="39.074951000511646" lon="-84.923309991136193" />
      <trkpt lat="39.074768023565412" lon="-84.923034980893135" />
      <trkpt lat="39.074488990008831" lon="-84.922706997022033" />
      <trkpt lat="39.074180033057928" lon="-84.92224900983274" />
      <trkpt lat="39.073912985622883" lon="-84.921829998493195" />
      <trkpt lat="39.073692038655281" lon="-84.921379974111915" />
      <trkpt lat="39.073402024805546" lon="-84.920800030231476" />
      <trkpt lat="39.073088960722089" lon="-84.920288985595107" />
      <trkpt lat="39.072738010436296" lon="-84.919678028672934" />
      <trkpt lat="39.072096962481737" lon="-84.918541023507714" />
      <trkpt lat="39.071300011128187" lon="-84.917167983949184" />
      <trkpt lat="39.070849986746907" lon="-84.916229965165257" />
      <trkpt lat="39.070526026189327" lon="-84.915551031008363" />
      <trkpt lat="39.070499036461115" lon="-84.915466960519552" />
      <trkpt lat="39.070418989285827" lon="-84.915230004116893" />
      <trkpt lat="39.070278005674481" lon="-84.91464301943779" />
      <trkpt lat="39.070128975436091" lon="-84.914146978408098" />
      <trkpt lat="39.069853965193033" lon="-84.913467960432172" />
      <trkpt lat="39.0697399713099" lon="-84.913154980167747" />
      <trkpt lat="39.069721028208733" lon="-84.912811992689967" />
      <trkpt lat="39.069702001288533" lon="-84.912339001893997" />
      <trkpt lat="39.069655984640121" lon="-84.911927031353116" />
      <trkpt lat="39.069571997970343" lon="-84.911393020302057" />
      <trkpt lat="39.069534027948976" lon="-84.91043102927506" />
      <trkpt lat="39.069479964673519" lon="-84.91011100821197" />
      <trkpt lat="39.06924401409924" lon="-84.909355966374278" />
      <trkpt lat="39.068969003856182" lon="-84.908424988389015" />
      <trkpt lat="39.068903960287571" lon="-84.908233964815736" />
      <trkpt lat="39.068789966404438" lon="-84.907898018136621" />
      <trkpt lat="39.068602966144681" lon="-84.907494010403752" />
      <trkpt lat="39.068358968943357" lon="-84.907058989629149" />
      <trkpt lat="39.068102985620499" lon="-84.906684989109635" />
      <trkpt lat="39.067797968164086" lon="-84.906273018568754" />
      <trkpt lat="39.067610967904329" lon="-84.9061359744519" />
      <trkpt lat="39.067500997334719" lon="-84.906021980568767" />
      <trkpt lat="39.067336963489652" lon="-84.905854007229209" />
      <trkpt lat="39.067198997363448" lon="-84.905495010316372" />
      <trkpt lat="39.067173013463616" lon="-84.904968962073326" />
      <trkpt lat="39.067038986831903" lon="-84.904724964872003" />
      <trkpt lat="39.066939996555448" lon="-84.904495971277356" />
      <trkpt lat="39.066745033487678" lon="-84.90424401126802" />
      <trkpt lat="39.066607989370823" lon="-84.903931031003594" />
      <trkpt lat="39.066477986052632" lon="-84.903648979961872" />
      <trkpt lat="39.066359968855977" lon="-84.903404982760549" />
      <trkpt lat="39.066260978579521" lon="-84.90312997251749" />
      <trkpt lat="39.066082024946809" lon="-84.902610965073109" />
      <trkpt lat="39.065901981666684" lon="-84.90203102119267" />
      <trkpt lat="39.065704001113772" lon="-84.901352003216743" />
      <trkpt lat="39.065608028322458" lon="-84.901040028780699" />
      <trkpt lat="39.065406024456024" lon="-84.900382971391082" />
      <trkpt lat="39.065386997535825" lon="-84.900314994156361" />
      <trkpt lat="39.064921969547868" lon="-84.900620011612773" />
      <trkpt lat="39.064800012856722" lon="-84.900672985240817" />
      <trkpt lat="39.064758019521832" lon="-84.900703998282552" />
      <trkpt lat="39.064192995429039" lon="-84.901040028780699" />
      <trkpt lat="39.063933994621038" lon="-84.901200039312243" />
      <trkpt lat="39.063456980511546" lon="-84.901497010141611" />
      <trkpt lat="39.062000038102269" lon="-84.902412984520197" />
      <trkpt lat="39.061945974826813" lon="-84.902442991733551" />
      <trkpt lat="39.061747994273901" lon="-84.901847960427403" />
      <trkpt lat="39.061393020674586" lon="-84.900573994964361" />
      <trkpt lat="39.061285983771086" lon="-84.900193037465215" />
      <trkpt lat="39.061095966026187" lon="-84.899505972862244" />
      <trkpt lat="39.061083979904652" lon="-84.899460040032864" />
      <trkpt lat="39.061050033196807" lon="-84.899345962330699" />
      <trkpt lat="39.060485009104013" lon="-84.900009976699948" />
      <trkpt lat="39.059859970584512" lon="-84.900765018537641" />
      <trkpt lat="39.059623014181852" lon="-84.901046985760331" />
      <trkpt lat="39.059078022837639" lon="-84.901703037321568" />
      <trkpt lat="39.058921029791236" lon="-84.901893977075815" />
      <trkpt lat="39.058601008728147" lon="-84.902267977595329" />
      <trkpt lat="39.058367991819978" lon="-84.902542987838387" />
      <trkpt lat="39.058284005150199" lon="-84.902649018913507" />
      <trkpt lat="39.058231031522155" lon="-84.902465958148241" />
      <trkpt lat="39.058189038187265" lon="-84.902344001457095" />
      <trkpt lat="39.058119971305132" lon="-84.902115007862449" />
      <trkpt lat="39.058047970756888" lon="-84.902153983712196" />
      <trkpt lat="39.057895001024008" lon="-84.902221960946918" />
      <trkpt lat="39.057441037148237" lon="-84.902427988126874" />
      <trkpt lat="39.057151023298502" lon="-84.902566038072109" />
      <trkpt lat="39.057074999436736" lon="-84.902595961466432" />
      <trkpt lat="39.05699897557497" lon="-84.902641978114843" />
      <trkpt lat="39.0566969756037" lon="-84.902786985039711" />
      <trkpt lat="39.05639598146081" lon="-84.902924029156566" />
      <trkpt lat="39.05609498731792" lon="-84.903069036081433" />
      <trkpt lat="39.056011000648141" lon="-84.9031070061028" />
      <trkpt lat="39.055942017585039" lon="-84.903138019144535" />
      <trkpt lat="39.055652003735304" lon="-84.903267016634345" />
      <trkpt lat="39.055339023470879" lon="-84.903412023559213" />
      <trkpt lat="39.055267022922635" lon="-84.903443036600947" />
      <trkpt lat="39.055206002667546" lon="-84.90347295999527" />
      <trkpt lat="39.054900985211134" lon="-84.903617966920137" />
      <trkpt lat="39.054522961378098" lon="-84.903801027685404" />
      <trkpt lat="39.054396981373429" lon="-84.903907980769873" />
      <trkpt lat="39.054079977795482" lon="-84.904084000736475" />
      <trkpt lat="39.053847966715693" lon="-84.904182991012931" />
      <trkpt lat="39.053524006158113" lon="-84.904343001544476" />
      <trkpt lat="39.053492993116379" lon="-84.904350964352489" />
      <trkpt lat="39.052921012043953" lon="-84.904488008469343" />
      <trkpt lat="39.052017023786902" lon="-84.904709039255977" />
      <trkpt lat="39.051414029672742" lon="-84.904862008988857" />
      <trkpt lat="39.050563015043736" lon="-84.905113968998194" />
      <trkpt lat="39.050495037809014" lon="-84.905137019231915" />
      <trkpt lat="39.050066974014044" lon="-84.905221005901694" />
      <trkpt lat="39.048923011869192" lon="-84.905510013923049" />
      <trkpt lat="39.048712961375713" lon="-84.905541026964784" />
      <trkpt lat="39.04861799441278" lon="-84.905616967007518" />
      <trkpt lat="39.048477010801435" lon="-84.905693996697664" />
      <trkpt lat="39.048212980851531" lon="-84.905755016952753" />
      <trkpt lat="39.047916010022163" lon="-84.905869010835886" />
      <trkpt lat="39.047797992825508" lon="-84.905960960313678" />
      <trkpt lat="39.047476965934038" lon="-84.90626597777009" />
      <trkpt lat="39.04752298258245" lon="-84.906418025493622" />
      <trkpt lat="39.047531029209495" lon="-84.907028982415795" />
      <trkpt lat="39.04752298258245" lon="-84.907738007605076" />
      <trkpt lat="39.047491969540715" lon="-84.907967001199722" />
      <trkpt lat="39.047412006184459" lon="-84.908188031986356" />
      <trkpt lat="39.047340005636215" lon="-84.908309988677502" />
      <trkpt lat="39.047236992046237" lon="-84.908387018367648" />
      <trkpt lat="39.047069018706679" lon="-84.908439991995692" />
      <trkpt lat="39.046550011262298" lon="-84.908471005037427" />
      <trkpt lat="39.046524027362466" lon="-84.906991012394428" />
      <trkpt lat="39.046446997672319" lon="-84.906632015481591" />
      <trkpt lat="39.046359993517399" lon="-84.906319035217166" />
      <trkpt lat="39.046234013512731" lon="-84.906083000823855" />
      <trkpt lat="39.046053970232606" lon="-84.905785024166107" />
      <trkpt lat="39.045860012993217" lon="-84.905487969517708" />
      <trkpt lat="39.045622972771525" lon="-84.905075998976827" />
      <trkpt lat="39.045433038845658" lon="-84.904769975692034" />
      <trkpt lat="39.045269005000591" lon="-84.904411984607577" />
      <trkpt lat="39.045165991410613" lon="-84.904091041535139" />
      <trkpt lat="39.04483700171113" lon="-84.902961999177933" />
      <trkpt lat="39.04468503780663" lon="-84.902421031147242" />
      <trkpt lat="39.044543970376253" lon="-84.901939993724227" />
      <trkpt lat="39.04440600425005" lon="-84.901627013459802" />
      <trkpt lat="39.044193020090461" lon="-84.901383016258478" />
      <trkpt lat="39.044067040085793" lon="-84.901336999610066" />
      <trkpt lat="39.044012976810336" lon="-84.901856007054448" />
      <trkpt lat="39.043922033160925" lon="-84.902474004775286" />
      <trkpt lat="39.043773002922535" lon="-84.903023019433022" />
      <trkpt lat="39.043544009327888" lon="-84.903481006622314" />
      <trkpt lat="39.043472008779645" lon="-84.903626013547182" />
      <trkpt lat="39.042933974415064" lon="-84.904754972085357" />
      <trkpt lat="39.042487973347306" lon="-84.905601963400841" />
      <trkpt lat="39.041827982291579" lon="-84.907090002670884" />
      <trkpt lat="39.041717005893588" lon="-84.907280020415783" />
      <trkpt lat="39.041655985638499" lon="-84.907356966286898" />
      <trkpt lat="39.041495975106955" lon="-84.907311033457518" />
      <trkpt lat="39.041251977905631" lon="-84.90716602653265" />
      <trkpt lat="39.039614992216229" lon="-84.906098004430532" />
      <trkpt lat="39.039489012211561" lon="-84.906014017760754" />
      <trkpt lat="39.039381975308061" lon="-84.905960960313678" />
      <trkpt lat="39.039318021386862" lon="-84.90592198446393" />
      <trkpt lat="39.039218025282025" lon="-84.905915027484298" />
      <trkpt lat="39.038760960102081" lon="-84.906036984175444" />
      <trkpt lat="39.038558034226298" lon="-84.906105967238545" />
      <trkpt lat="39.038458960130811" lon="-84.906144021078944" />
      <trkpt lat="39.038314037024975" lon="-84.906273018568754" />
      <trkpt lat="39.03817699290812" lon="-84.906472004950047" />
      <trkpt lat="39.038073979318142" lon="-84.906708039343357" />
      <trkpt lat="39.03772302903235" lon="-84.907784024253488" />
      <trkpt lat="39.037524964660406" lon="-84.908402021974325" />
      <trkpt lat="39.037406025454402" lon="-84.908791026100516" />
      <trkpt lat="39.037314997985959" lon="-84.908996969461441" />
      <trkpt lat="39.037193041294813" lon="-84.909156979992986" />
      <trkpt lat="39.036975027993321" lon="-84.909332999959588" />
      <trkpt lat="39.036677973344922" lon="-84.909584959968925" />
      <trkpt lat="39.036312019452453" lon="-84.909813031554222" />
      <trkpt lat="39.036032985895872" lon="-84.909997014328837" />
      <trkpt lat="39.033541968092322" lon="-84.911430990323424" />
      <trkpt lat="39.033306017518044" lon="-84.911575997248292" />
      <trkpt lat="39.033099990338087" lon="-84.911667024716735" />
      <trkpt lat="39.032954983413219" lon="-84.911689991131425" />
      <trkpt lat="39.032004978507757" lon="-84.911736007779837" />
      <trkpt lat="39.031504997983575" lon="-84.911751011386514" />
      <trkpt lat="39.031374994665384" lon="-84.911782024428248" />
      <trkpt lat="39.031295031309128" lon="-84.911804990842938" />
      <trkpt lat="39.031181037425995" lon="-84.911933988332748" />
      <trkpt lat="39.030653983354568" lon="-84.912705039605498" />
      <trkpt lat="39.030284006148577" lon="-84.913262017071247" />
      <trkpt lat="39.029620997607708" lon="-84.914300031960011" />
      <trkpt lat="39.028938040137291" lon="-84.915313990786672" />
      <trkpt lat="39.028175035491586" lon="-84.916465999558568" />
      <trkpt lat="39.028063975274563" lon="-84.91664201952517" />
      <trkpt lat="39.027942018583417" lon="-84.916847962886095" />
      <trkpt lat="39.027876975014806" lon="-84.916916023939848" />
      <trkpt lat="39.027816038578749" lon="-84.917068993672729" />
      <trkpt lat="39.027744038030505" lon="-84.917327994480729" />
      <trkpt lat="39.027729034423828" lon="-84.917541984468699" />
      <trkpt lat="39.027725011110306" lon="-84.918014975264668" />
      <trkpt lat="39.027720987796783" lon="-84.919364964589477" />
      <trkpt lat="39.027720987796783" lon="-84.919738965108991" />
      <trkpt lat="39.027731968089938" lon="-84.920800030231476" />
      <trkpt lat="39.02777798473835" lon="-84.921539984643459" />
      <trkpt lat="39.027801034972072" lon="-84.921692032366991" />
      <trkpt lat="39.027876975014806" lon="-84.921822035685182" />
      <trkpt lat="39.028030028566718" lon="-84.921937035396695" />
      <trkpt lat="39.028190039098263" lon="-84.922027979046106" />
      <trkpt lat="39.028373016044497" lon="-84.922225959599018" />
      <trkpt lat="39.028441999107599" lon="-84.922317992895842" />
      <trkpt lat="39.029059996828437" lon="-84.923149980604649" />
      <trkpt lat="39.029178014025092" lon="-84.923371011391282" />
      <trkpt lat="39.029356967657804" lon="-84.923812989145517" />
      <trkpt lat="39.029643964022398" lon="-84.924454037100077" />
      <trkpt lat="39.029730968177319" lon="-84.924674984067678" />
      <trkpt lat="39.02977698482573" lon="-84.924828037619591" />
      <trkpt lat="39.02979601174593" lon="-84.924943037331104" />
      <trkpt lat="39.029800035059452" lon="-84.925148980692029" />
      <trkpt lat="39.029715964570642" lon="-84.925796985626221" />
      <trkpt lat="39.029715964570642" lon="-84.925889018923044" />
      <trkpt lat="39.029697021469474" lon="-84.926300989463925" />
      <trkpt lat="39.029734991490841" lon="-84.926658980548382" />
      <trkpt lat="39.029807997867465" lon="-84.927047984674573" />
      <trkpt lat="39.029845967888832" lon="-84.927186034619808" />
      <trkpt lat="39.029911011457443" lon="-84.927345961332321" />
      <trkpt lat="39.029983012005687" lon="-84.927430031821132" />
      <trkpt lat="39.030071021988988" lon="-84.927498009055853" />
      <trkpt lat="39.030180992558599" lon="-84.927551988512278" />
      <trkpt lat="39.030276965349913" lon="-84.927581995725632" />
      <trkpt lat="39.030414009466767" lon="-84.927613008767366" />
      <trkpt lat="39.030505958944559" lon="-84.927619965746999" />
      <trkpt lat="39.030605033040047" lon="-84.927598005160689" />
      <trkpt lat="39.030689019709826" lon="-84.927559029310942" />
      <trkpt lat="39.030955983325839" lon="-84.927300028502941" />
      <trkpt lat="39.031302994117141" lon="-84.926986964419484" />
      <trkpt lat="39.031448001042008" lon="-84.926856961101294" />
      <trkpt lat="39.031612034887075" lon="-84.926773980259895" />
      <trkpt lat="39.031760981306434" lon="-84.926727963611484" />
      <trkpt lat="39.031929038465023" lon="-84.926720000803471" />
      <trkpt lat="39.032706962898374" lon="-84.926720000803471" />
      <trkpt lat="39.033092027530074" lon="-84.926712960004807" />
      <trkpt lat="39.03383600525558" lon="-84.926712960004807" />
      <trkpt lat="39.034297009930015" lon="-84.926704997196794" />
      <trkpt lat="39.034500019624829" lon="-84.926697034388781" />
      <trkpt lat="39.034666987136006" lon="-84.926720000803471" />
      <trkpt lat="39.034774024039507" lon="-84.926757970824838" />
      <trkpt lat="39.034774024039507" lon="-84.926865007728338" />
      <trkpt lat="39.034777963533998" lon="-84.926957041025162" />
      <trkpt lat="39.034724989905953" lon="-84.927421985194087" />
      <trkpt lat="39.034656006842852" lon="-84.927788022905588" />
      <trkpt lat="39.034495996311307" lon="-84.928475003689528" />
      <trkpt lat="39.034469006583095" lon="-84.928681030869484" />
      <trkpt lat="39.034454002976418" lon="-84.928841041401029" />
      <trkpt lat="39.034491972997785" lon="-84.929565992206335" />
      <trkpt lat="39.034495996311307" lon="-84.929634975269437" />
      <trkpt lat="39.034495996311307" lon="-84.929673029109836" />
      <trkpt lat="39.034518962725997" lon="-84.930031020194292" />
      <trkpt lat="39.034526003524661" lon="-84.930230006575584" />
      <trkpt lat="39.034557016566396" lon="-84.930984964594245" />
      <trkpt lat="39.034530026838183" lon="-84.931472958996892" />
      <trkpt lat="39.034533966332674" lon="-84.931641016155481" />
      <trkpt lat="39.034594986587763" lon="-84.931817036122084" />
      <trkpt lat="39.034735970199108" lon="-84.932052986696362" />
      <trkpt lat="39.034847030416131" lon="-84.93219799362123" />
      <trkpt lat="39.03471702709794" lon="-84.932395974174142" />
      <trkpt lat="39.034403963014483" lon="-84.932960998266935" />
      <trkpt lat="39.034377979114652" lon="-84.933022018522024" />
      <trkpt lat="39.034121995791793" lon="-84.933578995987773" />
      <trkpt lat="39.033821001648903" lon="-84.934304030612111" />
      <trkpt lat="39.033725028857589" lon="-84.934509973973036" />
      <trkpt lat="39.033400984480977" lon="-84.935196032747626" />
      <trkpt lat="39.033073000609875" lon="-84.935944033786654" />
      <trkpt lat="39.032984990626574" lon="-84.936142014339566" />
      <trkpt lat="39.032745016738772" lon="-84.936637971550226" />
      <trkpt lat="39.032402029260993" lon="-84.937446992844343" />
      <trkpt lat="39.032336985692382" lon="-84.937591999769211" />
      <trkpt lat="39.031950999051332" lon="-84.938423987478018" />
      <trkpt lat="39.031707001850009" lon="-84.938980964943767" />
      <trkpt lat="39.031615974381566" lon="-84.939194032922387" />
      <trkpt lat="39.031368037685752" lon="-84.939834997057915" />
      <trkpt lat="39.031333001330495" lon="-84.939927030354738" />
      <trkpt lat="39.031051034107804" lon="-84.940750971436501" />
      <trkpt lat="39.030856993049383" lon="-84.941398976370692" />
      <trkpt lat="39.031241973862052" lon="-84.941605003550649" />
      <trkpt lat="39.030856993049383" lon="-84.941398976370692" />
      <trkpt lat="39.030807036906481" lon="-84.941536020487547" />
      <trkpt lat="39.030673010274768" lon="-84.94197104126215" />
      <trkpt lat="39.030448039993644" lon="-84.942887015640736" />
      <trkpt lat="39.03041803278029" lon="-84.943023975938559" />
      <trkpt lat="39.03039900586009" lon="-84.943099999800324" />
      <trkpt lat="39.030264979228377" lon="-84.943687990307808" />
      <trkpt lat="39.03011997230351" lon="-84.944497011601925" />
      <trkpt lat="39.029902964830399" lon="-84.946189988404512" />
      <trkpt lat="39.029864994809031" lon="-84.946472961455584" />
      <trkpt lat="39.029845967888832" lon="-84.946770016103983" />
      <trkpt lat="39.029815038666129" lon="-84.947243006899953" />
      <trkpt lat="39.029772961512208" lon="-84.947976004332304" />
      <trkpt lat="39.029787965118885" lon="-84.949357006698847" />
      <trkpt lat="39.029800035059452" lon="-84.949692031368613" />
      <trkpt lat="39.029598031193018" lon="-84.949699994176626" />
      <trkpt lat="39.028578959405422" lon="-84.949722960591316" />
      <trkpt lat="39.028525985777378" lon="-84.949783980846405" />
      <trkpt lat="39.028503019362688" lon="-84.949996965005994" />
      <trkpt lat="39.028513999655843" lon="-84.950973959639668" />
      <trkpt lat="39.028449961915612" lon="-84.951065992936492" />
      <trkpt lat="39.028331022709608" lon="-84.951111003756523" />
      <trkpt lat="39.027831964194775" lon="-84.951142016798258" />
      <trkpt lat="39.027767004445195" lon="-84.951179986819625" />
      <trkpt lat="39.027709001675248" lon="-84.951263973489404" />
      <trkpt lat="39.027698021382093" lon="-84.951500007882714" />
      <trkpt lat="39.026935016736388" lon="-84.951309990137815" />
      <trkpt lat="39.026541989296675" lon="-84.951203037053347" />
      <trkpt lat="39.02620998211205" lon="-84.951194990426302" />
      <trkpt lat="39.025638001039624" lon="-84.951293980702758" />
      <trkpt lat="39.025501040741801" lon="-84.951324993744493" />
      <trkpt lat="39.025046993046999" lon="-84.951423984020948" />
      <trkpt lat="39.024162031710148" lon="-84.951630011200905" />
      <trkpt lat="39.023680994287133" lon="-84.951736964285374" />
      <trkpt lat="39.023410007357597" lon="-84.951775018125772" />
      <trkpt lat="39.022913966327906" lon="-84.951866967603564" />
      <trkpt lat="39.022444998845458" lon="-84.951966041699052" />
      <trkpt lat="39.0222770255059" lon="-84.951989008113742" />
      <trkpt lat="39.022174011915922" lon="-84.951995965093374" />
      <trkpt lat="39.021598007529974" lon="-84.952019015327096" />
      <trkpt lat="39.021022003144026" lon="-84.952019015327096" />
      <trkpt lat="39.020270984619856" lon="-84.952011974528432" />
      <trkpt lat="39.019458023831248" lon="-84.951980961486697" />
      <trkpt lat="39.01935501024127" lon="-84.951980961486697" />
      <trkpt lat="39.019229030236602" lon="-84.951972998678684" />
      <trkpt lat="39.01875302195549" lon="-84.951966041699052" />
      <trkpt lat="39.018328981474042" lon="-84.951957995072007" />
      <trkpt lat="39.018138041719794" lon="-84.95194299146533" />
      <trkpt lat="39.017985993996263" lon="-84.95192002505064" />
      <trkpt lat="39.017761023715138" lon="-84.951874008402228" />
      <trkpt lat="39.017321979627013" lon="-84.951622970402241" />
      <trkpt lat="39.01628103107214" lon="-84.950852002948523" />
      <trkpt lat="39.016063017770648" lon="-84.950691992416978" />
      <trkpt lat="39.015894960612059" lon="-84.950608005747199" />
      <trkpt lat="39.015731010586023" lon="-84.950531981885433" />
      <trkpt lat="39.015590026974678" lon="-84.95052401907742" />
      <trkpt lat="39.014544971287251" lon="-84.950660979375243" />
      <trkpt lat="39.014155967161059" lon="-84.950753012672067" />
      <trkpt lat="39.014007020741701" lon="-84.950805986300111" />
      <trkpt lat="39.013908030465245" lon="-84.95088997296989" />
      <trkpt lat="39.013823959976435" lon="-84.950973959639668" />
      <trkpt lat="39.013754976913333" lon="-84.951096000149846" />
      <trkpt lat="39.013717006891966" lon="-84.95121099986136" />
      <trkpt lat="39.013697979971766" lon="-84.951293980702758" />
      <trkpt lat="39.013690017163754" lon="-84.951438987627625" />
      <trkpt lat="39.013686999678612" lon="-84.951874008402228" />
      <trkpt lat="39.013721030205488" lon="-84.9524159822613" />
      <trkpt lat="39.013702003285289" lon="-84.952569035813212" />
      <trkpt lat="39.013664033263922" lon="-84.952743966132402" />
      <trkpt lat="39.013607036322355" lon="-84.952942030504346" />
      <trkpt lat="39.013510979712009" lon="-84.953110003843904" />
      <trkpt lat="39.013392962515354" lon="-84.953277977183461" />
      <trkpt lat="39.013220965862274" lon="-84.953499007970095" />
      <trkpt lat="39.01269500143826" lon="-84.954040981829166" />
      <trkpt lat="39.012591987848282" lon="-84.954185988754034" />
      <trkpt lat="39.012404987588525" lon="-84.954429985955358" />
      <trkpt lat="39.012015983462334" lon="-84.95486500672996" />
      <trkpt lat="39.011553972959518" lon="-84.955353001132607" />
      <trkpt lat="39.011302012950182" lon="-84.955628011375666" />
      <trkpt lat="39.011122975498438" lon="-84.955819034948945" />
      <trkpt lat="39.010875038802624" lon="-84.956048028543591" />
      <trkpt lat="39.010794991627336" lon="-84.956108964979649" />
      <trkpt lat="39.010691978037357" lon="-84.956184988841414" />
      <trkpt lat="39.010344967246056" lon="-84.956398978829384" />
      <trkpt lat="39.010070040822029" lon="-84.956558989360929" />
      <trkpt lat="39.009222965687513" lon="-84.957039020955563" />
      <trkpt lat="39.008991038426757" lon="-84.957176987081766" />
      <trkpt lat="39.008747041225433" lon="-84.957290980964899" />
      <trkpt lat="39.008662970736623" lon="-84.957329034805298" />
      <trkpt lat="39.008303973823786" lon="-84.957428025081754" />
      <trkpt lat="39.007956963032484" lon="-84.957558028399944" />
      <trkpt lat="39.007667033001781" lon="-84.957649977877736" />
      <trkpt lat="39.007471986114979" lon="-84.957726001739502" />
      <trkpt lat="39.007366038858891" lon="-84.957818035036325" />
      <trkpt lat="39.007331002503633" lon="-84.957847958430648" />
      <trkpt lat="39.007179038599133" lon="-84.958077035844326" />
      <trkpt lat="39.007072001695633" lon="-84.958312986418605" />
      <trkpt lat="39.006922971457243" lon="-84.958717999979854" />
      <trkpt lat="39.006907967850566" lon="-84.958770973607898" />
      <trkpt lat="39.006690038368106" lon="-84.959168024361134" />
      <trkpt lat="39.006594987586141" lon="-84.959335997700691" />
      <trkpt lat="39.006518963724375" lon="-84.95939701795578" />
      <trkpt lat="39.006346967071295" lon="-84.959466001018882" />
      <trkpt lat="39.005759982392192" lon="-84.959617964923382" />
      <trkpt lat="39.00504601188004" lon="-84.959823992103338" />
      <trkpt lat="39.004776030778885" lon="-84.959976961836219" />
      <trkpt lat="39.004435976967216" lon="-84.960061032325029" />
      <trkpt lat="39.004130959510803" lon="-84.960114005953074" />
      <trkpt lat="39.003814039751887" lon="-84.960129009559751" />
      <trkpt lat="39.003531988710165" lon="-84.960061032325029" />
      <trkpt lat="39.003340965136886" lon="-84.959976961836219" />
      <trkpt lat="39.002036992460489" lon="-84.959732964634895" />
      <trkpt lat="39.001490995287895" lon="-84.959648977965117" />
      <trkpt lat="39.001231994479895" lon="-84.959496008232236" />
      <trkpt lat="39.000998977571726" lon="-84.959298027679324" />
      <trkpt lat="39.000624977052212" lon="-84.958619009703398" />
      <trkpt lat="39.000362036749721" lon="-84.958336036652327" />
      <trkpt lat="38.999897008761764" lon="-84.958275016397238" />
      <trkpt lat="38.999557038769126" lon="-84.958328995853662" />
      <trkpt lat="38.999243974685669" lon="-84.958236962556839" />
      <trkpt lat="38.998935017734766" lon="-84.958115005865693" />
      <trkpt lat="38.998541990295053" lon="-84.957908978685737" />
      <trkpt lat="38.998484993353486" lon="-84.95787100866437" />
      <trkpt lat="38.998306039720774" lon="-84.958106959238648" />
      <trkpt lat="38.998194979503751" lon="-84.958198992535472" />
      <trkpt lat="38.998073022812605" lon="-84.958207039162517" />
      <trkpt lat="38.995619975030422" lon="-84.958062032237649" />
      <trkpt lat="38.995342031121254" lon="-84.958031019195914" />
      <trkpt lat="38.995261983945966" lon="-84.957977961748838" />
      <trkpt lat="38.995010023936629" lon="-84.957818035036325" />
      <trkpt lat="38.994742976501584" lon="-84.957534978166223" />
      <trkpt lat="38.994464026764035" lon="-84.957314031198621" />
      <trkpt lat="38.994304016232491" lon="-84.957046983763576" />
      <trkpt lat="38.994254982098937" lon="-84.956985963508487" />
      <trkpt lat="38.994205025956035" lon="-84.956932989880443" />
      <trkpt lat="38.994144005700946" lon="-84.956894014030695" />
      <trkpt lat="38.994078962132335" lon="-84.956864006817341" />
      <trkpt lat="38.994003022089601" lon="-84.956849003210664" />
      <trkpt lat="38.993785008788109" lon="-84.956855960190296" />
      <trkpt lat="38.993220990523696" lon="-84.956886973232031" />
      <trkpt lat="38.993132980540395" lon="-84.956886973232031" />
      <trkpt lat="38.992576003074646" lon="-84.956879010424018" />
      <trkpt lat="38.992285989224911" lon="-84.956855960190296" />
      <trkpt lat="38.992145005613565" lon="-84.956855960190296" />
      <trkpt lat="38.99170596152544" lon="-84.956886973232031" />
      <trkpt lat="38.991564977914095" lon="-84.956871969625354" />
      <trkpt lat="38.991428017616272" lon="-84.956826036795974" />
      <trkpt lat="38.991164993494749" lon="-84.956726962700486" />
      <trkpt lat="38.991043036803603" lon="-84.956657979637384" />
      <trkpt lat="38.990916972979903" lon="-84.956573992967606" />
      <trkpt lat="38.99080197326839" lon="-84.956467039883137" />
      <trkpt lat="38.990698959678411" lon="-84.956360002979636" />
      <trkpt lat="38.990608016029" lon="-84.956246009096503" />
      <trkpt lat="38.990530986338854" lon="-84.956116005778313" />
      <trkpt lat="38.990463009104133" lon="-84.955987008288503" />
      <trkpt lat="38.990406012162566" lon="-84.955848958343267" />
      <trkpt lat="38.990355972200632" lon="-84.955711998045444" />
      <trkpt lat="38.990192022174597" lon="-84.95523096062243" />
      <trkpt lat="38.990111974999309" lon="-84.955025017261505" />
      <trkpt lat="38.989990018308163" lon="-84.95475796982646" />
      <trkpt lat="38.989757001399994" lon="-84.954308029264212" />
      <trkpt lat="38.989680977538228" lon="-84.954194035381079" />
      <trkpt lat="38.989592967554927" lon="-84.954079035669565" />
      <trkpt lat="38.989539993926883" lon="-84.954025978222489" />
      <trkpt lat="38.989486014470458" lon="-84.953988008201122" />
      <trkpt lat="38.989420970901847" lon="-84.953949032351375" />
      <trkpt lat="38.989356011152267" lon="-84.953919025138021" />
      <trkpt lat="38.989284010604024" lon="-84.953904021531343" />
      <trkpt lat="38.989215027540922" lon="-84.953895974904299" />
      <trkpt lat="38.989143026992679" lon="-84.953904021531343" />
      <trkpt lat="38.989070020616055" lon="-84.953919025138021" />
      <trkpt lat="38.988998020067811" lon="-84.953941991552711" />
      <trkpt lat="38.988307015970349" lon="-84.954223958775401" />
      <trkpt lat="38.987627997994423" lon="-84.954460998997092" />
      <trkpt lat="38.987289033830166" lon="-84.954589996486902" />
      <trkpt lat="38.986541032791138" lon="-84.954850003123283" />
      <trkpt lat="38.986263005062938" lon="-84.954926026985049" />
      <trkpt lat="38.985832007601857" lon="-84.955025017261505" />
      <trkpt lat="38.984965989366174" lon="-84.955170024186373" />
      <trkpt lat="38.984687039628625" lon="-84.95523096062243" />
      <trkpt lat="38.98454999551177" lon="-84.955269014462829" />
      <trkpt lat="38.984413035213947" lon="-84.95531503111124" />
      <trkpt lat="38.984283031895757" lon="-84.955375967547297" />
      <trkpt lat="38.983833007514477" lon="-84.955590041354299" />
      <trkpt lat="38.983641983941197" lon="-84.955696994438767" />
      <trkpt lat="38.983580963686109" lon="-84.955742005258799" />
      <trkpt lat="38.983531007543206" lon="-84.95578802190721" />
      <trkpt lat="38.983485996723175" lon="-84.955848958343267" />
      <trkpt lat="38.983448026701808" lon="-84.955909978598356" />
      <trkpt lat="38.983421036973596" lon="-84.955970998853445" />
      <trkpt lat="38.983397986739874" lon="-84.956039981916547" />
      <trkpt lat="38.983382983133197" lon="-84.956116005778313" />
      <trkpt lat="38.983375020325184" lon="-84.956184988841414" />
      <trkpt lat="38.983375020325184" lon="-84.956337036564946" />
      <trkpt lat="38.983386000618339" lon="-84.956481959670782" />
      <trkpt lat="38.983427993953228" lon="-84.956780020147562" />
      <trkpt lat="38.983520027250051" lon="-84.957284023985267" />
      <trkpt lat="38.983589010313153" lon="-84.957710998132825" />
      <trkpt lat="38.983631003648043" lon="-84.95800101198256" />
      <trkpt lat="38.98364600725472" lon="-84.95815297588706" />
      <trkpt lat="38.983650030568242" lon="-84.958297982811928" />
      <trkpt lat="38.98364600725472" lon="-84.95845103636384" />
      <trkpt lat="38.983637960627675" lon="-84.958595959469676" />
      <trkpt lat="38.983599990606308" lon="-84.958893014118075" />
      <trkpt lat="38.983553973957896" lon="-84.959190990775824" />
      <trkpt lat="38.98349697701633" lon="-84.959487961605191" />
      <trkpt lat="38.983424976468086" lon="-84.959771018475294" />
      <trkpt lat="38.983249040320516" lon="-84.960404019802809" />
      <trkpt lat="38.983058016747236" lon="-84.961037021130323" />
      <trkpt lat="38.982848972082138" lon="-84.961655018851161" />
      <trkpt lat="38.982718968763947" lon="-84.962005969136953" />
      <trkpt lat="38.982630958780646" lon="-84.962204033508897" />
      <trkpt lat="38.982562981545925" lon="-84.962326996028423" />
      <trkpt lat="38.982520988211036" lon="-84.962379969656467" />
      <trkpt lat="38.982425015419722" lon="-84.962487006559968" />
      <trkpt lat="38.982311021536589" lon="-84.962585996836424" />
      <trkpt lat="38.982040034607053" lon="-84.96279202401638" />
      <trkpt lat="38.981922017410398" lon="-84.962898977100849" />
      <trkpt lat="38.981871977448463" lon="-84.962952034547925" />
      <trkpt lat="38.981825960800052" lon="-84.963012970983982" />
      <trkpt lat="38.981792014092207" lon="-84.963073991239071" />
      <trkpt lat="38.981757983565331" lon="-84.96313501149416" />
      <trkpt lat="38.981711966916919" lon="-84.963272977620363" />
      <trkpt lat="38.981570983305573" lon="-84.963836995884776" />
      <trkpt lat="38.981528989970684" lon="-84.963982002809644" />
      <trkpt lat="38.981497976928949" lon="-84.964050985872746" />
      <trkpt lat="38.981467969715595" lon="-84.964112006127834" />
      <trkpt lat="38.981425976380706" lon="-84.964173026382923" />
      <trkpt lat="38.981383983045816" lon="-84.96423396281898" />
      <trkpt lat="38.981334026902914" lon="-84.964287020266056" />
      <trkpt lat="38.981226989999413" lon="-84.964386010542512" />
      <trkpt lat="38.981112996116281" lon="-84.964469997212291" />
      <trkpt lat="38.980987016111612" lon="-84.964547026902437" />
      <trkpt lat="38.98085399530828" lon="-84.964607963338494" />
      <trkpt lat="38.980716029182076" lon="-84.964646017178893" />
      <trkpt lat="38.980571022257209" lon="-84.964676024392247" />
      <trkpt lat="38.980430038645864" lon="-84.96468398720026" />
      <trkpt lat="38.980281008407474" lon="-84.96468398720026" />
      <trkpt lat="38.980213031172752" lon="-84.964668983593583" />
      <trkpt lat="38.980143964290619" lon="-84.964653979986906" />
      <trkpt lat="38.980074981227517" lon="-84.964631013572216" />
      <trkpt lat="38.980010021477938" lon="-84.964592037722468" />
      <trkpt lat="38.979892004281282" lon="-84.964508973062038" />
      <trkpt lat="38.979522027075291" lon="-84.964164979755878" />
      <trkpt lat="38.979353969916701" lon="-84.964019972831011" />
      <trkpt lat="38.979236036539078" lon="-84.963944032788277" />
      <trkpt lat="38.979170992970467" lon="-84.963913019746542" />
      <trkpt lat="38.979103015735745" lon="-84.963890975341201" />
      <trkpt lat="38.979034032672644" lon="-84.963874965906143" />
      <trkpt lat="38.97896102629602" lon="-84.963868008926511" />
      <trkpt lat="38.978889025747776" lon="-84.963874965906143" />
      <trkpt lat="38.978816019371152" lon="-84.963890975341201" />
      <trkpt lat="38.978747958317399" lon="-84.963913019746542" />
      <trkpt lat="38.978614015504718" lon="-84.963966999202967" />
      <trkpt lat="38.978473031893373" lon="-84.964013015851378" />
      <trkpt lat="38.978331964462996" lon="-84.964050985872746" />
      <trkpt lat="38.978115040808916" lon="-84.9640809930861" />
      <trkpt lat="38.977683959528804" lon="-84.964127009734511" />
      <trkpt lat="38.977469969540834" lon="-84.964134972542524" />
      <trkpt lat="38.977324962615967" lon="-84.964127009734511" />
      <trkpt lat="38.977183979004622" lon="-84.96410395950079" />
      <trkpt lat="38.977042995393276" lon="-84.964065989479423" />
      <trkpt lat="38.976905029267073" lon="-84.964019972831011" />
      <trkpt lat="38.97677200846374" lon="-84.963959036394954" />
      <trkpt lat="38.976646028459072" lon="-84.963890975341201" />
      <trkpt lat="38.976398007944226" lon="-84.96373800560832" />
      <trkpt lat="38.976272027939558" lon="-84.963669022545218" />
      <trkpt lat="38.976139007136226" lon="-84.963624011725187" />
      <trkpt lat="38.976070024073124" lon="-84.96360800229013" />
      <trkpt lat="38.9759970176965" lon="-84.963600961491466" />
      <trkpt lat="38.975925017148256" lon="-84.963600961491466" />
      <trkpt lat="38.975775986909866" lon="-84.963615965098143" />
      <trkpt lat="38.975708009675145" lon="-84.963639015331864" />
      <trkpt lat="38.975635003298521" lon="-84.963661981746554" />
      <trkpt lat="38.97556995972991" lon="-84.963700035586953" />
      <trkpt lat="38.975512962788343" lon="-84.963745968416333" />
      <trkpt lat="38.975459989160299" lon="-84.963790979236364" />
      <trkpt lat="38.975410033017397" lon="-84.963844958692789" />
      <trkpt lat="38.975364016368985" lon="-84.963905978947878" />
      <trkpt lat="38.975287992507219" lon="-84.964028019458055" />
      <trkpt lat="38.974990015849471" lon="-84.964631013572216" />
      <trkpt lat="38.974948022514582" lon="-84.964698990806937" />
      <trkpt lat="38.974906029179692" lon="-84.964752970263362" />
      <trkpt lat="38.974856995046139" lon="-84.964813990518451" />
      <trkpt lat="38.974803015589714" lon="-84.964860007166862" />
      <trkpt lat="38.974746018648148" lon="-84.964905017986894" />
      <trkpt lat="38.974684998393059" lon="-84.964936031028628" />
      <trkpt lat="38.974620038643479" lon="-84.964974001049995" />
      <trkpt lat="38.974482994526625" lon="-84.965020017698407" />
      <trkpt lat="38.974342010915279" lon="-84.965050024911761" />
      <trkpt lat="38.973838007077575" lon="-84.965110961347818" />
      <trkpt lat="38.973116995766759" lon="-84.965202994644642" />
      <trkpt lat="38.972609974443913" lon="-84.965264014899731" />
      <trkpt lat="38.972175037488341" lon="-84.965294022113085" />
      <trkpt lat="38.972030030563474" lon="-84.965286981314421" />
      <trkpt lat="38.971885023638606" lon="-84.965264014899731" />
      <trkpt lat="38.97167899645865" lon="-84.965202994644642" />
      <trkpt lat="38.971098968759179" lon="-84.964996967464685" />
      <trkpt lat="38.97058398462832" lon="-84.964806027710438" />
      <trkpt lat="38.969898009672761" lon="-84.96455398388207" />
      <trkpt lat="38.967837989330292" lon="-84.963851999491453" />
      <trkpt lat="38.967498019337654" lon="-84.96373800560832" />
      <trkpt lat="38.966959984973073" lon="-84.963531978428364" />
      <trkpt lat="38.966624960303307" lon="-84.963395018130541" />
      <trkpt lat="38.966357996687293" lon="-84.963256968185306" />
      <trkpt lat="38.966232016682625" lon="-84.963181028142571" />
      <trkpt lat="38.966117016971111" lon="-84.963088994845748" />
      <trkpt lat="38.966003023087978" lon="-84.962990004569292" />
      <trkpt lat="38.965904032811522" lon="-84.962882967665792" />
      <trkpt lat="38.965811999514699" lon="-84.962768973782659" />
      <trkpt lat="38.965723989531398" lon="-84.962647017091513" />
      <trkpt lat="38.965644026175141" lon="-84.962524976581335" />
      <trkpt lat="38.96549197845161" lon="-84.962280979380012" />
      <trkpt lat="38.964671976864338" lon="-84.960907017812133" />
      <trkpt lat="38.96456896327436" lon="-84.960732003673911" />
      <trkpt lat="38.964462010189891" lon="-84.960549026727676" />
      <trkpt lat="38.96430904045701" lon="-84.960281979292631" />
      <trkpt lat="38.964068982750177" lon="-84.959877971559763" />
      <trkpt lat="38.963190978392959" lon="-84.958405019715428" />
      <trkpt lat="38.962924014776945" lon="-84.957977961748838" />
      <trkpt lat="38.9627640042454" lon="-84.957748968154192" />
      <trkpt lat="38.962672976776958" lon="-84.957633968442678" />
      <trkpt lat="38.962390003725886" lon="-84.957314031198621" />
      <trkpt lat="38.962298976257443" lon="-84.957191990688443" />
      <trkpt lat="38.962223036214709" lon="-84.957061987370253" />
      <trkpt lat="38.962177019566298" lon="-84.956916980445385" />
      <trkpt lat="38.962153969332576" lon="-84.956771973520517" />
      <trkpt lat="38.96214198321104" lon="-84.95662696659565" />
      <trkpt lat="38.962138965725899" lon="-84.956116005778313" />
      <trkpt lat="38.962153969332576" lon="-84.955758014693856" />
      <trkpt lat="38.962225969880819" lon="-84.954682029783726" />
      <trkpt lat="38.962223036214709" lon="-84.954537022858858" />
      <trkpt lat="38.962210966274142" lon="-84.954468039795756" />
      <trkpt lat="38.962187999859452" lon="-84.954399978742003" />
      <trkpt lat="38.962153969332576" lon="-84.954330995678902" />
      <trkpt lat="38.962108036503196" lon="-84.95428497903049" />
      <trkpt lat="38.962047016248107" lon="-84.954247009009123" />
      <trkpt lat="38.961975015699863" lon="-84.954223958775401" />
      <trkpt lat="38.961897986009717" lon="-84.954223958775401" />
      <trkpt lat="38.961317958310246" lon="-84.954315992072225" />
      <trkpt lat="38.960247002542019" lon="-84.954453036189079" />
      <trkpt lat="38.960105013102293" lon="-84.954468039795756" />
      <trkpt lat="38.960024965927005" lon="-84.954453036189079" />
      <trkpt lat="38.959964029490948" lon="-84.954438032582402" />
      <trkpt lat="38.959895968437195" lon="-84.954407019540668" />
      <trkpt lat="38.959846012294292" lon="-84.954468039795756" />
      <trkpt lat="38.959793038666248" lon="-84.954513972625136" />
      <trkpt lat="38.959678038954735" lon="-84.954627966508269" />
      <trkpt lat="38.959555998444557" lon="-84.954727962613106" />
      <trkpt lat="38.959430018439889" lon="-84.954803986474872" />
      <trkpt lat="38.959296997636557" lon="-84.95486500672996" />
      <trkpt lat="38.9590909704566" lon="-84.954933989793062" />
      <trkpt lat="38.958812020719051" lon="-84.955017976462841" />
      <trkpt lat="38.958671037107706" lon="-84.955047983676195" />
      <trkpt lat="38.958526030182838" lon="-84.955062987282872" />
      <trkpt lat="38.958376999944448" lon="-84.95507899671793" />
      <trkpt lat="38.958231993019581" lon="-84.95507899671793" />
      <trkpt lat="38.955837031826377" lon="-84.955071033909917" />
      <trkpt lat="38.955688001587987" lon="-84.95507899671793" />
      <trkpt lat="38.955547017976642" lon="-84.955109003931284" />
      <trkpt lat="38.955409973859787" lon="-84.955162983387709" />
      <trkpt lat="38.955279970541596" lon="-84.95523096062243" />
      <trkpt lat="38.955162037163973" lon="-84.95531503111124" />
      <trkpt lat="38.95505097694695" lon="-84.955406980589032" />
      <trkpt lat="38.954951986670494" lon="-84.955520974472165" />
      <trkpt lat="38.954769009724259" lon="-84.955749968066812" />
      <trkpt lat="38.953174017369747" lon="-84.957908978685737" />
      <trkpt lat="38.952976036816835" lon="-84.958198992535472" />
      <trkpt lat="38.952903030440211" lon="-84.95832103304565" />
      <trkpt lat="38.952868999913335" lon="-84.95836696587503" />
      <trkpt lat="38.952846033498645" lon="-84.958466039970517" />
      <trkpt lat="38.952785013243556" lon="-84.958572993054986" />
      <trkpt lat="38.952723992988467" lon="-84.958649016916752" />
      <trkpt lat="38.952754000201821" lon="-84.958740966394544" />
      <trkpt lat="38.952770009636879" lon="-84.95881699025631" />
      <trkpt lat="38.952804040163755" lon="-84.959038021042943" />
      <trkpt lat="38.952818959951401" lon="-84.959183027967811" />
      <trkpt lat="38.952827006578445" lon="-84.959335997700691" />
      <trkpt lat="38.952868999913335" lon="-84.960609963163733" />
      <trkpt lat="38.952888026833534" lon="-84.961013970896602" />
      <trkpt lat="38.952991040423512" lon="-84.962952034547925" />
      <trkpt lat="38.953082989901304" lon="-84.964927984401584" />
      <trkpt lat="38.953132024034858" lon="-84.965722002089024" />
      <trkpt lat="38.953250041231513" lon="-84.9674759991467" />
      <trkpt lat="38.953273007646203" lon="-84.96781999245286" />
      <trkpt lat="38.953280970454216" lon="-84.968132972717285" />
      <trkpt lat="38.953280970454216" lon="-84.968201033771038" />
      <trkpt lat="38.953277030959725" lon="-84.968445030972362" />
      <trkpt lat="38.953262027353048" lon="-84.968659020960331" />
      <trkpt lat="38.953220034018159" lon="-84.969262015074492" />
      <trkpt lat="38.953108973801136" lon="-84.9707190413028" />
      <trkpt lat="38.952991040423512" lon="-84.97213801369071" />
      <trkpt lat="38.952948963269591" lon="-84.972573034465313" />
      <trkpt lat="38.952915016561747" lon="-84.972862964496017" />
      <trkpt lat="38.952800016850233" lon="-84.973603002727032" />
      <trkpt lat="38.952785013243556" lon="-84.973763013258576" />
      <trkpt lat="38.952704966068268" lon="-84.974282020702958" />
      <trkpt lat="38.952589966356754" lon="-84.97428897768259" />
      <trkpt lat="38.952521989122033" lon="-84.974297024309635" />
      <trkpt lat="38.95236499607563" lon="-84.974349997937679" />
      <trkpt lat="38.95221303217113" lon="-84.974381010979414" />
      <trkpt lat="38.952140025794506" lon="-84.974388973787427" />
      <trkpt lat="38.951918995007873" lon="-84.974396014586091" />
      <trkpt lat="38.951190020889044" lon="-84.974396014586091" />
      <trkpt lat="38.950469009578228" lon="-84.974357960745692" />
      <trkpt lat="38.950180001556873" lon="-84.974357960745692" />
      <trkpt lat="38.950034994632006" lon="-84.974381010979414" />
      <trkpt lat="38.94989300519228" lon="-84.974412024021149" />
      <trkpt lat="38.949755961075425" lon="-84.97445703484118" />
      <trkpt lat="38.949634004384279" lon="-84.974526017904282" />
      <trkpt lat="38.949176017194986" lon="-84.974885014817119" />
      <trkpt lat="38.948824983090162" lon="-84.975144015625119" />
      <trkpt lat="38.948580985888839" lon="-84.975304026156664" />
      <trkpt lat="38.948455005884171" lon="-84.975373009219766" />
      <trkpt lat="38.94834796898067" lon="-84.975419025868177" />
      <trkpt lat="38.948253002017736" lon="-84.975449033081532" />
      <trkpt lat="38.948191981762648" lon="-84.975464036688209" />
      <trkpt lat="38.948116041719913" lon="-84.975471999496222" />
      <trkpt lat="38.94804697483778" lon="-84.975471999496222" />
      <trkpt lat="38.947833990678191" lon="-84.975449033081532" />
      <trkpt lat="38.947760984301567" lon="-84.975449033081532" />
      <trkpt lat="38.947688983753324" lon="-84.975456995889544" />
      <trkpt lat="38.947615977376699" lon="-84.975471999496222" />
      <trkpt lat="38.947546994313598" lon="-84.975503012537956" />
      <trkpt lat="38.94742202013731" lon="-84.975570989772677" />
      <trkpt lat="38.947307020425797" lon="-84.975663023069501" />
      <trkpt lat="38.947204006835818" lon="-84.97576997615397" />
      <trkpt lat="38.947112979367375" lon="-84.975883970037103" />
      <trkpt lat="38.946849033236504" lon="-84.97624296694994" />
      <trkpt lat="38.946758005768061" lon="-84.976356960833073" />
      <trkpt lat="38.946662032976747" lon="-84.976463997736573" />
      <trkpt lat="38.945979997515678" lon="-84.977128012105823" />
      <trkpt lat="38.945869021117687" lon="-84.977227002382278" />
      <trkpt lat="38.945751003921032" lon="-84.977310989052057" />
      <trkpt lat="38.945625023916364" lon="-84.977387012913823" />
      <trkpt lat="38.945490997284651" lon="-84.977448033168912" />
      <trkpt lat="38.944483995437622" lon="-84.977882970124483" />
      <trkpt lat="38.943824004381895" lon="-84.978187987580895" />
      <trkpt lat="38.943153033033013" lon="-84.978470038622618" />
      <trkpt lat="38.942749025300145" lon="-84.978653015568852" />
      <trkpt lat="38.942164974287152" lon="-84.978959038853645" />
      <trkpt lat="38.941962970420718" lon="-84.979034978896379" />
      <trkpt lat="38.941825004294515" lon="-84.979080995544791" />
      <trkpt lat="38.941612020134926" lon="-84.979133969172835" />
      <trkpt lat="38.941398030146956" lon="-84.979172023013234" />
      <trkpt lat="38.941176999360323" lon="-84.979188032448292" />
      <trkpt lat="38.940092967823148" lon="-84.979248968884349" />
      <trkpt lat="38.939948966726661" lon="-84.979248968884349" />
      <trkpt lat="38.93934203311801" lon="-84.979188032448292" />
      <trkpt lat="38.938865019008517" lon="-84.979118965566158" />
      <trkpt lat="38.938362020999193" lon="-84.979027016088367" />
      <trkpt lat="38.937644027173519" lon="-84.978898018598557" />
      <trkpt lat="38.937289975583553" lon="-84.978814031928778" />
      <trkpt lat="38.937011025846004" lon="-84.978729961439967" />
      <trkpt lat="38.936869958415627" lon="-84.978675981983542" />
      <trkpt lat="38.936671977862716" lon="-84.978591995313764" />
      <trkpt lat="38.936149030923843" lon="-84.978332994505763" />
      <trkpt lat="38.935263985767961" lon="-84.97785204090178" />
      <trkpt lat="38.935015965253115" lon="-84.977707033976912" />
      <trkpt lat="38.934898031875491" lon="-84.97761600650847" />
      <trkpt lat="38.934790994971991" lon="-84.977517016232014" />
      <trkpt lat="38.934692004695535" lon="-84.977409979328513" />
      <trkpt lat="38.934612041339278" lon="-84.977288022637367" />
      <trkpt lat="38.9345090277493" lon="-84.977089036256075" />
      <trkpt lat="38.934410037472844" lon="-84.976890971884131" />
      <trkpt lat="38.933867979794741" lon="-84.975693030282855" />
      <trkpt lat="38.933803020045161" lon="-84.975564032793045" />
      <trkpt lat="38.933596992865205" lon="-84.975166982039809" />
      <trkpt lat="38.933273032307625" lon="-84.974595000967383" />
      <trkpt lat="38.933158032596111" lon="-84.974418981000781" />
      <trkpt lat="38.933067005127668" lon="-84.974304987117648" />
      <trkpt lat="38.93296399153769" lon="-84.974205996841192" />
      <trkpt lat="38.932848991826177" lon="-84.974113963544369" />
      <trkpt lat="38.932719994336367" lon="-84.974044980481267" />
      <trkpt lat="38.932655034586787" lon="-84.974022014066577" />
      <trkpt lat="38.93251396715641" lon="-84.973983960226178" />
      <trkpt lat="38.932368960231543" lon="-84.973969040438533" />
      <trkpt lat="38.932220013812184" lon="-84.973969040438533" />
      <trkpt lat="38.931712992489338" lon="-84.974014973267913" />
      <trkpt lat="38.931427001953125" lon="-84.974053027108312" />
      <trkpt lat="38.931319965049624" lon="-84.974075993523002" />
      <trkpt lat="38.931181998923421" lon="-84.974113963544369" />
      <trkpt lat="38.930866001173854" lon="-84.974213037639856" />
      <trkpt lat="38.929477035999298" lon="-84.974647974595428" />
      <trkpt lat="38.929126001894474" lon="-84.974746964871883" />
      <trkpt lat="38.928844034671783" lon="-84.974838998168707" />
      <trkpt lat="38.928572963923216" lon="-84.974946035072207" />
      <trkpt lat="38.928440026938915" lon="-84.975006971508265" />
      <trkpt lat="38.927864022552967" lon="-84.975304026156664" />
      <trkpt lat="38.927683979272842" lon="-84.975395975634456" />
      <trkpt lat="38.927276032045484" lon="-84.975602002814412" />
      <trkpt lat="38.927149968221784" lon="-84.975669980049133" />
      <trkpt lat="38.92703203484416" lon="-84.975762013345957" />
      <trkpt lat="38.926920974627137" lon="-84.9758530408144" />
      <trkpt lat="38.926817961037159" lon="-84.975959993898869" />
      <trkpt lat="38.926722994074225" lon="-84.976074993610382" />
      <trkpt lat="38.926459969952703" lon="-84.976426027715206" />
      <trkpt lat="38.926380006596446" lon="-84.976547984406352" />
      <trkpt lat="38.926307000219822" lon="-84.97667002491653" />
      <trkpt lat="38.926250003278255" lon="-84.976806985214353" />
      <trkpt lat="38.926199963316321" lon="-84.976944029331207" />
      <trkpt lat="38.926063003018498" lon="-84.977355999872088" />
      <trkpt lat="38.926010029390454" lon="-84.977493965998292" />
      <trkpt lat="38.925952026620507" lon="-84.977631010115147" />
      <trkpt lat="38.925887988880277" lon="-84.977761013433337" />
      <trkpt lat="38.925819005817175" lon="-84.977882970124483" />
      <trkpt lat="38.925662012770772" lon="-84.978126967325807" />
      <trkpt lat="38.925502002239227" lon="-84.97837096452713" />
      <trkpt lat="38.925407035276294" lon="-84.978478001430631" />
      <trkpt lat="38.925307961180806" lon="-84.978585038334131" />
      <trkpt lat="38.92488400451839" lon="-84.978988962247968" />
      <trkpt lat="38.924774033948779" lon="-84.979080995544791" />
      <trkpt lat="38.924659034237266" lon="-84.979172023013234" />
      <trkpt lat="38.92454101704061" lon="-84.979248968884349" />
      <trkpt lat="38.924415037035942" lon="-84.979317029938102" />
      <trkpt lat="38.923965012654662" lon="-84.979537976905704" />
      <trkpt lat="38.923773989081383" lon="-84.979645013809204" />
      <trkpt lat="38.923404011875391" lon="-84.979805024340749" />
      <trkpt lat="38.922412013635039" lon="-84.980285977944732" />
      <trkpt lat="38.922153012827039" lon="-84.980415981262922" />
      <trkpt lat="38.922027032822371" lon="-84.980484964326024" />
      <trkpt lat="38.921939022839069" lon="-84.980545984581113" />
      <trkpt lat="38.921722015365958" lon="-84.98069099150598" />
      <trkpt lat="38.921321025118232" lon="-84.981002965942025" />
      <trkpt lat="38.921207031235099" lon="-84.981094999238849" />
      <trkpt lat="38.920981977134943" lon="-84.981277976185083" />
      <trkpt lat="38.920757006853819" lon="-84.981468999758363" />
      <trkpt lat="38.920543016865849" lon="-84.981675026938319" />
      <trkpt lat="38.920130962505937" lon="-84.9820869974792" />
      <trkpt lat="38.920031972229481" lon="-84.982200991362333" />
      <trkpt lat="38.919932981953025" lon="-84.982308028265834" />
      <trkpt lat="38.919754028320312" lon="-84.982543978840113" />
      <trkpt lat="38.919368041679263" lon="-84.983071032911539" />
      <trkpt lat="38.918807040899992" lon="-84.983749967068434" />
      <trkpt lat="38.918612999841571" lon="-84.983970997855067" />
      <trkpt lat="38.918303959071636" lon="-84.984283978119493" />
      <trkpt lat="38.9178810082376" lon="-84.984711036086082" />
      <trkpt lat="38.917610021308064" lon="-84.984955033287406" />
      <trkpt lat="38.917384967207909" lon="-84.985130969434977" />
      <trkpt lat="38.917148010805249" lon="-84.985299026593566" />
      <trkpt lat="38.916842993348837" lon="-84.985488960519433" />
      <trkpt lat="38.916648030281067" lon="-84.985595997422934" />
      <trkpt lat="38.916515009477735" lon="-84.985649976879358" />
      <trkpt lat="38.91637796536088" lon="-84.985688030719757" />
      <trkpt lat="38.916099015623331" lon="-84.985748967155814" />
      <trkpt lat="38.91588200815022" lon="-84.985778974369168" />
      <trkpt lat="38.915756028145552" lon="-84.985787020996213" />
      <trkpt lat="38.915228974074125" lon="-84.98582499101758" />
      <trkpt lat="38.915011966601014" lon="-84.985848041251302" />
      <trkpt lat="38.914797976613045" lon="-84.985877964645624" />
      <trkpt lat="38.914584992453456" lon="-84.985923981294036" />
      <trkpt lat="38.914375025779009" lon="-84.985985001549125" />
      <trkpt lat="38.91416497528553" lon="-84.986053984612226" />
      <trkpt lat="38.913775971159339" lon="-84.986191028729081" />
      <trkpt lat="38.913555024191737" lon="-84.986260011792183" />
      <trkpt lat="38.913051020354033" lon="-84.986427985131741" />
      <trkpt lat="38.912631003186107" lon="-84.986572992056608" />
      <trkpt lat="38.912433022633195" lon="-84.986656978726387" />
      <trkpt lat="38.912306958809495" lon="-84.98672503978014" />
      <trkpt lat="38.912059022113681" lon="-84.986878009513021" />
      <trkpt lat="38.911640010774136" lon="-84.987174980342388" />
      <trkpt lat="38.911517970263958" lon="-84.98724396340549" />
      <trkpt lat="38.911448987200856" lon="-84.987282017245889" />
      <trkpt lat="38.911384027451277" lon="-84.987304983660579" />
      <trkpt lat="38.9112429600209" lon="-84.98735100030899" />
      <trkpt lat="38.911101976409554" lon="-84.987381007522345" />
      <trkpt lat="38.910956969484687" lon="-84.987397016957402" />
      <trkpt lat="38.910815985873342" lon="-84.987397016957402" />
      <trkpt lat="38.910377025604248" lon="-84.987403973937035" />
      <trkpt lat="38.908638032153249" lon="-84.987449990585446" />
      <trkpt lat="38.907408993691206" lon="-84.987473040819168" />
      <trkpt lat="38.90705100260675" lon="-84.987473040819168" />
      <trkpt lat="38.906943965703249" lon="-84.987473040819168" />
      <trkpt lat="38.906615981832147" lon="-84.987481003627181" />
      <trkpt lat="38.905821964144707" lon="-84.987481003627181" />
      <trkpt lat="38.905330030247569" lon="-84.987503970041871" />
      <trkpt lat="38.905245959758759" lon="-84.987503970041871" />
      <trkpt lat="38.904972039163113" lon="-84.987518973648548" />
      <trkpt lat="38.904475998133421" lon="-84.987518973648548" />
      <trkpt lat="38.903976017609239" lon="-84.987518973648548" />
      <trkpt lat="38.902300978079438" lon="-84.987548980861902" />
      <trkpt lat="38.901438983157277" lon="-84.98756499029696" />
      <trkpt lat="38.900847975164652" lon="-84.987572031095624" />
      <trkpt lat="38.899393966421485" lon="-84.987602960318327" />
      <trkpt lat="38.898815028369427" lon="-84.987602960318327" />
      <trkpt lat="38.898375984281301" lon="-84.987617963925004" />
      <trkpt lat="38.897868962958455" lon="-84.987617963925004" />
      <trkpt lat="38.897579032927752" lon="-84.987617963925004" />
      <trkpt lat="38.896774034947157" lon="-84.987632967531681" />
      <trkpt lat="38.895739959552884" lon="-84.987641014158726" />
      <trkpt lat="38.894287040457129" lon="-84.98767102137208" />
      <trkpt lat="38.89297803863883" lon="-84.987687030807137" />
      <trkpt lat="38.891738019883633" lon="-84.987717038020492" />
      <trkpt lat="38.890910977497697" lon="-84.987717038020492" />
      <trkpt lat="38.890524990856647" lon="-84.987732041627169" />
      <trkpt lat="38.889225041493773" lon="-84.987755008041859" />
      <trkpt lat="38.888717014342546" lon="-84.987762970849872" />
      <trkpt lat="38.888069009408355" lon="-84.987771017476916" />
      <trkpt lat="38.887844039127231" lon="-84.987771017476916" />
      <trkpt lat="38.887729039415717" lon="-84.987771017476916" />
      <trkpt lat="38.887554025277495" lon="-84.987777974456549" />
      <trkpt lat="38.887270968407393" lon="-84.987777974456549" />
      <trkpt lat="38.887191005051136" lon="-84.987777974456549" />
      <trkpt lat="38.88696201145649" lon="-84.987777974456549" />
      <trkpt lat="38.885802961885929" lon="-84.987792978063226" />
      <trkpt lat="38.884638966992497" lon="-84.987832037732005" />
      <trkpt lat="38.883987022563815" lon="-84.987832037732005" />
      <trkpt lat="38.882965017110109" lon="-84.987861961126328" />
      <trkpt lat="38.88077499344945" lon="-84.987907977774739" />
      <trkpt lat="38.880209969356656" lon="-84.987916024401784" />
      <trkpt lat="38.879595994949341" lon="-84.987922981381416" />
      <trkpt lat="38.878066968172789" lon="-84.987961035221815" />
      <trkpt lat="38.877303963527083" lon="-84.987968998029828" />
      <trkpt lat="38.877093996852636" lon="-84.987976960837841" />
      <trkpt lat="38.875686004757881" lon="-84.987976960837841" />
      <trkpt lat="38.875437984243035" lon="-84.987984001636505" />
      <trkpt lat="38.875217037275434" lon="-84.987976960837841" />
      <trkpt lat="38.875006986781955" lon="-84.987976960837841" />
      <trkpt lat="38.874575989320874" lon="-84.987984001636505" />
      <trkpt lat="38.873779037967324" lon="-84.988045021891594" />
      <trkpt lat="38.873111000284553" lon="-84.988067988306284" />
      <trkpt lat="38.872798020020127" lon="-84.988067988306284" />
      <trkpt lat="38.8721380289644" lon="-84.988060025498271" />
      <trkpt lat="38.87138701044023" lon="-84.988052984699607" />
      <trkpt lat="38.870661975815892" lon="-84.988067988306284" />
      <trkpt lat="38.870444968342781" lon="-84.988076034933329" />
      <trkpt lat="38.870299961417913" lon="-84.988091038540006" />
      <trkpt lat="38.870151014998555" lon="-84.988105958327651" />
      <trkpt lat="38.87001003138721" lon="-84.98814401216805" />
      <trkpt lat="38.869868963956833" lon="-84.988190028816462" />
      <trkpt lat="38.869658997282386" lon="-84.988289019092917" />
      <trkpt lat="38.869159016758204" lon="-84.988555982708931" />
      <trkpt lat="38.869033036753535" lon="-84.988609962165356" />
      <trkpt lat="38.868536995723844" lon="-84.988899976015091" />
      <trkpt lat="38.867778014391661" lon="-84.989318987354636" />
      <trkpt lat="38.867007968947291" lon="-84.989739004522562" />
      <trkpt lat="38.866751985624433" lon="-84.989869007840753" />
      <trkpt lat="38.865997027605772" lon="-84.990295981988311" />
      <trkpt lat="38.86580198071897" lon="-84.990403018891811" />
      <trkpt lat="38.865592014044523" lon="-84.990532016381621" />
      <trkpt lat="38.865463016554713" lon="-84.99059303663671" />
      <trkpt lat="38.865436026826501" lon="-84.990304028615355" />
      <trkpt lat="38.865421023219824" lon="-84.989739004522562" />
      <trkpt lat="38.865401996299624" lon="-84.989303983747959" />
      <trkpt lat="38.865382969379425" lon="-84.987861961126328" />
      <trkpt lat="38.865390010178089" lon="-84.986961996182799" />
      <trkpt lat="38.865412976592779" lon="-84.985611001029611" />
      <trkpt lat="38.865416999906301" lon="-84.985299026593566" />
      <trkpt lat="38.865432003512979" lon="-84.984786976128817" />
      <trkpt lat="38.865432003512979" lon="-84.984566029161215" />
      <trkpt lat="38.865416999906301" lon="-84.984421022236347" />
      <trkpt lat="38.865385986864567" lon="-84.98427601531148" />
      <trkpt lat="38.865366959944367" lon="-84.984208038076758" />
      <trkpt lat="38.865298982709646" lon="-84.984069988131523" />
      <trkpt lat="38.865207033231854" lon="-84.983948031440377" />
      <trkpt lat="38.865099996328354" lon="-84.983840994536877" />
      <trkpt lat="38.864986002445221" lon="-84.983742004260421" />
      <trkpt lat="38.864814005792141" lon="-84.983604960143566" />
      <trkpt lat="38.864715015515685" lon="-84.983513010665774" />
      <trkpt lat="38.864092994481325" lon="-84.982941029593349" />
      <trkpt lat="38.863989980891347" lon="-84.982842039316893" />
      <trkpt lat="38.863856960088015" lon="-84.982673982158303" />
      <trkpt lat="38.863814966753125" lon="-84.982612961903214" />
      <trkpt lat="38.863605000078678" lon="-84.9822389613837" />
      <trkpt lat="38.86326503008604" lon="-84.981597997248173" />
      <trkpt lat="38.862918019294739" lon="-84.980958038941026" />
      <trkpt lat="38.862002966925502" lon="-84.979248968884349" />
      <trkpt lat="38.861960973590612" lon="-84.979148972779512" />
      <trkpt lat="38.861915040761232" lon="-84.979027016088367" />
      <trkpt lat="38.861876986920834" lon="-84.978889971971512" />
      <trkpt lat="38.861869024112821" lon="-84.978630971163511" />
      <trkpt lat="38.861876986920834" lon="-84.978341041132808" />
      <trkpt lat="38.861896013841033" lon="-84.977112002670765" />
      <trkpt lat="38.861906994134188" lon="-84.976615961641073" />
      <trkpt lat="38.861903976649046" lon="-84.976471038535237" />
      <trkpt lat="38.861876986920834" lon="-84.976333994418383" />
      <trkpt lat="38.861803980544209" lon="-84.976212037727237" />
      <trkpt lat="38.861751006916165" lon="-84.976158980280161" />
      <trkpt lat="38.861689986661077" lon="-84.976120004430413" />
      <trkpt lat="38.861362002789974" lon="-84.975944990292192" />
      <trkpt lat="38.859789976850152" lon="-84.975159019231796" />
      <trkpt lat="38.859020015224814" lon="-84.974755011498928" />
      <trkpt lat="38.858233960345387" lon="-84.974357960745692" />
      <trkpt lat="38.856955971568823" lon="-84.973694030195475" />
      <trkpt lat="38.856696970760822" lon="-84.97355698607862" />
      <trkpt lat="38.856509970501065" lon="-84.973426982760429" />
      <trkpt lat="38.85636898688972" lon="-84.973251968622208" />
      <trkpt lat="38.856268990784883" lon="-84.973052982240915" />
      <trkpt lat="38.856009989976883" lon="-84.972419980913401" />
      <trkpt lat="38.855200968682766" lon="-84.970474960282445" />
      <trkpt lat="38.854983961209655" lon="-84.969941033050418" />
      <trkpt lat="38.854884970933199" lon="-84.969657976180315" />
      <trkpt lat="38.854811964556575" lon="-84.96934600174427" />
      <trkpt lat="38.854751028120518" lon="-84.969079038128257" />
      <trkpt lat="38.854633010923862" lon="-84.968483000993729" />
      <trkpt lat="38.854507030919194" lon="-84.967887969687581" />
      <trkpt lat="38.854221040382981" lon="-84.966667983680964" />
      <trkpt lat="38.854042002931237" lon="-84.96610295958817" />
      <trkpt lat="38.853931026533246" lon="-84.965835995972157" />
      <trkpt lat="38.8537020329386" lon="-84.965301984921098" />
      <trkpt lat="38.853144971653819" lon="-84.963944032788277" />
      <trkpt lat="38.853027038276196" lon="-84.963685031980276" />
      <trkpt lat="38.852752028033137" lon="-84.963036021217704" />
      <trkpt lat="38.852462014183402" lon="-84.9623419996351" />
      <trkpt lat="38.852348020300269" lon="-84.962081992998719" />
      <trkpt lat="38.852213993668556" lon="-84.961822992190719" />
      <trkpt lat="38.852026993408799" lon="-84.961601961404085" />
      <trkpt lat="38.85101999156177" lon="-84.960694033652544" />
      <trkpt lat="38.850775994360447" lon="-84.960488006472588" />
      <trkpt lat="38.850605003535748" lon="-84.960358003154397" />
      <trkpt lat="38.850421020761132" lon="-84.960244009271264" />
      <trkpt lat="38.850078033283353" lon="-84.960114005953074" />
      <trkpt lat="38.849173961207271" lon="-84.959855005145073" />
      <trkpt lat="38.848754027858377" lon="-84.959747968241572" />
      <trkpt lat="38.848392013460398" lon="-84.959709998220205" />
      <trkpt lat="38.847442008554935" lon="-84.959656018763781" />
      <trkpt lat="38.846080033108592" lon="-84.959594998508692" />
      <trkpt lat="38.845938965678215" lon="-84.959594998508692" />
      <trkpt lat="38.845793958753347" lon="-84.959602961316705" />
      <trkpt lat="38.845649035647511" lon="-84.959626011550426" />
      <trkpt lat="38.845580974593759" lon="-84.959648977965117" />
      <trkpt lat="38.845450971275568" lon="-84.959725001826882" />
      <trkpt lat="38.845393974334002" lon="-84.959771018475294" />
      <trkpt lat="38.844313966110349" lon="-84.960868963971734" />
      <trkpt lat="38.844120008870959" lon="-84.961083037778735" />
      <trkpt lat="38.843921022489667" lon="-84.96128898113966" />
      <trkpt lat="38.843813985586166" lon="-84.961387971416116" />
      <trkpt lat="38.843710971996188" lon="-84.961480004712939" />
      <trkpt lat="38.843481978401542" lon="-84.961670022457838" />
      <trkpt lat="38.843249967321754" lon="-84.961845958605409" />
      <trkpt lat="38.843074031174183" lon="-84.961967999115586" />
      <trkpt lat="38.842040961608291" lon="-84.962669983506203" />
      <trkpt lat="38.841799981892109" lon="-84.962829994037747" />
      <trkpt lat="38.841476021334529" lon="-84.962975000962615" />
      <trkpt lat="38.84126203134656" lon="-84.962975000962615" />
      <trkpt lat="38.841056004166603" lon="-84.962898977100849" />
      <trkpt lat="38.840674962848425" lon="-84.96268498711288" />
      <trkpt lat="38.840418979525566" lon="-84.962548026815057" />
      <trkpt lat="38.839969038963318" lon="-84.962326996028423" />
      <trkpt lat="38.839842975139618" lon="-84.962258012965322" />
      <trkpt lat="38.839725041761994" lon="-84.96218902990222" />
      <trkpt lat="38.839664021506906" lon="-84.962143013253808" />
      <trkpt lat="38.839561007916927" lon="-84.962044022977352" />
      <trkpt lat="38.839321034029126" lon="-84.961754009127617" />
      <trkpt lat="38.839145014062524" lon="-84.961517974734306" />
      <trkpt lat="38.838808983564377" lon="-84.961037021130323" />
      <trkpt lat="38.838645033538342" lon="-84.960793023929" />
      <trkpt lat="38.838329035788774" lon="-84.960305029526353" />
      <trkpt lat="38.838008008897305" lon="-84.959823992103338" />
      <trkpt lat="38.837810028344393" lon="-84.959617964923382" />
      <trkpt lat="38.837553961202502" lon="-84.959473041817546" />
      <trkpt lat="38.837001007050276" lon="-84.959289981052279" />
      <trkpt lat="38.836727002635598" lon="-84.959183027967811" />
      <trkpt lat="38.835932984948158" lon="-84.958854960277677" />
      <trkpt lat="38.835669960826635" lon="-84.958748007193208" />
      <trkpt lat="38.834597999230027" lon="-84.958297982811928" />
      <trkpt lat="38.834334975108504" lon="-84.958168985322118" />
      <trkpt lat="38.834074968472123" lon="-84.958016015589237" />
      <trkpt lat="38.833122029900551" lon="-84.957336997613311" />
      <trkpt lat="38.832183005288243" lon="-84.956672983244061" />
      <trkpt lat="38.831946970894933" lon="-84.956521019339561" />
      <trkpt lat="38.830432025715709" lon="-84.955590041354299" />
      <trkpt lat="38.829467017203569" lon="-84.954995010048151" />
      <trkpt lat="38.82942502386868" lon="-84.954971959814429" />
      <trkpt lat="38.827967997640371" lon="-84.954025978222489" />
      <trkpt lat="38.827876970171928" lon="-84.953956995159388" />
      <trkpt lat="38.827780997380614" lon="-84.953888012096286" />
      <trkpt lat="38.826206037774682" lon="-84.952873969450593" />
      <trkpt lat="38.825964974239469" lon="-84.952705996111035" />
      <trkpt lat="38.825533976778388" lon="-84.952309029176831" />
      <trkpt lat="38.824397977441549" lon="-84.950959039852023" />
      <trkpt lat="38.824222041293979" lon="-84.950714958831668" />
      <trkpt lat="38.824058007448912" lon="-84.950470039620996" />
      <trkpt lat="38.823897996917367" lon="-84.950219001621008" />
      <trkpt lat="38.823741003870964" lon="-84.949967041611671" />
      <trkpt lat="38.823444033041596" lon="-84.94944803416729" />
      <trkpt lat="38.822883032262325" lon="-84.948448995128274" />
      <trkpt lat="38.822730984538794" lon="-84.94820499792695" />
      <trkpt lat="38.822608022019267" lon="-84.948028977960348" />
      <trkpt lat="38.822437031194568" lon="-84.947799984365702" />
      <trkpt lat="38.822261011227965" lon="-84.947587000206113" />
      <trkpt lat="38.822090020403266" lon="-84.947358006611466" />
      <trkpt lat="38.821894973516464" lon="-84.947120966389775" />
      <trkpt lat="38.82171199657023" lon="-84.946885015815496" />
      <trkpt lat="38.82136900909245" lon="-84.946427028626204" />
      <trkpt lat="38.821212016046047" lon="-84.946189988404512" />
      <trkpt lat="38.821062985807657" lon="-84.945945991203189" />
      <trkpt lat="38.820906998589635" lon="-84.945701994001865" />
      <trkpt lat="38.820719998329878" lon="-84.945480963215232" />
      <trkpt lat="38.820460997521877" lon="-84.945221040397882" />
      <trkpt lat="38.820155980065465" lon="-84.94493898935616" />
      <trkpt lat="38.819998987019062" lon="-84.94478702545166" />
      <trkpt lat="38.819850040599704" lon="-84.944694992154837" />
      <trkpt lat="38.819750966504216" lon="-84.944648975506425" />
      <trkpt lat="38.819594979286194" lon="-84.944602958858013" />
      <trkpt lat="38.819458018988371" lon="-84.944580998271704" />
      <trkpt lat="38.819346958771348" lon="-84.944580998271704" />
      <trkpt lat="38.819240005686879" lon="-84.944611005485058" />
      <trkpt lat="38.819117965176702" lon="-84.944694992154837" />
      <trkpt lat="38.81900698877871" lon="-84.944793982431293" />
      <trkpt lat="38.818756034597754" lon="-84.945068992674351" />
      <trkpt lat="38.818668024614453" lon="-84.945182986557484" />
      <trkpt lat="38.818622007966042" lon="-84.945244006812572" />
      <trkpt lat="38.818523017689586" lon="-84.945442993193865" />
      <trkpt lat="38.818450011312962" lon="-84.945649020373821" />
      <trkpt lat="38.818388991057873" lon="-84.945854963734746" />
      <trkpt lat="38.818259993568063" lon="-84.946351004764438" />
      <trkpt lat="38.818138036876917" lon="-84.946601958945394" />
      <trkpt lat="38.818046003580093" lon="-84.946702038869262" />
      <trkpt lat="38.817863026633859" lon="-84.946816032752395" />
      <trkpt lat="38.817641995847225" lon="-84.946846961975098" />
      <trkpt lat="38.817492965608835" lon="-84.946816032752395" />
      <trkpt lat="38.817004971206188" lon="-84.946641018614173" />
      <trkpt lat="38.816672964021564" lon="-84.946502968668938" />
      <trkpt lat="38.816473977640271" lon="-84.946434991434216" />
      <trkpt lat="38.816126966848969" lon="-84.946342958137393" />
      <trkpt lat="38.815692029893398" lon="-84.946282021701336" />
      <trkpt lat="38.815559009090066" lon="-84.946213038638234" />
      <trkpt lat="38.815493965521455" lon="-84.946167021989822" />
      <trkpt lat="38.815345019102097" lon="-84.945999970659614" />
      <trkpt lat="38.815264971926808" lon="-84.945869967341423" />
      <trkpt lat="38.815134968608618" lon="-84.945610966533422" />
      <trkpt lat="38.815081994980574" lon="-84.945473000407219" />
      <trkpt lat="38.815013011917472" lon="-84.945266973227262" />
      <trkpt lat="38.814975041896105" lon="-84.945121966302395" />
      <trkpt lat="38.814921984449029" lon="-84.94491602294147" />
      <trkpt lat="38.814875967800617" lon="-84.944703038781881" />
      <trkpt lat="38.814853001385927" lon="-84.944558031857014" />
      <trkpt lat="38.814788041636348" lon="-84.943978004157543" />
      <trkpt lat="38.814734984189272" lon="-84.943551030009985" />
      <trkpt lat="38.814619984477758" lon="-84.94291702285409" />
      <trkpt lat="38.814589977264404" lon="-84.942695992067456" />
      <trkpt lat="38.814574973657727" lon="-84.942559031769633" />
      <trkpt lat="38.81455896422267" lon="-84.942260971292853" />
      <trkpt lat="38.814543960615993" lon="-84.942115964367986" />
      <trkpt lat="38.814520994201303" lon="-84.94197104126215" />
      <trkpt lat="38.814471960067749" lon="-84.941765014082193" />
      <trkpt lat="38.814380010589957" lon="-84.941482963040471" />
      <trkpt lat="38.814254030585289" lon="-84.941139975562692" />
      <trkpt lat="38.814136013388634" lon="-84.940804028883576" />
      <trkpt lat="38.814079016447067" lon="-84.94059800170362" />
      <trkpt lat="38.814037023112178" lon="-84.940384011715651" />
      <trkpt lat="38.81395697593689" lon="-84.939804989844561" />
      <trkpt lat="38.813944989815354" lon="-84.939659982919693" />
      <trkpt lat="38.813938032835722" lon="-84.939514975994825" />
      <trkpt lat="38.813938032835722" lon="-84.939010972157121" />
      <trkpt lat="38.813922023400664" lon="-84.93872900493443" />
      <trkpt lat="38.813902996480465" lon="-84.938522977754474" />
      <trkpt lat="38.813850022852421" lon="-84.938194993883371" />
      <trkpt lat="38.81372001953423" lon="-84.938217960298061" />
      <trkpt lat="38.813567971810699" lon="-84.937943033874035" />
      <trkpt lat="38.81372001953423" lon="-84.938217960298061" />
      <trkpt lat="38.813658999279141" lon="-84.938225001096725" />
      <trkpt lat="38.813232025131583" lon="-84.938323991373181" />
      <trkpt lat="38.813205035403371" lon="-84.938332038000226" />
      <trkpt lat="38.81313999183476" lon="-84.938340000808239" />
      <trkpt lat="38.813078971579671" lon="-84.938332038000226" />
      <trkpt lat="38.813018035143614" lon="-84.938317034393549" />
      <trkpt lat="38.81294603459537" lon="-84.938293984159827" />
      <trkpt lat="38.81286196410656" lon="-84.93825601413846" />
      <trkpt lat="38.812789041548967" lon="-84.938225001096725" />
      <trkpt lat="38.812725003808737" lon="-84.938179990276694" />
      <trkpt lat="38.812659960240126" lon="-84.938133973628283" />
      <trkpt lat="38.812590977177024" lon="-84.938064990565181" />
      <trkpt lat="38.812533980235457" lon="-84.938003970310092" />
      <trkpt lat="38.812480000779033" lon="-84.93793498724699" />
      <trkpt lat="38.812438007444143" lon="-84.937867010012269" />
      <trkpt lat="38.812361983582377" lon="-84.937722003087401" />
      <trkpt lat="38.812137013301253" lon="-84.937240965664387" />
      <trkpt lat="38.811903996393085" lon="-84.936776021495461" />
      <trkpt lat="38.811618005856872" lon="-84.936173027381301" />
      <trkpt lat="38.811233025044203" lon="-84.935326036065817" />
      <trkpt lat="38.810896994546056" lon="-84.934678031131625" />
      <trkpt lat="38.810760034248233" lon="-84.934425987303257" />
      <trkpt lat="38.8106460403651" lon="-84.934249967336655" />
      <trkpt lat="38.810558030381799" lon="-84.934150977060199" />
      <trkpt lat="38.810459040105343" lon="-84.934051986783743" />
      <trkpt lat="38.810344040393829" lon="-84.933968000113964" />
      <trkpt lat="38.810085039585829" lon="-84.933822993189096" />
      <trkpt lat="38.809883035719395" lon="-84.933716040104628" />
      <trkpt lat="38.809687988832593" lon="-84.933625012636185" />
      <trkpt lat="38.809412978589535" lon="-84.933526022359729" />
      <trkpt lat="38.809204017743468" lon="-84.933471959084272" />
      <trkpt lat="38.808914003893733" lon="-84.933411022648215" />
      <trkpt lat="38.808768996968865" lon="-84.933387972414494" />
      <trkpt lat="38.808623990043998" lon="-84.933381015434861" />
      <trkpt lat="38.808550983667374" lon="-84.933381015434861" />
      <trkpt lat="38.808269016444683" lon="-84.933387972414494" />
      <trkpt lat="38.808055026456714" lon="-84.933418985456228" />
      <trkpt lat="38.807765012606978" lon="-84.933471959084272" />
      <trkpt lat="38.807479022070765" lon="-84.933556029573083" />
      <trkpt lat="38.80693000741303" lon="-84.933731965720654" />
      <trkpt lat="38.806448969990015" lon="-84.933899017050862" />
      <trkpt lat="38.806246966123581" lon="-84.933983003720641" />
      <trkpt lat="38.80611402913928" lon="-84.934051986783743" />
      <trkpt lat="38.805991988629103" lon="-84.934144020080566" />
      <trkpt lat="38.805426964536309" lon="-84.934608964249492" />
      <trkpt lat="38.805267037823796" lon="-84.934753971174359" />
      <trkpt lat="38.805160000920296" lon="-84.93486100807786" />
      <trkpt lat="38.805014993995428" lon="-84.935021018609405" />
      <trkpt lat="38.804878033697605" lon="-84.935196032747626" />
      <trkpt lat="38.804793963208795" lon="-84.935326036065817" />
      <trkpt lat="38.804724980145693" lon="-84.935456039384007" />
      <trkpt lat="38.804667983204126" lon="-84.93559299968183" />
      <trkpt lat="38.804603023454547" lon="-84.935799026861787" />
      <trkpt lat="38.804519036784768" lon="-84.936149977147579" />
      <trkpt lat="38.804443012923002" lon="-84.936432028189301" />
      <trkpt lat="38.80439699627459" lon="-84.936562031507492" />
      <trkpt lat="38.804339999333024" lon="-84.936692034825683" />
      <trkpt lat="38.803416984155774" lon="-84.938462041318417" />
      <trkpt lat="38.803283041343093" lon="-84.938714001327753" />
      <trkpt lat="38.803172986954451" lon="-84.938896978273988" />
      <trkpt lat="38.802860006690025" lon="-84.939377009868622" />
      <trkpt lat="38.802730003371835" lon="-84.939553029835224" />
      <trkpt lat="38.802641993388534" lon="-84.939659982919693" />
      <trkpt lat="38.8025470264256" lon="-84.939751010388136" />
      <trkpt lat="38.801993988454342" lon="-84.940208997577429" />
      <trkpt lat="38.801890974864364" lon="-84.940307987853885" />
      <trkpt lat="38.80179500207305" lon="-84.940422987565398" />
      <trkpt lat="38.801672961562872" lon="-84.940605964511633" />
      <trkpt lat="38.801600961014628" lon="-84.940734962001443" />
      <trkpt lat="38.801509011536837" lon="-84.940934032201767" />
      <trkpt lat="38.801425024867058" lon="-84.941154979169369" />
      <trkpt lat="38.801586041226983" lon="-84.941277019679546" />
      <trkpt lat="38.801745967939496" lon="-84.941467959433794" />
      <trkpt lat="38.801929028704762" lon="-84.941697036847472" />
      <trkpt lat="38.802055008709431" lon="-84.941880013793707" />
      <trkpt lat="38.802230022847652" lon="-84.94212401099503" />
      <trkpt lat="38.80239799618721" lon="-84.942383011803031" />
      <trkpt lat="38.802658002823591" lon="-84.942840998992324" />
      <trkpt lat="38.802737966179848" lon="-84.942963039502501" />
      <trkpt lat="38.802837040275335" lon="-84.943099999800324" />
      <trkpt lat="38.802866963669658" lon="-84.943138975650072" />
      <trkpt lat="38.803009036928415" lon="-84.943313989788294" />
      <trkpt lat="38.80332101136446" lon="-84.943717997521162" />
      <trkpt lat="38.803618988022208" lon="-84.944138014689088" />
      <trkpt lat="38.803702974691987" lon="-84.944244967773557" />
      <trkpt lat="38.80379400216043" lon="-84.944352004677057" />
      <trkpt lat="38.803893998265266" lon="-84.944459041580558" />
      <trkpt lat="38.804060965776443" lon="-84.944602958858013" />
      <trkpt lat="38.804118968546391" lon="-84.944642018526793" />
      <trkpt lat="38.80424402654171" lon="-84.944703038781881" />
      <trkpt lat="38.804305968806148" lon="-84.944717958569527" />
      <trkpt lat="38.804447036236525" lon="-84.944732962176204" />
      <trkpt lat="38.804655997082591" lon="-84.944694992154837" />
      <trkpt lat="38.805377008393407" lon="-84.944503968581557" />
      <trkpt lat="38.805586975067854" lon="-84.94446599856019" />
      <trkpt lat="38.805731981992722" lon="-84.9444430321455" />
      <trkpt lat="38.805872965604067" lon="-84.944435991346836" />
      <trkpt lat="38.806090978905559" lon="-84.944428028538823" />
      <trkpt lat="38.806452993303537" lon="-84.9444430321455" />
      <trkpt lat="38.806662959977984" lon="-84.944428028538823" />
      <trkpt lat="38.806804027408361" lon="-84.944404978305101" />
      <trkpt lat="38.807006031274796" lon="-84.944344041869044" />
      <trkpt lat="38.807266037911177" lon="-84.944222001358867" />
      <trkpt lat="38.807459995150566" lon="-84.944145977497101" />
      <trkpt lat="38.807594021782279" lon="-84.944123011082411" />
      <trkpt lat="38.807739028707147" lon="-84.944138014689088" />
      <trkpt lat="38.80787598900497" lon="-84.94420699775219" />
      <trkpt lat="38.808089978992939" lon="-84.944413024932146" />
      <trkpt lat="38.808234985917807" lon="-84.944588039070368" />
      <trkpt lat="38.808460040017962" lon="-84.944886015728116" />
      <trkpt lat="38.80862801335752" lon="-84.94513001292944" />
      <trkpt lat="38.808917021378875" lon="-84.945640973746777" />
      <trkpt lat="38.809515992179513" lon="-84.946632971987128" />
      <trkpt lat="38.809653958305717" lon="-84.946876969188452" />
      <trkpt lat="38.809997029602528" lon="-84.947540983557701" />
      <trkpt lat="38.810259969905019" lon="-84.948067031800747" />
      <trkpt lat="38.810435989871621" lon="-84.948387974873185" />
      <trkpt lat="38.810554007068276" lon="-84.948571035638452" />
      <trkpt lat="38.810919960960746" lon="-84.949013013392687" />
      <trkpt lat="38.811652958393097" lon="-84.949906021356583" />
      <trkpt lat="38.81217498332262" lon="-84.950485965237021" />
      <trkpt lat="38.812309009954333" lon="-84.950654022395611" />
      <trkpt lat="38.812423003837466" lon="-84.950928026810288" />
      <trkpt lat="38.812454016879201" lon="-84.95114897377789" />
      <trkpt lat="38.812449993565679" lon="-84.951371010392904" />
      <trkpt lat="38.812427027150989" lon="-84.951592041179538" />
      <trkpt lat="38.81232401356101" lon="-84.952316991984844" />
      <trkpt lat="38.812102982774377" lon="-84.954055985435843" />
      <trkpt lat="38.812075993046165" lon="-84.954345999285579" />
      <trkpt lat="38.812068030238152" lon="-84.954567030072212" />
      <trkpt lat="38.812071969732642" lon="-84.954850003123283" />
      <trkpt lat="38.812090996652842" lon="-84.955062987282872" />
      <trkpt lat="38.812313033267856" lon="-84.95626101270318" />
      <trkpt lat="38.812590977177024" lon="-84.957726001739502" />
      <trkpt lat="38.812744030728936" lon="-84.958610963076353" />
      <trkpt lat="38.812846960499883" lon="-84.959237007424235" />
      <trkpt lat="38.813048964366317" lon="-84.960426986217499" />
      <trkpt lat="38.813278041779995" lon="-84.961593998596072" />
      <trkpt lat="38.813384994864464" lon="-84.962165979668498" />
      <trkpt lat="38.813513992354274" lon="-84.962876010686159" />
      <trkpt lat="38.813694035634398" lon="-84.963806988671422" />
      <trkpt lat="38.81374298594892" lon="-84.964089039713144" />
      <trkpt lat="38.813841976225376" lon="-84.96466102078557" />
      <trkpt lat="38.813919005915523" lon="-84.965020017698407" />
      <trkpt lat="38.814032999798656" lon="-84.9653709679842" />
      <trkpt lat="38.814288983121514" lon="-84.966042023152113" />
      <trkpt lat="38.81451403722167" lon="-84.966591037809849" />
      <trkpt lat="38.81487999111414" lon="-84.96736996807158" />
      <trkpt lat="38.815101021900773" lon="-84.967911019921303" />
      <trkpt lat="38.815195988863707" lon="-84.968490963801742" />
      <trkpt lat="38.815268995240331" lon="-84.969085995107889" />
      <trkpt lat="38.815361028537154" lon="-84.969971040263772" />
      <trkpt lat="38.815391035750508" lon="-84.970550984144211" />
      <trkpt lat="38.815418025478721" lon="-84.97140602208674" />
      <trkpt lat="38.815424982458353" lon="-84.971900973469019" />
      <trkpt lat="38.815421964973211" lon="-84.972039023414254" />
      <trkpt lat="38.815414002165198" lon="-84.972184030339122" />
      <trkpt lat="38.815429005771875" lon="-84.972397014498711" />
      <trkpt lat="38.815527996048331" lon="-84.97258803807199" />
      <trkpt lat="38.815677026286721" lon="-84.972747964784503" />
      <trkpt lat="38.815825972706079" lon="-84.972886014729738" />
      <trkpt lat="38.815924962982535" lon="-84.972976958379149" />
      <trkpt lat="38.816073993220925" lon="-84.973121965304017" />
      <trkpt lat="38.816111963242292" lon="-84.973191032186151" />
      <trkpt lat="38.816139036789536" lon="-84.973350958898664" />
      <trkpt lat="38.816135013476014" lon="-84.973389012739062" />
      <trkpt lat="38.816104000434279" lon="-84.973571989685297" />
      <trkpt lat="38.816031999886036" lon="-84.973785979673266" />
      <trkpt lat="38.816005010157824" lon="-84.973854962736368" />
      <trkpt lat="38.815891016274691" lon="-84.97402997687459" />
      <trkpt lat="38.815798982977867" lon="-84.974143970757723" />
      <trkpt lat="38.815669985488057" lon="-84.974273974075913" />
      <trkpt lat="38.815642995759845" lon="-84.974297024309635" />
      <trkpt lat="38.815578036010265" lon="-84.974388973787427" />
      <trkpt lat="38.815512992441654" lon="-84.974472960457206" />
      <trkpt lat="38.815444009378552" lon="-84.974602041766047" />
      <trkpt lat="38.815418025478721" lon="-84.974671024829149" />
      <trkpt lat="38.815367985516787" lon="-84.974807985126972" />
      <trkpt lat="38.815325992181897" lon="-84.975021975114942" />
      <trkpt lat="38.815319035202265" lon="-84.975097998976707" />
      <trkpt lat="38.815306965261698" lon="-84.975753966718912" />
      <trkpt lat="38.81531098857522" lon="-84.976136013865471" />
      <trkpt lat="38.81531098857522" lon="-84.976845039054751" />
      <trkpt lat="38.815315011888742" lon="-84.977104961872101" />
      <trkpt lat="38.815315011888742" lon="-84.977967040613294" />
      <trkpt lat="38.81531098857522" lon="-84.979133969172835" />
      <trkpt lat="38.81531098857522" lon="-84.980324031785131" />
      <trkpt lat="38.81531098857522" lon="-84.980843039229512" />
      <trkpt lat="38.815295984968543" lon="-84.982667025178671" />
      <trkpt lat="38.815283998847008" lon="-84.983276976272464" />
      <trkpt lat="38.815261032432318" lon="-84.985055029392242" />
      <trkpt lat="38.815268995240331" lon="-84.985199030488729" />
      <trkpt lat="38.815345019102097" lon="-84.985389970242977" />
      <trkpt lat="38.81546001881361" lon="-84.985466999933124" />
      <trkpt lat="38.81561198271811" lon="-84.985474040731788" />
      <trkpt lat="38.815985983237624" lon="-84.985444033518434" />
      <trkpt lat="38.816570034250617" lon="-84.985420983284712" />
      <trkpt lat="38.816920984536409" lon="-84.985413020476699" />
      <trkpt lat="38.817137992009521" lon="-84.985428024083376" />
      <trkpt lat="38.817210998386145" lon="-84.985444033518434" />
      <trkpt lat="38.817347958683968" lon="-84.985497007146478" />
      <trkpt lat="38.817413002252579" lon="-84.985543023794889" />
      <trkpt lat="38.817465975880623" lon="-84.985595997422934" />
      <trkpt lat="38.817516015842557" lon="-84.985649976879358" />
      <trkpt lat="38.817667979747057" lon="-84.985817028209567" />
      <trkpt lat="38.817721959203482" lon="-84.985871007665992" />
      <trkpt lat="38.817866966128349" lon="-84.986007967963815" />
      <trkpt lat="38.818035023286939" lon="-84.986176025122404" />
      <trkpt lat="38.818134013563395" lon="-84.986282978206873" />
      <trkpt lat="38.818457974120975" lon="-84.986671982333064" />
      <trkpt lat="38.818629970774055" lon="-84.986908016726375" />
      <trkpt lat="38.818743964657187" lon="-84.987099040299654" />
      <trkpt lat="38.818927025422454" lon="-84.987419983372092" />
      <trkpt lat="38.819484002888203" lon="-84.988419022411108" />
      <trkpt lat="38.82012496702373" lon="-84.989571031183004" />
      <trkpt lat="38.820300986990333" lon="-84.989869007840753" />
      <trkpt lat="38.820342980325222" lon="-84.989921981468797" />
      <trkpt lat="38.820404000580311" lon="-84.989990964531898" />
      <trkpt lat="38.820460997521877" lon="-84.990044021978974" />
      <trkpt lat="38.820353960618377" lon="-84.990211995318532" />
      <trkpt lat="38.820311967283487" lon="-84.990319032222033" />
      <trkpt lat="38.820266034454107" lon="-84.990493962541223" />
      <trkpt lat="38.820082973688841" lon="-84.991135010495782" />
      <trkpt lat="38.819926986470819" lon="-84.991630967706442" />
      <trkpt lat="38.819763036444783" lon="-84.992118962109089" />
      <trkpt lat="38.819582993164659" lon="-84.992577033117414" />
      <trkpt lat="38.819464975968003" lon="-84.992836033925414" />
      <trkpt lat="38.819395992904902" lon="-84.992958996444941" />
      <trkpt lat="38.819313012063503" lon="-84.993081036955118" />
      <trkpt lat="38.819213015958667" lon="-84.993186984211206" />
      <trkpt lat="38.8191560190171" lon="-84.993225960060954" />
      <trkpt lat="38.819033978506923" lon="-84.99330198392272" />
      <trkpt lat="38.818518994376063" lon="-84.993591997772455" />
      <trkpt lat="38.818316990509629" lon="-84.993690988048911" />
      <trkpt lat="38.818176006898284" lon="-84.993743961676955" />
      <trkpt lat="38.81803804077208" lon="-84.993783021345735" />
      <trkpt lat="38.817896973341703" lon="-84.993820991367102" />
      <trkpt lat="38.817606959491968" lon="-84.993866002187133" />
      <trkpt lat="38.817381989210844" lon="-84.99388201162219" />
      <trkpt lat="38.817309988662601" lon="-84.993873964995146" />
      <trkpt lat="38.817160958424211" lon="-84.993866002187133" />
      <trkpt lat="38.817016035318375" lon="-84.993844041600823" />
      <trkpt lat="38.816455034539104" lon="-84.993722001090646" />
      <trkpt lat="38.815810969099402" lon="-84.993591997772455" />
      <trkpt lat="38.815234964713454" lon="-84.993493007495999" />
      <trkpt lat="38.815092975273728" lon="-84.993476998060942" />
      <trkpt lat="38.814960038289428" lon="-84.993470041081309" />
      <trkpt lat="38.814818970859051" lon="-84.993484960868955" />
      <trkpt lat="38.814594000577927" lon="-84.993538018316031" />
      <trkpt lat="38.814520994201303" lon="-84.993569031357765" />
      <trkpt lat="38.814391996711493" lon="-84.993644971400499" />
      <trkpt lat="38.814276996999979" lon="-84.99372904188931" />
      <trkpt lat="38.814169960096478" lon="-84.993835994973779" />
      <trkpt lat="38.814074993133545" lon="-84.993943031877279" />
      <trkpt lat="38.813434028998017" lon="-84.994744006544352" />
      <trkpt lat="38.813087018206716" lon="-84.995194030925632" />
      <trkpt lat="38.812755011022091" lon="-84.995698034763336" />
      <trkpt lat="38.812599023804069" lon="-84.99594203196466" />
      <trkpt lat="38.812313033267856" lon="-84.99641502276063" />
      <trkpt lat="38.812198033556342" lon="-84.996597999706864" />
      <trkpt lat="38.812053026631474" lon="-84.996857000514865" />
      <trkpt lat="38.81202301941812" lon="-84.996925983577967" />
      <trkpt lat="38.811981026083231" lon="-84.997070990502834" />
      <trkpt lat="38.811930986121297" lon="-84.997292021289468" />
      <trkpt lat="38.811903996393085" lon="-84.997444991022348" />
      <trkpt lat="38.811869965866208" lon="-84.997673984616995" />
      <trkpt lat="38.811812968924642" lon="-84.998100958764553" />
      <trkpt lat="38.811695035547018" lon="-84.99888701364398" />
      <trkpt lat="38.811583975329995" lon="-84.999732999131083" />
      <trkpt lat="38.81155002862215" lon="-84.999946989119053" />
      <trkpt lat="38.811477022245526" lon="-85.000144969671965" />
      <trkpt lat="38.81142396479845" lon="-85.000229040160775" />
      <trkpt lat="38.811710039153695" lon="-85.000313026830554" />
      <trkpt lat="38.811920005828142" lon="-85.000358959659934" />
      <trkpt lat="38.811987983062863" lon="-85.000373963266611" />
      <trkpt lat="38.812056966125965" lon="-85.000404976308346" />
      <trkpt lat="38.812170960009098" lon="-85.000496003776789" />
      <trkpt lat="38.81221697665751" lon="-85.000549983233213" />
      <trkpt lat="38.812258969992399" lon="-85.000617960467935" />
      <trkpt lat="38.812289983034134" lon="-85.000702030956745" />
      <trkpt lat="38.812319990247488" lon="-85.00077897682786" />
      <trkpt lat="38.812331976369023" lon="-85.00088601373136" />
      <trkpt lat="38.812328036874533" lon="-85.001411978155375" />
      <trkpt lat="38.8123469799757" lon="-85.002563986927271" />
      <trkpt lat="38.812351003289223" lon="-85.003174021840096" />
      <trkpt lat="38.812370030209422" lon="-85.003326991572976" />
      <trkpt lat="38.812423003837466" lon="-85.003464035689831" />
      <trkpt lat="38.812469020485878" lon="-85.003524972125888" />
      <trkpt lat="38.812521994113922" lon="-85.0035709887743" />
      <trkpt lat="38.812587037682533" lon="-85.003608958795667" />
      <trkpt lat="38.812728021293879" lon="-85.003639971837401" />
      <trkpt lat="38.812933964654803" lon="-85.003693029284477" />
      <trkpt lat="38.813087018206716" lon="-85.003823032602668" />
      <trkpt lat="38.813197994604707" lon="-85.004067029803991" />
      <trkpt lat="38.813232025131583" lon="-85.004203990101814" />
      <trkpt lat="38.813358005136251" lon="-85.004760967567563" />
      <trkpt lat="38.813410978764296" lon="-85.004975041374564" />
      <trkpt lat="38.813518015667796" lon="-85.005325991660357" />
      <trkpt lat="38.813606025651097" lon="-85.005607958883047" />
      <trkpt lat="38.813769975677133" lon="-85.006156973540783" />
      <trkpt lat="38.813850022852421" lon="-85.006431983783841" />
      <trkpt lat="38.813887992873788" lon="-85.006721997633576" />
      <trkpt lat="38.813880030065775" lon="-85.006874967366457" />
      <trkpt lat="38.813857985660434" lon="-85.007019974291325" />
      <trkpt lat="38.813841976225376" lon="-85.00709599815309" />
      <trkpt lat="38.813804006204009" lon="-85.007241005077958" />
      <trkpt lat="38.813757989555597" lon="-85.007386012002826" />
      <trkpt lat="38.813666962087154" lon="-85.007645012810826" />
      <trkpt lat="38.813536958768964" lon="-85.007972996681929" />
      <trkpt lat="38.813471999019384" lon="-85.008171983063221" />
      <trkpt lat="38.813422964885831" lon="-85.00838496722281" />
      <trkpt lat="38.813399998471141" lon="-85.008529974147677" />
      <trkpt lat="38.813388012349606" lon="-85.008674981072545" />
      <trkpt lat="38.813384994864464" lon="-85.008896011859179" />
      <trkpt lat="38.813395975157619" lon="-85.009048981592059" />
      <trkpt lat="38.813434028998017" lon="-85.009262971580029" />
      <trkpt lat="38.813518015667796" lon="-85.009681982919574" />
      <trkpt lat="38.813658999279141" lon="-85.010247007012367" />
      <trkpt lat="38.813705015927553" lon="-85.010468037799001" />
      <trkpt lat="38.813735023140907" lon="-85.010742964223027" />
      <trkpt lat="38.813754972070456" lon="-85.010956032201648" />
      <trkpt lat="38.813769975677133" lon="-85.011245962232351" />
      <trkpt lat="38.813793025910854" lon="-85.011825989931822" />
      <trkpt lat="38.813808029517531" lon="-85.012421021237969" />
      <trkpt lat="38.813819009810686" lon="-85.012711035087705" />
      <trkpt lat="38.813835019245744" lon="-85.013305982574821" />
      <trkpt lat="38.813830995932221" lon="-85.013595996424556" />
      <trkpt lat="38.813804006204009" lon="-85.014167977496982" />
      <trkpt lat="38.813777016475797" lon="-85.014457991346717" />
      <trkpt lat="38.81374298594892" lon="-85.014748005196452" />
      <trkpt lat="38.813624968752265" lon="-85.015335995703936" />
      <trkpt lat="38.81348398514092" lon="-85.015885010361671" />
      <trkpt lat="38.813343001529574" lon="-85.016465038061142" />
      <trkpt lat="38.813208974897861" lon="-85.017044981941581" />
      <trkpt lat="38.812973024323583" lon="-85.018150974065065" />
      <trkpt lat="38.812858024612069" lon="-85.018714992329478" />
      <trkpt lat="38.812720980495214" lon="-85.019295020028949" />
      <trkpt lat="38.812304986640811" lon="-85.02097399905324" />
      <trkpt lat="38.81215201690793" lon="-85.02155402675271" />
      <trkpt lat="38.811984965577722" lon="-85.022126007825136" />
      <trkpt lat="38.811800982803106" lon="-85.022690026089549" />
      <trkpt lat="38.811716996133327" lon="-85.022980039939284" />
      <trkpt lat="38.811652958393097" lon="-85.023269969969988" />
      <trkpt lat="38.811576012521982" lon="-85.023849997669458" />
      <trkpt lat="38.811508035287261" lon="-85.024430025368929" />
      <trkpt lat="38.811396975070238" lon="-85.025002006441355" />
      <trkpt lat="38.811167981475592" lon="-85.025543980300426" />
      <trkpt lat="38.810974024236202" lon="-85.025932984426618" />
      <trkpt lat="38.810684010386467" lon="-85.026351995766163" />
      <trkpt lat="38.810512013733387" lon="-85.026580989360809" />
      <trkpt lat="38.810165002942085" lon="-85.027062026783824" />
      <trkpt lat="38.809547005221248" lon="-85.027863001450896" />
      <trkpt lat="38.809439968317747" lon="-85.027961991727352" />
      <trkpt lat="38.809177028015256" lon="-85.028114961460233" />
      <trkpt lat="38.808914003893733" lon="-85.02823700197041" />
      <trkpt lat="38.808577973395586" lon="-85.028404975309968" />
      <trkpt lat="38.808318972587585" lon="-85.0285570230335" />
      <trkpt lat="38.808212019503117" lon="-85.028648972511292" />
      <trkpt lat="38.808071035891771" lon="-85.028808983042836" />
      <trkpt lat="38.807932985946536" lon="-85.028977040201426" />
      <trkpt lat="38.807708015665412" lon="-85.029342994093895" />
      <trkpt lat="38.807543981820345" lon="-85.029664020985365" />
      <trkpt lat="38.807387994602323" lon="-85.029983958229423" />
      <trkpt lat="38.806987004354596" lon="-85.029969038441777" />
      <trkpt lat="38.806777037680149" lon="-85.02997599542141" />
      <trkpt lat="38.806198015809059" lon="-85.0299989618361" />
      <trkpt lat="38.805095041170716" lon="-85.030014971271157" />
      <trkpt lat="38.80458801984787" lon="-85.029992004856467" />
      <trkpt lat="38.8043740298599" lon="-85.029960991814733" />
      <trkpt lat="38.804229022935033" lon="-85.029969038441777" />
      <trkpt lat="38.804054008796811" lon="-85.030068028718233" />
      <trkpt lat="38.803970022127032" lon="-85.030174981802702" />
      <trkpt lat="38.803862985223532" lon="-85.030364999547601" />
      <trkpt lat="38.80379400216043" lon="-85.030510006472468" />
      <trkpt lat="38.803702974691987" lon="-85.030785016715527" />
      <trkpt lat="38.803648995235562" lon="-85.03092197701335" />
      <trkpt lat="38.803527038544416" lon="-85.031082993373275" />
      <trkpt lat="38.803382031619549" lon="-85.031235041096807" />
      <trkpt lat="38.803271977230906" lon="-85.031326990574598" />
      <trkpt lat="38.803027980029583" lon="-85.03147903829813" />
      <trkpt lat="38.802851960062981" lon="-85.031594038009644" />
      <trkpt lat="38.802230022847652" lon="-85.032082032412291" />
      <trkpt lat="38.80211996845901" lon="-85.032181022688746" />
      <trkpt lat="38.801978984847665" lon="-85.032348996028304" />
      <trkpt lat="38.801940008997917" lon="-85.032410016283393" />
      <trkpt lat="38.801863985136151" lon="-85.032615959644318" />
      <trkpt lat="38.801742028445005" lon="-85.033210990950465" />
      <trkpt lat="38.801700035110116" lon="-85.033355997875333" />
      <trkpt lat="38.801676984876394" lon="-85.033424980938435" />
      <trkpt lat="38.801609007641673" lon="-85.033554984256625" />
      <trkpt lat="38.801531977951527" lon="-85.033668978139758" />
      <trkpt lat="38.80145201459527" lon="-85.033776015043259" />
      <trkpt lat="38.801115984097123" lon="-85.034141968935728" />
      <trkpt lat="38.800929989665747" lon="-85.034370962530375" />
      <trkpt lat="38.800605023279786" lon="-85.034783016890287" />
      <trkpt lat="38.800452975556254" lon="-85.034943027421832" />
      <trkpt lat="38.800291959196329" lon="-85.035095997154713" />
      <trkpt lat="38.800181988626719" lon="-85.035194987431169" />
      <trkpt lat="38.800124991685152" lon="-85.035233041271567" />
      <trkpt lat="38.800063971430063" lon="-85.035271011292934" />
      <trkpt lat="38.800003034994006" lon="-85.035302024334669" />
      <trkpt lat="38.799930028617382" lon="-85.035324990749359" />
      <trkpt lat="38.799849981442094" lon="-85.035332031548023" />
      <trkpt lat="38.799713021144271" lon="-85.035324990749359" />
      <trkpt lat="38.799644038081169" lon="-85.035332031548023" />
      <trkpt lat="38.799574971199036" lon="-85.035354997962713" />
      <trkpt lat="38.799514034762979" lon="-85.035386011004448" />
      <trkpt lat="38.799460977315903" lon="-85.035423981025815" />
      <trkpt lat="38.799411021173" lon="-85.035485001280904" />
      <trkpt lat="38.799327034503222" lon="-85.035598995164037" />
      <trkpt lat="38.7991329934448" lon="-85.035896971821785" />
      <trkpt lat="38.798835016787052" lon="-85.036309026181698" />
      <trkpt lat="38.798652039840817" lon="-85.036613959819078" />
      <trkpt lat="38.798477025702596" lon="-85.036927023902535" />
      <trkpt lat="38.798377029597759" lon="-85.037125004455447" />
      <trkpt lat="38.798083998262882" lon="-85.037804022431374" />
      <trkpt lat="38.797995988279581" lon="-85.038018012419343" />
      <trkpt lat="38.797889035195112" lon="-85.038284976035357" />
      <trkpt lat="38.797820974141359" lon="-85.038414979353547" />
      <trkpt lat="38.797775041311979" lon="-85.0384830404073" />
      <trkpt lat="38.797683008015156" lon="-85.038582030683756" />
      <trkpt lat="38.797575971111655" lon="-85.038682026788592" />
      <trkpt lat="38.797450996935368" lon="-85.038772970438004" />
      <trkpt lat="38.797057969495654" lon="-85.039010010659695" />
      <trkpt lat="38.796988986432552" lon="-85.039062984287739" />
      <trkpt lat="38.796942969784141" lon="-85.039116041734815" />
      <trkpt lat="38.796909023076296" lon="-85.039176978170872" />
      <trkpt lat="38.796882033348083" lon="-85.039245961233974" />
      <trkpt lat="38.796858983114362" lon="-85.039315028116107" />
      <trkpt lat="38.796848002821207" lon="-85.039383005350828" />
      <trkpt lat="38.796843979507685" lon="-85.03945198841393" />
      <trkpt lat="38.796848002821207" lon="-85.039520971477032" />
      <trkpt lat="38.796858983114362" lon="-85.039581991732121" />
      <trkpt lat="38.796904999762774" lon="-85.039788018912077" />
      <trkpt lat="38.796973982825875" lon="-85.040192026644945" />
      <trkpt lat="38.797015976160765" lon="-85.040421020239592" />
      <trkpt lat="38.797018993645906" lon="-85.040496960282326" />
      <trkpt lat="38.797003990039229" lon="-85.040603997185826" />
      <trkpt lat="38.79693903028965" lon="-85.040542976930737" />
      <trkpt lat="38.79683299921453" lon="-85.040458990260959" />
      <trkpt lat="38.796710036695004" lon="-85.04039797000587" />
      <trkpt lat="38.79651197232306" lon="-85.040337033569813" />
      <trkpt lat="38.796306028962135" lon="-85.040322029963136" />
      <trkpt lat="38.796161022037268" lon="-85.040337033569813" />
      <trkpt lat="38.795871008187532" lon="-85.040382966399193" />
      <trkpt lat="38.795730024576187" lon="-85.040421020239592" />
      <trkpt lat="38.794356985017657" lon="-85.040856041014194" />
      <trkpt lat="38.794090021401644" lon="-85.040931981056929" />
      <trkpt lat="38.793804030865431" lon="-85.040970034897327" />
      <trkpt lat="38.793505970388651" lon="-85.04095503129065" />
      <trkpt lat="38.793204976245761" lon="-85.040925024077296" />
      <trkpt lat="38.793105985969305" lon="-85.040901973843575" />
      <trkpt lat="38.793059969320893" lon="-85.040885964408517" />
      <trkpt lat="38.792857965454459" lon="-85.040817987173796" />
      <trkpt lat="38.792289001867175" lon="-85.040542976930737" />
      <trkpt lat="38.791712997481227" lon="-85.040261009708047" />
      <trkpt lat="38.791464976966381" lon="-85.040116002783179" />
      <trkpt lat="38.791156020015478" lon="-85.0399249792099" />
      <trkpt lat="38.79103004001081" lon="-85.039849039167166" />
      <trkpt lat="38.79075201228261" lon="-85.039749965071678" />
      <trkpt lat="38.790533998981118" lon="-85.039710989221931" />
      <trkpt lat="38.789966041222215" lon="-85.039634965360165" />
      <trkpt lat="38.789309989660978" lon="-85.039574028924108" />
      <trkpt lat="38.788599958643317" lon="-85.03945198841393" />
      <trkpt lat="38.788313968107104" lon="-85.03942902199924" />
      <trkpt lat="38.787731006741524" lon="-85.03942902199924" />
      <trkpt lat="38.787306966260076" lon="-85.039513008669019" />
      <trkpt lat="38.786911005154252" lon="-85.039695985615253" />
      <trkpt lat="38.786586038768291" lon="-85.039855996146798" />
      <trkpt lat="38.786044986918569" lon="-85.040084989741445" />
      <trkpt lat="38.785727983340621" lon="-85.040267966687679" />
      <trkpt lat="38.785250969231129" lon="-85.040588993579149" />
      <trkpt lat="38.784026959910989" lon="-85.041482001543045" />
      <trkpt lat="38.783553969115019" lon="-85.041824989020824" />
      <trkpt lat="38.783293962478638" lon="-85.041992962360382" />
      <trkpt lat="38.783152978867292" lon="-85.042068986222148" />
      <trkpt lat="38.783000009134412" lon="-85.042121959850192" />
      <trkpt lat="38.782877968624234" lon="-85.042130006477237" />
      <trkpt lat="38.78271795809269" lon="-85.04209203645587" />
      <trkpt lat="38.782549984753132" lon="-85.041969995945692" />
      <trkpt lat="38.782314034178853" lon="-85.041709989309311" />
      <trkpt lat="38.782165003940463" lon="-85.041558025404811" />
      <trkpt lat="38.782000970095396" lon="-85.041419975459576" />
      <trkpt lat="38.781886976212263" lon="-85.041329031810164" />
      <trkpt lat="38.781699975952506" lon="-85.041206991299987" />
      <trkpt lat="38.781439969316125" lon="-85.041085034608841" />
      <trkpt lat="38.781303009018302" lon="-85.041024014353752" />
      <trkpt lat="38.780981982126832" lon="-85.04087096080184" />
      <trkpt lat="38.780737984925508" lon="-85.040711034089327" />
      <trkpt lat="38.780628014355898" lon="-85.040619000792503" />
      <trkpt lat="38.780471021309495" lon="-85.040467036888003" />
      <trkpt lat="38.780302964150906" lon="-85.040229996666312" />
      <trkpt lat="38.779990989714861" lon="-85.039726998656988" />
      <trkpt lat="38.77990297973156" lon="-85.039596995338798" />
      <trkpt lat="38.779766019433737" lon="-85.039405971765518" />
      <trkpt lat="38.779726959764957" lon="-85.039352998137474" />
      <trkpt lat="38.779654959216714" lon="-85.039276974275708" />
      <trkpt lat="38.779540965333581" lon="-85.039200028404593" />
      <trkpt lat="38.77923896536231" lon="-85.039055021479726" />
      <trkpt lat="38.778457017615438" lon="-85.038703987374902" />
      <trkpt lat="38.777652019634843" lon="-85.038338033482432" />
      <trkpt lat="38.777137035503983" lon="-85.038064029067755" />
      <trkpt lat="38.776874011382461" lon="-85.037940982729197" />
      <trkpt lat="38.776122992858291" lon="-85.037651974707842" />
      <trkpt lat="38.775981003418565" lon="-85.037606041878462" />
      <trkpt lat="38.775618989020586" lon="-85.037545021623373" />
      <trkpt lat="38.775264015421271" lon="-85.037499004974961" />
      <trkpt lat="38.774692034348845" lon="-85.037415018305182" />
      <trkpt lat="38.77412399277091" lon="-85.037316028028727" />
      <trkpt lat="38.773978985846043" lon="-85.037307981401682" />
      <trkpt lat="38.773555029183626" lon="-85.037385011091828" />
      <trkpt lat="38.773413961753249" lon="-85.037422981113195" />
      <trkpt lat="38.773142974823713" lon="-85.037529012188315" />
      <trkpt lat="38.772895038127899" lon="-85.037666978314519" />
      <trkpt lat="38.772669984027743" lon="-85.037850039079785" />
      <trkpt lat="38.771854005753994" lon="-85.038673980161548" />
      <trkpt lat="38.771647978574038" lon="-85.038963994011283" />
      <trkpt lat="38.771511018276215" lon="-85.039231041446328" />
      <trkpt lat="38.77145703881979" lon="-85.039360960945487" />
      <trkpt lat="38.771418984979391" lon="-85.039498005062342" />
      <trkpt lat="38.771396018564701" lon="-85.039643011987209" />
      <trkpt lat="38.771391995251179" lon="-85.039863958954811" />
      <trkpt lat="38.771396018564701" lon="-85.040078032761812" />
      <trkpt lat="38.771385038271546" lon="-85.040428983047605" />
      <trkpt lat="38.771361988037825" lon="-85.040795020759106" />
      <trkpt lat="38.771327035501599" lon="-85.041024014353752" />
      <trkpt lat="38.771273978054523" lon="-85.041268011555076" />
      <trkpt lat="38.771227961406112" lon="-85.04142802208662" />
      <trkpt lat="38.771198038011789" lon="-85.041503962129354" />
      <trkpt lat="38.771159984171391" lon="-85.041626002639532" />
      <trkpt lat="38.771231984719634" lon="-85.041672019287944" />
      <trkpt lat="38.771427031606436" lon="-85.041817026212811" />
      <trkpt lat="38.771598022431135" lon="-85.041977036744356" />
      <trkpt lat="38.771731965243816" lon="-85.042161019518971" />
      <trkpt lat="38.772307969629765" lon="-85.043183024972677" />
      <trkpt lat="38.772681970149279" lon="-85.04379297606647" />
      <trkpt lat="38.772964021191001" lon="-85.04422003403306" />
      <trkpt lat="38.773136017844081" lon="-85.044449027627707" />
      <trkpt lat="38.773235008120537" lon="-85.044549023732543" />
      <trkpt lat="38.773344978690147" lon="-85.044632004573941" />
      <trkpt lat="38.773470958694816" lon="-85.044685984030366" />
      <trkpt lat="38.773676985874772" lon="-85.04469302482903" />
      <trkpt lat="38.773894999176264" lon="-85.044654970988631" />
      <trkpt lat="38.774191970005631" lon="-85.0446099601686" />
      <trkpt lat="38.774417024105787" lon="-85.044594034552574" />
      <trkpt lat="38.774710977450013" lon="-85.044594034552574" />
      <trkpt lat="38.774924967437983" lon="-85.044579030945897" />
      <trkpt lat="38.775207018479705" lon="-85.044555980712175" />
      <trkpt lat="38.775493009015918" lon="-85.044525973498821" />
      <trkpt lat="38.775629969313741" lon="-85.044494960457087" />
      <trkpt lat="38.775768019258976" lon="-85.044480040669441" />
      <trkpt lat="38.77584001980722" lon="-85.044494960457087" />
      <trkpt lat="38.775904979556799" lon="-85.044525973498821" />
      <trkpt lat="38.775965999811888" lon="-85.04456402733922" />
      <trkpt lat="38.776019979268312" lon="-85.0446099601686" />
      <trkpt lat="38.776061972603202" lon="-85.044663017615676" />
      <trkpt lat="38.776091979816556" lon="-85.044732000678778" />
      <trkpt lat="38.776100026443601" lon="-85.044799977913499" />
      <trkpt lat="38.776091979816556" lon="-85.044868960976601" />
      <trkpt lat="38.776069013401866" lon="-85.044938027858734" />
      <trkpt lat="38.776039006188512" lon="-85.045006005093455" />
      <trkpt lat="38.775816969573498" lon="-85.045395009219646" />
      <trkpt lat="38.775759972631931" lon="-85.045525012537837" />
      <trkpt lat="38.775729965418577" lon="-85.04566197283566" />
      <trkpt lat="38.775732982903719" lon="-85.045739002525806" />
      <trkpt lat="38.775753015652299" lon="-85.045806979760528" />
      <trkpt lat="38.775786962360144" lon="-85.045875962823629" />
      <trkpt lat="38.775832979008555" lon="-85.045936983078718" />
      <trkpt lat="38.775886036455631" lon="-85.045990040525794" />
      <trkpt lat="38.776058033108711" lon="-85.046143010258675" />
      <trkpt lat="38.776392973959446" lon="-85.046409973874688" />
      <trkpt lat="38.776507973670959" lon="-85.046485997736454" />
      <trkpt lat="38.77663797698915" lon="-85.046532014384866" />
      <trkpt lat="38.776781978085637" lon="-85.046539977192879" />
      <trkpt lat="38.776935031637549" lon="-85.046524973586202" />
      <trkpt lat="38.777514975517988" lon="-85.046379966661334" />
      <trkpt lat="38.778307987377048" lon="-85.046143010258675" />
      <trkpt lat="38.778373030945659" lon="-85.046143010258675" />
      <trkpt lat="38.778433967381716" lon="-85.046189026907086" />
      <trkpt lat="38.778472021222115" lon="-85.046249963343143" />
      <trkpt lat="38.778494987636805" lon="-85.046325987204909" />
      <trkpt lat="38.778503034263849" lon="-85.046409973874688" />
      <trkpt lat="38.778514014557004" lon="-85.046937027946115" />
      <trkpt lat="38.778536980971694" lon="-85.047370959073305" />
      <trkpt lat="38.778567994013429" lon="-85.047738002613187" />
      <trkpt lat="38.778713000938296" lon="-85.048966035246849" />
      <trkpt lat="38.778750970959663" lon="-85.049102995544672" />
      <trkpt lat="38.778804028406739" lon="-85.04922503605485" />
      <trkpt lat="38.778883991762996" lon="-85.049340035766363" />
      <trkpt lat="38.778991028666496" lon="-85.049439026042819" />
      <trkpt lat="38.779117008671165" lon="-85.049514966085553" />
      <trkpt lat="38.779769036918879" lon="-85.04987396299839" />
      <trkpt lat="38.780399020761251" lon="-85.050224997103214" />
      <trkpt lat="38.781008971855044" lon="-85.050582988187671" />
      <trkpt lat="38.781184991821647" lon="-85.050697987899184" />
      <trkpt lat="38.781283982098103" lon="-85.050805024802685" />
      <trkpt lat="38.781349025666714" lon="-85.050941985100508" />
      <trkpt lat="38.781375009566545" lon="-85.05109503865242" />
      <trkpt lat="38.781379032880068" lon="-85.051239961758256" />
      <trkpt lat="38.781351959332824" lon="-85.051475996151567" />
      <trkpt lat="38.781307032331824" lon="-85.051849996671081" />
      <trkpt lat="38.781226985156536" lon="-85.052551981061697" />
      <trkpt lat="38.781158002093434" lon="-85.05326896905899" />
      <trkpt lat="38.781123971566558" lon="-85.053558982908726" />
      <trkpt lat="38.781101005151868" lon="-85.053703989833593" />
      <trkpt lat="38.781074015423656" lon="-85.053848996758461" />
      <trkpt lat="38.781035961583257" lon="-85.053994003683329" />
      <trkpt lat="38.780990028753877" lon="-85.054130963981152" />
      <trkpt lat="38.780905958265066" lon="-85.054336991161108" />
      <trkpt lat="38.78080302849412" lon="-85.05453497171402" />
      <trkpt lat="38.780055027455091" lon="-85.05577901378274" />
      <trkpt lat="38.779990989714861" lon="-85.055900970473886" />
      <trkpt lat="38.779937010258436" lon="-85.05603801459074" />
      <trkpt lat="38.77990297973156" lon="-85.056183021515608" />
      <trkpt lat="38.77988001331687" lon="-85.056320987641811" />
      <trkpt lat="38.779871966689825" lon="-85.056473035365343" />
      <trkpt lat="38.779865009710193" lon="-85.057640969753265" />
      <trkpt lat="38.779865009710193" lon="-85.058013964444399" />
      <trkpt lat="38.779871966689825" lon="-85.058303978294134" />
      <trkpt lat="38.779890993610024" lon="-85.058442028239369" />
      <trkpt lat="38.779926029965281" lon="-85.058578988537192" />
      <trkpt lat="38.779983026906848" lon="-85.058716032654047" />
      <trkpt lat="38.780097020789981" lon="-85.058891968801618" />
      <trkpt lat="38.780566994100809" lon="-85.059455987066031" />
      <trkpt lat="38.780918028205633" lon="-85.059913974255323" />
      <trkpt lat="38.781065968796611" lon="-85.060058981180191" />
      <trkpt lat="38.781184991821647" lon="-85.060135005041957" />
      <trkpt lat="38.781386995688081" lon="-85.060218991711736" />
      <trkpt lat="38.78207297064364" lon="-85.060462988913059" />
      <trkpt lat="38.782730028033257" lon="-85.060737999156117" />
      <trkpt lat="38.782985005527735" lon="-85.060845036059618" />
      <trkpt lat="38.783100005239248" lon="-85.060920976102352" />
      <trkpt lat="38.783183991909027" lon="-85.061019966378808" />
      <trkpt lat="38.783264039084315" lon="-85.061234040185809" />
      <trkpt lat="38.783293962478638" lon="-85.061318026855588" />
      <trkpt lat="38.783442992717028" lon="-85.061760004609823" />
      <trkpt lat="38.783592022955418" lon="-85.062240958213806" />
      <trkpt lat="38.783644996583462" lon="-85.062455032020807" />
      <trkpt lat="38.783686989918351" lon="-85.062668016180396" />
      <trkpt lat="38.783710040152073" lon="-85.062882006168365" />
      <trkpt lat="38.783701993525028" lon="-85.063027013093233" />
      <trkpt lat="38.783676009625196" lon="-85.063163973391056" />
      <trkpt lat="38.783625969663262" lon="-85.063302023336291" />
      <trkpt lat="38.783568972721696" lon="-85.063438983634114" />
      <trkpt lat="38.783339979127049" lon="-85.063904011622071" />
      <trkpt lat="38.783221961930394" lon="-85.064179021865129" />
      <trkpt lat="38.783198995515704" lon="-85.064239958301187" />
      <trkpt lat="38.783141998574138" lon="-85.064384965226054" />
      <trkpt lat="38.783053988590837" lon="-85.064583029597998" />
      <trkpt lat="38.782913004979491" lon="-85.064843036234379" />
      <trkpt lat="38.7828020285815" lon="-85.065017966553569" />
      <trkpt lat="38.782679988071322" lon="-85.065193986520171" />
      <trkpt lat="38.782531041651964" lon="-85.065437983721495" />
      <trkpt lat="38.782440014183521" lon="-85.065629007294774" />
      <trkpt lat="38.782332977280021" lon="-85.065888008102775" />
      <trkpt lat="38.782301964238286" lon="-85.066033015027642" />
      <trkpt lat="38.782320991158485" lon="-85.066163018345833" />
      <trkpt lat="38.78239399753511" lon="-85.066277012228966" />
      <trkpt lat="38.782706977799535" lon="-85.066506005823612" />
      <trkpt lat="38.782980982214212" lon="-85.066757965832949" />
      <trkpt lat="38.783233026042581" lon="-85.067025013267994" />
      <trkpt lat="38.783408962190151" lon="-85.067260963842273" />
      <trkpt lat="38.783526979386806" lon="-85.067436983808875" />
      <trkpt lat="38.783794026821852" lon="-85.06787896156311" />
      <trkpt lat="38.783924030140042" lon="-85.068131005391479" />
      <trkpt lat="38.783987984061241" lon="-85.068337032571435" />
      <trkpt lat="38.784014973789454" lon="-85.068473992869258" />
      <trkpt lat="38.784034000709653" lon="-85.068618999794126" />
      <trkpt lat="38.784060990437865" lon="-85.068916976451874" />
      <trkpt lat="38.784210020676255" lon="-85.070374002680182" />
      <trkpt lat="38.784357961267233" lon="-85.071991039440036" />
      <trkpt lat="38.785212999209762" lon="-85.071922978386283" />
      <trkpt lat="38.785571996122599" lon="-85.071885008364916" />
      <trkpt lat="38.785850023850799" lon="-85.071823988109827" />
      <trkpt lat="38.786402978003025" lon="-85.071617960929871" />
      <trkpt lat="38.786616967990994" lon="-85.071563981473446" />
      <trkpt lat="38.786914022639394" lon="-85.071533974260092" />
      <trkpt lat="38.787647020071745" lon="-85.071517964825034" />
      <trkpt lat="38.788383034989238" lon="-85.071479994803667" />
      <trkpt lat="38.789318036288023" lon="-85.071449987590313" />
      <trkpt lat="38.789615007117391" lon="-85.0714420247823" />
      <trkpt lat="38.789912983775139" lon="-85.071449987590313" />
      <trkpt lat="38.790202997624874" lon="-85.071473037824035" />
      <trkpt lat="38.790411958470941" lon="-85.071517964825034" />
      <trkpt lat="38.790686968713999" lon="-85.071617960929871" />
      <trkpt lat="38.790877992287278" lon="-85.071717035025358" />
      <trkpt lat="38.79120203666389" lon="-85.071885008364916" />
      <trkpt lat="38.791449973359704" lon="-85.072036972269416" />
      <trkpt lat="38.791702017188072" lon="-85.072181979194283" />
      <trkpt lat="38.791895974427462" lon="-85.072280969470739" />
      <trkpt lat="38.792166961356997" lon="-85.072403009980917" />
      <trkpt lat="38.79244901239872" lon="-85.072503006085753" />
      <trkpt lat="38.792736008763313" lon="-85.072570983320475" />
      <trkpt lat="38.79341502673924" lon="-85.072693023830652" />
      <trkpt lat="38.793617030605674" lon="-85.072715990245342" />
      <trkpt lat="38.793940991163254" lon="-85.072784973308444" />
      <trkpt lat="38.794756969437003" lon="-85.072929980233312" />
      <trkpt lat="38.794970959424973" lon="-85.072983037680387" />
      <trkpt lat="38.79511202685535" lon="-85.073021007701755" />
      <trkpt lat="38.795245969668031" lon="-85.073082027956843" />
      <trkpt lat="38.795372033491731" lon="-85.073166014626622" />
      <trkpt lat="38.795486027374864" lon="-85.073250001296401" />
      <trkpt lat="38.795836977660656" lon="-85.073547977954149" />
      <trkpt lat="38.795890035107732" lon="-85.073601035401225" />
      <trkpt lat="38.796020038425922" lon="-85.073707988485694" />
      <trkpt lat="38.796146018430591" lon="-85.073760962113738" />
      <trkpt lat="38.796264035627246" lon="-85.073791975155473" />
      <trkpt lat="38.796355985105038" lon="-85.073791975155473" />
      <trkpt lat="38.796568969264627" lon="-85.073754005134106" />
      <trkpt lat="38.796737026423216" lon="-85.073791975155473" />
      <trkpt lat="38.796999966725707" lon="-85.073760962113738" />
      <trkpt lat="38.797148996964097" lon="-85.073739001527429" />
      <trkpt lat="38.797362986952066" lon="-85.073722992092371" />
      <trkpt lat="38.797633973881602" lon="-85.073722992092371" />
      <trkpt lat="38.79775601439178" lon="-85.073769008740783" />
      <trkpt lat="38.797798007726669" lon="-85.073830028995872" />
      <trkpt lat="38.797808988019824" lon="-85.073899012058973" />
      <trkpt lat="38.797744028270245" lon="-85.074029015377164" />
      <trkpt lat="38.797621987760067" lon="-85.074143009260297" />
      <trkpt lat="38.797527020797133" lon="-85.074273012578487" />
      <trkpt lat="38.797496007755399" lon="-85.074340989813209" />
      <trkpt lat="38.797309007495642" lon="-85.074891010299325" />
      <trkpt lat="38.797210017219186" lon="-85.075233997777104" />
      <trkpt lat="38.797148996964097" lon="-85.075371041893959" />
      <trkpt lat="38.796852026134729" lon="-85.075721992179751" />
      <trkpt lat="38.796797962859273" lon="-85.075874961912632" />
      <trkpt lat="38.79666100256145" lon="-85.076324986293912" />
      <trkpt lat="38.796607023105025" lon="-85.076546017080545" />
      <trkpt lat="38.79651197232306" lon="-85.077080028131604" />
      <trkpt lat="38.796370988711715" lon="-85.077758962288499" />
      <trkpt lat="38.796348022297025" lon="-85.0779730360955" />
      <trkpt lat="38.796343998983502" lon="-85.078171016648412" />
      <trkpt lat="38.796348022297025" lon="-85.078308982774615" />
      <trkpt lat="38.796366965398192" lon="-85.078437980264425" />
      <trkpt lat="38.796427985653281" lon="-85.078736040741205" />
      <trkpt lat="38.796423962339759" lon="-85.078888004645705" />
      <trkpt lat="38.796375012025237" lon="-85.079116998240352" />
      <trkpt lat="38.796343998983502" lon="-85.079269967973232" />
      <trkpt lat="38.79633997566998" lon="-85.079330988228321" />
      <trkpt lat="38.796333018690348" lon="-85.0794149748981" />
      <trkpt lat="38.796343998983502" lon="-85.079559981822968" />
      <trkpt lat="38.796390015631914" lon="-85.079772965982556" />
      <trkpt lat="38.796458998695016" lon="-85.079987039789557" />
      <trkpt lat="38.796500992029905" lon="-85.080131962895393" />
      <trkpt lat="38.796535022556782" lon="-85.080352993682027" />
      <trkpt lat="38.796542985364795" lon="-85.080430023372173" />
      <trkpt lat="38.796553965657949" lon="-85.081002004444599" />
      <trkpt lat="38.796562012284994" lon="-85.081138964742422" />
      <trkpt lat="38.796599982306361" lon="-85.081344991922379" />
      <trkpt lat="38.796649016439915" lon="-85.081558981910348" />
      <trkpt lat="38.796676006168127" lon="-85.081703988835216" />
      <trkpt lat="38.796707019209862" lon="-85.081994002684951" />
      <trkpt lat="38.796755969524384" lon="-85.082633960992098" />
      <trkpt lat="38.796759992837906" lon="-85.082772010937333" />
      <trkpt lat="38.796755969524384" lon="-85.083122961223125" />
      <trkpt lat="38.796759992837906" lon="-85.083267968147993" />
      <trkpt lat="38.796782959252596" lon="-85.083557981997728" />
      <trkpt lat="38.796825036406517" lon="-85.083855036646128" />
      <trkpt lat="38.796874992549419" lon="-85.084069026634097" />
      <trkpt lat="38.796955039724708" lon="-85.084259966388345" />
      <trkpt lat="38.797023016959429" lon="-85.084382006898522" />
      <trkpt lat="38.797171963378787" lon="-85.084618041291833" />
      <trkpt lat="38.797301966696978" lon="-85.084771011024714" />
      <trkpt lat="38.79741202108562" lon="-85.084854997694492" />
      <trkpt lat="38.797549987211823" lon="-85.084885004907846" />
      <trkpt lat="38.797694994136691" lon="-85.084885004907846" />
      <trkpt lat="38.797912001609802" lon="-85.084907971322536" />
      <trkpt lat="38.798052985221148" lon="-85.084931021556258" />
      <trkpt lat="38.798193968832493" lon="-85.084931021556258" />
      <trkpt lat="38.798335958272219" lon="-85.084922974929214" />
      <trkpt lat="38.798473002389073" lon="-85.084922974929214" />
      <trkpt lat="38.798534022644162" lon="-85.084953987970948" />
      <trkpt lat="38.798582972958684" lon="-85.085006961598992" />
      <trkpt lat="38.798613986000419" lon="-85.085166972130537" />
      <trkpt lat="38.798594959080219" lon="-85.085244001820683" />
      <trkpt lat="38.798514995723963" lon="-85.085365958511829" />
      <trkpt lat="38.798399996012449" lon="-85.085465032607317" />
      <trkpt lat="38.798212995752692" lon="-85.08557902649045" />
      <trkpt lat="38.797985007986426" lon="-85.085769966244698" />
      <trkpt lat="38.79775601439178" lon="-85.086044976487756" />
      <trkpt lat="38.797626011073589" lon="-85.086236000061035" />
      <trkpt lat="38.797554010525346" lon="-85.086364997550845" />
      <trkpt lat="38.797473041340709" lon="-85.086586028337479" />
      <trkpt lat="38.797428030520678" lon="-85.086807981133461" />
      <trkpt lat="38.797397017478943" lon="-85.087029011920094" />
      <trkpt lat="38.797373967245221" lon="-85.087249958887696" />
      <trkpt lat="38.797347983345389" lon="-85.087699983268976" />
      <trkpt lat="38.7973059900105" lon="-85.087989997118711" />
      <trkpt lat="38.797252010554075" lon="-85.088280010968447" />
      <trkpt lat="38.797205993905663" lon="-85.088860038667917" />
      <trkpt lat="38.797210017219186" lon="-85.089142005890608" />
      <trkpt lat="38.797237006947398" lon="-85.089752962812781" />
      <trkpt lat="38.797274976968765" lon="-85.090370960533619" />
      <trkpt lat="38.7973059900105" lon="-85.091018965467811" />
      <trkpt lat="38.797320993617177" lon="-85.0911870226264" />
      <trkpt lat="38.797351000830531" lon="-85.091423979029059" />
      <trkpt lat="38.797388970851898" lon="-85.091651966795325" />
      <trkpt lat="38.797512017190456" lon="-85.09226300753653" />
      <trkpt lat="38.797648977488279" lon="-85.09286499582231" />
      <trkpt lat="38.797720978036523" lon="-85.093162972480059" />
      <trkpt lat="38.797808988019824" lon="-85.093445023521781" />
      <trkpt lat="38.798027001321316" lon="-85.094063021242619" />
      <trkpt lat="38.798163961619139" lon="-85.094407014548779" />
      <trkpt lat="38.798477025702596" lon="-85.095139006152749" />
      <trkpt lat="38.798594959080219" lon="-85.09539800696075" />
      <trkpt lat="38.798896037042141" lon="-85.095970993861556" />
      <trkpt lat="38.799007013440132" lon="-85.096153970807791" />
      <trkpt lat="38.799083037301898" lon="-85.096267964690924" />
      <trkpt lat="38.799246987327933" lon="-85.096505004912615" />
      <trkpt lat="38.799544963985682" lon="-85.096900966018438" />
      <trkpt lat="38.799735987558961" lon="-85.097160972654819" />
      <trkpt lat="38.800071012228727" lon="-85.097603034228086" />
      <trkpt lat="38.80037996917963" lon="-85.098015004768968" />
      <trkpt lat="38.801010036841035" lon="-85.098861996084452" />
      <trkpt lat="38.801356963813305" lon="-85.099343033507466" />
      <trkpt lat="38.801531977951527" lon="-85.099578984081745" />
      <trkpt lat="38.801555028185248" lon="-85.09960999712348" />
      <trkpt lat="38.801730964332819" lon="-85.09986899793148" />
      <trkpt lat="38.801905978471041" lon="-85.10019002482295" />
      <trkpt lat="38.802043022587895" lon="-85.100471992045641" />
      <trkpt lat="38.802257012575865" lon="-85.100914975628257" />
      <trkpt lat="38.802558006718755" lon="-85.10150196030736" />
      <trkpt lat="38.802424985915422" lon="-85.101616038009524" />
      <trkpt lat="38.802325995638967" lon="-85.101692983880639" />
      <trkpt lat="38.80226799286902" lon="-85.10173799470067" />
      <trkpt lat="38.802173025906086" lon="-85.10180002078414" />
      <trkpt lat="38.802092978730798" lon="-85.101852994412184" />
      <trkpt lat="38.80196699872613" lon="-85.101914014667273" />
      <trkpt lat="38.801898015663028" lon="-85.101936981081963" />
      <trkpt lat="38.801826015114784" lon="-85.10195198468864" />
      <trkpt lat="38.801459977403283" lon="-85.101990038529038" />
      <trkpt lat="38.801383031532168" lon="-85.101998001337051" />
      <trkpt lat="38.801311030983925" lon="-85.101998001337051" />
      <trkpt lat="38.801166024059057" lon="-85.102013004943728" />
      <trkpt lat="38.801097040995955" lon="-85.102028008550406" />
      <trkpt lat="38.800967959687114" lon="-85.102074025198817" />
      <trkpt lat="38.800907023251057" lon="-85.102105038240552" />
      <trkpt lat="38.800804009661078" lon="-85.102180978283286" />
      <trkpt lat="38.800753969699144" lon="-85.102226994931698" />
      <trkpt lat="38.800669983029366" lon="-85.102334031835198" />
      <trkpt lat="38.800636036321521" lon="-85.102387005463243" />
      <trkpt lat="38.800579039379954" lon="-85.102517008781433" />
      <trkpt lat="38.800536962226033" lon="-85.102653969079256" />
      <trkpt lat="38.80052899941802" lon="-85.102729992941022" />
      <trkpt lat="38.80050603300333" lon="-85.103172976523638" />
      <trkpt lat="38.800491029396653" lon="-85.103325024247169" />
      <trkpt lat="38.800460016354918" lon="-85.103470031172037" />
      <trkpt lat="38.800406958907843" lon="-85.103600034490228" />
      <trkpt lat="38.800337975844741" lon="-85.103721991181374" />
      <trkpt lat="38.800102025270462" lon="-85.104095991700888" />
      <trkpt lat="38.799972021952271" lon="-85.104263965040445" />
      <trkpt lat="38.799816034734249" lon="-85.10442397557199" />
      <trkpt lat="38.799761971458793" lon="-85.104469992220402" />
      <trkpt lat="38.799701035022736" lon="-85.104522965848446" />
      <trkpt lat="38.799635991454124" lon="-85.104561019688845" />
      <trkpt lat="38.799568014219403" lon="-85.104592032730579" />
      <trkpt lat="38.799357963725924" lon="-85.104645006358624" />
      <trkpt lat="38.799083037301898" lon="-85.104630002751946" />
      <trkpt lat="38.798869969323277" lon="-85.104614999145269" />
      <trkpt lat="38.798492029309273" lon="-85.104592032730579" />
      <trkpt lat="38.798342999070883" lon="-85.104568982496858" />
      <trkpt lat="38.798006968572736" lon="-85.104477033019066" />
      <trkpt lat="38.797476980835199" lon="-85.104317022487521" />
      <trkpt lat="38.796920003369451" lon="-85.104142008349299" />
      <trkpt lat="38.796707019209862" lon="-85.104064978659153" />
      <trkpt lat="38.796432008966804" lon="-85.10395098477602" />
      <trkpt lat="38.796221958473325" lon="-85.103866998106241" />
      <trkpt lat="38.796080974861979" lon="-85.103829028084874" />
      <trkpt lat="38.796005034819245" lon="-85.103814024478197" />
      <trkpt lat="38.795856004580855" lon="-85.103814024478197" />
      <trkpt lat="38.795718960464001" lon="-85.103844031691551" />
      <trkpt lat="38.795646037906408" lon="-85.103874960914254" />
      <trkpt lat="38.795580994337797" lon="-85.103904968127608" />
      <trkpt lat="38.795513017103076" lon="-85.10395098477602" />
      <trkpt lat="38.795348983258009" lon="-85.104095991700888" />
      <trkpt lat="38.795215040445328" lon="-85.104278968647122" />
      <trkpt lat="38.795161982998252" lon="-85.104408971965313" />
      <trkpt lat="38.795119989663363" lon="-85.104546016082168" />
      <trkpt lat="38.79509299993515" lon="-85.104691023007035" />
      <trkpt lat="38.795062992721796" lon="-85.105186980217695" />
      <trkpt lat="38.795020999386907" lon="-85.105469031259418" />
      <trkpt lat="38.79496299661696" lon="-85.10566801764071" />
      <trkpt lat="38.794890996068716" lon="-85.105858035385609" />
      <trkpt lat="38.794418005272746" lon="-85.106995040550828" />
      <trkpt lat="38.794322032481432" lon="-85.107269966974854" />
      <trkpt lat="38.794261012226343" lon="-85.107475994154811" />
      <trkpt lat="38.794196974486113" lon="-85.107749998569489" />
      <trkpt lat="38.7941699847579" lon="-85.107895005494356" />
      <trkpt lat="38.794132014736533" lon="-85.108185019344091" />
      <trkpt lat="38.794059008359909" lon="-85.108985994011164" />
      <trkpt lat="38.79403998143971" lon="-85.109100993722677" />
      <trkpt lat="38.793949037790298" lon="-85.109566021710634" />
      <trkpt lat="38.793883994221687" lon="-85.109841031953692" />
      <trkpt lat="38.793753990903497" lon="-85.110321985557675" />
      <trkpt lat="38.793727001175284" lon="-85.11045902967453" />
      <trkpt lat="38.79371996037662" lon="-85.110534969717264" />
      <trkpt lat="38.79371996037662" lon="-85.110679976642132" />
      <trkpt lat="38.793746028095484" lon="-85.110817020758986" />
      <trkpt lat="38.793788021430373" lon="-85.11095498688519" />
      <trkpt lat="38.793921964243054" lon="-85.111267967149615" />
      <trkpt lat="38.793964041396976" lon="-85.111396964639425" />
      <trkpt lat="38.793982984498143" lon="-85.111701982095838" />
      <trkpt lat="38.79397502169013" lon="-85.111946985125542" />
      <trkpt lat="38.793955994769931" lon="-85.112258959561586" />
      <trkpt lat="38.793933028355241" lon="-85.112992040812969" />
      <trkpt lat="38.793914001435041" lon="-85.113342991098762" />
      <trkpt lat="38.793894974514842" lon="-85.11355597525835" />
      <trkpt lat="38.793872008100152" lon="-85.113709028810263" />
      <trkpt lat="38.793834038078785" lon="-85.11385403573513" />
      <trkpt lat="38.793773017823696" lon="-85.114059979096055" />
      <trkpt lat="38.793478980660439" lon="-85.114921974018216" />
      <trkpt lat="38.793173963204026" lon="-85.115882959216833" />
      <trkpt lat="38.792995009571314" lon="-85.116371959447861" />
      <trkpt lat="38.792963996529579" lon="-85.116447983309627" />
      <trkpt lat="38.792876992374659" lon="-85.11666901409626" />
      <trkpt lat="38.792694015428424" lon="-85.117149967700243" />
      <trkpt lat="38.792353961616755" lon="-85.118126040324569" />
      <trkpt lat="38.792293025180697" lon="-85.118340030312538" />
      <trkpt lat="38.792254971340299" lon="-85.118554020300508" />
      <trkpt lat="38.792236028239131" lon="-85.118774967268109" />
      <trkpt lat="38.792221024632454" lon="-85.119132958352566" />
      <trkpt lat="38.792200991883874" lon="-85.119422972202301" />
      <trkpt lat="38.792166961356997" lon="-85.119706029072404" />
      <trkpt lat="38.792094960808754" lon="-85.120056979358196" />
      <trkpt lat="38.792025977745652" lon="-85.120339030399919" />
      <trkpt lat="38.791983984410763" lon="-85.120475990697742" />
      <trkpt lat="38.791911983862519" lon="-85.120682017877698" />
      <trkpt lat="38.791786003857851" lon="-85.120948981493711" />
      <trkpt lat="38.791605960577726" lon="-85.121270008385181" />
      <trkpt lat="38.79122500307858" lon="-85.121925976127386" />
      <trkpt lat="38.791042026132345" lon="-85.122178019955754" />
      <trkpt lat="38.791003972291946" lon="-85.1222999766469" />
      <trkpt lat="38.790981005877256" lon="-85.12246803380549" />
      <trkpt lat="38.790987962856889" lon="-85.12264296412468" />
      <trkpt lat="38.791045965626836" lon="-85.12294102460146" />
      <trkpt lat="38.791141016408801" lon="-85.123367998749018" />
      <trkpt lat="38.791289962828159" lon="-85.124023966491222" />
      <trkpt lat="38.79139699973166" lon="-85.124511960893869" />
      <trkpt lat="38.791572013869882" lon="-85.125115038827062" />
      <trkpt lat="38.791663963347673" lon="-85.125374039635062" />
      <trkpt lat="38.791778041049838" lon="-85.125648966059089" />
      <trkpt lat="38.792076017707586" lon="-85.126366037875414" />
      <trkpt lat="38.792372988536954" lon="-85.12709098868072" />
      <trkpt lat="38.792674988508224" lon="-85.127853993326426" />
      <trkpt lat="38.793234983459115" lon="-85.129287969321012" />
      <trkpt lat="38.793520973995328" lon="-85.130044016987085" />
      <trkpt lat="38.793791960924864" lon="-85.130738038569689" />
      <trkpt lat="38.794059008359909" lon="-85.131416972726583" />
      <trkpt lat="38.79434198141098" lon="-85.132103031501174" />
      <trkpt lat="38.794611962512136" lon="-85.132790012285113" />
      <trkpt lat="38.795016976073384" lon="-85.133881000801921" />
      <trkpt lat="38.79511596634984" lon="-85.134162968024611" />
      <trkpt lat="38.795176986604929" lon="-85.134368995204568" />
      <trkpt lat="38.795233983546495" lon="-85.134659009054303" />
      <trkpt lat="38.795275976881385" lon="-85.135009959340096" />
      <trkpt lat="38.795302966609597" lon="-85.135299973189831" />
      <trkpt lat="38.795368010178208" lon="-85.136322984471917" />
      <trkpt lat="38.795444034039974" lon="-85.137863997370005" />
      <trkpt lat="38.795501030981541" lon="-85.140717029571533" />
      <trkpt lat="38.795486027374864" lon="-85.14094602316618" />
      <trkpt lat="38.795467000454664" lon="-85.14109899289906" />
      <trkpt lat="38.795387037098408" lon="-85.141380960121751" />
      <trkpt lat="38.795317970216274" lon="-85.141586987301707" />
      <trkpt lat="38.79524203017354" lon="-85.141860991716385" />
      <trkpt lat="38.795169023796916" lon="-85.14236499555409" />
      <trkpt lat="38.79511202685535" lon="-85.142571022734046" />
      <trkpt lat="38.795024016872048" lon="-85.142769003286958" />
      <trkpt lat="38.794913962483406" lon="-85.142960026860237" />
      <trkpt lat="38.794783959165215" lon="-85.143143003806472" />
      <trkpt lat="38.793452996760607" lon="-85.144829023629427" />
      <trkpt lat="38.79337303340435" lon="-85.144950980320573" />
      <trkpt lat="38.793303966522217" lon="-85.14507302083075" />
      <trkpt lat="38.793250992894173" lon="-85.145203024148941" />
      <trkpt lat="38.793212017044425" lon="-85.145348031073809" />
      <trkpt lat="38.793182009831071" lon="-85.14556897804141" />
      <trkpt lat="38.79302904009819" lon="-85.147103033959866" />
      <trkpt lat="38.792854025959969" lon="-85.148674976080656" />
      <trkpt lat="38.792746989056468" lon="-85.149421971291304" />
      <trkpt lat="38.792549008503556" lon="-85.150932976976037" />
      <trkpt lat="38.792491005733609" lon="-85.151222990825772" />
      <trkpt lat="38.792414981871843" lon="-85.15149699524045" />
      <trkpt lat="38.792345998808742" lon="-85.151703022420406" />
      <trkpt lat="38.792242985218763" lon="-85.151985995471478" />
      <trkpt lat="38.791663963347673" lon="-85.153443021699786" />
      <trkpt lat="38.791079996153712" lon="-85.154870040714741" />
      <trkpt lat="38.790813032537699" lon="-85.155571019276977" />
      <trkpt lat="38.790782019495964" lon="-85.155640002340078" />
      <trkpt lat="38.790743965655565" lon="-85.155701022595167" />
      <trkpt lat="38.790701972320676" lon="-85.155761959031224" />
      <trkpt lat="38.790648998692632" lon="-85.155816022306681" />
      <trkpt lat="38.790587978437543" lon="-85.155853992328048" />
      <trkpt lat="38.790518995374441" lon="-85.155883999541402" />
      <trkpt lat="38.79045101813972" lon="-85.155906965956092" />
      <trkpt lat="38.790378011763096" lon="-85.155915012583137" />
      <trkpt lat="38.790087997913361" lon="-85.155921969562769" />
      <trkpt lat="38.789721960201859" lon="-85.155921969562769" />
      <trkpt lat="38.789351982995868" lon="-85.155930016189814" />
      <trkpt lat="38.789149979129434" lon="-85.155937978997827" />
      <trkpt lat="38.78826099447906" lon="-85.156014002859592" />
      <trkpt lat="38.787699993699789" lon="-85.156029006466269" />
      <trkpt lat="38.78826099447906" lon="-85.156014002859592" />
      <trkpt lat="38.788142977282405" lon="-85.156082985922694" />
      <trkpt lat="38.788036024197936" lon="-85.156289013102651" />
      <trkpt lat="38.787985984236002" lon="-85.156449023634195" />
      <trkpt lat="38.788359984755516" lon="-85.156669970601797" />
      <trkpt lat="38.788702972233295" lon="-85.156937018036842" />
      <trkpt lat="38.789149979129434" lon="-85.157380001619458" />
      <trkpt lat="38.789595980197191" lon="-85.158035969361663" />
      <trkpt lat="38.790644975379109" lon="-85.159606989473104" />
      <trkpt lat="38.790237028151751" lon="-85.16004997305572" />
      <trkpt lat="38.789881970733404" lon="-85.160583984106779" />
      <trkpt lat="38.789821034297347" lon="-85.16069102101028" />
      <trkpt lat="38.789745010435581" lon="-85.160797974094748" />
      <trkpt lat="38.789043026044965" lon="-85.1620870269835" />
      <trkpt lat="38.788032000884414" lon="-85.163948982954025" />
      <trkpt lat="38.787952037528157" lon="-85.164077980443835" />
      <trkpt lat="38.787856986746192" lon="-85.164216030389071" />
      <trkpt lat="38.787741987034678" lon="-85.164352990686893" />
      <trkpt lat="38.787650959566236" lon="-85.164444018155336" />
      <trkpt lat="38.787521040067077" lon="-85.164550971239805" />
      <trkpt lat="38.787132035940886" lon="-85.164825981482863" />
      <trkpt lat="38.786525018513203" lon="-85.165223032236099" />
      <trkpt lat="38.786272974684834" lon="-85.165368039160967" />
      <trkpt lat="38.785899979993701" lon="-85.165581023320556" />
      <trkpt lat="38.785388013347983" lon="-85.165847986936569" />
      <trkpt lat="38.784792982041836" lon="-85.16613095998764" />
      <trkpt lat="38.784518977627158" lon="-85.16623699106276" />
      <trkpt lat="38.784373970702291" lon="-85.166290970519185" />
      <trkpt lat="38.783945990726352" lon="-85.166398007422686" />
      <trkpt lat="38.783724959939718" lon="-85.166459027677774" />
      <trkpt lat="38.783411979675293" lon="-85.16655801795423" />
      <trkpt lat="38.781870966777205" lon="-85.167161012068391" />
      <trkpt lat="38.780685011297464" lon="-85.167587986215949" />
      <trkpt lat="38.780417963862419" lon="-85.167701980099082" />
      <trkpt lat="38.780296007171273" lon="-85.167779009789228" />
      <trkpt lat="38.780215959995985" lon="-85.167831983417273" />
      <trkpt lat="38.780116969719529" lon="-85.167908007279038" />
      <trkpt lat="38.779746992513537" lon="-85.168235991150141" />
      <trkpt lat="38.778877034783363" lon="-85.168983992189169" />
      <trkpt lat="38.778391974046826" lon="-85.169419012963772" />
      <trkpt lat="38.778189970180392" lon="-85.169616993516684" />
      <trkpt lat="38.778053009882569" lon="-85.169777004048228" />
      <trkpt lat="38.777876989915967" lon="-85.170005997642875" />
      <trkpt lat="38.777255974709988" lon="-85.170914009213448" />
      <trkpt lat="38.776817014440894" lon="-85.171532006934285" />
      <trkpt lat="38.776591960340738" lon="-85.171868037432432" />
      <trkpt lat="38.77646598033607" lon="-85.172042967751622" />
      <trkpt lat="38.776049986481667" lon="-85.172576978802681" />
      <trkpt lat="38.775909002870321" lon="-85.172737995162606" />
      <trkpt lat="38.775759972631931" lon="-85.172898005694151" />
      <trkpt lat="38.775596022605896" lon="-85.173043012619019" />
      <trkpt lat="38.775416985154152" lon="-85.173172010108829" />
      <trkpt lat="38.775057988241315" lon="-85.173408966511488" />
      <trkpt lat="38.774276040494442" lon="-85.173951024189591" />
      <trkpt lat="38.773226961493492" lon="-85.174653008580208" />
      <trkpt lat="38.773169964551926" lon="-85.174698019400239" />
      <trkpt lat="38.773116990923882" lon="-85.174744036048651" />
      <trkpt lat="38.77307097427547" lon="-85.174798015505075" />
      <trkpt lat="38.77302898094058" lon="-85.17485098913312" />
      <trkpt lat="38.772997967898846" lon="-85.174919972196221" />
      <trkpt lat="38.772971983999014" lon="-85.174988033249974" />
      <trkpt lat="38.772953040897846" lon="-85.175057016313076" />
      <trkpt lat="38.772925967350602" lon="-85.175202023237944" />
      <trkpt lat="38.772838041186333" lon="-85.176284965127707" />
      <trkpt lat="38.772826977074146" lon="-85.176499038934708" />
      <trkpt lat="38.77283401787281" lon="-85.176864992827177" />
      <trkpt lat="38.772868970409036" lon="-85.177720030769706" />
      <trkpt lat="38.772868970409036" lon="-85.177940977737308" />
      <trkpt lat="38.7728569842875" lon="-85.178162008523941" />
      <trkpt lat="38.772838041186333" lon="-85.178307015448809" />
      <trkpt lat="38.772789007052779" lon="-85.178521005436778" />
      <trkpt lat="38.772708037868142" lon="-85.178811019286513" />
      <trkpt lat="38.772636037319899" lon="-85.179016962647438" />
      <trkpt lat="38.77257501706481" lon="-85.179154006764293" />
      <trkpt lat="38.772472003474832" lon="-85.179336983710527" />
      <trkpt lat="38.771984009072185" lon="-85.180146005004644" />
      <trkpt lat="38.771873032674193" lon="-85.180328981950879" />
      <trkpt lat="38.771807989105582" lon="-85.18045898526907" />
      <trkpt lat="38.77178099937737" lon="-85.180520005524158" />
      <trkpt lat="38.77176197245717" lon="-85.18058798275888" />
      <trkpt lat="38.771746968850493" lon="-85.180656965821981" />
      <trkpt lat="38.771735988557339" lon="-85.180732989683747" />
      <trkpt lat="38.771735988557339" lon="-85.180801972746849" />
      <trkpt lat="38.77173900604248" lon="-85.180885959416628" />
      <trkpt lat="38.77175903879106" lon="-85.18103800714016" />
      <trkpt lat="38.771812012419105" lon="-85.181328020989895" />
      <trkpt lat="38.772117029875517" lon="-85.182800972834229" />
      <trkpt lat="38.772280979901552" lon="-85.183655004948378" />
      <trkpt lat="38.772437972947955" lon="-85.184418009594083" />
      <trkpt lat="38.772476026788354" lon="-85.184654965996742" />
      <trkpt lat="38.772487007081509" lon="-85.184807013720274" />
      <trkpt lat="38.772487007081509" lon="-85.18490700982511" />
      <trkpt lat="38.772487007081509" lon="-85.184974987059832" />
      <trkpt lat="38.772476026788354" lon="-85.185051010921597" />
      <trkpt lat="38.77240302041173" lon="-85.185478990897536" />
      <trkpt lat="38.772300006821752" lon="-85.186180975288153" />
      <trkpt lat="38.772243009880185" lon="-85.18662303686142" />
      <trkpt lat="38.77223496325314" lon="-85.186692019924521" />
      <trkpt lat="38.772228006273508" lon="-85.186837026849389" />
      <trkpt lat="38.772238986566663" lon="-85.187111031264067" />
      <trkpt lat="38.772319033741951" lon="-85.188049972057343" />
      <trkpt lat="38.772388016805053" lon="-85.1886220369488" />
      <trkpt lat="38.772460017353296" lon="-85.189194018021226" />
      <trkpt lat="38.772491030395031" lon="-85.189491994678974" />
      <trkpt lat="38.77253302372992" lon="-85.189949981868267" />
      <trkpt lat="38.772544004023075" lon="-85.190186016261578" />
      <trkpt lat="38.77253302372992" lon="-85.190415009856224" />
      <trkpt lat="38.772509973496199" lon="-85.190636040642858" />
      <trkpt lat="38.772456999868155" lon="-85.190949020907283" />
      <trkpt lat="38.772379970178008" lon="-85.191323021426797" />
      <trkpt lat="38.77236102707684" lon="-85.19145998172462" />
      <trkpt lat="38.772353986278176" lon="-85.191666008904576" />
      <trkpt lat="38.772368989884853" lon="-85.191811015829444" />
      <trkpt lat="38.77238399349153" lon="-85.191879998892546" />
      <trkpt lat="38.772421963512897" lon="-85.192016959190369" />
      <trkpt lat="38.772482983767986" lon="-85.192154003307223" />
      <trkpt lat="38.772708037868142" lon="-85.19253596663475" />
      <trkpt lat="38.772768974304199" lon="-85.192665969952941" />
      <trkpt lat="38.772819014266133" lon="-85.192794967442751" />
      <trkpt lat="38.7728569842875" lon="-85.192924970760942" />
      <trkpt lat="38.772880034521222" lon="-85.193069977685809" />
      <trkpt lat="38.77289897762239" lon="-85.193291008472443" />
      <trkpt lat="38.772929990664124" lon="-85.193878998979926" />
      <trkpt lat="38.772964021191001" lon="-85.19438199698925" />
      <trkpt lat="38.772971983999014" lon="-85.194588024169207" />
      <trkpt lat="38.772967960685492" lon="-85.194733031094074" />
      <trkpt lat="38.772949017584324" lon="-85.194947021082044" />
      <trkpt lat="38.772922027856112" lon="-85.195092028006911" />
      <trkpt lat="38.772887997329235" lon="-85.195237034931779" />
      <trkpt lat="38.772823037579656" lon="-85.195442978292704" />
      <trkpt lat="38.772659003734589" lon="-85.195930972695351" />
      <trkpt lat="38.772449037060142" lon="-85.196624994277954" />
      <trkpt lat="38.772398997098207" lon="-85.196831021457911" />
      <trkpt lat="38.772377036511898" lon="-85.196976028382778" />
      <trkpt lat="38.772364966571331" lon="-85.197121035307646" />
      <trkpt lat="38.772368989884853" lon="-85.197265958413482" />
      <trkpt lat="38.77238399349153" lon="-85.197403002530336" />
      <trkpt lat="38.772623967379332" lon="-85.19891400821507" />
      <trkpt lat="38.772696973755956" lon="-85.199264958500862" />
      <trkpt lat="38.772799987345934" lon="-85.199684975668788" />
      <trkpt lat="38.772953040897846" lon="-85.200211023911834" />
      <trkpt lat="38.773112967610359" lon="-85.200799014419317" />
      <trkpt lat="38.773265015333891" lon="-85.20138599909842" />
      <trkpt lat="38.773368028923869" lon="-85.201828982681036" />
      <trkpt lat="38.773582018911839" lon="-85.20263004116714" />
      <trkpt lat="38.773657958954573" lon="-85.202843025326729" />
      <trkpt lat="38.77375703305006" lon="-85.20310303196311" />
      <trkpt lat="38.773815035820007" lon="-85.203530006110668" />
      <trkpt lat="38.77379902638495" lon="-85.20383502356708" />
      <trkpt lat="38.773772958666086" lon="-85.204110033810139" />
      <trkpt lat="38.773661982268095" lon="-85.205047968775034" />
      <trkpt lat="38.773592999204993" lon="-85.205765040591359" />
      <trkpt lat="38.773386972025037" lon="-85.207619033753872" />
      <trkpt lat="38.773333998396993" lon="-85.208077020943165" />
      <trkpt lat="38.773292005062103" lon="-85.208343984559178" />
      <trkpt lat="38.773188991472125" lon="-85.208732988685369" />
      <trkpt lat="38.773173987865448" lon="-85.209069019183517" />
      <trkpt lat="38.773154960945249" lon="-85.209320979192853" />
      <trkpt lat="38.773142974823713" lon="-85.209488030523062" />
      <trkpt lat="38.773090001195669" lon="-85.209938976913691" />
      <trkpt lat="38.77304800786078" lon="-85.210502995178103" />
      <trkpt lat="38.77302504144609" lon="-85.211143959313631" />
      <trkpt lat="38.773033004254103" lon="-85.211578980088234" />
      <trkpt lat="38.773001991212368" lon="-85.212014000862837" />
      <trkpt lat="38.772944994270802" lon="-85.212349025532603" />
      <trkpt lat="38.7728569842875" lon="-85.212890999391675" />
      <trkpt lat="38.772846003994346" lon="-85.213097026571631" />
      <trkpt lat="38.772780960425735" lon="-85.213540010154247" />
      <trkpt lat="38.772689010947943" lon="-85.213806973770261" />
      <trkpt lat="38.772524977102876" lon="-85.214173011481762" />
      <trkpt lat="38.772319033741951" lon="-85.21457701921463" />
      <trkpt lat="38.77212499268353" lon="-85.21492101252079" />
      <trkpt lat="38.771590981632471" lon="-85.215668007731438" />
      <trkpt lat="38.771429965272546" lon="-85.21584402769804" />
      <trkpt lat="38.770980024710298" lon="-85.216125994920731" />
      <trkpt lat="38.770411983132362" lon="-85.216645002365112" />
      <trkpt lat="38.770019039511681" lon="-85.217041969299316" />
      <trkpt lat="38.769584018737078" lon="-85.217469027265906" />
      <trkpt lat="38.769283024594188" lon="-85.217728028073907" />
      <trkpt lat="38.768939031288028" lon="-85.218201018869877" />
      <trkpt lat="38.768623033538461" lon="-85.219001993536949" />
      <trkpt lat="38.768463023006916" lon="-85.219314973801374" />
      <trkpt lat="38.768291026353836" lon="-85.219589984044433" />
      <trkpt lat="38.767974022775888" lon="-85.220123995095491" />
      <trkpt lat="38.767863968387246" lon="-85.220321975648403" />
      <trkpt lat="38.76776497811079" lon="-85.22055096924305" />
      <trkpt lat="38.767767995595932" lon="-85.221047010272741" />
      <trkpt lat="38.767814012244344" lon="-85.221520001068711" />
      <trkpt lat="38.767924988642335" lon="-85.221894001588225" />
      <trkpt lat="38.768074018880725" lon="-85.222260039299726" />
      <trkpt lat="38.768313992768526" lon="-85.222625993192196" />
      <trkpt lat="38.768610963597894" lon="-85.222969986498356" />
      <trkpt lat="38.768942970782518" lon="-85.223290007561445" />
      <trkpt lat="38.769343961030245" lon="-85.22358002141118" />
      <trkpt lat="38.769587958231568" lon="-85.223762998357415" />
      <trkpt lat="38.76978300511837" lon="-85.224000038579106" />
      <trkpt lat="38.769820975139737" lon="-85.224068015813828" />
      <trkpt lat="38.769923988729715" lon="-85.224235989153385" />
      <trkpt lat="38.770076036453247" lon="-85.224541006609797" />
      <trkpt lat="38.77010696567595" lon="-85.224723983556032" />
      <trkpt lat="38.770110988989472" lon="-85.224853986874223" />
      <trkpt lat="38.770094979554415" lon="-85.225128997117281" />
      <trkpt lat="38.769938992336392" lon="-85.225700978189707" />
      <trkpt lat="38.769802032038569" lon="-85.226547969505191" />
      <trkpt lat="38.769663982093334" lon="-85.227294964715838" />
      <trkpt lat="38.769454015418887" lon="-85.227837022393942" />
      <trkpt lat="38.769156960770488" lon="-85.228347983211279" />
      <trkpt lat="38.769015977159142" lon="-85.228446973487735" />
      <trkpt lat="38.768909024074674" lon="-85.228492990136147" />
      <trkpt lat="38.768520019948483" lon="-85.228669010102749" />
      <trkpt lat="38.768183989450336" lon="-85.228836983442307" />
      <trkpt lat="38.767966981977224" lon="-85.228981990367174" />
      <trkpt lat="38.768355986103415" lon="-85.229637958109379" />
      <trkpt lat="38.768439972773194" lon="-85.229782965034246" />
      <trkpt lat="38.768153982236981" lon="-85.230126036331058" />
      <trkpt lat="38.7679130025208" lon="-85.230523003265262" />
      <trkpt lat="38.767779981717467" lon="-85.230789966881275" />
      <trkpt lat="38.767704041674733" lon="-85.231072017922997" />
      <trkpt lat="38.767664982005954" lon="-85.231277961283922" />
      <trkpt lat="38.767654001712799" lon="-85.231446018442512" />
      <trkpt lat="38.76746297813952" lon="-85.232055969536304" />
      <trkpt lat="38.767115967348218" lon="-85.233108988031745" />
      <trkpt lat="38.767040027305484" lon="-85.233535962179303" />
      <trkpt lat="38.767001973465085" lon="-85.233955979347229" />
      <trkpt lat="38.767077997326851" lon="-85.234443973749876" />
      <trkpt lat="38.767200037837029" lon="-85.23481797426939" />
      <trkpt lat="38.767306990921497" lon="-85.235046967864037" />
      <trkpt lat="38.767341021448374" lon="-85.23524503223598" />
      <trkpt lat="38.767344960942864" lon="-85.235360031947494" />
      <trkpt lat="38.767348984256387" lon="-85.235511995851994" />
      <trkpt lat="38.767410004511476" lon="-85.236596027389169" />
      <trkpt lat="38.767429031431675" lon="-85.237214025110006" />
      <trkpt lat="38.767531961202621" lon="-85.238076020032167" />
      <trkpt lat="38.767555011436343" lon="-85.238410960882902" />
      <trkpt lat="38.767523998394608" lon="-85.239303968846798" />
      <trkpt lat="38.767508994787931" lon="-85.239852983504534" />
      <trkpt lat="38.767257034778595" lon="-85.2413260191679" />
      <trkpt lat="38.767062993720174" lon="-85.242562014609575" />
      <trkpt lat="38.766886973753572" lon="-85.243409005925059" />
      <trkpt lat="38.766849003732204" lon="-85.243675969541073" />
      <trkpt lat="38.766792006790638" lon="-85.243897000327706" />
      <trkpt lat="38.766750013455749" lon="-85.244033960625529" />
      <trkpt lat="38.766677007079124" lon="-85.244172010570765" />
      <trkpt lat="38.766600983217359" lon="-85.244332021102309" />
      <trkpt lat="38.76651699654758" lon="-85.244622034952044" />
      <trkpt lat="38.766482966020703" lon="-85.244790008291602" />
      <trkpt lat="38.766501992940903" lon="-85.244827978312969" />
      <trkpt lat="38.766554966568947" lon="-85.244926968589425" />
      <trkpt lat="38.766719000414014" lon="-85.245002992451191" />
      <trkpt lat="38.766883034259081" lon="-85.244987988844514" />
      <trkpt lat="38.767031980678439" lon="-85.244987988844514" />
      <trkpt lat="38.767088977620006" lon="-85.245071975514293" />
      <trkpt lat="38.767013037577271" lon="-85.24521698243916" />
      <trkpt lat="38.766769040375948" lon="-85.24551403708756" />
      <trkpt lat="38.766673989593983" lon="-85.245674969628453" />
      <trkpt lat="38.766246009618044" lon="-85.24566700682044" />
      <trkpt lat="38.765331041067839" lon="-85.245658960193396" />
      <trkpt lat="38.764507016167045" lon="-85.245735989883542" />
      <trkpt lat="38.762858966365457" lon="-85.245797010138631" />
      <trkpt lat="38.762282961979508" lon="-85.245781000703573" />
      <trkpt lat="38.762107025831938" lon="-85.245819976553321" />
      <trkpt lat="38.761936035007238" lon="-85.245926007628441" />
      <trkpt lat="38.760925009846687" lon="-85.24659002199769" />
      <trkpt lat="38.760863989591599" lon="-85.246659005060792" />
      <trkpt lat="38.760821996256709" lon="-85.246735028922558" />
      <trkpt lat="38.760615969076753" lon="-85.24693300947547" />
      <trkpt lat="38.760139038786292" lon="-85.24740700609982" />
      <trkpt lat="38.759901998564601" lon="-85.247604986652732" />
      <trkpt lat="38.759773001074791" lon="-85.247688973322511" />
      <trkpt lat="38.759529003873467" lon="-85.24777295999229" />
      <trkpt lat="38.758983006700873" lon="-85.247787963598967" />
      <trkpt lat="38.75869701616466" lon="-85.247833980247378" />
      <trkpt lat="38.758200975134969" lon="-85.247863987460732" />
      <trkpt lat="38.758128974586725" lon="-85.2478570304811" />
      <trkpt lat="38.758086981251836" lon="-85.247826017439365" />
      <trkpt lat="38.757980028167367" lon="-85.248207980766892" />
      <trkpt lat="38.758193012326956" lon="-85.250039007514715" />
      <trkpt lat="38.758682012557983" lon="-85.251694014295936" />
      <trkpt lat="38.75901703722775" lon="-85.252304971218109" />
      <trkpt lat="38.759891018271446" lon="-85.253235027194023" />
      <trkpt lat="38.760711019858718" lon="-85.253739031031728" />
      <trkpt lat="38.76155398786068" lon="-85.253792004659772" />
      <trkpt lat="38.761730007827282" lon="-85.253823017701507" />
      <trkpt lat="38.761978028342128" lon="-85.253907004371285" />
      <trkpt lat="38.762218002229929" lon="-85.254028961062431" />
      <trkpt lat="38.762378012761474" lon="-85.254166005179286" />
      <trkpt lat="38.76247700303793" lon="-85.254272958263755" />
      <trkpt lat="38.762587979435921" lon="-85.254447972401977" />
      <trkpt lat="38.762686969712377" lon="-85.254685012623668" />
      <trkpt lat="38.762794006615877" lon="-85.25503596290946" />
      <trkpt lat="38.762877993285656" lon="-85.255386997014284" />
      <trkpt lat="38.762934990227222" lon="-85.255645997822285" />
      <trkpt lat="38.76297296024859" lon="-85.255844984203577" />
      <trkpt lat="38.7630570307374" lon="-85.256027961149812" />
      <trkpt lat="38.763114027678967" lon="-85.256081018596888" />
      <trkpt lat="38.763220980763435" lon="-85.256134998053312" />
      <trkpt lat="38.763361964374781" lon="-85.256142038851976" />
      <trkpt lat="38.763542007654905" lon="-85.256103985011578" />
      <trkpt lat="38.763712998479605" lon="-85.256042964756489" />
      <trkpt lat="38.763838978484273" lon="-85.25595897808671" />
      <trkpt lat="38.763973005115986" lon="-85.255828974768519" />
      <trkpt lat="38.764224965125322" lon="-85.255538960918784" />
      <trkpt lat="38.764507016167045" lon="-85.255195973441005" />
      <trkpt lat="38.764685969799757" lon="-85.254997992888093" />
      <trkpt lat="38.764896020293236" lon="-85.254876036196947" />
      <trkpt lat="38.765189973637462" lon="-85.254715019837022" />
      <trkpt lat="38.765403041616082" lon="-85.254616029560566" />
      <trkpt lat="38.765556011348963" lon="-85.254586022347212" />
      <trkpt lat="38.76570101827383" lon="-85.254577975720167" />
      <trkpt lat="38.766184989362955" lon="-85.254653999581933" />
      <trkpt lat="38.766383975744247" lon="-85.254676965996623" />
      <trkpt lat="38.766570976004004" lon="-85.254753995686769" />
      <trkpt lat="38.766834000125527" lon="-85.254876036196947" />
      <trkpt lat="38.76716198399663" lon="-85.255005033686757" />
      <trkpt lat="38.767211018130183" lon="-85.255028000101447" />
      <trkpt lat="38.767508994787931" lon="-85.255135037004948" />
      <trkpt lat="38.767622988671064" lon="-85.255188010632992" />
      <trkpt lat="38.767669005319476" lon="-85.255180969834328" />
      <trkpt lat="38.767733965069056" lon="-85.255165966227651" />
      <trkpt lat="38.767803031951189" lon="-85.255135037004948" />
      <trkpt lat="38.767863968387246" lon="-85.255142999812961" />
      <trkpt lat="38.7678939756006" lon="-85.255173007026315" />
      <trkpt lat="38.767932029440999" lon="-85.255303010344505" />
      <trkpt lat="38.767962958663702" lon="-85.255379034206271" />
      <trkpt lat="38.768032025545835" lon="-85.255439970642328" />
      <trkpt lat="38.768115006387234" lon="-85.25548598729074" />
      <trkpt lat="38.768397979438305" lon="-85.255630994215608" />
      <trkpt lat="38.768900977447629" lon="-85.255852025002241" />
      <trkpt lat="38.769305991008878" lon="-85.256072971969843" />
      <trkpt lat="38.769450997933745" lon="-85.256150001659989" />
      <trkpt lat="38.769560968503356" lon="-85.256241029128432" />
      <trkpt lat="38.769679991528392" lon="-85.256401961669326" />
      <trkpt lat="38.769744029268622" lon="-85.256554009392858" />
      <trkpt lat="38.769766995683312" lon="-85.256652999669313" />
      <trkpt lat="38.769736988469958" lon="-85.256783002987504" />
      <trkpt lat="38.769538002088666" lon="-85.257240990176797" />
      <trkpt lat="38.769268020987511" lon="-85.257775001227856" />
      <trkpt lat="38.769107004627585" lon="-85.258179008960724" />
      <trkpt lat="38.768981024622917" lon="-85.258629033342004" />
      <trkpt lat="38.768774997442961" lon="-85.259392037987709" />
      <trkpt lat="38.768641976639628" lon="-85.259956978261471" />
      <trkpt lat="38.768626973032951" lon="-85.26001799851656" />
      <trkpt lat="38.768485989421606" lon="-85.260453019291162" />
      <trkpt lat="38.768351962789893" lon="-85.260673966258764" />
      <trkpt lat="38.768264036625624" lon="-85.260827019810677" />
      <trkpt lat="38.76806203275919" lon="-85.261330017820001" />
      <trkpt lat="38.768008975312114" lon="-85.261756991967559" />
      <trkpt lat="38.767986008897424" lon="-85.262084975838661" />
      <trkpt lat="38.767924988642335" lon="-85.262436009943485" />
      <trkpt lat="38.76778400503099" lon="-85.262795006856322" />
      <trkpt lat="38.767356025055051" lon="-85.26354300789535" />
      <trkpt lat="38.767264997586608" lon="-85.263870991766453" />
      <trkpt lat="38.767238007858396" lon="-85.264083975926042" />
      <trkpt lat="38.767275977879763" lon="-85.264351023361087" />
      <trkpt lat="38.767330041155219" lon="-85.264565013349056" />
      <trkpt lat="38.76744001172483" lon="-85.264779003337026" />
      <trkpt lat="38.767603961750865" lon="-85.264976983889937" />
      <trkpt lat="38.767790962010622" lon="-85.26525903493166" />
      <trkpt lat="38.767825998365879" lon="-85.26541200466454" />
      <trkpt lat="38.767825998365879" lon="-85.265633035451174" />
      <trkpt lat="38.767790962010622" lon="-85.26586202904582" />
      <trkpt lat="38.767695995047688" lon="-85.26622798293829" />
      <trkpt lat="38.767486028373241" lon="-85.267005991190672" />
      <trkpt lat="38.767471024766564" lon="-85.267243031412363" />
      <trkpt lat="38.767489967867732" lon="-85.267441011965275" />
      <trkpt lat="38.767546964809299" lon="-85.267762038856745" />
      <trkpt lat="38.767680991441011" lon="-85.268386993557215" />
      <trkpt lat="38.767878971993923" lon="-85.268798964098096" />
      <trkpt lat="38.768038982525468" lon="-85.269104987382889" />
      <trkpt lat="38.768183989450336" lon="-85.269341021776199" />
      <trkpt lat="38.768313992768526" lon="-85.269577978178859" />
      <trkpt lat="38.768412983044982" lon="-85.269875032827258" />
      <trkpt lat="38.768523959442973" lon="-85.270355986431241" />
      <trkpt lat="38.768626973032951" lon="-85.270836018025875" />
      <trkpt lat="38.768771979957819" lon="-85.271271038800478" />
      <trkpt lat="38.769035004079342" lon="-85.272088022902608" />
      <trkpt lat="38.769092001020908" lon="-85.272384993731976" />
      <trkpt lat="38.769114967435598" lon="-85.272613987326622" />
      <trkpt lat="38.769114967435598" lon="-85.273086978122592" />
      <trkpt lat="38.769107004627585" lon="-85.273438012227416" />
      <trkpt lat="38.769057970494032" lon="-85.273667005822062" />
      <trkpt lat="38.768997034057975" lon="-85.273880995810032" />
      <trkpt lat="38.768867030739784" lon="-85.274186013266444" />
      <trkpt lat="38.768737027421594" lon="-85.2744369674474" />
      <trkpt lat="38.768581040203571" lon="-85.274636037647724" />
      <trkpt lat="38.768531000241637" lon="-85.274696974083781" />
      <trkpt lat="38.768463023006916" lon="-85.274772997945547" />
      <trkpt lat="38.76834399998188" lon="-85.274979025125504" />
      <trkpt lat="38.76823402941227" lon="-85.275269038975239" />
      <trkpt lat="38.768126992508769" lon="-85.275604985654354" />
      <trkpt lat="38.768034959211946" lon="-85.276062972843647" />
      <trkpt lat="38.767897998914123" lon="-85.277176005765796" />
      <trkpt lat="38.76787100918591" lon="-85.277642039582133" />
      <trkpt lat="38.767887018620968" lon="-85.277970023453236" />
      <trkpt lat="38.767939992249012" lon="-85.278419964015484" />
      <trkpt lat="38.767996989190578" lon="-85.27881701476872" />
      <trkpt lat="38.768016016110778" lon="-85.279396958649158" />
      <trkpt lat="38.768001012504101" lon="-85.279641039669514" />
      <trkpt lat="38.767962958663702" lon="-85.279809013009071" />
      <trkpt lat="38.767917025834322" lon="-85.27989199385047" />
      <trkpt lat="38.767851982265711" lon="-85.280006993561983" />
      <trkpt lat="38.767642015591264" lon="-85.280282003805041" />
      <trkpt lat="38.76681899651885" lon="-85.281242989003658" />
      <trkpt lat="38.766631996259093" lon="-85.281479023396969" />
      <trkpt lat="38.76653996296227" lon="-85.281631993129849" />
      <trkpt lat="38.766101002693176" lon="-85.282631032168865" />
      <trkpt lat="38.765604961663485" lon="-85.283714979887009" />
      <trkpt lat="38.765391977503896" lon="-85.284202974289656" />
      <trkpt lat="38.765216041356325" lon="-85.284767998382449" />
      <trkpt lat="38.765105986967683" lon="-85.28515700250864" />
      <trkpt lat="38.765017976984382" lon="-85.285363029688597" />
      <trkpt lat="38.764923010021448" lon="-85.285552963614464" />
      <trkpt lat="38.764872970059514" lon="-85.285706017166376" />
      <trkpt lat="38.764850003644824" lon="-85.285965017974377" />
      <trkpt lat="38.764881016686559" lon="-85.286262994632125" />
      <trkpt lat="38.7648840341717" lon="-85.286408001556993" />
      <trkpt lat="38.764891996979713" lon="-85.286964979022741" />
      <trkpt lat="38.764953017234802" lon="-85.287338979542255" />
      <trkpt lat="38.764986963942647" lon="-85.287536960095167" />
      <trkpt lat="38.765037003904581" lon="-85.28794901445508" />
      <trkpt lat="38.765059970319271" lon="-85.288215978071094" />
      <trkpt lat="38.765086960047483" lon="-85.288468021899462" />
      <trkpt lat="38.765129037201405" lon="-85.288673965260386" />
      <trkpt lat="38.765192991122603" lon="-85.288932966068387" />
      <trkpt lat="38.765234984457493" lon="-85.289207976311445" />
      <trkpt lat="38.765265997499228" lon="-85.289527997374535" />
      <trkpt lat="38.765285024419427" lon="-85.289726983755827" />
      <trkpt lat="38.765322994440794" lon="-85.289955977350473" />
      <trkpt lat="38.765499014407396" lon="-85.29061202891171" />
      <trkpt lat="38.765590041875839" lon="-85.2908939961344" />
      <trkpt lat="38.765662964433432" lon="-85.291152996942401" />
      <trkpt lat="38.765719961374998" lon="-85.291520040482283" />
      <trkpt lat="38.765749968588352" lon="-85.291764037683606" />
      <trkpt lat="38.765789028257132" lon="-85.292114987969398" />
      <trkpt lat="38.76589497551322" lon="-85.292870029807091" />
      <trkpt lat="38.765994971618056" lon="-85.293350983411074" />
      <trkpt lat="38.766081975772977" lon="-85.293884994462132" />
      <trkpt lat="38.766093961894512" lon="-85.293946014717221" />
      <trkpt lat="38.766142996028066" lon="-85.294166961684823" />
      <trkpt lat="38.76621600240469" lon="-85.294296965003014" />
      <trkpt lat="38.766299989074469" lon="-85.294372988864779" />
      <trkpt lat="38.766464022919536" lon="-85.294441971927881" />
      <trkpt lat="38.766696033999324" lon="-85.29452595859766" />
      <trkpt lat="38.766941037029028" lon="-85.29463198967278" />
      <trkpt lat="38.76713901758194" lon="-85.294770039618015" />
      <trkpt lat="38.767471024766564" lon="-85.295067010447383" />
      <trkpt lat="38.767790962010622" lon="-85.295349983498454" />
      <trkpt lat="38.767986008897424" lon="-85.295556010678411" />
      <trkpt lat="38.768131015822291" lon="-85.295753991231322" />
      <trkpt lat="38.768164962530136" lon="-85.295800007879734" />
      <trkpt lat="38.768324973061681" lon="-85.296142995357513" />
      <trkpt lat="38.768610963597894" lon="-85.296913962811232" />
      <trkpt lat="38.768698973581195" lon="-85.297149997204542" />
      <trkpt lat="38.768774997442961" lon="-85.297387037426233" />
      <trkpt lat="38.76900801435113" lon="-85.298065971583128" />
      <trkpt lat="38.769118990749121" lon="-85.298469979315996" />
      <trkpt lat="38.769184034317732" lon="-85.29884397983551" />
      <trkpt lat="38.769241031259298" lon="-85.299195013940334" />
      <trkpt lat="38.769367011263967" lon="-85.29963699169457" />
      <trkpt lat="38.769507994875312" lon="-85.300193969160318" />
      <trkpt lat="38.769530961290002" lon="-85.300347022712231" />
      <trkpt lat="38.769515035673976" lon="-85.300498986616731" />
      <trkpt lat="38.7694619782269" lon="-85.30069001019001" />
      <trkpt lat="38.769362987950444" lon="-85.300896037369967" />
      <trkpt lat="38.769222004339099" lon="-85.301170963793993" />
      <trkpt lat="38.769133994355798" lon="-85.301300967112184" />
      <trkpt lat="38.769065011292696" lon="-85.301391994580626" />
      <trkpt lat="38.768882034346461" lon="-85.301598021760583" />
      <trkpt lat="38.768661003559828" lon="-85.301774041727185" />
      <trkpt lat="38.768478026613593" lon="-85.301879988983274" />
      <trkpt lat="38.768141996115446" lon="-85.302032958716154" />
      <trkpt lat="38.768034959211946" lon="-85.302102025598288" />
      <trkpt lat="38.767929011955857" lon="-85.302238985896111" />
      <trkpt lat="38.767829015851021" lon="-85.302421962842345" />
      <trkpt lat="38.767073974013329" lon="-85.304420962929726" />
      <trkpt lat="38.766772979870439" lon="-85.305176004767418" />
      <trkpt lat="38.766631996259093" lon="-85.305572971701622" />
      <trkpt lat="38.766605006530881" lon="-85.305648995563388" />
      <trkpt lat="38.766573993489146" lon="-85.30571797862649" />
      <trkpt lat="38.766455976292491" lon="-85.305961975827813" />
      <trkpt lat="38.766413982957602" lon="-85.306022996082902" />
      <trkpt lat="38.766356986016035" lon="-85.306099019944668" />
      <trkpt lat="38.76632303930819" lon="-85.306152999401093" />
      <trkpt lat="38.76589497551322" lon="-85.306594977155328" />
      <trkpt lat="38.765265997499228" lon="-85.307160001248121" />
      <trkpt lat="38.765074973925948" lon="-85.307351024821401" />
      <trkpt lat="38.764610029757023" lon="-85.307793002575636" />
      <trkpt lat="38.763786004856229" lon="-85.308509990572929" />
      <trkpt lat="38.763614008203149" lon="-85.30866296030581" />
      <trkpt lat="38.763136994093657" lon="-85.309189008548856" />
      <trkpt lat="38.762870030477643" lon="-85.309464018791914" />
      <trkpt lat="38.762656962499022" lon="-85.309669962152839" />
      <trkpt lat="38.762569036334753" lon="-85.309784039855003" />
      <trkpt lat="38.762484965845942" lon="-85.309944972395897" />
      <trkpt lat="38.762442972511053" lon="-85.310104982927442" />
      <trkpt lat="38.762409025803208" lon="-85.310441013425589" />
      <trkpt lat="38.76232503913343" lon="-85.311188008636236" />
      <trkpt lat="38.76230601221323" lon="-85.311364028602839" />
      <trkpt lat="38.762233005836606" lon="-85.312272040173411" />
      <trkpt lat="38.762202998623252" lon="-85.312500027939677" />
      <trkpt lat="38.762141978368163" lon="-85.312890037894249" />
      <trkpt lat="38.762129992246628" lon="-85.31298098154366" />
      <trkpt lat="38.762110965326428" lon="-85.313400998711586" />
      <trkpt lat="38.762080958113074" lon="-85.313897039741278" />
      <trkpt lat="38.762053968384862" lon="-85.314080016687512" />
      <trkpt lat="38.762011975049973" lon="-85.314262993633747" />
      <trkpt lat="38.76172598451376" lon="-85.315223978832364" />
      <trkpt lat="38.761668987572193" lon="-85.315498989075422" />
      <trkpt lat="38.761398000642657" lon="-85.316299963742495" />
      <trkpt lat="38.761004973202944" lon="-85.31751299276948" />
      <trkpt lat="38.760920986533165" lon="-85.317825973033905" />
      <trkpt lat="38.760856026783586" lon="-85.318054966628551" />
      <trkpt lat="38.760368032380939" lon="-85.319526996463537" />
      <trkpt lat="38.760256972163916" lon="-85.319932010024786" />
      <trkpt lat="38.760085981339216" lon="-85.320382034406066" />
      <trkpt lat="38.759756991639733" lon="-85.321281999349594" />
      <trkpt lat="38.759394977241755" lon="-85.322289001196623" />
      <trkpt lat="38.759268997237086" lon="-85.322746988385916" />
      <trkpt lat="38.759243013337255" lon="-85.322830975055695" />
      <trkpt lat="38.759227003902197" lon="-85.322875985875726" />
      <trkpt lat="38.759150980040431" lon="-85.32309802249074" />
      <trkpt lat="38.758884016424417" lon="-85.323966974392533" />
      <trkpt lat="38.758715959265828" lon="-85.324440971016884" />
      <trkpt lat="38.758673965930939" lon="-85.324569968506694" />
      <trkpt lat="38.758658962324262" lon="-85.324684968218207" />
      <trkpt lat="38.758682012557983" lon="-85.325326016172767" />
      <trkpt lat="38.758701039478183" lon="-85.325523996725678" />
      <trkpt lat="38.758743032813072" lon="-85.325866984203458" />
      <trkpt lat="38.758833976462483" lon="-85.326469978317618" />
      <trkpt lat="38.758849985897541" lon="-85.326661001890898" />
      <trkpt lat="38.758872030302882" lon="-85.327033996582031" />
      <trkpt lat="38.75888803973794" lon="-85.327195012941957" />
      <trkpt lat="38.758972026407719" lon="-85.327370027080178" />
      <trkpt lat="38.758879993110895" lon="-85.327454013749957" />
      <trkpt lat="38.758853003382683" lon="-85.327454013749957" />
      <trkpt lat="38.758879993110895" lon="-85.327454013749957" />
      <trkpt lat="38.758972026407719" lon="-85.327370027080178" />
      <trkpt lat="38.759123990312219" lon="-85.327545963227749" />
      <trkpt lat="38.759243013337255" lon="-85.327621987089515" />
      <trkpt lat="38.759394977241755" lon="-85.327690970152617" />
      <trkpt lat="38.759574014693499" lon="-85.327804964035749" />
      <trkpt lat="38.759699994698167" lon="-85.327988024801016" />
      <trkpt lat="38.759783981367946" lon="-85.328133031725883" />
      <trkpt lat="38.75983796082437" lon="-85.328796962276101" />
      <trkpt lat="38.75968499109149" lon="-85.329400040209293" />
      <trkpt lat="38.759627994149923" lon="-85.330147035419941" />
      <trkpt lat="38.759451974183321" lon="-85.330346021801233" />
      <trkpt lat="38.759249970316887" lon="-85.33025398850441" />
      <trkpt lat="38.758791983127594" lon="-85.328820012509823" />
      <trkpt lat="38.758052028715611" lon="-85.328805008903146" />
      <trkpt lat="38.758200975134969" lon="-85.331245986744761" />
      <trkpt lat="38.758143978193402" lon="-85.331962974742055" />
      <trkpt lat="38.758013974875212" lon="-85.332450969144702" />
      <trkpt lat="38.757857987657189" lon="-85.332679962739348" />
      <trkpt lat="38.757479963824153" lon="-85.332679962739348" />
      <trkpt lat="38.757099006325006" lon="-85.332450969144702" />
      <trkpt lat="38.756533982232213" lon="-85.332740982994437" />
      <trkpt lat="38.755962001159787" lon="-85.332764033228159" />
      <trkpt lat="38.755499990656972" lon="-85.331696011126041" />
      <trkpt lat="38.755229003727436" lon="-85.331681007519364" />
      <trkpt lat="38.754932032898068" lon="-85.333268037065864" />
      <trkpt lat="38.754726005718112" lon="-85.333535000681877" />
      <trkpt lat="38.75403500162065" lon="-85.333786960691214" />
      <trkpt lat="38.753371993079782" lon="-85.333794001489878" />
      <trkpt lat="38.752990029752254" lon="-85.3336719609797" />
      <trkpt lat="38.752571018412709" lon="-85.333618987351656" />
      <trkpt lat="38.752140020951629" lon="-85.333732981234789" />
      <trkpt lat="38.750785002484918" lon="-85.333816967904568" />
      <trkpt lat="38.750171028077602" lon="-85.33399298787117" />
      <trkpt lat="38.750026021152735" lon="-85.334000028669834" />
      <trkpt lat="38.749903980642557" lon="-85.334022995084524" />
      <trkpt lat="38.749736007302999" lon="-85.334060965105891" />
      <trkpt lat="38.74924398958683" lon="-85.33412198536098" />
      <trkpt lat="38.748755995184183" lon="-85.33409901894629" />
      <trkpt lat="38.748568994924426" lon="-85.334106981754303" />
      <trkpt lat="38.748428011313081" lon="-85.334136988967657" />
      <trkpt lat="38.748271018266678" lon="-85.334251988679171" />
      <trkpt lat="38.748194994404912" lon="-85.334359025582671" />
      <trkpt lat="38.748103966936469" lon="-85.334510989487171" />
      <trkpt lat="38.747950997203588" lon="-85.334899993613362" />
      <trkpt lat="38.74771798029542" lon="-85.335372984409332" />
      <trkpt lat="38.747699037194252" lon="-85.33541196025908" />
      <trkpt lat="38.747570039704442" lon="-85.335640031844378" />
      <trkpt lat="38.74739795923233" lon="-85.335900038480759" />
      <trkpt lat="38.74722202308476" lon="-85.336059965193272" />
      <trkpt lat="38.74690200202167" lon="-85.336258029565215" />
      <trkpt lat="38.746664961799979" lon="-85.336364982649684" />
      <trkpt lat="38.746348964050412" lon="-85.336509989574552" />
      <trkpt lat="38.745700037106872" lon="-85.33678499981761" />
      <trkpt lat="38.745368029922247" lon="-85.336967976763844" />
      <trkpt lat="38.745013978332281" lon="-85.337136033922434" />
      <trkpt lat="38.744392041116953" lon="-85.337371984496713" />
      <trkpt lat="38.743819976225495" lon="-85.337646994739771" />
      <trkpt lat="38.742530001327395" lon="-85.33820397220552" />
      <trkpt lat="38.742244010791183" lon="-85.338302962481976" />
      <trkpt lat="38.742160024121404" lon="-85.33833397552371" />
      <trkpt lat="38.741802033036947" lon="-85.338493986055255" />
      <trkpt lat="38.741298029199243" lon="-85.338791040703654" />
      <trkpt lat="38.740566037595272" lon="-85.33925699070096" />
      <trkpt lat="38.740424970164895" lon="-85.339294960722327" />
      <trkpt lat="38.73966196551919" lon="-85.339324967935681" />
      <trkpt lat="38.739170031622052" lon="-85.339379031211138" />
      <trkpt lat="38.738723024725914" lon="-85.339463017880917" />
      <trkpt lat="38.738491013646126" lon="-85.339463017880917" />
      <trkpt lat="38.738376013934612" lon="-85.339432004839182" />
      <trkpt lat="38.737837979570031" lon="-85.339241987094283" />
      <trkpt lat="38.737738989293575" lon="-85.339210974052548" />
      <trkpt lat="38.737418968230486" lon="-85.339179961010814" />
      <trkpt lat="38.737105987966061" lon="-85.339111983776093" />
      <trkpt lat="38.736434010788798" lon="-85.338821969926357" />
      <trkpt lat="38.736239969730377" lon="-85.338706970214844" />
      <trkpt lat="38.736194036900997" lon="-85.338836973533034" />
      <trkpt lat="38.736164029687643" lon="-85.33893596380949" />
    </trkseg>
  </trk>

</gpx>