<?xml version="1.0" encoding="utf-8"?><gpx creator="Garmin Desktop App" version="1.1" xsi:schemaLocation="http://www.topografix.com/GPX/1/1 http://www.topografix.com/GPX/1/1/gpx.xsd http://www.garmin.com/xmlschemas/WaypointExtension/v1 http://www8.garmin.com/xmlschemas/WaypointExtensionv1.xsd http://www.garmin.com/xmlschemas/TrackPointExtension/v1 http://www.garmin.com/xmlschemas/TrackPointExtensionv1.xsd http://www.garmin.com/xmlschemas/GpxExtensions/v3 http://www8.garmin.com/xmlschemas/GpxExtensionsv3.xsd http://www.garmin.com/xmlschemas/ActivityExtension/v1 http://www8.garmin.com/xmlschemas/ActivityExtensionv1.xsd http://www.garmin.com/xmlschemas/AdventuresExtensions/v1 http://www8.garmin.com/xmlschemas/AdventuresExtensionv1.xsd http://www.garmin.com/xmlschemas/PressureExtension/v1 http://www.garmin.com/xmlschemas/PressureExtensionv1.xsd http://www.garmin.com/xmlschemas/TripExtensions/v1 http://www.garmin.com/xmlschemas/TripExtensionsv1.xsd http://www.garmin.com/xmlschemas/TripMetaDataExtensions/v1 http://www.garmin.com/xmlschemas/TripMetaDataExtensionsv1.xsd http://www.garmin.com/xmlschemas/ViaPointTransportationModeExtensions/v1 http://www.garmin.com/xmlschemas/ViaPointTransportationModeExtensionsv1.xsd http://www.garmin.com/xmlschemas/CreationTimeExtension/v1 http://www.garmin.com/xmlschemas/CreationTimeExtensionsv1.xsd http://www.garmin.com/xmlschemas/AccelerationExtension/v1 http://www.garmin.com/xmlschemas/AccelerationExtensionv1.xsd http://www.garmin.com/xmlschemas/PowerExtension/v1 http://www.garmin.com/xmlschemas/PowerExtensionv1.xsd http://www.garmin.com/xmlschemas/VideoExtension/v1 http://www.garmin.com/xmlschemas/VideoExtensionv1.xsd" xmlns="http://www.topografix.com/GPX/1/1" xmlns:xsi="http://www.w3.org/2001/XMLSchema-instance" xmlns:wptx1="http://www.garmin.com/xmlschemas/WaypointExtension/v1" xmlns:gpxtrx="http://www.garmin.com/xmlschemas/GpxExtensions/v3" xmlns:gpxtpx="http://www.garmin.com/xmlschemas/TrackPointExtension/v1" xmlns:gpxx="http://www.garmin.com/xmlschemas/GpxExtensions/v3" xmlns:trp="http://www.garmin.com/xmlschemas/TripExtensions/v1" xmlns:adv="http://www.garmin.com/xmlschemas/AdventuresExtensions/v1" xmlns:prs="http://www.garmin.com/xmlschemas/PressureExtension/v1" xmlns:tmd="http://www.garmin.com/xmlschemas/TripMetaDataExtensions/v1" xmlns:vptm="http://www.garmin.com/xmlschemas/ViaPointTransportationModeExtensions/v1" xmlns:ctx="http://www.garmin.com/xmlschemas/CreationTimeExtension/v1" xmlns:gpxacc="http://www.garmin.com/xmlschemas/AccelerationExtension/v1" xmlns:gpxpx="http://www.garmin.com/xmlschemas/PowerExtension/v1" xmlns:vidx1="http://www.garmin.com/xmlschemas/VideoExtension/v1">

  <metadata>
    <link href="http://www.garmin.com">
      <text>Garmin International</text>
    </link>
    <time>2024-08-12T23:27:30Z</time>
    <bounds maxlat="37.629031967371702" maxlon="-83.706365022808313" minlat="37.373514175415039" minlon="-83.990370975807309" />
  </metadata>

  <trk>
    <name>RRS Intermediate ADV SW Loop 2024</name>
    <extensions>
      <gpxx:TrackExtension>
        <gpxx:DisplayColor>Yellow</gpxx:DisplayColor>
      </gpxx:TrackExtension>
    </extensions>
    <trkseg>
      <trkpt lat="37.619957970455289" lon="-83.776520965620875" />
      <trkpt lat="37.620206996798515" lon="-83.776305969804525" />
      <trkpt lat="37.620383016765118" lon="-83.776269005611539" />
      <trkpt lat="37.620449988171458" lon="-83.776274034753442" />
      <trkpt lat="37.620570017024875" lon="-83.776304963976145" />
      <trkpt lat="37.620681999251246" lon="-83.776351986452937" />
      <trkpt lat="37.620775038376451" lon="-83.776404960080981" />
      <trkpt lat="37.620936976745725" lon="-83.776524988934398" />
      <trkpt lat="37.621006965637207" lon="-83.776591960340738" />
      <trkpt lat="37.621110985055566" lon="-83.776660021394491" />
      <trkpt lat="37.621178962290287" lon="-83.776753982529044" />
      <trkpt lat="37.62129002250731" lon="-83.776780972257257" />
      <trkpt lat="37.621350036934018" lon="-83.776765968650579" />
      <trkpt lat="37.62139898724854" lon="-83.776773009449244" />
      <trkpt lat="37.621595961973071" lon="-83.776623979210854" />
      <trkpt lat="37.621817998588085" lon="-83.776548961177468" />
      <trkpt lat="37.622010027989745" lon="-83.776557007804513" />
      <trkpt lat="37.62212703935802" lon="-83.776600006967783" />
      <trkpt lat="37.622182024642825" lon="-83.776634037494659" />
      <trkpt lat="37.62242803350091" lon="-83.776823971420527" />
      <trkpt lat="37.622531969100237" lon="-83.776866970583797" />
      <trkpt lat="37.622636994346976" lon="-83.776883985847235" />
      <trkpt lat="37.622741013765335" lon="-83.776851966977119" />
      <trkpt lat="37.623038990423083" lon="-83.776694973930717" />
      <trkpt lat="37.62326898984611" lon="-83.776618028059602" />
      <trkpt lat="37.62346101924777" lon="-83.776502022519708" />
      <trkpt lat="37.623779028654099" lon="-83.776352992281318" />
      <trkpt lat="37.624073987826705" lon="-83.776247967034578" />
      <trkpt lat="37.624111035838723" lon="-83.776221983134747" />
      <trkpt lat="37.62434002943337" lon="-83.776163980364799" />
      <trkpt lat="37.62445000000298" lon="-83.776204967871308" />
      <trkpt lat="37.624528035521507" lon="-83.776114024221897" />
      <trkpt lat="37.624596012756228" lon="-83.775982009246945" />
      <trkpt lat="37.624632976949215" lon="-83.775832979008555" />
      <trkpt lat="37.624645968899131" lon="-83.775702975690365" />
      <trkpt lat="37.62464102357626" lon="-83.775593005120754" />
      <trkpt lat="37.624629959464073" lon="-83.775511030107737" />
      <trkpt lat="37.624563993886113" lon="-83.775173993781209" />
      <trkpt lat="37.624547984451056" lon="-83.775038961321115" />
      <trkpt lat="37.624552007764578" lon="-83.774906024336815" />
      <trkpt lat="37.624575980007648" lon="-83.77474500797689" />
      <trkpt lat="37.624674970284104" lon="-83.774407971650362" />
      <trkpt lat="37.624720986932516" lon="-83.774217031896114" />
      <trkpt lat="37.624742025509477" lon="-83.774070013314486" />
      <trkpt lat="37.62474998831749" lon="-83.773892987519503" />
      <trkpt lat="37.624747976660728" lon="-83.773744041100144" />
      <trkpt lat="37.624739008024335" lon="-83.773597022518516" />
      <trkpt lat="37.624718975275755" lon="-83.773375991731882" />
      <trkpt lat="37.624689973890781" lon="-83.773205000907183" />
      <trkpt lat="37.62464102357626" lon="-83.773073991760612" />
      <trkpt lat="37.624569023028016" lon="-83.772961003705859" />
      <trkpt lat="37.624504985287786" lon="-83.77289998345077" />
      <trkpt lat="37.624401971697807" lon="-83.772829994559288" />
      <trkpt lat="37.624086979776621" lon="-83.772669984027743" />
      <trkpt lat="37.623978015035391" lon="-83.772596977651119" />
      <trkpt lat="37.62384700588882" lon="-83.772482983767986" />
      <trkpt lat="37.623734017834067" lon="-83.772350968793035" />
      <trkpt lat="37.623647013679147" lon="-83.772216020151973" />
      <trkpt lat="37.623552968725562" lon="-83.772020973265171" />
      <trkpt lat="37.623451966792345" lon="-83.771743029356003" />
      <trkpt lat="37.623301008716226" lon="-83.771289987489581" />
      <trkpt lat="37.623197995126247" lon="-83.771036015823483" />
      <trkpt lat="37.623109985142946" lon="-83.770856978371739" />
      <trkpt lat="37.623007977381349" lon="-83.770705014467239" />
      <trkpt lat="37.622888032346964" lon="-83.770571993663907" />
      <trkpt lat="37.622805973514915" lon="-83.770508039742708" />
      <trkpt lat="37.622717041522264" lon="-83.770451964810491" />
      <trkpt lat="37.622395008802414" lon="-83.770295977592468" />
      <trkpt lat="37.622282020747662" lon="-83.770225988700986" />
      <trkpt lat="37.62219401076436" lon="-83.770157005637884" />
      <trkpt lat="37.622112035751343" lon="-83.770075030624866" />
      <trkpt lat="37.62200097553432" lon="-83.769922982901335" />
      <trkpt lat="37.621946996077895" lon="-83.76982600428164" />
      <trkpt lat="37.621919000521302" lon="-83.769766995683312" />
      <trkpt lat="37.621862003579736" lon="-83.769602039828897" />
      <trkpt lat="37.621821016073227" lon="-83.769424008205533" />
      <trkpt lat="37.621788997203112" lon="-83.769236002117395" />
      <trkpt lat="37.621711967512965" lon="-83.768653962761164" />
      <trkpt lat="37.621695036068559" lon="-83.768461011350155" />
      <trkpt lat="37.621692018583417" lon="-83.768365038558841" />
      <trkpt lat="37.621694030240178" lon="-83.768247021362185" />
      <trkpt lat="37.621713979169726" lon="-83.76808499917388" />
      <trkpt lat="37.621762007474899" lon="-83.767908979207277" />
      <trkpt lat="37.621825961396098" lon="-83.767747962847352" />
      <trkpt lat="37.621868960559368" lon="-83.767660958692431" />
      <trkpt lat="37.621931992471218" lon="-83.767563980072737" />
      <trkpt lat="37.62200097553432" lon="-83.767478987574577" />
      <trkpt lat="37.622119998559356" lon="-83.767383014783263" />
      <trkpt lat="37.622218988835812" lon="-83.767318977043033" />
      <trkpt lat="37.622289983555675" lon="-83.767285030335188" />
      <trkpt lat="37.622382016852498" lon="-83.767252005636692" />
      <trkpt lat="37.622490981593728" lon="-83.767228033393621" />
      <trkpt lat="37.622614027932286" lon="-83.767213029786944" />
      <trkpt lat="37.622929019853473" lon="-83.767191991209984" />
      <trkpt lat="37.623158013448119" lon="-83.767143040895462" />
      <trkpt lat="37.623152984306216" lon="-83.766945982351899" />
      <trkpt lat="37.623164970427752" lon="-83.766791000962257" />
      <trkpt lat="37.62320201843977" lon="-83.766622021794319" />
      <trkpt lat="37.623249040916562" lon="-83.766485983505845" />
      <trkpt lat="37.623315006494522" lon="-83.766361009329557" />
      <trkpt lat="37.623393964022398" lon="-83.766248021274805" />
      <trkpt lat="37.62350401841104" lon="-83.766122963279486" />
      <trkpt lat="37.623648019507527" lon="-83.765990026295185" />
      <trkpt lat="37.623798977583647" lon="-83.76587200909853" />
      <trkpt lat="37.623886987566948" lon="-83.765813000500202" />
      <trkpt lat="37.624036017805338" lon="-83.765715016052127" />
      <trkpt lat="37.624285966157913" lon="-83.765559028834105" />
      <trkpt lat="37.624629037454724" lon="-83.765355013310909" />
      <trkpt lat="37.624803967773914" lon="-83.765258034691215" />
      <trkpt lat="37.625024998560548" lon="-83.765147980302572" />
      <trkpt lat="37.625159025192261" lon="-83.765094000846148" />
      <trkpt lat="37.625337978824973" lon="-83.765042033046484" />
      <trkpt lat="37.625450966879725" lon="-83.765022000297904" />
      <trkpt lat="37.62561097741127" lon="-83.765009008347988" />
      <trkpt lat="37.625751961022615" lon="-83.765011020004749" />
      <trkpt lat="37.626188993453979" lon="-83.76505603082478" />
      <trkpt lat="37.626336012035608" lon="-83.765064999461174" />
      <trkpt lat="37.626486970111728" lon="-83.76505795866251" />
      <trkpt lat="37.626633988693357" lon="-83.765022000297904" />
      <trkpt lat="37.626760974526405" lon="-83.764952011406422" />
      <trkpt lat="37.626869017258286" lon="-83.76484296284616" />
      <trkpt lat="37.626907993108034" lon="-83.764784038066864" />
      <trkpt lat="37.626944035291672" lon="-83.764717988669872" />
      <trkpt lat="37.626973958685994" lon="-83.764641964808106" />
      <trkpt lat="37.626997008919716" lon="-83.76458496786654" />
      <trkpt lat="37.627051994204521" lon="-83.764386987313628" />
      <trkpt lat="37.627082001417875" lon="-83.764256983995438" />
      <trkpt lat="37.627129023894668" lon="-83.764055985957384" />
      <trkpt lat="37.627158025279641" lon="-83.763913996517658" />
      <trkpt lat="37.627186020836234" lon="-83.763693971559405" />
      <trkpt lat="37.627190966159105" lon="-83.763617025688291" />
      <trkpt lat="37.627190966159105" lon="-83.763533961027861" />
      <trkpt lat="37.627190966159105" lon="-83.763460032641888" />
      <trkpt lat="37.627175962552428" lon="-83.763299016281962" />
      <trkpt lat="37.627160958945751" lon="-83.763215029612184" />
      <trkpt lat="37.627146961167455" lon="-83.763137999922037" />
      <trkpt lat="37.62707001529634" lon="-83.762824013829231" />
      <trkpt lat="37.627037996426225" lon="-83.76266903243959" />
      <trkpt lat="37.627017963677645" lon="-83.762512039393187" />
      <trkpt lat="37.627010000869632" lon="-83.762279022485018" />
      <trkpt lat="37.627023998647928" lon="-83.762058997526765" />
      <trkpt lat="37.627054005861282" lon="-83.761793961748481" />
      <trkpt lat="37.627098010852933" lon="-83.761464972048998" />
      <trkpt lat="37.627127012237906" lon="-83.761158026754856" />
      <trkpt lat="37.627128018066287" lon="-83.761007990688086" />
      <trkpt lat="37.627117037773132" lon="-83.760858038440347" />
      <trkpt lat="37.627089964225888" lon="-83.760714959353209" />
      <trkpt lat="37.627045959234238" lon="-83.760577999055386" />
      <trkpt lat="37.626988040283322" lon="-83.760452019050717" />
      <trkpt lat="37.626921990886331" lon="-83.760340036824346" />
      <trkpt lat="37.626700960099697" lon="-83.760020015761256" />
      <trkpt lat="37.626634994521737" lon="-83.759908033534884" />
      <trkpt lat="37.626583026722074" lon="-83.759785993024707" />
      <trkpt lat="37.626550002023578" lon="-83.759654983878136" />
      <trkpt lat="37.626537010073662" lon="-83.759520035237074" />
      <trkpt lat="37.626544972881675" lon="-83.759388020262122" />
      <trkpt lat="37.626571962609887" lon="-83.759261034429073" />
      <trkpt lat="37.626617979258299" lon="-83.759144023060799" />
      <trkpt lat="37.626682016998529" lon="-83.759033968672156" />
      <trkpt lat="37.626800034195185" lon="-83.758882004767656" />
      <trkpt lat="37.626936994493008" lon="-83.75871998257935" />
      <trkpt lat="37.627132963389158" lon="-83.758489983156323" />
      <trkpt lat="37.627185015007854" lon="-83.758428040891886" />
      <trkpt lat="37.627308983355761" lon="-83.758260989561677" />
      <trkpt lat="37.627462036907673" lon="-83.758029984310269" />
      <trkpt lat="37.627572007477283" lon="-83.757846001535654" />
      <trkpt lat="37.627665968611836" lon="-83.757675010710955" />
      <trkpt lat="37.627710979431868" lon="-83.757592029869556" />
      <trkpt lat="37.627773005515337" lon="-83.757469989359379" />
      <trkpt lat="37.62786403298378" lon="-83.757260022684932" />
      <trkpt lat="37.627928992733359" lon="-83.757043015211821" />
      <trkpt lat="37.627957994118333" lon="-83.756894990801811" />
      <trkpt lat="37.627976015210152" lon="-83.756743026897311" />
      <trkpt lat="37.627985989674926" lon="-83.756589973345399" />
      <trkpt lat="37.627989007160068" lon="-83.756430968642235" />
      <trkpt lat="37.627980038523674" lon="-83.756109019741416" />
      <trkpt lat="37.62797299772501" lon="-83.756028972566128" />
      <trkpt lat="37.627949025481939" lon="-83.755868962034583" />
      <trkpt lat="37.627932010218501" lon="-83.755790004506707" />
      <trkpt lat="37.627894962206483" lon="-83.755671987310052" />
      <trkpt lat="37.627826984971762" lon="-83.755498984828591" />
      <trkpt lat="37.627764036878943" lon="-83.755364958196878" />
      <trkpt lat="37.627349970862269" lon="-83.754600025713444" />
      <trkpt lat="37.627216028049588" lon="-83.754340019077063" />
      <trkpt lat="37.627132963389158" lon="-83.754138015210629" />
      <trkpt lat="37.627109996974468" lon="-83.754070037975907" />
      <trkpt lat="37.627074960619211" lon="-83.75392796471715" />
      <trkpt lat="37.627068003639579" lon="-83.753881026059389" />
      <trkpt lat="37.627054005861282" lon="-83.753778012469411" />
      <trkpt lat="37.627045037224889" lon="-83.753547007218003" />
      <trkpt lat="37.627045959234238" lon="-83.753487998619676" />
      <trkpt lat="37.627048976719379" lon="-83.75338900834322" />
      <trkpt lat="37.627127012237906" lon="-83.752028038725257" />
      <trkpt lat="37.627162970602512" lon="-83.751709023490548" />
      <trkpt lat="37.627173028886318" lon="-83.75164900906384" />
      <trkpt lat="37.627191971987486" lon="-83.751534009352326" />
      <trkpt lat="37.627301020547748" lon="-83.750991029664874" />
      <trkpt lat="37.6278440002352" lon="-83.74846899881959" />
      <trkpt lat="37.627922035753727" lon="-83.748137997463346" />
      <trkpt lat="37.627967968583107" lon="-83.747979998588562" />
      <trkpt lat="37.628049021586776" lon="-83.747749999165535" />
      <trkpt lat="37.628110041841865" lon="-83.747599041089416" />
      <trkpt lat="37.628309028223157" lon="-83.747148010879755" />
      <trkpt lat="37.628399971872568" lon="-83.746912982314825" />
      <trkpt lat="37.628453029319644" lon="-83.746750960126519" />
      <trkpt lat="37.628497034311295" lon="-83.746583992615342" />
      <trkpt lat="37.628528969362378" lon="-83.746411995962262" />
      <trkpt lat="37.628554031252861" lon="-83.746237987652421" />
      <trkpt lat="37.628581020981073" lon="-83.745976975187659" />
      <trkpt lat="37.628585966303945" lon="-83.745914027094841" />
      <trkpt lat="37.628600969910622" lon="-83.745712023228407" />
      <trkpt lat="37.628632988780737" lon="-83.745183041319251" />
      <trkpt lat="37.628670958802104" lon="-83.744461024180055" />
      <trkpt lat="37.628675987944007" lon="-83.744275029748678" />
      <trkpt lat="37.628667019307613" lon="-83.744015023112297" />
      <trkpt lat="37.628657966852188" lon="-83.743903962895274" />
      <trkpt lat="37.628635000437498" lon="-83.743720985949039" />
      <trkpt lat="37.628580015152693" lon="-83.743368024006486" />
      <trkpt lat="37.628564005717635" lon="-83.743274984881282" />
      <trkpt lat="37.628478007391095" lon="-83.742767963558435" />
      <trkpt lat="37.62829402461648" lon="-83.741690972819924" />
      <trkpt lat="37.628240967169404" lon="-83.74135997146368" />
      <trkpt lat="37.628225041553378" lon="-83.741202978417277" />
      <trkpt lat="37.628222024068236" lon="-83.741051014512777" />
      <trkpt lat="37.62823199853301" lon="-83.740954035893083" />
      <trkpt lat="37.628238033503294" lon="-83.740900978446007" />
      <trkpt lat="37.628257982432842" lon="-83.740815985947847" />
      <trkpt lat="37.628271980211139" lon="-83.740755971521139" />
      <trkpt lat="37.628325959667563" lon="-83.740616999566555" />
      <trkpt lat="37.628397038206458" lon="-83.740488002076745" />
      <trkpt lat="37.628679005429149" lon="-83.74004602432251" />
      <trkpt lat="37.628792999312282" lon="-83.739845026284456" />
      <trkpt lat="37.628858964890242" lon="-83.739700019359589" />
      <trkpt lat="37.628910010680556" lon="-83.739549983292818" />
      <trkpt lat="37.628948986530304" lon="-83.739393996074796" />
      <trkpt lat="37.628975976258516" lon="-83.739190986379981" />
      <trkpt lat="37.628981005400419" lon="-83.739157039672136" />
      <trkpt lat="37.629001038148999" lon="-83.738830983638763" />
      <trkpt lat="37.629021992906928" lon="-83.738333014771342" />
      <trkpt lat="37.629031967371702" lon="-83.737992960959673" />
      <trkpt lat="37.629031967371702" lon="-83.737820964306593" />
      <trkpt lat="37.62902501039207" lon="-83.737649973481894" />
      <trkpt lat="37.629016963765025" lon="-83.737561963498592" />
      <trkpt lat="37.628986034542322" lon="-83.737391978502274" />
      <trkpt lat="37.628933982923627" lon="-83.737230962142348" />
      <trkpt lat="37.628861982375383" lon="-83.737083021551371" />
      <trkpt lat="37.628770032897592" lon="-83.736955029889941" />
      <trkpt lat="37.628665007650852" lon="-83.73684698715806" />
      <trkpt lat="37.628551013767719" lon="-83.736754031851888" />
      <trkpt lat="37.62840298935771" lon="-83.73665202409029" />
      <trkpt lat="37.627841988578439" lon="-83.736313981935382" />
      <trkpt lat="37.627435969188809" lon="-83.736077025532722" />
      <trkpt lat="37.627295991405845" lon="-83.735991027206182" />
      <trkpt lat="37.626938000321388" lon="-83.73577100224793" />
      <trkpt lat="37.626835992559791" lon="-83.735697995871305" />
      <trkpt lat="37.626744965091348" lon="-83.735614009201527" />
      <trkpt lat="37.626671036705375" lon="-83.73551401309669" />
      <trkpt lat="37.626616973429918" lon="-83.735402030870318" />
      <trkpt lat="37.626585960388184" lon="-83.735282002016902" />
      <trkpt lat="37.626572968438268" lon="-83.735157027840614" />
      <trkpt lat="37.626579003408551" lon="-83.735026018694043" />
      <trkpt lat="37.626598030328751" lon="-83.734892997890711" />
      <trkpt lat="37.626628959551454" lon="-83.73473902232945" />
      <trkpt lat="37.626730967313051" lon="-83.734310958534479" />
      <trkpt lat="37.626819983124733" lon="-83.733937963843346" />
      <trkpt lat="37.626990973949432" lon="-83.733220975846052" />
      <trkpt lat="37.627170011401176" lon="-83.732468029484153" />
      <trkpt lat="37.627327004447579" lon="-83.731779959052801" />
      <trkpt lat="37.627361034974456" lon="-83.731605028733611" />
      <trkpt lat="37.627372015267611" lon="-83.731532022356987" />
      <trkpt lat="37.627388024702668" lon="-83.731428002938628" />
      <trkpt lat="37.627405961975455" lon="-83.731248965486884" />
      <trkpt lat="37.627411996945739" lon="-83.731068000197411" />
      <trkpt lat="37.627410991117358" lon="-83.731017960235476" />
      <trkpt lat="37.627408979460597" lon="-83.730908995494246" />
      <trkpt lat="37.627405961975455" lon="-83.730709003284574" />
      <trkpt lat="37.627396993339062" lon="-83.730554021894932" />
      <trkpt lat="37.627387018874288" lon="-83.730394011363387" />
      <trkpt lat="37.627375032752752" lon="-83.730183038860559" />
      <trkpt lat="37.627347959205508" lon="-83.72992898337543" />
      <trkpt lat="37.627323986962438" lon="-83.729754975065589" />
      <trkpt lat="37.627271013334394" lon="-83.729451969265938" />
      <trkpt lat="37.627251986414194" lon="-83.729375023394823" />
      <trkpt lat="37.627201024442911" lon="-83.729234961792827" />
      <trkpt lat="37.627167999744415" lon="-83.729179976508021" />
      <trkpt lat="37.627123994752765" lon="-83.729121973738074" />
      <trkpt lat="37.627076972275972" lon="-83.729093978181481" />
      <trkpt lat="37.627019975334406" lon="-83.729071011766791" />
      <trkpt lat="37.626922996714711" lon="-83.729078974574804" />
      <trkpt lat="37.626840015873313" lon="-83.729121973738074" />
      <trkpt lat="37.626603981480002" lon="-83.729310985654593" />
      <trkpt lat="37.626501973718405" lon="-83.729400001466274" />
      <trkpt lat="37.626345986500382" lon="-83.729535033926368" />
      <trkpt lat="37.626078017055988" lon="-83.729794034734368" />
      <trkpt lat="37.625885987654328" lon="-83.729990003630519" />
      <trkpt lat="37.625808035954833" lon="-83.730068961158395" />
      <trkpt lat="37.625617012381554" lon="-83.730246992781758" />
      <trkpt lat="37.625407967716455" lon="-83.730409014970064" />
      <trkpt lat="37.625256003811955" lon="-83.730504987761378" />
      <trkpt lat="37.62511502020061" lon="-83.730584029108286" />
      <trkpt lat="37.624928019940853" lon="-83.730681007727981" />
      <trkpt lat="37.624157974496484" lon="-83.731057019904256" />
      <trkpt lat="37.623894028365612" lon="-83.73117595911026" />
      <trkpt lat="37.623758995905519" lon="-83.731224993243814" />
      <trkpt lat="37.623623963445425" lon="-83.73125902377069" />
      <trkpt lat="37.623554980382323" lon="-83.731268998235464" />
      <trkpt lat="37.6231399923563" lon="-83.731305040419102" />
      <trkpt lat="37.622926002368331" lon="-83.731336975470185" />
      <trkpt lat="37.622783007100224" lon="-83.73136798851192" />
      <trkpt lat="37.622587960213423" lon="-83.731420962139964" />
      <trkpt lat="37.62206400744617" lon="-83.731594970449805" />
      <trkpt lat="37.621926963329315" lon="-83.731635035946965" />
      <trkpt lat="37.621790003031492" lon="-83.731660014018416" />
      <trkpt lat="37.621652036905289" lon="-83.731662025675178" />
      <trkpt lat="37.621514992788434" lon="-83.731639981269836" />
      <trkpt lat="37.621379038318992" lon="-83.731594970449805" />
      <trkpt lat="37.62124702334404" lon="-83.731535039842129" />
      <trkpt lat="37.621178040280938" lon="-83.731498997658491" />
      <trkpt lat="37.620972013100982" lon="-83.731391038745642" />
      <trkpt lat="37.62032400816679" lon="-83.731051990762353" />
      <trkpt lat="37.620142037048936" lon="-83.730945037677884" />
      <trkpt lat="37.620028965175152" lon="-83.730865996330976" />
      <trkpt lat="37.619872977957129" lon="-83.730730963870883" />
      <trkpt lat="37.619729982689023" lon="-83.730574976652861" />
      <trkpt lat="37.619639961048961" lon="-83.730459976941347" />
      <trkpt lat="37.619364028796554" lon="-83.730076001957059" />
      <trkpt lat="37.619263026863337" lon="-83.729943986982107" />
      <trkpt lat="37.619177028536797" lon="-83.72984197922051" />
      <trkpt lat="37.619094969704747" lon="-83.729753969237208" />
      <trkpt lat="37.618965972214937" lon="-83.729651039466262" />
      <trkpt lat="37.618825994431973" lon="-83.729576021432877" />
      <trkpt lat="37.618681993335485" lon="-83.729534028097987" />
      <trkpt lat="37.618534974753857" lon="-83.729516007006168" />
      <trkpt lat="37.618463980033994" lon="-83.729516007006168" />
      <trkpt lat="37.617841958999634" lon="-83.729558000341058" />
      <trkpt lat="37.617711033672094" lon="-83.7295610178262" />
      <trkpt lat="37.617582958191633" lon="-83.729554982855916" />
      <trkpt lat="37.617472987622023" lon="-83.729538973420858" />
      <trkpt lat="37.617393024265766" lon="-83.729526987299323" />
      <trkpt lat="37.617203006520867" lon="-83.729480970650911" />
      <trkpt lat="37.617076020687819" lon="-83.729438977316022" />
      <trkpt lat="37.617009971290827" lon="-83.729413999244571" />
      <trkpt lat="37.616686010733247" lon="-83.729292964562774" />
      <trkpt lat="37.616611998528242" lon="-83.729275027289987" />
      <trkpt lat="37.616549972444773" lon="-83.72926002368331" />
      <trkpt lat="37.616416029632092" lon="-83.729251977056265" />
      <trkpt lat="37.616288037970662" lon="-83.729282990098" />
      <trkpt lat="37.616173038259149" lon="-83.729349039494991" />
      <trkpt lat="37.616115035489202" lon="-83.729402013123035" />
      <trkpt lat="37.61607295833528" lon="-83.729440988972783" />
      <trkpt lat="37.616029037162662" lon="-83.729493040591478" />
      <trkpt lat="37.615945972502232" lon="-83.72960502281785" />
      <trkpt lat="37.615869026631117" lon="-83.729723040014505" />
      <trkpt lat="37.615455966442823" lon="-83.730354029685259" />
      <trkpt lat="37.615325041115284" lon="-83.730542035773396" />
      <trkpt lat="37.615234013646841" lon="-83.730656029656529" />
      <trkpt lat="37.615134017542005" lon="-83.730764994397759" />
      <trkpt lat="37.615028992295265" lon="-83.730860967189074" />
      <trkpt lat="37.614918015897274" lon="-83.730942020192742" />
      <trkpt lat="37.614733027294278" lon="-83.731040004640818" />
      <trkpt lat="37.614605035632849" lon="-83.731093984097242" />
      <trkpt lat="37.614133972674608" lon="-83.731264974921942" />
      <trkpt lat="37.613872038200498" lon="-83.731380980461836" />
      <trkpt lat="37.613748991861939" lon="-83.731447029858828" />
      <trkpt lat="37.613631980493665" lon="-83.731525987386703" />
      <trkpt lat="37.613524021580815" lon="-83.731616009026766" />
      <trkpt lat="37.61304197832942" lon="-83.732059998437762" />
      <trkpt lat="37.612929996103048" lon="-83.732151025906205" />
      <trkpt lat="37.612874004989862" lon="-83.732191007584333" />
      <trkpt lat="37.612752970308065" lon="-83.732256973162293" />
      <trkpt lat="37.612621961161494" lon="-83.732300978153944" />
      <trkpt lat="37.612487012520432" lon="-83.732325034216046" />
      <trkpt lat="37.612344017252326" lon="-83.732324028387666" />
      <trkpt lat="37.612130027264357" lon="-83.732308018952608" />
      <trkpt lat="37.611505994573236" lon="-83.732192013412714" />
      <trkpt lat="37.611378002911806" lon="-83.732156977057457" />
      <trkpt lat="37.611254034563899" lon="-83.732101991772652" />
      <trkpt lat="37.611136017367244" lon="-83.732030997052789" />
      <trkpt lat="37.611078014597297" lon="-83.731985986232758" />
      <trkpt lat="37.611025962978601" lon="-83.731938041746616" />
      <trkpt lat="37.610927978530526" lon="-83.731820024549961" />
      <trkpt lat="37.610825970768929" lon="-83.731680968776345" />
      <trkpt lat="37.610751958563924" lon="-83.731580972671509" />
      <trkpt lat="37.610690016299486" lon="-83.731515007093549" />
      <trkpt lat="37.610652968287468" lon="-83.731477037072182" />
      <trkpt lat="37.610536962747574" lon="-83.731391960754991" />
      <trkpt lat="37.610410982742906" lon="-83.731333035975695" />
      <trkpt lat="37.610277039930224" lon="-83.73130202293396" />
      <trkpt lat="37.61014100164175" lon="-83.731293976306915" />
      <trkpt lat="37.610006975010037" lon="-83.731307974085212" />
      <trkpt lat="37.609874960035086" lon="-83.731331024318933" />
      <trkpt lat="37.609384031966329" lon="-83.731448035687208" />
      <trkpt lat="37.608950017020106" lon="-83.731535039842129" />
      <trkpt lat="37.608682969585061" lon="-83.731572004035115" />
      <trkpt lat="37.60855296626687" lon="-83.731564963236451" />
      <trkpt lat="37.608425980433822" lon="-83.731530010700226" />
      <trkpt lat="37.608305029571056" lon="-83.73147401958704" />
      <trkpt lat="37.608068995177746" lon="-83.731349967420101" />
      <trkpt lat="37.607944021001458" lon="-83.731308979913592" />
      <trkpt lat="37.607813011854887" lon="-83.731293976306915" />
      <trkpt lat="37.607682002708316" lon="-83.731305040419102" />
      <trkpt lat="37.607430964708328" lon="-83.731370000168681" />
      <trkpt lat="37.607301967218518" lon="-83.731395984068513" />
      <trkpt lat="37.607171963900328" lon="-83.731405036523938" />
      <trkpt lat="37.607040032744408" lon="-83.731402019038796" />
      <trkpt lat="37.606421029195189" lon="-83.73134502209723" />
      <trkpt lat="37.60607996955514" lon="-83.731331024318933" />
      <trkpt lat="37.605947032570839" lon="-83.731342004612088" />
      <trkpt lat="37.605819962918758" lon="-83.731377040967345" />
      <trkpt lat="37.605700017884374" lon="-83.731438983231783" />
      <trkpt lat="37.605595998466015" lon="-83.731527999043465" />
      <trkpt lat="37.605507988482714" lon="-83.731634030118585" />
      <trkpt lat="37.605354012921453" lon="-83.731848020106554" />
      <trkpt lat="37.605272037908435" lon="-83.731942987069488" />
      <trkpt lat="37.605181010439992" lon="-83.732024040073156" />
      <trkpt lat="37.605083025991917" lon="-83.732083970680833" />
      <trkpt lat="37.605028040707111" lon="-83.732101991772652" />
      <trkpt lat="37.604914968833327" lon="-83.732123030349612" />
      <trkpt lat="37.604777002707124" lon="-83.732140967622399" />
      <trkpt lat="37.604613974690437" lon="-83.73216301202774" />
      <trkpt lat="37.60449000634253" lon="-83.732197964563966" />
      <trkpt lat="37.604369977489114" lon="-83.732254039496183" />
      <trkpt lat="37.604256989434361" lon="-83.732327967882156" />
      <trkpt lat="37.603929005563259" lon="-83.732578000053763" />
      <trkpt lat="37.603687020018697" lon="-83.732714038342237" />
      <trkpt lat="37.603561962023377" lon="-83.732772963121533" />
      <trkpt lat="37.603438999503851" lon="-83.732823003083467" />
      <trkpt lat="37.603313019499183" lon="-83.732866002246737" />
      <trkpt lat="37.60326599702239" lon="-83.732878994196653" />
      <trkpt lat="37.603067010641098" lon="-83.732932973653078" />
      <trkpt lat="37.60294396430254" lon="-83.73295702971518" />
      <trkpt lat="37.602472985163331" lon="-83.73302198946476" />
      <trkpt lat="37.60240601375699" lon="-83.733030958101153" />
      <trkpt lat="37.60212698020041" lon="-83.733076974749565" />
      <trkpt lat="37.601988008245826" lon="-83.733114022761583" />
      <trkpt lat="37.601852975785732" lon="-83.73317101970315" />
      <trkpt lat="37.601725989952683" lon="-83.733247965574265" />
      <trkpt lat="37.601667987182736" lon="-83.733294988051057" />
      <trkpt lat="37.601558016613126" lon="-83.733402024954557" />
      <trkpt lat="37.601457014679909" lon="-83.733519958332181" />
      <trkpt lat="37.601221986114979" lon="-83.733821958303452" />
      <trkpt lat="37.601128024980426" lon="-83.733930001035333" />
      <trkpt lat="37.601024005562067" lon="-83.734018011018634" />
      <trkpt lat="37.600914034992456" lon="-83.734087999910116" />
      <trkpt lat="37.600798029452562" lon="-83.734142985194921" />
      <trkpt lat="37.600676994770765" lon="-83.73418296687305" />
      <trkpt lat="37.600489994511008" lon="-83.734233006834984" />
      <trkpt lat="37.599892029538751" lon="-83.73437600210309" />
      <trkpt lat="37.599619030952454" lon="-83.734444985166192" />
      <trkpt lat="37.599228015169501" lon="-83.734543975442648" />
      <trkpt lat="37.598981000483036" lon="-83.734599966555834" />
      <trkpt lat="37.598901959136128" lon="-83.734617987647653" />
      <trkpt lat="37.598705990239978" lon="-83.73465402983129" />
      <trkpt lat="37.598671959713101" lon="-83.734657969325781" />
      <trkpt lat="37.598308017477393" lon="-83.734702980145812" />
      <trkpt lat="37.59810701943934" lon="-83.734707003459334" />
      <trkpt lat="37.598042981699109" lon="-83.734700968489051" />
      <trkpt lat="37.598010962828994" lon="-83.734695017337799" />
      <trkpt lat="37.597913984209299" lon="-83.73467699624598" />
      <trkpt lat="37.597790015861392" lon="-83.734629973769188" />
      <trkpt lat="37.597747016698122" lon="-83.734604995697737" />
      <trkpt lat="37.597674010321498" lon="-83.734561996534467" />
      <trkpt lat="37.597515005618334" lon="-83.73443903401494" />
      <trkpt lat="37.597363041713834" lon="-83.73430903069675" />
      <trkpt lat="37.59731400758028" lon="-83.734265025705099" />
      <trkpt lat="37.59716397151351" lon="-83.734129993245006" />
      <trkpt lat="37.596865994855762" lon="-83.73386001214385" />
      <trkpt lat="37.596803968772292" lon="-83.733807960525155" />
      <trkpt lat="37.596603976562619" lon="-83.733640993013978" />
      <trkpt lat="37.596437009051442" lon="-83.733521969988942" />
      <trkpt lat="37.596380012109876" lon="-83.733488023281097" />
      <trkpt lat="37.596321003511548" lon="-83.73345198109746" />
      <trkpt lat="37.596203992143273" lon="-83.733389033004642" />
      <trkpt lat="37.595841977745295" lon="-83.733222987502813" />
      <trkpt lat="37.594953998923302" lon="-83.732844963669777" />
      <trkpt lat="37.594707990065217" lon="-83.732726024463773" />
      <trkpt lat="37.594596007838845" lon="-83.732646983116865" />
      <trkpt lat="37.594505986198783" lon="-83.732551010325551" />
      <trkpt lat="37.594440020620823" lon="-83.732438022270799" />
      <trkpt lat="37.594395009800792" lon="-83.732296032831073" />
      <trkpt lat="37.594375982880592" lon="-83.732183966785669" />
      <trkpt lat="37.594365002587438" lon="-83.732051029801369" />
      <trkpt lat="37.594360979273915" lon="-83.731913985684514" />
      <trkpt lat="37.594367014244199" lon="-83.731776019558311" />
      <trkpt lat="37.594394003972411" lon="-83.731592958793044" />
      <trkpt lat="37.594414036720991" lon="-83.731505032628775" />
      <trkpt lat="37.594451000913978" lon="-83.731378968805075" />
      <trkpt lat="37.594476984813809" lon="-83.73125902377069" />
      <trkpt lat="37.59447799064219" lon="-83.73113295994699" />
      <trkpt lat="37.594454018399119" lon="-83.731046039611101" />
      <trkpt lat="37.594431973993778" lon="-83.731009997427464" />
      <trkpt lat="37.594401966780424" lon="-83.730974961072206" />
      <trkpt lat="37.59437195956707" lon="-83.730949983000755" />
      <trkpt lat="37.594302976503968" lon="-83.730916036292911" />
      <trkpt lat="37.594189988449216" lon="-83.730893991887569" />
      <trkpt lat="37.593264039605856" lon="-83.730822997167706" />
      <trkpt lat="37.592850979417562" lon="-83.730801958590746" />
      <trkpt lat="37.592776967212558" lon="-83.730798019096255" />
      <trkpt lat="37.592802029103041" lon="-83.730885023251176" />
      <trkpt lat="37.592820972204208" lon="-83.730926010757685" />
      <trkpt lat="37.592877969145775" lon="-83.730993987992406" />
      <trkpt lat="37.593026999384165" lon="-83.731135977432132" />
      <trkpt lat="37.593121966347098" lon="-83.731235973536968" />
      <trkpt lat="37.593161026015878" lon="-83.731286013498902" />
      <trkpt lat="37.593211987987161" lon="-83.731373017653823" />
      <trkpt lat="37.593243001028895" lon="-83.731436971575022" />
      <trkpt lat="37.593451039865613" lon="-83.732013981789351" />
      <trkpt lat="37.593514993786812" lon="-83.732207017019391" />
      <trkpt lat="37.593548018485308" lon="-83.732336014509201" />
      <trkpt lat="37.593578025698662" lon="-83.732502982020378" />
      <trkpt lat="37.593634016811848" lon="-83.733017966151237" />
      <trkpt lat="37.593643991276622" lon="-83.733278978615999" />
      <trkpt lat="37.59363804012537" lon="-83.733638981357217" />
      <trkpt lat="37.593647008761764" lon="-83.733861017972231" />
      <trkpt lat="37.593719009310007" lon="-83.734378013759851" />
      <trkpt lat="37.593711968511343" lon="-83.734538024291396" />
      <trkpt lat="37.593699982389808" lon="-83.734631985425949" />
      <trkpt lat="37.59368103928864" lon="-83.73469602316618" />
      <trkpt lat="37.593657989054918" lon="-83.734751008450985" />
      <trkpt lat="37.593625970184803" lon="-83.73480498790741" />
      <trkpt lat="37.593569979071617" lon="-83.734873970970511" />
      <trkpt lat="37.593503007665277" lon="-83.734932979568839" />
      <trkpt lat="37.593427989631891" lon="-83.734986037015915" />
      <trkpt lat="37.593229003250599" lon="-83.735090978443623" />
      <trkpt lat="37.592873023822904" lon="-83.735257023945451" />
      <trkpt lat="37.592771016061306" lon="-83.735314020887017" />
      <trkpt lat="37.592729022726417" lon="-83.735336987301707" />
      <trkpt lat="37.592620979994535" lon="-83.73540798202157" />
      <trkpt lat="37.592544034123421" lon="-83.73547000810504" />
      <trkpt lat="37.592468010261655" lon="-83.735543014481664" />
      <trkpt lat="37.592391986399889" lon="-83.735624989494681" />
      <trkpt lat="37.592314034700394" lon="-83.735720040276647" />
      <trkpt lat="37.592246979475021" lon="-83.735823975875974" />
      <trkpt lat="37.592189982533455" lon="-83.735935958102345" />
      <trkpt lat="37.592140026390553" lon="-83.73605003580451" />
      <trkpt lat="37.592080011963844" lon="-83.73620099388063" />
      <trkpt lat="37.591967023909092" lon="-83.736539036035538" />
      <trkpt lat="37.591912960633636" lon="-83.736787978559732" />
      <trkpt lat="37.591859987005591" lon="-83.737114034593105" />
      <trkpt lat="37.591830985620618" lon="-83.737244959920645" />
      <trkpt lat="37.591806007549167" lon="-83.737339004874229" />
      <trkpt lat="37.591773988679051" lon="-83.737430032342672" />
      <trkpt lat="37.59172503836453" lon="-83.737544026225805" />
      <trkpt lat="37.591668963432312" lon="-83.737652990967035" />
      <trkpt lat="37.591607021167874" lon="-83.737753992900252" />
      <trkpt lat="37.591308038681746" lon="-83.738197982311249" />
      <trkpt lat="37.591218017041683" lon="-83.738315999507904" />
      <trkpt lat="37.591144004836679" lon="-83.738397974520922" />
      <trkpt lat="37.591073010116816" lon="-83.738468969240785" />
      <trkpt lat="37.590995980426669" lon="-83.738536024466157" />
      <trkpt lat="37.590917022898793" lon="-83.738594027236104" />
      <trkpt lat="37.590836975723505" lon="-83.738640965893865" />
      <trkpt lat="37.590755000710487" lon="-83.738678013905883" />
      <trkpt lat="37.590669002383947" lon="-83.738705003634095" />
      <trkpt lat="37.590397009626031" lon="-83.7387599889189" />
      <trkpt lat="37.590301036834717" lon="-83.738789996132255" />
      <trkpt lat="37.59020296856761" lon="-83.738836012780666" />
      <trkpt lat="37.59011403657496" lon="-83.738890998065472" />
      <trkpt lat="37.589838020503521" lon="-83.739096019417048" />
      <trkpt lat="37.589550018310547" lon="-83.739286037161946" />
      <trkpt lat="37.589463014155626" lon="-83.739359965547919" />
      <trkpt lat="37.589381039142609" lon="-83.739442024379969" />
      <trkpt lat="37.589226979762316" lon="-83.739623995497823" />
      <trkpt lat="37.589064035564661" lon="-83.739805966615677" />
      <trkpt lat="37.588975019752979" lon="-83.739892970770597" />
      <trkpt lat="37.588791036978364" lon="-83.740053987130523" />
      <trkpt lat="37.588316034525633" lon="-83.740422958508134" />
      <trkpt lat="37.587853018194437" lon="-83.74079997651279" />
      <trkpt lat="37.587642967700958" lon="-83.740960992872715" />
      <trkpt lat="37.587246000766754" lon="-83.74122703447938" />
      <trkpt lat="37.586998986080289" lon="-83.741412023082376" />
      <trkpt lat="37.586880968883634" lon="-83.741480000317097" />
      <trkpt lat="37.586790025234222" lon="-83.741514030843973" />
      <trkpt lat="37.586620962247252" lon="-83.741559041664004" />
      <trkpt lat="37.586511997506022" lon="-83.741577984765172" />
      <trkpt lat="37.586350981146097" lon="-83.741598017513752" />
      <trkpt lat="37.586242016404867" lon="-83.741602962836623" />
      <trkpt lat="37.586131962016225" lon="-83.74159500002861" />
      <trkpt lat="37.586051998659968" lon="-83.741578990593553" />
      <trkpt lat="37.585975974798203" lon="-83.741553006693721" />
      <trkpt lat="37.585878996178508" lon="-83.741499027237296" />
      <trkpt lat="37.585792997851968" lon="-83.741427026689053" />
      <trkpt lat="37.585714962333441" lon="-83.741340022534132" />
      <trkpt lat="37.5856479909271" lon="-83.741242038086057" />
      <trkpt lat="37.585589988157153" lon="-83.741131983697414" />
      <trkpt lat="37.585421008989215" lon="-83.740754965692759" />
      <trkpt lat="37.585369041189551" lon="-83.740647006779909" />
      <trkpt lat="37.585293017327785" lon="-83.740513985976577" />
      <trkpt lat="37.585206013172865" lon="-83.740397980436683" />
      <trkpt lat="37.585134012624621" lon="-83.740328997373581" />
      <trkpt lat="37.585062012076378" lon="-83.740267977118492" />
      <trkpt lat="37.584987999871373" lon="-83.740222966298461" />
      <trkpt lat="37.58474400267005" lon="-83.740138979628682" />
      <trkpt lat="37.584578962996602" lon="-83.740098997950554" />
      <trkpt lat="37.584429010748863" lon="-83.740087011829019" />
      <trkpt lat="37.584316022694111" lon="-83.740098997950554" />
      <trkpt lat="37.584232036024332" lon="-83.74013302847743" />
      <trkpt lat="37.584113012999296" lon="-83.740210980176926" />
      <trkpt lat="37.583996001631021" lon="-83.74032698571682" />
      <trkpt lat="37.583903968334198" lon="-83.740443997085094" />
      <trkpt lat="37.58373498916626" lon="-83.740684976801276" />
      <trkpt lat="37.583355959504843" lon="-83.74122996814549" />
      <trkpt lat="37.583243977278471" lon="-83.741415962576866" />
      <trkpt lat="37.583192009478807" lon="-83.741554012522101" />
      <trkpt lat="37.58317700587213" lon="-83.741650991141796" />
      <trkpt lat="37.58317600004375" lon="-83.741685021668673" />
      <trkpt lat="37.583186980336905" lon="-83.741790968924761" />
      <trkpt lat="37.583209024742246" lon="-83.741865986958146" />
      <trkpt lat="37.583398036658764" lon="-83.742395974695683" />
      <trkpt lat="37.58354103192687" lon="-83.742842981591821" />
      <trkpt lat="37.583699030801654" lon="-83.743416974321008" />
      <trkpt lat="37.583893993869424" lon="-83.744078977033496" />
      <trkpt lat="37.583921989426017" lon="-83.744202023372054" />
      <trkpt lat="37.583942022174597" lon="-83.7443239800632" />
      <trkpt lat="37.583948979154229" lon="-83.744478961452842" />
      <trkpt lat="37.583943028002977" lon="-83.744622962549329" />
      <trkpt lat="37.583916038274765" lon="-83.744823038578033" />
      <trkpt lat="37.583896005526185" lon="-83.744918005540967" />
      <trkpt lat="37.583870021626353" lon="-83.745010960847139" />
      <trkpt lat="37.583831967785954" lon="-83.745103999972343" />
      <trkpt lat="37.583781005814672" lon="-83.745188992470503" />
      <trkpt lat="37.583714034408331" lon="-83.745263004675508" />
      <trkpt lat="37.583634993061423" lon="-83.745316984131932" />
      <trkpt lat="37.583576990291476" lon="-83.745339028537273" />
      <trkpt lat="37.583516975864768" lon="-83.74535302631557" />
      <trkpt lat="37.582879029214382" lon="-83.745429972186685" />
      <trkpt lat="37.582843992859125" lon="-83.745429972186685" />
      <trkpt lat="37.582705020904541" lon="-83.745430978015065" />
      <trkpt lat="37.582581974565983" lon="-83.745413962751627" />
      <trkpt lat="37.582491030916572" lon="-83.745392002165318" />
      <trkpt lat="37.582401009276509" lon="-83.745361994951963" />
      <trkpt lat="37.582289027050138" lon="-83.74531103298068" />
      <trkpt lat="37.582180984318256" lon="-83.745236014947295" />
      <trkpt lat="37.582133961841464" lon="-83.745191004127264" />
      <trkpt lat="37.582073025405407" lon="-83.745119003579021" />
      <trkpt lat="37.581914020702243" lon="-83.744892021641135" />
      <trkpt lat="37.581856017932296" lon="-83.744820021092892" />
      <trkpt lat="37.581725008785725" lon="-83.744677025824785" />
      <trkpt lat="37.581623001024127" lon="-83.744578035548329" />
      <trkpt lat="37.581525016576052" lon="-83.744494970887899" />
      <trkpt lat="37.581411022692919" lon="-83.744414001703262" />
      <trkpt lat="37.581312032416463" lon="-83.744361028075218" />
      <trkpt lat="37.581193009391427" lon="-83.744317023083568" />
      <trkpt lat="37.581054959446192" lon="-83.744291039183736" />
      <trkpt lat="37.580677019432187" lon="-83.744277041405439" />
      <trkpt lat="37.580636031925678" lon="-83.744276035577059" />
      <trkpt lat="37.580226995050907" lon="-83.744245022535324" />
      <trkpt lat="37.58014895953238" lon="-83.744228007271886" />
      <trkpt lat="37.580070002004504" lon="-83.744188025593758" />
      <trkpt lat="37.580044018104672" lon="-83.744164975360036" />
      <trkpt lat="37.580002024769783" lon="-83.744118036702275" />
      <trkpt lat="37.579956008121371" lon="-83.744020974263549" />
      <trkpt lat="37.579928012564778" lon="-83.743916032835841" />
      <trkpt lat="37.57990999147296" lon="-83.743804972618818" />
      <trkpt lat="37.579904962331057" lon="-83.743751998990774" />
      <trkpt lat="37.579898005351424" lon="-83.743687039241195" />
      <trkpt lat="37.579886019229889" lon="-83.74344295822084" />
      <trkpt lat="37.579885013401508" lon="-83.743321001529694" />
      <trkpt lat="37.579891970381141" lon="-83.743201978504658" />
      <trkpt lat="37.579924995079637" lon="-83.742982959374785" />
      <trkpt lat="37.58003898896277" lon="-83.742487002164125" />
      <trkpt lat="37.580103026703" lon="-83.742147032171488" />
      <trkpt lat="37.580115012824535" lon="-83.74202499166131" />
      <trkpt lat="37.580109983682632" lon="-83.741942010819912" />
      <trkpt lat="37.580063967034221" lon="-83.741843020543456" />
      <trkpt lat="37.580031026154757" lon="-83.741797003895044" />
      <trkpt lat="37.579966988414526" lon="-83.741747969761491" />
      <trkpt lat="37.57988803088665" lon="-83.741711005568504" />
      <trkpt lat="37.579771019518375" lon="-83.741675969213247" />
      <trkpt lat="37.579678986221552" lon="-83.74166096560657" />
      <trkpt lat="37.579616038128734" lon="-83.74165995977819" />
      <trkpt lat="37.57952299900353" lon="-83.741674963384867" />
      <trkpt lat="37.579461978748441" lon="-83.741694996133447" />
      <trkpt lat="37.579311020672321" lon="-83.741762973368168" />
      <trkpt lat="37.579162996262312" lon="-83.741837991401553" />
      <trkpt lat="37.578838029876351" lon="-83.741976963356137" />
      <trkpt lat="37.578758988529444" lon="-83.742010993883014" />
      <trkpt lat="37.578669972717762" lon="-83.7420669849962" />
      <trkpt lat="37.578586991876364" lon="-83.742135968059301" />
      <trkpt lat="37.578518008813262" lon="-83.742235964164138" />
      <trkpt lat="37.578479032963514" lon="-83.74232497997582" />
      <trkpt lat="37.578402003273368" lon="-83.742530001327395" />
      <trkpt lat="37.578357998281717" lon="-83.742633014917374" />
      <trkpt lat="37.578285997733474" lon="-83.742769975215197" />
      <trkpt lat="37.578221037983894" lon="-83.742866031825542" />
      <trkpt lat="37.578116012737155" lon="-83.743000980466604" />
      <trkpt lat="37.577981986105442" lon="-83.743172977119684" />
      <trkpt lat="37.57784896530211" lon="-83.74335796572268" />
      <trkpt lat="37.57750597782433" lon="-83.743890970945358" />
      <trkpt lat="37.577426014468074" lon="-83.743983004242182" />
      <trkpt lat="37.57735401391983" lon="-83.744042012840509" />
      <trkpt lat="37.577271033078432" lon="-83.744083000347018" />
      <trkpt lat="37.577212024480104" lon="-83.744102027267218" />
      <trkpt lat="37.577151004225016" lon="-83.744113007560372" />
      <trkpt lat="37.577024018391967" lon="-83.744109990075231" />
      <trkpt lat="37.576828971505165" lon="-83.744064979255199" />
      <trkpt lat="37.576735010370612" lon="-83.744029020890594" />
      <trkpt lat="37.576624033972621" lon="-83.743966994807124" />
      <trkpt lat="37.576554967090487" lon="-83.743919972330332" />
      <trkpt lat="37.57645002566278" lon="-83.743817964568734" />
      <trkpt lat="37.576303007081151" lon="-83.743654014542699" />
      <trkpt lat="37.576187001541257" lon="-83.743523005396128" />
      <trkpt lat="37.576094968244433" lon="-83.743447987362742" />
      <trkpt lat="37.575982986018062" lon="-83.743390990421176" />
      <trkpt lat="37.575882989913225" lon="-83.743374980986118" />
      <trkpt lat="37.575810989364982" lon="-83.743380010128021" />
      <trkpt lat="37.57576497271657" lon="-83.743393002077937" />
      <trkpt lat="37.575676962733269" lon="-83.743428960442543" />
      <trkpt lat="37.575590964406729" lon="-83.743495009839535" />
      <trkpt lat="37.575558023527265" lon="-83.743510013446212" />
      <trkpt lat="37.575035998597741" lon="-83.744544005021453" />
      <trkpt lat="37.574841035529971" lon="-83.744825972244143" />
      <trkpt lat="37.574757970869541" lon="-83.744911970570683" />
      <trkpt lat="37.574669038876891" lon="-83.744992017745972" />
      <trkpt lat="37.574477009475231" lon="-83.745136018842459" />
      <trkpt lat="37.574375001713634" lon="-83.745197039097548" />
      <trkpt lat="37.574269976466894" lon="-83.745239032432437" />
      <trkpt lat="37.574157994240522" lon="-83.745266022160649" />
      <trkpt lat="37.574044000357389" lon="-83.745274990797043" />
      <trkpt lat="37.573697995394468" lon="-83.745271973311901" />
      <trkpt lat="37.573597999289632" lon="-83.745281025767326" />
      <trkpt lat="37.573493979871273" lon="-83.745303992182016" />
      <trkpt lat="37.573394989594817" lon="-83.745341962203383" />
      <trkpt lat="37.573214024305344" lon="-83.745451010763645" />
      <trkpt lat="37.573053007945418" lon="-83.745575984939933" />
      <trkpt lat="37.57290598936379" lon="-83.745709005743265" />
      <trkpt lat="37.572837006300688" lon="-83.745785029605031" />
      <trkpt lat="37.572584040462971" lon="-83.746122987940907" />
      <trkpt lat="37.57223904132843" lon="-83.746480979025364" />
      <trkpt lat="37.571962019428611" lon="-83.746809968724847" />
      <trkpt lat="37.571887001395226" lon="-83.746885992586613" />
      <trkpt lat="37.571770995855331" lon="-83.746925974264741" />
      <trkpt lat="37.571661025285721" lon="-83.746928991749883" />
      <trkpt lat="37.571499003097415" lon="-83.746888004243374" />
      <trkpt lat="37.571329018101096" lon="-83.746791025623679" />
      <trkpt lat="37.571172025054693" lon="-83.746656998991966" />
      <trkpt lat="37.571002040058374" lon="-83.746568989008665" />
      <trkpt lat="37.570815961807966" lon="-83.746489025652409" />
      <trkpt lat="37.570657040923834" lon="-83.746462035924196" />
      <trkpt lat="37.570574982091784" lon="-83.746463963761926" />
      <trkpt lat="37.57039200514555" lon="-83.746534958481789" />
      <trkpt lat="37.570107020437717" lon="-83.746682982891798" />
      <trkpt lat="37.569412998855114" lon="-83.747003003954887" />
      <trkpt lat="37.569236978888512" lon="-83.747104005888104" />
      <trkpt lat="37.569117033854127" lon="-83.747196961194277" />
      <trkpt lat="37.568970015272498" lon="-83.747357977554202" />
      <trkpt lat="37.56893296726048" lon="-83.747398965060711" />
      <trkpt lat="37.568626021966338" lon="-83.747784029692411" />
      <trkpt lat="37.568463999778032" lon="-83.747919984161854" />
      <trkpt lat="37.568182032555342" lon="-83.74806197360158" />
      <trkpt lat="37.568084970116615" lon="-83.748097009956837" />
      <trkpt lat="37.567779030650854" lon="-83.748111007735133" />
      <trkpt lat="37.567550959065557" lon="-83.748098015785217" />
      <trkpt lat="37.56727896630764" lon="-83.748059961944818" />
      <trkpt lat="37.567006973549724" lon="-83.748001959174871" />
      <trkpt lat="37.566727017983794" lon="-83.747927024960518" />
      <trkpt lat="37.566549992188811" lon="-83.74786701053381" />
      <trkpt lat="37.566380007192492" lon="-83.747833985835314" />
      <trkpt lat="37.566248998045921" lon="-83.747838009148836" />
      <trkpt lat="37.566109020262957" lon="-83.747851001098752" />
      <trkpt lat="37.565876003354788" lon="-83.747921995818615" />
      <trkpt lat="37.565802996978164" lon="-83.747970024123788" />
      <trkpt lat="37.565671987831593" lon="-83.748001037165523" />
      <trkpt lat="37.56536403670907" lon="-83.748028026893735" />
      <trkpt lat="37.565101012587547" lon="-83.748081000521779" />
      <trkpt lat="37.564991964027286" lon="-83.748120982199907" />
      <trkpt lat="37.564934967085719" lon="-83.748204968869686" />
      <trkpt lat="37.564943013712764" lon="-83.748260037973523" />
      <trkpt lat="37.564994981512427" lon="-83.748398004099727" />
      <trkpt lat="37.565034041181207" lon="-83.74846899881959" />
      <trkpt lat="37.565137976780534" lon="-83.748615011572838" />
      <trkpt lat="37.565309973433614" lon="-83.748807962983847" />
      <trkpt lat="37.565465038642287" lon="-83.748937966302037" />
      <trkpt lat="37.565354984253645" lon="-83.748869989067316" />
      <trkpt lat="37.564985007047653" lon="-83.748734034597874" />
      <trkpt lat="37.564693987369537" lon="-83.748663039878011" />
      <trkpt lat="37.564444961026311" lon="-83.748622974380851" />
      <trkpt lat="37.564265001565218" lon="-83.748580981045961" />
      <trkpt lat="37.56399099715054" lon="-83.748548962175846" />
      <trkpt lat="37.56394799798727" lon="-83.748531024903059" />
      <trkpt lat="37.563886977732182" lon="-83.74847000464797" />
      <trkpt lat="37.563869040459394" lon="-83.748428011313081" />
      <trkpt lat="37.56386099383235" lon="-83.748378977179527" />
      <trkpt lat="37.563864011317492" lon="-83.748264983296394" />
      <trkpt lat="37.56390399299562" lon="-83.748016962781549" />
      <trkpt lat="37.563898963853717" lon="-83.747958038002253" />
      <trkpt lat="37.56388203240931" lon="-83.747903974726796" />
      <trkpt lat="37.563855964690447" lon="-83.747858963906765" />
      <trkpt lat="37.563815983012319" lon="-83.747839014977217" />
      <trkpt lat="37.563748005777597" lon="-83.747831974178553" />
      <trkpt lat="37.563650021329522" lon="-83.747843038290739" />
      <trkpt lat="37.563551031053066" lon="-83.747872961685061" />
      <trkpt lat="37.563215000554919" lon="-83.748032972216606" />
      <trkpt lat="37.563019031658769" lon="-83.748108996078372" />
      <trkpt lat="37.562877964228392" lon="-83.74814797192812" />
      <trkpt lat="37.562736980617046" lon="-83.748170016333461" />
      <trkpt lat="37.562611000612378" lon="-83.748155012726784" />
      <trkpt lat="37.562519973143935" lon="-83.748144032433629" />
      <trkpt lat="37.562358034774661" lon="-83.748090974986553" />
      <trkpt lat="37.562103979289532" lon="-83.747906992211938" />
      <trkpt lat="37.561986967921257" lon="-83.747866004705429" />
      <trkpt lat="37.561830980703235" lon="-83.747839014977217" />
      <trkpt lat="37.561722015962005" lon="-83.747837003320456" />
      <trkpt lat="37.561572985723615" lon="-83.747800961136818" />
      <trkpt lat="37.561426972970366" lon="-83.747746981680393" />
      <trkpt lat="37.560635972768068" lon="-83.747359989210963" />
      <trkpt lat="37.559955026954412" lon="-83.747104005888104" />
      <trkpt lat="37.559809014201164" lon="-83.747032005339861" />
      <trkpt lat="37.559556970372796" lon="-83.746808040887117" />
      <trkpt lat="37.55934800952673" lon="-83.746597990393639" />
      <trkpt lat="37.559191016480327" lon="-83.74645197764039" />
      <trkpt lat="37.559080962091684" lon="-83.746307976543903" />
      <trkpt lat="37.558936960995197" lon="-83.745973035693169" />
      <trkpt lat="37.55862096324563" lon="-83.745335005223751" />
      <trkpt lat="37.558551980182528" lon="-83.74516200274229" />
      <trkpt lat="37.558494983240962" lon="-83.744981959462166" />
      <trkpt lat="37.558444021269679" lon="-83.744729999452829" />
      <trkpt lat="37.558437986299396" lon="-83.744575018063188" />
      <trkpt lat="37.55846799351275" lon="-83.74434401281178" />
      <trkpt lat="37.558539994060993" lon="-83.743976969271898" />
      <trkpt lat="37.558552986010909" lon="-83.743781000375748" />
      <trkpt lat="37.558524990454316" lon="-83.743577990680933" />
      <trkpt lat="37.558482997119427" lon="-83.743442036211491" />
      <trkpt lat="37.55842600017786" lon="-83.743308009579778" />
      <trkpt lat="37.558344025164843" lon="-83.74318303540349" />
      <trkpt lat="37.558293985202909" lon="-83.743107011541724" />
      <trkpt lat="37.558236988261342" lon="-83.743062000721693" />
      <trkpt lat="37.558059962466359" lon="-83.742966027930379" />
      <trkpt lat="37.557837003841996" lon="-83.742806017398834" />
      <trkpt lat="37.557791993021965" lon="-83.742714989930391" />
      <trkpt lat="37.557731978595257" lon="-83.742511980235577" />
      <trkpt lat="37.557610021904111" lon="-83.742035971954465" />
      <trkpt lat="37.557541960850358" lon="-83.741725003346801" />
      <trkpt lat="37.55745998583734" lon="-83.741285959258676" />
      <trkpt lat="37.557414975017309" lon="-83.740952024236321" />
      <trkpt lat="37.557396031916142" lon="-83.740620017051697" />
      <trkpt lat="37.557400977239013" lon="-83.740518009290099" />
      <trkpt lat="37.557422015815973" lon="-83.740320028737187" />
      <trkpt lat="37.557481024414301" lon="-83.740052981302142" />
      <trkpt lat="37.557541038841009" lon="-83.739901017397642" />
      <trkpt lat="37.557579008862376" lon="-83.739833040162921" />
      <trkpt lat="37.557671964168549" lon="-83.739700019359589" />
      <trkpt lat="37.557800961658359" lon="-83.739555012434721" />
      <trkpt lat="37.557838009670377" lon="-83.739514024928212" />
      <trkpt lat="37.557887965813279" lon="-83.73944403603673" />
      <trkpt lat="37.557962983846664" lon="-83.739278996363282" />
      <trkpt lat="37.558116959407926" lon="-83.738732999190688" />
      <trkpt lat="37.558160964399576" lon="-83.73852202668786" />
      <trkpt lat="37.55838199518621" lon="-83.737797997891903" />
      <trkpt lat="37.558461958542466" lon="-83.737601023167372" />
      <trkpt lat="37.558528007939458" lon="-83.737378986552358" />
      <trkpt lat="37.558600008487701" lon="-83.737184023484588" />
      <trkpt lat="37.55887501873076" lon="-83.736499976366758" />
      <trkpt lat="37.559008961543441" lon="-83.736167969182134" />
      <trkpt lat="37.559057995676994" lon="-83.736020028591156" />
      <trkpt lat="37.559092026203871" lon="-83.735919026657939" />
      <trkpt lat="37.559186993166804" lon="-83.735543014481664" />
      <trkpt lat="37.559272991493344" lon="-83.735049990937114" />
      <trkpt lat="37.559320013970137" lon="-83.734858967363834" />
      <trkpt lat="37.559334011748433" lon="-83.734822003170848" />
      <trkpt lat="37.559419004246593" lon="-83.73459099791944" />
      <trkpt lat="37.559643974527717" lon="-83.734060004353523" />
      <trkpt lat="37.559880008921027" lon="-83.733446029946208" />
      <trkpt lat="37.559962989762425" lon="-83.733284007757902" />
      <trkpt lat="37.560072960332036" lon="-83.733144029974937" />
      <trkpt lat="37.560332966968417" lon="-83.732928028330207" />
      <trkpt lat="37.560397004708648" lon="-83.732869019731879" />
      <trkpt lat="37.560450984165072" lon="-83.732800036668777" />
      <trkpt lat="37.560495994985104" lon="-83.732725018635392" />
      <trkpt lat="37.560531031340361" lon="-83.732644971460104" />
      <trkpt lat="37.560644019395113" lon="-83.732245992869139" />
      <trkpt lat="37.560719037428498" lon="-83.732093023136258" />
      <trkpt lat="37.56085398606956" lon="-83.731875009834766" />
      <trkpt lat="37.560956999659538" lon="-83.731756992638111" />
      <trkpt lat="37.561290012672544" lon="-83.731455998495221" />
      <trkpt lat="37.561350027099252" lon="-83.731325995177031" />
      <trkpt lat="37.561381962150335" lon="-83.731190962716937" />
      <trkpt lat="37.561414986848831" lon="-83.730962974950671" />
      <trkpt lat="37.561508025974035" lon="-83.730669021606445" />
      <trkpt lat="37.56153903901577" lon="-83.730613030493259" />
      <trkpt lat="37.561611961573362" lon="-83.730532983317971" />
      <trkpt lat="37.561702989041805" lon="-83.730499958619475" />
      <trkpt lat="37.561759985983372" lon="-83.730499958619475" />
      <trkpt lat="37.562080007046461" lon="-83.730588974431157" />
      <trkpt lat="37.562441015616059" lon="-83.730664998292923" />
      <trkpt lat="37.562843011692166" lon="-83.730796007439494" />
      <trkpt lat="37.563077034428716" lon="-83.730897009372711" />
      <trkpt lat="37.563156997784972" lon="-83.730919975787401" />
      <trkpt lat="37.563268980011344" lon="-83.730871025472879" />
      <trkpt lat="37.563288006931543" lon="-83.730835989117622" />
      <trkpt lat="37.563297981396317" lon="-83.730791984125972" />
      <trkpt lat="37.563294963911176" lon="-83.730689976364374" />
      <trkpt lat="37.563280966132879" lon="-83.730638008564711" />
      <trkpt lat="37.56325900554657" lon="-83.730584029108286" />
      <trkpt lat="37.563060019165277" lon="-83.730279011651874" />
      <trkpt lat="37.562944013625383" lon="-83.730069966986775" />
      <trkpt lat="37.562891039997339" lon="-83.729919008910656" />
      <trkpt lat="37.562853991985321" lon="-83.729774001985788" />
      <trkpt lat="37.562823984771967" lon="-83.729656990617514" />
      <trkpt lat="37.562779979780316" lon="-83.729482982307673" />
      <trkpt lat="37.562750978395343" lon="-83.729300005361438" />
      <trkpt lat="37.562737986445427" lon="-83.729117028415203" />
      <trkpt lat="37.562742009758949" lon="-83.72902499511838" />
      <trkpt lat="37.562756007537246" lon="-83.728965986520052" />
      <trkpt lat="37.562849968671799" lon="-83.728864984586835" />
      <trkpt lat="37.562985001131892" lon="-83.728774962946773" />
      <trkpt lat="37.563351038843393" lon="-83.728611012920737" />
      <trkpt lat="37.564113037660718" lon="-83.728212034329772" />
      <trkpt lat="37.564438004046679" lon="-83.728030985221267" />
      <trkpt lat="37.564706979319453" lon="-83.727997960522771" />
      <trkpt lat="37.565155997872353" lon="-83.727988991886377" />
      <trkpt lat="37.565295975655317" lon="-83.727969964966178" />
      <trkpt lat="37.565654972568154" lon="-83.727893019095063" />
      <trkpt lat="37.56596602499485" lon="-83.72784499078989" />
      <trkpt lat="37.566630961373448" lon="-83.727802997455001" />
      <trkpt lat="37.56697503849864" lon="-83.727804003283381" />
      <trkpt lat="37.567320959642529" lon="-83.7278220243752" />
      <trkpt lat="37.568568019196391" lon="-83.727919002994895" />
      <trkpt lat="37.569057019427419" lon="-83.727914979681373" />
      <trkpt lat="37.569530010223389" lon="-83.727839039638638" />
      <trkpt lat="37.570008030161262" lon="-83.727722028270364" />
      <trkpt lat="37.570562995970249" lon="-83.727538967505097" />
      <trkpt lat="37.571321977302432" lon="-83.727168990299106" />
      <trkpt lat="37.571565974503756" lon="-83.727043010294437" />
      <trkpt lat="37.571727996692061" lon="-83.726973021402955" />
      <trkpt lat="37.572095040231943" lon="-83.726721983402967" />
      <trkpt lat="37.572621004655957" lon="-83.726308001205325" />
      <trkpt lat="37.573057031258941" lon="-83.725916985422373" />
      <trkpt lat="37.573499009013176" lon="-83.725568968802691" />
      <trkpt lat="37.573656002059579" lon="-83.725428991019726" />
      <trkpt lat="37.573759015649557" lon="-83.725311979651451" />
      <trkpt lat="37.574089011177421" lon="-83.724824991077185" />
      <trkpt lat="37.574167968705297" lon="-83.724729018285871" />
      <trkpt lat="37.574224965646863" lon="-83.724689958617091" />
      <trkpt lat="37.574266958981752" lon="-83.72468501329422" />
      <trkpt lat="37.574315993115306" lon="-83.724680989980698" />
      <trkpt lat="37.574419006705284" lon="-83.724691970273852" />
      <trkpt lat="37.574631990864873" lon="-83.724794983863831" />
      <trkpt lat="37.574790995568037" lon="-83.724901014938951" />
      <trkpt lat="37.574902977794409" lon="-83.724954994395375" />
      <trkpt lat="37.574987970292568" lon="-83.724978966638446" />
      <trkpt lat="37.575103975832462" lon="-83.724980978295207" />
      <trkpt lat="37.575350990518928" lon="-83.724932027980685" />
      <trkpt lat="37.576102009043097" lon="-83.724739998579025" />
      <trkpt lat="37.577321995049715" lon="-83.724450990557671" />
      <trkpt lat="37.577878972515464" lon="-83.724292991682887" />
      <trkpt lat="37.578100003302097" lon="-83.724225014448166" />
      <trkpt lat="37.578323967754841" lon="-83.724129041656852" />
      <trkpt lat="37.578551033511758" lon="-83.724004989489913" />
      <trkpt lat="37.578773992136121" lon="-83.723838021978736" />
      <trkpt lat="37.578966021537781" lon="-83.723662002012134" />
      <trkpt lat="37.579074986279011" lon="-83.723542978987098" />
      <trkpt lat="37.579121002927423" lon="-83.723476007580757" />
      <trkpt lat="37.579148998484015" lon="-83.723395960405469" />
      <trkpt lat="37.57920297794044" lon="-83.722986001521349" />
      <trkpt lat="37.579241031780839" lon="-83.722836971282959" />
      <trkpt lat="37.579357959330082" lon="-83.722542012110353" />
      <trkpt lat="37.579443035647273" lon="-83.722361968830228" />
      <trkpt lat="37.579526016488671" lon="-83.722187960520387" />
      <trkpt lat="37.57954596541822" lon="-83.722144039347768" />
      <trkpt lat="37.579473964869976" lon="-83.72208503074944" />
      <trkpt lat="37.579423002898693" lon="-83.72202099300921" />
      <trkpt lat="37.579396013170481" lon="-83.721981011331081" />
      <trkpt lat="37.579342033714056" lon="-83.721883026883006" />
      <trkpt lat="37.579311020672321" lon="-83.721803985536098" />
      <trkpt lat="37.579284030944109" lon="-83.721701977774501" />
      <trkpt lat="37.579269027337432" lon="-83.72163500636816" />
      <trkpt lat="37.579260980710387" lon="-83.72150500304997" />
      <trkpt lat="37.57926500402391" lon="-83.721409030258656" />
      <trkpt lat="37.579276990145445" lon="-83.721291013062" />
      <trkpt lat="37.579306997358799" lon="-83.721122033894062" />
      <trkpt lat="37.579366005957127" lon="-83.72083998285234" />
      <trkpt lat="37.57943800650537" lon="-83.720501018688083" />
      <trkpt lat="37.57948100566864" lon="-83.72028199955821" />
      <trkpt lat="37.579491985961795" lon="-83.720213016495109" />
      <trkpt lat="37.579516964033246" lon="-83.720016963779926" />
      <trkpt lat="37.579520987346768" lon="-83.719952004030347" />
      <trkpt lat="37.57952400483191" lon="-83.719888972118497" />
      <trkpt lat="37.57952299900353" lon="-83.719827029854059" />
      <trkpt lat="37.579510007053614" lon="-83.719640029594302" />
      <trkpt lat="37.579470025375485" lon="-83.719395026564598" />
      <trkpt lat="37.57939400151372" lon="-83.719065031036735" />
      <trkpt lat="37.579320995137095" lon="-83.718767976388335" />
      <trkpt lat="37.578989993780851" lon="-83.717479007318616" />
      <trkpt lat="37.578768040984869" lon="-83.716636961326003" />
      <trkpt lat="37.578702997416258" lon="-83.716422971338034" />
      <trkpt lat="37.578640971332788" lon="-83.716195989400148" />
      <trkpt lat="37.578623034060001" lon="-83.716110996901989" />
      <trkpt lat="37.578585986047983" lon="-83.715973030775785" />
      <trkpt lat="37.578549021854997" lon="-83.715802961960435" />
      <trkpt lat="37.578347017988563" lon="-83.715033000335097" />
      <trkpt lat="37.578238975256681" lon="-83.714657993987203" />
      <trkpt lat="37.578159011900425" lon="-83.714393964037299" />
      <trkpt lat="37.578109977766871" lon="-83.714249962940812" />
      <trkpt lat="37.578048035502434" lon="-83.714038990437984" />
      <trkpt lat="37.57801802828908" lon="-83.713944023475051" />
      <trkpt lat="37.577918032184243" lon="-83.713689967989922" />
      <trkpt lat="37.577860029414296" lon="-83.713531969115138" />
      <trkpt lat="37.577753998339176" lon="-83.713344968855381" />
      <trkpt lat="37.577657019719481" lon="-83.71316903270781" />
      <trkpt lat="37.577319983392954" lon="-83.712624041363597" />
      <trkpt lat="37.577100964263082" lon="-83.712328998371959" />
      <trkpt lat="37.576899966225028" lon="-83.712081983685493" />
      <trkpt lat="37.576770968735218" lon="-83.711922978982329" />
      <trkpt lat="37.576502999290824" lon="-83.711677975952625" />
      <trkpt lat="37.575261974707246" lon="-83.710452960804105" />
      <trkpt lat="37.574838018044829" lon="-83.710006037726998" />
      <trkpt lat="37.574563007801771" lon="-83.709690039977431" />
      <trkpt lat="37.574445996433496" lon="-83.709556013345718" />
      <trkpt lat="37.573841996490955" lon="-83.708505006507039" />
      <trkpt lat="37.573420973494649" lon="-83.707787012681365" />
      <trkpt lat="37.573329024016857" lon="-83.707609986886382" />
      <trkpt lat="37.573260962963104" lon="-83.707456011325121" />
      <trkpt lat="37.573230033740401" lon="-83.707366995513439" />
      <trkpt lat="37.573203966021538" lon="-83.707273034378886" />
      <trkpt lat="37.573167001828551" lon="-83.707096008583903" />
      <trkpt lat="37.573145041242242" lon="-83.707013027742505" />
      <trkpt lat="37.573101036250591" lon="-83.706708010286093" />
      <trkpt lat="37.573065999895334" lon="-83.706365022808313" />
      <trkpt lat="37.572383964434266" lon="-83.706430988386273" />
      <trkpt lat="37.572337025776505" lon="-83.706436017528176" />
      <trkpt lat="37.572307018563151" lon="-83.706439035013318" />
      <trkpt lat="37.572235018014908" lon="-83.70644599199295" />
      <trkpt lat="37.572049023583531" lon="-83.70646501891315" />
      <trkpt lat="37.571489028632641" lon="-83.706506006419659" />
      <trkpt lat="37.571416022256017" lon="-83.706511035561562" />
      <trkpt lat="37.57112299092114" lon="-83.706527967005968" />
      <trkpt lat="37.570225959643722" lon="-83.706575995311141" />
      <trkpt lat="37.570019010454416" lon="-83.706577001139522" />
      <trkpt lat="37.568893991410732" lon="-83.706628968939185" />
      <trkpt lat="37.568779997527599" lon="-83.706635003909469" />
      <trkpt lat="37.568590985611081" lon="-83.706657970324159" />
      <trkpt lat="37.568578999489546" lon="-83.706710021942854" />
      <trkpt lat="37.568445978686213" lon="-83.707156023010612" />
      <trkpt lat="37.568385964259505" lon="-83.707356015220284" />
      <trkpt lat="37.567953960970044" lon="-83.708811029791832" />
      <trkpt lat="37.567667970433831" lon="-83.709809985011816" />
      <trkpt lat="37.567625977098942" lon="-83.709954991936684" />
      <trkpt lat="37.567564034834504" lon="-83.710165964439511" />
      <trkpt lat="37.567410981282592" lon="-83.710688995197415" />
      <trkpt lat="37.567332023754716" lon="-83.710903991013765" />
      <trkpt lat="37.567282989621162" lon="-83.711002981290221" />
      <trkpt lat="37.567223981022835" lon="-83.711097026243806" />
      <trkpt lat="37.567120967432857" lon="-83.711229963228106" />
      <trkpt lat="37.567071011289954" lon="-83.711268017068505" />
      <trkpt lat="37.567009991034865" lon="-83.711313027888536" />
      <trkpt lat="37.566915024071932" lon="-83.711355021223426" />
      <trkpt lat="37.566819973289967" lon="-83.71138796210289" />
      <trkpt lat="37.566759036853909" lon="-83.711400032043457" />
      <trkpt lat="37.566639008000493" lon="-83.711406989023089" />
      <trkpt lat="37.566586034372449" lon="-83.711404977366328" />
      <trkpt lat="37.566433986648917" lon="-83.711376981809735" />
      <trkpt lat="37.566211028024554" lon="-83.711272040382028" />
      <trkpt lat="37.565939035266638" lon="-83.711131978780031" />
      <trkpt lat="37.565620020031929" lon="-83.711004992946982" />
      <trkpt lat="37.564224014058709" lon="-83.71048497967422" />
      <trkpt lat="37.564099039882421" lon="-83.710413984954357" />
      <trkpt lat="37.56397096440196" lon="-83.710325974971056" />
      <trkpt lat="37.563854958862066" lon="-83.710222039371729" />
      <trkpt lat="37.563754040747881" lon="-83.710098993033171" />
      <trkpt lat="37.56366703659296" lon="-83.709958009421825" />
      <trkpt lat="37.563601993024349" lon="-83.709801016375422" />
      <trkpt lat="37.563546001911163" lon="-83.709635976701975" />
      <trkpt lat="37.563361013308167" lon="-83.708950001746416" />
      <trkpt lat="37.563318014144897" lon="-83.708833996206522" />
      <trkpt lat="37.563293036073446" lon="-83.708778005093336" />
      <trkpt lat="37.563206031918526" lon="-83.708624029532075" />
      <trkpt lat="37.563134031370282" lon="-83.708514980971813" />
      <trkpt lat="37.563057001680136" lon="-83.708409033715725" />
      <trkpt lat="37.562819039449096" lon="-83.708164030686021" />
      <trkpt lat="37.562540005892515" lon="-83.707902012392879" />
      <trkpt lat="37.562125017866492" lon="-83.707514014095068" />
      <trkpt lat="37.561983028426766" lon="-83.707399014383554" />
      <trkpt lat="37.561846990138292" lon="-83.707316033542156" />
      <trkpt lat="37.561705000698566" lon="-83.707258030772209" />
      <trkpt lat="37.56160500459373" lon="-83.707224000245333" />
      <trkpt lat="37.561553036794066" lon="-83.707213019952178" />
      <trkpt lat="37.561396965757012" lon="-83.707192987203598" />
      <trkpt lat="37.5612180121243" lon="-83.707183012738824" />
      <trkpt lat="37.561083985492587" lon="-83.70717303827405" />
      <trkpt lat="37.560769999399781" lon="-83.707170020788908" />
      <trkpt lat="37.560614012181759" lon="-83.70717303827405" />
      <trkpt lat="37.560459030792117" lon="-83.707186030223966" />
      <trkpt lat="37.560302959755063" lon="-83.707214025780559" />
      <trkpt lat="37.560205981135368" lon="-83.707244032993913" />
      <trkpt lat="37.560009006410837" lon="-83.707318967208266" />
      <trkpt lat="37.559857964515686" lon="-83.707397002726793" />
      <trkpt lat="37.559717986732721" lon="-83.707488030195236" />
      <trkpt lat="37.559537021443248" lon="-83.707639994099736" />
      <trkpt lat="37.559408023953438" lon="-83.707772009074688" />
      <trkpt lat="37.559324959293008" lon="-83.707867981866002" />
      <trkpt lat="37.559205014258623" lon="-83.708020029589534" />
      <trkpt lat="37.55876999348402" lon="-83.708613971248269" />
      <trkpt lat="37.558241011574864" lon="-83.709350991994143" />
      <trkpt lat="37.557880003005266" lon="-83.70986295863986" />
      <trkpt lat="37.557248007506132" lon="-83.710743980482221" />
      <trkpt lat="37.556960005313158" lon="-83.711145976558328" />
      <trkpt lat="37.556894961744547" lon="-83.71123599819839" />
      <trkpt lat="37.556538982316852" lon="-83.711741007864475" />
      <trkpt lat="37.556122988462448" lon="-83.712328998371959" />
      <trkpt lat="37.555398037657142" lon="-83.713339017704129" />
      <trkpt lat="37.554802000522614" lon="-83.714190032333136" />
      <trkpt lat="37.554002031683922" lon="-83.715301975607872" />
      <trkpt lat="37.553348997607827" lon="-83.716223984956741" />
      <trkpt lat="37.552888998761773" lon="-83.716877019032836" />
      <trkpt lat="37.552709961310029" lon="-83.717128979042172" />
      <trkpt lat="37.552491025999188" lon="-83.717437013983727" />
      <trkpt lat="37.552042007446289" lon="-83.718064986169338" />
      <trkpt lat="37.551016984507442" lon="-83.719513965770602" />
      <trkpt lat="37.550858985632658" lon="-83.719733990728855" />
      <trkpt lat="37.55034601315856" lon="-83.720451984554529" />
      <trkpt lat="37.550127999857068" lon="-83.720763036981225" />
      <trkpt lat="37.549804961308837" lon="-83.721224963665009" />
      <trkpt lat="37.549646962434053" lon="-83.721447000280023" />
      <trkpt lat="37.549237003549933" lon="-83.72202199883759" />
      <trkpt lat="37.548460001125932" lon="-83.723110975697637" />
      <trkpt lat="37.547979969531298" lon="-83.723786976188421" />
      <trkpt lat="37.547704959288239" lon="-83.724172962829471" />
      <trkpt lat="37.547226017341018" lon="-83.724847035482526" />
      <trkpt lat="37.547177989035845" lon="-83.724915012717247" />
      <trkpt lat="37.547002974897623" lon="-83.725164039060473" />
      <trkpt lat="37.546504000201821" lon="-83.725872980430722" />
      <trkpt lat="37.545100031420588" lon="-83.727837027981877" />
      <trkpt lat="37.544336020946503" lon="-83.72814598493278" />
      <trkpt lat="37.543435972183943" lon="-83.728210022673011" />
      <trkpt lat="37.542681014165282" lon="-83.7282520160079" />
      <trkpt lat="37.542152032256126" lon="-83.728270037099719" />
      <trkpt lat="37.541064983233809" lon="-83.728351006284356" />
      <trkpt lat="37.539844997227192" lon="-83.728526020422578" />
      <trkpt lat="37.53745699301362" lon="-83.729109987616539" />
      <trkpt lat="37.536601033061743" lon="-83.729296987876296" />
      <trkpt lat="37.535851020365953" lon="-83.72947895899415" />
      <trkpt lat="37.535367971286178" lon="-83.729533022269607" />
      <trkpt lat="37.535187005996704" lon="-83.729581972584128" />
      <trkpt lat="37.535031018778682" lon="-83.729623965919018" />
      <trkpt lat="37.534989025443792" lon="-83.729635030031204" />
      <trkpt lat="37.53322497010231" lon="-83.730266019701958" />
      <trkpt lat="37.533170990645885" lon="-83.730179015547037" />
      <trkpt lat="37.533124973997474" lon="-83.730087988078594" />
      <trkpt lat="37.533035958185792" lon="-83.729912973940372" />
      <trkpt lat="37.532894974574447" lon="-83.729654978960752" />
      <trkpt lat="37.532860022038221" lon="-83.729598987847567" />
      <trkpt lat="37.532818028703332" lon="-83.729546014219522" />
      <trkpt lat="37.532782992348075" lon="-83.729511983692646" />
      <trkpt lat="37.532710991799831" lon="-83.729470996186137" />
      <trkpt lat="37.532510999590158" lon="-83.729421962052584" />
      <trkpt lat="37.532414020970464" lon="-83.729409975931048" />
      <trkpt lat="37.532323999330401" lon="-83.729378040879965" />
      <trkpt lat="37.532230960205197" lon="-83.729319032281637" />
      <trkpt lat="37.532154014334083" lon="-83.729235967621207" />
      <trkpt lat="37.532029962167144" lon="-83.729010997340083" />
      <trkpt lat="37.531881015747786" lon="-83.728758031502366" />
      <trkpt lat="37.531801974400878" lon="-83.728656023740768" />
      <trkpt lat="37.531557977199554" lon="-83.728400962427258" />
      <trkpt lat="37.531507015228271" lon="-83.728341031819582" />
      <trkpt lat="37.531476002186537" lon="-83.728297026827931" />
      <trkpt lat="37.531433003023267" lon="-83.728221002966166" />
      <trkpt lat="37.531411964446306" lon="-83.728170963004231" />
      <trkpt lat="37.5313760060817" lon="-83.728048000484705" />
      <trkpt lat="37.531353961676359" lon="-83.727917997166514" />
      <trkpt lat="37.531321020796895" lon="-83.72760702855885" />
      <trkpt lat="37.531295036897063" lon="-83.727427991107106" />
      <trkpt lat="37.531239967793226" lon="-83.727146023884416" />
      <trkpt lat="37.531219013035297" lon="-83.727002022787929" />
      <trkpt lat="37.531208032742143" lon="-83.7268359772861" />
      <trkpt lat="37.531210966408253" lon="-83.726688036695123" />
      <trkpt lat="37.53122597001493" lon="-83.726542023941875" />
      <trkpt lat="37.53122597001493" lon="-83.726398022845387" />
      <trkpt lat="37.531196968629956" lon="-83.726243963465095" />
      <trkpt lat="37.531185988336802" lon="-83.72621102258563" />
      <trkpt lat="37.531129997223616" lon="-83.726102979853749" />
      <trkpt lat="37.530961018055677" lon="-83.725885972380638" />
      <trkpt lat="37.530582994222641" lon="-83.725290019065142" />
      <trkpt lat="37.530554998666048" lon="-83.725246014073491" />
      <trkpt lat="37.53045299090445" lon="-83.725120034068823" />
      <trkpt lat="37.530352994799614" lon="-83.725020037963986" />
      <trkpt lat="37.530167000368237" lon="-83.724849969148636" />
      <trkpt lat="37.53006499260664" lon="-83.724741004407406" />
      <trkpt lat="37.530005984008312" lon="-83.724657017737627" />
      <trkpt lat="37.52993599511683" lon="-83.724531959742308" />
      <trkpt lat="37.529884027317166" lon="-83.724394999444485" />
      <trkpt lat="37.529860977083445" lon="-83.724256027489901" />
      <trkpt lat="37.529859971255064" lon="-83.724110014736652" />
      <trkpt lat="37.529883021488786" lon="-83.723970036953688" />
      <trkpt lat="37.529918979853392" lon="-83.723831987008452" />
      <trkpt lat="37.530041020363569" lon="-83.723453041166067" />
      <trkpt lat="37.530136993154883" lon="-83.723128996789455" />
      <trkpt lat="37.53019499592483" lon="-83.722895979881287" />
      <trkpt lat="37.530216034501791" lon="-83.722743010148406" />
      <trkpt lat="37.530220979824662" lon="-83.722620969638228" />
      <trkpt lat="37.530204970389605" lon="-83.722427012398839" />
      <trkpt lat="37.530176974833012" lon="-83.72227999381721" />
      <trkpt lat="37.530141016468406" lon="-83.722138004377484" />
      <trkpt lat="37.53006599843502" lon="-83.721881015226245" />
      <trkpt lat="37.530015036463737" lon="-83.721637018024921" />
      <trkpt lat="37.530004978179932" lon="-83.721468960866332" />
      <trkpt lat="37.530016964301467" lon="-83.721338035538793" />
      <trkpt lat="37.530044037848711" lon="-83.721241978928447" />
      <trkpt lat="37.530079996213317" lon="-83.721158998087049" />
      <trkpt lat="37.530163982883096" lon="-83.721037041395903" />
      <trkpt lat="37.530247969552875" lon="-83.720955988392234" />
      <trkpt lat="37.530335979536176" lon="-83.720890022814274" />
      <trkpt lat="37.530416026711464" lon="-83.72084098868072" />
      <trkpt lat="37.530586011707783" lon="-83.720738980919123" />
      <trkpt lat="37.530704028904438" lon="-83.720654994249344" />
      <trkpt lat="37.530798995867372" lon="-83.720567990094423" />
      <trkpt lat="37.530894968658686" lon="-83.72045299038291" />
      <trkpt lat="37.530923970043659" lon="-83.720406973734498" />
      <trkpt lat="37.530965963378549" lon="-83.72032499872148" />
      <trkpt lat="37.531002005562186" lon="-83.720189966261387" />
      <trkpt lat="37.531005023047328" lon="-83.720072032883763" />
      <trkpt lat="37.530984990298748" lon="-83.719971030950546" />
      <trkpt lat="37.530969986692071" lon="-83.71991696767509" />
      <trkpt lat="37.530922964215279" lon="-83.719803979620337" />
      <trkpt lat="37.530897986143827" lon="-83.719757962971926" />
      <trkpt lat="37.530852975323796" lon="-83.719691997393966" />
      <trkpt lat="37.530787009745836" lon="-83.719617985188961" />
      <trkpt lat="37.53066698089242" lon="-83.719524024054408" />
      <trkpt lat="37.530350983142853" lon="-83.719327971339226" />
      <trkpt lat="37.530231960117817" lon="-83.719276003539562" />
      <trkpt lat="37.530106985941529" lon="-83.719230992719531" />
      <trkpt lat="37.529875980690122" lon="-83.7191859818995" />
      <trkpt lat="37.529789982363582" lon="-83.71916402131319" />
      <trkpt lat="37.52972099930048" lon="-83.719130996614695" />
      <trkpt lat="37.529664002358913" lon="-83.719081962481141" />
      <trkpt lat="37.529625026509166" lon="-83.719031000509858" />
      <trkpt lat="37.529449006542563" lon="-83.71866999194026" />
      <trkpt lat="37.529373988509178" lon="-83.718551974743605" />
      <trkpt lat="37.529256977140903" lon="-83.718420965597034" />
      <trkpt lat="37.529171984642744" lon="-83.718349970877171" />
      <trkpt lat="37.529053967446089" lon="-83.718273025006056" />
      <trkpt lat="37.528487015515566" lon="-83.717994997277856" />
      <trkpt lat="37.528360029682517" lon="-83.717943029478192" />
      <trkpt lat="37.528163976967335" lon="-83.717847978696227" />
      <trkpt lat="37.527947975322604" lon="-83.717718981206417" />
      <trkpt lat="37.52787496894598" lon="-83.717646980658174" />
      <trkpt lat="37.527828030288219" lon="-83.717566011473536" />
      <trkpt lat="37.527800034731627" lon="-83.717476995661855" />
      <trkpt lat="37.527791988104582" lon="-83.717384962365031" />
      <trkpt lat="37.527798023074865" lon="-83.717309022322297" />
      <trkpt lat="37.527819983661175" lon="-83.717201985418797" />
      <trkpt lat="37.527846973389387" lon="-83.717109030112624" />
      <trkpt lat="37.527949986979365" lon="-83.716820022091269" />
      <trkpt lat="37.527988962829113" lon="-83.716687001287937" />
      <trkpt lat="37.528020981699228" lon="-83.716526990756392" />
      <trkpt lat="37.528083007782698" lon="-83.716007983312011" />
      <trkpt lat="37.528111003339291" lon="-83.71585501357913" />
      <trkpt lat="37.528146961703897" lon="-83.715707994997501" />
      <trkpt lat="37.528260033577681" lon="-83.715332988649607" />
      <trkpt lat="37.528365980833769" lon="-83.714925963431597" />
      <trkpt lat="37.528411997482181" lon="-83.714786991477013" />
      <trkpt lat="37.528470000252128" lon="-83.714638967067003" />
      <trkpt lat="37.528531020507216" lon="-83.714496977627277" />
      <trkpt lat="37.528600003570318" lon="-83.714363034814596" />
      <trkpt lat="37.528686001896858" lon="-83.714242000132799" />
      <trkpt lat="37.52877501770854" lon="-83.714142004027963" />
      <trkpt lat="37.528839977458119" lon="-83.714087018743157" />
      <trkpt lat="37.528924969956279" lon="-83.714025998488069" />
      <trkpt lat="37.529222024604678" lon="-83.713858025148511" />
      <trkpt lat="37.529329983517528" lon="-83.713784012943506" />
      <trkpt lat="37.529427967965603" lon="-83.713696002960205" />
      <trkpt lat="37.529509020969272" lon="-83.713612016290426" />
      <trkpt lat="37.529586972668767" lon="-83.71349299326539" />
      <trkpt lat="37.529656961560249" lon="-83.713357960805297" />
      <trkpt lat="37.529714964330196" lon="-83.713221000507474" />
      <trkpt lat="37.529831975698471" lon="-83.712906008586287" />
      <trkpt lat="37.529927026480436" lon="-83.712667040526867" />
      <trkpt lat="37.529989974573255" lon="-83.712531002238393" />
      <trkpt lat="37.530030040070415" lon="-83.712453972548246" />
      <trkpt lat="37.530059963464737" lon="-83.712407033890486" />
      <trkpt lat="37.530133975669742" lon="-83.712307037785649" />
      <trkpt lat="37.530201030895114" lon="-83.712230008095503" />
      <trkpt lat="37.530285017564893" lon="-83.712160019204021" />
      <trkpt lat="37.530617024749517" lon="-83.71196698397398" />
      <trkpt lat="37.530732024461031" lon="-83.711879979819059" />
      <trkpt lat="37.530779968947172" lon="-83.711826000362635" />
      <trkpt lat="37.530813999474049" lon="-83.711756011471152" />
      <trkpt lat="37.530831014737487" lon="-83.71166598983109" />
      <trkpt lat="37.530833026394248" lon="-83.711623996496201" />
      <trkpt lat="37.530813999474049" lon="-83.711508996784687" />
      <trkpt lat="37.53079597838223" lon="-83.711455017328262" />
      <trkpt lat="37.53075297921896" lon="-83.711358038708568" />
      <trkpt lat="37.530724983662367" lon="-83.711307998746634" />
      <trkpt lat="37.530663963407278" lon="-83.711233986541629" />
      <trkpt lat="37.530576037243009" lon="-83.711165003478527" />
      <trkpt lat="37.530469000339508" lon="-83.711089985445142" />
      <trkpt lat="37.530361041426659" lon="-83.711001975461841" />
      <trkpt lat="37.5302570220083" lon="-83.710893010720611" />
      <trkpt lat="37.530163982883096" lon="-83.710764013230801" />
      <trkpt lat="37.53010899759829" lon="-83.710670974105597" />
      <trkpt lat="37.530047977343202" lon="-83.710552034899592" />
      <trkpt lat="37.529950998723507" lon="-83.710328992456198" />
      <trkpt lat="37.529835999011993" lon="-83.710039984434843" />
      <trkpt lat="37.529771961271763" lon="-83.709936970844865" />
      <trkpt lat="37.529683029279113" lon="-83.709844015538692" />
      <trkpt lat="37.529585966840386" lon="-83.709770003333688" />
      <trkpt lat="37.529427967965603" lon="-83.709674030542374" />
      <trkpt lat="37.528992025181651" lon="-83.709426010027528" />
      <trkpt lat="37.528888005763292" lon="-83.709354009479284" />
      <trkpt lat="37.528792032971978" lon="-83.709268011152744" />
      <trkpt lat="37.528688013553619" lon="-83.709144964814186" />
      <trkpt lat="37.528619030490518" lon="-83.709041029214859" />
      <trkpt lat="37.528448961675167" lon="-83.708759984001517" />
      <trkpt lat="37.528184009715915" lon="-83.708324041217566" />
      <trkpt lat="37.528143022209406" lon="-83.708244999870658" />
      <trkpt lat="37.52813003025949" lon="-83.708192026242614" />
      <trkpt lat="37.528129024431109" lon="-83.708153972402215" />
      <trkpt lat="37.528135981410742" lon="-83.708112984895706" />
      <trkpt lat="37.528065992519259" lon="-83.708069985732436" />
      <trkpt lat="37.52791796810925" lon="-83.708066968247294" />
      <trkpt lat="37.527842028066516" lon="-83.708065040409565" />
      <trkpt lat="37.527720993384719" lon="-83.708059005439281" />
      <trkpt lat="37.527527958154678" lon="-83.708049030974507" />
      <trkpt lat="37.527026971802115" lon="-83.708001002669334" />
      <trkpt lat="37.526608966290951" lon="-83.707981975749135" />
      <trkpt lat="37.526354994624853" lon="-83.70799102820456" />
      <trkpt lat="37.526247035712004" lon="-83.708005025982857" />
      <trkpt lat="37.526147961616516" lon="-83.708024974912405" />
      <trkpt lat="37.526055006310344" lon="-83.708064034581184" />
      <trkpt lat="37.525974037125707" lon="-83.708140980452299" />
      <trkpt lat="37.525894995778799" lon="-83.708244999870658" />
      <trkpt lat="37.525749988853931" lon="-83.70846301317215" />
      <trkpt lat="37.525482019409537" lon="-83.708865009248257" />
      <trkpt lat="37.525319997221231" lon="-83.709078999236226" />
      <trkpt lat="37.525155041366816" lon="-83.709256025031209" />
      <trkpt lat="37.524868967011571" lon="-83.709439001977444" />
      <trkpt lat="37.524709962308407" lon="-83.709499016404152" />
      <trkpt lat="37.524475017562509" lon="-83.709566993638873" />
      <trkpt lat="37.524315007030964" lon="-83.709636982530355" />
      <trkpt lat="37.524259015917778" lon="-83.709672018885612" />
      <trkpt lat="37.524234959855676" lon="-83.70968802832067" />
      <trkpt lat="37.524086013436317" lon="-83.709833035245538" />
      <trkpt lat="37.524019964039326" lon="-83.709910986945033" />
      <trkpt lat="37.523890966549516" lon="-83.710103016346693" />
      <trkpt lat="37.523692985996604" lon="-83.710479028522968" />
      <trkpt lat="37.523337006568909" lon="-83.711268017068505" />
      <trkpt lat="37.523285960778594" lon="-83.711354015395045" />
      <trkpt lat="37.523165009915829" lon="-83.711503967642784" />
      <trkpt lat="37.523098038509488" lon="-83.711562976241112" />
      <trkpt lat="37.523007011041045" lon="-83.711613016203046" />
      <trkpt lat="37.522752033546567" lon="-83.711702032014728" />
      <trkpt lat="37.522711968049407" lon="-83.711711000651121" />
      <trkpt lat="37.522553969174623" lon="-83.711744025349617" />
      <trkpt lat="37.52243896946311" lon="-83.711747964844108" />
      <trkpt lat="37.522255992516875" lon="-83.711700020357966" />
      <trkpt lat="37.522069998085499" lon="-83.711609998717904" />
      <trkpt lat="37.521760035306215" lon="-83.711399026215076" />
      <trkpt lat="37.521676970645785" lon="-83.711359966546297" />
      <trkpt lat="37.521582003682852" lon="-83.711341023445129" />
      <trkpt lat="37.521373964846134" lon="-83.711337000131607" />
      <trkpt lat="37.520530996844172" lon="-83.711397014558315" />
      <trkpt lat="37.520444998517632" lon="-83.711413023993373" />
      <trkpt lat="37.520274007692933" lon="-83.711504973471165" />
      <trkpt lat="37.520185997709632" lon="-83.711578985676169" />
      <trkpt lat="37.520018024370074" lon="-83.711758023127913" />
      <trkpt lat="37.519818032160401" lon="-83.712087012827396" />
      <trkpt lat="37.519616028293967" lon="-83.712470987811685" />
      <trkpt lat="37.519588032737374" lon="-83.71252303943038" />
      <trkpt lat="37.519399020820856" lon="-83.712772987782955" />
      <trkpt lat="37.519374964758754" lon="-83.71280400082469" />
      <trkpt lat="37.519039018079638" lon="-83.713153023272753" />
      <trkpt lat="37.518587987869978" lon="-83.713619979098439" />
      <trkpt lat="37.518415991216898" lon="-83.713773032650352" />
      <trkpt lat="37.518070992082357" lon="-83.714113002642989" />
      <trkpt lat="37.51756195910275" lon="-83.714575013145804" />
      <trkpt lat="37.517287032678723" lon="-83.714772993698716" />
      <trkpt lat="37.517054015770555" lon="-83.714895034208894" />
      <trkpt lat="37.516828961670399" lon="-83.714969968423247" />
      <trkpt lat="37.516450015828013" lon="-83.715095026418567" />
      <trkpt lat="37.516254968941212" lon="-83.715202985331416" />
      <trkpt lat="37.515955986455083" lon="-83.715401971712708" />
      <trkpt lat="37.515763035044074" lon="-83.715581009164453" />
      <trkpt lat="37.515663960948586" lon="-83.715724004432559" />
      <trkpt lat="37.515629008412361" lon="-83.715801034122705" />
      <trkpt lat="37.515577962622046" lon="-83.715969007462263" />
      <trkpt lat="37.51556103117764" lon="-83.716059029102325" />
      <trkpt lat="37.515510991215706" lon="-83.716524979099631" />
      <trkpt lat="37.5154750328511" lon="-83.716720025986433" />
      <trkpt lat="37.515419963747263" lon="-83.716912977397442" />
      <trkpt lat="37.515340000391006" lon="-83.717096960172057" />
      <trkpt lat="37.514976980164647" lon="-83.717728033661842" />
      <trkpt lat="37.514899028465152" lon="-83.717838004231453" />
      <trkpt lat="37.514833984896541" lon="-83.717898018658161" />
      <trkpt lat="37.514762990176678" lon="-83.717920985072851" />
      <trkpt lat="37.514674980193377" lon="-83.717919979244471" />
      <trkpt lat="37.514579007402062" lon="-83.717924002557993" />
      <trkpt lat="37.514468031004071" lon="-83.717927020043135" />
      <trkpt lat="37.514342973008752" lon="-83.717929031699896" />
      <trkpt lat="37.514212969690561" lon="-83.717932971194386" />
      <trkpt lat="37.513809967786074" lon="-83.717938000336289" />
      <trkpt lat="37.513673007488251" lon="-83.71793900616467" />
      <trkpt lat="37.513253996148705" lon="-83.717934982851148" />
      <trkpt lat="37.512831967324018" lon="-83.717936994507909" />
      <trkpt lat="37.512699030339718" lon="-83.717930037528276" />
      <trkpt lat="37.512573972344398" lon="-83.717904975637794" />
      <trkpt lat="37.512457966804504" lon="-83.717855019494891" />
      <trkpt lat="37.512352019548416" lon="-83.717786958441138" />
      <trkpt lat="37.512246994301677" lon="-83.71770397759974" />
      <trkpt lat="37.512031998485327" lon="-83.717511026188731" />
      <trkpt lat="37.511912975460291" lon="-83.717421004548669" />
      <trkpt lat="37.511798981577158" lon="-83.717320002615452" />
      <trkpt lat="37.511689011007547" lon="-83.717216989025474" />
      <trkpt lat="37.511580968275666" lon="-83.717123027890921" />
      <trkpt lat="37.511381981894374" lon="-83.716955976560712" />
      <trkpt lat="37.51128600910306" lon="-83.716898979619145" />
      <trkpt lat="37.511196993291378" lon="-83.716852040961385" />
      <trkpt lat="37.51111401244998" lon="-83.716836031526327" />
      <trkpt lat="37.511038994416595" lon="-83.716846005991101" />
      <trkpt lat="37.510979985818267" lon="-83.716884981840849" />
      <trkpt lat="37.510938998311758" lon="-83.716949019581079" />
      <trkpt lat="37.510912008583546" lon="-83.717036023736" />
      <trkpt lat="37.510888958349824" lon="-83.717145994305611" />
      <trkpt lat="37.510874960571527" lon="-83.717277003452182" />
      <trkpt lat="37.510874960571527" lon="-83.717422010377049" />
      <trkpt lat="37.510821986943483" lon="-83.717571962624788" />
      <trkpt lat="37.510794997215271" lon="-83.717727027833462" />
      <trkpt lat="37.510760966688395" lon="-83.717884020879865" />
      <trkpt lat="37.51072802580893" lon="-83.71804503723979" />
      <trkpt lat="37.510690977796912" lon="-83.71819700114429" />
      <trkpt lat="37.510657031089067" lon="-83.718351982533932" />
      <trkpt lat="37.510613026097417" lon="-83.718503024429083" />
      <trkpt lat="37.510553011670709" lon="-83.718641996383667" />
      <trkpt lat="37.510477993637323" lon="-83.718764036893845" />
      <trkpt lat="37.510394006967545" lon="-83.718875013291836" />
      <trkpt lat="37.51029996201396" lon="-83.718980960547924" />
      <trkpt lat="37.510095024481416" lon="-83.719198973849416" />
      <trkpt lat="37.50999603420496" lon="-83.719342974945903" />
      <trkpt lat="37.509880028665066" lon="-83.719455963000655" />
      <trkpt lat="37.509834012016654" lon="-83.719515977427363" />
      <trkpt lat="37.509747007861733" lon="-83.719582026824355" />
      <trkpt lat="37.509698979556561" lon="-83.719619996845722" />
      <trkpt lat="37.509582974016666" lon="-83.719750000163913" />
      <trkpt lat="37.509506028145552" lon="-83.719872962683439" />
      <trkpt lat="37.509447019547224" lon="-83.720001960173249" />
      <trkpt lat="37.50939697958529" lon="-83.720134980976582" />
      <trkpt lat="37.509381975978613" lon="-83.720272025093436" />
      <trkpt lat="37.509303018450737" lon="-83.720399010926485" />
      <trkpt lat="37.509230012074113" lon="-83.720527002587914" />
      <trkpt lat="37.509149964898825" lon="-83.720640996471047" />
      <trkpt lat="37.509056003764272" lon="-83.720741998404264" />
      <trkpt lat="37.508956007659435" lon="-83.720832020044327" />
      <trkpt lat="37.508847964927554" lon="-83.720919024199247" />
      <trkpt lat="37.508608996868134" lon="-83.721100995317101" />
      <trkpt lat="37.508479999378324" lon="-83.721195962280035" />
      <trkpt lat="37.508348990231752" lon="-83.721294030547142" />
      <trkpt lat="37.508214963600039" lon="-83.721382040530443" />
      <trkpt lat="37.508075991645455" lon="-83.721471978351474" />
      <trkpt lat="37.507939031347632" lon="-83.721564011648297" />
      <trkpt lat="37.507817996665835" lon="-83.721641041338444" />
      <trkpt lat="37.507693022489548" lon="-83.72169996611774" />
      <trkpt lat="37.507561007514596" lon="-83.72174296528101" />
      <trkpt lat="37.507423041388392" lon="-83.721776995807886" />
      <trkpt lat="37.507285997271538" lon="-83.721824018284678" />
      <trkpt lat="37.507149958983064" lon="-83.721876991912723" />
      <trkpt lat="37.507030013948679" lon="-83.721945974975824" />
      <trkpt lat="37.506890036165714" lon="-83.722029961645603" />
      <trkpt lat="37.506771013140678" lon="-83.722089976072311" />
      <trkpt lat="37.506662970408797" lon="-83.722175974398851" />
      <trkpt lat="37.506557023152709" lon="-83.722245041280985" />
      <trkpt lat="37.50645199790597" lon="-83.722285022959113" />
      <trkpt lat="37.50634596683085" lon="-83.722314024344087" />
      <trkpt lat="37.506243959069252" lon="-83.722361968830228" />
      <trkpt lat="37.506136000156403" lon="-83.722394993528724" />
      <trkpt lat="37.506037009879947" lon="-83.722417037934065" />
      <trkpt lat="37.505927039310336" lon="-83.722433969378471" />
      <trkpt lat="37.505814973264933" lon="-83.722440004348755" />
      <trkpt lat="37.50570198521018" lon="-83.722441010177135" />
      <trkpt lat="37.505582040175796" lon="-83.722441010177135" />
      <trkpt lat="37.50546301715076" lon="-83.722446039319038" />
      <trkpt lat="37.505339970812201" lon="-83.722458025440574" />
      <trkpt lat="37.505225976929069" lon="-83.722465988248587" />
      <trkpt lat="37.505110977217555" lon="-83.722478980198503" />
      <trkpt lat="37.504998994991183" lon="-83.722510999068618" />
      <trkpt lat="37.50488500110805" lon="-83.722524996846914" />
      <trkpt lat="37.504772013053298" lon="-83.722544023767114" />
      <trkpt lat="37.504559028893709" lon="-83.722587022930384" />
      <trkpt lat="37.504460038617253" lon="-83.722605966031551" />
      <trkpt lat="37.504201959818602" lon="-83.722659023478627" />
      <trkpt lat="37.5041329767555" lon="-83.722676960751414" />
      <trkpt lat="37.504075979813933" lon="-83.722694981843233" />
      <trkpt lat="37.503997022286057" lon="-83.722724989056587" />
      <trkpt lat="37.504060976207256" lon="-83.7231819704175" />
      <trkpt lat="37.504074973985553" lon="-83.723293030634522" />
      <trkpt lat="37.504084026440978" lon="-83.723391015082598" />
      <trkpt lat="37.504086038097739" lon="-83.72348296456039" />
      <trkpt lat="37.504077991470695" lon="-83.723571980372071" />
      <trkpt lat="37.504053013399243" lon="-83.723649010062218" />
      <trkpt lat="37.50400498509407" lon="-83.723713969811797" />
      <trkpt lat="37.503952011466026" lon="-83.723746994510293" />
      <trkpt lat="37.503841035068035" lon="-83.723789993673563" />
      <trkpt lat="37.503740033134818" lon="-83.723812038078904" />
      <trkpt lat="37.503635007888079" lon="-83.723836010321975" />
      <trkpt lat="37.503534005954862" lon="-83.723881021142006" />
      <trkpt lat="37.503439961001277" lon="-83.723953021690249" />
      <trkpt lat="37.503354968503118" lon="-83.724056035280228" />
      <trkpt lat="37.5032729934901" lon="-83.724178997799754" />
      <trkpt lat="37.503178026527166" lon="-83.724302966147661" />
      <trkpt lat="37.503070989623666" lon="-83.724426012486219" />
      <trkpt lat="37.502956995740533" lon="-83.724548975005746" />
      <trkpt lat="37.502837972715497" lon="-83.724666992202401" />
      <trkpt lat="37.502719033509493" lon="-83.724780986085534" />
      <trkpt lat="37.50247897580266" lon="-83.724997993558645" />
      <trkpt lat="37.502360036596656" lon="-83.725117016583681" />
      <trkpt lat="37.502245958894491" lon="-83.725251965224743" />
      <trkpt lat="37.50219801440835" lon="-83.725320026278496" />
      <trkpt lat="37.502140011638403" lon="-83.725399989634752" />
      <trkpt lat="37.502041021361947" lon="-83.725557988509536" />
      <trkpt lat="37.501943036913872" lon="-83.7257169932127" />
      <trkpt lat="37.501841029152274" lon="-83.725860994309187" />
      <trkpt lat="37.501728963106871" lon="-83.725980017334223" />
      <trkpt lat="37.501626033335924" lon="-83.726109014824033" />
      <trkpt lat="37.501529976725578" lon="-83.726231977343559" />
      <trkpt lat="37.501429980620742" lon="-83.726334990933537" />
      <trkpt lat="37.501322021707892" lon="-83.726429035887122" />
      <trkpt lat="37.501200987026095" lon="-83.72651101090014" />
      <trkpt lat="37.501077018678188" lon="-83.72659700922668" />
      <trkpt lat="37.50095397233963" lon="-83.726690970361233" />
      <trkpt lat="37.500839978456497" lon="-83.726793983951211" />
      <trkpt lat="37.500734031200409" lon="-83.726907977834344" />
      <trkpt lat="37.500634035095572" lon="-83.727029012516141" />
      <trkpt lat="37.500540995970368" lon="-83.727158010005951" />
      <trkpt lat="37.500448040664196" lon="-83.727283990010619" />
      <trkpt lat="37.500359024852514" lon="-83.727399995550513" />
      <trkpt lat="37.500273026525974" lon="-83.727506026625633" />
      <trkpt lat="37.500185016542673" lon="-83.727608034387231" />
      <trkpt lat="37.499887961894274" lon="-83.727943981066346" />
      <trkpt lat="37.499379934743047" lon="-83.72783325612545" />
      <trkpt lat="37.498676776885986" lon="-83.727364540100098" />
      <trkpt lat="37.494063377380371" lon="-83.724403381347656" />
      <trkpt lat="37.492990493774414" lon="-83.723781108856201" />
      <trkpt lat="37.492797374725342" lon="-83.72406005859375" />
      <trkpt lat="37.492775917053223" lon="-83.72431755065918" />
      <trkpt lat="37.493205070495605" lon="-83.725647926330566" />
      <trkpt lat="37.493398189544678" lon="-83.726720809936523" />
      <trkpt lat="37.493404895067215" lon="-83.726842263713479" />
      <trkpt lat="37.493505477905273" lon="-83.728652000427246" />
      <trkpt lat="37.493419647216797" lon="-83.729724884033203" />
      <trkpt lat="37.493441104888916" lon="-83.730347156524658" />
      <trkpt lat="37.493484020233154" lon="-83.730669021606445" />
      <trkpt lat="37.493741512298584" lon="-83.731527328491211" />
      <trkpt lat="37.493247985839844" lon="-83.733179569244385" />
      <trkpt lat="37.49309778213501" lon="-83.73354434967041" />
      <trkpt lat="37.493140697479248" lon="-83.733737468719482" />
      <trkpt lat="37.493462562561035" lon="-83.733973503112793" />
      <trkpt lat="37.49359130859375" lon="-83.734016418457031" />
      <trkpt lat="37.493977546691895" lon="-83.733973503112793" />
      <trkpt lat="37.494149208068848" lon="-83.734080791473389" />
      <trkpt lat="37.494020462036133" lon="-83.73478889465332" />
      <trkpt lat="37.493956089019775" lon="-83.735582828521729" />
      <trkpt lat="37.493870258331299" lon="-83.736119270324707" />
      <trkpt lat="37.493891716003418" lon="-83.736376762390137" />
      <trkpt lat="37.494020462036133" lon="-83.736913204193115" />
      <trkpt lat="37.494320869445801" lon="-83.737428188323975" />
      <trkpt lat="37.494449615478516" lon="-83.737750053405762" />
      <trkpt lat="37.49459981918335" lon="-83.738501071929932" />
      <trkpt lat="37.494642734527588" lon="-83.739359378814697" />
      <trkpt lat="37.494621276855469" lon="-83.739852905273438" />
      <trkpt lat="37.494428157806396" lon="-83.740861415863037" />
      <trkpt lat="37.494207378476858" lon="-83.742527402937412" />
      <trkpt lat="37.494207378476858" lon="-83.742527486756444" />
      <trkpt lat="37.494239984080195" lon="-83.742957981303334" />
      <trkpt lat="37.494254987686872" lon="-83.743050014600158" />
      <trkpt lat="37.494263034313917" lon="-83.743535997346044" />
      <trkpt lat="37.494261022657156" lon="-83.743679998442531" />
      <trkpt lat="37.494263034313917" lon="-83.743822993710637" />
      <trkpt lat="37.494280971586704" lon="-83.744240999221802" />
      <trkpt lat="37.494341991841793" lon="-83.745151022449136" />
      <trkpt lat="37.494362024590373" lon="-83.745393007993698" />
      <trkpt lat="37.494418015703559" lon="-83.745864992961287" />
      <trkpt lat="37.494423966854811" lon="-83.746025003492832" />
      <trkpt lat="37.49437702819705" lon="-83.746998980641365" />
      <trkpt lat="37.494379039853811" lon="-83.747317995876074" />
      <trkpt lat="37.49444198794663" lon="-83.747878996655345" />
      <trkpt lat="37.494461014866829" lon="-83.748349975794554" />
      <trkpt lat="37.494480963796377" lon="-83.748587016016245" />
      <trkpt lat="37.494524968788028" lon="-83.748819027096033" />
      <trkpt lat="37.494628988206387" lon="-83.749179029837251" />
      <trkpt lat="37.494641980156302" lon="-83.749339040368795" />
      <trkpt lat="37.494619013741612" lon="-83.74950097873807" />
      <trkpt lat="37.494593029841781" lon="-83.749573985114694" />
      <trkpt lat="37.494546007364988" lon="-83.749640034511685" />
      <trkpt lat="37.494516000151634" lon="-83.749683033674955" />
      <trkpt lat="37.494392031803727" lon="-83.749798033386469" />
      <trkpt lat="37.494359007105231" lon="-83.749842960387468" />
      <trkpt lat="37.494335034862161" lon="-83.749893000349402" />
      <trkpt lat="37.494321037083864" lon="-83.749954020604491" />
      <trkpt lat="37.494320031255484" lon="-83.75001797452569" />
      <trkpt lat="37.494350960478187" lon="-83.750145966187119" />
      <trkpt lat="37.494568973779678" lon="-83.750689029693604" />
      <trkpt lat="37.494623037055135" lon="-83.750848034396768" />
      <trkpt lat="37.494673999026418" lon="-83.751101000234485" />
      <trkpt lat="37.494682967662811" lon="-83.751360001042485" />
      <trkpt lat="37.494675004854798" lon="-83.751536021009088" />
      <trkpt lat="37.494608033448458" lon="-83.751889988780022" />
      <trkpt lat="37.494364958256483" lon="-83.752627009525895" />
      <trkpt lat="37.494166977703571" lon="-83.753338968381286" />
      <trkpt lat="37.494077039882541" lon="-83.753630993887782" />
      <trkpt lat="37.493960028514266" lon="-83.75401396304369" />
      <trkpt lat="37.49386397190392" lon="-83.754263995215297" />
      <trkpt lat="37.493737991899252" lon="-83.754562977701426" />
      <trkpt lat="37.49360203742981" lon="-83.754798006266356" />
      <trkpt lat="37.493275981396437" lon="-83.755221040919423" />
      <trkpt lat="37.493143966421485" lon="-83.755375016480684" />
      <trkpt lat="37.493107002228498" lon="-83.755424972623587" />
      <trkpt lat="37.4930240213871" lon="-83.755541983991861" />
      <trkpt lat="37.492836015298963" lon="-83.755790004506707" />
      <trkpt lat="37.492783041670918" lon="-83.755867034196854" />
      <trkpt lat="37.49268002808094" lon="-83.756020003929734" />
      <trkpt lat="37.492624958977103" lon="-83.75609896145761" />
      <trkpt lat="37.492575002834201" lon="-83.756178002804518" />
      <trkpt lat="37.492514988407493" lon="-83.756259977817535" />
      <trkpt lat="37.492452040314674" lon="-83.756339019164443" />
      <trkpt lat="37.492327988147736" lon="-83.756489977240562" />
      <trkpt lat="37.492211982607841" lon="-83.756640013307333" />
      <trkpt lat="37.492103017866611" lon="-83.756793988868594" />
      <trkpt lat="37.492055995389819" lon="-83.756872024387121" />
      <trkpt lat="37.491935966536403" lon="-83.757119039073586" />
      <trkpt lat="37.491900008171797" lon="-83.757205037400126" />
      <trkpt lat="37.491872012615204" lon="-83.757288018241525" />
      <trkpt lat="37.491848040372133" lon="-83.757376028224826" />
      <trkpt lat="37.491834964603186" lon="-83.757455991581082" />
      <trkpt lat="37.491827001795173" lon="-83.7575379665941" />
      <trkpt lat="37.491825995966792" lon="-83.757612984627485" />
      <trkpt lat="37.491829013451934" lon="-83.757688002660871" />
      <trkpt lat="37.491834964603186" lon="-83.757756985723972" />
      <trkpt lat="37.491844017058611" lon="-83.757833009585738" />
      <trkpt lat="37.491849968209863" lon="-83.757906015962362" />
      <trkpt lat="37.491859020665288" lon="-83.757979022338986" />
      <trkpt lat="37.491863965988159" lon="-83.758056974038482" />
      <trkpt lat="37.491870000958443" lon="-83.758134003728628" />
      <trkpt lat="37.491882992908359" lon="-83.758226037025452" />
      <trkpt lat="37.491891961544752" lon="-83.758314969018102" />
      <trkpt lat="37.491905959323049" lon="-83.758497023954988" />
      <trkpt lat="37.491910988464952" lon="-83.758588973432779" />
      <trkpt lat="37.491918029263616" lon="-83.758681006729603" />
      <trkpt lat="37.491920040920377" lon="-83.758774967864156" />
      <trkpt lat="37.491924986243248" lon="-83.758864989504218" />
      <trkpt lat="37.491923980414867" lon="-83.759033968672156" />
      <trkpt lat="37.491932027041912" lon="-83.759193979203701" />
      <trkpt lat="37.491937978193164" lon="-83.759273020550609" />
      <trkpt lat="37.491946024820209" lon="-83.759350972250104" />
      <trkpt lat="37.491955999284983" lon="-83.759431019425392" />
      <trkpt lat="37.491969997063279" lon="-83.759510982781649" />
      <trkpt lat="37.491979971528053" lon="-83.759596981108189" />
      <trkpt lat="37.49199497513473" lon="-83.759678034111857" />
      <trkpt lat="37.492018025368452" lon="-83.759751040488482" />
      <trkpt lat="37.492049038410187" lon="-83.759818011894822" />
      <trkpt lat="37.492086002603173" lon="-83.759879032149911" />
      <trkpt lat="37.492129001766443" lon="-83.759938040748239" />
      <trkpt lat="37.492180969566107" lon="-83.759979028254747" />
      <trkpt lat="37.492234027013183" lon="-83.760024961084127" />
      <trkpt lat="37.492282977327704" lon="-83.760079024359584" />
      <trkpt lat="37.492323964834213" lon="-83.760144989937544" />
      <trkpt lat="37.492356989532709" lon="-83.76022201962769" />
      <trkpt lat="37.492380039766431" lon="-83.760305000469089" />
      <trkpt lat="37.492397977039218" lon="-83.760385969653726" />
      <trkpt lat="37.492425972595811" lon="-83.760468028485775" />
      <trkpt lat="37.492447011172771" lon="-83.76054204069078" />
      <trkpt lat="37.492468971759081" lon="-83.760610017925501" />
      <trkpt lat="37.492483975365758" lon="-83.760681012645364" />
      <trkpt lat="37.49250803142786" lon="-83.760742032900453" />
      <trkpt lat="37.492533009499311" lon="-83.760811015963554" />
      <trkpt lat="37.492567040026188" lon="-83.760857032611966" />
      <trkpt lat="37.49259696342051" lon="-83.760911012068391" />
      <trkpt lat="37.49276896007359" lon="-83.761056018993258" />
      <trkpt lat="37.492865016683936" lon="-83.76116699539125" />
      <trkpt lat="37.492963001132011" lon="-83.761563040316105" />
      <trkpt lat="37.492901980876923" lon="-83.761861016973853" />
      <trkpt lat="37.492886977270246" lon="-83.762036031112075" />
      <trkpt lat="37.492743982002139" lon="-83.762152036651969" />
      <trkpt lat="37.492604004219174" lon="-83.762467028573155" />
      <trkpt lat="37.492494033649564" lon="-83.762716976925731" />
      <trkpt lat="37.49244399368763" lon="-83.762783026322722" />
      <trkpt lat="37.492397977039218" lon="-83.762828037142754" />
      <trkpt lat="37.492341985926032" lon="-83.762889979407191" />
      <trkpt lat="37.492282977327704" lon="-83.762952005490661" />
      <trkpt lat="37.492236960679293" lon="-83.763017971068621" />
      <trkpt lat="37.492201002314687" lon="-83.763087959960103" />
      <trkpt lat="37.492177030071616" lon="-83.763162977993488" />
      <trkpt lat="37.492168983444571" lon="-83.763245036825538" />
      <trkpt lat="37.492153979837894" lon="-83.763418039306998" />
      <trkpt lat="37.492161020636559" lon="-83.763510994613171" />
      <trkpt lat="37.492155991494656" lon="-83.763601016253233" />
      <trkpt lat="37.492150040343404" lon="-83.763690032064915" />
      <trkpt lat="37.492154985666275" lon="-83.763779969885945" />
      <trkpt lat="37.492141993716359" lon="-83.763864040374756" />
      <trkpt lat="37.492132019251585" lon="-83.764022961258888" />
      <trkpt lat="37.492129001766443" lon="-83.764096973463893" />
      <trkpt lat="37.49212103895843" lon="-83.764241980388761" />
      <trkpt lat="37.492113998159766" lon="-83.764316998422146" />
      <trkpt lat="37.492095977067947" lon="-83.764393022283912" />
      <trkpt lat="37.492068987339735" lon="-83.764462005347013" />
      <trkpt lat="37.492033028975129" lon="-83.764536017552018" />
      <trkpt lat="37.491987012326717" lon="-83.76460500061512" />
      <trkpt lat="37.491935966536403" lon="-83.76466903835535" />
      <trkpt lat="37.491879975423217" lon="-83.764732992276549" />
      <trkpt lat="37.49182197265327" lon="-83.76479703001678" />
      <trkpt lat="37.491763969883323" lon="-83.76486400142312" />
      <trkpt lat="37.491708984598517" lon="-83.764930972829461" />
      <trkpt lat="37.491657016798854" lon="-83.765002973377705" />
      <trkpt lat="37.491636984050274" lon="-83.765032980591059" />
      <trkpt lat="37.4916079826653" lon="-83.76507899723947" />
      <trkpt lat="37.49156498350203" lon="-83.765158038586378" />
      <trkpt lat="37.491526007652283" lon="-83.765241019427776" />
      <trkpt lat="37.491487031802535" lon="-83.765328023582697" />
      <trkpt lat="37.491451995447278" lon="-83.765416033565998" />
      <trkpt lat="37.491416037082672" lon="-83.765501026064157" />
      <trkpt lat="37.491381000727415" lon="-83.765590041875839" />
      <trkpt lat="37.491342024877667" lon="-83.765673022717237" />
      <trkpt lat="37.491299025714397" lon="-83.765748962759972" />
      <trkpt lat="37.491253009065986" lon="-83.765819035470486" />
      <trkpt lat="37.491201041266322" lon="-83.765881983563304" />
      <trkpt lat="37.491149995476007" lon="-83.765946021303535" />
      <trkpt lat="37.49111202545464" lon="-83.76600201241672" />
      <trkpt lat="37.491061985492706" lon="-83.766082981601357" />
      <trkpt lat="37.4910260271281" lon="-83.766155987977982" />
      <trkpt lat="37.490996019914746" lon="-83.766233017668128" />
      <trkpt lat="37.490970036014915" lon="-83.766311975196004" />
      <trkpt lat="37.490947991609573" lon="-83.766392022371292" />
      <trkpt lat="37.490907004103065" lon="-83.766557984054089" />
      <trkpt lat="37.490867022424936" lon="-83.766714977100492" />
      <trkpt lat="37.490850007161498" lon="-83.766792006790638" />
      <trkpt lat="37.49083399772644" lon="-83.766869958490133" />
      <trkpt lat="37.490781024098396" lon="-83.767103981226683" />
      <trkpt lat="37.490763003006577" lon="-83.767178999260068" />
      <trkpt lat="37.490741964429617" lon="-83.767255023121834" />
      <trkpt lat="37.490697959437966" lon="-83.767402963712811" />
      <trkpt lat="37.490646997466683" lon="-83.767545036971569" />
      <trkpt lat="37.490590000525117" lon="-83.767680991441011" />
      <trkpt lat="37.490557981655002" lon="-83.767746035009623" />
      <trkpt lat="37.49049000442028" lon="-83.76787100918591" />
      <trkpt lat="37.490455973893404" lon="-83.767931023612618" />
      <trkpt lat="37.490354971960187" lon="-83.768101008608937" />
      <trkpt lat="37.490262016654015" lon="-83.768270993605256" />
      <trkpt lat="37.49023200944066" lon="-83.768328996375203" />
      <trkpt lat="37.490186998620629" lon="-83.768440978601575" />
      <trkpt lat="37.490169983357191" lon="-83.76849202439189" />
      <trkpt lat="37.490159003064036" lon="-83.768537035211921" />
      <trkpt lat="37.490148022770882" lon="-83.768618004396558" />
      <trkpt lat="37.490161014720798" lon="-83.768755970522761" />
      <trkpt lat="37.490269979462028" lon="-83.7687729857862" />
      <trkpt lat="37.490366036072373" lon="-83.768791006878018" />
      <trkpt lat="37.490485981106758" lon="-83.76881598494947" />
      <trkpt lat="37.490679016336799" lon="-83.768842974677682" />
      <trkpt lat="37.49076995998621" lon="-83.768854038789868" />
      <trkpt lat="37.490913039073348" lon="-83.768869964405894" />
      <trkpt lat="37.491011023521423" lon="-83.76887901686132" />
      <trkpt lat="37.491061985492706" lon="-83.768883962184191" />
      <trkpt lat="37.491139015182853" lon="-83.768894020467997" />
      <trkpt lat="37.491190982982516" lon="-83.768897959962487" />
      <trkpt lat="37.491342024877667" lon="-83.768920004367828" />
      <trkpt lat="37.49139198102057" lon="-83.768927967175841" />
      <trkpt lat="37.49154201708734" lon="-83.768954034894705" />
      <trkpt lat="37.491618962958455" lon="-83.768969960510731" />
      <trkpt lat="37.491719964891672" lon="-83.768993010744452" />
      <trkpt lat="37.491764975711703" lon="-83.769003991037607" />
      <trkpt lat="37.491832030937076" lon="-83.769023017957807" />
      <trkpt lat="37.491935966536403" lon="-83.7690510135144" />
      <trkpt lat="37.492189016193151" lon="-83.769114967435598" />
      <trkpt lat="37.492375010624528" lon="-83.769182022660971" />
      <trkpt lat="37.492552036419511" lon="-83.769229967147112" />
      <trkpt lat="37.492700982838869" lon="-83.769253017380834" />
      <trkpt lat="37.493533976376057" lon="-83.769304985180497" />
      <trkpt lat="37.494152979925275" lon="-83.769370028749108" />
      <trkpt lat="37.494741976261139" lon="-83.769456027075648" />
      <trkpt lat="37.494999971240759" lon="-83.769499026238918" />
      <trkpt lat="37.495226031169295" lon="-83.769528027623892" />
      <trkpt lat="37.495254026725888" lon="-83.769530039280653" />
      <trkpt lat="37.495362991467118" lon="-83.769540013745427" />
      <trkpt lat="37.495515961199999" lon="-83.769529033452272" />
      <trkpt lat="37.495605982840061" lon="-83.769507994875312" />
      <trkpt lat="37.495716037228703" lon="-83.769471030682325" />
      <trkpt lat="37.495803041383624" lon="-83.769429959356785" />
      <trkpt lat="37.495978977531195" lon="-83.769344966858625" />
      <trkpt lat="37.4961600266397" lon="-83.769282018765807" />
      <trkpt lat="37.496358007192612" lon="-83.769238013774157" />
      <trkpt lat="37.49721497297287" lon="-83.769145980477333" />
      <trkpt lat="37.49747397378087" lon="-83.769140029326081" />
      <trkpt lat="37.497586039826274" lon="-83.769154027104378" />
      <trkpt lat="37.497775973752141" lon="-83.769158972427249" />
      <trkpt lat="37.49796699732542" lon="-83.769150003790855" />
      <trkpt lat="37.498060958459973" lon="-83.769140029326081" />
      <trkpt lat="37.498143017292023" lon="-83.769124019891024" />
      <trkpt lat="37.498314008116722" lon="-83.769072974100709" />
      <trkpt lat="37.498445017263293" lon="-83.769000973552465" />
      <trkpt lat="37.498903004452586" lon="-83.76877399161458" />
      <trkpt lat="37.499109031632543" lon="-83.768711965531111" />
      <trkpt lat="37.499300977215171" lon="-83.768678018823266" />
      <trkpt lat="37.499457970261574" lon="-83.76868698745966" />
      <trkpt lat="37.499922998249531" lon="-83.768854038789868" />
      <trkpt lat="37.500548036769032" lon="-83.769012959674001" />
      <trkpt lat="37.5008450075984" lon="-83.76907397992909" />
      <trkpt lat="37.501399973407388" lon="-83.769210018217564" />
      <trkpt lat="37.501574987545609" lon="-83.769241031259298" />
      <trkpt lat="37.501617986708879" lon="-83.769240025430918" />
      <trkpt lat="37.501687975600362" lon="-83.769377991557121" />
      <trkpt lat="37.501702979207039" lon="-83.769407998770475" />
      <trkpt lat="37.501874975860119" lon="-83.769842013716698" />
      <trkpt lat="37.502004979178309" lon="-83.770264964550734" />
      <trkpt lat="37.502053007483482" lon="-83.770461017265916" />
      <trkpt lat="37.50219801440835" lon="-83.771107010543346" />
      <trkpt lat="37.502257023006678" lon="-83.771442035213113" />
      <trkpt lat="37.502360036596656" lon="-83.772380976006389" />
      <trkpt lat="37.50243597663939" lon="-83.772967960685492" />
      <trkpt lat="37.502487022429705" lon="-83.773183040320873" />
      <trkpt lat="37.502638986334205" lon="-83.773560980334878" />
      <trkpt lat="37.502661030739546" lon="-83.773656031116843" />
      <trkpt lat="37.502665976062417" lon="-83.77375703305006" />
      <trkpt lat="37.502649966627359" lon="-83.773861974477768" />
      <trkpt lat="37.502623982727528" lon="-83.773968005552888" />
      <trkpt lat="37.502580983564258" lon="-83.774065990000963" />
      <trkpt lat="37.502507977187634" lon="-83.774285009130836" />
      <trkpt lat="37.502430025488138" lon="-83.774644006043673" />
      <trkpt lat="37.502404041588306" lon="-83.774894960224628" />
      <trkpt lat="37.502403035759926" lon="-83.775022029876709" />
      <trkpt lat="37.502424996346235" lon="-83.775274995714426" />
      <trkpt lat="37.502475036308169" lon="-83.775517987087369" />
      <trkpt lat="37.502546031028032" lon="-83.77575796097517" />
      <trkpt lat="37.502617025747895" lon="-83.775962982326746" />
      <trkpt lat="37.502678968012333" lon="-83.776143025606871" />
      <trkpt lat="37.502752980217338" lon="-83.7764229811728" />
      <trkpt lat="37.502804026007652" lon="-83.776715006679296" />
      <trkpt lat="37.502833027392626" lon="-83.777063023298979" />
      <trkpt lat="37.502854987978935" lon="-83.777424031868577" />
      <trkpt lat="37.502881977707148" lon="-83.777686972171068" />
      <trkpt lat="37.502921959385276" lon="-83.777938010171056" />
      <trkpt lat="37.5029500387609" lon="-83.77805502153933" />
      <trkpt lat="37.503034025430679" lon="-83.778274962678552" />
      <trkpt lat="37.503088004887104" lon="-83.778376970440149" />
      <trkpt lat="37.503220019862056" lon="-83.778552990406752" />
      <trkpt lat="37.503299983218312" lon="-83.778634965419769" />
      <trkpt lat="37.503646994009614" lon="-83.778941994532943" />
      <trkpt lat="37.503732992336154" lon="-83.779034027829766" />
      <trkpt lat="37.504139011725783" lon="-83.779544988647103" />
      <trkpt lat="37.504371022805572" lon="-83.779812036082149" />
      <trkpt lat="37.504450986161828" lon="-83.779882024973631" />
      <trkpt lat="37.504622982814908" lon="-83.779987972229719" />
      <trkpt lat="37.505059009417892" lon="-83.780223000794649" />
      <trkpt lat="37.505395039916039" lon="-83.780433973297477" />
      <trkpt lat="37.505538035184145" lon="-83.780574034899473" />
      <trkpt lat="37.505655968561769" lon="-83.780752988532186" />
      <trkpt lat="37.50570198521018" lon="-83.780857007950544" />
      <trkpt lat="37.505738027393818" lon="-83.780968990176916" />
      <trkpt lat="37.505797035992146" lon="-83.781205024570227" />
      <trkpt lat="37.505884962156415" lon="-83.781691007316113" />
      <trkpt lat="37.506120996549726" lon="-83.783172005787492" />
      <trkpt lat="37.506254017353058" lon="-83.783825961872935" />
      <trkpt lat="37.506328029558063" lon="-83.784059984609485" />
      <trkpt lat="37.506422996520996" lon="-83.784272968769073" />
      <trkpt lat="37.50653900206089" lon="-83.784472038969398" />
      <trkpt lat="37.506664982065558" lon="-83.784639006480575" />
      <trkpt lat="37.50679599121213" lon="-83.784967996180058" />
      <trkpt lat="37.506823986768723" lon="-83.785082995891571" />
      <trkpt lat="37.506832033395767" lon="-83.785163965076208" />
      <trkpt lat="37.506632963195443" lon="-83.785605020821095" />
      <trkpt lat="37.506549982354045" lon="-83.785839965566993" />
      <trkpt lat="37.506504971534014" lon="-83.785990001633763" />
      <trkpt lat="37.50647203065455" lon="-83.786136014387012" />
      <trkpt lat="37.506457027047873" lon="-83.786276997998357" />
      <trkpt lat="37.506458032876253" lon="-83.786418987438083" />
      <trkpt lat="37.50647496432066" lon="-83.786703972145915" />
      <trkpt lat="37.506468007341027" lon="-83.786853002384305" />
      <trkpt lat="37.506424002349377" lon="-83.78707998432219" />
      <trkpt lat="37.506342027336359" lon="-83.787452979013324" />
      <trkpt lat="37.506301961839199" lon="-83.787591028958559" />
      <trkpt lat="37.506248988211155" lon="-83.787719020619988" />
      <trkpt lat="37.506177993491292" lon="-83.78782999701798" />
      <trkpt lat="37.506093000993133" lon="-83.787924963980913" />
      <trkpt lat="37.506008008494973" lon="-83.788011968135834" />
      <trkpt lat="37.505903989076614" lon="-83.788092015311122" />
      <trkpt lat="37.50578798353672" lon="-83.788168961182237" />
      <trkpt lat="37.50567901879549" lon="-83.788227969780564" />
      <trkpt lat="37.505462011322379" lon="-83.788311034440994" />
      <trkpt lat="37.505250032991171" lon="-83.788371970877051" />
      <trkpt lat="37.505150036886334" lon="-83.788424022495747" />
      <trkpt lat="37.505111983045936" lon="-83.788457969203591" />
      <trkpt lat="37.505050040781498" lon="-83.788531981408596" />
      <trkpt lat="37.505008969455957" lon="-83.78858202137053" />
      <trkpt lat="37.504933029413223" lon="-83.788699032738805" />
      <trkpt lat="37.504851976409554" lon="-83.788836998865008" />
      <trkpt lat="37.504792213439941" lon="-83.78896951675415" />
      <trkpt lat="37.504792213439941" lon="-83.78896951675415" />
      <trkpt lat="37.504663467407227" lon="-83.788883686065674" />
      <trkpt lat="37.504513263702393" lon="-83.788669109344482" />
      <trkpt lat="37.504363059997559" lon="-83.788561820983887" />
      <trkpt lat="37.504191398620605" lon="-83.788626194000244" />
      <trkpt lat="37.50382661819458" lon="-83.789076805114746" />
      <trkpt lat="37.503654956817627" lon="-83.789119720458984" />
      <trkpt lat="37.50281810760498" lon="-83.788712024688721" />
      <trkpt lat="37.502517700195313" lon="-83.788669109344482" />
      <trkpt lat="37.50232458114624" lon="-83.788819313049316" />
      <trkpt lat="37.501316070556641" lon="-83.790063858032227" />
      <trkpt lat="37.500865459442139" lon="-83.790535926818848" />
      <trkpt lat="37.500736713409424" lon="-83.790578842163086" />
      <trkpt lat="37.500543594360352" lon="-83.790493011474609" />
      <trkpt lat="37.499127388000488" lon="-83.789205551147461" />
      <trkpt lat="37.498698234558105" lon="-83.788862228393555" />
      <trkpt lat="37.498440742492676" lon="-83.788948059082031" />
      <trkpt lat="37.49809741973877" lon="-83.789334297180176" />
      <trkpt lat="37.497990131378174" lon="-83.789377212524414" />
      <trkpt lat="37.49732494354248" lon="-83.789527416229248" />
      <trkpt lat="37.49708890914917" lon="-83.789441585540771" />
      <trkpt lat="37.496616840362549" lon="-83.788819313049316" />
      <trkpt lat="37.496402263641357" lon="-83.788712024688721" />
      <trkpt lat="37.496230602264404" lon="-83.78873348236084" />
      <trkpt lat="37.495822906494141" lon="-83.789033889770508" />
      <trkpt lat="37.49509334564209" lon="-83.78922700881958" />
      <trkpt lat="37.494814395904541" lon="-83.789119720458984" />
      <trkpt lat="37.494449615478516" lon="-83.788776397705078" />
      <trkpt lat="37.494256496429443" lon="-83.788647651672363" />
      <trkpt lat="37.493805885314941" lon="-83.788690567016602" />
      <trkpt lat="37.493698596954346" lon="-83.78873348236084" />
      <trkpt lat="37.493441104888916" lon="-83.78896951675415" />
      <trkpt lat="37.493033409118652" lon="-83.789355754852295" />
      <trkpt lat="37.492260932922363" lon="-83.789699077606201" />
      <trkpt lat="37.492046356201172" lon="-83.789935111999512" />
      <trkpt lat="37.491531372070313" lon="-83.791694641113281" />
      <trkpt lat="37.491488456726074" lon="-83.792552947998047" />
      <trkpt lat="37.491402626037598" lon="-83.793067932128906" />
      <trkpt lat="37.491209506988525" lon="-83.793325424194336" />
      <trkpt lat="37.490608692169189" lon="-83.793754577636719" />
      <trkpt lat="37.490479946136475" lon="-83.794076442718506" />
      <trkpt lat="37.490479946136475" lon="-83.794312477111816" />
      <trkpt lat="37.490544319152832" lon="-83.794655799865723" />
      <trkpt lat="37.490565776824951" lon="-83.795278072357178" />
      <trkpt lat="37.490458488464355" lon="-83.796200752258301" />
      <trkpt lat="37.490437030792236" lon="-83.796415328979492" />
      <trkpt lat="37.490470055490732" lon="-83.796596964821219" />
      <trkpt lat="37.490515988320112" lon="-83.796925032511353" />
      <trkpt lat="37.490479024127126" lon="-83.797029973939061" />
      <trkpt lat="37.490392019972205" lon="-83.797161988914013" />
      <trkpt lat="37.490324964746833" lon="-83.797224014997482" />
      <trkpt lat="37.490245001390576" lon="-83.797277994453907" />
      <trkpt lat="37.490046015009284" lon="-83.797363992780447" />
      <trkpt lat="37.489862032234669" lon="-83.797407997772098" />
      <trkpt lat="37.489518038928509" lon="-83.797436999157071" />
      <trkpt lat="37.489449977874756" lon="-83.797444961965084" />
      <trkpt lat="37.489360962063074" lon="-83.797452002763748" />
      <trkpt lat="37.489270018413663" lon="-83.797457031905651" />
      <trkpt lat="37.48924202285707" lon="-83.797459965571761" />
      <trkpt lat="37.489081006497145" lon="-83.797475975006819" />
      <trkpt lat="37.488884031772614" lon="-83.797489972785115" />
      <trkpt lat="37.488785041496158" lon="-83.797493996098638" />
      <trkpt lat="37.488684961572289" lon="-83.797503970563412" />
      <trkpt lat="37.488583959639072" lon="-83.797513023018837" />
      <trkpt lat="37.488483041524887" lon="-83.797517968341708" />
      <trkpt lat="37.488382961601019" lon="-83.797524003311992" />
      <trkpt lat="37.488186992704868" lon="-83.797538001090288" />
      <trkpt lat="37.488093031570315" lon="-83.797545963898301" />
      <trkpt lat="37.488002004101872" lon="-83.797551998868585" />
      <trkpt lat="37.487913994118571" lon="-83.797559961676598" />
      <trkpt lat="37.487829001620412" lon="-83.797573037445545" />
      <trkpt lat="37.487748032435775" lon="-83.797588963061571" />
      <trkpt lat="37.487672008574009" lon="-83.797607989981771" />
      <trkpt lat="37.487603025510907" lon="-83.797631040215492" />
      <trkpt lat="37.487534964457154" lon="-83.797658029943705" />
      <trkpt lat="37.487470004707575" lon="-83.797689964994788" />
      <trkpt lat="37.487401021644473" lon="-83.797727013006806" />
      <trkpt lat="37.487275963649154" lon="-83.797802031040192" />
      <trkpt lat="37.487217960879207" lon="-83.7978430185467" />
      <trkpt lat="37.487169010564685" lon="-83.797890041023493" />
      <trkpt lat="37.48705099336803" lon="-83.797988025471568" />
      <trkpt lat="37.486919984221458" lon="-83.798094978556037" />
      <trkpt lat="37.486788975074887" lon="-83.798206960782409" />
      <trkpt lat="37.486723009496927" lon="-83.798264963552356" />
      <trkpt lat="37.486443975940347" lon="-83.798506027087569" />
      <trkpt lat="37.486368035897613" lon="-83.798564029857516" />
      <trkpt lat="37.486291006207466" lon="-83.798620020970702" />
      <trkpt lat="37.486156979575753" lon="-83.79874499514699" />
      <trkpt lat="37.486093025654554" lon="-83.79880903288722" />
      <trkpt lat="37.486025970429182" lon="-83.798871980980039" />
      <trkpt lat="37.485966961830854" lon="-83.79893702454865" />
      <trkpt lat="37.48591298237443" lon="-83.799001984298229" />
      <trkpt lat="37.485867971554399" lon="-83.799071973189712" />
      <trkpt lat="37.485817009583116" lon="-83.799141040071845" />
      <trkpt lat="37.485792031511664" lon="-83.79921899177134" />
      <trkpt lat="37.485763030126691" lon="-83.799296021461487" />
      <trkpt lat="37.485730005428195" lon="-83.79936802200973" />
      <trkpt lat="37.485690023750067" lon="-83.799442034214735" />
      <trkpt lat="37.485644007101655" lon="-83.799515040591359" />
      <trkpt lat="37.485555997118354" lon="-83.799679996445775" />
      <trkpt lat="37.485523978248239" lon="-83.799772029742599" />
      <trkpt lat="37.48550402931869" lon="-83.799875965341926" />
      <trkpt lat="37.485469998791814" lon="-83.799974033609033" />
      <trkpt lat="37.48541803099215" lon="-83.800057014450431" />
      <trkpt lat="37.485362039878964" lon="-83.800135971978307" />
      <trkpt lat="37.485303031280637" lon="-83.800214007496834" />
      <trkpt lat="37.485241005197167" lon="-83.8002900313586" />
      <trkpt lat="37.485111001878977" lon="-83.800444006919861" />
      <trkpt lat="37.485051993280649" lon="-83.800521036610007" />
      <trkpt lat="37.484932970255613" lon="-83.800665959715843" />
      <trkpt lat="37.484879996627569" lon="-83.800740977749228" />
      <trkpt lat="37.484832974150777" lon="-83.800821024924517" />
      <trkpt lat="37.484791986644268" lon="-83.800897970795631" />
      <trkpt lat="37.484747981652617" lon="-83.800977012142539" />
      <trkpt lat="37.484694002196193" lon="-83.801069967448711" />
      <trkpt lat="37.48464304022491" lon="-83.801124030724168" />
      <trkpt lat="37.48458101414144" lon="-83.80119401961565" />
      <trkpt lat="37.484514964744449" lon="-83.801261996850371" />
      <trkpt lat="37.484450004994869" lon="-83.801340032368898" />
      <trkpt lat="37.484384039416909" lon="-83.801424019038677" />
      <trkpt lat="37.484317990019917" lon="-83.801510017365217" />
      <trkpt lat="37.484257975593209" lon="-83.801598027348518" />
      <trkpt lat="37.48419301584363" lon="-83.801684025675058" />
      <trkpt lat="37.48412998393178" lon="-83.801769018173218" />
      <trkpt lat="37.484068963676691" lon="-83.801854010671377" />
      <trkpt lat="37.484014984220266" lon="-83.801940008997917" />
      <trkpt lat="37.483966033905745" lon="-83.802029024809599" />
      <trkpt lat="37.483926974236965" lon="-83.802122985944152" />
      <trkpt lat="37.483891015872359" lon="-83.802218958735466" />
      <trkpt lat="37.483822032809258" lon="-83.80241802893579" />
      <trkpt lat="37.483776016160846" lon="-83.802505033090711" />
      <trkpt lat="37.48372295871377" lon="-83.802584996446967" />
      <trkpt lat="37.483665039762855" lon="-83.802664959803224" />
      <trkpt lat="37.483609970659018" lon="-83.802756993100047" />
      <trkpt lat="37.48354802839458" lon="-83.802832011133432" />
      <trkpt lat="37.483489019796252" lon="-83.80291398614645" />
      <trkpt lat="37.483434034511447" lon="-83.803000990301371" />
      <trkpt lat="37.48337896540761" lon="-83.803083971142769" />
      <trkpt lat="37.483320040628314" lon="-83.803161000832915" />
      <trkpt lat="37.483261032029986" lon="-83.803234007209539" />
      <trkpt lat="37.483190037310123" lon="-83.803316988050938" />
      <trkpt lat="37.483133040368557" lon="-83.803394017741084" />
      <trkpt lat="37.48307503759861" lon="-83.80347004160285" />
      <trkpt lat="37.483027009293437" lon="-83.803547993302345" />
      <trkpt lat="37.482974035665393" lon="-83.803620999678969" />
      <trkpt lat="37.482917960733175" lon="-83.803673973307014" />
      <trkpt lat="37.482854006811976" lon="-83.803716972470284" />
      <trkpt lat="37.482713023200631" lon="-83.803770029917359" />
      <trkpt lat="37.482642028480768" lon="-83.803788973018527" />
      <trkpt lat="37.482572039589286" lon="-83.803812023252249" />
      <trkpt lat="37.482503978535533" lon="-83.8038370013237" />
      <trkpt lat="37.482437007129192" lon="-83.803853010758758" />
      <trkpt lat="37.482290994375944" lon="-83.803915036842227" />
      <trkpt lat="37.482212036848068" lon="-83.80394303239882" />
      <trkpt lat="37.482130983844399" lon="-83.803970022127032" />
      <trkpt lat="37.482053032144904" lon="-83.803990976884961" />
      <trkpt lat="37.481905007734895" lon="-83.804041016846895" />
      <trkpt lat="37.481839964166284" lon="-83.804076975211501" />
      <trkpt lat="37.48172395862639" lon="-83.804171020165086" />
      <trkpt lat="37.481666961684823" lon="-83.804231034591794" />
      <trkpt lat="37.481609964743257" lon="-83.80428702570498" />
      <trkpt lat="37.48155196197331" lon="-83.804346034303308" />
      <trkpt lat="37.481495970860124" lon="-83.804400013759732" />
      <trkpt lat="37.481437968090177" lon="-83.80445902235806" />
      <trkpt lat="37.48137996532023" lon="-83.804513001814485" />
      <trkpt lat="37.48131500557065" lon="-83.804575027897954" />
      <trkpt lat="37.48124803416431" lon="-83.80463495850563" />
      <trkpt lat="37.481172010302544" lon="-83.804708970710635" />
      <trkpt lat="37.481109984219074" lon="-83.804741995409131" />
      <trkpt lat="37.481041001155972" lon="-83.804788012057543" />
      <trkpt lat="37.48097101226449" lon="-83.804833022877574" />
      <trkpt lat="37.480889037251472" lon="-83.804881973192096" />
      <trkpt lat="37.480746963992715" lon="-83.804965959861875" />
      <trkpt lat="37.48060698620975" lon="-83.805052964016795" />
      <trkpt lat="37.480538003146648" lon="-83.805098980665207" />
      <trkpt lat="37.480469020083547" lon="-83.805139968171716" />
      <trkpt lat="37.480388972908258" lon="-83.805178022012115" />
      <trkpt lat="37.480322001501918" lon="-83.805195037275553" />
      <trkpt lat="37.480238014832139" lon="-83.805214986205101" />
      <trkpt lat="37.480171965435147" lon="-83.805238036438823" />
      <trkpt lat="37.480084961280227" lon="-83.8052530400455" />
      <trkpt lat="37.479999968782067" lon="-83.805272988975048" />
      <trkpt lat="37.479826966300607" lon="-83.805310958996415" />
      <trkpt lat="37.479740967974067" lon="-83.805333003401756" />
      <trkpt lat="37.479658992961049" lon="-83.805352030321956" />
      <trkpt lat="37.479572994634509" lon="-83.805368039757013" />
      <trkpt lat="37.479492025449872" lon="-83.805367033928633" />
      <trkpt lat="37.479419019073248" lon="-83.805344989523292" />
      <trkpt lat="37.479355987161398" lon="-83.805306013673544" />
      <trkpt lat="37.479302007704973" lon="-83.805257985368371" />
      <trkpt lat="37.479250961914659" lon="-83.805215992033482" />
      <trkpt lat="37.479192959144711" lon="-83.805194031447172" />
      <trkpt lat="37.479137973859906" lon="-83.80519101396203" />
      <trkpt lat="37.479087011888623" lon="-83.805207023397088" />
      <trkpt lat="37.479040995240211" lon="-83.8052340131253" />
      <trkpt lat="37.479000007733703" lon="-83.805271983146667" />
      <trkpt lat="37.47895298525691" lon="-83.805323028936982" />
      <trkpt lat="37.478876961395144" lon="-83.805451020598412" />
      <trkpt lat="37.478839997202158" lon="-83.805526960641146" />
      <trkpt lat="37.478798003867269" lon="-83.805609019473195" />
      <trkpt lat="37.478720974177122" lon="-83.805767018347979" />
      <trkpt lat="37.478680992498994" lon="-83.805842958390713" />
      <trkpt lat="37.478636987507343" lon="-83.805914958938956" />
      <trkpt lat="37.478587031364441" lon="-83.805978996679187" />
      <trkpt lat="37.478532968088984" lon="-83.806039011105895" />
      <trkpt lat="37.478377986699343" lon="-83.80619902163744" />
      <trkpt lat="37.47833096422255" lon="-83.806250989437103" />
      <trkpt lat="37.47828796505928" lon="-83.806303963065147" />
      <trkpt lat="37.478249995037913" lon="-83.806352997198701" />
      <trkpt lat="37.478212025016546" lon="-83.806399013847113" />
      <trkpt lat="37.4781349953264" lon="-83.806498004123569" />
      <trkpt lat="37.47809199616313" lon="-83.806545026600361" />
      <trkpt lat="37.478047991171479" lon="-83.806588025763631" />
      <trkpt lat="37.478002980351448" lon="-83.806642005220056" />
      <trkpt lat="37.477906001731753" lon="-83.806740995496511" />
      <trkpt lat="37.47785503976047" lon="-83.806791035458446" />
      <trkpt lat="37.477655969560146" lon="-83.806992033496499" />
      <trkpt lat="37.477605007588863" lon="-83.807040983811021" />
      <trkpt lat="37.4775530397892" lon="-83.807089012116194" />
      <trkpt lat="37.477497970685363" lon="-83.807133017107844" />
      <trkpt lat="37.477444997057319" lon="-83.807172998785973" />
      <trkpt lat="37.477392023429275" lon="-83.807209962978959" />
      <trkpt lat="37.477289009839296" lon="-83.807276012375951" />
      <trkpt lat="37.477247016504407" lon="-83.807311970740557" />
      <trkpt lat="37.477205023169518" lon="-83.807350024580956" />
      <trkpt lat="37.477165963500738" lon="-83.807391012087464" />
      <trkpt lat="37.477136962115765" lon="-83.807429987937212" />
      <trkpt lat="37.477095974609256" lon="-83.80746996961534" />
      <trkpt lat="37.477076025679708" lon="-83.807499976828694" />
      <trkpt lat="37.477010982111096" lon="-83.807577006518841" />
      <trkpt lat="37.476978963240981" lon="-83.80761899985373" />
      <trkpt lat="37.47691098600626" lon="-83.807697035372257" />
      <trkpt lat="37.476879972964525" lon="-83.807730982080102" />
      <trkpt lat="37.476848037913442" lon="-83.807761995121837" />
      <trkpt lat="37.476817024871707" lon="-83.807795019820333" />
      <trkpt lat="37.476745024323463" lon="-83.807856040075421" />
      <trkpt lat="37.476707976311445" lon="-83.807884035632014" />
      <trkpt lat="37.476661959663033" lon="-83.807907002046704" />
      <trkpt lat="37.476604962721467" lon="-83.807937009260058" />
      <trkpt lat="37.47654695995152" lon="-83.807952012866735" />
      <trkpt lat="37.476490968838334" lon="-83.807956036180258" />
      <trkpt lat="37.476430032402277" lon="-83.807955030351877" />
      <trkpt lat="37.476368006318808" lon="-83.807951007038355" />
      <trkpt lat="37.476306986063719" lon="-83.807943966239691" />
      <trkpt lat="37.47624596580863" lon="-83.807941032573581" />
      <trkpt lat="37.476187041029334" lon="-83.807930974289775" />
      <trkpt lat="37.476077992469072" lon="-83.807907002046704" />
      <trkpt lat="37.476028958335519" lon="-83.807895015925169" />
      <trkpt lat="37.475981013849378" lon="-83.807885041460395" />
      <trkpt lat="37.475940026342869" lon="-83.807870959863067" />
      <trkpt lat="37.47590197250247" lon="-83.807864002883434" />
      <trkpt lat="37.475864002481103" lon="-83.807852016761899" />
      <trkpt lat="37.475831983610988" lon="-83.807846987619996" />
      <trkpt lat="37.475801976397634" lon="-83.807838018983603" />
      <trkpt lat="37.475751014426351" lon="-83.8078139629215" />
      <trkpt lat="37.475698040798306" lon="-83.807741040363908" />
      <trkpt lat="37.475641965866089" lon="-83.807661999017" />
      <trkpt lat="37.475581029430032" lon="-83.807568959891796" />
      <trkpt lat="37.475513974204659" lon="-83.807470975443721" />
      <trkpt lat="37.475441973656416" lon="-83.807369973510504" />
      <trkpt lat="37.475365027785301" lon="-83.807269977405667" />
      <trkpt lat="37.475282968953252" lon="-83.807184984907508" />
      <trkpt lat="37.475199988111854" lon="-83.807111978530884" />
      <trkpt lat="37.475118013098836" lon="-83.807055987417698" />
      <trkpt lat="37.475045006722212" lon="-83.806989016011357" />
      <trkpt lat="37.474926989525557" lon="-83.806833028793335" />
      <trkpt lat="37.474878039211035" lon="-83.806733032688498" />
      <trkpt lat="37.474824981763959" lon="-83.806619038805366" />
      <trkpt lat="37.474763039499521" lon="-83.80650102160871" />
      <trkpt lat="37.47463102452457" lon="-83.806266998872161" />
      <trkpt lat="37.474507978186011" lon="-83.806041022762656" />
      <trkpt lat="37.474447041749954" lon="-83.805939015001059" />
      <trkpt lat="37.474340004846454" lon="-83.805737011134624" />
      <trkpt lat="37.474295999854803" lon="-83.80562100559473" />
      <trkpt lat="37.47426699846983" lon="-83.805512962862849" />
      <trkpt lat="37.474237997084856" lon="-83.805393017828465" />
      <trkpt lat="37.474218970164657" lon="-83.805263014510274" />
      <trkpt lat="37.474207989871502" lon="-83.805125970393419" />
      <trkpt lat="37.474197009578347" lon="-83.804858000949025" />
      <trkpt lat="37.474197009578347" lon="-83.804729003459215" />
      <trkpt lat="37.474205978214741" lon="-83.804597994312644" />
      <trkpt lat="37.47422399930656" lon="-83.804463967680931" />
      <trkpt lat="37.474249983206391" lon="-83.804328013211489" />
      <trkpt lat="37.474278984591365" lon="-83.804189963266253" />
      <trkpt lat="37.474304968491197" lon="-83.804057026281953" />
      <trkpt lat="37.474328018724918" lon="-83.803930962458253" />
      <trkpt lat="37.474368000403047" lon="-83.803701968863606" />
      <trkpt lat="37.474406976252794" lon="-83.803460989147425" />
      <trkpt lat="37.474430026486516" lon="-83.803331991657615" />
      <trkpt lat="37.474451987072825" lon="-83.803200982511044" />
      <trkpt lat="37.474487023428082" lon="-83.802794963121414" />
      <trkpt lat="37.474478976801038" lon="-83.802663031965494" />
      <trkpt lat="37.474469002336264" lon="-83.802534034475684" />
      <trkpt lat="37.474452992901206" lon="-83.802395984530449" />
      <trkpt lat="37.474443018436432" lon="-83.802271010354161" />
      <trkpt lat="37.474408987909555" lon="-83.801900027319789" />
      <trkpt lat="37.474389960989356" lon="-83.801779998466372" />
      <trkpt lat="37.474356014281511" lon="-83.80166701041162" />
      <trkpt lat="37.474303040653467" lon="-83.801571037620306" />
      <trkpt lat="37.474156022071838" lon="-83.801424019038677" />
      <trkpt lat="37.47407203540206" lon="-83.801355035975575" />
      <trkpt lat="37.473877994343638" lon="-83.801206005737185" />
      <trkpt lat="37.473772969096899" lon="-83.801127970218658" />
      <trkpt lat="37.473668027669191" lon="-83.801045995205641" />
      <trkpt lat="37.473563002422452" lon="-83.800961002707481" />
      <trkpt lat="37.473458983004093" lon="-83.800879027694464" />
      <trkpt lat="37.473354041576385" lon="-83.800799986347556" />
      <trkpt lat="37.473248010501266" lon="-83.800726979970932" />
      <trkpt lat="37.473138961941004" lon="-83.800666965544224" />
      <trkpt lat="37.473028991371393" lon="-83.800620026886463" />
      <trkpt lat="37.472803015261889" lon="-83.800539979711175" />
      <trkpt lat="37.472691033035517" lon="-83.800487006083131" />
      <trkpt lat="37.472578966990113" lon="-83.800418023020029" />
      <trkpt lat="37.472472013905644" lon="-83.800330013036728" />
      <trkpt lat="37.472363971173763" lon="-83.800236973911524" />
      <trkpt lat="37.472261041402817" lon="-83.800135971978307" />
      <trkpt lat="37.472157021984458" lon="-83.800048967823386" />
      <trkpt lat="37.472048979252577" lon="-83.799964981153607" />
      <trkpt lat="37.471932973712683" lon="-83.799889041110873" />
      <trkpt lat="37.471813028678298" lon="-83.799814023077488" />
      <trkpt lat="37.471575988456607" lon="-83.799671027809381" />
      <trkpt lat="37.471463000401855" lon="-83.799597015604377" />
      <trkpt lat="37.471342971548438" lon="-83.799567008391023" />
      <trkpt lat="37.471312964335084" lon="-83.799533983692527" />
      <trkpt lat="37.471251022070646" lon="-83.799462988972664" />
      <trkpt lat="37.4711549654603" lon="-83.79939098842442" />
      <trkpt lat="37.471075002104044" lon="-83.799340026453137" />
      <trkpt lat="37.470971988514066" lon="-83.799272971227765" />
      <trkpt lat="37.470886996015906" lon="-83.799213962629437" />
      <trkpt lat="37.470722962170839" lon="-83.799102986231446" />
      <trkpt lat="37.470648027956486" lon="-83.799055041745305" />
      <trkpt lat="37.470578039065003" lon="-83.79902302287519" />
      <trkpt lat="37.47053001075983" lon="-83.799018999561667" />
      <trkpt lat="37.470440994948149" lon="-83.799028974026442" />
      <trkpt lat="37.470364971086383" lon="-83.799055041745305" />
      <trkpt lat="37.470276039093733" lon="-83.799079013988376" />
      <trkpt lat="37.470178976655006" lon="-83.799086976796389" />
      <trkpt lat="37.470079986378551" lon="-83.799083037301898" />
      <trkpt lat="37.469982001930475" lon="-83.799060992896557" />
      <trkpt lat="37.4698840174824" lon="-83.799015982076526" />
      <trkpt lat="37.469787038862705" lon="-83.798943981528282" />
      <trkpt lat="37.469686036929488" lon="-83.798853037878871" />
      <trkpt lat="37.469574976712465" lon="-83.798748012632132" />
      <trkpt lat="37.469324022531509" lon="-83.798518013209105" />
      <trkpt lat="37.469188990071416" lon="-83.798398990184069" />
      <trkpt lat="37.469052029773593" lon="-83.798276027664542" />
      <trkpt lat="37.468911968171597" lon="-83.798153987154365" />
      <trkpt lat="37.46876897290349" lon="-83.79803697578609" />
      <trkpt lat="37.468625977635384" lon="-83.797924993559718" />
      <trkpt lat="37.468341998755932" lon="-83.797704968601465" />
      <trkpt lat="37.468205960467458" lon="-83.797587035223842" />
      <trkpt lat="37.467817962169647" lon="-83.797241030260921" />
      <trkpt lat="37.467719977721572" lon="-83.79715695977211" />
      <trkpt lat="37.467572037130594" lon="-83.797037014737725" />
      <trkpt lat="37.467453014105558" lon="-83.796950010582805" />
      <trkpt lat="37.467398028820753" lon="-83.796915980055928" />
      <trkpt lat="37.467337008565664" lon="-83.796877004206181" />
      <trkpt lat="37.467217985540628" lon="-83.79681003279984" />
      <trkpt lat="37.467096028849483" lon="-83.79674700088799" />
      <trkpt lat="37.467017993330956" lon="-83.796709030866623" />
      <trkpt lat="37.466854965314269" lon="-83.796628983691335" />
      <trkpt lat="37.466734014451504" lon="-83.796570980921388" />
      <trkpt lat="37.466611973941326" lon="-83.796522030606866" />
      <trkpt lat="37.466486999765038" lon="-83.796480037271976" />
      <trkpt lat="37.466359008103609" lon="-83.796441983431578" />
      <trkpt lat="37.46623101644218" lon="-83.796407030895352" />
      <trkpt lat="37.46610302478075" lon="-83.796375012025237" />
      <trkpt lat="37.465976038947701" lon="-83.796341987326741" />
      <trkpt lat="37.46584796346724" lon="-83.796305023133755" />
      <trkpt lat="37.465717038139701" lon="-83.796269986778498" />
      <trkpt lat="37.465588040649891" lon="-83.796233022585511" />
      <trkpt lat="37.465463988482952" lon="-83.796193040907383" />
      <trkpt lat="37.465405985713005" lon="-83.796173008158803" />
      <trkpt lat="37.465347982943058" lon="-83.796151969581842" />
      <trkpt lat="37.465246981009841" lon="-83.796122968196869" />
      <trkpt lat="37.465161988511682" lon="-83.796088015660644" />
      <trkpt lat="37.465010024607182" lon="-83.796034036204219" />
      <trkpt lat="37.464924026280642" lon="-83.795998999848962" />
      <trkpt lat="37.464724034070969" lon="-83.795914007350802" />
      <trkpt lat="37.464607022702694" lon="-83.795876037329435" />
      <trkpt lat="37.464478025212884" lon="-83.795843012630939" />
      <trkpt lat="37.46434198692441" lon="-83.795816022902727" />
      <trkpt lat="37.464207038283348" lon="-83.795790961012244" />
      <trkpt lat="37.464076029136777" lon="-83.795764977112412" />
      <trkpt lat="37.463833037763834" lon="-83.795714015141129" />
      <trkpt lat="37.463726000860333" lon="-83.79569398239255" />
      <trkpt lat="37.463626004755497" lon="-83.795665986835957" />
      <trkpt lat="37.463529026135802" lon="-83.795622987672687" />
      <trkpt lat="37.463432969525456" lon="-83.79556599073112" />
      <trkpt lat="37.463334985077381" lon="-83.795501030981541" />
      <trkpt lat="37.463238006457686" lon="-83.795426012948155" />
      <trkpt lat="37.463149996474385" lon="-83.795344037935138" />
      <trkpt lat="37.463072966784239" lon="-83.795258961617947" />
      <trkpt lat="37.462962996214628" lon="-83.795172041282058" />
      <trkpt lat="37.462886972352862" lon="-83.795089982450008" />
      <trkpt lat="37.462814971804619" lon="-83.795003984123468" />
      <trkpt lat="37.462735008448362" lon="-83.794915974140167" />
      <trkpt lat="37.462645992636681" lon="-83.794831987470388" />
      <trkpt lat="37.462550019845366" lon="-83.794755041599274" />
      <trkpt lat="37.462444994598627" lon="-83.794689998030663" />
      <trkpt lat="37.462352961301804" lon="-83.794644987210631" />
      <trkpt lat="37.462220024317503" lon="-83.794593019410968" />
      <trkpt lat="37.462098989635706" lon="-83.794563012197614" />
      <trkpt lat="37.461974015459418" lon="-83.794545996934175" />
      <trkpt lat="37.461845017969608" lon="-83.794540967792273" />
      <trkpt lat="37.461715014651418" lon="-83.794549014419317" />
      <trkpt lat="37.461587022989988" lon="-83.794564018025994" />
      <trkpt lat="37.461461964994669" lon="-83.794582039117813" />
      <trkpt lat="37.461339002475142" lon="-83.794601988047361" />
      <trkpt lat="37.461219979450107" lon="-83.7946190033108" />
      <trkpt lat="37.461106991395354" lon="-83.79463903605938" />
      <trkpt lat="37.461000038310885" lon="-83.794672982767224" />
      <trkpt lat="37.460899036377668" lon="-83.794721011072397" />
      <trkpt lat="37.460836004465818" lon="-83.794761998578906" />
      <trkpt lat="37.460809014737606" lon="-83.794779013842344" />
      <trkpt lat="37.460597958415747" lon="-83.794922009110451" />
      <trkpt lat="37.460546996444464" lon="-83.794957967475057" />
      <trkpt lat="37.460506008937955" lon="-83.794995015487075" />
      <trkpt lat="37.460459992289543" lon="-83.795052012428641" />
      <trkpt lat="37.460417998954654" lon="-83.795117978006601" />
      <trkpt lat="37.460392015054822" lon="-83.795166006311774" />
      <trkpt lat="37.460371982306242" lon="-83.795214034616947" />
      <trkpt lat="37.460356978699565" lon="-83.795255022123456" />
      <trkpt lat="37.460340969264507" lon="-83.795292992144823" />
      <trkpt lat="37.460321020334959" lon="-83.795322999358177" />
      <trkpt lat="37.460273997858167" lon="-83.795363986864686" />
      <trkpt lat="37.460218006744981" lon="-83.795377984642982" />
      <trkpt lat="37.460149023681879" lon="-83.79537002183497" />
      <trkpt lat="37.460069982334971" lon="-83.795339008793235" />
      <trkpt lat="37.459984989836812" lon="-83.79528796300292" />
      <trkpt lat="37.459789020940661" lon="-83.795162988826632" />
      <trkpt lat="37.459673015400767" lon="-83.795098029077053" />
      <trkpt lat="37.459544017910957" lon="-83.795033991336823" />
      <trkpt lat="37.459405967965722" lon="-83.794973976910114" />
      <trkpt lat="37.459258027374744" lon="-83.794913962483406" />
      <trkpt lat="37.459111008793116" lon="-83.794866017997265" />
      <trkpt lat="37.45896901935339" lon="-83.794823018833995" />
      <trkpt lat="37.458833986893296" lon="-83.794786976650357" />
      <trkpt lat="37.458701971918344" lon="-83.794764010235667" />
      <trkpt lat="37.458571968600154" lon="-83.794756969437003" />
      <trkpt lat="37.458444982767105" lon="-83.794754035770893" />
      <trkpt lat="37.45832503773272" lon="-83.794746994972229" />
      <trkpt lat="37.458210960030556" lon="-83.794726962223649" />
      <trkpt lat="37.458103001117706" lon="-83.794691003859043" />
      <trkpt lat="37.457996970042586" lon="-83.794633001089096" />
      <trkpt lat="37.457894962280989" lon="-83.794553959742188" />
      <trkpt lat="37.457795972004533" lon="-83.794456981122494" />
      <trkpt lat="37.45770201086998" lon="-83.794351033866405" />
      <trkpt lat="37.457605032250285" lon="-83.794247014448047" />
      <trkpt lat="37.457500007003546" lon="-83.794150035828352" />
      <trkpt lat="37.457385007292032" lon="-83.794070994481444" />
      <trkpt lat="37.457265984266996" lon="-83.793999999761581" />
      <trkpt lat="37.457148972898722" lon="-83.793933028355241" />
      <trkpt lat="37.457041013985872" lon="-83.793864967301488" />
      <trkpt lat="37.45695099234581" lon="-83.793791960924864" />
      <trkpt lat="37.456877985969186" lon="-83.793703028932214" />
      <trkpt lat="37.456819983199239" lon="-83.793592974543571" />
      <trkpt lat="37.456775978207588" lon="-83.793461965397" />
      <trkpt lat="37.456743037328124" lon="-83.793313018977642" />
      <trkpt lat="37.456718981266022" lon="-83.793149990960956" />
      <trkpt lat="37.456689979881048" lon="-83.792981011793017" />
      <trkpt lat="37.456673970445991" lon="-83.792912028729916" />
      <trkpt lat="37.456652009859681" lon="-83.792814966291189" />
      <trkpt lat="37.456625020131469" lon="-83.79270801320672" />
      <trkpt lat="37.456610016524792" lon="-83.792651016265154" />
      <trkpt lat="37.456573974341154" lon="-83.792494023218751" />
      <trkpt lat="37.456539021804929" lon="-83.792324960231781" />
      <trkpt lat="37.456516977399588" lon="-83.792167967185378" />
      <trkpt lat="37.456513037905097" lon="-83.792010974138975" />
      <trkpt lat="37.456525024026632" lon="-83.791855992749333" />
      <trkpt lat="37.456554025411606" lon="-83.791702017188072" />
      <trkpt lat="37.456597024574876" lon="-83.79154996946454" />
      <trkpt lat="37.456647986546159" lon="-83.791403034701943" />
      <trkpt lat="37.456695009022951" lon="-83.791257021948695" />
      <trkpt lat="37.456729039549828" lon="-83.791112015023828" />
      <trkpt lat="37.456743959337473" lon="-83.790960973128676" />
      <trkpt lat="37.45673599652946" lon="-83.790802974253893" />
      <trkpt lat="37.45671303011477" lon="-83.790640030056238" />
      <trkpt lat="37.456681011244655" lon="-83.790471972897649" />
      <trkpt lat="37.456643963232636" lon="-83.790297964587808" />
      <trkpt lat="37.456604987382889" lon="-83.790123034268618" />
      <trkpt lat="37.456560982391238" lon="-83.789950031787157" />
      <trkpt lat="37.456511026248336" lon="-83.789783986285329" />
      <trkpt lat="37.456450005993247" lon="-83.789625987410545" />
      <trkpt lat="37.456378005445004" lon="-83.789478968828917" />
      <trkpt lat="37.456295024603605" lon="-83.789344020187855" />
      <trkpt lat="37.456205002963543" lon="-83.789220973849297" />
      <trkpt lat="37.456107018515468" lon="-83.789116032421589" />
      <trkpt lat="37.456004004925489" lon="-83.789026010781527" />
      <trkpt lat="37.455892022699118" lon="-83.788955016061664" />
      <trkpt lat="37.45576998218894" lon="-83.788903970271349" />
      <trkpt lat="37.455636961385608" lon="-83.788872035220265" />
      <trkpt lat="37.455495977774262" lon="-83.788850996643305" />
      <trkpt lat="37.455194983631372" lon="-83.788812020793557" />
      <trkpt lat="37.455042013898492" lon="-83.7887960113585" />
      <trkpt lat="37.454891977831721" lon="-83.788773966953158" />
      <trkpt lat="37.454744959250093" lon="-83.788751000538468" />
      <trkpt lat="37.454598024487495" lon="-83.788724010810256" />
      <trkpt lat="37.454450000077486" lon="-83.788701966404915" />
      <trkpt lat="37.454304993152618" lon="-83.788682017475367" />
      <trkpt lat="37.454058984294534" lon="-83.788654021918774" />
      <trkpt lat="37.454010033980012" lon="-83.78864798694849" />
      <trkpt lat="37.453842982649803" lon="-83.788636000826955" />
      <trkpt lat="37.453028010204434" lon="-83.788602976128459" />
      <trkpt lat="37.452873028814793" lon="-83.788599958643317" />
      <trkpt lat="37.452728021889925" lon="-83.788608005270362" />
      <trkpt lat="37.45258703827858" lon="-83.788630971685052" />
      <trkpt lat="37.452446976676583" lon="-83.788673970848322" />
      <trkpt lat="37.452305993065238" lon="-83.788729961961508" />
      <trkpt lat="37.452162997797132" lon="-83.788791988044977" />
      <trkpt lat="37.451869966462255" lon="-83.788931965827942" />
      <trkpt lat="37.451561009511352" lon="-83.789060041308403" />
      <trkpt lat="37.451410973444581" lon="-83.789116032421589" />
      <trkpt lat="37.451274013146758" lon="-83.789171017706394" />
      <trkpt lat="37.451149960979819" lon="-83.789229020476341" />
      <trkpt lat="37.451036972925067" lon="-83.789295991882682" />
      <trkpt lat="37.450923984870315" lon="-83.789366986602545" />
      <trkpt lat="37.45080403983593" lon="-83.789433035999537" />
      <trkpt lat="37.450674036517739" lon="-83.7894850037992" />
      <trkpt lat="37.450568005442619" lon="-83.789510987699032" />
      <trkpt lat="37.450540009886026" lon="-83.789518028497696" />
      <trkpt lat="37.450402965769172" lon="-83.789539989084005" />
      <trkpt lat="37.450262987986207" lon="-83.789560021832585" />
      <trkpt lat="37.450120998546481" lon="-83.789573013782501" />
      <trkpt lat="37.450077999383211" lon="-83.789577959105372" />
      <trkpt lat="37.449975991621614" lon="-83.789587011560798" />
      <trkpt lat="37.449834002181888" lon="-83.789597991853952" />
      <trkpt lat="37.449699975550175" lon="-83.789605032652617" />
      <trkpt lat="37.449579024687409" lon="-83.789606960490346" />
      <trkpt lat="37.449471987783909" lon="-83.789598997682333" />
      <trkpt lat="37.449396969750524" lon="-83.789583994075656" />
      <trkpt lat="37.449188008904457" lon="-83.789670998230577" />
      <trkpt lat="37.448926996439695" lon="-83.789921030402184" />
      <trkpt lat="37.448818031698465" lon="-83.789965035393834" />
      <trkpt lat="37.448709988966584" lon="-83.789918012917042" />
      <trkpt lat="37.448557019233704" lon="-83.789729001000524" />
      <trkpt lat="37.448029965162277" lon="-83.790348004549742" />
      <trkpt lat="37.44612299837172" lon="-83.792614974081516" />
      <trkpt lat="37.445919988676906" lon="-83.792369971051812" />
      <trkpt lat="37.445809012278914" lon="-83.792123040184379" />
      <trkpt lat="37.445743968710303" lon="-83.791854986920953" />
      <trkpt lat="37.445631986483932" lon="-83.791090976446867" />
      <trkpt lat="37.445613965392113" lon="-83.790928032249212" />
      <trkpt lat="37.445598961785436" lon="-83.790727034211159" />
      <trkpt lat="37.445601979270577" lon="-83.790667019784451" />
      <trkpt lat="37.445608014240861" lon="-83.790586972609162" />
      <trkpt lat="37.445621006190777" lon="-83.790525030344725" />
      <trkpt lat="37.445631986483932" lon="-83.790457975119352" />
      <trkpt lat="37.445644978433847" lon="-83.790378011763096" />
      <trkpt lat="37.445667022839189" lon="-83.790314979851246" />
      <trkpt lat="37.445767018944025" lon="-83.790053967386484" />
      <trkpt lat="37.445471975952387" lon="-83.789807036519051" />
      <trkpt lat="37.445358987897635" lon="-83.789726989343762" />
      <trkpt lat="37.445239964872599" lon="-83.789668986573815" />
      <trkpt lat="37.44511297903955" lon="-83.789625987410545" />
      <trkpt lat="37.444976018741727" lon="-83.789592040702701" />
      <trkpt lat="37.444827994331717" lon="-83.789566978812218" />
      <trkpt lat="37.444669995456934" lon="-83.789551975205541" />
      <trkpt lat="37.444516019895673" lon="-83.789540994912386" />
      <trkpt lat="37.444367995485663" lon="-83.789539989084005" />
      <trkpt lat="37.444229023531079" lon="-83.789555998519063" />
      <trkpt lat="37.44410203769803" lon="-83.789606960490346" />
      <trkpt lat="37.443983014672995" lon="-83.789678039029241" />
      <trkpt lat="37.44388704188168" lon="-83.789781974628568" />
      <trkpt lat="37.443787967786193" lon="-83.789903009310365" />
      <trkpt lat="37.443690989166498" lon="-83.790026977658272" />
      <trkpt lat="37.443597028031945" lon="-83.790138037875295" />
      <trkpt lat="37.443483034148812" lon="-83.790234010666609" />
      <trkpt lat="37.443351019173861" lon="-83.790316991508007" />
      <trkpt lat="37.443204000592232" lon="-83.790392009541392" />
      <trkpt lat="37.443040972575545" lon="-83.790469961240888" />
      <trkpt lat="37.442874005064368" lon="-83.790538022294641" />
      <trkpt lat="37.442710977047682" lon="-83.790589990094304" />
      <trkpt lat="37.44255599565804" lon="-83.790608011186123" />
      <trkpt lat="37.442407971248031" lon="-83.790598036721349" />
      <trkpt lat="37.442260030657053" lon="-83.790561994537711" />
      <trkpt lat="37.442113012075424" lon="-83.790506003424525" />
      <trkpt lat="37.441959958523512" lon="-83.790438026189804" />
      <trkpt lat="37.441784022375941" lon="-83.790369965136051" />
      <trkpt lat="37.441605990752578" lon="-83.790316991508007" />
      <trkpt lat="37.441424019634724" lon="-83.790268963202834" />
      <trkpt lat="37.441240036860108" lon="-83.790227975696325" />
      <trkpt lat="37.441055970266461" lon="-83.790182964876294" />
      <trkpt lat="37.440875004976988" lon="-83.790146000683308" />
      <trkpt lat="37.440699990838766" lon="-83.790098978206515" />
      <trkpt lat="37.440359015017748" lon="-83.789999987930059" />
      <trkpt lat="37.440200010314584" lon="-83.789945002645254" />
      <trkpt lat="37.440051985904574" lon="-83.789895968511701" />
      <trkpt lat="37.439917959272861" lon="-83.789848024025559" />
      <trkpt lat="37.439777981489897" lon="-83.789832014590502" />
      <trkpt lat="37.439648984000087" lon="-83.789851041510701" />
      <trkpt lat="37.439529960975051" lon="-83.789907032623887" />
      <trkpt lat="37.439402975142002" lon="-83.789998982101679" />
      <trkpt lat="37.439282024279237" lon="-83.790105013176799" />
      <trkpt lat="37.439155038446188" lon="-83.790211966261268" />
      <trkpt lat="37.43903299793601" lon="-83.790311040356755" />
      <trkpt lat="37.438901988789439" lon="-83.790407013148069" />
      <trkpt lat="37.438761005178094" lon="-83.790503991767764" />
      <trkpt lat="37.438608035445213" lon="-83.790598036721349" />
      <trkpt lat="37.438454981893301" lon="-83.790673976764083" />
      <trkpt lat="37.43830100633204" lon="-83.79073197953403" />
      <trkpt lat="37.438144013285637" lon="-83.790769027546048" />
      <trkpt lat="37.437978973612189" lon="-83.790777996182442" />
      <trkpt lat="37.437805971130729" lon="-83.790773972868919" />
      <trkpt lat="37.437622994184494" lon="-83.790760980919003" />
      <trkpt lat="37.437429958954453" lon="-83.790748994797468" />
      <trkpt lat="37.437047995626926" lon="-83.790728040039539" />
      <trkpt lat="37.436877004802227" lon="-83.790723010897636" />
      <trkpt lat="37.436688998714089" lon="-83.790713036432862" />
      <trkpt lat="37.436519013717771" lon="-83.790698032826185" />
      <trkpt lat="37.436352968215942" lon="-83.790673976764083" />
      <trkpt lat="37.436188012361526" lon="-83.790642041712999" />
      <trkpt lat="37.436020039021969" lon="-83.790598958730698" />
      <trkpt lat="37.435846030712128" lon="-83.790551014244556" />
      <trkpt lat="37.43531403131783" lon="-83.790397960692644" />
      <trkpt lat="37.435130970552564" lon="-83.790350016206503" />
      <trkpt lat="37.434751018881798" lon="-83.790252031758428" />
      <trkpt lat="37.434674995020032" lon="-83.790234010666609" />
      <trkpt lat="37.434506015852094" lon="-83.790195034816861" />
      <trkpt lat="37.434353968128562" lon="-83.79021598957479" />
      <trkpt lat="37.434254977852106" lon="-83.790263012051582" />
      <trkpt lat="37.434189012274146" lon="-83.790292013436556" />
      <trkpt lat="37.434113994240761" lon="-83.790313974022865" />
      <trkpt lat="37.434030007570982" lon="-83.790328977629542" />
      <trkpt lat="37.433936968445778" lon="-83.790331995114684" />
      <trkpt lat="37.433842001482844" lon="-83.79032202064991" />
      <trkpt lat="37.433645026758313" lon="-83.790285978466272" />
      <trkpt lat="37.433443022891879" lon="-83.790240967646241" />
      <trkpt lat="37.433250993490219" lon="-83.790199980139732" />
      <trkpt lat="37.43316700682044" lon="-83.790183970704675" />
      <trkpt lat="37.433089977130294" lon="-83.790170978754759" />
      <trkpt lat="37.43301797658205" lon="-83.79015002399683" />
      <trkpt lat="37.432949999347329" lon="-83.790133008733392" />
      <trkpt lat="37.432914962992072" lon="-83.790122028440237" />
      <trkpt lat="37.432884033769369" lon="-83.790111970156431" />
      <trkpt lat="37.432813961058855" lon="-83.790100989863276" />
      <trkpt lat="37.432740032672882" lon="-83.790105013176799" />
      <trkpt lat="37.432666020467877" lon="-83.790133008733392" />
      <trkpt lat="37.432600976899266" lon="-83.790195034816861" />
      <trkpt lat="37.432551020756364" lon="-83.790282038971782" />
      <trkpt lat="37.432516990229487" lon="-83.790385974571109" />
      <trkpt lat="37.432490000501275" lon="-83.790500974282622" />
      <trkpt lat="37.43245798163116" lon="-83.790615973994136" />
      <trkpt lat="37.432450018823147" lon="-83.790760980919003" />
      <trkpt lat="37.432410037145019" lon="-83.791039008647203" />
      <trkpt lat="37.432391010224819" lon="-83.791186027228832" />
      <trkpt lat="37.432373994961381" lon="-83.791338996961713" />
      <trkpt lat="37.432359997183084" lon="-83.791480986401439" />
      <trkpt lat="37.43234901688993" lon="-83.791650971397758" />
      <trkpt lat="37.432341976091266" lon="-83.791811987757683" />
      <trkpt lat="37.432316998019814" lon="-83.792131002992392" />
      <trkpt lat="37.432299982756376" lon="-83.792294031009078" />
      <trkpt lat="37.432281039655209" lon="-83.792454041540623" />
      <trkpt lat="37.432255977764726" lon="-83.792608017101884" />
      <trkpt lat="37.432206021621823" lon="-83.792890990152955" />
      <trkpt lat="37.432176014408469" lon="-83.793014958500862" />
      <trkpt lat="37.432131003588438" lon="-83.793129036203027" />
      <trkpt lat="37.432077024132013" lon="-83.793236995115876" />
      <trkpt lat="37.43191902525723" lon="-83.793561039492488" />
      <trkpt lat="37.431872002780437" lon="-83.793662963435054" />
      <trkpt lat="37.431837972253561" lon="-83.793763965368271" />
      <trkpt lat="37.431821962818503" lon="-83.79386899061501" />
      <trkpt lat="37.431817017495632" lon="-83.793970998376608" />
      <trkpt lat="37.431808970868587" lon="-83.794065965339541" />
      <trkpt lat="37.431795978918672" lon="-83.794160010293126" />
      <trkpt lat="37.431776029989123" lon="-83.79425497725606" />
      <trkpt lat="37.431749040260911" lon="-83.794353967532516" />
      <trkpt lat="37.431719033047557" lon="-83.794454969465733" />
      <trkpt lat="37.431691037490964" lon="-83.794558988884091" />
      <trkpt lat="37.431679973378778" lon="-83.794624032452703" />
      <trkpt lat="37.431673016399145" lon="-83.794667031615973" />
      <trkpt lat="37.4316649697721" lon="-83.794773984700441" />
      <trkpt lat="37.431665975600481" lon="-83.794880015775561" />
      <trkpt lat="37.431671004742384" lon="-83.79498596303165" />
      <trkpt lat="37.431674022227526" lon="-83.795098029077053" />
      <trkpt lat="37.431671004742384" lon="-83.795215962454677" />
      <trkpt lat="37.431662958115339" lon="-83.795340014621615" />
      <trkpt lat="37.431648038327694" lon="-83.795469012111425" />
      <trkpt lat="37.431626999750733" lon="-83.795601027086377" />
      <trkpt lat="37.43159900419414" lon="-83.795733964070678" />
      <trkpt lat="37.431564973667264" lon="-83.795863967388868" />
      <trkpt lat="37.431520968675613" lon="-83.795989025384188" />
      <trkpt lat="37.431464977562428" lon="-83.79610201343894" />
      <trkpt lat="37.431400017812848" lon="-83.796207038685679" />
      <trkpt lat="37.431260040029883" lon="-83.796420022845268" />
      <trkpt lat="37.431194996461272" lon="-83.796533010900021" />
      <trkpt lat="37.431140011176467" lon="-83.796642981469631" />
      <trkpt lat="37.431100029498339" lon="-83.796768961474299" />
      <trkpt lat="37.431069016456604" lon="-83.796897958964109" />
      <trkpt lat="37.431042026728392" lon="-83.797033997252584" />
      <trkpt lat="37.431015037000179" lon="-83.797179004177451" />
      <trkpt lat="37.430961979553103" lon="-83.797489972785115" />
      <trkpt lat="37.430944964289665" lon="-83.797656018286943" />
      <trkpt lat="37.430918980389833" lon="-83.797995988279581" />
      <trkpt lat="37.430908000096679" lon="-83.798162033781409" />
      <trkpt lat="37.430901965126395" lon="-83.798479037359357" />
      <trkpt lat="37.430901965126395" lon="-83.798620020970702" />
      <trkpt lat="37.430899031460285" lon="-83.798698978498578" />
      <trkpt lat="37.430897019803524" lon="-83.798752035945654" />
      <trkpt lat="37.430882016196847" lon="-83.798879021778703" />
      <trkpt lat="37.430755030363798" lon="-83.799362992867827" />
      <trkpt lat="37.430713959038258" lon="-83.799474975094199" />
      <trkpt lat="37.430679006502032" lon="-83.799588968977332" />
      <trkpt lat="37.430654028430581" lon="-83.799713021144271" />
      <trkpt lat="37.430637013167143" lon="-83.799843024462461" />
      <trkpt lat="37.430618992075324" lon="-83.799972021952271" />
      <trkpt lat="37.430598037317395" lon="-83.800100013613701" />
      <trkpt lat="37.430584039539099" lon="-83.800224987789989" />
      <trkpt lat="37.430584961548448" lon="-83.800260024145246" />
      <trkpt lat="37.430586973205209" lon="-83.800345016643405" />
      <trkpt lat="37.430612035095692" lon="-83.800460016354918" />
      <trkpt lat="37.43065201677382" lon="-83.80057199858129" />
      <trkpt lat="37.430696021765471" lon="-83.800689009949565" />
      <trkpt lat="37.430740026757121" lon="-83.800811972469091" />
      <trkpt lat="37.430828036740422" lon="-83.801082037389278" />
      <trkpt lat="37.430869024246931" lon="-83.801211034879088" />
      <trkpt lat="37.43088997900486" lon="-83.801333997398615" />
      <trkpt lat="37.430898025631905" lon="-83.801467018201947" />
      <trkpt lat="37.430887967348099" lon="-83.801604984328151" />
      <trkpt lat="37.43086701259017" lon="-83.801742028445005" />
      <trkpt lat="37.430843962356448" lon="-83.801875971257687" />
      <trkpt lat="37.43082501925528" lon="-83.802004968747497" />
      <trkpt lat="37.430815966799855" lon="-83.802059032022953" />
      <trkpt lat="37.430785959586501" lon="-83.802257012575865" />
      <trkpt lat="37.430769028142095" lon="-83.80237796343863" />
      <trkpt lat="37.430745977908373" lon="-83.802496986463666" />
      <trkpt lat="37.430713037028909" lon="-83.802613997831941" />
      <trkpt lat="37.430671965703368" lon="-83.802736960351467" />
      <trkpt lat="37.430621003732085" lon="-83.802864030003548" />
      <trkpt lat="37.430565012618899" lon="-83.802993027493358" />
      <trkpt lat="37.430504998192191" lon="-83.803123030811548" />
      <trkpt lat="37.430440038442612" lon="-83.803251022472978" />
      <trkpt lat="37.430368959903717" lon="-83.803377002477646" />
      <trkpt lat="37.430220013484359" lon="-83.803624017164111" />
      <trkpt lat="37.430151030421257" lon="-83.803748991340399" />
      <trkpt lat="37.430095039308071" lon="-83.803877988830209" />
      <trkpt lat="37.430051034316421" lon="-83.804016038775444" />
      <trkpt lat="37.430039970204234" lon="-83.804060965776443" />
      <trkpt lat="37.429980961605906" lon="-83.804307980462909" />
      <trkpt lat="37.429938968271017" lon="-83.804452987387776" />
      <trkpt lat="37.429801002144814" lon="-83.804899994283915" />
      <trkpt lat="37.429755991324782" lon="-83.805051036179066" />
      <trkpt lat="37.429712992161512" lon="-83.805210962891579" />
      <trkpt lat="37.429672004655004" lon="-83.805368961766362" />
      <trkpt lat="37.429635040462017" lon="-83.805526038631797" />
      <trkpt lat="37.429606961086392" lon="-83.805680014193058" />
      <trkpt lat="37.429586006328464" lon="-83.8058349955827" />
      <trkpt lat="37.429567985236645" lon="-83.805989976972342" />
      <trkpt lat="37.429543007165194" lon="-83.806147975847125" />
      <trkpt lat="37.429489027708769" lon="-83.806452993303537" />
      <trkpt lat="37.429462959989905" lon="-83.806650973856449" />
      <trkpt lat="37.429448962211609" lon="-83.806825987994671" />
      <trkpt lat="37.429437981918454" lon="-83.807160006836057" />
      <trkpt lat="37.429430019110441" lon="-83.807473992928863" />
      <trkpt lat="37.429424989968538" lon="-83.807625034824014" />
      <trkpt lat="37.429420966655016" lon="-83.807915970683098" />
      <trkpt lat="37.429420966655016" lon="-83.808054020628333" />
      <trkpt lat="37.429427001625299" lon="-83.808302963152528" />
      <trkpt lat="37.429433036595583" lon="-83.808420980349183" />
      <trkpt lat="37.429439993575215" lon="-83.80852097645402" />
      <trkpt lat="37.429454997181892" lon="-83.808704037219286" />
      <trkpt lat="37.429460026323795" lon="-83.808795986697078" />
      <trkpt lat="37.429459020495415" lon="-83.808887014165521" />
      <trkpt lat="37.429453991353512" lon="-83.808978963643312" />
      <trkpt lat="37.429442005231977" lon="-83.809074014425278" />
      <trkpt lat="37.429423984140158" lon="-83.809168981388211" />
      <trkpt lat="37.429402023553848" lon="-83.809266965836287" />
      <trkpt lat="37.429376961663365" lon="-83.809367967769504" />
      <trkpt lat="37.429352989420295" lon="-83.809473998844624" />
      <trkpt lat="37.429336979985237" lon="-83.809582963585854" />
      <trkpt lat="37.429318958893418" lon="-83.809736017137766" />
      <trkpt lat="37.429289035499096" lon="-83.809919999912381" />
      <trkpt lat="37.429295992478728" lon="-83.810219988226891" />
      <trkpt lat="37.429373022168875" lon="-83.810591977089643" />
      <trkpt lat="37.429546024650335" lon="-83.811043007299304" />
      <trkpt lat="37.429707963019609" lon="-83.811460006982088" />
      <trkpt lat="37.42981499992311" lon="-83.811739040538669" />
      <trkpt lat="37.429922958835959" lon="-83.812025031074882" />
      <trkpt lat="37.430066037923098" lon="-83.812234997749329" />
      <trkpt lat="37.430235017091036" lon="-83.81238997913897" />
      <trkpt lat="37.430440960451961" lon="-83.81245200522244" />
      <trkpt lat="37.430669032037258" lon="-83.812438007444143" />
      <trkpt lat="37.431060969829559" lon="-83.812285037711263" />
      <trkpt lat="37.431753985583782" lon="-83.812016984447837" />
      <trkpt lat="37.431933023035526" lon="-83.811940960586071" />
      <trkpt lat="37.432323032990098" lon="-83.811785979196429" />
      <trkpt lat="37.432577004656196" lon="-83.811681037768722" />
      <trkpt lat="37.43269301019609" lon="-83.811654970049858" />
      <trkpt lat="37.432807004079223" lon="-83.81168195977807" />
      <trkpt lat="37.43288797326386" lon="-83.811739962548018" />
      <trkpt lat="37.432990986853838" lon="-83.811863008886576" />
      <trkpt lat="37.43308000266552" lon="-83.811961999163032" />
      <trkpt lat="37.433169018477201" lon="-83.81206501275301" />
      <trkpt lat="37.433255016803741" lon="-83.812159979715943" />
      <trkpt lat="37.433335985988379" lon="-83.812247989699244" />
      <trkpt lat="37.433420978486538" lon="-83.812332982197404" />
      <trkpt lat="37.433521980419755" lon="-83.812403976917267" />
      <trkpt lat="37.433633040636778" lon="-83.812460973858833" />
      <trkpt lat="37.433744017034769" lon="-83.812525011599064" />
      <trkpt lat="37.433843007311225" lon="-83.812612015753984" />
      <trkpt lat="37.433934034779668" lon="-83.812713017687201" />
      <trkpt lat="37.43402699008584" lon="-83.812812007963657" />
      <trkpt lat="37.434126986190677" lon="-83.812904041260481" />
      <trkpt lat="37.434237962588668" lon="-83.812993979081511" />
      <trkpt lat="37.434356985613704" lon="-83.813085006549954" />
      <trkpt lat="37.434481037780643" lon="-83.813171004876494" />
      <trkpt lat="37.434607017785311" lon="-83.813254991546273" />
      <trkpt lat="37.434739032760262" lon="-83.813334032893181" />
      <trkpt lat="37.434870963916183" lon="-83.81341902539134" />
      <trkpt lat="37.434997027739882" lon="-83.813506029546261" />
      <trkpt lat="37.435114961117506" lon="-83.813597979024053" />
      <trkpt lat="37.435229038819671" lon="-83.813693029806018" />
      <trkpt lat="37.435338003560901" lon="-83.813780033960938" />
      <trkpt lat="37.435445040464401" lon="-83.813853962346911" />
      <trkpt lat="37.435559034347534" lon="-83.813909031450748" />
      <trkpt lat="37.435679985210299" lon="-83.813943983986974" />
      <trkpt lat="37.435776041820645" lon="-83.813962005078793" />
      <trkpt lat="37.435900010168552" lon="-83.814009027555585" />
      <trkpt lat="37.435991959646344" lon="-83.814080022275448" />
      <trkpt lat="37.43606798350811" lon="-83.814179012551904" />
      <trkpt lat="37.436126992106438" lon="-83.814297029748559" />
      <trkpt lat="37.43617401458323" lon="-83.814422003924847" />
      <trkpt lat="37.436216007918119" lon="-83.81455603055656" />
      <trkpt lat="37.436293959617615" lon="-83.814819976687431" />
      <trkpt lat="37.436331007629633" lon="-83.814934976398945" />
      <trkpt lat="37.436370989307761" lon="-83.815040001645684" />
      <trkpt lat="37.436413988471031" lon="-83.815139997750521" />
      <trkpt lat="37.436465034261346" lon="-83.815232031047344" />
      <trkpt lat="37.436493029817939" lon="-83.81526698358357" />
      <trkpt lat="37.436451036483049" lon="-83.815407967194915" />
      <trkpt lat="37.436418011784554" lon="-83.815533025190234" />
      <trkpt lat="37.436354979872704" lon="-83.815776016563177" />
      <trkpt lat="37.436324972659349" lon="-83.815886992961168" />
      <trkpt lat="37.436285996809602" lon="-83.816000986844301" />
      <trkpt lat="37.436248026788235" lon="-83.816115986555815" />
      <trkpt lat="37.436207961291075" lon="-83.816232997924089" />
      <trkpt lat="37.436161022633314" lon="-83.816347997635603" />
      <trkpt lat="37.436106037348509" lon="-83.816456962376833" />
      <trkpt lat="37.436043005436659" lon="-83.81655796431005" />
      <trkpt lat="37.435972010716796" lon="-83.816653015092015" />
      <trkpt lat="37.435899004340172" lon="-83.816743036732078" />
      <trkpt lat="37.435822980478406" lon="-83.816830040886998" />
      <trkpt lat="37.435671016573906" lon="-83.816996002569795" />
      <trkpt lat="37.435598010197282" lon="-83.817078983411193" />
      <trkpt lat="37.435528021305799" lon="-83.817162970080972" />
      <trkpt lat="37.435460966080427" lon="-83.817247040569782" />
      <trkpt lat="37.435396006330848" lon="-83.817332033067942" />
      <trkpt lat="37.43533599190414" lon="-83.817421970888972" />
      <trkpt lat="37.435280000790954" lon="-83.817515010014176" />
      <trkpt lat="37.43522702716291" lon="-83.81760997697711" />
      <trkpt lat="37.435178998857737" lon="-83.817707039415836" />
      <trkpt lat="37.434960985556245" lon="-83.818200984969735" />
      <trkpt lat="37.434882028028369" lon="-83.818385973572731" />
      <trkpt lat="37.434846991673112" lon="-83.818474989384413" />
      <trkpt lat="37.434815978631377" lon="-83.818559981882572" />
      <trkpt lat="37.434781026095152" lon="-83.81864002905786" />
      <trkpt lat="37.434742972254753" lon="-83.818714963272214" />
      <trkpt lat="37.434703996405005" lon="-83.818787969648838" />
      <trkpt lat="37.434622021391988" lon="-83.818916967138648" />
      <trkpt lat="37.43458597920835" lon="-83.818970024585724" />
      <trkpt lat="37.434481959789991" lon="-83.819137997925282" />
      <trkpt lat="37.434441978111863" lon="-83.819211004301906" />
      <trkpt lat="37.434398978948593" lon="-83.819292979314923" />
      <trkpt lat="37.434376012533903" lon="-83.819407979026437" />
      <trkpt lat="37.434336030855775" lon="-83.819498000666499" />
      <trkpt lat="37.434290014207363" lon="-83.819581987336278" />
      <trkpt lat="37.434255983680487" lon="-83.819688018411398" />
      <trkpt lat="37.434212984517217" lon="-83.819787008687854" />
      <trkpt lat="37.434167973697186" lon="-83.81988599896431" />
      <trkpt lat="37.434124974533916" lon="-83.819989012554288" />
      <trkpt lat="37.434082981199026" lon="-83.820094037801027" />
      <trkpt lat="37.43404702283442" lon="-83.820205014199018" />
      <trkpt lat="37.434013998135924" lon="-83.820313978940248" />
      <trkpt lat="37.433987008407712" lon="-83.820415986701846" />
      <trkpt lat="37.433959012851119" lon="-83.820510031655431" />
      <trkpt lat="37.43392095901072" lon="-83.820596029981971" />
      <trkpt lat="37.433872008696198" lon="-83.820673981681466" />
      <trkpt lat="37.433814005926251" lon="-83.820741958916187" />
      <trkpt lat="37.433750974014401" lon="-83.820799961686134" />
      <trkpt lat="37.433685008436441" lon="-83.82085201330483" />
      <trkpt lat="37.43361895903945" lon="-83.820905992761254" />
      <trkpt lat="37.43355299346149" lon="-83.820965001359582" />
      <trkpt lat="37.43348996154964" lon="-83.82102400995791" />
      <trkpt lat="37.433370016515255" lon="-83.821140015497804" />
      <trkpt lat="37.433310002088547" lon="-83.821190977469087" />
      <trkpt lat="37.433246970176697" lon="-83.821230959147215" />
      <trkpt lat="37.433176981285214" lon="-83.82125903852284" />
      <trkpt lat="37.433105986565351" lon="-83.82128301076591" />
      <trkpt lat="37.433029040694237" lon="-83.821298014372587" />
      <trkpt lat="37.432948993518949" lon="-83.821315029636025" />
      <trkpt lat="37.432869030162692" lon="-83.821340007707477" />
      <trkpt lat="37.432789988815784" lon="-83.821375966072083" />
      <trkpt lat="37.432712037116289" lon="-83.821420976892114" />
      <trkpt lat="37.432636013254523" lon="-83.821472022682428" />
      <trkpt lat="37.432560995221138" lon="-83.821528013795614" />
      <trkpt lat="37.432482037693262" lon="-83.821575036272407" />
      <trkpt lat="37.432410959154367" lon="-83.821632033213973" />
      <trkpt lat="37.432334013283253" lon="-83.821682995185256" />
      <trkpt lat="37.432176014408469" lon="-83.821783997118473" />
      <trkpt lat="37.432097978889942" lon="-83.821834959089756" />
      <trkpt lat="37.432022960856557" lon="-83.821891034021974" />
      <trkpt lat="37.431884994730353" lon="-83.822021037340164" />
      <trkpt lat="37.431827997788787" lon="-83.822096977382898" />
      <trkpt lat="37.431775024160743" lon="-83.822169983759522" />
      <trkpt lat="37.431646026670933" lon="-83.822361007332802" />
      <trkpt lat="37.431572014465928" lon="-83.822473995387554" />
      <trkpt lat="37.431533960625529" lon="-83.822527974843979" />
      <trkpt lat="37.431596992537379" lon="-83.822654960677028" />
      <trkpt lat="37.431647032499313" lon="-83.822763003408909" />
      <trkpt lat="37.431706041097641" lon="-83.822896024212241" />
      <trkpt lat="37.431803019717336" lon="-83.823097022250295" />
      <trkpt lat="37.43185599334538" lon="-83.823210010305047" />
      <trkpt lat="37.431960012763739" lon="-83.823439003899693" />
      <trkpt lat="37.432400984689593" lon="-83.824318014085293" />
      <trkpt lat="37.432469967752695" lon="-83.824424967169762" />
      <trkpt lat="37.432768028229475" lon="-83.824844984337687" />
      <trkpt lat="37.432829970493913" lon="-83.824954032897949" />
      <trkpt lat="37.432885961607099" lon="-83.825076995417476" />
      <trkpt lat="37.432996015995741" lon="-83.82547496818006" />
      <trkpt lat="37.433024011552334" lon="-83.825604971498251" />
      <trkpt lat="37.43305703625083" lon="-83.82573296315968" />
      <trkpt lat="37.433097017928958" lon="-83.825860032811761" />
      <trkpt lat="37.433141022920609" lon="-83.82598802447319" />
      <trkpt lat="37.433187961578369" lon="-83.826115010306239" />
      <trkpt lat="37.433233978226781" lon="-83.826243001967669" />
      <trkpt lat="37.433278989046812" lon="-83.82637501694262" />
      <trkpt lat="37.433322994038463" lon="-83.826511977240443" />
      <trkpt lat="37.433335985988379" lon="-83.826557993888855" />
      <trkpt lat="37.43340102955699" lon="-83.826786987483501" />
      <trkpt lat="37.433441011235118" lon="-83.826924031600356" />
      <trkpt lat="37.433483004570007" lon="-83.827056968584657" />
      <trkpt lat="37.43353296071291" lon="-83.827182026579976" />
      <trkpt lat="37.433593980967999" lon="-83.82729803211987" />
      <trkpt lat="37.433663969859481" lon="-83.827400961890817" />
      <trkpt lat="37.433739993721247" lon="-83.82749198935926" />
      <trkpt lat="37.434500986710191" lon="-83.828145023435354" />
      <trkpt lat="37.434580028057098" lon="-83.82822297513485" />
      <trkpt lat="37.434687986969948" lon="-83.828333029523492" />
      <trkpt lat="37.434806004166603" lon="-83.828447023406625" />
      <trkpt lat="37.434884961694479" lon="-83.828504020348191" />
      <trkpt lat="37.43496903218329" lon="-83.828541990369558" />
      <trkpt lat="37.43505603633821" lon="-83.828556993976235" />
      <trkpt lat="37.43514496833086" lon="-83.828559005632997" />
      <trkpt lat="37.435239013284445" lon="-83.828557999804616" />
      <trkpt lat="37.435328029096127" lon="-83.828542996197939" />
      <trkpt lat="37.435425007715821" lon="-83.828535033389926" />
      <trkpt lat="37.435523997992277" lon="-83.828530004248023" />
      <trkpt lat="37.435623994097114" lon="-83.828531010076404" />
      <trkpt lat="37.435720972716808" lon="-83.828541990369558" />
      <trkpt lat="37.435817029327154" lon="-83.828564034774899" />
      <trkpt lat="37.435914007946849" lon="-83.828599993139505" />
      <trkpt lat="37.436009980738163" lon="-83.828640980646014" />
      <trkpt lat="37.436204021796584" lon="-83.828742988407612" />
      <trkpt lat="37.436297982931137" lon="-83.828795962035656" />
      <trkpt lat="37.436391022056341" lon="-83.828852036967874" />
      <trkpt lat="37.436482971534133" lon="-83.82890903390944" />
      <trkpt lat="37.436570981517434" lon="-83.828971982002258" />
      <trkpt lat="37.436656979843974" lon="-83.82903803139925" />
      <trkpt lat="37.436741972342134" lon="-83.829107014462352" />
      <trkpt lat="37.436909023672342" lon="-83.829252021387219" />
      <trkpt lat="37.437154026702046" lon="-83.829471962526441" />
      <trkpt lat="37.437231978401542" lon="-83.829543963074684" />
      <trkpt lat="37.437391988933086" lon="-83.829687964171171" />
      <trkpt lat="37.437469018623233" lon="-83.829762982204556" />
      <trkpt lat="37.4376140255481" lon="-83.829914024099708" />
      <trkpt lat="37.43767999112606" lon="-83.829988036304712" />
      <trkpt lat="37.43774302303791" lon="-83.830062970519066" />
      <trkpt lat="37.437802031636238" lon="-83.830136982724071" />
      <trkpt lat="37.437909990549088" lon="-83.830300010740757" />
      <trkpt lat="37.437955001369119" lon="-83.830387014895678" />
      <trkpt lat="37.437991965562105" lon="-83.830481981858611" />
      <trkpt lat="37.43802297860384" lon="-83.830583989620209" />
      <trkpt lat="37.438050974160433" lon="-83.830695971846581" />
      <trkpt lat="37.438076036050916" lon="-83.830820024013519" />
      <trkpt lat="37.438149964436889" lon="-83.831495018675923" />
      <trkpt lat="37.438155999407172" lon="-83.831624016165733" />
      <trkpt lat="37.438165973871946" lon="-83.832018971443176" />
      <trkpt lat="37.438167985528708" lon="-83.832120979204774" />
      <trkpt lat="37.438176032155752" lon="-83.832367993891239" />
      <trkpt lat="37.438186006620526" lon="-83.832721961662173" />
      <trkpt lat="37.438187012448907" lon="-83.832825981080532" />
      <trkpt lat="37.438167985528708" lon="-83.833052963018417" />
      <trkpt lat="37.438137978315353" lon="-83.833173997700214" />
      <trkpt lat="37.437714021652937" lon="-83.834263980388641" />
      <trkpt lat="37.437587035819888" lon="-83.834588024765253" />
      <trkpt lat="37.437560968101025" lon="-83.834676034748554" />
      <trkpt lat="37.43752802722156" lon="-83.834763038903475" />
      <trkpt lat="37.437509000301361" lon="-83.834848031401634" />
      <trkpt lat="37.437499025836587" lon="-83.834937969222665" />
      <trkpt lat="37.437493996694684" lon="-83.835022039711475" />
      <trkpt lat="37.437504976987839" lon="-83.835110971704125" />
      <trkpt lat="37.437524003908038" lon="-83.835198981687427" />
      <trkpt lat="37.437556022778153" lon="-83.83529101498425" />
      <trkpt lat="37.437640009447932" lon="-83.83546301163733" />
      <trkpt lat="37.437690971419215" lon="-83.835556972771883" />
      <trkpt lat="37.438009986653924" lon="-83.836054019629955" />
      <trkpt lat="37.438060026615858" lon="-83.836154015734792" />
      <trkpt lat="37.438116017729044" lon="-83.836224004626274" />
      <trkpt lat="37.438167985528708" lon="-83.836301034316421" />
      <trkpt lat="37.438219031319022" lon="-83.836373034864664" />
      <trkpt lat="37.438273010775447" lon="-83.836435982957482" />
      <trkpt lat="37.438332019373775" lon="-83.836481999605894" />
      <trkpt lat="37.438401002436876" lon="-83.836520975455642" />
      <trkpt lat="37.4384740088135" lon="-83.836542014032602" />
      <trkpt lat="37.438552966341376" lon="-83.836552994325757" />
      <trkpt lat="37.438631001859903" lon="-83.836546959355474" />
      <trkpt lat="37.438717000186443" lon="-83.836533967405558" />
      <trkpt lat="37.438805010169744" lon="-83.836518041789532" />
      <trkpt lat="37.438984969630837" lon="-83.83649499155581" />
      <trkpt lat="37.4390749912709" lon="-83.836473030969501" />
      <trkpt lat="37.439159983769059" lon="-83.836460961028934" />
      <trkpt lat="37.439242964610457" lon="-83.836454004049301" />
      <trkpt lat="37.439323011785746" lon="-83.836446041241288" />
      <trkpt lat="37.439391994848847" lon="-83.836434977129102" />
      <trkpt lat="37.439449997618794" lon="-83.836413016542792" />
      <trkpt lat="37.439499031752348" lon="-83.836385020986199" />
      <trkpt lat="37.439500959590077" lon="-83.836434977129102" />
      <trkpt lat="37.439498025923967" lon="-83.836507983505726" />
      <trkpt lat="37.439494002610445" lon="-83.836552994325757" />
      <trkpt lat="37.439484028145671" lon="-83.83660102263093" />
      <trkpt lat="37.439457960426807" lon="-83.836711999028921" />
      <trkpt lat="37.43944002315402" lon="-83.836762038990855" />
      <trkpt lat="37.439422002062201" lon="-83.836807971820235" />
      <trkpt lat="37.439403980970383" lon="-83.836850970983505" />
      <trkpt lat="37.439365005120635" lon="-83.836931018158793" />
      <trkpt lat="37.439344972372055" lon="-83.83696798235178" />
      <trkpt lat="37.439312031492591" lon="-83.83703101426363" />
      <trkpt lat="37.439244976267219" lon="-83.837147019803524" />
      <trkpt lat="37.439226033166051" lon="-83.837185995653272" />
      <trkpt lat="37.439183034002781" lon="-83.837264031171799" />
      <trkpt lat="37.439158977940679" lon="-83.837304012849927" />
      <trkpt lat="37.439132994040847" lon="-83.837343994528055" />
      <trkpt lat="37.439104998484254" lon="-83.837381964549422" />
      <trkpt lat="37.439072979614139" lon="-83.83741901256144" />
      <trkpt lat="37.439038027077913" lon="-83.837456982582808" />
      <trkpt lat="37.439003996551037" lon="-83.837496964260936" />
      <trkpt lat="37.43896703235805" lon="-83.837530994787812" />
      <trkpt lat="37.438931996002793" lon="-83.837567958980799" />
      <trkpt lat="37.438896959647536" lon="-83.837602995336056" />
      <trkpt lat="37.438858989626169" lon="-83.837630990892649" />
      <trkpt lat="37.43881800211966" lon="-83.837650017812848" />
      <trkpt lat="37.438777014613152" lon="-83.837658986449242" />
      <trkpt lat="37.438734015449882" lon="-83.837658986449242" />
      <trkpt lat="37.438692022114992" lon="-83.837648006156087" />
      <trkpt lat="37.438652962446213" lon="-83.837631996721029" />
      <trkpt lat="37.438614992424846" lon="-83.837611963972449" />
      <trkpt lat="37.438577022403479" lon="-83.83759000338614" />
      <trkpt lat="37.438540980219841" lon="-83.837564019486308" />
      <trkpt lat="37.438505021855235" lon="-83.837535018101335" />
      <trkpt lat="37.438468979671597" lon="-83.837501993402839" />
      <trkpt lat="37.438434027135372" lon="-83.837472992017865" />
      <trkpt lat="37.438397984951735" lon="-83.837449019774795" />
      <trkpt lat="37.438363032415509" lon="-83.837429992854595" />
      <trkpt lat="37.438329001888633" lon="-83.83741800673306" />
      <trkpt lat="37.438293965533376" lon="-83.837408032268286" />
      <trkpt lat="37.43825800716877" lon="-83.837405014783144" />
      <trkpt lat="37.438221964985132" lon="-83.837406020611525" />
      <trkpt lat="37.438185000792146" lon="-83.837411971762776" />
      <trkpt lat="37.438146024942398" lon="-83.837426975369453" />
      <trkpt lat="37.438105037435889" lon="-83.837451031431556" />
      <trkpt lat="37.438062038272619" lon="-83.837481960654259" />
      <trkpt lat="37.437975034117699" lon="-83.837551027536392" />
      <trkpt lat="37.437932034954429" lon="-83.837588997557759" />
      <trkpt lat="37.437890041619539" lon="-83.837627973407507" />
      <trkpt lat="37.437847964465618" lon="-83.837663009762764" />
      <trkpt lat="37.437763977795839" lon="-83.837748002260923" />
      <trkpt lat="37.437676973640919" lon="-83.837841963395476" />
      <trkpt lat="37.437632968649268" lon="-83.837894015014172" />
      <trkpt lat="37.437546970322728" lon="-83.838004991412163" />
      <trkpt lat="37.437505982816219" lon="-83.83806400001049" />
      <trkpt lat="37.437466001138091" lon="-83.83812703192234" />
      <trkpt lat="37.437427025288343" lon="-83.8381929975003" />
      <trkpt lat="37.437319988384843" lon="-83.838404975831509" />
      <trkpt lat="37.437255028635263" lon="-83.838543025776744" />
      <trkpt lat="37.437219992280006" lon="-83.838605973869562" />
      <trkpt lat="37.437190990895033" lon="-83.838661964982748" />
      <trkpt lat="37.43714296258986" lon="-83.838740000501275" />
      <trkpt lat="37.437123013660312" lon="-83.838767996057868" />
      <trkpt lat="37.437102980911732" lon="-83.8387939799577" />
      <trkpt lat="37.437083031982183" lon="-83.838821975514293" />
      <trkpt lat="37.437025029212236" lon="-83.838888024911284" />
      <trkpt lat="37.436997033655643" lon="-83.838921971619129" />
      <trkpt lat="37.436943976208568" lon="-83.838993972167373" />
      <trkpt lat="37.436916986480355" lon="-83.839026996865869" />
      <trkpt lat="37.436894020065665" lon="-83.839058009907603" />
      <trkpt lat="37.436797041445971" lon="-83.839160017669201" />
      <trkpt lat="37.436756975948811" lon="-83.839196981862187" />
      <trkpt lat="37.436713976785541" lon="-83.839233024045825" />
      <trkpt lat="37.436670977622271" lon="-83.839273005723953" />
      <trkpt lat="37.436624960973859" lon="-83.83930996991694" />
      <trkpt lat="37.436578022316098" lon="-83.839346012100577" />
      <trkpt lat="37.436486994847655" lon="-83.839423041790724" />
      <trkpt lat="37.436443995684385" lon="-83.839463023468852" />
      <trkpt lat="37.436403008177876" lon="-83.83950300514698" />
      <trkpt lat="37.436363026499748" lon="-83.83954600431025" />
      <trkpt lat="37.436284990981221" lon="-83.839635020121932" />
      <trkpt lat="37.436248026788235" lon="-83.839681958779693" />
      <trkpt lat="37.436210978776217" lon="-83.839730992913246" />
      <trkpt lat="37.436141995713115" lon="-83.839840963482857" />
      <trkpt lat="37.436072006821632" lon="-83.839957974851131" />
      <trkpt lat="37.436040993779898" lon="-83.840013965964317" />
      <trkpt lat="37.435991959646344" lon="-83.840092001482844" />
      <trkpt lat="37.435966981574893" lon="-83.840121002867818" />
      <trkpt lat="37.435920964926481" lon="-83.840177999809384" />
      <trkpt lat="37.435863967984915" lon="-83.840230973437428" />
      <trkpt lat="37.435835972428322" lon="-83.840256035327911" />
      <trkpt lat="37.435808982700109" lon="-83.840274978429079" />
      <trkpt lat="37.435782998800278" lon="-83.840287970378995" />
      <trkpt lat="37.435753997415304" lon="-83.840298028662801" />
      <trkpt lat="37.435722984373569" lon="-83.840300962328911" />
      <trkpt lat="37.435689959675074" lon="-83.840302973985672" />
      <trkpt lat="37.435657018795609" lon="-83.840291993692517" />
      <trkpt lat="37.435617037117481" lon="-83.840300962328911" />
      <trkpt lat="37.435577977448702" lon="-83.840303979814053" />
      <trkpt lat="37.435540007427335" lon="-83.840311020612717" />
      <trkpt lat="37.435502959415317" lon="-83.840320995077491" />
      <trkpt lat="37.435467001050711" lon="-83.840332981199026" />
      <trkpt lat="37.435431964695454" lon="-83.840348990634084" />
      <trkpt lat="37.435389971360564" lon="-83.840359970927238" />
      <trkpt lat="37.435340015217662" lon="-83.840377992019057" />
      <trkpt lat="37.43529399856925" lon="-83.840400036424398" />
      <trkpt lat="37.435247981920838" lon="-83.840419985353947" />
      <trkpt lat="37.435200037434697" lon="-83.840442029759288" />
      <trkpt lat="37.435152009129524" lon="-83.840459967032075" />
      <trkpt lat="37.43510196916759" lon="-83.840481005609035" />
      <trkpt lat="37.435050001367927" lon="-83.840506989508867" />
      <trkpt lat="37.434999039396644" lon="-83.840527022257447" />
      <trkpt lat="37.434942964464426" lon="-83.840559963136911" />
      <trkpt lat="37.434892002493143" lon="-83.840584019199014" />
      <trkpt lat="37.434845985844731" lon="-83.840602962300181" />
      <trkpt lat="37.4348009750247" lon="-83.840625006705523" />
      <trkpt lat="37.43475697003305" lon="-83.840654008090496" />
      <trkpt lat="37.43471397086978" lon="-83.840678986161947" />
      <trkpt lat="37.434668960049748" lon="-83.840711005032063" />
      <trkpt lat="37.43462797254324" lon="-83.84072701446712" />
      <trkpt lat="37.434538034722209" lon="-83.840777976438403" />
      <trkpt lat="37.434491012245417" lon="-83.84081200696528" />
      <trkpt lat="37.434448013082147" lon="-83.840840002521873" />
      <trkpt lat="37.434406019747257" lon="-83.840860035270452" />
      <trkpt lat="37.434365032240748" lon="-83.840883001685143" />
      <trkpt lat="37.434322033077478" lon="-83.840913008898497" />
      <trkpt lat="37.434288002550602" lon="-83.84092097170651" />
      <trkpt lat="37.434250032529235" lon="-83.840917032212019" />
      <trkpt lat="37.434211978688836" lon="-83.840901022776961" />
      <trkpt lat="37.434173002839088" lon="-83.840890964493155" />
      <trkpt lat="37.434110976755619" lon="-83.840851988643408" />
      <trkpt lat="37.434051968157291" lon="-83.840788034722209" />
      <trkpt lat="37.433998994529247" lon="-83.840728020295501" />
      <trkpt lat="37.433948032557964" lon="-83.8406400103122" />
      <trkpt lat="37.43391701951623" lon="-83.84057697840035" />
      <trkpt lat="37.433880977332592" lon="-83.840488968417048" />
      <trkpt lat="37.433846024796367" lon="-83.840413028374314" />
      <trkpt lat="37.433795984834433" lon="-83.840332981199026" />
      <trkpt lat="37.433758014813066" lon="-83.840269027277827" />
      <trkpt lat="37.433727001771331" lon="-83.840212030336261" />
      <trkpt lat="37.433696994557977" lon="-83.840135000646114" />
      <trkpt lat="37.433668999001384" lon="-83.840025030076504" />
      <trkpt lat="37.433631028980017" lon="-83.839959986507893" />
      <trkpt lat="37.433592975139618" lon="-83.839903995394707" />
      <trkpt lat="37.433556010946631" lon="-83.839868037030101" />
      <trkpt lat="37.4335110001266" lon="-83.839836018159986" />
      <trkpt lat="37.433460038155317" lon="-83.83980299346149" />
      <trkpt lat="37.433416033163667" lon="-83.83978103287518" />
      <trkpt lat="37.433300027623773" lon="-83.839735016226768" />
      <trkpt lat="37.433259040117264" lon="-83.839722024276853" />
      <trkpt lat="37.433219980448484" lon="-83.839709032326937" />
      <trkpt lat="37.433179998770356" lon="-83.83969503454864" />
      <trkpt lat="37.433142028748989" lon="-83.839690005406737" />
      <trkpt lat="37.433095006272197" lon="-83.839688999578357" />
      <trkpt lat="37.433058964088559" lon="-83.839683970436454" />
      <trkpt lat="37.433030968531966" lon="-83.83969503454864" />
      <trkpt lat="37.432998027652502" lon="-83.839705009013414" />
      <trkpt lat="37.432965002954006" lon="-83.83971699513495" />
      <trkpt lat="37.43293197825551" lon="-83.839729987084866" />
      <trkpt lat="37.432899037376046" lon="-83.839743984863162" />
      <trkpt lat="37.432867018505931" lon="-83.839757982641459" />
      <trkpt lat="37.432836005464196" lon="-83.839771980419755" />
      <trkpt lat="37.432803986594081" lon="-83.839786984026432" />
      <trkpt lat="37.432778002694249" lon="-83.83980399928987" />
      <trkpt lat="37.43271597661078" lon="-83.839837023988366" />
      <trkpt lat="37.432686975225806" lon="-83.839853033423424" />
      <trkpt lat="37.432657973840833" lon="-83.83986996486783" />
      <trkpt lat="37.432625032961369" lon="-83.839891003444791" />
      <trkpt lat="37.432589996606112" lon="-83.839915981516242" />
      <trkpt lat="37.432552026584744" lon="-83.839942971244454" />
      <trkpt lat="37.432512966915965" lon="-83.839971972629428" />
      <trkpt lat="37.432472985237837" lon="-83.840002985671163" />
      <trkpt lat="37.43243501521647" lon="-83.840035004541278" />
      <trkpt lat="37.432397967204452" lon="-83.840070040896535" />
      <trkpt lat="37.432367037981749" lon="-83.840108010917902" />
      <trkpt lat="37.432340970262885" lon="-83.84014698676765" />
      <trkpt lat="37.432320015504956" lon="-83.840187974274158" />
      <trkpt lat="37.432301994413137" lon="-83.840231979265809" />
      <trkpt lat="37.43228699080646" lon="-83.840279001742601" />
      <trkpt lat="37.432272993028164" lon="-83.840330969542265" />
      <trkpt lat="37.432260001078248" lon="-83.840384026989341" />
      <trkpt lat="37.432247009128332" lon="-83.840441023930907" />
      <trkpt lat="37.432233011350036" lon="-83.840497015044093" />
      <trkpt lat="37.432217001914978" lon="-83.840550994500518" />
      <trkpt lat="37.432198980823159" lon="-83.840602962300181" />
      <trkpt lat="37.432179031893611" lon="-83.840653002262115" />
      <trkpt lat="37.43215698748827" lon="-83.840701030567288" />
      <trkpt lat="37.432131003588438" lon="-83.840747969225049" />
      <trkpt lat="37.432099990546703" lon="-83.84079298004508" />
      <trkpt lat="37.432065038010478" lon="-83.840833967551589" />
      <trkpt lat="37.432023966684937" lon="-83.840870009735227" />
      <trkpt lat="37.431979961693287" lon="-83.840904962271452" />
      <trkpt lat="37.431937968358397" lon="-83.840938992798328" />
      <trkpt lat="37.431897986680269" lon="-83.840974029153585" />
      <trkpt lat="37.431862028315663" lon="-83.841008981689811" />
      <trkpt lat="37.431821962818503" lon="-83.841044018045068" />
      <trkpt lat="37.431781981140375" lon="-83.841080982238054" />
      <trkpt lat="37.431739987805486" lon="-83.841120041906834" />
      <trkpt lat="37.431697994470596" lon="-83.841162035241723" />
      <trkpt lat="37.431652983650565" lon="-83.841206040233374" />
      <trkpt lat="37.431607972830534" lon="-83.841249039396644" />
      <trkpt lat="37.431562962010503" lon="-83.841292038559914" />
      <trkpt lat="37.431515017524362" lon="-83.841332020238042" />
      <trkpt lat="37.431463971734047" lon="-83.841365966945887" />
      <trkpt lat="37.431409992277622" lon="-83.84139203466475" />
      <trkpt lat="37.431352995336056" lon="-83.84141399525106" />
      <trkpt lat="37.431292980909348" lon="-83.841432016342878" />
      <trkpt lat="37.431230032816529" lon="-83.841448025777936" />
      <trkpt lat="37.43116800673306" lon="-83.841463029384613" />
      <trkpt lat="37.431107992306352" lon="-83.841476021334529" />
      <trkpt lat="37.431048983708024" lon="-83.841489013284445" />
      <trkpt lat="37.430989975109696" lon="-83.8414999935776" />
      <trkpt lat="37.430929960682988" lon="-83.841509968042374" />
      <trkpt lat="37.430872041732073" lon="-83.841518014669418" />
      <trkpt lat="37.430814960971475" lon="-83.84152295999229" />
      <trkpt lat="37.430759975686669" lon="-83.841524971649051" />
      <trkpt lat="37.430646987631917" lon="-83.841526983305812" />
      <trkpt lat="37.430587979033589" lon="-83.84152396582067" />
      <trkpt lat="37.430526958778501" lon="-83.84152002632618" />
      <trkpt lat="37.430466022342443" lon="-83.841512985527515" />
      <trkpt lat="37.430405002087355" lon="-83.84150099940598" />
      <trkpt lat="37.430343981832266" lon="-83.841481972485781" />
      <trkpt lat="37.430282961577177" lon="-83.841453976929188" />
      <trkpt lat="37.430223030969501" lon="-83.841418018564582" />
      <trkpt lat="37.430166034027934" lon="-83.841379964724183" />
      <trkpt lat="37.430108031257987" lon="-83.841341994702816" />
      <trkpt lat="37.430049022659659" lon="-83.841311987489462" />
      <trkpt lat="37.42998699657619" lon="-83.841289021074772" />
      <trkpt lat="37.429925976321101" lon="-83.841273011639714" />
      <trkpt lat="37.429866967722774" lon="-83.841261025518179" />
      <trkpt lat="37.429811982437968" lon="-83.841252978891134" />
      <trkpt lat="37.429759008809924" lon="-83.84124300442636" />
      <trkpt lat="37.429712992161512" lon="-83.841238981112838" />
      <trkpt lat="37.42966596968472" lon="-83.841234035789967" />
      <trkpt lat="37.429618025198579" lon="-83.841223977506161" />
      <trkpt lat="37.429574020206928" lon="-83.8412219658494" />
      <trkpt lat="37.429528003558517" lon="-83.841218026354909" />
      <trkpt lat="37.429482992738485" lon="-83.841215008869767" />
      <trkpt lat="37.429445022717118" lon="-83.841212997213006" />
      <trkpt lat="37.429380984976888" lon="-83.841206962242723" />
      <trkpt lat="37.429339997470379" lon="-83.841205034404993" />
      <trkpt lat="37.429290041327477" lon="-83.841204028576612" />
      <trkpt lat="37.429232960566878" lon="-83.841206040233374" />
      <trkpt lat="37.429172024130821" lon="-83.841209979727864" />
      <trkpt lat="37.429108992218971" lon="-83.841211991384625" />
      <trkpt lat="37.429044032469392" lon="-83.841206962242723" />
      <trkpt lat="37.4289779830724" lon="-83.841195981949568" />
      <trkpt lat="37.428913023322821" lon="-83.84117896668613" />
      <trkpt lat="37.42884797975421" lon="-83.841160023584962" />
      <trkpt lat="37.428784025833011" lon="-83.841137979179621" />
      <trkpt lat="37.428721999749541" lon="-83.841115012764931" />
      <trkpt lat="37.428659973666072" lon="-83.84109003469348" />
      <trkpt lat="37.428598031401634" lon="-83.841062039136887" />
      <trkpt lat="37.428532987833023" lon="-83.841031026095152" />
      <trkpt lat="37.428466016426682" lon="-83.841000013053417" />
      <trkpt lat="37.428397033363581" lon="-83.840967994183302" />
      <trkpt lat="37.428327966481447" lon="-83.840936981141567" />
      <trkpt lat="37.428258983418345" lon="-83.840906973928213" />
      <trkpt lat="37.428190000355244" lon="-83.840875960886478" />
      <trkpt lat="37.428122023120522" lon="-83.840845031663775" />
      <trkpt lat="37.42805496789515" lon="-83.840815024450421" />
      <trkpt lat="37.427990008145571" lon="-83.840784011408687" />
      <trkpt lat="37.427928987890482" lon="-83.840755010023713" />
      <trkpt lat="37.427867967635393" lon="-83.840725002810359" />
      <trkpt lat="37.427808959037066" lon="-83.840694995597005" />
      <trkpt lat="37.427780041471124" lon="-83.840680997818708" />
      <trkpt lat="37.42775104008615" lon="-83.840665994212031" />
      <trkpt lat="37.427693037316203" lon="-83.840635986998677" />
      <trkpt lat="37.427636040374637" lon="-83.840604973956943" />
      <trkpt lat="37.4275809712708" lon="-83.840573038905859" />
      <trkpt lat="37.427525985985994" lon="-83.840540014207363" />
      <trkpt lat="37.427469994872808" lon="-83.840501960366964" />
      <trkpt lat="37.427412997931242" lon="-83.840461978688836" />
      <trkpt lat="37.427353989332914" lon="-83.840419985353947" />
      <trkpt lat="37.427293974906206" lon="-83.840378997847438" />
      <trkpt lat="37.427234966307878" lon="-83.84033901616931" />
      <trkpt lat="37.427174029871821" lon="-83.840302973985672" />
      <trkpt lat="37.427110997959971" lon="-83.840270033106208" />
      <trkpt lat="37.427045032382011" lon="-83.840242037549615" />
      <trkpt lat="37.426977977156639" lon="-83.840215969830751" />
      <trkpt lat="37.426909999921918" lon="-83.840191997587681" />
      <trkpt lat="37.426841016858816" lon="-83.84016701951623" />
      <trkpt lat="37.426771027967334" lon="-83.840142963454127" />
      <trkpt lat="37.42669902741909" lon="-83.840119997039437" />
      <trkpt lat="37.426625015214086" lon="-83.840097030624747" />
      <trkpt lat="37.426547985523939" lon="-83.840074986219406" />
      <trkpt lat="37.426470033824444" lon="-83.840054031461477" />
      <trkpt lat="37.426388980820775" lon="-83.840036010369658" />
      <trkpt lat="37.426308011636138" lon="-83.840024024248123" />
      <trkpt lat="37.42622796446085" lon="-83.84001899510622" />
      <trkpt lat="37.426151018589735" lon="-83.840023018419743" />
      <trkpt lat="37.42607600055635" lon="-83.840031987056136" />
      <trkpt lat="37.426000982522964" lon="-83.840043973177671" />
      <trkpt lat="37.42592697031796" lon="-83.840054031461477" />
      <trkpt lat="37.425852958112955" lon="-83.840063000097871" />
      <trkpt lat="37.425779029726982" lon="-83.840065011754632" />
      <trkpt lat="37.425705017521977" lon="-83.840059982612729" />
      <trkpt lat="37.425631005316973" lon="-83.840050008147955" />
      <trkpt lat="37.425557998940349" lon="-83.840036010369658" />
      <trkpt lat="37.425416009500623" lon="-83.840007008984685" />
      <trkpt lat="37.42534602060914" lon="-83.839994017034769" />
      <trkpt lat="37.425275025889277" lon="-83.839983958750963" />
      <trkpt lat="37.425212999805808" lon="-83.83997599594295" />
      <trkpt lat="37.425050977617502" lon="-83.839951017871499" />
      <trkpt lat="37.424955004826188" lon="-83.839930985122919" />
      <trkpt lat="37.424797005951405" lon="-83.839891003444791" />
      <trkpt lat="37.424711007624865" lon="-83.839862002059817" />
      <trkpt lat="37.424642024561763" lon="-83.839830989018083" />
      <trkpt lat="37.424583015963435" lon="-83.839796036481857" />
      <trkpt lat="37.4245520029217" lon="-83.839770974591374" />
      <trkpt lat="37.424506992101669" lon="-83.839723030105233" />
      <trkpt lat="37.424473967403173" lon="-83.839681036770344" />
      <trkpt lat="37.424441026523709" lon="-83.83963099680841" />
      <trkpt lat="37.424403978511691" lon="-83.839572994038463" />
      <trkpt lat="37.424362991005182" lon="-83.839506022632122" />
      <trkpt lat="37.424319991841912" lon="-83.839437961578369" />
      <trkpt lat="37.42427296936512" lon="-83.839365039020777" />
      <trkpt lat="37.424222007393837" lon="-83.839290020987391" />
      <trkpt lat="37.424168027937412" lon="-83.839212991297245" />
      <trkpt lat="37.424111030995846" lon="-83.839136967435479" />
      <trkpt lat="37.424052022397518" lon="-83.839063961058855" />
      <trkpt lat="37.423994019627571" lon="-83.838993972167373" />
      <trkpt lat="37.423936016857624" lon="-83.838928006589413" />
      <trkpt lat="37.423878014087677" lon="-83.838865980505943" />
      <trkpt lat="37.423817999660969" lon="-83.838804960250854" />
      <trkpt lat="37.423753039911389" lon="-83.838743017986417" />
      <trkpt lat="37.423685984686017" lon="-83.83868602104485" />
      <trkpt lat="37.423620019108057" lon="-83.838630029931664" />
      <trkpt lat="37.423552041873336" lon="-83.838569009676576" />
      <trkpt lat="37.423483980819583" lon="-83.83851301856339" />
      <trkpt lat="37.423417009413242" lon="-83.838462978601456" />
      <trkpt lat="37.42334702052176" lon="-83.83840799331665" />
      <trkpt lat="37.423267979174852" lon="-83.838345967233181" />
      <trkpt lat="37.423202013596892" lon="-83.838293999433517" />
      <trkpt lat="37.423131018877029" lon="-83.838244965299964" />
      <trkpt lat="37.423066981136799" lon="-83.838198026642203" />
      <trkpt lat="37.42300596088171" lon="-83.838159972801805" />
      <trkpt lat="37.422936977818608" lon="-83.838111022487283" />
      <trkpt lat="37.422870006412268" lon="-83.838067017495632" />
      <trkpt lat="37.422804962843657" lon="-83.838030975311995" />
      <trkpt lat="37.422732040286064" lon="-83.837987976148725" />
      <trkpt lat="37.422580998390913" lon="-83.837898038327694" />
      <trkpt lat="37.422504974529147" lon="-83.837852021679282" />
      <trkpt lat="37.422429034486413" lon="-83.83780499920249" />
      <trkpt lat="37.422275980934501" lon="-83.837707014754415" />
      <trkpt lat="37.422202974557877" lon="-83.837658986449242" />
      <trkpt lat="37.422130974009633" lon="-83.837611963972449" />
      <trkpt lat="37.42205897346139" lon="-83.837564019486308" />
      <trkpt lat="37.421986972913146" lon="-83.837514985352755" />
      <trkpt lat="37.421912038698792" lon="-83.837463017553091" />
      <trkpt lat="37.421835009008646" lon="-83.837409038096666" />
      <trkpt lat="37.421755967661738" lon="-83.837353968992829" />
      <trkpt lat="37.421590005978942" lon="-83.837238969281316" />
      <trkpt lat="37.421506019309163" lon="-83.837180966511369" />
      <trkpt lat="37.421351037919521" lon="-83.83707501925528" />
      <trkpt lat="37.421290017664433" lon="-83.837036965414882" />
      <trkpt lat="37.421235032379627" lon="-83.837008969858289" />
      <trkpt lat="37.421183986589313" lon="-83.836995977908373" />
      <trkpt lat="37.421135036274791" lon="-83.837001007050276" />
      <trkpt lat="37.421102011576295" lon="-83.837008969858289" />
      <trkpt lat="37.42103973403573" lon="-83.837137715891004" />
      <trkpt lat="37.42093563079834" lon="-83.839375264942646" />
      <trkpt lat="37.4208755325526" lon="-83.839500658214092" />
      <trkpt lat="37.420678306370974" lon="-83.837863756343722" />
      <trkpt lat="37.420672941952944" lon="-83.837032103911042" />
      <trkpt lat="37.420672019943595" lon="-83.836834039539099" />
      <trkpt lat="37.420622985810041" lon="-83.836710993200541" />
      <trkpt lat="37.420568000525236" lon="-83.836575038731098" />
      <trkpt lat="37.42051100358367" lon="-83.836447969079018" />
      <trkpt lat="37.420461969450116" lon="-83.836345039308071" />
      <trkpt lat="37.420414024963975" lon="-83.836258035153151" />
      <trkpt lat="37.420378988608718" lon="-83.836197014898062" />
      <trkpt lat="37.42033900693059" lon="-83.836144963279366" />
      <trkpt lat="37.420299025252461" lon="-83.836095007136464" />
      <trkpt lat="37.420249991118908" lon="-83.836056031286716" />
      <trkpt lat="37.420201040804386" lon="-83.836018983274698" />
      <trkpt lat="37.420144965872169" lon="-83.835996016860008" />
      <trkpt lat="37.420088974758983" lon="-83.835974978283048" />
      <trkpt lat="37.420027032494545" lon="-83.835965003818274" />
      <trkpt lat="37.419965006411076" lon="-83.83595603518188" />
      <trkpt lat="37.419830979779363" lon="-83.835942037403584" />
      <trkpt lat="37.419740036129951" lon="-83.835919992998242" />
      <trkpt lat="37.41969401948154" lon="-83.835908006876707" />
      <trkpt lat="37.419648002833128" lon="-83.835886968299747" />
      <trkpt lat="37.41958798840642" lon="-83.835858972743154" />
      <trkpt lat="37.419555969536304" lon="-83.835844974964857" />
      <trkpt lat="37.419507019221783" lon="-83.835813961923122" />
      <trkpt lat="37.419457985088229" lon="-83.8357840385288" />
      <trkpt lat="37.419408028945327" lon="-83.835753025487065" />
      <trkpt lat="37.419357988983393" lon="-83.835722012445331" />
      <trkpt lat="37.41930702701211" lon="-83.835689993575215" />
      <trkpt lat="37.419257992878556" lon="-83.835658980533481" />
      <trkpt lat="37.419160008430481" lon="-83.835582034662366" />
      <trkpt lat="37.419111980125308" lon="-83.835541969165206" />
      <trkpt lat="37.419066969305277" lon="-83.835501987487078" />
      <trkpt lat="37.419021036475897" lon="-83.835459994152188" />
      <trkpt lat="37.418976025655866" lon="-83.835416994988918" />
      <trkpt lat="37.418934032320976" lon="-83.835371984168887" />
      <trkpt lat="37.418892960995436" lon="-83.835324961692095" />
      <trkpt lat="37.418852979317307" lon="-83.835278023034334" />
      <trkpt lat="37.418812997639179" lon="-83.835229994729161" />
      <trkpt lat="37.418774021789432" lon="-83.835181966423988" />
      <trkpt lat="37.418734040111303" lon="-83.835134021937847" />
      <trkpt lat="37.418692968785763" lon="-83.835088005289435" />
      <trkpt lat="37.418647035956383" lon="-83.835037965327501" />
      <trkpt lat="37.418609987944365" lon="-83.834997983649373" />
      <trkpt lat="37.418518038466573" lon="-83.834913996979594" />
      <trkpt lat="37.418472021818161" lon="-83.834872003644705" />
      <trkpt lat="37.418373031541705" lon="-83.834794973954558" />
      <trkpt lat="37.418322991579771" lon="-83.834758009761572" />
      <trkpt lat="37.418273035436869" lon="-83.834720961749554" />
      <trkpt lat="37.418221989646554" lon="-83.834685003384948" />
      <trkpt lat="37.418183013796806" lon="-83.834657007828355" />
      <trkpt lat="37.418121993541718" lon="-83.834611997008324" />
      <trkpt lat="37.418072037398815" lon="-83.834575032815337" />
      <trkpt lat="37.418023003265262" lon="-83.834537984803319" />
      <trkpt lat="37.417974974960089" lon="-83.834500014781952" />
      <trkpt lat="37.417927030473948" lon="-83.834461038932204" />
      <trkpt lat="37.417880007997155" lon="-83.834420973435044" />
      <trkpt lat="37.417788980528712" lon="-83.834333969280124" />
      <trkpt lat="37.417743969708681" lon="-83.834288958460093" />
      <trkpt lat="37.417699964717031" lon="-83.834243025630713" />
      <trkpt lat="37.41761296056211" lon="-83.834150992333889" />
      <trkpt lat="37.41756996139884" lon="-83.834103969857097" />
      <trkpt lat="37.417527968063951" lon="-83.834056025370955" />
      <trkpt lat="37.417484968900681" lon="-83.834007997065783" />
      <trkpt lat="37.417442975565791" lon="-83.83395996876061" />
      <trkpt lat="37.417400982230902" lon="-83.833910012617707" />
      <trkpt lat="37.417359994724393" lon="-83.833858966827393" />
      <trkpt lat="37.417320013046265" lon="-83.833806999027729" />
      <trkpt lat="37.417281037196517" lon="-83.833754025399685" />
      <trkpt lat="37.417242983356118" lon="-83.833700967952609" />
      <trkpt lat="37.417210964486003" lon="-83.833654029294848" />
      <trkpt lat="37.417144998908043" lon="-83.833555039018393" />
      <trkpt lat="37.417059000581503" lon="-83.83342201821506" />
      <trkpt lat="37.417022036388516" lon="-83.833366027101874" />
      <trkpt lat="37.416982976719737" lon="-83.833309030160308" />
      <trkpt lat="37.416942995041609" lon="-83.833253039047122" />
      <trkpt lat="37.416903013363481" lon="-83.833197969943285" />
      <trkpt lat="37.416862025856972" lon="-83.833144996315241" />
      <trkpt lat="37.416819026693702" lon="-83.833094034343958" />
      <trkpt lat="37.416777033358812" lon="-83.833040976896882" />
      <trkpt lat="37.416732022538781" lon="-83.832993032410741" />
      <trkpt lat="37.41668701171875" lon="-83.832946009933949" />
      <trkpt lat="37.416639989241958" lon="-83.832897981628776" />
      <trkpt lat="37.416592966765165" lon="-83.832854982465506" />
      <trkpt lat="37.41649498231709" lon="-83.832770995795727" />
      <trkpt lat="37.416444020345807" lon="-83.83273403160274" />
      <trkpt lat="37.416391968727112" lon="-83.832696983590722" />
      <trkpt lat="37.416340000927448" lon="-83.832662031054497" />
      <trkpt lat="37.416287027299404" lon="-83.83262699469924" />
      <trkpt lat="37.416179990395904" lon="-83.83256102912128" />
      <trkpt lat="37.416125005111098" lon="-83.832528004422784" />
      <trkpt lat="37.416070019826293" lon="-83.832494979724288" />
      <trkpt lat="37.416015034541488" lon="-83.832462038844824" />
      <trkpt lat="37.415960971266031" lon="-83.832430019974709" />
      <trkpt lat="37.415904980152845" lon="-83.832398001104593" />
      <trkpt lat="37.415795009583235" lon="-83.832333963364363" />
      <trkpt lat="37.415740024298429" lon="-83.832301022484899" />
      <trkpt lat="37.415629969909787" lon="-83.832236984744668" />
      <trkpt lat="37.415574984624982" lon="-83.832204965874553" />
      <trkpt lat="37.415519999340177" lon="-83.832172024995089" />
      <trkpt lat="37.415466019883752" lon="-83.832140006124973" />
      <trkpt lat="37.415411034598947" lon="-83.832106981426477" />
      <trkpt lat="37.41535596549511" lon="-83.832074040547013" />
      <trkpt lat="37.415300980210304" lon="-83.832041015848517" />
      <trkpt lat="37.415192015469074" lon="-83.831974966451526" />
      <trkpt lat="37.41513803601265" lon="-83.831941019743681" />
      <trkpt lat="37.415084978565574" lon="-83.831907995045185" />
      <trkpt lat="37.415030999109149" lon="-83.831873964518309" />
      <trkpt lat="37.414980959147215" lon="-83.831843035295606" />
      <trkpt lat="37.414931003004313" lon="-83.83181101642549" />
      <trkpt lat="37.41488004103303" lon="-83.831778997555375" />
      <trkpt lat="37.414834024384618" lon="-83.83174697868526" />
      <trkpt lat="37.414785996079445" lon="-83.831714959815145" />
      <trkpt lat="37.414738973602653" lon="-83.831684030592442" />
      <trkpt lat="37.414650041610003" lon="-83.831616975367069" />
      <trkpt lat="37.414605030789971" lon="-83.831585040315986" />
      <trkpt lat="37.414514003321528" lon="-83.831513039767742" />
      <trkpt lat="37.414468992501497" lon="-83.831475991755724" />
      <trkpt lat="37.414421970024705" lon="-83.831437015905976" />
      <trkpt lat="37.414374025538564" lon="-83.831397034227848" />
      <trkpt lat="37.414327003061771" lon="-83.831356968730688" />
      <trkpt lat="37.414276963099837" lon="-83.831312963739038" />
      <trkpt lat="37.414228012785316" lon="-83.831269964575768" />
      <trkpt lat="37.414177972823381" lon="-83.831226965412498" />
      <trkpt lat="37.414127010852098" lon="-83.831181032583117" />
      <trkpt lat="37.414074959233403" lon="-83.831136021763086" />
      <trkpt lat="37.41402399726212" lon="-83.831090005114675" />
      <trkpt lat="37.413971023634076" lon="-83.831043988466263" />
      <trkpt lat="37.413918972015381" lon="-83.83099696598947" />
      <trkpt lat="37.413865998387337" lon="-83.83095002733171" />
      <trkpt lat="37.413812018930912" lon="-83.830903004854918" />
      <trkpt lat="37.413758961483836" lon="-83.830856988206506" />
      <trkpt lat="37.413704982027411" lon="-83.830809965729713" />
      <trkpt lat="37.413596017286181" lon="-83.83071499876678" />
      <trkpt lat="37.413542037829757" lon="-83.830666970461607" />
      <trkpt lat="37.41348696872592" lon="-83.830620031803846" />
      <trkpt lat="37.413376998156309" lon="-83.830524981021881" />
      <trkpt lat="37.413323018699884" lon="-83.830477958545089" />
      <trkpt lat="37.413268033415079" lon="-83.830432025715709" />
      <trkpt lat="37.413213970139623" lon="-83.830386009067297" />
      <trkpt lat="37.413160996511579" lon="-83.830338986590505" />
      <trkpt lat="37.413108022883534" lon="-83.830292969942093" />
      <trkpt lat="37.413054965436459" lon="-83.830247037112713" />
      <trkpt lat="37.413031999021769" lon="-83.830224992707372" />
      <trkpt lat="37.413005009293556" lon="-83.830201020464301" />
      <trkpt lat="37.412904007360339" lon="-83.830110998824239" />
      <trkpt lat="37.412808034569025" lon="-83.830019971355796" />
      <trkpt lat="37.412760006263852" lon="-83.829975966364145" />
      <trkpt lat="37.412667972967029" lon="-83.829887034371495" />
      <trkpt lat="37.412622040137649" lon="-83.829842023551464" />
      <trkpt lat="37.412578035145998" lon="-83.829798018559813" />
      <trkpt lat="37.412534030154347" lon="-83.829754013568163" />
      <trkpt lat="37.412447025999427" lon="-83.829664997756481" />
      <trkpt lat="37.412363961338997" lon="-83.829577993601561" />
      <trkpt lat="37.412324985489249" lon="-83.829534994438291" />
      <trkpt lat="37.412248039618134" lon="-83.829448996111751" />
      <trkpt lat="37.412213003262877" lon="-83.829408008605242" />
      <trkpt lat="37.41217796690762" lon="-83.829366015270352" />
      <trkpt lat="37.412144020199776" lon="-83.829323016107082" />
      <trkpt lat="37.412095991894603" lon="-83.829260990023613" />
      <trkpt lat="37.412049975246191" lon="-83.829197958111763" />
      <trkpt lat="37.412009993568063" lon="-83.829138027504086" />
      <trkpt lat="37.411971017718315" lon="-83.829074995592237" />
      <trkpt lat="37.4119389988482" lon="-83.829014981165528" />
      <trkpt lat="37.411908991634846" lon="-83.828953038901091" />
      <trkpt lat="37.411885019391775" lon="-83.82888900116086" />
      <trkpt lat="37.411863980814815" lon="-83.828822029754519" />
      <trkpt lat="37.411848977208138" lon="-83.828756986185908" />
      <trkpt lat="37.411839002743363" lon="-83.828686997294426" />
      <trkpt lat="37.41183397360146" lon="-83.828613990917802" />
      <trkpt lat="37.41183296777308" lon="-83.828539978712797" />
      <trkpt lat="37.411834979429841" lon="-83.828462027013302" />
      <trkpt lat="37.411839002743363" lon="-83.828383991494775" />
      <trkpt lat="37.411850988864899" lon="-83.828221969306469" />
      <trkpt lat="37.411865992471576" lon="-83.828059025108814" />
      <trkpt lat="37.411874961107969" lon="-83.827974032610655" />
      <trkpt lat="37.411900022998452" lon="-83.827753001824021" />
      <trkpt lat="37.411917960271239" lon="-83.827615035697818" />
      <trkpt lat="37.411932041868567" lon="-83.827488971874118" />
      <trkpt lat="37.411942016333342" lon="-83.827377995476127" />
      <trkpt lat="37.411948973312974" lon="-83.827204992994666" />
      <trkpt lat="37.411948973312974" lon="-83.827099967747927" />
      <trkpt lat="37.411899017170072" lon="-83.827187977731228" />
      <trkpt lat="37.41183296777308" lon="-83.82727799937129" />
      <trkpt lat="37.411760967224836" lon="-83.827361986041069" />
      <trkpt lat="37.41168200969696" lon="-83.827438009902835" />
      <trkpt lat="37.411606991663575" lon="-83.827502969652414" />
      <trkpt lat="37.411529961973429" lon="-83.827559966593981" />
      <trkpt lat="37.411459973081946" lon="-83.827591985464096" />
      <trkpt lat="37.411394007503986" lon="-83.827614029869437" />
      <trkpt lat="37.411314966157079" lon="-83.827628027647734" />
      <trkpt lat="37.41125201806426" lon="-83.827634984627366" />
      <trkpt lat="37.411180017516017" lon="-83.827628027647734" />
      <trkpt lat="37.411109022796154" lon="-83.827613024041057" />
      <trkpt lat="37.411030987277627" lon="-83.827585028484464" />
      <trkpt lat="37.410951023921371" lon="-83.827550997957587" />
      <trkpt lat="37.410867037251592" lon="-83.827501041814685" />
      <trkpt lat="37.410782966762781" lon="-83.827442033216357" />
      <trkpt lat="37.410378959029913" lon="-83.82712796330452" />
      <trkpt lat="37.410289021208882" lon="-83.827054034918547" />
      <trkpt lat="37.410222971811891" lon="-83.827006006613374" />
      <trkpt lat="37.410138985142112" lon="-83.826952027156949" />
      <trkpt lat="37.410041000694036" lon="-83.826898969709873" />
      <trkpt lat="37.409937987104058" lon="-83.82684800773859" />
      <trkpt lat="37.409815024584532" lon="-83.826794028282166" />
      <trkpt lat="37.409643027931452" lon="-83.826734013855457" />
      <trkpt lat="37.409471031278372" lon="-83.82667601108551" />
      <trkpt lat="37.409400958567858" lon="-83.826653966680169" />
      <trkpt lat="37.409290987998247" lon="-83.826619014143944" />
      <trkpt lat="37.409104993566871" lon="-83.826562017202377" />
      <trkpt lat="37.408993011340499" lon="-83.82652698084712" />
      <trkpt lat="37.408719006925821" lon="-83.82644098252058" />
      <trkpt lat="37.408518008887768" lon="-83.826379040256143" />
      <trkpt lat="37.408314999192953" lon="-83.826319025829434" />
      <trkpt lat="37.408117018640041" lon="-83.826259011402726" />
      <trkpt lat="37.407920965924859" lon="-83.826204026117921" />
      <trkpt lat="37.407742012292147" lon="-83.826150968670845" />
      <trkpt lat="37.407569009810686" lon="-83.826102018356323" />
      <trkpt lat="37.407407993450761" lon="-83.826043009757996" />
      <trkpt lat="37.407258963212371" lon="-83.825971009209752" />
      <trkpt lat="37.40712895989418" lon="-83.825885010883212" />
      <trkpt lat="37.406974984332919" lon="-83.825807981193066" />
      <trkpt lat="37.4068240262568" lon="-83.825762970373034" />
      <trkpt lat="37.406668039038777" lon="-83.825747966766357" />
      <trkpt lat="37.406571982428432" lon="-83.825754001736641" />
      <trkpt lat="37.406512973830104" lon="-83.825758025050163" />
      <trkpt lat="37.406183984130621" lon="-83.82579498924315" />
      <trkpt lat="37.406004024669528" lon="-83.825805969536304" />
      <trkpt lat="37.405820963904262" lon="-83.825804963707924" />
      <trkpt lat="37.405639998614788" lon="-83.82579498924315" />
      <trkpt lat="37.405458027496934" lon="-83.82577596232295" />
      <trkpt lat="37.405088972300291" lon="-83.825745033100247" />
      <trkpt lat="37.404905995354056" lon="-83.825736986473203" />
      <trkpt lat="37.404727963730693" lon="-83.825742015615106" />
      <trkpt lat="37.404554039239883" lon="-83.825764982029796" />
      <trkpt lat="37.404382964596152" lon="-83.825803035870194" />
      <trkpt lat="37.404223037883639" lon="-83.825845029205084" />
      <trkpt lat="37.40394601598382" lon="-83.825982995331287" />
      <trkpt lat="37.403797991573811" lon="-83.826035968959332" />
      <trkpt lat="37.403614008799195" lon="-83.826092965900898" />
      <trkpt lat="37.403290970250964" lon="-83.826179970055819" />
      <trkpt lat="37.402985030785203" lon="-83.826249958947301" />
      <trkpt lat="37.402802975848317" lon="-83.826276026666164" />
      <trkpt lat="37.402689987793565" lon="-83.826284995302558" />
      <trkpt lat="37.402649000287056" lon="-83.826283989474177" />
      <trkpt lat="37.402405003085732" lon="-83.826275020837784" />
      <trkpt lat="37.402236023917794" lon="-83.826255993917584" />
      <trkpt lat="37.401860011741519" lon="-83.826342998072505" />
      <trkpt lat="37.401721961796284" lon="-83.826393038034439" />
      <trkpt lat="37.401581984013319" lon="-83.82646000944078" />
      <trkpt lat="37.401444017887115" lon="-83.826545001938939" />
      <trkpt lat="37.401306973770261" lon="-83.826643992215395" />
      <trkpt lat="37.40117596462369" lon="-83.826757986098528" />
      <trkpt lat="37.401051996275783" lon="-83.826885977759957" />
      <trkpt lat="37.400944037362933" lon="-83.827028973028064" />
      <trkpt lat="37.400676989927888" lon="-83.82749198935926" />
      <trkpt lat="37.400584034621716" lon="-83.82764101959765" />
      <trkpt lat="37.400486972182989" lon="-83.827776974067092" />
      <trkpt lat="37.400383036583662" lon="-83.82789901457727" />
      <trkpt lat="37.400265019387007" lon="-83.827979983761907" />
      <trkpt lat="37.400153959169984" lon="-83.828045027330518" />
      <trkpt lat="37.399918008595705" lon="-83.828159021213651" />
      <trkpt lat="37.399779036641121" lon="-83.828208977356553" />
      <trkpt lat="37.399333035573363" lon="-83.828274020925164" />
      <trkpt lat="37.399187022820115" lon="-83.828285001218319" />
      <trkpt lat="37.398630967363715" lon="-83.828353984281421" />
      <trkpt lat="37.398514039814472" lon="-83.828380974009633" />
      <trkpt lat="37.398398034274578" lon="-83.828413998708129" />
      <trkpt lat="37.397711975499988" lon="-83.828642992302775" />
      <trkpt lat="37.396843023598194" lon="-83.828907022252679" />
      <trkpt lat="37.396524008363485" lon="-83.828993020579219" />
      <trkpt lat="37.396290991455317" lon="-83.829055968672037" />
      <trkpt lat="37.396156964823604" lon="-83.829092010855675" />
      <trkpt lat="37.395753962919116" lon="-83.829215979203582" />
      <trkpt lat="37.395710963755846" lon="-83.829230982810259" />
      <trkpt lat="37.395510971546173" lon="-83.82929896004498" />
      <trkpt lat="37.395359007641673" lon="-83.829379007220268" />
      <trkpt lat="37.394103985279799" lon="-83.829985018819571" />
      <trkpt lat="37.393520018085837" lon="-83.83028500713408" />
      <trkpt lat="37.393380040302873" lon="-83.830344015732408" />
      <trkpt lat="37.393241990357637" lon="-83.830379974097013" />
      <trkpt lat="37.393109975382686" lon="-83.830394977703691" />
      <trkpt lat="37.392982989549637" lon="-83.83039397187531" />
      <trkpt lat="37.392608989030123" lon="-83.830363964661956" />
      <trkpt lat="37.392483009025455" lon="-83.830360025167465" />
      <trkpt lat="37.392232976853848" lon="-83.830375028774142" />
      <trkpt lat="37.391179958358407" lon="-83.830503020435572" />
      <trkpt lat="37.390448972582817" lon="-83.830581977963448" />
      <trkpt lat="37.390053011476994" lon="-83.830652972683311" />
      <trkpt lat="37.389937005937099" lon="-83.830691026523709" />
      <trkpt lat="37.389828963205218" lon="-83.830733019858599" />
      <trkpt lat="37.389731984585524" lon="-83.83078197017312" />
      <trkpt lat="37.389644980430603" lon="-83.830842990428209" />
      <trkpt lat="37.389569040387869" lon="-83.830919014289975" />
      <trkpt lat="37.389497039839625" lon="-83.831010963767767" />
      <trkpt lat="37.389436019584537" lon="-83.831116994842887" />
      <trkpt lat="37.389394026249647" lon="-83.831213973462582" />
      <trkpt lat="37.389349015429616" lon="-83.831355962902308" />
      <trkpt lat="37.389319008216262" lon="-83.831494012847543" />
      <trkpt lat="37.389296963810921" lon="-83.831640025600791" />
      <trkpt lat="37.389285983517766" lon="-83.831796012818813" />
      <trkpt lat="37.389280032366514" lon="-83.83213103748858" />
      <trkpt lat="37.389287995174527" lon="-83.832489028573036" />
      <trkpt lat="37.389309033751488" lon="-83.832866968587041" />
      <trkpt lat="37.389348009601235" lon="-83.833356974646449" />
      <trkpt lat="37.389394026249647" lon="-83.833865001797676" />
      <trkpt lat="37.389502990990877" lon="-83.834911985322833" />
      <trkpt lat="37.389539033174515" lon="-83.835322028025985" />
      <trkpt lat="37.389564011245966" lon="-83.835717989131808" />
      <trkpt lat="37.389593012630939" lon="-83.836406981572509" />
      <trkpt lat="37.389602987095714" lon="-83.837180966511369" />
      <trkpt lat="37.389617990702391" lon="-83.837594026699662" />
      <trkpt lat="37.389630982652307" lon="-83.837705003097653" />
      <trkpt lat="37.389664007350802" lon="-83.837859984487295" />
      <trkpt lat="37.389710023999214" lon="-83.838009014725685" />
      <trkpt lat="37.389768026769161" lon="-83.838151004165411" />
      <trkpt lat="37.389828963205218" lon="-83.838269021362066" />
      <trkpt lat="37.389982016757131" lon="-83.83849399164319" />
      <trkpt lat="37.390192989259958" lon="-83.838726002722979" />
      <trkpt lat="37.390391975641251" lon="-83.838892970234156" />
      <trkpt lat="37.390485014766455" lon="-83.838952984660864" />
      <trkpt lat="37.390530025586486" lon="-83.838968994095922" />
      <trkpt lat="37.390573024749756" lon="-83.838973017409444" />
      <trkpt lat="37.390652988106012" lon="-83.838968994095922" />
      <trkpt lat="37.390733035281301" lon="-83.83894401602447" />
      <trkpt lat="37.390810986980796" lon="-83.838904034346342" />
      <trkpt lat="37.390975020825863" lon="-83.838804960250854" />
      <trkpt lat="37.391079040244222" lon="-83.838718961924314" />
      <trkpt lat="37.391379028558731" lon="-83.838531039655209" />
      <trkpt lat="37.391436025500298" lon="-83.838502960279584" />
      <trkpt lat="37.391496961936355" lon="-83.838482005521655" />
      <trkpt lat="37.39163501188159" lon="-83.838458033278584" />
      <trkpt lat="37.391755040735006" lon="-83.838461972773075" />
      <trkpt lat="37.391817988827825" lon="-83.83847395889461" />
      <trkpt lat="37.391864005476236" lon="-83.83849399164319" />
      <trkpt lat="37.391908010467887" lon="-83.838521987199783" />
      <trkpt lat="37.39197900518775" lon="-83.838590970262885" />
      <trkpt lat="37.392068020999432" lon="-83.83870798163116" />
      <trkpt lat="37.392377983778715" lon="-83.839168986305594" />
      <trkpt lat="37.392442021518946" lon="-83.839253978803754" />
      <trkpt lat="37.392507987096906" lon="-83.83933000266552" />
      <trkpt lat="37.392578981816769" lon="-83.839400997385383" />
      <trkpt lat="37.392661040648818" lon="-83.839474003762007" />
      <trkpt lat="37.39286296069622" lon="-83.839627979323268" />
      <trkpt lat="37.392949964851141" lon="-83.839685982093215" />
      <trkpt lat="37.39309798926115" lon="-83.83978296071291" />
      <trkpt lat="37.393341986462474" lon="-83.839929979294538" />
      <trkpt lat="37.393457992002368" lon="-83.840012038126588" />
      <trkpt lat="37.393578020855784" lon="-83.840130977332592" />
      <trkpt lat="37.393994014710188" lon="-83.840643027797341" />
      <trkpt lat="37.394128041341901" lon="-83.840845031663775" />
      <trkpt lat="37.394304983317852" lon="-83.841057009994984" />
      <trkpt lat="37.39436399191618" lon="-83.841119036078453" />
      <trkpt lat="37.39440699107945" lon="-83.841163963079453" />
      <trkpt lat="37.394674038514495" lon="-83.841412989422679" />
      <trkpt lat="37.394853997975588" lon="-83.841550033539534" />
      <trkpt lat="37.394882999360561" lon="-83.841579034924507" />
      <trkpt lat="37.394913006573915" lon="-83.841621028259397" />
      <trkpt lat="37.395042004063725" lon="-83.841856978833675" />
      <trkpt lat="37.39518097601831" lon="-83.842130983248353" />
      <trkpt lat="37.3953109793365" lon="-83.842434994876385" />
      <trkpt lat="37.395492028445005" lon="-83.842836990952492" />
      <trkpt lat="37.395734013989568" lon="-83.843305958434939" />
      <trkpt lat="37.396046994253993" lon="-83.843952035531402" />
      <trkpt lat="37.396310018375516" lon="-83.844325030222535" />
      <trkpt lat="37.396404985338449" lon="-83.84444497525692" />
      <trkpt lat="37.396604977548122" lon="-83.844656031578779" />
      <trkpt lat="37.396710002794862" lon="-83.844754016026855" />
      <trkpt lat="37.396800024434924" lon="-83.844846971333027" />
      <trkpt lat="37.396877976134419" lon="-83.844944033771753" />
      <trkpt lat="37.396975038573146" lon="-83.845093986019492" />
      <trkpt lat="37.397047961130738" lon="-83.845236981287599" />
      <trkpt lat="37.397162960842252" lon="-83.845516014844179" />
      <trkpt lat="37.397213000804186" lon="-83.845631014555693" />
      <trkpt lat="37.397257005795836" lon="-83.845761017873883" />
      <trkpt lat="37.397287013009191" lon="-83.845899989828467" />
      <trkpt lat="37.397292964160442" lon="-83.845989005640149" />
      <trkpt lat="37.39728600718081" lon="-83.846051031723619" />
      <trkpt lat="37.397264968603849" lon="-83.84611900895834" />
      <trkpt lat="37.397499997168779" lon="-83.846251023933291" />
      <trkpt lat="37.397659001871943" lon="-83.846362000331283" />
      <trkpt lat="37.397741982713342" lon="-83.846449004486203" />
      <trkpt lat="37.397817000746727" lon="-83.846552018076181" />
      <trkpt lat="37.397932000458241" lon="-83.84674203582108" />
      <trkpt lat="37.39814699627459" lon="-83.847155012190342" />
      <trkpt lat="37.398595008999109" lon="-83.848016001284122" />
      <trkpt lat="37.398630967363715" lon="-83.84809697046876" />
      <trkpt lat="37.398701040074229" lon="-83.848458984866738" />
      <trkpt lat="37.398761976510286" lon="-83.848626958206296" />
      <trkpt lat="37.398830959573388" lon="-83.84876299649477" />
      <trkpt lat="37.399029023945332" lon="-83.849060973152518" />
      <trkpt lat="37.39922096952796" lon="-83.849391974508762" />
      <trkpt lat="37.399317026138306" lon="-83.849564976990223" />
      <trkpt lat="37.399534033611417" lon="-83.849956998601556" />
      <trkpt lat="37.399589018896222" lon="-83.850023970007896" />
      <trkpt lat="37.399634029716253" lon="-83.850078033283353" />
      <trkpt lat="37.399746011942625" lon="-83.850180963054299" />
      <trkpt lat="37.400039965286851" lon="-83.85037399828434" />
      <trkpt lat="37.400087993592024" lon="-83.850424038246274" />
      <trkpt lat="37.400152031332254" lon="-83.850511964410543" />
      <trkpt lat="37.400174997746944" lon="-83.850555969402194" />
      <trkpt lat="37.400283040478826" lon="-83.850822011008859" />
      <trkpt lat="37.400300977751613" lon="-83.850854029878974" />
      <trkpt lat="37.400338025763631" lon="-83.850899962708354" />
      <trkpt lat="37.400384964421391" lon="-83.850943967700005" />
      <trkpt lat="37.400424024090171" lon="-83.850973974913359" />
      <trkpt lat="37.400657963007689" lon="-83.851098027080297" />
      <trkpt lat="37.400685958564281" lon="-83.851120993494987" />
      <trkpt lat="37.40076600573957" lon="-83.851225012913346" />
      <trkpt lat="37.400846974924207" lon="-83.851344035938382" />
      <trkpt lat="37.401037998497486" lon="-83.851675959303975" />
      <trkpt lat="37.401288030669093" lon="-83.852161020040512" />
      <trkpt lat="37.401399007067084" lon="-83.852377021685243" />
      <trkpt lat="37.401479976251721" lon="-83.852496966719627" />
      <trkpt lat="37.401546025648713" lon="-83.852581037208438" />
      <trkpt lat="37.401664964854717" lon="-83.852703999727964" />
      <trkpt lat="37.401726990938187" lon="-83.852755967527628" />
      <trkpt lat="37.401834027841687" lon="-83.852828973904252" />
      <trkpt lat="37.401873003691435" lon="-83.852850012481213" />
      <trkpt lat="37.401925977319479" lon="-83.852879013866186" />
      <trkpt lat="37.402005018666387" lon="-83.852903991937637" />
      <trkpt lat="37.40207701921463" lon="-83.852917989715934" />
      <trkpt lat="37.402148013934493" lon="-83.852923018857837" />
      <trkpt lat="37.402462000027299" lon="-83.852926958352327" />
      <trkpt lat="37.402637014165521" lon="-83.852941961959004" />
      <trkpt lat="37.402816973626614" lon="-83.852996025234461" />
      <trkpt lat="37.402859972789884" lon="-83.853025026619434" />
      <trkpt lat="37.402962986379862" lon="-83.853095015510917" />
      <trkpt lat="37.40300003439188" lon="-83.853111024945974" />
      <trkpt lat="37.403032975271344" lon="-83.853118987753987" />
      <trkpt lat="37.403072034940124" lon="-83.853122005239129" />
      <trkpt lat="37.403106987476349" lon="-83.853117981925607" />
      <trkpt lat="37.403178988024592" lon="-83.853099960833788" />
      <trkpt lat="37.403596993535757" lon="-83.852941961959004" />
      <trkpt lat="37.403705036267638" lon="-83.852925030514598" />
      <trkpt lat="37.403788017109036" lon="-83.852929975837469" />
      <trkpt lat="37.403963031247258" lon="-83.852949002757668" />
      <trkpt lat="37.404089011251926" lon="-83.852975992485881" />
      <trkpt lat="37.404196970164776" lon="-83.853024020791054" />
      <trkpt lat="37.404242986813188" lon="-83.853050004690886" />
      <trkpt lat="37.404377013444901" lon="-83.853150000795722" />
      <trkpt lat="37.404471980407834" lon="-83.853219989687204" />
      <trkpt lat="37.404747996479273" lon="-83.853473039343953" />
      <trkpt lat="37.405088972300291" lon="-83.853762969374657" />
      <trkpt lat="37.405318971723318" lon="-83.853988023474813" />
      <trkpt lat="37.405782993882895" lon="-83.854537960141897" />
      <trkpt lat="37.406001007184386" lon="-83.854836020618677" />
      <trkpt lat="37.406038977205753" lon="-83.854897040873766" />
      <trkpt lat="37.406155988574028" lon="-83.855082029476762" />
      <trkpt lat="37.406294960528612" lon="-83.855342958122492" />
      <trkpt lat="37.40656703710556" lon="-83.855930026620626" />
      <trkpt lat="37.40661003626883" lon="-83.85604502633214" />
      <trkpt lat="37.406628979369998" lon="-83.856105962768197" />
      <trkpt lat="37.406654041260481" lon="-83.856252981349826" />
      <trkpt lat="37.406660998240113" lon="-83.856343002989888" />
      <trkpt lat="37.406656974926591" lon="-83.856466971337795" />
      <trkpt lat="37.406644988805056" lon="-83.856552969664335" />
      <trkpt lat="37.40656603127718" lon="-83.856910038739443" />
      <trkpt lat="37.406419012695551" lon="-83.857319997623563" />
      <trkpt lat="37.406193958595395" lon="-83.857845040038228" />
      <trkpt lat="37.406136961653829" lon="-83.857943024486303" />
      <trkpt lat="37.406067978590727" lon="-83.858032040297985" />
      <trkpt lat="37.405781988054514" lon="-83.858305038884282" />
      <trkpt lat="37.405575038865209" lon="-83.858454991132021" />
      <trkpt lat="37.405363982543349" lon="-83.858630005270243" />
      <trkpt lat="37.40517295897007" lon="-83.858850030228496" />
      <trkpt lat="37.405014960095286" lon="-83.85905303992331" />
      <trkpt lat="37.404837012290955" lon="-83.859213972464204" />
      <trkpt lat="37.404726035892963" lon="-83.859297959133983" />
      <trkpt lat="37.404648000374436" lon="-83.859340958297253" />
      <trkpt lat="37.404339965432882" lon="-83.859432991594076" />
      <trkpt lat="37.404264025390148" lon="-83.859449001029134" />
      <trkpt lat="37.403971999883652" lon="-83.859470039606094" />
      <trkpt lat="37.403574027121067" lon="-83.85946299880743" />
      <trkpt lat="37.403346039354801" lon="-83.859476996585727" />
      <trkpt lat="37.403288958594203" lon="-83.859487976878881" />
      <trkpt lat="37.403217041864991" lon="-83.859517984092236" />
      <trkpt lat="37.403009003028274" lon="-83.859653016552329" />
      <trkpt lat="37.402779003605247" lon="-83.859846973791718" />
      <trkpt lat="37.4024429731071" lon="-83.860197002068162" />
      <trkpt lat="37.40240097977221" lon="-83.860247964039445" />
      <trkpt lat="37.40224801003933" lon="-83.860562033951283" />
      <trkpt lat="37.402158994227648" lon="-83.860704023391008" />
      <trkpt lat="37.402107026427984" lon="-83.860770994797349" />
      <trkpt lat="37.401960007846355" lon="-83.860914995893836" />
      <trkpt lat="37.401799997314811" lon="-83.861101996153593" />
      <trkpt lat="37.40166999399662" lon="-83.861224036663771" />
      <trkpt lat="37.401494979858398" lon="-83.861482031643391" />
      <trkpt lat="37.401382997632027" lon="-83.861613040789962" />
      <trkpt lat="37.4012600351125" lon="-83.861780008301139" />
      <trkpt lat="37.401192979887128" lon="-83.861848991364241" />
      <trkpt lat="37.401160961017013" lon="-83.861874975264072" />
      <trkpt lat="37.401119973510504" lon="-83.861898025497794" />
      <trkpt lat="37.401075968518853" lon="-83.861904982477427" />
      <trkpt lat="37.400882011279464" lon="-83.861902970820665" />
      <trkpt lat="37.400842029601336" lon="-83.861915040761232" />
      <trkpt lat="37.400801964104176" lon="-83.861932978034019" />
      <trkpt lat="37.400747984647751" lon="-83.861964996904135" />
      <trkpt lat="37.40068000741303" lon="-83.862018976360559" />
      <trkpt lat="37.400540029630065" lon="-83.862141016870737" />
      <trkpt lat="37.400400973856449" lon="-83.862297004088759" />
      <trkpt lat="37.400216991081834" lon="-83.862519962713122" />
      <trkpt lat="37.400044994428754" lon="-83.862754991278052" />
      <trkpt lat="37.399933012202382" lon="-83.86287703178823" />
      <trkpt lat="37.399888001382351" lon="-83.862965041771531" />
      <trkpt lat="37.399793034419417" lon="-83.863190012052655" />
      <trkpt lat="37.39969496615231" lon="-83.863347005099058" />
      <trkpt lat="37.399588013067842" lon="-83.863486982882023" />
      <trkpt lat="37.39956202916801" lon="-83.863540040329099" />
      <trkpt lat="37.399537973105907" lon="-83.863622015342116" />
      <trkpt lat="37.399534033611417" lon="-83.863658979535103" />
      <trkpt lat="37.399531016126275" lon="-83.863801974803209" />
      <trkpt lat="37.39952296949923" lon="-83.863869030028582" />
      <trkpt lat="37.399508971720934" lon="-83.863936001434922" />
      <trkpt lat="37.399489022791386" lon="-83.864000961184502" />
      <trkpt lat="37.399459015578032" lon="-83.864076985046268" />
      <trkpt lat="37.399421967566013" lon="-83.864149991422892" />
      <trkpt lat="37.399272015318274" lon="-83.864374961704016" />
      <trkpt lat="37.39919900894165" lon="-83.864461965858936" />
      <trkpt lat="37.399042015895247" lon="-83.864612001925707" />
      <trkpt lat="37.399011002853513" lon="-83.864647960290313" />
      <trkpt lat="37.398982001468539" lon="-83.864690037444234" />
      <trkpt lat="37.398953000083566" lon="-83.864743011072278" />
      <trkpt lat="37.398927016183734" lon="-83.864806964993477" />
      <trkpt lat="37.398822996765375" lon="-83.86513696052134" />
      <trkpt lat="37.398644965142012" lon="-83.865528982132673" />
      <trkpt lat="37.398624010384083" lon="-83.865600982680917" />
      <trkpt lat="37.398617975413799" lon="-83.865638030692935" />
      <trkpt lat="37.398621998727322" lon="-83.865724029019475" />
      <trkpt lat="37.398658962920308" lon="-83.865857971832156" />
      <trkpt lat="37.398672960698605" lon="-83.866022005677223" />
      <trkpt lat="37.398671032860875" lon="-83.86618503369391" />
      <trkpt lat="37.398658962920308" lon="-83.866248987615108" />
      <trkpt lat="37.398599032312632" lon="-83.866376979276538" />
      <trkpt lat="37.398586962372065" lon="-83.866434982046485" />
      <trkpt lat="37.398602971807122" lon="-83.866589963436127" />
      <trkpt lat="37.398605989292264" lon="-83.866623993963003" />
      <trkpt lat="37.398600038141012" lon="-83.86665903031826" />
      <trkpt lat="37.398578999564052" lon="-83.866692977026105" />
      <trkpt lat="37.398477997630835" lon="-83.866808982565999" />
      <trkpt lat="37.398452013731003" lon="-83.866856005042791" />
      <trkpt lat="37.3984469845891" lon="-83.866904033347964" />
      <trkpt lat="37.398453019559383" lon="-83.866940997540951" />
      <trkpt lat="37.398558966815472" lon="-83.866850975900888" />
      <trkpt lat="37.398689975962043" lon="-83.86672499589622" />
      <trkpt lat="37.399089960381389" lon="-83.866341020911932" />
      <trkpt lat="37.39915500395" lon="-83.866299027577043" />
      <trkpt lat="37.399294981732965" lon="-83.866239013150334" />
      <trkpt lat="37.399290958419442" lon="-83.866196013987064" />
      <trkpt lat="37.399294981732965" lon="-83.866155026480556" />
      <trkpt lat="37.399308979511261" lon="-83.866118984296918" />
      <trkpt lat="37.399357007816434" lon="-83.866026028990746" />
      <trkpt lat="37.399377962574363" lon="-83.865976994857192" />
      <trkpt lat="37.399389026686549" lon="-83.86592703871429" />
      <trkpt lat="37.39941299892962" lon="-83.865696033462882" />
      <trkpt lat="37.399423979222775" lon="-83.865627972409129" />
      <trkpt lat="37.399438982829452" lon="-83.865567035973072" />
      <trkpt lat="37.399461027234793" lon="-83.865513978525996" />
      <trkpt lat="37.399490028619766" lon="-83.865462010726333" />
      <trkpt lat="37.399540990591049" lon="-83.865399984642863" />
      <trkpt lat="37.399797979742289" lon="-83.865163028240204" />
      <trkpt lat="37.399837961420417" lon="-83.865119023248553" />
      <trkpt lat="37.399866040796041" lon="-83.865079041570425" />
      <trkpt lat="37.400091011077166" lon="-83.864658018574119" />
      <trkpt lat="37.400297960266471" lon="-83.864195002242923" />
      <trkpt lat="37.400387981906533" lon="-83.864015964791179" />
      <trkpt lat="37.400569031015038" lon="-83.863732991740108" />
      <trkpt lat="37.400698028504848" lon="-83.863555965945125" />
      <trkpt lat="37.400744967162609" lon="-83.863511038944125" />
      <trkpt lat="37.400772040709853" lon="-83.863497041165829" />
      <trkpt lat="37.40083297714591" lon="-83.86347902007401" />
      <trkpt lat="37.400890979915857" lon="-83.863477008417249" />
      <trkpt lat="37.400974966585636" lon="-83.863503998145461" />
      <trkpt lat="37.40113103762269" lon="-83.863605000078678" />
      <trkpt lat="37.401335975155234" lon="-83.863779008388519" />
      <trkpt lat="37.401468995958567" lon="-83.863876992836595" />
      <trkpt lat="37.401542002335191" lon="-83.863914962857962" />
      <trkpt lat="37.401577960699797" lon="-83.863926026970148" />
      <trkpt lat="37.401615008711815" lon="-83.863928960636258" />
      <trkpt lat="37.401651972904801" lon="-83.863924015313387" />
      <trkpt lat="37.401687009260058" lon="-83.86390901170671" />
      <trkpt lat="37.401721039786935" lon="-83.863885961472988" />
      <trkpt lat="37.401766972616315" lon="-83.863843968138099" />
      <trkpt lat="37.401854982599616" lon="-83.863743972033262" />
      <trkpt lat="37.402018010616302" lon="-83.863449012860656" />
      <trkpt lat="37.402512039989233" lon="-83.862720038741827" />
      <trkpt lat="37.402606001123786" lon="-83.862625993788242" />
      <trkpt lat="37.402697028592229" lon="-83.862553993239999" />
      <trkpt lat="37.402983019128442" lon="-83.862395994365215" />
      <trkpt lat="37.403058959171176" lon="-83.862335979938507" />
      <trkpt lat="37.403117967769504" lon="-83.862276971340179" />
      <trkpt lat="37.403225004673004" lon="-83.862128024920821" />
      <trkpt lat="37.403440000489354" lon="-83.861877992749214" />
      <trkpt lat="37.403730014339089" lon="-83.861641036346555" />
      <trkpt lat="37.403916008770466" lon="-83.861536011099815" />
      <trkpt lat="37.404284980148077" lon="-83.861383963376284" />
      <trkpt lat="37.40459200926125" lon="-83.861233005300164" />
      <trkpt lat="37.404663003981113" lon="-83.86120299808681" />
      <trkpt lat="37.404723018407822" lon="-83.861185982823372" />
      <trkpt lat="37.404837012290955" lon="-83.861171985045075" />
      <trkpt lat="37.40487297065556" lon="-83.861171985045075" />
      <trkpt lat="37.404908007010818" lon="-83.86118003167212" />
      <trkpt lat="37.405037004500628" lon="-83.861269969493151" />
      <trkpt lat="37.405075980350375" lon="-83.861282039433718" />
      <trkpt lat="37.405124008655548" lon="-83.861286984756589" />
      <trkpt lat="37.405188968405128" lon="-83.861274998635054" />
      <trkpt lat="37.405287958681583" lon="-83.86124599725008" />
      <trkpt lat="37.40536498837173" lon="-83.861208027228713" />
      <trkpt lat="37.405586019158363" lon="-83.861037958413363" />
      <trkpt lat="37.40566598251462" lon="-83.86096503585577" />
      <trkpt lat="37.405951973050833" lon="-83.860674016177654" />
      <trkpt lat="37.406078958883882" lon="-83.860521968454123" />
      <trkpt lat="37.406473997980356" lon="-83.859992986544967" />
      <trkpt lat="37.406662004068494" lon="-83.85980699211359" />
      <trkpt lat="37.406769962981343" lon="-83.859724011272192" />
      <trkpt lat="37.406998034566641" lon="-83.859584033489227" />
      <trkpt lat="37.407574038952589" lon="-83.859281027689576" />
      <trkpt lat="37.407790962606668" lon="-83.859182959422469" />
      <trkpt lat="37.40790001116693" lon="-83.859154041856527" />
      <trkpt lat="37.407938987016678" lon="-83.859143983572721" />
      <trkpt lat="37.408081982284784" lon="-83.859123028814793" />
      <trkpt lat="37.408260013908148" lon="-83.859105007722974" />
      <trkpt lat="37.408466041088104" lon="-83.859102996066213" />
      <trkpt lat="37.408675001934171" lon="-83.859127974137664" />
      <trkpt lat="37.408885974436998" lon="-83.859190000221133" />
      <trkpt lat="37.409348990768194" lon="-83.85935596190393" />
      <trkpt lat="37.409459967166185" lon="-83.859408013522625" />
      <trkpt lat="37.409611009061337" lon="-83.859502980485559" />
      <trkpt lat="37.409946033731103" lon="-83.859787965193391" />
      <trkpt lat="37.410205034539104" lon="-83.859991980716586" />
      <trkpt lat="37.410488007590175" lon="-83.860247964039445" />
      <trkpt lat="37.410517008975148" lon="-83.860271014273167" />
      <trkpt lat="37.411696007475257" lon="-83.861215990036726" />
      <trkpt lat="37.411762978881598" lon="-83.861278016120195" />
      <trkpt lat="37.411812013015151" lon="-83.86133199557662" />
      <trkpt lat="37.411850988864899" lon="-83.861393015831709" />
      <trkpt lat="37.411883007735014" lon="-83.861455963924527" />
      <trkpt lat="37.411985015496612" lon="-83.861693004146218" />
      <trkpt lat="37.412013011053205" lon="-83.861742038279772" />
      <trkpt lat="37.412170004099607" lon="-83.861944964155555" />
      <trkpt lat="37.412256002426147" lon="-83.862029034644365" />
      <trkpt lat="37.412320040166378" lon="-83.862072033807635" />
      <trkpt lat="37.412381982430816" lon="-83.862101035192609" />
      <trkpt lat="37.412443002685905" lon="-83.862116960808635" />
      <trkpt lat="37.412633020430803" lon="-83.862136993557215" />
      <trkpt lat="37.412665039300919" lon="-83.862145962193608" />
      <trkpt lat="37.4127989821136" lon="-83.86225501075387" />
      <trkpt lat="37.412910964339972" lon="-83.862398006021976" />
      <trkpt lat="37.412947006523609" lon="-83.862485010176897" />
      <trkpt lat="37.413028981536627" lon="-83.862898992374539" />
      <trkpt lat="37.413053037598729" lon="-83.86298599652946" />
      <trkpt lat="37.413080027326941" lon="-83.863065959885716" />
      <trkpt lat="37.413116991519928" lon="-83.863127985969186" />
      <trkpt lat="37.413278007879853" lon="-83.863339964300394" />
      <trkpt lat="37.413294017314911" lon="-83.863376006484032" />
      <trkpt lat="37.413316983729601" lon="-83.863445995375514" />
      <trkpt lat="37.413339028134942" lon="-83.863610029220581" />
      <trkpt lat="37.413384960964322" lon="-83.863681023940444" />
      <trkpt lat="37.413513036444783" lon="-83.863857965916395" />
      <trkpt lat="37.413577996194363" lon="-83.864003978669643" />
      <trkpt lat="37.413599034771323" lon="-83.864029040560126" />
      <trkpt lat="37.413653014227748" lon="-83.864070028066635" />
      <trkpt lat="37.413726020604372" lon="-83.86412400752306" />
      <trkpt lat="37.413804978132248" lon="-83.864196008071303" />
      <trkpt lat="37.413867004215717" lon="-83.864267002791166" />
      <trkpt lat="37.413917966187" lon="-83.864356018602848" />
      <trkpt lat="37.413944033905864" lon="-83.864416033029556" />
      <trkpt lat="37.413972029462457" lon="-83.86453396640718" />
      <trkpt lat="37.413978986442089" lon="-83.864605966955423" />
      <trkpt lat="37.413985021412373" lon="-83.864760026335716" />
      <trkpt lat="37.41395702585578" lon="-83.86642299592495" />
      <trkpt lat="37.413950990885496" lon="-83.866482004523277" />
      <trkpt lat="37.413917966187" lon="-83.866620976477861" />
      <trkpt lat="37.413907991722226" lon="-83.866689959540963" />
      <trkpt lat="37.413905980065465" lon="-83.866733964532614" />
      <trkpt lat="37.413916038349271" lon="-83.866821974515915" />
      <trkpt lat="37.413930036127567" lon="-83.866866985335946" />
      <trkpt lat="37.413953002542257" lon="-83.866905961185694" />
      <trkpt lat="37.413983009755611" lon="-83.866932028904557" />
      <trkpt lat="37.414260031655431" lon="-83.867087010294199" />
      <trkpt lat="37.41434401832521" lon="-83.867124980315566" />
      <trkpt lat="37.414596984162927" lon="-83.867238974198699" />
      <trkpt lat="37.414907030761242" lon="-83.867365038022399" />
      <trkpt lat="37.414571000263095" lon="-83.869148958474398" />
      <trkpt lat="37.414520960301161" lon="-83.869365965947509" />
      <trkpt lat="37.414468992501497" lon="-83.869521031156182" />
      <trkpt lat="37.414399003610015" lon="-83.869679030030966" />
      <trkpt lat="37.414333038032055" lon="-83.869804004207253" />
      <trkpt lat="37.414251985028386" lon="-83.869931995868683" />
      <trkpt lat="37.414115024730563" lon="-83.870115978643298" />
      <trkpt lat="37.413963982835412" lon="-83.870297027751803" />
      <trkpt lat="37.413553018122911" lon="-83.870773036032915" />
      <trkpt lat="37.413093019276857" lon="-83.871333030983806" />
      <trkpt lat="37.41286301985383" lon="-83.871627990156412" />
      <trkpt lat="37.412754977121949" lon="-83.871780037879944" />
      <trkpt lat="37.412556996569037" lon="-83.87209796346724" />
      <trkpt lat="37.412330014631152" lon="-83.872522003948689" />
      <trkpt lat="37.41217796690762" lon="-83.872774969786406" />
      <trkpt lat="37.412061039358377" lon="-83.872932968661189" />
      <trkpt lat="37.411535996943712" lon="-83.873603018000722" />
      <trkpt lat="37.411287976428866" lon="-83.873948017135262" />
      <trkpt lat="37.411174988374114" lon="-83.874142980203032" />
      <trkpt lat="37.411069041118026" lon="-83.874340038746595" />
      <trkpt lat="37.410665033385158" lon="-83.875134978443384" />
      <trkpt lat="37.410110989585519" lon="-83.876254968345165" />
      <trkpt lat="37.409893982112408" lon="-83.876637015491724" />
      <trkpt lat="37.409773031249642" lon="-83.876828961074352" />
      <trkpt lat="37.409645961597562" lon="-83.877020990476012" />
      <trkpt lat="37.409372041001916" lon="-83.8774049654603" />
      <trkpt lat="37.409057971090078" lon="-83.877829005941749" />
      <trkpt lat="37.408800981938839" lon="-83.87815598398447" />
      <trkpt lat="37.408666033297777" lon="-83.878334015607834" />
      <trkpt lat="37.408428993076086" lon="-83.87871203944087" />
      <trkpt lat="37.408318016678095" lon="-83.878902979195118" />
      <trkpt lat="37.408143002539873" lon="-83.879284020513296" />
      <trkpt lat="37.407629024237394" lon="-83.880526972934604" />
      <trkpt lat="37.407080009579659" lon="-83.881803033873439" />
      <trkpt lat="37.406884040683508" lon="-83.882213998585939" />
      <trkpt lat="37.406270988285542" lon="-83.88346298597753" />
      <trkpt lat="37.405485017225146" lon="-83.885081028565764" />
      <trkpt lat="37.405125014483929" lon="-83.885839004069567" />
      <trkpt lat="37.405019989237189" lon="-83.886043019592762" />
      <trkpt lat="37.404943965375423" lon="-83.886171011254191" />
      <trkpt lat="37.404908007010818" lon="-83.8862310256809" />
      <trkpt lat="37.40478596650064" lon="-83.886394975706935" />
      <trkpt lat="37.404649006202817" lon="-83.886529002338648" />
      <trkpt lat="37.404575999826193" lon="-83.886581975966692" />
      <trkpt lat="37.404499975964427" lon="-83.886637967079878" />
      <trkpt lat="37.404359998181462" lon="-83.886718014255166" />
      <trkpt lat="37.404185989871621" lon="-83.886825973168015" />
      <trkpt lat="37.404021034017205" lon="-83.88694298453629" />
      <trkpt lat="37.403861023485661" lon="-83.88707097619772" />
      <trkpt lat="37.403724985197186" lon="-83.887219000607729" />
      <trkpt lat="37.403549971058965" lon="-83.887454029172659" />
      <trkpt lat="37.403409993276" lon="-83.88760800473392" />
      <trkpt lat="37.403276972472668" lon="-83.887731973081827" />
      <trkpt lat="37.403126014396548" lon="-83.887858958914876" />
      <trkpt lat="37.402939014136791" lon="-83.888031039386988" />
      <trkpt lat="37.402640031650662" lon="-83.888279981911182" />
      <trkpt lat="37.402232000604272" lon="-83.888633027672768" />
      <trkpt lat="37.402124041691422" lon="-83.888750039041042" />
      <trkpt lat="37.402080036699772" lon="-83.888810975477099" />
      <trkpt lat="37.402038965374231" lon="-83.888879036530852" />
      <trkpt lat="37.402006024494767" lon="-83.888946007937193" />
      <trkpt lat="37.401978028938174" lon="-83.889021025970578" />
      <trkpt lat="37.401935029774904" lon="-83.889180030673742" />
      <trkpt lat="37.401864035055041" lon="-83.889566017314792" />
      <trkpt lat="37.401758003979921" lon="-83.889997014775872" />
      <trkpt lat="37.401670999825001" lon="-83.890318041667342" />
      <trkpt lat="37.401536973193288" lon="-83.890732023864985" />
      <trkpt lat="37.40151702426374" lon="-83.890803018584847" />
      <trkpt lat="37.401501014828682" lon="-83.890877030789852" />
      <trkpt lat="37.401489028707147" lon="-83.890957999974489" />
      <trkpt lat="37.401481987908483" lon="-83.891038969159126" />
      <trkpt lat="37.401480982080102" lon="-83.891147011891007" />
      <trkpt lat="37.401494979858398" lon="-83.891267962753773" />
      <trkpt lat="37.401516018435359" lon="-83.89136603102088" />
      <trkpt lat="37.401538984850049" lon="-83.891443982720375" />
      <trkpt lat="37.401594975963235" lon="-83.891597036272287" />
      <trkpt lat="37.401750963181257" lon="-83.891869029030204" />
      <trkpt lat="37.401851965114474" lon="-83.892069021239877" />
      <trkpt lat="37.401912985369563" lon="-83.892215033993125" />
      <trkpt lat="37.40196998231113" lon="-83.892393987625837" />
      <trkpt lat="37.401993032544851" lon="-83.892498007044196" />
      <trkpt lat="37.402006024494767" lon="-83.892607977613807" />
      <trkpt lat="37.402011975646019" lon="-83.892725994810462" />
      <trkpt lat="37.402009963989258" lon="-83.892855998128653" />
      <trkpt lat="37.402003007009625" lon="-83.892949959263206" />
      <trkpt lat="37.401965958997607" lon="-83.893120028078556" />
      <trkpt lat="37.401942992582917" lon="-83.893189011141658" />
      <trkpt lat="37.401900999248028" lon="-83.89328196644783" />
      <trkpt lat="37.401858000084758" lon="-83.893350027501583" />
      <trkpt lat="37.401794968172908" lon="-83.893424961715937" />
      <trkpt lat="37.40173595957458" lon="-83.893480030819774" />
      <trkpt lat="37.401677034795284" lon="-83.893528981134295" />
      <trkpt lat="37.401616014540195" lon="-83.893581032752991" />
      <trkpt lat="37.401532027870417" lon="-83.893633000552654" />
      <trkpt lat="37.401373023167253" lon="-83.893701983615756" />
      <trkpt lat="37.401242014020681" lon="-83.893745988607407" />
      <trkpt lat="37.400979995727539" lon="-83.893824024125934" />
      <trkpt lat="37.400805987417698" lon="-83.893857970833778" />
      <trkpt lat="37.400656035169959" lon="-83.893898958340287" />
      <trkpt lat="37.40050901658833" lon="-83.893954027444124" />
      <trkpt lat="37.400437016040087" lon="-83.893990991637111" />
      <trkpt lat="37.400409020483494" lon="-83.894014041870832" />
      <trkpt lat="37.400383036583662" lon="-83.894044971093535" />
      <trkpt lat="37.400327967479825" lon="-83.89413901604712" />
      <trkpt lat="37.400299971923232" lon="-83.894210010766983" />
      <trkpt lat="37.400260996073484" lon="-83.894347976893187" />
      <trkpt lat="37.400216991081834" lon="-83.894523996859789" />
      <trkpt lat="37.400163011625409" lon="-83.894704040139914" />
      <trkpt lat="37.400085981935263" lon="-83.894885005429387" />
      <trkpt lat="37.39999202080071" lon="-83.895061025395989" />
      <trkpt lat="37.399770990014076" lon="-83.895419016480446" />
      <trkpt lat="37.399449041113257" lon="-83.89592201448977" />
      <trkpt lat="37.399359019473195" lon="-83.896072972565889" />
      <trkpt lat="37.39928500726819" lon="-83.896220996975899" />
      <trkpt lat="37.399257011711597" lon="-83.896292997524142" />
      <trkpt lat="37.399234967306256" lon="-83.896368015557528" />
      <trkpt lat="37.399219963699579" lon="-83.89643901027739" />
      <trkpt lat="37.399212000891566" lon="-83.896516039967537" />
      <trkpt lat="37.39921904169023" lon="-83.896663980558515" />
      <trkpt lat="37.399238990619779" lon="-83.896743021905422" />
      <trkpt lat="37.399266986176372" lon="-83.896808987483382" />
      <trkpt lat="37.399313002824783" lon="-83.896886017173529" />
      <trkpt lat="37.399351978674531" lon="-83.896937984973192" />
      <trkpt lat="37.399465972557664" lon="-83.897054996341467" />
      <trkpt lat="37.399594970047474" lon="-83.897173013538122" />
      <trkpt lat="37.39973503164947" lon="-83.897317014634609" />
      <trkpt lat="37.399810971692204" lon="-83.897382980212569" />
      <trkpt lat="37.399874003604054" lon="-83.897451963275671" />
      <trkpt lat="37.399985985830426" lon="-83.897551959380507" />
      <trkpt lat="37.400277005508542" lon="-83.897811966016889" />
      <trkpt lat="37.400330984964967" lon="-83.897865023463964" />
      <trkpt lat="37.400406002998352" lon="-83.897936018183827" />
      <trkpt lat="37.400845969095826" lon="-83.898353017866611" />
      <trkpt lat="37.4010010343045" lon="-83.898520991206169" />
      <trkpt lat="37.401105975732207" lon="-83.898647977039218" />
      <trkpt lat="37.401164984330535" lon="-83.898727018386126" />
      <trkpt lat="37.401205971837044" lon="-83.898793989792466" />
      <trkpt lat="37.4012600351125" lon="-83.898915024474263" />
      <trkpt lat="37.401342010125518" lon="-83.899186011403799" />
      <trkpt lat="37.401402024552226" lon="-83.899412993341684" />
      <trkpt lat="37.401472013443708" lon="-83.899733014404774" />
      <trkpt lat="37.401534039527178" lon="-83.900063009932637" />
      <trkpt lat="37.401550970971584" lon="-83.900163006037474" />
      <trkpt lat="37.401559017598629" lon="-83.900267025455832" />
      <trkpt lat="37.401551976799965" lon="-83.900465006008744" />
      <trkpt lat="37.401364976540208" lon="-83.900456037372351" />
      <trkpt lat="37.401263974606991" lon="-83.900448996573687" />
      <trkpt lat="37.400826020166278" lon="-83.90039099380374" />
      <trkpt lat="37.400586968287826" lon="-83.900344977155328" />
      <trkpt lat="37.400051029399037" lon="-83.900221008807421" />
      <trkpt lat="37.399919014424086" lon="-83.900204999372363" />
      <trkpt lat="37.39977995865047" lon="-83.900209022685885" />
      <trkpt lat="37.399635035544634" lon="-83.90024003572762" />
      <trkpt lat="37.399492040276527" lon="-83.900294015184045" />
      <trkpt lat="37.399354996159673" lon="-83.90037096105516" />
      <trkpt lat="37.399227004498243" lon="-83.900470035150647" />
      <trkpt lat="37.39911200478673" lon="-83.900592997670174" />
      <trkpt lat="37.399013014510274" lon="-83.900739010423422" />
      <trkpt lat="37.398927016183734" lon="-83.900902038440108" />
      <trkpt lat="37.398850992321968" lon="-83.901075040921569" />
      <trkpt lat="37.398702967911959" lon="-83.901437977328897" />
      <trkpt lat="37.39857698790729" lon="-83.901707036420703" />
      <trkpt lat="37.398469028994441" lon="-83.901860006153584" />
      <trkpt lat="37.398405997082591" lon="-83.901934018358588" />
      <trkpt lat="37.398273982107639" lon="-83.902063015848398" />
      <trkpt lat="37.398135010153055" lon="-83.902180027216673" />
      <trkpt lat="37.397922025993466" lon="-83.902337020263076" />
      <trkpt lat="37.397223981097341" lon="-83.902829959988594" />
      <trkpt lat="37.39702801220119" lon="-83.902958035469055" />
      <trkpt lat="37.396890968084335" lon="-83.903027018532157" />
      <trkpt lat="37.396820979192853" lon="-83.903050990775228" />
      <trkpt lat="37.396743027493358" lon="-83.903070017695427" />
      <trkpt lat="37.396587040275335" lon="-83.903087032958865" />
      <trkpt lat="37.396423006430268" lon="-83.903082003816962" />
      <trkpt lat="37.396300965920091" lon="-83.903065994381905" />
      <trkpt lat="37.39582596346736" lon="-83.903005979955196" />
      <trkpt lat="37.395735019817948" lon="-83.903007991611958" />
      <trkpt lat="37.395634017884731" lon="-83.903020983561873" />
      <trkpt lat="37.395550031214952" lon="-83.903042022138834" />
      <trkpt lat="37.395470989868045" lon="-83.903072029352188" />
      <trkpt lat="37.395342998206615" lon="-83.903130032122135" />
      <trkpt lat="37.395219029858708" lon="-83.90320798382163" />
      <trkpt lat="37.394852992147207" lon="-83.903481988236308" />
      <trkpt lat="37.394723994657397" lon="-83.903583995997906" />
      <trkpt lat="37.394511010497808" lon="-83.903764961287379" />
      <trkpt lat="37.394319986924529" lon="-83.903961014002562" />
      <trkpt lat="37.394198030233383" lon="-83.904114989563823" />
      <trkpt lat="37.394142961129546" lon="-83.90419696457684" />
      <trkpt lat="37.394104991108179" lon="-83.904268965125084" />
      <trkpt lat="37.394038019701838" lon="-83.904440961778164" />
      <trkpt lat="37.394010024145246" lon="-83.904526960104704" />
      <trkpt lat="37.393973981961608" lon="-83.904713960364461" />
      <trkpt lat="37.393955960869789" lon="-83.904914036393166" />
      <trkpt lat="37.393943974748254" lon="-83.905561035498977" />
      <trkpt lat="37.393926037475467" lon="-83.906196970492601" />
      <trkpt lat="37.393926959484816" lon="-83.906398974359035" />
      <trkpt lat="37.393992003053427" lon="-83.907177988439798" />
      <trkpt lat="37.393998960033059" lon="-83.907455010339618" />
      <trkpt lat="37.393996026366949" lon="-83.90754503197968" />
      <trkpt lat="37.393975993618369" lon="-83.907718034461141" />
      <trkpt lat="37.393938023597002" lon="-83.907880978658795" />
      <trkpt lat="37.39391203969717" lon="-83.907959014177322" />
      <trkpt lat="37.393882032483816" lon="-83.908033026382327" />
      <trkpt lat="37.393816988915205" lon="-83.908166969195008" />
      <trkpt lat="37.393768960610032" lon="-83.908230001106858" />
      <trkpt lat="37.393717998638749" lon="-83.908288003876805" />
      <trkpt lat="37.3936100397259" lon="-83.908385988324881" />
      <trkpt lat="37.393486993387341" lon="-83.908456983044744" />
      <trkpt lat="37.39335598424077" lon="-83.908509034663439" />
      <trkpt lat="37.393089020624757" lon="-83.908596960827708" />
      <trkpt lat="37.392957005649805" lon="-83.908650018274784" />
      <trkpt lat="37.392837982624769" lon="-83.908711960539222" />
      <trkpt lat="37.392704039812088" lon="-83.908803993836045" />
      <trkpt lat="37.392578981816769" lon="-83.908910024911165" />
      <trkpt lat="37.392456019297242" lon="-83.909032987430692" />
      <trkpt lat="37.392342025414109" lon="-83.909174976870418" />
      <trkpt lat="37.392241023480892" lon="-83.909332975745201" />
      <trkpt lat="37.392156030982733" lon="-83.909502038732171" />
      <trkpt lat="37.392085958272219" lon="-83.909676969051361" />
      <trkpt lat="37.392057040706277" lon="-83.909762967377901" />
      <trkpt lat="37.391983028501272" lon="-83.910029008984566" />
      <trkpt lat="37.391898036003113" lon="-83.910398986190557" />
      <trkpt lat="37.391857970505953" lon="-83.91059797257185" />
      <trkpt lat="37.391788987442851" lon="-83.911015978083014" />
      <trkpt lat="37.391766021028161" lon="-83.911230973899364" />
      <trkpt lat="37.391758980229497" lon="-83.911443036049604" />
      <trkpt lat="37.391760991886258" lon="-83.91158502548933" />
      <trkpt lat="37.391761997714639" lon="-83.911647973582149" />
      <trkpt lat="37.39178697578609" lon="-83.9120580162853" />
      <trkpt lat="37.391842966899276" lon="-83.912786990404129" />
      <trkpt lat="37.391889989376068" lon="-83.913204995915294" />
      <trkpt lat="37.391941035166383" lon="-83.913505990058184" />
      <trkpt lat="37.391985040158033" lon="-83.913699025288224" />
      <trkpt lat="37.392377983778715" lon="-83.915178012102842" />
      <trkpt lat="37.392428023740649" lon="-83.915394013747573" />
      <trkpt lat="37.392509998753667" lon="-83.915815036743879" />
      <trkpt lat="37.39255802705884" lon="-83.916007988154888" />
      <trkpt lat="37.392587028443813" lon="-83.916095998138189" />
      <trkpt lat="37.3926239926368" lon="-83.91618400812149" />
      <trkpt lat="37.39266799762845" lon="-83.91627000644803" />
      <trkpt lat="37.39270999096334" lon="-83.916333960369229" />
      <trkpt lat="37.392843011766672" lon="-83.916486008092761" />
      <trkpt lat="37.39305499009788" lon="-83.916703015565872" />
      <trkpt lat="37.393445000052452" lon="-83.917027981951833" />
      <trkpt lat="37.393511971458793" lon="-83.917081039398909" />
      <trkpt lat="37.393880020827055" lon="-83.917369041591883" />
      <trkpt lat="37.39395403303206" lon="-83.917440036311746" />
      <trkpt lat="37.394003989174962" lon="-83.917510025203228" />
      <trkpt lat="37.394090993329883" lon="-83.917674981057644" />
      <trkpt lat="37.394131980836391" lon="-83.917782017961144" />
      <trkpt lat="37.394157964736223" lon="-83.917872961610556" />
      <trkpt lat="37.3941919952631" lon="-83.91807303763926" />
      <trkpt lat="37.394196018576622" lon="-83.918187031522393" />
      <trkpt lat="37.394190989434719" lon="-83.918392974883318" />
      <trkpt lat="37.394175985828042" lon="-83.918590033426881" />
      <trkpt lat="37.394154025241733" lon="-83.918787008151412" />
      <trkpt lat="37.394141033291817" lon="-83.919064030051231" />
      <trkpt lat="37.394142039120197" lon="-83.919445993378758" />
      <trkpt lat="37.39412703551352" lon="-83.920015040785074" />
      <trkpt lat="37.394128041341901" lon="-83.920340007171035" />
      <trkpt lat="37.394134998321533" lon="-83.920461963862181" />
      <trkpt lat="37.394143966957927" lon="-83.920547040179372" />
      <trkpt lat="37.394156958907843" lon="-83.920618034899235" />
      <trkpt lat="37.394174979999661" lon="-83.920690035447478" />
      <trkpt lat="37.394198030233383" lon="-83.920747032389045" />
      <trkpt lat="37.39423499442637" lon="-83.920820960775018" />
      <trkpt lat="37.39440699107945" lon="-83.921126984059811" />
      <trkpt lat="37.394510004669428" lon="-83.921328987926245" />
      <trkpt lat="37.394615029916167" lon="-83.921523028984666" />
      <trkpt lat="37.394662974402308" lon="-83.921624030917883" />
      <trkpt lat="37.39468895830214" lon="-83.921702988445759" />
      <trkpt lat="37.394716031849384" lon="-83.921809019520879" />
      <trkpt lat="37.394727012142539" lon="-83.921894012019038" />
      <trkpt lat="37.394730029627681" lon="-83.921979004517198" />
      <trkpt lat="37.394723994657397" lon="-83.922088975086808" />
      <trkpt lat="37.394697004929185" lon="-83.92222099006176" />
      <trkpt lat="37.394662974402308" lon="-83.922321991994977" />
      <trkpt lat="37.394645037129521" lon="-83.922361973673105" />
      <trkpt lat="37.394607989117503" lon="-83.922444032505155" />
      <trkpt lat="37.394545963034034" lon="-83.92254302278161" />
      <trkpt lat="37.394487038254738" lon="-83.922624997794628" />
      <trkpt lat="37.39443096332252" lon="-83.922688029706478" />
      <trkpt lat="37.394373966380954" lon="-83.92273798584938" />
      <trkpt lat="37.39430096000433" lon="-83.922785008326173" />
      <trkpt lat="37.394205993041396" lon="-83.922829013317823" />
      <trkpt lat="37.394009018316865" lon="-83.922907970845699" />
      <trkpt lat="37.393779018893838" lon="-83.923010984435678" />
      <trkpt lat="37.393626971170306" lon="-83.923092959448695" />
      <trkpt lat="37.393176024779677" lon="-83.923380961641669" />
      <trkpt lat="37.393024982884526" lon="-83.923461008816957" />
      <trkpt lat="37.392947031185031" lon="-83.923491016030312" />
      <trkpt lat="37.392868995666504" lon="-83.923514988273382" />
      <trkpt lat="37.392707979306579" lon="-83.923543989658356" />
      <trkpt lat="37.392209004610777" lon="-83.923585982993245" />
      <trkpt lat="37.392036002129316" lon="-83.923608027398586" />
      <trkpt lat="37.391864005476236" lon="-83.923644991591573" />
      <trkpt lat="37.391697959974408" lon="-83.923701988533139" />
      <trkpt lat="37.391541972756386" lon="-83.923784969374537" />
      <trkpt lat="37.391396965831518" lon="-83.92389502376318" />
      <trkpt lat="37.391268974170089" lon="-83.924026032909751" />
      <trkpt lat="37.391160009428859" lon="-83.92417598515749" />
      <trkpt lat="37.391069987788796" lon="-83.924343036487699" />
      <trkpt lat="37.391006033867598" lon="-83.92449701204896" />
      <trkpt lat="37.390894973650575" lon="-83.924851985648274" />
      <trkpt lat="37.390779973939061" lon="-83.925255993381143" />
      <trkpt lat="37.390653993934393" lon="-83.925656983628869" />
      <trkpt lat="37.390584005042911" lon="-83.92585102468729" />
      <trkpt lat="37.390507981181145" lon="-83.926035007461905" />
      <trkpt lat="37.390348976477981" lon="-83.926380006596446" />
      <trkpt lat="37.390204975381494" lon="-83.926723999902606" />
      <trkpt lat="37.390141021460295" lon="-83.926900019869208" />
      <trkpt lat="37.390021998435259" lon="-83.927257005125284" />
      <trkpt lat="37.389971958473325" lon="-83.927444005385041" />
      <trkpt lat="37.389933988451958" lon="-83.927636034786701" />
      <trkpt lat="37.389905992895365" lon="-83.927830997854471" />
      <trkpt lat="37.389894006773829" lon="-83.928028978407383" />
      <trkpt lat="37.389890989288688" lon="-83.928603976964951" />
      <trkpt lat="37.389883026480675" lon="-83.928779996931553" />
      <trkpt lat="37.389855030924082" lon="-83.928950987756252" />
      <trkpt lat="37.389807002618909" lon="-83.929120972752571" />
      <trkpt lat="37.389739025384188" lon="-83.929286012426019" />
      <trkpt lat="37.389651015400887" lon="-83.929444011300802" />
      <trkpt lat="37.389450017362833" lon="-83.929760009050369" />
      <trkpt lat="37.389339962974191" lon="-83.929917002096772" />
      <trkpt lat="37.389224963262677" lon="-83.930065026506782" />
      <trkpt lat="37.389175007119775" lon="-83.930123029276729" />
      <trkpt lat="37.388899996876717" lon="-83.930441960692406" />
      <trkpt lat="37.388677960261703" lon="-83.930677995085716" />
      <trkpt lat="37.388533037155867" lon="-83.930819984525442" />
      <trkpt lat="37.388423150405288" lon="-83.930837418884039" />
      <trkpt lat="37.388319969177246" lon="-83.930847644805908" />
      <trkpt lat="37.388083934783936" lon="-83.930933475494385" />
      <trkpt lat="37.386624813079834" lon="-83.930654525756836" />
      <trkpt lat="37.385809421539307" lon="-83.930654525756836" />
      <trkpt lat="37.385015487670898" lon="-83.930783271789551" />
      <trkpt lat="37.383685111999512" lon="-83.931212425231934" />
      <trkpt lat="37.382526397705078" lon="-83.931255340576172" />
      <trkpt lat="37.382011413574219" lon="-83.931126594543457" />
      <trkpt lat="37.381367683410645" lon="-83.930847644805908" />
      <trkpt lat="37.381153106689453" lon="-83.930697441101074" />
      <trkpt lat="37.381045818328857" lon="-83.930504322052002" />
      <trkpt lat="37.380831241607666" lon="-83.929860591888428" />
      <trkpt lat="37.380123138427734" lon="-83.928616046905518" />
      <trkpt lat="37.379608154296875" lon="-83.928101062774658" />
      <trkpt lat="37.377204895019531" lon="-83.927435874938965" />
      <trkpt lat="37.376518249511719" lon="-83.927478790283203" />
      <trkpt lat="37.376067638397217" lon="-83.927650451660156" />
      <trkpt lat="37.375788688659668" lon="-83.927950859069824" />
      <trkpt lat="37.375724315643311" lon="-83.928165435791016" />
      <trkpt lat="37.375617027282715" lon="-83.928873538970947" />
      <trkpt lat="37.375724315643311" lon="-83.929002285003662" />
      <trkpt lat="37.375938892364502" lon="-83.929581642150879" />
      <trkpt lat="37.376024723052979" lon="-83.930268287658691" />
      <trkpt lat="37.375788688659668" lon="-83.932135105133057" />
      <trkpt lat="37.375638484954834" lon="-83.93280029296875" />
      <trkpt lat="37.37562314607203" lon="-83.932998860254884" />
      <trkpt lat="37.375595569610596" lon="-83.933358192443848" />
      <trkpt lat="37.375316619873047" lon="-83.934473991394043" />
      <trkpt lat="37.375187873840332" lon="-83.93479585647583" />
      <trkpt lat="37.374651432037354" lon="-83.93580436706543" />
      <trkpt lat="37.374890064820647" lon="-83.935355851426721" />
      <trkpt lat="37.374651432037354" lon="-83.93580436706543" />
      <trkpt lat="37.374179363250732" lon="-83.936405181884766" />
      <trkpt lat="37.373964786529541" lon="-83.936920166015625" />
      <trkpt lat="37.373600006103516" lon="-83.937520980834961" />
      <trkpt lat="37.373514175415039" lon="-83.937842845916748" />
      <trkpt lat="37.373557090759277" lon="-83.938229084014893" />
      <trkpt lat="37.373763537034392" lon="-83.93880701623857" />
      <trkpt lat="37.373771667480469" lon="-83.93928050994873" />
      <trkpt lat="37.373793125152588" lon="-83.939645290374756" />
      <trkpt lat="37.374093532562256" lon="-83.940439224243164" />
      <trkpt lat="37.375016212463379" lon="-83.941662311553955" />
      <trkpt lat="37.375273704528809" lon="-83.942649364471436" />
      <trkpt lat="37.375359535217285" lon="-83.942842483520508" />
      <trkpt lat="37.37598180770874" lon="-83.944194316864014" />
      <trkpt lat="37.376754283905029" lon="-83.94453763961792" />
      <trkpt lat="37.377054691314697" lon="-83.94477367401123" />
      <trkpt lat="37.37722635269165" lon="-83.94503116607666" />
      <trkpt lat="37.377376556396484" lon="-83.945395946502686" />
      <trkpt lat="37.377419471740723" lon="-83.945717811584473" />
      <trkpt lat="37.377355098724365" lon="-83.945975303649902" />
      <trkpt lat="37.377204895019531" lon="-83.946211338043213" />
      <trkpt lat="37.377204895019531" lon="-83.946447372436523" />
      <trkpt lat="37.377676963806152" lon="-83.947198390960693" />
      <trkpt lat="37.377912998199463" lon="-83.947992324829102" />
      <trkpt lat="37.378535270690918" lon="-83.948593139648438" />
      <trkpt lat="37.378706932067871" lon="-83.948550224304199" />
      <trkpt lat="37.380445003509521" lon="-83.947691917419434" />
      <trkpt lat="37.381260395050049" lon="-83.947391510009766" />
      <trkpt lat="37.381582260131836" lon="-83.947219848632812" />
      <trkpt lat="37.382054328918457" lon="-83.946833610534668" />
      <trkpt lat="37.382445428520441" lon="-83.946349890902638" />
      <trkpt lat="37.382445596158504" lon="-83.946349807083607" />
      <trkpt lat="37.382881036028266" lon="-83.945911014452577" />
      <trkpt lat="37.382906014099717" lon="-83.94596298225224" />
      <trkpt lat="37.382939038798213" lon="-83.94600598141551" />
      <trkpt lat="37.383962972089648" lon="-83.946882979944348" />
      <trkpt lat="37.384103033691645" lon="-83.947020024061203" />
      <trkpt lat="37.384218033403158" lon="-83.947170982137322" />
      <trkpt lat="37.384305037558079" lon="-83.947345996275544" />
      <trkpt lat="37.384369997307658" lon="-83.947524027898908" />
      <trkpt lat="37.384513998404145" lon="-83.947957959026098" />
      <trkpt lat="37.384685995057225" lon="-83.948434973135591" />
      <trkpt lat="37.384796971455216" lon="-83.948831018060446" />
      <trkpt lat="37.384662022814155" lon="-83.948912993073463" />
      <trkpt lat="37.384400004521012" lon="-83.949105022475123" />
      <trkpt lat="37.384321969002485" lon="-83.949171993881464" />
      <trkpt lat="37.384261032566428" lon="-83.949242988601327" />
      <trkpt lat="37.384198000654578" lon="-83.949325969442725" />
      <trkpt lat="37.384151984006166" lon="-83.949411967769265" />
      <trkpt lat="37.384129017591476" lon="-83.949516993016005" />
      <trkpt lat="37.384117031469941" lon="-83.949628975242376" />
      <trkpt lat="37.384104039520025" lon="-83.950011022388935" />
      <trkpt lat="37.384083000943065" lon="-83.950291983783245" />
      <trkpt lat="37.384074032306671" lon="-83.950362978503108" />
      <trkpt lat="37.384042013436556" lon="-83.950493987649679" />
      <trkpt lat="37.384019969031215" lon="-83.95055802538991" />
      <trkpt lat="37.383993985131383" lon="-83.950617033988237" />
      <trkpt lat="37.383959032595158" lon="-83.950675958767533" />
      <trkpt lat="37.383926007896662" lon="-83.950721975415945" />
      <trkpt lat="37.383876973763108" lon="-83.950772015377879" />
      <trkpt lat="37.383782006800175" lon="-83.950857007876039" />
      <trkpt lat="37.383482018485665" lon="-83.951087007299066" />
      <trkpt lat="37.383401971310377" lon="-83.951163031160831" />
      <trkpt lat="37.383313961327076" lon="-83.951266966760159" />
      <trkpt lat="37.383174989372492" lon="-83.95146100781858" />
      <trkpt lat="37.382991006597877" lon="-83.951772982254624" />
      <trkpt lat="37.382925963029265" lon="-83.951898962259293" />
      <trkpt lat="37.38286997191608" lon="-83.952027037739754" />
      <trkpt lat="37.382824039086699" lon="-83.952160980552435" />
      <trkpt lat="37.382785985246301" lon="-83.952328031882644" />
      <trkpt lat="37.382764024659991" lon="-83.952476978302002" />
      <trkpt lat="37.382752038538456" lon="-83.95266599021852" />
      <trkpt lat="37.382752038538456" lon="-83.953020963817835" />
      <trkpt lat="37.382791014388204" lon="-83.954271962866187" />
      <trkpt lat="37.382843988016248" lon="-83.955004038289189" />
      <trkpt lat="37.382920011878014" lon="-83.956056972965598" />
      <trkpt lat="37.382945995777845" lon="-83.956416975706816" />
      <trkpt lat="37.382965022698045" lon="-83.956816038116813" />
      <trkpt lat="37.382964016869664" lon="-83.957014018669724" />
      <trkpt lat="37.382941972464323" lon="-83.957403022795916" />
      <trkpt lat="37.382921017706394" lon="-83.957632016390562" />
      <trkpt lat="37.382853040471673" lon="-83.958357973024249" />
      <trkpt lat="37.382810963317752" lon="-83.958934983238578" />
      <trkpt lat="37.382798977196217" lon="-83.959317030385137" />
      <trkpt lat="37.382803000509739" lon="-83.959504030644894" />
      <trkpt lat="37.382838958874345" lon="-83.959866967052221" />
      <trkpt lat="37.382908025756478" lon="-83.960222024470568" />
      <trkpt lat="37.38299896940589" lon="-83.96057297475636" />
      <trkpt lat="37.383152022957802" lon="-83.961044959723949" />
      <trkpt lat="37.383251013234258" lon="-83.961348971351981" />
      <trkpt lat="37.38327800296247" lon="-83.961490960791707" />
      <trkpt lat="37.383284037932754" lon="-83.96155902184546" />
      <trkpt lat="37.383284037932754" lon="-83.961631022393703" />
      <trkpt lat="37.38327800296247" lon="-83.961700005456805" />
      <trkpt lat="37.383266016840935" lon="-83.961766976863146" />
      <trkpt lat="37.383246989920735" lon="-83.961826991289854" />
      <trkpt lat="37.383222011849284" lon="-83.961890023201704" />
      <trkpt lat="37.383147999644279" lon="-83.962013991549611" />
      <trkpt lat="37.383074993267655" lon="-83.962103007361293" />
      <trkpt lat="37.382906014099717" lon="-83.962260000407696" />
      <trkpt lat="37.38276201300323" lon="-83.962393021211028" />
      <trkpt lat="37.382540982216597" lon="-83.962616985663772" />
      <trkpt lat="37.381985010579228" lon="-83.96323699504137" />
      <trkpt lat="37.381851989775896" lon="-83.963409997522831" />
      <trkpt lat="37.381787030026317" lon="-83.963532038033009" />
      <trkpt lat="37.381742019206285" lon="-83.963662041351199" />
      <trkpt lat="37.381718968972564" lon="-83.963791960850358" />
      <trkpt lat="37.381716035306454" lon="-83.963921964168549" />
      <trkpt lat="37.381734978407621" lon="-83.964046016335487" />
      <trkpt lat="37.38175299949944" lon="-83.964093960821629" />
      <trkpt lat="37.381777977570891" lon="-83.964164033532143" />
      <trkpt lat="37.381840003654361" lon="-83.964272998273373" />
      <trkpt lat="37.381916027516127" lon="-83.964377017691731" />
      <trkpt lat="37.382006971165538" lon="-83.964477013796568" />
      <trkpt lat="37.382111996412277" lon="-83.96456602960825" />
      <trkpt lat="37.382173016667366" lon="-83.964603999629617" />
      <trkpt lat="37.382229007780552" lon="-83.964638030156493" />
      <trkpt lat="37.382610971108079" lon="-83.964797034859657" />
      <trkpt lat="37.382729994133115" lon="-83.964859982952476" />
      <trkpt lat="37.382838958874345" lon="-83.964939024299383" />
      <trkpt lat="37.38293400965631" lon="-83.965028962120414" />
      <trkpt lat="37.383015984669328" lon="-83.965128036215901" />
      <trkpt lat="37.3830830398947" lon="-83.965232977643609" />
      <trkpt lat="37.383135007694364" lon="-83.965346971526742" />
      <trkpt lat="37.383170966058969" lon="-83.9654700178653" />
      <trkpt lat="37.383247995749116" lon="-83.965900009498" />
      <trkpt lat="37.383295018225908" lon="-83.9660519734025" />
      <trkpt lat="37.383352015167475" lon="-83.966191029176116" />
      <trkpt lat="37.383629959076643" lon="-83.966734008863568" />
      <trkpt lat="37.383684022352099" lon="-83.966879015788436" />
      <trkpt lat="37.383726015686989" lon="-83.967036008834839" />
      <trkpt lat="37.383747976273298" lon="-83.967200964689255" />
      <trkpt lat="37.383745964616537" lon="-83.967368016019464" />
      <trkpt lat="37.383726015686989" lon="-83.96753397770226" />
      <trkpt lat="37.383692990988493" lon="-83.967690970748663" />
      <trkpt lat="37.383647980168462" lon="-83.967838995158672" />
      <trkpt lat="37.383428039029241" lon="-83.968409970402718" />
      <trkpt lat="37.383050015196204" lon="-83.969250004738569" />
      <trkpt lat="37.382888998836279" lon="-83.969689970836043" />
      <trkpt lat="37.382853962481022" lon="-83.969825003296137" />
      <trkpt lat="37.382830996066332" lon="-83.969975961372256" />
      <trkpt lat="37.382829990237951" lon="-83.970093978568912" />
      <trkpt lat="37.382835019379854" lon="-83.970147036015987" />
      <trkpt lat="37.382844993844628" lon="-83.970202021300793" />
      <trkpt lat="37.382866032421589" lon="-83.970276033505797" />
      <trkpt lat="37.382900984957814" lon="-83.970355996862054" />
      <trkpt lat="37.382922023534775" lon="-83.97039002738893" />
      <trkpt lat="37.383304992690682" lon="-83.970883972942829" />
      <trkpt lat="37.383605986833572" lon="-83.971217991784215" />
      <trkpt lat="37.384001025930047" lon="-83.971583023667336" />
      <trkpt lat="37.384162964299321" lon="-83.97174496203661" />
      <trkpt lat="37.384695969521999" lon="-83.972396990284324" />
      <trkpt lat="37.384837958961725" lon="-83.972531016916037" />
      <trkpt lat="37.385078016668558" lon="-83.972793035209179" />
      <trkpt lat="37.385136019438505" lon="-83.972872998565435" />
      <trkpt lat="37.385185975581408" lon="-83.972960002720356" />
      <trkpt lat="37.38542603328824" lon="-83.973441962152719" />
      <trkpt lat="37.385602975264192" lon="-83.973714038729668" />
      <trkpt lat="37.385716969147325" lon="-83.973909001797438" />
      <trkpt lat="37.38574999384582" lon="-83.973972033709288" />
      <trkpt lat="37.385790981352329" lon="-83.974078986793756" />
      <trkpt lat="37.385816965252161" lon="-83.974183006212115" />
      <trkpt lat="37.385824006050825" lon="-83.974222987890244" />
      <trkpt lat="37.385830041021109" lon="-83.974261041730642" />
      <trkpt lat="37.38583498634398" lon="-83.974339999258518" />
      <trkpt lat="37.385827023535967" lon="-83.974592965096235" />
      <trkpt lat="37.385799027979374" lon="-83.974916003644466" />
      <trkpt lat="37.38574999384582" lon="-83.975132005289197" />
      <trkpt lat="37.385738007724285" lon="-83.975244993343949" />
      <trkpt lat="37.385732978582382" lon="-83.97537499666214" />
      <trkpt lat="37.385746976360679" lon="-83.975760983303189" />
      <trkpt lat="37.385743958875537" lon="-83.975902972742915" />
      <trkpt lat="37.385617978870869" lon="-83.976949034258723" />
      <trkpt lat="37.385595012456179" lon="-83.977300990372896" />
      <trkpt lat="37.385583026334643" lon="-83.977770041674376" />
      <trkpt lat="37.385505996644497" lon="-83.97829701192677" />
      <trkpt lat="37.385473977774382" lon="-83.978452999144793" />
      <trkpt lat="37.385380016639829" lon="-83.97879003547132" />
      <trkpt lat="37.385338023304939" lon="-83.978901011869311" />
      <trkpt lat="37.38523400388658" lon="-83.979111984372139" />
      <trkpt lat="37.384980032220483" lon="-83.979491014033556" />
      <trkpt lat="37.384894033893943" lon="-83.979593021795154" />
      <trkpt lat="37.384749026969075" lon="-83.979738028720021" />
      <trkpt lat="37.384638972580433" lon="-83.979830984026194" />
      <trkpt lat="37.384242005646229" lon="-83.980060983449221" />
      <trkpt lat="37.384189032018185" lon="-83.980099959298968" />
      <trkpt lat="37.384142009541392" lon="-83.980151005089283" />
      <trkpt lat="37.384106973186135" lon="-83.980203978717327" />
      <trkpt lat="37.384032038971782" lon="-83.980334987863898" />
      <trkpt lat="37.383988033980131" lon="-83.980420986190438" />
      <trkpt lat="37.383885020390153" lon="-83.980774031952024" />
      <trkpt lat="37.38385702483356" lon="-83.980859024450183" />
      <trkpt lat="37.383818970993161" lon="-83.980942005291581" />
      <trkpt lat="37.383772032335401" lon="-83.981020040810108" />
      <trkpt lat="37.383691985160112" lon="-83.981118025258183" />
      <trkpt lat="37.383625013753772" lon="-83.981176028028131" />
      <trkpt lat="37.383451005443931" lon="-83.981294967234135" />
      <trkpt lat="37.383188987150788" lon="-83.981436034664512" />
      <trkpt lat="37.383016990497708" lon="-83.981549022719264" />
      <trkpt lat="37.382485996931791" lon="-83.981995023787022" />
      <trkpt lat="37.382319029420614" lon="-83.982099965214729" />
      <trkpt lat="37.382205035537481" lon="-83.982158973813057" />
      <trkpt lat="37.382107973098755" lon="-83.982196021825075" />
      <trkpt lat="37.382003031671047" lon="-83.98222804069519" />
      <trkpt lat="37.381472960114479" lon="-83.982328036800027" />
      <trkpt lat="37.381273973733187" lon="-83.982392996549606" />
      <trkpt lat="37.381156962364912" lon="-83.982448987662792" />
      <trkpt lat="37.381050009280443" lon="-83.982515037059784" />
      <trkpt lat="37.380940960720181" lon="-83.982606986537576" />
      <trkpt lat="37.380797965452075" lon="-83.982758028432727" />
      <trkpt lat="37.38070098683238" lon="-83.982889959588647" />
      <trkpt lat="37.380623035132885" lon="-83.983053993433714" />
      <trkpt lat="37.38048498518765" lon="-83.983407961204648" />
      <trkpt lat="37.380350036546588" lon="-83.983794031664729" />
      <trkpt lat="37.38031298853457" lon="-83.983925962820649" />
      <trkpt lat="37.380279041826725" lon="-83.984086979180574" />
      <trkpt lat="37.380265966057777" lon="-83.984241960570216" />
      <trkpt lat="37.380308965221047" lon="-83.98557803593576" />
      <trkpt lat="37.380297984927893" lon="-83.986867005005479" />
      <trkpt lat="37.380288010463119" lon="-83.987045958638191" />
      <trkpt lat="37.380263032391667" lon="-83.987206974998116" />
      <trkpt lat="37.380017023533583" lon="-83.988274997100234" />
      <trkpt lat="37.379965977743268" lon="-83.988599041476846" />
      <trkpt lat="37.379958014935255" lon="-83.988790987059474" />
      <trkpt lat="37.379958014935255" lon="-83.988931970670819" />
      <trkpt lat="37.379963966086507" lon="-83.989085024222732" />
      <trkpt lat="37.37999003380537" lon="-83.98921201005578" />
      <trkpt lat="37.37999296747148" lon="-83.989268001168966" />
      <trkpt lat="37.379988022148609" lon="-83.989329021424055" />
      <trkpt lat="37.380229001864791" lon="-83.989602020010352" />
      <trkpt lat="37.380368979647756" lon="-83.989738980308175" />
      <trkpt lat="37.380461012944579" lon="-83.989820033311844" />
      <trkpt lat="37.380550028756261" lon="-83.989773010835052" />
      <trkpt lat="37.380795031785965" lon="-83.989738980308175" />
      <trkpt lat="37.380889998748899" lon="-83.989739986136556" />
      <trkpt lat="37.380988989025354" lon="-83.989749038591981" />
      <trkpt lat="37.381092002615333" lon="-83.989774016663432" />
      <trkpt lat="37.381183030083776" lon="-83.989807963371277" />
      <trkpt lat="37.381468014791608" lon="-83.98996302857995" />
      <trkpt lat="37.381590977311134" lon="-83.989994963631034" />
      <trkpt lat="37.381668007001281" lon="-83.990003010258079" />
      <trkpt lat="37.381745958700776" lon="-83.990004016086459" />
      <trkpt lat="37.381825000047684" lon="-83.989992029964924" />
      <trkpt lat="37.381973024457693" lon="-83.989950958639383" />
      <trkpt lat="37.38205399364233" lon="-83.989940984174609" />
      <trkpt lat="37.382133034989238" lon="-83.989940984174609" />
      <trkpt lat="37.382208975031972" lon="-83.989950036630034" />
      <trkpt lat="37.382279969751835" lon="-83.989966968074441" />
      <trkpt lat="37.382359011098742" lon="-83.989995969459414" />
      <trkpt lat="37.382701998576522" lon="-83.990158997476101" />
      <trkpt lat="37.383011039346457" lon="-83.990290006622672" />
      <trkpt lat="37.383158979937434" lon="-83.990320013836026" />
      <trkpt lat="37.383778989315033" lon="-83.990370975807309" />
      <trkpt lat="37.383901029825211" lon="-83.990367036312819" />
      <trkpt lat="37.384012006223202" lon="-83.990352032706141" />
      <trkpt lat="37.384141003713012" lon="-83.990316996350884" />
      <trkpt lat="37.384189032018185" lon="-83.990283971652389" />
      <trkpt lat="37.384213004261255" lon="-83.99024298414588" />
      <trkpt lat="37.384208980947733" lon="-83.990168971940875" />
      <trkpt lat="37.384163970127702" lon="-83.990109041333199" />
      <trkpt lat="37.384112002328038" lon="-83.990079034119844" />
      <trkpt lat="37.384077971801162" lon="-83.990067970007658" />
      <trkpt lat="37.383557958528399" lon="-83.989969985559583" />
      <trkpt lat="37.38325503654778" lon="-83.989870995283127" />
      <trkpt lat="37.383058983832598" lon="-83.989787008613348" />
      <trkpt lat="37.383016990497708" lon="-83.989763958379626" />
      <trkpt lat="37.382943984121084" lon="-83.989703021943569" />
      <trkpt lat="37.382907019928098" lon="-83.98966102860868" />
      <trkpt lat="37.38284700550139" lon="-83.989567989483476" />
      <trkpt lat="37.382800988852978" lon="-83.989461036399007" />
      <trkpt lat="37.382765030488372" lon="-83.989349976181984" />
      <trkpt lat="37.38274198025465" lon="-83.989236988127232" />
      <trkpt lat="37.382729994133115" lon="-83.989128023386002" />
      <trkpt lat="37.382730999961495" lon="-83.989073038101196" />
      <trkpt lat="37.382730999961495" lon="-83.989025009796023" />
      <trkpt lat="37.382742986083031" lon="-83.988924007862806" />
      <trkpt lat="37.38276201300323" lon="-83.988832980394363" />
      <trkpt lat="37.382792020216584" lon="-83.988742958754301" />
      <trkpt lat="37.382971979677677" lon="-83.988393014296889" />
      <trkpt lat="37.383146993815899" lon="-83.988141976296902" />
      <trkpt lat="37.383615961298347" lon="-83.987562032416463" />
      <trkpt lat="37.383826011791825" lon="-83.987332032993436" />
      <trkpt lat="37.384044025093317" lon="-83.987119970843196" />
      <trkpt lat="37.384435962885618" lon="-83.986857030540705" />
      <trkpt lat="37.385655026882887" lon="-83.985991012305021" />
      <trkpt lat="37.385927019640803" lon="-83.985835025086999" />
      <trkpt lat="37.386034978553653" lon="-83.985786996781826" />
      <trkpt lat="37.386163976043463" lon="-83.985738968476653" />
      <trkpt lat="37.386300014331937" lon="-83.98570803925395" />
      <trkpt lat="37.386431023478508" lon="-83.985684989020228" />
      <trkpt lat="37.386619029566646" lon="-83.985665962100029" />
      <trkpt lat="37.386793037876487" lon="-83.985659005120397" />
      <trkpt lat="37.387044997885823" lon="-83.98566504009068" />
      <trkpt lat="37.387770032510161" lon="-83.985727988183498" />
      <trkpt lat="37.388270013034344" lon="-83.985737040638924" />
      <trkpt lat="37.388443015515804" lon="-83.985751960426569" />
      <trkpt lat="37.388623980805278" lon="-83.985778028145432" />
      <trkpt lat="37.389287995174527" lon="-83.985997969284654" />
      <trkpt lat="37.389392014592886" lon="-83.986027976498008" />
      <trkpt lat="37.389484969899058" lon="-83.986039040610194" />
      <trkpt lat="37.389593012630939" lon="-83.98603199981153" />
      <trkpt lat="37.389718992635608" lon="-83.985999980941415" />
      <trkpt lat="37.389828963205218" lon="-83.985943989828229" />
      <trkpt lat="37.389932982623577" lon="-83.985877018421888" />
      <trkpt lat="37.390444027259946" lon="-83.98540603928268" />
      <trkpt lat="37.390566989779472" lon="-83.985308976843953" />
      <trkpt lat="37.390679977834225" lon="-83.985245022922754" />
      <trkpt lat="37.390823978930712" lon="-83.985196994617581" />
      <trkpt lat="37.39092699252069" lon="-83.985177967697382" />
      <trkpt lat="37.391381040215492" lon="-83.985134968534112" />
      <trkpt lat="37.3920230101794" lon="-83.985017035156488" />
      <trkpt lat="37.392241023480892" lon="-83.98500001989305" />
      <trkpt lat="37.392402961850166" lon="-83.985014017671347" />
      <trkpt lat="37.392552997916937" lon="-83.985036984086037" />
      <trkpt lat="37.392761036753654" lon="-83.985104039311409" />
      <trkpt lat="37.392953988164663" lon="-83.985206969082355" />
      <trkpt lat="37.393324971199036" lon="-83.985437974333763" />
      <trkpt lat="37.393414992839098" lon="-83.985478961840272" />
      <trkpt lat="37.393508031964302" lon="-83.985506035387516" />
      <trkpt lat="37.393604004755616" lon="-83.985517015680671" />
      <trkpt lat="37.393697965890169" lon="-83.985512992367148" />
      <trkpt lat="37.394612012431026" lon="-83.985382989048958" />
      <trkpt lat="37.394831031560898" lon="-83.985342001542449" />
      <trkpt lat="37.39657798781991" lon="-83.984858030453324" />
      <trkpt lat="37.397027006372809" lon="-83.984716041013598" />
      <trkpt lat="37.397250970825553" lon="-83.984611015766859" />
      <trkpt lat="37.397462027147412" lon="-83.984481012448668" />
      <trkpt lat="37.39756403490901" lon="-83.984402976930141" />
      <trkpt lat="37.397756986320019" lon="-83.984229974448681" />
      <trkpt lat="37.397937029600143" lon="-83.984042974188924" />
      <trkpt lat="37.398126041516662" lon="-83.983866032212973" />
      <trkpt lat="37.398327961564064" lon="-83.983698980882764" />
      <trkpt lat="37.39896297454834" lon="-83.983323974534869" />
      <trkpt lat="37.399234967306256" lon="-83.983133034780622" />
      <trkpt lat="37.399317026138306" lon="-83.983058016747236" />
      <trkpt lat="37.39947603084147" lon="-83.982886020094156" />
      <trkpt lat="37.399650039151311" lon="-83.982653003185987" />
      <trkpt lat="37.399619026109576" lon="-83.982689967378974" />
      <trkpt lat="37.399701001122594" lon="-83.98259500041604" />
      <trkpt lat="37.399794962257147" lon="-83.982521994039416" />
      <trkpt lat="37.399948015809059" lon="-83.982448987662792" />
      <trkpt lat="37.400123029947281" lon="-83.982403976842761" />
      <trkpt lat="37.400233000516891" lon="-83.98240003734827" />
      <trkpt lat="37.400339031592011" lon="-83.982411017641425" />
      <trkpt lat="37.400461994111538" lon="-83.982437001541257" />
      <trkpt lat="37.400582022964954" lon="-83.982471032068133" />
      <trkpt lat="37.401252994313836" lon="-83.982729027047753" />
      <trkpt lat="37.40145499818027" lon="-83.98278602398932" />
      <trkpt lat="37.401663037016988" lon="-83.982811002060771" />
      <trkpt lat="37.40175599232316" lon="-83.982807984575629" />
      <trkpt lat="37.401875015348196" lon="-83.982785018160939" />
      <trkpt lat="37.401968976482749" lon="-83.982745036482811" />
      <trkpt lat="37.402051035314798" lon="-83.982692984864116" />
      <trkpt lat="37.402140973135829" lon="-83.982611009851098" />
      <trkpt lat="37.402212973684072" lon="-83.982530040666461" />
      <trkpt lat="37.402274999767542" lon="-83.982434989884496" />
      <trkpt lat="37.402319004759192" lon="-83.982343962416053" />
      <trkpt lat="37.402426041662693" lon="-83.982080016285181" />
      <trkpt lat="37.402484966441989" lon="-83.981965016573668" />
      <trkpt lat="37.40261597558856" lon="-83.981774998828769" />
      <trkpt lat="37.40274203941226" lon="-83.981659999117255" />
      <trkpt lat="37.402886962518096" lon="-83.981600990518928" />
      <trkpt lat="37.402997016906738" lon="-83.981592021882534" />
      <trkpt lat="37.403112016618252" lon="-83.981599984690547" />
      <trkpt lat="37.403222993016243" lon="-83.981616999953985" />
      <trkpt lat="37.403445029631257" lon="-83.981665028259158" />
      <trkpt lat="37.404544986784458" lon="-83.981946995481849" />
      <trkpt lat="37.404928039759398" lon="-83.98205797187984" />
      <trkpt lat="37.405062988400459" lon="-83.982076998800039" />
      <trkpt lat="37.405248982831836" lon="-83.982084039598703" />
      <trkpt lat="37.405412010848522" lon="-83.982071969658136" />
      <trkpt lat="37.405533967539668" lon="-83.982039028778672" />
      <trkpt lat="37.406230000779033" lon="-83.981772987172008" />
      <trkpt lat="37.406815979629755" lon="-83.981529995799065" />
      <trkpt lat="37.407345967367291" lon="-83.981350036337972" />
      <trkpt lat="37.40744998678565" lon="-83.981331009417772" />
      <trkpt lat="37.407571021467447" lon="-83.981317011639476" />
      <trkpt lat="37.407703036442399" lon="-83.981321034952998" />
      <trkpt lat="37.407831028103828" lon="-83.981338972225785" />
      <trkpt lat="37.408296978101134" lon="-83.981483979150653" />
      <trkpt lat="37.408456988632679" lon="-83.981534019112587" />
      <trkpt lat="37.40884498693049" lon="-83.981626974418759" />
      <trkpt lat="37.408934002742171" lon="-83.981630997732282" />
      <trkpt lat="37.409025030210614" lon="-83.981619011610746" />
      <trkpt lat="37.40910398773849" lon="-83.98158498108387" />
      <trkpt lat="37.409175988286734" lon="-83.981534019112587" />
      <trkpt lat="37.409242037683725" lon="-83.981467969715595" />
      <trkpt lat="37.409367011860013" lon="-83.981310976669192" />
      <trkpt lat="37.409644033759832" lon="-83.980836980044842" />
      <trkpt lat="37.409759033471346" lon="-83.980621984228492" />
      <trkpt lat="37.409803038462996" lon="-83.980498015880585" />
      <trkpt lat="37.409832961857319" lon="-83.980372035875916" />
      <trkpt lat="37.409847965463996" lon="-83.980256030336022" />
      <trkpt lat="37.409856012091041" lon="-83.980119992047548" />
      <trkpt lat="37.409851988777518" lon="-83.979866020381451" />
      <trkpt lat="37.409861041232944" lon="-83.979756971821189" />
      <trkpt lat="37.409884007647634" lon="-83.979640966281295" />
      <trkpt lat="37.409919966012239" lon="-83.979532001540065" />
      <trkpt lat="37.40996397100389" lon="-83.979422030970454" />
      <trkpt lat="37.410017028450966" lon="-83.97932899184525" />
      <trkpt lat="37.410076959058642" lon="-83.97924198769033" />
      <trkpt lat="37.410143008455634" lon="-83.979165041819215" />
      <trkpt lat="37.410292960703373" lon="-83.979021040722728" />
      <trkpt lat="37.410451965406537" lon="-83.978895982727408" />
      <trkpt lat="37.410706020891666" lon="-83.978729015216231" />
      <trkpt lat="37.410785984247923" lon="-83.97866397164762" />
      <trkpt lat="37.410937026143074" lon="-83.978515025228262" />
      <trkpt lat="37.411077003926039" lon="-83.978342022746801" />
      <trkpt lat="37.411455027759075" lon="-83.977815974503756" />
      <trkpt lat="37.411583019420505" lon="-83.977679014205933" />
      <trkpt lat="37.411655019968748" lon="-83.97763199172914" />
      <trkpt lat="37.411733977496624" lon="-83.977602990344167" />
      <trkpt lat="37.41183397360146" lon="-83.977597961202264" />
      <trkpt lat="37.411908991634846" lon="-83.977603996172547" />
      <trkpt lat="37.411989038810134" lon="-83.977627968415618" />
      <trkpt lat="37.412199005484581" lon="-83.977718995884061" />
      <trkpt lat="37.412278968840837" lon="-83.977742968127131" />
      <trkpt lat="37.412398997694254" lon="-83.977764006704092" />
      <trkpt lat="37.412449959665537" lon="-83.977765012532473" />
      <trkpt lat="37.41249798797071" lon="-83.977758977562189" />
      <trkpt lat="37.412546016275883" lon="-83.977742968127131" />
      <trkpt lat="37.412634026259184" lon="-83.977689994499087" />
      <trkpt lat="37.412719018757343" lon="-83.977618999779224" />
      <trkpt lat="37.412794958800077" lon="-83.977530989795923" />
      <trkpt lat="37.412930997088552" lon="-83.977335020899773" />
      <trkpt lat="37.413258980959654" lon="-83.976796986535192" />
      <trkpt lat="37.413367023691535" lon="-83.97664200514555" />
      <trkpt lat="37.41348403505981" lon="-83.976517030969262" />
      <trkpt lat="37.413577996194363" lon="-83.976467996835709" />
      <trkpt lat="37.413626024499536" lon="-83.976458022370934" />
      <trkpt lat="37.413673968985677" lon="-83.976456010714173" />
      <trkpt lat="37.413720991462469" lon="-83.976461961865425" />
      <trkpt lat="37.413783017545938" lon="-83.976478977128863" />
      <trkpt lat="37.41385099478066" lon="-83.976509990170598" />
      <trkpt lat="37.414178978651762" lon="-83.976696990430355" />
      <trkpt lat="37.41436799056828" lon="-83.976832022890449" />
      <trkpt lat="37.414771998301148" lon="-83.97709303535521" />
      <trkpt lat="37.414997974410653" lon="-83.977206023409963" />
      <trkpt lat="37.415115991607308" lon="-83.97724499925971" />
      <trkpt lat="37.415219005197287" lon="-83.97726695984602" />
      <trkpt lat="37.415325036272407" lon="-83.977271988987923" />
      <trkpt lat="37.41544196382165" lon="-83.977250028401613" />
      <trkpt lat="37.415551012381911" lon="-83.977190013974905" />
      <trkpt lat="37.415636004880071" lon="-83.977118013426661" />
      <trkpt lat="37.415709011256695" lon="-83.977036038413644" />
      <trkpt lat="37.415802972391248" lon="-83.976896982640028" />
      <trkpt lat="37.415847983211279" lon="-83.976809978485107" />
      <trkpt lat="37.415914032608271" lon="-83.97660001181066" />
      <trkpt lat="37.41593599319458" lon="-83.976457016542554" />
      <trkpt lat="37.415944039821625" lon="-83.976337993517518" />
      <trkpt lat="37.415933981537819" lon="-83.976197009906173" />
      <trkpt lat="37.415899029001594" lon="-83.975921999663115" />
      <trkpt lat="37.415814036503434" lon="-83.975479016080499" />
      <trkpt lat="37.415737006813288" lon="-83.97518296726048" />
      <trkpt lat="37.41554900072515" lon="-83.974602017551661" />
      <trkpt lat="37.415469959378242" lon="-83.974317032843828" />
      <trkpt lat="37.415446992963552" lon="-83.974184012040496" />
      <trkpt lat="37.415439113974571" lon="-83.973726946860552" />
      <trkpt lat="37.415444562211633" lon="-83.973410110920668" />
      <trkpt lat="37.415460990741849" lon="-83.972994284704328" />
      <trkpt lat="37.415471971035004" lon="-83.97276327945292" />
      <trkpt lat="37.415510276332498" lon="-83.972255000844598" />
      <trkpt lat="37.415570039302111" lon="-83.971274988725781" />
      <trkpt lat="37.415615972131491" lon="-83.971042977645993" />
      <trkpt lat="37.415643967688084" lon="-83.97092898376286" />
      <trkpt lat="37.415685961022973" lon="-83.970812978222966" />
      <trkpt lat="37.415737006813288" lon="-83.970700995996594" />
      <trkpt lat="37.415799032896757" lon="-83.970597982406616" />
      <trkpt lat="37.415871033445001" lon="-83.970504021272063" />
      <trkpt lat="37.415953008458018" lon="-83.970420034602284" />
      <trkpt lat="37.416043030098081" lon="-83.970348034054041" />
      <trkpt lat="37.416504034772515" lon="-83.970013009384274" />
      <trkpt lat="37.41709697060287" lon="-83.969622999429703" />
      <trkpt lat="37.417727960273623" lon="-83.969256961718202" />
      <trkpt lat="37.417764002457261" lon="-83.969241958111525" />
      <trkpt lat="37.417834997177124" lon="-83.969212034717202" />
      <trkpt lat="37.418048987165093" lon="-83.969153026118875" />
      <trkpt lat="37.418171027675271" lon="-83.969131987541914" />
      <trkpt lat="37.418279992416501" lon="-83.969126036390662" />
      <trkpt lat="37.418387029320002" lon="-83.969138022512197" />
      <trkpt lat="37.418462969362736" lon="-83.969155959784985" />
      <trkpt lat="37.418656004592776" lon="-83.969244975596666" />
      <trkpt lat="37.418714007362723" lon="-83.969262996688485" />
      <trkpt lat="37.418778967112303" lon="-83.969275988638401" />
      <trkpt lat="37.418849039822817" lon="-83.969278000295162" />
      <trkpt lat="37.418949035927653" lon="-83.969253022223711" />
      <trkpt lat="37.419147016480565" lon="-83.969444967806339" />
      <trkpt lat="37.419497966766357" lon="-83.969728946685791" />
      <trkpt lat="37.419497966766357" lon="-83.969728946685791" />
      <trkpt lat="37.419905662536621" lon="-83.969106674194336" />
      <trkpt lat="37.420055866241455" lon="-83.969042301177979" />
      <trkpt lat="37.421021461486816" lon="-83.969106674194336" />
      <trkpt lat="37.421128749847412" lon="-83.969106674194336" />
      <trkpt lat="37.421150207519531" lon="-83.968570232391357" />
      <trkpt lat="37.42119312286377" lon="-83.968462944030762" />
      <trkpt lat="37.421407699584961" lon="-83.968312740325928" />
      <trkpt lat="37.421665191650391" lon="-83.967947959899902" />
      <trkpt lat="37.422094345092773" lon="-83.966703414916992" />
      <trkpt lat="37.422244548797607" lon="-83.966059684753418" />
      <trkpt lat="37.422373294830322" lon="-83.965694904327393" />
      <trkpt lat="37.422308921813965" lon="-83.965201377868652" />
      <trkpt lat="37.422330379486084" lon="-83.96500825881958" />
      <trkpt lat="37.422695159912109" lon="-83.964793682098389" />
      <trkpt lat="37.422866821289063" lon="-83.96451473236084" />
      <trkpt lat="37.423295974731445" lon="-83.964214324951172" />
      <trkpt lat="37.423532009124756" lon="-83.964149951934814" />
      <trkpt lat="37.423648601397872" lon="-83.964202925562859" />
      <trkpt lat="37.423768043518066" lon="-83.96425724029541" />
      <trkpt lat="37.423875331878662" lon="-83.96425724029541" />
      <trkpt lat="37.424325942993164" lon="-83.963742256164551" />
      <trkpt lat="37.424991130828857" lon="-83.962647914886475" />
      <trkpt lat="37.426085472106934" lon="-83.960502147674561" />
      <trkpt lat="37.426621913909912" lon="-83.958592414855957" />
      <trkpt lat="37.427093982696533" lon="-83.957583904266357" />
      <trkpt lat="37.427566051483154" lon="-83.956811428070068" />
      <trkpt lat="37.427759170532227" lon="-83.956682682037354" />
      <trkpt lat="37.428317070007324" lon="-83.9565110206604" />
      <trkpt lat="37.428832054138184" lon="-83.956553936004639" />
      <trkpt lat="37.429239749908447" lon="-83.956682682037354" />
      <trkpt lat="37.429604530334473" lon="-83.956918716430664" />
      <trkpt lat="37.430398464202881" lon="-83.957583904266357" />
      <trkpt lat="37.430827617645264" lon="-83.957691192626953" />
      <trkpt lat="37.431149482727051" lon="-83.957583904266357" />
      <trkpt lat="37.433037757873535" lon="-83.956403732299805" />
      <trkpt lat="37.433273792266846" lon="-83.956360816955566" />
      <trkpt lat="37.433638572692871" lon="-83.956360816955566" />
      <trkpt lat="37.434303760528564" lon="-83.956661224365234" />
      <trkpt lat="37.434582710266113" lon="-83.956854343414307" />
      <trkpt lat="37.434775829315186" lon="-83.957133293151855" />
      <trkpt lat="37.435011863708496" lon="-83.957862854003906" />
      <trkpt lat="37.435226440429688" lon="-83.958227634429932" />
      <trkpt lat="37.43541955947876" lon="-83.958442211151123" />
      <trkpt lat="37.435998916625977" lon="-83.958871364593506" />
      <trkpt lat="37.436385154724121" lon="-83.959085941314697" />
      <trkpt lat="37.43690013885498" lon="-83.959128856658936" />
      <trkpt lat="37.437350749969482" lon="-83.959064483642578" />
      <trkpt lat="37.437736988067627" lon="-83.958871364593506" />
      <trkpt lat="37.438852787017822" lon="-83.958077430725098" />
      <trkpt lat="37.439346313476563" lon="-83.957927227020264" />
      <trkpt lat="37.440934181213379" lon="-83.958249092102051" />
      <trkpt lat="37.441213130950928" lon="-83.958442211151123" />
      <trkpt lat="37.441728115081787" lon="-83.959064483642578" />
      <trkpt lat="37.442071437835693" lon="-83.959450721740723" />
      <trkpt lat="37.442843914031982" lon="-83.959901332855225" />
      <trkpt lat="37.443037033081055" lon="-83.960158824920654" />
      <trkpt lat="37.443079948425293" lon="-83.960394859313965" />
      <trkpt lat="37.443079948425293" lon="-83.961188793182373" />
      <trkpt lat="37.443294525146484" lon="-83.962175846099854" />
      <trkpt lat="37.443530559539795" lon="-83.96251916885376" />
      <trkpt lat="37.444045543670654" lon="-83.962991237640381" />
      <trkpt lat="37.444174289703369" lon="-83.96327018737793" />
      <trkpt lat="37.44415283203125" lon="-83.963613510131836" />
      <trkpt lat="37.443916797637939" lon="-83.96425724029541" />
      <trkpt lat="37.443938255310059" lon="-83.964622020721436" />
      <trkpt lat="37.444260120391846" lon="-83.96526575088501" />
      <trkpt lat="37.444753646850586" lon="-83.965995311737061" />
      <trkpt lat="37.445011138916016" lon="-83.966231346130371" />
      <trkpt lat="37.445440292358398" lon="-83.966488838195801" />
      <trkpt lat="37.445547580718994" lon="-83.966660499572754" />
      <trkpt lat="37.445719242095947" lon="-83.967025279998779" />
      <trkpt lat="37.445826530456543" lon="-83.967647552490234" />
      <trkpt lat="37.445805072784424" lon="-83.96899938583374" />
      <trkpt lat="37.4458909034729" lon="-83.969342708587646" />
      <trkpt lat="37.445998191833496" lon="-83.96949291229248" />
      <trkpt lat="37.44614839553833" lon="-83.969600200653076" />
      <trkpt lat="37.446513175964355" lon="-83.969600200653076" />
      <trkpt lat="37.446684837341309" lon="-83.969471454620361" />
      <trkpt lat="37.447049617767334" lon="-83.968977928161621" />
      <trkpt lat="37.447435855865479" lon="-83.968398571014404" />
      <trkpt lat="37.447586059570313" lon="-83.967990875244141" />
      <trkpt lat="37.447736263275146" lon="-83.967347145080566" />
      <trkpt lat="37.447950839996338" lon="-83.967068195343018" />
      <trkpt lat="37.448272705078125" lon="-83.966896533966064" />
      <trkpt lat="37.449195384979248" lon="-83.966660499572754" />
      <trkpt lat="37.449538707733154" lon="-83.966360092163086" />
      <trkpt lat="37.450075149536133" lon="-83.965544700622559" />
      <trkpt lat="37.450268268585205" lon="-83.965351581573486" />
      <trkpt lat="37.451341152191162" lon="-83.964965343475342" />
      <trkpt lat="37.451555728912354" lon="-83.964836597442627" />
      <trkpt lat="37.451770305633545" lon="-83.96451473236084" />
      <trkpt lat="37.451984882354736" lon="-83.963871002197266" />
      <trkpt lat="37.452156543731689" lon="-83.963656425476074" />
      <trkpt lat="37.452521324157715" lon="-83.963527679443359" />
      <trkpt lat="37.453207969665527" lon="-83.963398933410645" />
      <trkpt lat="37.454817295074463" lon="-83.962411880493164" />
      <trkpt lat="37.455076966434717" lon="-83.962213983759284" />
      <trkpt lat="37.455305038020015" lon="-83.962051039561629" />
      <trkpt lat="37.456656033173203" lon="-83.961199019104242" />
      <trkpt lat="37.456832975149155" lon="-83.961067004129291" />
      <trkpt lat="37.456914028152823" lon="-83.960987962782383" />
      <trkpt lat="37.456986028701067" lon="-83.960895007476211" />
      <trkpt lat="37.457047970965505" lon="-83.960771961137652" />
      <trkpt lat="37.457084013149142" lon="-83.960661990568042" />
      <trkpt lat="37.457106979563832" lon="-83.960537016391754" />
      <trkpt lat="37.457141010090709" lon="-83.960178019478917" />
      <trkpt lat="37.457146961241961" lon="-83.96005698479712" />
      <trkpt lat="37.457146961241961" lon="-83.959847018122673" />
      <trkpt lat="37.457133969292045" lon="-83.959667980670929" />
      <trkpt lat="37.457102034240961" lon="-83.959519034251571" />
      <trkpt lat="37.457044031471014" lon="-83.959362041205168" />
      <trkpt lat="37.456979993730783" lon="-83.959236983209848" />
      <trkpt lat="37.456904975697398" lon="-83.959137992933393" />
      <trkpt lat="37.456690985709429" lon="-83.95889500156045" />
      <trkpt lat="37.456624014303088" lon="-83.958805985748768" />
      <trkpt lat="37.456597024574876" lon="-83.958758041262627" />
      <trkpt lat="37.456571962684393" lon="-83.958701966330409" />
      <trkpt lat="37.456538015976548" lon="-83.958585960790515" />
      <trkpt lat="37.456458974629641" lon="-83.957955976948142" />
      <trkpt lat="37.456376999616623" lon="-83.957554986700416" />
      <trkpt lat="37.456336012110114" lon="-83.957416014745831" />
      <trkpt lat="37.456069970503449" lon="-83.956671031191945" />
      <trkpt lat="37.456000987440348" lon="-83.956408007070422" />
      <trkpt lat="37.455949019640684" lon="-83.956148000434041" />
      <trkpt lat="37.455915994942188" lon="-83.955891011282802" />
      <trkpt lat="37.455900991335511" lon="-83.955495972186327" />
      <trkpt lat="37.455896968021989" lon="-83.954980988055468" />
      <trkpt lat="37.455885987728834" lon="-83.954862970858812" />
      <trkpt lat="37.455865032970905" lon="-83.954750988632441" />
      <trkpt lat="37.455837037414312" lon="-83.954645963385701" />
      <trkpt lat="37.455763025209308" lon="-83.954451000317931" />
      <trkpt lat="37.455338984727859" lon="-83.953443998470902" />
      <trkpt lat="37.454947968944907" lon="-83.952477984130383" />
      <trkpt lat="37.454255959019065" lon="-83.950243033468723" />
      <trkpt lat="37.454199967905879" lon="-83.950040023773909" />
      <trkpt lat="37.454165015369654" lon="-83.949828967452049" />
      <trkpt lat="37.454164009541273" lon="-83.949600979685783" />
      <trkpt lat="37.454177001491189" lon="-83.949484974145889" />
      <trkpt lat="37.454198962077498" lon="-83.949369974434376" />
      <trkpt lat="37.45426400564611" lon="-83.949143998324871" />
      <trkpt lat="37.454638006165624" lon="-83.948288960382342" />
      <trkpt lat="37.454730961471796" lon="-83.948107995092869" />
      <trkpt lat="37.454790975898504" lon="-83.948017973452806" />
      <trkpt lat="37.454858031123877" lon="-83.947933986783028" />
      <trkpt lat="37.454933971166611" lon="-83.947860980406404" />
      <trkpt lat="37.45501602999866" lon="-83.947799038141966" />
      <trkpt lat="37.455190038308501" lon="-83.947707004845142" />
      <trkpt lat="37.455441998317838" lon="-83.947597034275532" />
      <trkpt lat="37.455728994682431" lon="-83.947488991543651" />
      <trkpt lat="37.455921024084091" lon="-83.947427971288562" />
      <trkpt lat="37.456631977111101" lon="-83.947287993505597" />
      <trkpt lat="37.456788970157504" lon="-83.947244994342327" />
      <trkpt lat="37.45695099234581" lon="-83.947180034592748" />
      <trkpt lat="37.457565972581506" lon="-83.946838974952698" />
      <trkpt lat="37.457801001146436" lon="-83.946697991341352" />
      <trkpt lat="37.45800401084125" lon="-83.946548039093614" />
      <trkpt lat="37.458147006109357" lon="-83.946396997198462" />
      <trkpt lat="37.458325959742069" lon="-83.94613103941083" />
      <trkpt lat="37.458952004089952" lon="-83.9449099637568" />
      <trkpt lat="37.459165994077921" lon="-83.944446025416255" />
      <trkpt lat="37.459230031818151" lon="-83.944331025704741" />
      <trkpt lat="37.459305971860886" lon="-83.944223988801241" />
      <trkpt lat="37.459499007090926" lon="-83.944016033783555" />
      <trkpt lat="37.459691958501935" lon="-83.943854011595249" />
      <trkpt lat="37.459970992058516" lon="-83.943667011335492" />
      <trkpt lat="37.460481030866504" lon="-83.943353025242686" />
      <trkpt lat="37.461015963926911" lon="-83.943001991137862" />
      <trkpt lat="37.461210004985332" lon="-83.942857990041375" />
      <trkpt lat="37.461432963609695" lon="-83.942651962861419" />
      <trkpt lat="37.46150596998632" lon="-83.942558001726866" />
      <trkpt lat="37.461564978584647" lon="-83.942448031157255" />
      <trkpt lat="37.461618036031723" lon="-83.942290032282472" />
      <trkpt lat="37.461647037416697" lon="-83.942156005650759" />
      <trkpt lat="37.461682995781302" lon="-83.941898010671139" />
      <trkpt lat="37.461687019094825" lon="-83.941770019009709" />
      <trkpt lat="37.461662963032722" lon="-83.941529961302876" />
      <trkpt lat="37.461621975526214" lon="-83.941324017941952" />
      <trkpt lat="37.461475040763617" lon="-83.9407620113343" />
      <trkpt lat="37.461429024115205" lon="-83.940509967505932" />
      <trkpt lat="37.461413014680147" lon="-83.940342999994755" />
      <trkpt lat="37.461406979709864" lon="-83.939949972555041" />
      <trkpt lat="37.461451990529895" lon="-83.938869964331388" />
      <trkpt lat="37.461466994136572" lon="-83.938692016527057" />
      <trkpt lat="37.461499013006687" lon="-83.938504010438919" />
      <trkpt lat="37.461571013554931" lon="-83.938210979104042" />
      <trkpt lat="37.461685007438064" lon="-83.937916019931436" />
      <trkpt lat="37.461822973564267" lon="-83.937659030780196" />
      <trkpt lat="37.462003016844392" lon="-83.9373670052737" />
      <trkpt lat="37.462081974372268" lon="-83.937214035540819" />
      <trkpt lat="37.462132014334202" lon="-83.937052013352513" />
      <trkpt lat="37.462146012112498" lon="-83.936956962570548" />
      <trkpt lat="37.462152969092131" lon="-83.936664015054703" />
      <trkpt lat="37.462131008505821" lon="-83.936288002878428" />
      <trkpt lat="37.462012991309166" lon="-83.935398012399673" />
      <trkpt lat="37.461970997974277" lon="-83.934996016323566" />
      <trkpt lat="37.461969992145896" lon="-83.934888979420066" />
      <trkpt lat="37.461988013237715" lon="-83.934476003050804" />
      <trkpt lat="37.462036041542888" lon="-83.933970993384719" />
      <trkpt lat="37.462052972987294" lon="-83.933647032827139" />
      <trkpt lat="37.462050039321184" lon="-83.933154009282589" />
      <trkpt lat="37.462058002129197" lon="-83.932913029566407" />
      <trkpt lat="37.462093960493803" lon="-83.932373989373446" />
      <trkpt lat="37.462114999070764" lon="-83.932208027690649" />
      <trkpt lat="37.462140982970595" lon="-83.932070983573794" />
      <trkpt lat="37.462222035974264" lon="-83.931833021342754" />
      <trkpt lat="37.462671976536512" lon="-83.930861977860332" />
      <trkpt lat="37.462986968457699" lon="-83.930114982649684" />
      <trkpt lat="37.463110014796257" lon="-83.929845001548529" />
      <trkpt lat="37.463341020047665" lon="-83.929407969117165" />
      <trkpt lat="37.463449984788895" lon="-83.929237984120846" />
      <trkpt lat="37.463722983375192" lon="-83.928864989429712" />
      <trkpt lat="37.463961029425263" lon="-83.928582016378641" />
      <trkpt lat="37.464375011622906" lon="-83.928131991997361" />
      <trkpt lat="37.464437959715724" lon="-83.928054962307215" />
      <trkpt lat="37.464480036869645" lon="-83.927963012829423" />
      <trkpt lat="37.464507026597857" lon="-83.927856981754303" />
      <trkpt lat="37.464521024376154" lon="-83.927751034498215" />
      <trkpt lat="37.46453502215445" lon="-83.927459008991718" />
      <trkpt lat="37.46451498940587" lon="-83.926845034584403" />
      <trkpt lat="37.464548014104366" lon="-83.92623801715672" />
      <trkpt lat="37.464610962197185" lon="-83.925802996382117" />
      <trkpt lat="37.464657984673977" lon="-83.925576014444232" />
      <trkpt lat="37.464773990213871" lon="-83.925068993121386" />
      <trkpt lat="37.464802991598845" lon="-83.924975031986833" />
      <trkpt lat="37.46483601629734" lon="-83.924904959276319" />
      <trkpt lat="37.464937018230557" lon="-83.924773028120399" />
      <trkpt lat="37.465053023770452" lon="-83.924569012597203" />
      <trkpt lat="37.46528604067862" lon="-83.924043970182538" />
      <trkpt lat="37.465354017913342" lon="-83.923825034871697" />
      <trkpt lat="37.465454014018178" lon="-83.923369981348515" />
      <trkpt lat="37.46550003066659" lon="-83.923006961122155" />
      <trkpt lat="37.465516040101647" lon="-83.922729017212987" />
      <trkpt lat="37.4655029643327" lon="-83.922503041103482" />
      <trkpt lat="37.465462982654572" lon="-83.922180002555251" />
      <trkpt lat="37.465430041775107" lon="-83.921999037265778" />
      <trkpt lat="37.465339014306664" lon="-83.921370981261134" />
      <trkpt lat="37.465193001553416" lon="-83.920526001602411" />
      <trkpt lat="37.465131981298327" lon="-83.919842038303614" />
      <trkpt lat="37.465105997398496" lon="-83.919681021943688" />
      <trkpt lat="37.465068027377129" lon="-83.919526040554047" />
      <trkpt lat="37.465002983808517" lon="-83.919361000880599" />
      <trkpt lat="37.464914973825216" lon="-83.919182969257236" />
      <trkpt lat="37.464759992435575" lon="-83.918917011469603" />
      <trkpt lat="37.4646429810673" lon="-83.918731017038226" />
      <trkpt lat="37.464335029944777" lon="-83.918360034003854" />
      <trkpt lat="37.464112993329763" lon="-83.918082006275654" />
      <trkpt lat="37.463942002505064" lon="-83.917933981865644" />
      <trkpt lat="37.463500024750829" lon="-83.917568027973175" />
      <trkpt lat="37.462944975122809" lon="-83.917124960571527" />
      <trkpt lat="37.462613973766565" lon="-83.916852967813611" />
      <trkpt lat="37.462189011275768" lon="-83.916433034464717" />
      <trkpt lat="37.46197896078229" lon="-83.916175961494446" />
      <trkpt lat="37.461815010756254" lon="-83.915945962071419" />
      <trkpt lat="37.461658017709851" lon="-83.915691990405321" />
      <trkpt lat="37.461504964157939" lon="-83.915351014584303" />
      <trkpt lat="37.461369009688497" lon="-83.915010038763285" />
      <trkpt lat="37.460931977257133" lon="-83.913802960887551" />
      <trkpt lat="37.46088202111423" lon="-83.913681004196405" />
      <trkpt lat="37.460798034444451" lon="-83.913543960079551" />
      <trkpt lat="37.460594018921256" lon="-83.913285965099931" />
      <trkpt lat="37.460361002013087" lon="-83.912968039512634" />
      <trkpt lat="37.460201997309923" lon="-83.912665033712983" />
      <trkpt lat="37.460134020075202" lon="-83.912456994876266" />
      <trkpt lat="37.460091020911932" lon="-83.912233030423522" />
      <trkpt lat="37.460071993991733" lon="-83.91208098269999" />
      <trkpt lat="37.460063025355339" lon="-83.911708993837237" />
      <trkpt lat="37.46004399843514" lon="-83.911512019112706" />
      <trkpt lat="37.459974009543657" lon="-83.911218987777829" />
      <trkpt lat="37.45985196903348" lon="-83.910837024450302" />
      <trkpt lat="37.459831014275551" lon="-83.91070400364697" />
      <trkpt lat="37.459794972091913" lon="-83.910231012851" />
      <trkpt lat="37.459762031212449" lon="-83.9099339582026" />
      <trkpt lat="37.459724983200431" lon="-83.909722985699773" />
      <trkpt lat="37.459643008187413" lon="-83.909366000443697" />
      <trkpt lat="37.459597997367382" lon="-83.909204984083772" />
      <trkpt lat="37.459395993500948" lon="-83.908583968877792" />
      <trkpt lat="37.459291974082589" lon="-83.908304013311863" />
      <trkpt lat="37.459126012399793" lon="-83.907990027219057" />
      <trkpt lat="37.458849996328354" lon="-83.907521981745958" />
      <trkpt lat="37.458659978583455" lon="-83.907253006473184" />
      <trkpt lat="37.458380023017526" lon="-83.906943965703249" />
      <trkpt lat="37.457969980314374" lon="-83.906548004597425" />
      <trkpt lat="37.457880964502692" lon="-83.906447002664208" />
      <trkpt lat="37.457680972293019" lon="-83.906219014897943" />
      <trkpt lat="37.457243017852306" lon="-83.90569900162518" />
      <trkpt lat="37.456954009830952" lon="-83.905326006934047" />
      <trkpt lat="37.456605993211269" lon="-83.904781015589833" />
      <trkpt lat="37.456499040126801" lon="-83.904630979523063" />
      <trkpt lat="37.456423016265035" lon="-83.904525032266974" />
      <trkpt lat="37.456167032942176" lon="-83.904210040345788" />
      <trkpt lat="37.456037029623985" lon="-83.90406402759254" />
      <trkpt lat="37.455078978091478" lon="-83.903076974675059" />
      <trkpt lat="37.454819977283478" lon="-83.902739016339183" />
      <trkpt lat="37.454752000048757" lon="-83.902634996920824" />
      <trkpt lat="37.454552007839084" lon="-83.902252027764916" />
      <trkpt lat="37.454503979533911" lon="-83.902185978367925" />
      <trkpt lat="37.454465003684163" lon="-83.902149014174938" />
      <trkpt lat="37.454088991507888" lon="-83.901884984225035" />
      <trkpt lat="37.454030988737941" lon="-83.901829998940229" />
      <trkpt lat="37.453976003453135" lon="-83.901756992563605" />
      <trkpt lat="37.453927975147963" lon="-83.901679962873459" />
      <trkpt lat="37.453890005126595" lon="-83.901589019224048" />
      <trkpt lat="37.453861003741622" lon="-83.901486005634069" />
      <trkpt lat="37.453837031498551" lon="-83.901376035064459" />
      <trkpt lat="37.453769976273179" lon="-83.900873037055135" />
      <trkpt lat="37.453732006251812" lon="-83.900372972711921" />
      <trkpt lat="37.453699987381697" lon="-83.900125036016107" />
      <trkpt lat="37.453667968511581" lon="-83.899954967200756" />
      <trkpt lat="37.45362002402544" lon="-83.899795962497592" />
      <trkpt lat="37.453508041799068" lon="-83.899506032466888" />
      <trkpt lat="37.453453978523612" lon="-83.899329006671906" />
      <trkpt lat="37.453396981582046" lon="-83.899046033620834" />
      <trkpt lat="37.453375020995736" lon="-83.898836988955736" />
      <trkpt lat="37.453360017389059" lon="-83.898554015904665" />
      <trkpt lat="37.45336102321744" lon="-83.898463994264603" />
      <trkpt lat="37.453375020995736" lon="-83.898371960967779" />
      <trkpt lat="37.453396981582046" lon="-83.898287974298" />
      <trkpt lat="37.453431012108922" lon="-83.898208010941744" />
      <trkpt lat="37.453495971858501" lon="-83.898123018443584" />
      <trkpt lat="37.4536859896034" lon="-83.897971976548433" />
      <trkpt lat="37.454126961529255" lon="-83.897719010710716" />
      <trkpt lat="37.454672958701849" lon="-83.897371999919415" />
      <trkpt lat="37.454883009195328" lon="-83.897278038784862" />
      <trkpt lat="37.455204958096147" lon="-83.897161027416587" />
      <trkpt lat="37.455478962510824" lon="-83.897001016885042" />
      <trkpt lat="37.456238027662039" lon="-83.896485026925802" />
      <trkpt lat="37.457023998722434" lon="-83.895864011719823" />
      <trkpt lat="37.457170011475682" lon="-83.895726967602968" />
      <trkpt lat="37.457365980371833" lon="-83.895506020635366" />
      <trkpt lat="37.458286983892322" lon="-83.894187966361642" />
      <trkpt lat="37.458474989980459" lon="-83.894027033820748" />
      <trkpt lat="37.458771038800478" lon="-83.893865011632442" />
      <trkpt lat="37.45890598744154" lon="-83.893941035494208" />
      <trkpt lat="37.459116959944367" lon="-83.894046982750297" />
      <trkpt lat="37.459312006831169" lon="-83.894112026318908" />
      <trkpt lat="37.459501018747687" lon="-83.894155025482178" />
      <trkpt lat="37.459720959886909" lon="-83.894185032695532" />
      <trkpt lat="37.459965962916613" lon="-83.894190983846784" />
      <trkpt lat="37.460145000368357" lon="-83.894189978018403" />
      <trkpt lat="37.460321020334959" lon="-83.89418201521039" />
      <trkpt lat="37.460498968139291" lon="-83.894156031310558" />
      <trkpt lat="37.460674988105893" lon="-83.894108003005385" />
      <trkpt lat="37.460843967273831" lon="-83.89403197914362" />
      <trkpt lat="37.461005989462137" lon="-83.893929971382022" />
      <trkpt lat="37.461157031357288" lon="-83.893804997205734" />
      <trkpt lat="37.461294997483492" lon="-83.893670970574021" />
      <trkpt lat="37.461673021316528" lon="-83.893285989761353" />
      <trkpt lat="37.461782991886139" lon="-83.893202003091574" />
      <trkpt lat="37.461898997426033" lon="-83.893137965351343" />
      <trkpt lat="37.462027994915843" lon="-83.893110975623131" />
      <trkpt lat="37.462170990183949" lon="-83.893122961744666" />
      <trkpt lat="37.462249025702477" lon="-83.893140982836485" />
      <trkpt lat="37.462738025933504" lon="-83.893276015296578" />
      <trkpt lat="37.463132981210947" lon="-83.893371988087893" />
      <trkpt lat="37.463255021721125" lon="-83.893412975594401" />
      <trkpt lat="37.463306989520788" lon="-83.893438959494233" />
      <trkpt lat="37.4633530061692" lon="-83.893471984192729" />
      <trkpt lat="37.463393993675709" lon="-83.893510960042477" />
      <trkpt lat="37.463435987010598" lon="-83.893565023317933" />
      <trkpt lat="37.463464988395572" lon="-83.8936220202595" />
      <trkpt lat="37.463488038629293" lon="-83.893681028857827" />
      <trkpt lat="37.463505975902081" lon="-83.893748000264168" />
      <trkpt lat="37.463518967851996" lon="-83.893821006640792" />
      <trkpt lat="37.463564984500408" lon="-83.894416959956288" />
      <trkpt lat="37.463622987270355" lon="-83.894833959639072" />
      <trkpt lat="37.463650982826948" lon="-83.894992964342237" />
      <trkpt lat="37.463721977546811" lon="-83.89532002620399" />
      <trkpt lat="37.463798001408577" lon="-83.895581960678101" />
      <trkpt lat="37.463953988626599" lon="-83.896062998101115" />
      <trkpt lat="37.464031018316746" lon="-83.89626701362431" />
      <trkpt lat="37.464201003313065" lon="-83.896666998043656" />
      <trkpt lat="37.464383980259299" lon="-83.897054996341467" />
      <trkpt lat="37.464579027146101" lon="-83.897422961890697" />
      <trkpt lat="37.464683968573809" lon="-83.897595964372158" />
      <trkpt lat="37.46500700712204" lon="-83.898098962381482" />
      <trkpt lat="37.465103985741735" lon="-83.89826500788331" />
      <trkpt lat="37.46524597518146" lon="-83.898481009528041" />
      <trkpt lat="37.465411014854908" lon="-83.898690976202488" />
      <trkpt lat="37.465483015403152" lon="-83.89875803142786" />
      <trkpt lat="37.465582005679607" lon="-83.898836988955736" />
      <trkpt lat="37.465690970420837" lon="-83.898902032524347" />
      <trkpt lat="37.465812005102634" lon="-83.898938996717334" />
      <trkpt lat="37.46595298871398" lon="-83.898948971182108" />
      <trkpt lat="37.466422962024808" lon="-83.898947965353727" />
      <trkpt lat="37.46657500974834" lon="-83.898957017809153" />
      <trkpt lat="37.466739965602756" lon="-83.898944025859237" />
      <trkpt lat="37.46689897030592" lon="-83.898921981453896" />
      <trkpt lat="37.467063004150987" lon="-83.89888602308929" />
      <trkpt lat="37.467232989147305" lon="-83.898832965642214" />
      <trkpt lat="37.467460976913571" lon="-83.89873799867928" />
      <trkpt lat="37.467698017135262" lon="-83.898615958169103" />
      <trkpt lat="37.468028012663126" lon="-83.898423006758094" />
      <trkpt lat="37.468197997659445" lon="-83.898289985954762" />
      <trkpt lat="37.468667970970273" lon="-83.897828981280327" />
      <trkpt lat="37.468882966786623" lon="-83.897595964372158" />
      <trkpt lat="37.469184966757894" lon="-83.897283989936113" />
      <trkpt lat="37.469776980578899" lon="-83.896732041612267" />
      <trkpt lat="37.470473013818264" lon="-83.896217979490757" />
      <trkpt lat="37.470589019358158" lon="-83.896142961457372" />
      <trkpt lat="37.470706030726433" lon="-83.896089987829328" />
      <trkpt lat="37.470789011567831" lon="-83.89607397839427" />
      <trkpt lat="37.47083100490272" lon="-83.896066015586257" />
      <trkpt lat="37.47095899656415" lon="-83.896068027243018" />
      <trkpt lat="37.471083970740438" lon="-83.896096022799611" />
      <trkpt lat="37.471202993765473" lon="-83.896143967285752" />
      <trkpt lat="37.471312964335084" lon="-83.896216973662376" />
      <trkpt lat="37.471420001238585" lon="-83.896304983645678" />
      <trkpt lat="37.471684031188488" lon="-83.896616036072373" />
      <trkpt lat="37.471844041720033" lon="-83.896776968613267" />
      <trkpt lat="37.471901960670948" lon="-83.896823991090059" />
      <trkpt lat="37.471956023946404" lon="-83.896851986646652" />
      <trkpt lat="37.472015032544732" lon="-83.896873025223613" />
      <trkpt lat="37.472082003951073" lon="-83.89688802883029" />
      <trkpt lat="37.472159033641219" lon="-83.896894985809922" />
      <trkpt lat="37.47224603779614" lon="-83.89688802883029" />
      <trkpt lat="37.472345028072596" lon="-83.896872019395232" />
      <trkpt lat="37.472388027235866" lon="-83.896859027445316" />
      <trkpt lat="37.472447035834193" lon="-83.896842012181878" />
      <trkpt lat="37.472530016675591" lon="-83.896807981655002" />
      <trkpt lat="37.472605034708977" lon="-83.89676196500659" />
      <trkpt lat="37.472729003056884" lon="-83.896665992215276" />
      <trkpt lat="37.472955984994769" lon="-83.896444039419293" />
      <trkpt lat="37.473040977492929" lon="-83.896361980587244" />
      <trkpt lat="37.473614970222116" lon="-83.895759992301464" />
      <trkpt lat="37.473823009058833" lon="-83.895555976778269" />
      <trkpt lat="37.473918981850147" lon="-83.895480036735535" />
      <trkpt lat="37.474014032632113" lon="-83.895421028137207" />
      <trkpt lat="37.474113022908568" lon="-83.895378028973937" />
      <trkpt lat="37.474220981821418" lon="-83.895359002053738" />
      <trkpt lat="37.47433103621006" lon="-83.89536302536726" />
      <trkpt lat="37.474441006779671" lon="-83.895386997610331" />
      <trkpt lat="37.474549971520901" lon="-83.895434020087123" />
      <trkpt lat="37.474652985110879" lon="-83.895500991493464" />
      <trkpt lat="37.474749963730574" lon="-83.895589001476765" />
      <trkpt lat="37.475032014772296" lon="-83.895884966477752" />
      <trkpt lat="37.475052969530225" lon="-83.895907010883093" />
      <trkpt lat="37.475171992555261" lon="-83.896014969795942" />
      <trkpt lat="37.475435016676784" lon="-83.896219991147518" />
      <trkpt lat="37.475468963384628" lon="-83.896242035552859" />
      <trkpt lat="37.475573988631368" lon="-83.89631001278758" />
      <trkpt lat="37.475790996104479" lon="-83.89641797170043" />
      <trkpt lat="37.475865008309484" lon="-83.896447978913784" />
      <trkpt lat="37.47594203799963" lon="-83.896473040804267" />
      <trkpt lat="37.476020995527506" lon="-83.896491983905435" />
      <trkpt lat="37.476182011887431" lon="-83.896516961976886" />
      <trkpt lat="37.476354008540511" lon="-83.896519979462028" />
      <trkpt lat="37.476528016850352" lon="-83.896505981683731" />
      <trkpt lat="37.47669599018991" lon="-83.896473962813616" />
      <trkpt lat="37.476775031536818" lon="-83.896452002227306" />
      <trkpt lat="37.477142997086048" lon="-83.896332979202271" />
      <trkpt lat="37.477213991805911" lon="-83.89631001278758" />
      <trkpt lat="37.477354975417256" lon="-83.896271036937833" />
      <trkpt lat="37.477494031190872" lon="-83.89624597504735" />
      <trkpt lat="37.477630991488695" lon="-83.896247986704111" />
      <trkpt lat="37.477697962895036" lon="-83.896255027502775" />
      <trkpt lat="37.477828972041607" lon="-83.89628897421062" />
      <trkpt lat="37.477955035865307" lon="-83.896340020000935" />
      <trkpt lat="37.478339010849595" lon="-83.896518973633647" />
      <trkpt lat="37.478665988892317" lon="-83.896650988608599" />
      <trkpt lat="37.479206034913659" lon="-83.896881993860006" />
      <trkpt lat="37.479441985487938" lon="-83.896995987743139" />
      <trkpt lat="37.479677014052868" lon="-83.897097995504737" />
      <trkpt lat="37.479753959923983" lon="-83.897112999111414" />
      <trkpt lat="37.479791007936001" lon="-83.897110987454653" />
      <trkpt lat="37.479944983497262" lon="-83.897085003554821" />
      <trkpt lat="37.480037016794086" lon="-83.897052984684706" />
      <trkpt lat="37.48030599206686" lon="-83.896936979144812" />
      <trkpt lat="37.480640010908246" lon="-83.896808987483382" />
      <trkpt lat="37.480875039473176" lon="-83.89674000442028" />
      <trkpt lat="37.480948967859149" lon="-83.896726006641984" />
      <trkpt lat="37.481022980064154" lon="-83.896721983328462" />
      <trkpt lat="37.481092968955636" lon="-83.896723994985223" />
      <trkpt lat="37.481239987537265" lon="-83.896758025512099" />
      <trkpt lat="37.481381976976991" lon="-83.896830026060343" />
      <trkpt lat="37.481647012755275" lon="-83.89701995998621" />
      <trkpt lat="37.481783973053098" lon="-83.897085003554821" />
      <trkpt lat="37.481926968321204" lon="-83.897120039910078" />
      <trkpt lat="37.482068035751581" lon="-83.89712699688971" />
      <trkpt lat="37.482137018814683" lon="-83.897119034081697" />
      <trkpt lat="37.482206001877785" lon="-83.89710403047502" />
      <trkpt lat="37.482271967455745" lon="-83.897077962756157" />
      <trkpt lat="37.482336005195975" lon="-83.897046027705073" />
      <trkpt lat="37.482395013794303" lon="-83.897004034370184" />
      <trkpt lat="37.482510013505816" lon="-83.896908983588219" />
      <trkpt lat="37.482674969360232" lon="-83.8967389985919" />
      <trkpt lat="37.482730038464069" lon="-83.89667303301394" />
      <trkpt lat="37.482885019853711" lon="-83.896462982520461" />
      <trkpt lat="37.483102027326822" lon="-83.896139021962881" />
      <trkpt lat="37.483326997607946" lon="-83.895819000899792" />
      <trkpt lat="37.483437974005938" lon="-83.895680028945208" />
      <trkpt lat="37.483639977872372" lon="-83.895447012037039" />
      <trkpt lat="37.483903001993895" lon="-83.895185999572277" />
      <trkpt lat="37.484035016968846" lon="-83.895067982375622" />
      <trkpt lat="37.48434497974813" lon="-83.894817028194666" />
      <trkpt lat="37.484480012208223" lon="-83.89472097158432" />
      <trkpt lat="37.484628036618233" lon="-83.894652994349599" />
      <trkpt lat="37.484785029664636" lon="-83.894590968266129" />
      <trkpt lat="37.48526799492538" lon="-83.894429029896855" />
      <trkpt lat="37.485434962436557" lon="-83.89435401186347" />
      <trkpt lat="37.485510986298323" lon="-83.894305983558297" />
      <trkpt lat="37.485575024038553" lon="-83.894255021587014" />
      <trkpt lat="37.485696980729699" lon="-83.894142033532262" />
      <trkpt lat="37.485846010968089" lon="-83.893983028829098" />
      <trkpt lat="37.485908037051558" lon="-83.893907004967332" />
      <trkpt lat="37.486080033704638" lon="-83.893664013594389" />
      <trkpt lat="37.486182963475585" lon="-83.893500985577703" />
      <trkpt lat="37.486282037571073" lon="-83.89334499835968" />
      <trkpt lat="37.486382033675909" lon="-83.893198985606432" />
      <trkpt lat="37.486440958455205" lon="-83.893133020028472" />
      <trkpt lat="37.486494015902281" lon="-83.893081974238157" />
      <trkpt lat="37.48655897565186" lon="-83.893027994781733" />
      <trkpt lat="37.486624019220471" lon="-83.892991030588746" />
      <trkpt lat="37.486767014488578" lon="-83.892948031425476" />
      <trkpt lat="37.486907998099923" lon="-83.892920035868883" />
      <trkpt lat="37.486982010304928" lon="-83.89289204031229" />
      <trkpt lat="37.487032972276211" lon="-83.892864966765046" />
      <trkpt lat="37.48707395978272" lon="-83.892836971208453" />
      <trkpt lat="37.487149983644485" lon="-83.892767988145351" />
      <trkpt lat="37.487346036359668" lon="-83.89252700842917" />
      <trkpt lat="37.487505041062832" lon="-83.892322992905974" />
      <trkpt lat="37.487536976113915" lon="-83.892068015411496" />
      <trkpt lat="37.487604031339288" lon="-83.891751011833549" />
      <trkpt lat="37.487607970833778" lon="-83.891685968264937" />
      <trkpt lat="37.487599002197385" lon="-83.891629977151752" />
      <trkpt lat="37.487579975277185" lon="-83.891597958281636" />
      <trkpt lat="37.487447038292885" lon="-83.891424033790827" />
      <trkpt lat="37.487409990280867" lon="-83.89132403768599" />
      <trkpt lat="37.487402027472854" lon="-83.89128103852272" />
      <trkpt lat="37.487403033301234" lon="-83.891198979690671" />
      <trkpt lat="37.487408984452486" lon="-83.89115497469902" />
      <trkpt lat="37.487453995272517" lon="-83.891036035493016" />
      <trkpt lat="37.487642001360655" lon="-83.890706961974502" />
      <trkpt lat="37.487883986905217" lon="-83.89022902585566" />
      <trkpt lat="37.487936038523912" lon="-83.890145039185882" />
      <trkpt lat="37.487983983010054" lon="-83.890081001445651" />
      <trkpt lat="37.488042991608381" lon="-83.89001302421093" />
      <trkpt lat="37.488106023520231" lon="-83.889952003955841" />
      <trkpt lat="37.488174000754952" lon="-83.889900036156178" />
      <trkpt lat="37.48825597576797" lon="-83.889858964830637" />
      <trkpt lat="37.488323030993342" lon="-83.889831975102425" />
      <trkpt lat="37.488399976864457" lon="-83.88982200063765" />
      <trkpt lat="37.488477006554604" lon="-83.889829041436315" />
      <trkpt lat="37.488836003467441" lon="-83.889955021440983" />
      <trkpt lat="37.488879002630711" lon="-83.889962984248996" />
      <trkpt lat="37.488953014835715" lon="-83.889960972592235" />
      <trkpt lat="37.489062985405326" lon="-83.889937000349164" />
      <trkpt lat="37.489224001765251" lon="-83.889846978709102" />
      <trkpt lat="37.489830013364553" lon="-83.889432996511459" />
      <trkpt lat="37.490070993080735" lon="-83.889249013736844" />
      <trkpt lat="37.490148022770882" lon="-83.88917600736022" />
      <trkpt lat="37.490270985290408" lon="-83.889034017920494" />
      <trkpt lat="37.49029696919024" lon="-83.889005016535521" />
      <trkpt lat="37.490456979721785" lon="-83.888770993798971" />
      <trkpt lat="37.490772977471352" lon="-83.888308983296156" />
      <trkpt lat="37.491187965497375" lon="-83.887696014717221" />
      <trkpt lat="37.491658022627234" lon="-83.887001993134618" />
      <trkpt lat="37.491935966536403" lon="-83.886564038693905" />
      <trkpt lat="37.491980977356434" lon="-83.886516010388732" />
      <trkpt lat="37.492072004824877" lon="-83.886449038982391" />
      <trkpt lat="37.492147022858262" lon="-83.886405033990741" />
      <trkpt lat="37.492223968729377" lon="-83.886369997635484" />
      <trkpt lat="37.492313990369439" lon="-83.88633999042213" />
      <trkpt lat="37.492457991465926" lon="-83.886300008744001" />
      <trkpt lat="37.492824029177427" lon="-83.886223984882236" />
      <trkpt lat="37.492953026667237" lon="-83.88616799376905" />
      <trkpt lat="37.493015974760056" lon="-83.88612600043416" />
      <trkpt lat="37.493122005835176" lon="-83.886033967137337" />
      <trkpt lat="37.493396010249853" lon="-83.885749988257885" />
      <trkpt lat="37.493525007739663" lon="-83.885591989383101" />
      <trkpt lat="37.493599019944668" lon="-83.885482018813491" />
      <trkpt lat="37.493656016886234" lon="-83.885368024930358" />
      <trkpt lat="37.493699016049504" lon="-83.885268028825521" />
      <trkpt lat="37.493721982464194" lon="-83.885184964165092" />
      <trkpt lat="37.493726005777717" lon="-83.885085973888636" />
      <trkpt lat="37.493720976635814" lon="-83.885035011917353" />
      <trkpt lat="37.49371100217104" lon="-83.884990001097322" />
      <trkpt lat="37.493678983300924" lon="-83.884883970022202" />
      <trkpt lat="37.49356197193265" lon="-83.884610971435905" />
      <trkpt lat="37.493503969162703" lon="-83.884436041116714" />
      <trkpt lat="37.493489971384406" lon="-83.884377032518387" />
      <trkpt lat="37.493484020233154" lon="-83.884321041405201" />
      <trkpt lat="37.493487037718296" lon="-83.884284999221563" />
      <trkpt lat="37.493505980819464" lon="-83.884222973138094" />
      <trkpt lat="37.493536993861198" lon="-83.884175028651953" />
      <trkpt lat="37.493656016886234" lon="-83.884050976485014" />
      <trkpt lat="37.494001016020775" lon="-83.883745037019253" />
      <trkpt lat="37.494082991033792" lon="-83.88365501537919" />
      <trkpt lat="37.494149962440133" lon="-83.883562982082367" />
      <trkpt lat="37.49418499879539" lon="-83.883500033989549" />
      <trkpt lat="37.494212994351983" lon="-83.883438007906079" />
      <trkpt lat="37.494238978251815" lon="-83.883363995701075" />
      <trkpt lat="37.494332017377019" lon="-83.882974991574883" />
      <trkpt lat="37.494358001276851" lon="-83.882792014628649" />
      <trkpt lat="37.49437702819705" lon="-83.882608031854033" />
      <trkpt lat="37.494379039853811" lon="-83.882457995787263" />
      <trkpt lat="37.49435598962009" lon="-83.882046025246382" />
      <trkpt lat="37.494360012933612" lon="-83.881920967251062" />
      <trkpt lat="37.494371999055147" lon="-83.881777971982956" />
      <trkpt lat="37.494405023753643" lon="-83.881543027237058" />
      <trkpt lat="37.494435030966997" lon="-83.881426015868783" />
      <trkpt lat="37.494469983503222" lon="-83.881187969818711" />
      <trkpt lat="37.494615996256471" lon="-83.880482967942953" />
      <trkpt lat="37.494816994294524" lon="-83.880164036527276" />
      <trkpt lat="37.494883965700865" lon="-83.880026992410421" />
      <trkpt lat="37.494868962094188" lon="-83.879854995757341" />
      <trkpt lat="37.494701994583011" lon="-83.879531035199761" />
      <trkpt lat="37.494669975712895" lon="-83.879327019676566" />
      <trkpt lat="37.494619013741612" lon="-83.879123004153371" />
      <trkpt lat="37.494605015963316" lon="-83.878835001960397" />
      <trkpt lat="37.494580037891865" lon="-83.878665016964078" />
      <trkpt lat="37.494568973779678" lon="-83.878537025302649" />
      <trkpt lat="37.494578026235104" lon="-83.878088006749749" />
      <trkpt lat="37.494578026235104" lon="-83.877580985426903" />
      <trkpt lat="37.494600992649794" lon="-83.877377975732088" />
      <trkpt lat="37.494843984022737" lon="-83.87697396799922" />
      <trkpt lat="37.495037019252777" lon="-83.876426964998245" />
      <trkpt lat="37.495203986763954" lon="-83.876074003055692" />
      <trkpt lat="37.495514033362269" lon="-83.875668989494443" />
      <trkpt lat="37.495530964806676" lon="-83.87551199644804" />
      <trkpt lat="37.495500035583973" lon="-83.875344023108482" />
      <trkpt lat="37.495419988408685" lon="-83.875209996476769" />
      <trkpt lat="37.495369026437402" lon="-83.875111006200314" />
      <trkpt lat="37.495246985927224" lon="-83.874933980405331" />
      <trkpt lat="37.495184959843755" lon="-83.874696018174291" />
      <trkpt lat="37.495182026177645" lon="-83.874370967969298" />
      <trkpt lat="37.495207004249096" lon="-83.873919015750289" />
      <trkpt lat="37.495147995650768" lon="-83.873625984415412" />
      <trkpt lat="37.495129974558949" lon="-83.873261036351323" />
      <trkpt lat="37.495182026177645" lon="-83.873073030263186" />
      <trkpt lat="37.495291996747255" lon="-83.8727199845016" />
      <trkpt lat="37.495386963710189" lon="-83.872419996187091" />
      <trkpt lat="37.495385035872459" lon="-83.872145991772413" />
      <trkpt lat="37.495429962873459" lon="-83.871869975700974" />
      <trkpt lat="37.495548985898495" lon="-83.871565964072943" />
      <trkpt lat="37.495651999488473" lon="-83.871317021548748" />
      <trkpt lat="37.495668008923531" lon="-83.871132032945752" />
      <trkpt lat="37.495598020032048" lon="-83.870796002447605" />
      <trkpt lat="37.495516967028379" lon="-83.870272971689701" />
      <trkpt lat="37.495485031977296" lon="-83.869773996993899" />
      <trkpt lat="37.495503975078464" lon="-83.869366971775889" />
      <trkpt lat="37.495609000325203" lon="-83.869100008159876" />
      <trkpt lat="37.495724000036716" lon="-83.86876598931849" />
      <trkpt lat="37.495779991149902" lon="-83.868474969640374" />
      <trkpt lat="37.495899014174938" lon="-83.867607023566961" />
      <trkpt lat="37.496007978916168" lon="-83.867119029164314" />
      <trkpt lat="37.496219035238028" lon="-83.866626005619764" />
      <trkpt lat="37.496530003845692" lon="-83.866082020103931" />
      <trkpt lat="37.496675010770559" lon="-83.865814972668886" />
      <trkpt lat="37.496981034055352" lon="-83.864342020824552" />
      <trkpt lat="37.497099973261356" lon="-83.861747989431024" />
      <trkpt lat="37.497041970491409" lon="-83.86115899309516" />
      <trkpt lat="37.497045993804932" lon="-83.860571002587676" />
      <trkpt lat="37.49710600823164" lon="-83.860055012628436" />
      <trkpt lat="37.497224025428295" lon="-83.85943902656436" />
      <trkpt lat="37.497379006817937" lon="-83.859048010781407" />
      <trkpt lat="37.497383030131459" lon="-83.858874002471566" />
      <trkpt lat="37.497308012098074" lon="-83.858693959191442" />
      <trkpt lat="37.497154036536813" lon="-83.858532020822167" />
      <trkpt lat="37.496953960508108" lon="-83.858406962826848" />
      <trkpt lat="37.496817000210285" lon="-83.8583679869771" />
      <trkpt lat="37.496674004942179" lon="-83.858320964500308" />
      <trkpt lat="37.496568979695439" lon="-83.858218034729362" />
      <trkpt lat="37.496508965268731" lon="-83.858102029189467" />
      <trkpt lat="37.496398994699121" lon="-83.857661979272962" />
      <trkpt lat="37.496317019686103" lon="-83.857468022033572" />
      <trkpt lat="37.496121972799301" lon="-83.856969969347119" />
      <trkpt lat="37.495956011116505" lon="-83.856652965769172" />
      <trkpt lat="37.495758030563593" lon="-83.856306038796902" />
      <trkpt lat="37.495600031688809" lon="-83.855965984985232" />
      <trkpt lat="37.495519984513521" lon="-83.8556810002774" />
      <trkpt lat="37.495570024475455" lon="-83.855492994189262" />
      <trkpt lat="37.495660968124866" lon="-83.855389980599284" />
      <trkpt lat="37.496022982522845" lon="-83.855311023071408" />
      <trkpt lat="37.496405029669404" lon="-83.85505797341466" />
      <trkpt lat="37.496653972193599" lon="-83.854851024225354" />
      <trkpt lat="37.497013974934816" lon="-83.854561010375619" />
      <trkpt lat="37.497080024331808" lon="-83.854441987350583" />
      <trkpt lat="37.497184965759516" lon="-83.854297986254096" />
      <trkpt lat="37.497312035411596" lon="-83.854105034843087" />
      <trkpt lat="37.497463999316096" lon="-83.854016019031405" />
      <trkpt lat="37.498007984831929" lon="-83.853754000738263" />
      <trkpt lat="37.498153997585177" lon="-83.853526012971997" />
      <trkpt lat="37.498182998970151" lon="-83.853418976068497" />
      <trkpt lat="37.498162966221571" lon="-83.853323003277183" />
      <trkpt lat="37.498069005087018" lon="-83.852907009422779" />
      <trkpt lat="37.49792399816215" lon="-83.852530997246504" />
      <trkpt lat="37.497490989044309" lon="-83.851977959275246" />
      <trkpt lat="37.497261995449662" lon="-83.851796993985772" />
      <trkpt lat="37.497014980763197" lon="-83.851872012019157" />
      <trkpt lat="37.496421039104462" lon="-83.852190021425486" />
      <trkpt lat="37.496000016108155" lon="-83.85230896063149" />
      <trkpt lat="37.495720982551575" lon="-83.852210976183414" />
      <trkpt lat="37.495602965354919" lon="-83.852009978145361" />
      <trkpt lat="37.495456030592322" lon="-83.851759023964405" />
      <trkpt lat="37.495185965672135" lon="-83.850677004083991" />
      <trkpt lat="37.495169034227729" lon="-83.8502879999578" />
      <trkpt lat="37.495328038930893" lon="-83.849812997505069" />
      <trkpt lat="37.495435997843742" lon="-83.849487025290728" />
      <trkpt lat="37.495399033650756" lon="-83.849301030859351" />
      <trkpt lat="37.495316974818707" lon="-83.849100032821298" />
      <trkpt lat="37.49530297704041" lon="-83.848974974825978" />
      <trkpt lat="37.495354022830725" lon="-83.848727960139513" />
      <trkpt lat="37.495961962267756" lon="-83.846971029415727" />
      <trkpt lat="37.495897002518177" lon="-83.846597028896213" />
      <trkpt lat="37.495567006990314" lon="-83.845918010920286" />
      <trkpt lat="37.495090998709202" lon="-83.845206974074244" />
      <trkpt lat="37.494907015934587" lon="-83.845206974074244" />
      <trkpt lat="37.494493033736944" lon="-83.844919977709651" />
      <trkpt lat="37.493268018588424" lon="-83.844317989423871" />
      <trkpt lat="37.493016980588436" lon="-83.8440159894526" />
      <trkpt lat="37.492480035871267" lon="-83.843016028404236" />
      <trkpt lat="37.492050966247916" lon="-83.84180199354887" />
      <trkpt lat="37.491982989013195" lon="-83.8414999935776" />
      <trkpt lat="37.492117015644908" lon="-83.840947961434722" />
      <trkpt lat="37.492096982896328" lon="-83.840583013370633" />
      <trkpt lat="37.492002015933394" lon="-83.840242959558964" />
      <trkpt lat="37.491992963477969" lon="-83.840092001482844" />
      <trkpt lat="37.49203403480351" lon="-83.839797964319587" />
      <trkpt lat="37.492774995043874" lon="-83.838714016601443" />
      <trkpt lat="37.492868034169078" lon="-83.838527016341686" />
      <trkpt lat="37.492879014462233" lon="-83.838349990546703" />
      <trkpt lat="37.492836015298963" lon="-83.838217975571752" />
      <trkpt lat="37.492370987311006" lon="-83.83726897649467" />
      <trkpt lat="37.492188010364771" lon="-83.836668999865651" />
      <trkpt lat="37.49199103564024" lon="-83.835770040750504" />
      <trkpt lat="37.49190797097981" lon="-83.835391011089087" />
      <trkpt lat="37.491488037630916" lon="-83.834802014753222" />
      <trkpt lat="37.491099033504725" lon="-83.834255011752248" />
      <trkpt lat="37.49034097418189" lon="-83.833138961344957" />
      <trkpt lat="37.489891033619642" lon="-83.832692038267851" />
      <trkpt lat="37.489665979519486" lon="-83.832103963941336" />
      <trkpt lat="37.489556008949876" lon="-83.831739015877247" />
      <trkpt lat="37.489278987050056" lon="-83.831455036997795" />
      <trkpt lat="37.488948991522193" lon="-83.831241969019175" />
      <trkpt lat="37.488246001303196" lon="-83.831094028428197" />
      <trkpt lat="37.487616017460823" lon="-83.83095103316009" />
      <trkpt lat="37.487188959494233" lon="-83.83073603734374" />
      <trkpt lat="37.486863993108273" lon="-83.830215018242598" />
      <trkpt lat="37.486618990078568" lon="-83.829471040517092" />
      <trkpt lat="37.486613960936666" lon="-83.829154958948493" />
      <trkpt lat="37.48672803863883" lon="-83.828906016424298" />
      <trkpt lat="37.486874973401427" lon="-83.828683979809284" />
      <trkpt lat="37.48767301440239" lon="-83.828305033966899" />
      <trkpt lat="37.487806035205722" lon="-83.827977972105145" />
      <trkpt lat="37.487725988030434" lon="-83.827460976317525" />
      <trkpt lat="37.487679971382022" lon="-83.827027967199683" />
      <trkpt lat="37.48771601356566" lon="-83.82652304135263" />
      <trkpt lat="37.487851968035102" lon="-83.825947036966681" />
      <trkpt lat="37.488204007968307" lon="-83.825208004564047" />
      <trkpt lat="37.488669035956264" lon="-83.824145011603832" />
      <trkpt lat="37.488863999024034" lon="-83.823627009987831" />
      <trkpt lat="37.488841032609344" lon="-83.82347303442657" />
      <trkpt lat="37.488828040659428" lon="-83.82336700335145" />
      <trkpt lat="37.488833991810679" lon="-83.823263989761472" />
      <trkpt lat="37.488934993743896" lon="-83.823271030560136" />
      <trkpt lat="37.488977992907166" lon="-83.823285028338432" />
      <trkpt lat="37.489072037860751" lon="-83.823315035551786" />
      <trkpt lat="37.489141020923853" lon="-83.823363985866308" />
      <trkpt lat="37.489196006208658" lon="-83.8234300352633" />
      <trkpt lat="37.489244034513831" lon="-83.823515027761459" />
      <trkpt lat="37.489331960678101" lon="-83.823784003034234" />
      <trkpt lat="37.489335983991623" lon="-83.823881987482309" />
      <trkpt lat="37.4893509875983" lon="-83.823973014950752" />
      <trkpt lat="37.489358028396964" lon="-83.824156997725368" />
      <trkpt lat="37.489248979836702" lon="-83.824778012931347" />
      <trkpt lat="37.489182008430362" lon="-83.825027039274573" />
      <trkpt lat="37.489090980961919" lon="-83.825869001448154" />
      <trkpt lat="37.489103972911835" lon="-83.825970003381371" />
      <trkpt lat="37.489096010103822" lon="-83.826133031398058" />
      <trkpt lat="37.489119982346892" lon="-83.826305028051138" />
      <trkpt lat="37.489126017317176" lon="-83.826552964746952" />
      <trkpt lat="37.489176979288459" lon="-83.826966024935246" />
      <trkpt lat="37.489277981221676" lon="-83.827307000756264" />
      <trkpt lat="37.489311005920172" lon="-83.82738696411252" />
      <trkpt lat="37.489354005083442" lon="-83.827461982145905" />
      <trkpt lat="37.489529019221663" lon="-83.827847968786955" />
      <trkpt lat="37.489617029204965" lon="-83.827990964055061" />
      <trkpt lat="37.48982397839427" lon="-83.828472001478076" />
      <trkpt lat="37.490163026377559" lon="-83.829082036390901" />
      <trkpt lat="37.490295963361859" lon="-83.82927599363029" />
      <trkpt lat="37.490601986646652" lon="-83.829664997756481" />
      <trkpt lat="37.490929970517755" lon="-83.829961968585849" />
      <trkpt lat="37.491202969104052" lon="-83.830149974673986" />
      <trkpt lat="37.491790037602186" lon="-83.830466978251934" />
      <trkpt lat="37.491989023983479" lon="-83.830527998507023" />
      <trkpt lat="37.492173006758094" lon="-83.830546019598842" />
      <trkpt lat="37.492308961227536" lon="-83.8305430021137" />
      <trkpt lat="37.492483975365758" lon="-83.830530010163784" />
      <trkpt lat="37.492639040574431" lon="-83.830492040142417" />
      <trkpt lat="37.492996025830507" lon="-83.830348961055279" />
      <trkpt lat="37.493130974471569" lon="-83.830279977992177" />
      <trkpt lat="37.493227031081915" lon="-83.83021904155612" />
      <trkpt lat="37.493381006643176" lon="-83.830067999660969" />
      <trkpt lat="37.493614023551345" lon="-83.829810004681349" />
      <trkpt lat="37.493679989129305" lon="-83.829699028283358" />
      <trkpt lat="37.493776967749" lon="-83.829495012760162" />
      <trkpt lat="37.493984000757337" lon="-83.828938035294414" />
      <trkpt lat="37.494079973548651" lon="-83.828577026724815" />
      <trkpt lat="37.494168989360332" lon="-83.828109987080097" />
      <trkpt lat="37.494262028485537" lon="-83.827518979087472" />
      <trkpt lat="37.494284994900227" lon="-83.827129974961281" />
      <trkpt lat="37.494281977415085" lon="-83.826606022194028" />
      <trkpt lat="37.494252976030111" lon="-83.826103024184704" />
      <trkpt lat="37.494209976866841" lon="-83.825582005083561" />
      <trkpt lat="37.49416396021843" lon="-83.825247986242175" />
      <trkpt lat="37.494042003527284" lon="-83.823507986962795" />
      <trkpt lat="37.49401300214231" lon="-83.823210010305047" />
      <trkpt lat="37.494030017405748" lon="-83.822510959580541" />
      <trkpt lat="37.49407603405416" lon="-83.822105024009943" />
      <trkpt lat="37.494134036824107" lon="-83.821688024327159" />
      <trkpt lat="37.494172006845474" lon="-83.821492977440357" />
      <trkpt lat="37.494192961603403" lon="-83.821380995213985" />
      <trkpt lat="37.494237972423434" lon="-83.821178991347551" />
      <trkpt lat="37.494295975193381" lon="-83.82098201662302" />
      <trkpt lat="37.49457199126482" lon="-83.820262011140585" />
      <trkpt lat="37.494711969047785" lon="-83.819818021729589" />
      <trkpt lat="37.494883965700865" lon="-83.819362968206406" />
      <trkpt lat="37.494949009269476" lon="-83.819192983210087" />
      <trkpt lat="37.494996031746268" lon="-83.819009000435472" />
      <trkpt lat="37.495073983445764" lon="-83.818443976342678" />
      <trkpt lat="37.495149001479149" lon="-83.818109035491943" />
      <trkpt lat="37.495261989533901" lon="-83.817799994722009" />
      <trkpt lat="37.495358968153596" lon="-83.817591033875942" />
      <trkpt lat="37.495544040575624" lon="-83.817263972014189" />
      <trkpt lat="37.495702961459756" lon="-83.817017963156104" />
      <trkpt lat="37.495894990861416" lon="-83.816771032288671" />
      <trkpt lat="37.496108980849385" lon="-83.816622002050281" />
      <trkpt lat="37.496280977502465" lon="-83.816532986238599" />
      <trkpt lat="37.496605021879077" lon="-83.816427960991859" />
      <trkpt lat="37.496772995218635" lon="-83.81638596765697" />
      <trkpt lat="37.496929988265038" lon="-83.816326037049294" />
      <trkpt lat="37.497135009616613" lon="-83.816225035116076" />
      <trkpt lat="37.49759903177619" lon="-83.81606200709939" />
      <trkpt lat="37.497875969856977" lon="-83.815971985459328" />
      <trkpt lat="37.4985880125314" lon="-83.815623968839645" />
      <trkpt lat="37.498950026929379" lon="-83.815431017428637" />
      <trkpt lat="37.499225959181786" lon="-83.815246028825641" />
      <trkpt lat="37.49972702935338" lon="-83.814935982227325" />
      <trkpt lat="37.499912017956376" lon="-83.814800027757883" />
      <trkpt lat="37.500074040144682" lon="-83.814626019448042" />
      <trkpt lat="37.500183004885912" lon="-83.814485035836697" />
      <trkpt lat="37.500244025141001" lon="-83.814383028075099" />
      <trkpt lat="37.50037101097405" lon="-83.814067030325532" />
      <trkpt lat="37.500595981255174" lon="-83.813243005424738" />
      <trkpt lat="37.500649960711598" lon="-83.813004959374666" />
      <trkpt lat="37.500713998451829" lon="-83.812653003260493" />
      <trkpt lat="37.50075900927186" lon="-83.812373969703913" />
      <trkpt lat="37.5008640345186" lon="-83.811710961163044" />
      <trkpt lat="37.501013986766338" lon="-83.811157001182437" />
      <trkpt lat="37.501223031431437" lon="-83.810229962691665" />
      <trkpt lat="37.501244992017746" lon="-83.810088979080319" />
      <trkpt lat="37.501248009502888" lon="-83.809941038489342" />
      <trkpt lat="37.501311041414738" lon="-83.809882029891014" />
      <trkpt lat="37.501354040578008" lon="-83.809829978272319" />
      <trkpt lat="37.501427968963981" lon="-83.809712966904044" />
      <trkpt lat="37.501551015302539" lon="-83.809435022994876" />
      <trkpt lat="37.501724017783999" lon="-83.809001008048654" />
      <trkpt lat="37.501846980303526" lon="-83.80871401168406" />
      <trkpt lat="37.502009002491832" lon="-83.808365995064378" />
      <trkpt lat="37.502448968589306" lon="-83.807464018464088" />
      <trkpt lat="37.502594981342554" lon="-83.80720904096961" />
      <trkpt lat="37.502677962183952" lon="-83.807089012116194" />
      <trkpt lat="37.502783993259072" lon="-83.806970994919538" />
      <trkpt lat="37.502764966338873" lon="-83.80690704099834" />
      <trkpt lat="37.502795979380608" lon="-83.806803021579981" />
      <trkpt lat="37.503059003502131" lon="-83.806412005797029" />
      <trkpt lat="37.503306018188596" lon="-83.806035993620753" />
      <trkpt lat="37.503355974331498" lon="-83.805953012779355" />
      <trkpt lat="37.503409031778574" lon="-83.805867014452815" />
      <trkpt lat="37.50351196154952" lon="-83.805698035284877" />
      <trkpt lat="37.503624027594924" lon="-83.80551497451961" />
      <trkpt lat="37.503822008147836" lon="-83.805235018953681" />
      <trkpt lat="37.503933990374207" lon="-83.805115995928645" />
      <trkpt lat="37.504057958722115" lon="-83.805021028965712" />
      <trkpt lat="37.504201037809253" lon="-83.804937964305282" />
      <trkpt lat="37.504336992278695" lon="-83.804888008162379" />
      <trkpt lat="37.504407986998558" lon="-83.804870992898941" />
      <trkpt lat="37.504616025835276" lon="-83.804882979020476" />
      <trkpt lat="37.504687020555139" lon="-83.804906029254198" />
      <trkpt lat="37.504943003877997" lon="-83.805074002593756" />
      <trkpt lat="37.505096979439259" lon="-83.805267037823796" />
      <trkpt lat="37.505181971937418" lon="-83.805421013385057" />
      <trkpt lat="37.505253972485662" lon="-83.805594015866518" />
      <trkpt lat="37.505303006619215" lon="-83.805784033611417" />
      <trkpt lat="37.505318010225892" lon="-83.805884029716253" />
      <trkpt lat="37.505333013832569" lon="-83.806086033582687" />
      <trkpt lat="37.505326978862286" lon="-83.80628895945847" />
      <trkpt lat="37.505298983305693" lon="-83.806401025503874" />
      <trkpt lat="37.505238968878984" lon="-83.806858006864786" />
      <trkpt lat="37.505238968878984" lon="-83.806947022676468" />
      <trkpt lat="37.505199993029237" lon="-83.807549010962248" />
      <trkpt lat="37.505191024392843" lon="-83.807686977088451" />
      <trkpt lat="37.505157999694347" lon="-83.807899039238691" />
      <trkpt lat="37.505138972774148" lon="-83.808108000084758" />
      <trkpt lat="37.505090022459626" lon="-83.808428021147847" />
      <trkpt lat="37.504984997212887" lon="-83.808968989178538" />
      <trkpt lat="37.504983991384506" lon="-83.809971967712045" />
      <trkpt lat="37.504973011091352" lon="-83.810263993218541" />
      <trkpt lat="37.504988014698029" lon="-83.810463985428214" />
      <trkpt lat="37.504978962242603" lon="-83.810672024264932" />
      <trkpt lat="37.504984997212887" lon="-83.81088500842452" />
      <trkpt lat="37.505030008032918" lon="-83.811319023370743" />
      <trkpt lat="37.505078036338091" lon="-83.811971973627806" />
      <trkpt lat="37.505078036338091" lon="-83.812073981389403" />
      <trkpt lat="37.50512002967298" lon="-83.812365001067519" />
      <trkpt lat="37.505170991644263" lon="-83.812657026574016" />
      <trkpt lat="37.505315998569131" lon="-83.812920972704887" />
      <trkpt lat="37.505422029644251" lon="-83.813048964366317" />
      <trkpt lat="37.505663009360433" lon="-83.813234958797693" />
      <trkpt lat="37.505860989913344" lon="-83.813360016793013" />
      <trkpt lat="37.506027035415173" lon="-83.813424976542592" />
      <trkpt lat="37.506242031231523" lon="-83.813473004847765" />
      <trkpt lat="37.506456021219492" lon="-83.813506029546261" />
      <trkpt lat="37.506627012044191" lon="-83.813501000404358" />
      <trkpt lat="37.50696798786521" lon="-83.813423970714211" />
      <trkpt lat="37.507125986739993" lon="-83.813365967944264" />
      <trkpt lat="37.507402002811432" lon="-83.813324980437756" />
      <trkpt lat="37.507549021393061" lon="-83.813327997922897" />
      <trkpt lat="37.508116979151964" lon="-83.813491025939584" />
      <trkpt lat="37.508520986884832" lon="-83.813568977639079" />
      <trkpt lat="37.508726008236408" lon="-83.81357098929584" />
      <trkpt lat="37.509240992367268" lon="-83.813543999567628" />
      <trkpt lat="37.509442996233702" lon="-83.813581969588995" />
      <trkpt lat="37.509562019258738" lon="-83.813654975965619" />
      <trkpt lat="37.509733010083437" lon="-83.813813980668783" />
      <trkpt lat="37.509776009246707" lon="-83.813881035894156" />
      <trkpt lat="37.509853960946202" lon="-83.814038028940558" />
      <trkpt lat="37.509906012564898" lon="-83.814224023371935" />
      <trkpt lat="37.509936019778252" lon="-83.814416974782944" />
      <trkpt lat="37.509941970929503" lon="-83.814615961164236" />
      <trkpt lat="37.50993400812149" lon="-83.814715035259724" />
      <trkpt lat="37.50989000312984" lon="-83.814906980842352" />
      <trkpt lat="37.509823031723499" lon="-83.815083000808954" />
      <trkpt lat="37.509612981230021" lon="-83.815484996885061" />
      <trkpt lat="37.509539974853396" lon="-83.815652970224619" />
      <trkpt lat="37.509449031203985" lon="-83.815924962982535" />
      <trkpt lat="37.50939697958529" lon="-83.816122021526098" />
      <trkpt lat="37.509318022057414" lon="-83.816539021208882" />
      <trkpt lat="37.509243004024029" lon="-83.817055011168122" />
      <trkpt lat="37.509094979614019" lon="-83.817762024700642" />
      <trkpt lat="37.509085005149245" lon="-83.817971991375089" />
      <trkpt lat="37.509092967957258" lon="-83.81902601569891" />
      <trkpt lat="37.509130015969276" lon="-83.819385012611747" />
      <trkpt lat="37.509157005697489" lon="-83.819557009264827" />
      <trkpt lat="37.509219031780958" lon="-83.819817015901208" />
      <trkpt lat="37.509278962388635" lon="-83.819976020604372" />
      <trkpt lat="37.509327996522188" lon="-83.820064030587673" />
      <trkpt lat="37.509416006505489" lon="-83.820191016420722" />
      <trkpt lat="37.509594038128853" lon="-83.820362007245421" />
      <trkpt lat="37.509867958724499" lon="-83.82053098641336" />
      <trkpt lat="37.510137017816305" lon="-83.82066098973155" />
      <trkpt lat="37.51042895950377" lon="-83.820768026635051" />
      <trkpt lat="37.510765995830297" lon="-83.820837009698153" />
      <trkpt lat="37.51098602078855" lon="-83.820870034396648" />
      <trkpt lat="37.511129016056657" lon="-83.820879003033042" />
      <trkpt lat="37.511445013806224" lon="-83.820859976112843" />
      <trkpt lat="37.511985981836915" lon="-83.820778001099825" />
      <trkpt lat="37.512116990983486" lon="-83.820762997493148" />
      <trkpt lat="37.512476993724704" lon="-83.820722009986639" />
      <trkpt lat="37.512926012277603" lon="-83.820671970024705" />
      <trkpt lat="37.513163974508643" lon="-83.820646991953254" />
      <trkpt lat="37.513773003593087" lon="-83.820503996685147" />
      <trkpt lat="37.514220010489225" lon="-83.820427972823381" />
      <trkpt lat="37.514821998775005" lon="-83.820438031107187" />
      <trkpt lat="37.514998018741608" lon="-83.820481030270457" />
      <trkpt lat="37.51506800763309" lon="-83.820510031655431" />
      <trkpt lat="37.515276968479156" lon="-83.820635005831718" />
      <trkpt lat="37.515416024252772" lon="-83.820699965581298" />
      <trkpt lat="37.515772003680468" lon="-83.820752017199993" />
      <trkpt lat="37.515999991446733" lon="-83.820812031626701" />
      <trkpt lat="37.516138963401318" lon="-83.820873973891139" />
      <trkpt lat="37.516267038881779" lon="-83.820946980267763" />
      <trkpt lat="37.51644498668611" lon="-83.821102967485785" />
      <trkpt lat="37.516557974740863" lon="-83.821221990510821" />
      <trkpt lat="37.516592005267739" lon="-83.821269012987614" />
      <trkpt lat="37.516662999987602" lon="-83.821363979950547" />
      <trkpt lat="37.516869027167559" lon="-83.821684001013637" />
      <trkpt lat="37.51696097664535" lon="-83.821848034858704" />
      <trkpt lat="37.517391974106431" lon="-83.822619002312422" />
      <trkpt lat="37.517608981579542" lon="-83.822971964254975" />
      <trkpt lat="37.517723981291056" lon="-83.823129963129759" />
      <trkpt lat="37.517847027629614" lon="-83.823272958397865" />
      <trkpt lat="37.517978958785534" lon="-83.823394998908043" />
      <trkpt lat="37.5180549826473" lon="-83.823445960879326" />
      <trkpt lat="37.519141025841236" lon="-83.824025988578796" />
      <trkpt lat="37.519274968653917" lon="-83.824087008833885" />
      <trkpt lat="37.519500022754073" lon="-83.824158003553748" />
      <trkpt lat="37.519827000796795" lon="-83.824175018817186" />
      <trkpt lat="37.520012995228171" lon="-83.82414098829031" />
      <trkpt lat="37.520294040441513" lon="-83.824074016883969" />
      <trkpt lat="37.520414991304278" lon="-83.824019031599164" />
      <trkpt lat="37.520626969635487" lon="-83.823899002745748" />
      <trkpt lat="37.52097699791193" lon="-83.823621980845928" />
      <trkpt lat="37.521182019263506" lon="-83.823407990857959" />
      <trkpt lat="37.521645035594702" lon="-83.822746993973851" />
      <trkpt lat="37.522019036114216" lon="-83.822286995127797" />
      <trkpt lat="37.522212993353605" lon="-83.821921041235328" />
      <trkpt lat="37.522477023303509" lon="-83.821499012410641" />
      <trkpt lat="37.522577019408345" lon="-83.821317041292787" />
      <trkpt lat="37.522887988016009" lon="-83.820651015266776" />
      <trkpt lat="37.523004999384284" lon="-83.820364018902183" />
      <trkpt lat="37.523075994104147" lon="-83.82016402669251" />
      <trkpt lat="37.52314799465239" lon="-83.819859009236097" />
      <trkpt lat="37.523170039057732" lon="-83.819646025076509" />
      <trkpt lat="37.523176996037364" lon="-83.819427005946636" />
      <trkpt lat="37.523166015744209" lon="-83.819209998473525" />
      <trkpt lat="37.523112958297133" lon="-83.818815965205431" />
      <trkpt lat="37.523001981899142" lon="-83.818418998271227" />
      <trkpt lat="37.522872984409332" lon="-83.818155974149704" />
      <trkpt lat="37.522711968049407" lon="-83.817929998040199" />
      <trkpt lat="37.522453973069787" lon="-83.81765398196876" />
      <trkpt lat="37.522181980311871" lon="-83.817389030009508" />
      <trkpt lat="37.522023981437087" lon="-83.817271012812853" />
      <trkpt lat="37.521889032796025" lon="-83.817145032808185" />
      <trkpt lat="37.521745031699538" lon="-83.817033972591162" />
      <trkpt lat="37.521613016724586" lon="-83.816916039213538" />
      <trkpt lat="37.521431967616081" lon="-83.816729038953781" />
      <trkpt lat="37.521256031468511" lon="-83.816526029258966" />
      <trkpt lat="37.520966017618775" lon="-83.816136019304395" />
      <trkpt lat="37.520729983225465" lon="-83.81578397937119" />
      <trkpt lat="37.520634010434151" lon="-83.815592033788562" />
      <trkpt lat="37.520543988794088" lon="-83.815343007445335" />
      <trkpt lat="37.520575001835823" lon="-83.815276036038995" />
      <trkpt lat="37.52058899961412" lon="-83.815186014398932" />
      <trkpt lat="37.520577013492584" lon="-83.814905975013971" />
      <trkpt lat="37.520580030977726" lon="-83.814634988084435" />
      <trkpt lat="37.520608026534319" lon="-83.814547983929515" />
      <trkpt lat="37.52063300460577" lon="-83.814522000029683" />
      <trkpt lat="37.520682960748672" lon="-83.814500961452723" />
      <trkpt lat="37.520755967125297" lon="-83.814541026949883" />
      <trkpt lat="37.520838025957346" lon="-83.814638005569577" />
      <trkpt lat="37.520903991535306" lon="-83.81468796171248" />
      <trkpt lat="37.520981021225452" lon="-83.814717968925834" />
      <trkpt lat="37.521181013435125" lon="-83.814764991402626" />
      <trkpt lat="37.521235998719931" lon="-83.814797010272741" />
      <trkpt lat="37.521288972347975" lon="-83.814847972244024" />
      <trkpt lat="37.521602958440781" lon="-83.815190959721804" />
      <trkpt lat="37.521666996181011" lon="-83.815283998847008" />
      <trkpt lat="37.521822983399034" lon="-83.815574012696743" />
      <trkpt lat="37.521970001980662" lon="-83.815796971321106" />
      <trkpt lat="37.522284993901849" lon="-83.816107017919421" />
      <trkpt lat="37.522555980831385" lon="-83.816438019275665" />
      <trkpt lat="37.522677015513182" lon="-83.816539021208882" />
      <trkpt lat="37.522808024659753" lon="-83.816608004271984" />
      <trkpt lat="37.522899974137545" lon="-83.81664396263659" />
      <trkpt lat="37.523260982707143" lon="-83.816628959029913" />
      <trkpt lat="37.523372964933515" lon="-83.816595012322068" />
      <trkpt lat="37.523504979908466" lon="-83.816476995125413" />
      <trkpt lat="37.523654010146856" lon="-83.816393008455634" />
      <trkpt lat="37.523573962971568" lon="-83.816473977640271" />
      <trkpt lat="37.523518977686763" lon="-83.816554024815559" />
      <trkpt lat="37.523478996008635" lon="-83.816644968464971" />
      <trkpt lat="37.523459969088435" lon="-83.816740019246936" />
      <trkpt lat="37.523458041250706" lon="-83.816823000088334" />
      <trkpt lat="37.523486958816648" lon="-83.816957026720047" />
      <trkpt lat="37.523540016263723" lon="-83.81707102060318" />
      <trkpt lat="37.523645963519812" lon="-83.817242011427879" />
      <trkpt lat="37.523914016783237" lon="-83.817620035260916" />
      <trkpt lat="37.524043014273047" lon="-83.817849028855562" />
      <trkpt lat="37.524345014244318" lon="-83.818645980209112" />
      <trkpt lat="37.524464037269354" lon="-83.819003971293569" />
      <trkpt lat="37.524729995056987" lon="-83.820070987567306" />
      <trkpt lat="37.524763019755483" lon="-83.820267962291837" />
      <trkpt lat="37.524777017533779" lon="-83.820474995300174" />
      <trkpt lat="37.524772994220257" lon="-83.820684961974621" />
      <trkpt lat="37.524754973128438" lon="-83.820898029953241" />
      <trkpt lat="37.524718008935452" lon="-83.821103973314166" />
      <trkpt lat="37.524532014504075" lon="-83.821664974093437" />
      <trkpt lat="37.524438975378871" lon="-83.822047021239996" />
      <trkpt lat="37.524396982043982" lon="-83.822338962927461" />
      <trkpt lat="37.524390025064349" lon="-83.822537027299404" />
      <trkpt lat="37.52439396455884" lon="-83.822631994262338" />
      <trkpt lat="37.524407962337136" lon="-83.822726039215922" />
      <trkpt lat="37.524464959278703" lon="-83.822898035869002" />
      <trkpt lat="37.524503013119102" lon="-83.822976993396878" />
      <trkpt lat="37.524764025583863" lon="-83.823407990857959" />
      <trkpt lat="37.524896962568164" lon="-83.823661040514708" />
      <trkpt lat="37.525026965886354" lon="-83.82394703105092" />
      <trkpt lat="37.525129979476333" lon="-83.824233021587133" />
      <trkpt lat="37.525175996124744" lon="-83.824423039332032" />
      <trkpt lat="37.525302981957793" lon="-83.825355023145676" />
      <trkpt lat="37.525346986949444" lon="-83.825767999514937" />
      <trkpt lat="37.525369031354785" lon="-83.826166978105903" />
      <trkpt lat="37.525371965020895" lon="-83.826881032437086" />
      <trkpt lat="37.525365008041263" lon="-83.827086975798011" />
      <trkpt lat="37.525346986949444" lon="-83.827287973836064" />
      <trkpt lat="37.525330977514386" lon="-83.827385036274791" />
      <trkpt lat="37.525282027199864" lon="-83.827576981857419" />
      <trkpt lat="37.525150012224913" lon="-83.827961040660739" />
      <trkpt lat="37.525096032768488" lon="-83.828159021213651" />
      <trkpt lat="37.52507901750505" lon="-83.828261028975248" />
      <trkpt lat="37.525066025555134" lon="-83.828467978164554" />
      <trkpt lat="37.525083962827921" lon="-83.828681968152523" />
      <trkpt lat="37.52512201666832" lon="-83.828895958140492" />
      <trkpt lat="37.525254031643271" lon="-83.829412031918764" />
      <trkpt lat="37.525293007493019" lon="-83.829613029956818" />
      <trkpt lat="37.52531697973609" lon="-83.829814027994871" />
      <trkpt lat="37.52531697973609" lon="-83.829910000786185" />
      <trkpt lat="37.525303987786174" lon="-83.830002034083009" />
      <trkpt lat="37.525250008329749" lon="-83.830176964402199" />
      <trkpt lat="37.525012968108058" lon="-83.830583989620209" />
      <trkpt lat="37.524924036115408" lon="-83.830774007365108" />
      <trkpt lat="37.524769976735115" lon="-83.831155970692635" />
      <trkpt lat="37.524677021428943" lon="-83.831335008144379" />
      <trkpt lat="37.5245669670403" lon="-83.831486972048879" />
      <trkpt lat="37.524234037846327" lon="-83.831849992275238" />
      <trkpt lat="37.524124989286065" lon="-83.831991981714964" />
      <trkpt lat="37.524022981524467" lon="-83.832145035266876" />
      <trkpt lat="37.523945029824972" lon="-83.832307979464531" />
      <trkpt lat="37.523913010954857" lon="-83.832394983619452" />
      <trkpt lat="37.523892978206277" lon="-83.832488022744656" />
      <trkpt lat="37.523885015398264" lon="-83.83258399553597" />
      <trkpt lat="37.523889038711786" lon="-83.832678040489554" />
      <trkpt lat="37.523903958499432" lon="-83.832767978310585" />
      <trkpt lat="37.523928014561534" lon="-83.832849031314254" />
      <trkpt lat="37.5240040384233" lon="-83.832986997440457" />
      <trkpt lat="37.524102022871375" lon="-83.833097973838449" />
      <trkpt lat="37.524275025352836" lon="-83.833263013511896" />
      <trkpt lat="37.524746004492044" lon="-83.83363701403141" />
      <trkpt lat="37.524855975061655" lon="-83.833781015127897" />
      <trkpt lat="37.52503702417016" lon="-83.834142023697495" />
      <trkpt lat="37.52514598891139" lon="-83.834415022283792" />
      <trkpt lat="37.525192005559802" lon="-83.834599005058408" />
      <trkpt lat="37.525225030258298" lon="-83.834889018908143" />
      <trkpt lat="37.525244979187846" lon="-83.835439961403608" />
      <trkpt lat="37.525296024978161" lon="-83.835729975253344" />
      <trkpt lat="37.525352016091347" lon="-83.835927033796906" />
      <trkpt lat="37.525419993326068" lon="-83.836119985207915" />
      <trkpt lat="37.525578998029232" lon="-83.836486022919416" />
      <trkpt lat="37.525709001347423" lon="-83.836734965443611" />
      <trkpt lat="37.525849984958768" lon="-83.836961025372148" />
      <trkpt lat="37.526016030460596" lon="-83.837165962904692" />
      <trkpt lat="37.526612989604473" lon="-83.837752025574446" />
      <trkpt lat="37.526800995692611" lon="-83.837966015562415" />
      <trkpt lat="37.526907026767731" lon="-83.838110016658902" />
      <trkpt lat="37.52694801427424" lon="-83.838188974186778" />
      <trkpt lat="37.526972992345691" lon="-83.838281007483602" />
      <trkpt lat="37.526978021487594" lon="-83.838377986103296" />
      <trkpt lat="37.526963017880917" lon="-83.838469013571739" />
      <trkpt lat="37.526894034817815" lon="-83.838619971647859" />
      <trkpt lat="37.526852963492274" lon="-83.838689038529992" />
      <trkpt lat="37.526803007349372" lon="-83.838748969137669" />
      <trkpt lat="37.526747016236186" lon="-83.838803032413125" />
      <trkpt lat="37.526621958240867" lon="-83.838876960799098" />
      <trkpt lat="37.526394976302981" lon="-83.838934963569045" />
      <trkpt lat="37.526248041540384" lon="-83.838993972167373" />
      <trkpt lat="37.52617402933538" lon="-83.839036971330643" />
      <trkpt lat="37.526041008532047" lon="-83.839153982698917" />
      <trkpt lat="37.525944029912353" lon="-83.839314999058843" />
      <trkpt lat="37.525869011878967" lon="-83.839478027075529" />
      <trkpt lat="37.525745965540409" lon="-83.839796958491206" />
      <trkpt lat="37.525609005242586" lon="-83.840111028403044" />
      <trkpt lat="37.525538010522723" lon="-83.840252012014389" />
      <trkpt lat="37.52544698305428" lon="-83.840495003387332" />
      <trkpt lat="37.52540297806263" lon="-83.840657025575638" />
      <trkpt lat="37.525279009714723" lon="-83.841281980276108" />
      <trkpt lat="37.525256965309381" lon="-83.841454982757568" />
      <trkpt lat="37.525256965309381" lon="-83.841632008552551" />
      <trkpt lat="37.525284038856626" lon="-83.841807022690773" />
      <trkpt lat="37.525328965857625" lon="-83.84199402295053" />
      <trkpt lat="37.525429967790842" lon="-83.842256963253021" />
      <trkpt lat="37.525687040761113" lon="-83.842742023989558" />
      <trkpt lat="37.525884015485644" lon="-83.843060033395886" />
      <trkpt lat="37.525990968570113" lon="-83.843208979815245" />
      <trkpt lat="37.52611099742353" lon="-83.843336971476674" />
      <trkpt lat="37.526176040992141" lon="-83.843389023095369" />
      <trkpt lat="37.526310989633203" lon="-83.843473009765148" />
      <trkpt lat="37.526461025699973" lon="-83.843529000878334" />
      <trkpt lat="37.526673004031181" lon="-83.843583986163139" />
      <trkpt lat="37.526812981814146" lon="-83.843657998368144" />
      <trkpt lat="37.526876013725996" lon="-83.843708960339427" />
      <trkpt lat="37.526981960982084" lon="-83.843841981142759" />
      <trkpt lat="37.527106013149023" lon="-83.844082960858941" />
      <trkpt lat="37.527201985940337" lon="-83.84435897693038" />
      <trkpt lat="37.527240961790085" lon="-83.844553017988801" />
      <trkpt lat="37.527258982881904" lon="-83.84482903406024" />
      <trkpt lat="37.527246996760368" lon="-83.844990972429514" />
      <trkpt lat="37.527226964011788" lon="-83.845061967149377" />
      <trkpt lat="37.527194023132324" lon="-83.845119969919324" />
      <trkpt lat="37.527145994827151" lon="-83.845158023759723" />
      <trkpt lat="37.527093021199107" lon="-83.845178978517652" />
      <trkpt lat="37.526979027315974" lon="-83.84517696686089" />
      <trkpt lat="37.526791021227837" lon="-83.845123993232846" />
      <trkpt lat="37.52658499404788" lon="-83.84508702903986" />
      <trkpt lat="37.526285005733371" lon="-83.845103960484266" />
      <trkpt lat="37.525736996904016" lon="-83.845231030136347" />
      <trkpt lat="37.525659967213869" lon="-83.84526003152132" />
      <trkpt lat="37.525588972494006" lon="-83.845295989885926" />
      <trkpt lat="37.525527030229568" lon="-83.845343012362719" />
      <trkpt lat="37.525475984439254" lon="-83.845401015132666" />
      <trkpt lat="37.525440026074648" lon="-83.845465974882245" />
      <trkpt lat="37.525419993326068" lon="-83.845534035935998" />
      <trkpt lat="37.525413958355784" lon="-83.845609975978732" />
      <trkpt lat="37.525420999154449" lon="-83.845680970698595" />
      <trkpt lat="37.525455029681325" lon="-83.845820026472211" />
      <trkpt lat="37.525583021342754" lon="-83.846091013401747" />
      <trkpt lat="37.525664996355772" lon="-83.846207018941641" />
      <trkpt lat="37.525794999673963" lon="-83.846364011988044" />
      <trkpt lat="37.52583003602922" lon="-83.846429977566004" />
      <trkpt lat="37.525859959423542" lon="-83.846511030569673" />
      <trkpt lat="37.525877980515361" lon="-83.846602980047464" />
      <trkpt lat="37.525880998000503" lon="-83.846801966428757" />
      <trkpt lat="37.525827018544078" lon="-83.847103966400027" />
      <trkpt lat="37.52565803937614" lon="-83.847779966890812" />
      <trkpt lat="37.525519989430904" lon="-83.84852503426373" />
      <trkpt lat="37.525468021631241" lon="-83.848698958754539" />
      <trkpt lat="37.525384034961462" lon="-83.848860980942845" />
      <trkpt lat="37.525287978351116" lon="-83.848992995917797" />
      <trkpt lat="37.525089997798204" lon="-83.849224001169205" />
      <trkpt lat="37.52499301917851" lon="-83.849382000043988" />
      <trkpt lat="37.524915989488363" lon="-83.849562965333462" />
      <trkpt lat="37.524888999760151" lon="-83.849651981145144" />
      <trkpt lat="37.524873996153474" lon="-83.849746026098728" />
      <trkpt lat="37.524866033345461" lon="-83.849841998890042" />
      <trkpt lat="37.524869972839952" lon="-83.850039979442954" />
      <trkpt lat="37.524878019466996" lon="-83.85013704188168" />
      <trkpt lat="37.524922024458647" lon="-83.850312978029251" />
      <trkpt lat="37.525011962279677" lon="-83.850578013807535" />
      <trkpt lat="37.525163004174829" lon="-83.850921001285315" />
      <trkpt lat="37.525347992777824" lon="-83.851375970989466" />
      <trkpt lat="37.525375988334417" lon="-83.85146901011467" />
      <trkpt lat="37.525393003597856" lon="-83.851562971249223" />
      <trkpt lat="37.525397026911378" lon="-83.851657016202807" />
      <trkpt lat="37.525373976677656" lon="-83.851837981492281" />
      <trkpt lat="37.525319997221231" lon="-83.852016013115644" />
      <trkpt lat="37.525241961702704" lon="-83.852184992283583" />
      <trkpt lat="37.525151018053293" lon="-83.852353971451521" />
      <trkpt lat="37.524957982823253" lon="-83.852680027484894" />
      <trkpt lat="37.524891011416912" lon="-83.852846994996071" />
      <trkpt lat="37.524870978668332" lon="-83.852927964180708" />
      <trkpt lat="37.524837031960487" lon="-83.853175984695554" />
      <trkpt lat="37.524771988391876" lon="-83.853967990726233" />
      <trkpt lat="37.524764025583863" lon="-83.854168988764286" />
      <trkpt lat="37.524782968685031" lon="-83.854471994563937" />
      <trkpt lat="37.524855975061655" lon="-83.854770977050066" />
      <trkpt lat="37.525000981986523" lon="-83.855137014761567" />
      <trkpt lat="37.525098966434598" lon="-83.855385035276413" />
      <trkpt lat="37.525113970041275" lon="-83.855543034151196" />
      <trkpt lat="37.525108018890023" lon="-83.855621991679072" />
      <trkpt lat="37.525060996413231" lon="-83.855774961411953" />
      <trkpt lat="37.525020008906722" lon="-83.855843022465706" />
      <trkpt lat="37.524969968944788" lon="-83.855904964730144" />
      <trkpt lat="37.524852035567164" lon="-83.855990041047335" />
      <trkpt lat="37.524187015369534" lon="-83.856343002989888" />
      <trkpt lat="37.523837992921472" lon="-83.856516005471349" />
      <trkpt lat="37.523483019322157" lon="-83.856656989082694" />
      <trkpt lat="37.523191999644041" lon="-83.856728989630938" />
      <trkpt lat="37.522920006886125" lon="-83.856774000450969" />
      <trkpt lat="37.522854041308165" lon="-83.856803001835942" />
      <trkpt lat="37.522643990814686" lon="-83.856861004605889" />
      <trkpt lat="37.522252975031734" lon="-83.857026966288686" />
      <trkpt lat="37.522118026390672" lon="-83.857065020129085" />
      <trkpt lat="37.521971007809043" lon="-83.857067031785846" />
      <trkpt lat="37.521756011992693" lon="-83.857042975723743" />
      <trkpt lat="37.521626008674502" lon="-83.857050016522408" />
      <trkpt lat="37.521614022552967" lon="-83.857051022350788" />
      <trkpt lat="37.521546967327595" lon="-83.857066025957465" />
      <trkpt lat="37.521484019234776" lon="-83.857094021514058" />
      <trkpt lat="37.521124016493559" lon="-83.857333995401859" />
      <trkpt lat="37.520842971280217" lon="-83.857493000105023" />
      <trkpt lat="37.52061003819108" lon="-83.857643036171794" />
      <trkpt lat="37.520393030717969" lon="-83.857816960662603" />
      <trkpt lat="37.520261015743017" lon="-83.857948975637555" />
      <trkpt lat="37.520141992717981" lon="-83.858089037239552" />
      <trkpt lat="37.520035039633512" lon="-83.858251981437206" />
      <trkpt lat="37.519990028813481" lon="-83.858336973935366" />
      <trkpt lat="37.519921967759728" lon="-83.858505031093955" />
      <trkpt lat="37.519830018281937" lon="-83.858794961124659" />
      <trkpt lat="37.519747037440538" lon="-83.85913803242147" />
      <trkpt lat="37.519718036055565" lon="-83.859322015196085" />
      <trkpt lat="37.519706971943378" lon="-83.859509015455842" />
      <trkpt lat="37.519732033833861" lon="-83.859792994335294" />
      <trkpt lat="37.51994501799345" lon="-83.860712992027402" />
      <trkpt lat="37.52003001049161" lon="-83.861197968944907" />
      <trkpt lat="37.520057000219822" lon="-83.861295031383634" />
      <trkpt lat="37.520130006596446" lon="-83.861469961702824" />
      <trkpt lat="37.520176023244858" lon="-83.861539028584957" />
      <trkpt lat="37.520406022667885" lon="-83.861799035221338" />
      <trkpt lat="37.520554969087243" lon="-83.862030962482095" />
      <trkpt lat="37.520657982677221" lon="-83.862239001318812" />
      <trkpt lat="37.520748004317284" lon="-83.862462965771556" />
      <trkpt lat="37.520787985995412" lon="-83.862625993788242" />
      <trkpt lat="37.520797960460186" lon="-83.862709980458021" />
      <trkpt lat="37.520797960460186" lon="-83.862880971282721" />
      <trkpt lat="37.520752027630806" lon="-83.863338958472013" />
      <trkpt lat="37.520748004317284" lon="-83.863626960664988" />
      <trkpt lat="37.520874990150332" lon="-83.865175014361739" />
      <trkpt lat="37.520878007635474" lon="-83.865524958819151" />
      <trkpt lat="37.520860992372036" lon="-83.866073973476887" />
      <trkpt lat="37.520854035392404" lon="-83.866297015920281" />
      <trkpt lat="37.520858980715275" lon="-83.866470018401742" />
      <trkpt lat="37.520896028727293" lon="-83.866730025038123" />
      <trkpt lat="37.521059978753328" lon="-83.867441983893514" />
      <trkpt lat="37.521085040643811" lon="-83.867613980546594" />
      <trkpt lat="37.521094009280205" lon="-83.867783965542912" />
      <trkpt lat="37.521079005673528" lon="-83.867959985509515" />
      <trkpt lat="37.521027037873864" lon="-83.868231978267431" />
      <trkpt lat="37.52095595933497" lon="-83.868517968803644" />
      <trkpt lat="37.520723026245832" lon="-83.86923898011446" />
      <trkpt lat="37.520550023764372" lon="-83.870069039985538" />
      <trkpt lat="37.52048104070127" lon="-83.870253022760153" />
      <trkpt lat="37.520433012396097" lon="-83.870340026915073" />
      <trkpt lat="37.52026503905654" lon="-83.870597016066313" />
      <trkpt lat="37.520089019089937" lon="-83.870831038802862" />
      <trkpt lat="37.519805040210485" lon="-83.871125997975469" />
      <trkpt lat="37.519574034959078" lon="-83.871334958821535" />
      <trkpt lat="37.519439002498984" lon="-83.871488012373447" />
      <trkpt lat="37.519384017214179" lon="-83.871583985164762" />
      <trkpt lat="37.51934202387929" lon="-83.871682975441217" />
      <trkpt lat="37.519241021946073" lon="-83.871992016211152" />
      <trkpt lat="37.519168015569448" lon="-83.87218102812767" />
      <trkpt lat="37.519036000594497" lon="-83.872447991743684" />
      <trkpt lat="37.518927035853267" lon="-83.872601967304945" />
      <trkpt lat="37.518862998113036" lon="-83.872670028358698" />
      <trkpt lat="37.518717991188169" lon="-83.872791985049844" />
      <trkpt lat="37.518382966518402" lon="-83.873007986694574" />
      <trkpt lat="37.518210969865322" lon="-83.873132038861513" />
      <trkpt lat="37.517932020127773" lon="-83.873294983059168" />
      <trkpt lat="37.517535975202918" lon="-83.873487012460828" />
      <trkpt lat="37.5173469632864" lon="-83.873604023829103" />
      <trkpt lat="37.5171759724617" lon="-83.873740984126925" />
      <trkpt lat="37.517100032418966" lon="-83.873816002160311" />
      <trkpt lat="37.516972040757537" lon="-83.873980036005378" />
      <trkpt lat="37.516885036602616" lon="-83.874143986031413" />
      <trkpt lat="37.516805995255709" lon="-83.87433098629117" />
      <trkpt lat="37.516748998314142" lon="-83.874636003747582" />
      <trkpt lat="37.516727037727833" lon="-83.875169008970261" />
      <trkpt lat="37.516697030514479" lon="-83.875391967594624" />
      <trkpt lat="37.516669034957886" lon="-83.875504033640027" />
      <trkpt lat="37.516586976125836" lon="-83.87570695951581" />
      <trkpt lat="37.516505001112819" lon="-83.875864958390594" />
      <trkpt lat="37.516489997506142" lon="-83.875917010009289" />
      <trkpt lat="37.516297968104482" lon="-83.8765640091151" />
      <trkpt lat="37.516267038881779" lon="-83.876688983291388" />
      <trkpt lat="37.516189003363252" lon="-83.876882018521428" />
      <trkpt lat="37.516121026128531" lon="-83.877000035718083" />
      <trkpt lat="37.515965038910508" lon="-83.877249984070659" />
      <trkpt lat="37.515907036140561" lon="-83.877342017367482" />
      <trkpt lat="37.515842998400331" lon="-83.877456011250615" />
      <trkpt lat="37.515789018943906" lon="-83.877576040104032" />
      <trkpt lat="37.515749959275126" lon="-83.877700008451939" />
      <trkpt lat="37.515732022002339" lon="-83.877823976799846" />
      <trkpt lat="37.515724981203675" lon="-83.877952974289656" />
      <trkpt lat="37.515729004517198" lon="-83.878081971779466" />
      <trkpt lat="37.515740990638733" lon="-83.878171993419528" />
      <trkpt lat="37.515793964266777" lon="-83.878453960642219" />
      <trkpt lat="37.515806034207344" lon="-83.878530990332365" />
      <trkpt lat="37.515854984521866" lon="-83.878857968375087" />
      <trkpt lat="37.51586495898664" lon="-83.878986965864897" />
      <trkpt lat="37.515869988128543" lon="-83.87920799665153" />
      <trkpt lat="37.515853978693485" lon="-83.879420980811119" />
      <trkpt lat="37.515846015885472" lon="-83.879488036036491" />
      <trkpt lat="37.51581902615726" lon="-83.879702026024461" />
      <trkpt lat="37.515770997852087" lon="-83.879976030439138" />
      <trkpt lat="37.515732022002339" lon="-83.880246011540294" />
      <trkpt lat="37.515707965940237" lon="-83.880442986264825" />
      <trkpt lat="37.515704026445746" lon="-83.880480034276843" />
      <trkpt lat="37.515695979818702" lon="-83.880694024264812" />
      <trkpt lat="37.515701008960605" lon="-83.880831990391016" />
      <trkpt lat="37.515716012567282" lon="-83.880965011194348" />
      <trkpt lat="37.515726992860436" lon="-83.88103399425745" />
      <trkpt lat="37.515746019780636" lon="-83.881147988140583" />
      <trkpt lat="37.515765968710184" lon="-83.881227029487491" />
      <trkpt lat="37.51579899340868" lon="-83.881361978128552" />
      <trkpt lat="37.515811985358596" lon="-83.881416041404009" />
      <trkpt lat="37.515847021713853" lon="-83.881583008915186" />
      <trkpt lat="37.515891026705503" lon="-83.88176498003304" />
      <trkpt lat="37.515922961756587" lon="-83.881899006664753" />
      <trkpt lat="37.516026981174946" lon="-83.882212992757559" />
      <trkpt lat="37.516040978953242" lon="-83.882264038547873" />
      <trkpt lat="37.516066962853074" lon="-83.882356993854046" />
      <trkpt lat="37.516103005036712" lon="-83.882482973858714" />
      <trkpt lat="37.516214987263083" lon="-83.88288002461195" />
      <trkpt lat="37.516238037496805" lon="-83.882953030988574" />
      <trkpt lat="37.516294028609991" lon="-83.883129972964525" />
      <trkpt lat="37.516397964209318" lon="-83.883437002077699" />
      <trkpt lat="37.516522016376257" lon="-83.883743025362492" />
      <trkpt lat="37.516600973904133" lon="-83.883914016187191" />
      <trkpt lat="37.516837008297443" lon="-83.88436202891171" />
      <trkpt lat="37.516931975260377" lon="-83.884522961452603" />
      <trkpt lat="37.517009004950523" lon="-83.884640978649259" />
      <trkpt lat="37.517034988850355" lon="-83.884680038318038" />
      <trkpt lat="37.51721503213048" lon="-83.884923029690981" />
      <trkpt lat="37.51738803461194" lon="-83.885131990537047" />
      <trkpt lat="37.517631025984883" lon="-83.885381016880274" />
      <trkpt lat="37.517660027369857" lon="-83.885411024093628" />
      <trkpt lat="37.517765974625945" lon="-83.885519988834858" />
      <trkpt lat="37.517964038997889" lon="-83.885704977437854" />
      <trkpt lat="37.518252963200212" lon="-83.885917039588094" />
      <trkpt lat="37.520390013232827" lon="-83.887488981708884" />
      <trkpt lat="37.521692980080843" lon="-83.8886399846524" />
      <trkpt lat="37.522149039432406" lon="-83.889177013188601" />
      <trkpt lat="37.522854963317513" lon="-83.890110002830625" />
      <trkpt lat="37.523191999644041" lon="-83.890521973371506" />
      <trkpt lat="37.523524006828666" lon="-83.890868984162807" />
      <trkpt lat="37.523719975724816" lon="-83.891039974987507" />
      <trkpt lat="37.523907981812954" lon="-83.891180958598852" />
      <trkpt lat="37.524048965424299" lon="-83.89128003269434" />
      <trkpt lat="37.52426203340292" lon="-83.891425961628556" />
      <trkpt lat="37.524532014504075" lon="-83.891595024615526" />
      <trkpt lat="37.525914022698998" lon="-83.892402034252882" />
      <trkpt lat="37.526252986863256" lon="-83.892619963735342" />
      <trkpt lat="37.526574013754725" lon="-83.892836971208453" />
      <trkpt lat="37.526821028441191" lon="-83.892981978133321" />
      <trkpt lat="37.527040969580412" lon="-83.893124973401427" />
      <trkpt lat="37.527216989547014" lon="-83.89319496229291" />
      <trkpt lat="37.527384962886572" lon="-83.89325900003314" />
      <trkpt lat="37.527541033923626" lon="-83.893298981711268" />
      <trkpt lat="37.527719987556338" lon="-83.89332102611661" />
      <trkpt lat="37.527907993644476" lon="-83.89332102611661" />
      <trkpt lat="37.528228014707565" lon="-83.893309039995074" />
      <trkpt lat="37.528370004147291" lon="-83.893251959234476" />
      <trkpt lat="37.528430018573999" lon="-83.893239973112941" />
      <trkpt lat="37.528942991048098" lon="-83.893093038350344" />
      <trkpt lat="37.529113981872797" lon="-83.893051967024803" />
      <trkpt lat="37.529284972697496" lon="-83.893033023923635" />
      <trkpt lat="37.529452024027705" lon="-83.89302296563983" />
      <trkpt lat="37.529622009024024" lon="-83.89302397146821" />
      <trkpt lat="37.529791994020343" lon="-83.893036041408777" />
      <trkpt lat="37.529963990673423" lon="-83.8930659648031" />
      <trkpt lat="37.530145039781928" lon="-83.893111981451511" />
      <trkpt lat="37.530317036435008" lon="-83.893176019191742" />
      <trkpt lat="37.530487021431327" lon="-83.89325900003314" />
      <trkpt lat="37.530654994770885" lon="-83.893353966996074" />
      <trkpt lat="37.530868984758854" lon="-83.893504003062844" />
      <trkpt lat="37.530971998348832" lon="-83.893587989732623" />
      <trkpt lat="37.531048022210598" lon="-83.893656972795725" />
      <trkpt lat="37.531542973592877" lon="-83.894214034080505" />
      <trkpt lat="37.531660990789533" lon="-83.894068021327257" />
      <trkpt lat="37.531837010756135" lon="-83.893833998590708" />
      <trkpt lat="37.531970031559467" lon="-83.893611039966345" />
      <trkpt lat="37.532071033492684" lon="-83.893476007506251" />
      <trkpt lat="37.532183015719056" lon="-83.89336695894599" />
      <trkpt lat="37.532303966581821" lon="-83.8931920286268" />
      <trkpt lat="37.532388037070632" lon="-83.893030006438494" />
      <trkpt lat="37.532564979046583" lon="-83.892643013969064" />
      <trkpt lat="37.532639997079968" lon="-83.892452996224165" />
      <trkpt lat="37.532718032598495" lon="-83.892210004851222" />
      <trkpt lat="37.532764971256256" lon="-83.892045971006155" />
      <trkpt lat="37.532785004004836" lon="-83.891975982114673" />
      <trkpt lat="37.532843006774783" lon="-83.89181999489665" />
      <trkpt lat="37.532885000109673" lon="-83.891773978248239" />
      <trkpt lat="37.532960018143058" lon="-83.891737014055252" />
      <trkpt lat="37.533025983721018" lon="-83.891723016276956" />
      <trkpt lat="37.533105025067925" lon="-83.891727961599827" />
      <trkpt lat="37.533196974545717" lon="-83.891757968813181" />
      <trkpt lat="37.5332669634372" lon="-83.891790993511677" />
      <trkpt lat="37.533318009227514" lon="-83.891770960763097" />
      <trkpt lat="37.533595031127334" lon="-83.891563005745411" />
      <trkpt lat="37.533646998926997" lon="-83.89149896800518" />
      <trkpt lat="37.533693015575409" lon="-83.891439037397504" />
      <trkpt lat="37.533731991425157" lon="-83.891353039070964" />
      <trkpt lat="37.533742971718311" lon="-83.891252959147096" />
      <trkpt lat="37.533764010295272" lon="-83.891167966648936" />
      <trkpt lat="37.533804997801781" lon="-83.891069982200861" />
      <trkpt lat="37.533885966986418" lon="-83.890977026894689" />
      <trkpt lat="37.533979006111622" lon="-83.890935033559799" />
      <trkpt lat="37.534071961417794" lon="-83.890910977497697" />
      <trkpt lat="37.534270025789738" lon="-83.890870995819569" />
      <trkpt lat="37.534451996907592" lon="-83.890798995271325" />
      <trkpt lat="37.534542018547654" lon="-83.890741998329759" />
      <trkpt lat="37.534689959138632" lon="-83.890626998618245" />
      <trkpt lat="37.534846030175686" lon="-83.890472017228603" />
      <trkpt lat="37.534886011853814" lon="-83.890410996973515" />
      <trkpt lat="37.53500796854496" lon="-83.889989973977208" />
      <trkpt lat="37.53509103320539" lon="-83.889890983700752" />
      <trkpt lat="37.535135038197041" lon="-83.88979903422296" />
      <trkpt lat="37.535296976566315" lon="-83.889688979834318" />
      <trkpt lat="37.535425974056125" lon="-83.889555959030986" />
      <trkpt lat="37.535706013441086" lon="-83.889181958511472" />
      <trkpt lat="37.535837022587657" lon="-83.889050027355552" />
      <trkpt lat="37.535969037562609" lon="-83.888966040685773" />
      <trkpt lat="37.536098035052419" lon="-83.888942990452051" />
      <trkpt lat="37.536368016153574" lon="-83.888791026547551" />
      <trkpt lat="37.536628022789955" lon="-83.888589022681117" />
      <trkpt lat="37.53674796782434" lon="-83.888507969677448" />
      <trkpt lat="37.536840001121163" lon="-83.888477040454745" />
      <trkpt lat="37.536990037187934" lon="-83.888390036299825" />
      <trkpt lat="37.537224981933832" lon="-83.888173028826714" />
      <trkpt lat="37.537539973855019" lon="-83.887785030528903" />
      <trkpt lat="37.537705013528466" lon="-83.887528963387012" />
      <trkpt lat="37.537809032946825" lon="-83.88724003918469" />
      <trkpt lat="37.537880027666688" lon="-83.886993024498224" />
      <trkpt lat="37.537876004353166" lon="-83.886840976774693" />
      <trkpt lat="37.537837028503418" lon="-83.886620029807091" />
      <trkpt lat="37.537845997139812" lon="-83.886509975418448" />
      <trkpt lat="37.537862006574869" lon="-83.886445015668869" />
      <trkpt lat="37.537954961881042" lon="-83.88623395934701" />
      <trkpt lat="37.538195019587874" lon="-83.88578100129962" />
      <trkpt lat="37.538320999592543" lon="-83.885635994374752" />
      <trkpt lat="37.538605984300375" lon="-83.885365007445216" />
      <trkpt lat="37.538778986781836" lon="-83.885149005800486" />
      <trkpt lat="37.538879988715053" lon="-83.885068958625197" />
      <trkpt lat="37.538988031446934" lon="-83.885000981390476" />
      <trkpt lat="37.539079980924726" lon="-83.884967034682631" />
      <trkpt lat="37.539135972037911" lon="-83.884930992498994" />
      <trkpt lat="37.539276033639908" lon="-83.884731000289321" />
      <trkpt lat="37.539383992552757" lon="-83.884611977264285" />
      <trkpt lat="37.539466973394156" lon="-83.884540982544422" />
      <trkpt lat="37.539678029716015" lon="-83.88436202891171" />
      <trkpt lat="37.539825970306993" lon="-83.884230013936758" />
      <trkpt lat="37.540078014135361" lon="-83.884056005626917" />
      <trkpt lat="37.540286974981427" lon="-83.883885014802217" />
      <trkpt lat="37.540381019935012" lon="-83.883780995383859" />
      <trkpt lat="37.540629040449858" lon="-83.883550995960832" />
      <trkpt lat="37.540803970769048" lon="-83.883314961567521" />
      <trkpt lat="37.540937997400761" lon="-83.883097032085061" />
      <trkpt lat="37.541113011538982" lon="-83.882711967453361" />
      <trkpt lat="37.541225999593735" lon="-83.882464030757546" />
      <trkpt lat="37.541455999016762" lon="-83.881861958652735" />
      <trkpt lat="37.541634030640125" lon="-83.88135502114892" />
      <trkpt lat="37.541808960959315" lon="-83.880974985659122" />
      <trkpt lat="37.541924966499209" lon="-83.880610959604383" />
      <trkpt lat="37.541970983147621" lon="-83.880424965173006" />
      <trkpt lat="37.541982969269156" lon="-83.880048030987382" />
      <trkpt lat="37.541975006461143" lon="-83.879931019619107" />
      <trkpt lat="37.541939970105886" lon="-83.879815014079213" />
      <trkpt lat="37.541889008134604" lon="-83.879718035459518" />
      <trkpt lat="37.541771996766329" lon="-83.879603035748005" />
      <trkpt lat="37.541501009836793" lon="-83.879463979974389" />
      <trkpt lat="37.54117202013731" lon="-83.879178995266557" />
      <trkpt lat="37.540888041257858" lon="-83.878959976136684" />
      <trkpt lat="37.540705986320972" lon="-83.87851900421083" />
      <trkpt lat="37.540723001584411" lon="-83.878131005913019" />
      <trkpt lat="37.540865996852517" lon="-83.877964960411191" />
      <trkpt lat="37.541028019040823" lon="-83.877906035631895" />
      <trkpt lat="37.541105970740318" lon="-83.877976024523377" />
      <trkpt lat="37.541332030668855" lon="-83.878024974837899" />
      <trkpt lat="37.541561024263501" lon="-83.877927996218204" />
      <trkpt lat="37.541752969846129" lon="-83.877758011221886" />
      <trkpt lat="37.54213803447783" lon="-83.877463974058628" />
      <trkpt lat="37.542295027524233" lon="-83.87729499489069" />
      <trkpt lat="37.542412038892508" lon="-83.877033982425928" />
      <trkpt lat="37.542431987822056" lon="-83.876731982454658" />
      <trkpt lat="37.542535001412034" lon="-83.876434005796909" />
      <trkpt lat="37.542800037190318" lon="-83.876180034130812" />
      <trkpt lat="37.543087033554912" lon="-83.876178022474051" />
      <trkpt lat="37.543349973857403" lon="-83.876256980001926" />
      <trkpt lat="37.543668989092112" lon="-83.876310037449002" />
      <trkpt lat="37.54402999766171" lon="-83.876391006633639" />
      <trkpt lat="37.544466024264693" lon="-83.876540958881378" />
      <trkpt lat="37.544819992035627" lon="-83.876757966354489" />
      <trkpt lat="37.545154010877013" lon="-83.876976985484362" />
      <trkpt lat="37.545552989467978" lon="-83.876933986321092" />
      <trkpt lat="37.545838980004191" lon="-83.876603990793228" />
      <trkpt lat="37.546038972213864" lon="-83.876175004988909" />
      <trkpt lat="37.546425964683294" lon="-83.875807039439678" />
      <trkpt lat="37.546656969934702" lon="-83.875666977837682" />
      <trkpt lat="37.546936003491282" lon="-83.875350980088115" />
      <trkpt lat="37.547283014282584" lon="-83.874911013990641" />
      <trkpt lat="37.547721974551678" lon="-83.874746980145574" />
      <trkpt lat="37.548336032778025" lon="-83.874906990677118" />
      <trkpt lat="37.548743980005383" lon="-83.875287026166916" />
      <trkpt lat="37.549027036875486" lon="-83.875858001410961" />
      <trkpt lat="37.549288971349597" lon="-83.876617988571525" />
      <trkpt lat="37.549511007964611" lon="-83.877139007672668" />
      <trkpt lat="37.549772020429373" lon="-83.877481995150447" />
      <trkpt lat="37.550147026777267" lon="-83.877736972644925" />
      <trkpt lat="37.550324974581599" lon="-83.877857001498342" />
      <trkpt lat="37.550506023690104" lon="-83.877869993448257" />
      <trkpt lat="37.55077701061964" lon="-83.877668995410204" />
      <trkpt lat="37.551079010590911" lon="-83.877390967682004" />
      <trkpt lat="37.551603969186544" lon="-83.876947984099388" />
      <trkpt lat="37.551990961655974" lon="-83.876664005219936" />
      <trkpt lat="37.552338978275657" lon="-83.876450015231967" />
      <trkpt lat="37.55251700989902" lon="-83.876259997487068" />
      <trkpt lat="37.552929986268282" lon="-83.875753981992602" />
      <trkpt lat="37.55309795960784" lon="-83.875490035861731" />
      <trkpt lat="37.55309896543622" lon="-83.875255007296801" />
      <trkpt lat="37.553154034540057" lon="-83.875141013413668" />
      <trkpt lat="37.553296023979783" lon="-83.874959964305162" />
      <trkpt lat="37.553851995617151" lon="-83.874413967132568" />
      <trkpt lat="37.554462030529976" lon="-83.874311959370971" />
      <trkpt lat="37.554961005225778" lon="-83.874289998784661" />
      <trkpt lat="37.555692996829748" lon="-83.874301984906197" />
      <trkpt lat="37.555893994867802" lon="-83.874182039871812" />
      <trkpt lat="37.556034978479147" lon="-83.874056981876493" />
      <trkpt lat="37.556250980123878" lon="-83.873903006315231" />
      <trkpt lat="37.556394981220365" lon="-83.873659009113908" />
      <trkpt lat="37.55662196315825" lon="-83.87340696528554" />
      <trkpt lat="37.556804018095136" lon="-83.873100019991398" />
      <trkpt lat="37.557036029174924" lon="-83.872871026396751" />
      <trkpt lat="37.55730701610446" lon="-83.872643038630486" />
      <trkpt lat="37.55748001858592" lon="-83.872360987588763" />
      <trkpt lat="37.557699037715793" lon="-83.871984975412488" />
      <trkpt lat="37.557874973863363" lon="-83.871656991541386" />
      <trkpt lat="37.557843960821629" lon="-83.871391033753753" />
      <trkpt lat="37.557905986905098" lon="-83.870894992724061" />
      <trkpt lat="37.558127017691731" lon="-83.870347989723086" />
      <trkpt lat="37.558376966044307" lon="-83.869954962283373" />
      <trkpt lat="37.558735962957144" lon="-83.869581967592239" />
      <trkpt lat="37.559008039534092" lon="-83.869419023394585" />
      <trkpt lat="37.559324037283659" lon="-83.869394967332482" />
      <trkpt lat="37.559614973142743" lon="-83.869361020624638" />
      <trkpt lat="37.559830974787474" lon="-83.869483983144164" />
      <trkpt lat="37.560130963101983" lon="-83.869584985077381" />
      <trkpt lat="37.560463976114988" lon="-83.869540980085731" />
      <trkpt lat="37.560663968324661" lon="-83.869470991194248" />
      <trkpt lat="37.560841999948025" lon="-83.869432015344501" />
      <trkpt lat="37.560933027416468" lon="-83.869321960955858" />
      <trkpt lat="37.560998992994428" lon="-83.869185000658035" />
      <trkpt lat="37.560999998822808" lon="-83.869025995954871" />
      <trkpt lat="37.560920035466552" lon="-83.868830027058721" />
      <trkpt lat="37.56087401881814" lon="-83.868300961330533" />
      <trkpt lat="37.560838982462883" lon="-83.867853032425046" />
      <trkpt lat="37.560776034370065" lon="-83.867590008303523" />
      <trkpt lat="37.560629015788436" lon="-83.867438966408372" />
      <trkpt lat="37.560443021357059" lon="-83.86726001277566" />
      <trkpt lat="37.560167005285621" lon="-83.866782998666167" />
      <trkpt lat="37.560012023895979" lon="-83.866515029221773" />
      <trkpt lat="37.559980005025864" lon="-83.86627203784883" />
      <trkpt lat="37.560046976432204" lon="-83.865763004869223" />
      <trkpt lat="37.560062985867262" lon="-83.865016009658575" />
      <trkpt lat="37.560104979202151" lon="-83.86474996805191" />
      <trkpt lat="37.560105985030532" lon="-83.864530026912689" />
      <trkpt lat="37.560221990570426" lon="-83.864337997511029" />
      <trkpt lat="37.560548968613148" lon="-83.86410397477448" />
      <trkpt lat="37.560916012153029" lon="-83.863981012254953" />
      <trkpt lat="37.561251036822796" lon="-83.86393298394978" />
      <trkpt lat="37.561490004882216" lon="-83.86375998146832" />
      <trkpt lat="37.561635011807084" lon="-83.863506009802222" />
      <trkpt lat="37.561774989590049" lon="-83.863226976245642" />
      <trkpt lat="37.561789993196726" lon="-83.862881977111101" />
      <trkpt lat="37.561726039275527" lon="-83.862574025988579" />
      <trkpt lat="37.561660995706916" lon="-83.862299015745521" />
      <trkpt lat="37.561656972393394" lon="-83.861912023276091" />
      <trkpt lat="37.561712963506579" lon="-83.861514972522855" />
      <trkpt lat="37.561879009008408" lon="-83.861138038337231" />
      <trkpt lat="37.562057040631771" lon="-83.860898986458778" />
      <trkpt lat="37.562182014808059" lon="-83.860694970935583" />
      <trkpt lat="37.562344959005713" lon="-83.860448962077498" />
      <trkpt lat="37.562385024502873" lon="-83.860209994018078" />
      <trkpt lat="37.562346970662475" lon="-83.859927020967007" />
      <trkpt lat="37.562348982319236" lon="-83.859629966318607" />
      <trkpt lat="37.562244040891528" lon="-83.859315980225801" />
      <trkpt lat="37.562198024243116" lon="-83.859115988016129" />
      <trkpt lat="37.562162987887859" lon="-83.858895963057876" />
      <trkpt lat="37.562157958745956" lon="-83.858570996671915" />
      <trkpt lat="37.56218696013093" lon="-83.858241001144052" />
      <trkpt lat="37.562231970950961" lon="-83.85787202976644" />
      <trkpt lat="37.562277987599373" lon="-83.85770196095109" />
      <trkpt lat="37.562341019511223" lon="-83.857554020360112" />
      <trkpt lat="37.562420982867479" lon="-83.85742200538516" />
      <trkpt lat="37.56248602643609" lon="-83.857350004836917" />
      <trkpt lat="37.562530031427741" lon="-83.857299964874983" />
      <trkpt lat="37.562650982290506" lon="-83.857202986255288" />
      <trkpt lat="37.562835970893502" lon="-83.857103995978832" />
      <trkpt lat="37.563326982781291" lon="-83.856893023476005" />
      <trkpt lat="37.563677011057734" lon="-83.856717003509402" />
      <trkpt lat="37.563972976058722" lon="-83.856522040441632" />
      <trkpt lat="37.564171040430665" lon="-83.856330011039972" />
      <trkpt lat="37.564305989071727" lon="-83.856147034093738" />
      <trkpt lat="37.564352005720139" lon="-83.856005966663361" />
      <trkpt lat="37.564366003498435" lon="-83.855885015800595" />
      <trkpt lat="37.564357034862041" lon="-83.855751994997263" />
      <trkpt lat="37.564308000728488" lon="-83.855591984465718" />
      <trkpt lat="37.56418596021831" lon="-83.855346981436014" />
      <trkpt lat="37.56409602239728" lon="-83.855098960921168" />
      <trkpt lat="37.564087975770235" lon="-83.855025032535195" />
      <trkpt lat="37.56409996189177" lon="-83.854867033660412" />
      <trkpt lat="37.564116977155209" lon="-83.854786986485124" />
      <trkpt lat="37.564137009903789" lon="-83.854725966230035" />
      <trkpt lat="37.564215967431664" lon="-83.854493033140898" />
      <trkpt lat="37.56435502320528" lon="-83.854201007634401" />
      <trkpt lat="37.564598014578223" lon="-83.853888027369976" />
      <trkpt lat="37.564704967662692" lon="-83.853776967152953" />
      <trkpt lat="37.564824996516109" lon="-83.853671019896865" />
      <trkpt lat="37.565176030620933" lon="-83.853415958583355" />
      <trkpt lat="37.565476018935442" lon="-83.853132985532284" />
      <trkpt lat="37.56566503085196" lon="-83.852921007201076" />
      <trkpt lat="37.565821018069983" lon="-83.852682039141655" />
      <trkpt lat="37.565895030274987" lon="-83.852495038881898" />
      <trkpt lat="37.565912967547774" lon="-83.852299991995096" />
      <trkpt lat="37.565896036103368" lon="-83.852086002007127" />
      <trkpt lat="37.565797967836261" lon="-83.851789031177759" />
      <trkpt lat="37.565661007538438" lon="-83.851526007056236" />
      <trkpt lat="37.56555799394846" lon="-83.851364990696311" />
      <trkpt lat="37.56510796956718" lon="-83.850749004632235" />
      <trkpt lat="37.565010990947485" lon="-83.850597962737083" />
      <trkpt lat="37.564927004277706" lon="-83.85043803602457" />
      <trkpt lat="37.56489297375083" lon="-83.850352959707379" />
      <trkpt lat="37.564841005951166" lon="-83.850175011903048" />
      <trkpt lat="37.564842011779547" lon="-83.849992034956813" />
      <trkpt lat="37.564875958487391" lon="-83.849806962534785" />
      <trkpt lat="37.564967991784215" lon="-83.849521977826953" />
      <trkpt lat="37.565035969018936" lon="-83.849219977855682" />
      <trkpt lat="37.565048960968852" lon="-83.849110007286072" />
      <trkpt lat="37.565048038959503" lon="-83.84900095872581" />
      <trkpt lat="37.565013002604246" lon="-83.848790992051363" />
      <trkpt lat="37.564874030649662" lon="-83.848358988761902" />
      <trkpt lat="37.564835976809263" lon="-83.848196966573596" />
      <trkpt lat="37.564821979030967" lon="-83.848113985732198" />
      <trkpt lat="37.564823990687728" lon="-83.847926985472441" />
      <trkpt lat="37.564938990399241" lon="-83.847096003592014" />
      <trkpt lat="37.56499900482595" lon="-83.846329981461167" />
      <trkpt lat="37.565016020089388" lon="-83.846208024770021" />
      <trkpt lat="37.565091038122773" lon="-83.845885992050171" />
      <trkpt lat="37.565198997035623" lon="-83.84571198374033" />
      <trkpt lat="37.565245013684034" lon="-83.845654986798763" />
      <trkpt lat="37.565389014780521" lon="-83.845578962936997" />
      <trkpt lat="37.565606022253633" lon="-83.845590027049184" />
      <trkpt lat="37.565895030274987" lon="-83.845688011497259" />
      <trkpt lat="37.566122012212873" lon="-83.845747020095587" />
      <trkpt lat="37.566277999430895" lon="-83.845756994560361" />
      <trkpt lat="37.566443039104342" lon="-83.845748025923967" />
      <trkpt lat="37.56706397049129" lon="-83.845662027597427" />
      <trkpt lat="37.567331017926335" lon="-83.845610981807113" />
      <trkpt lat="37.567410981282592" lon="-83.845578962936997" />
      <trkpt lat="37.567487005144358" lon="-83.845534035935998" />
      <trkpt lat="37.567552970722318" lon="-83.845476033166051" />
      <trkpt lat="37.567659001797438" lon="-83.845328008756042" />
      <trkpt lat="37.567695965990424" lon="-83.845242010429502" />
      <trkpt lat="37.567765032872558" lon="-83.845017040148377" />
      <trkpt lat="37.567811971530318" lon="-83.844740018248558" />
      <trkpt lat="37.567804008722305" lon="-83.844373980537057" />
      <trkpt lat="37.567766960710287" lon="-83.844023030251265" />
      <trkpt lat="37.567700995132327" lon="-83.843556996434927" />
      <trkpt lat="37.567641986533999" lon="-83.843291960656643" />
      <trkpt lat="37.567628994584084" lon="-83.84319799952209" />
      <trkpt lat="37.567565040662885" lon="-83.842951990664005" />
      <trkpt lat="37.567535033449531" lon="-83.842778988182545" />
      <trkpt lat="37.56753402762115" lon="-83.842693995684385" />
      <trkpt lat="37.567537967115641" lon="-83.842604979872704" />
      <trkpt lat="37.567554982379079" lon="-83.842516969889402" />
      <trkpt lat="37.567639974877238" lon="-83.842257969081402" />
      <trkpt lat="37.567746005952358" lon="-83.84186502546072" />
      <trkpt lat="37.567754974588752" lon="-83.841729993000627" />
      <trkpt lat="37.567747011780739" lon="-83.841602001339197" />
      <trkpt lat="37.567613990977407" lon="-83.841302013024688" />
      <trkpt lat="37.567009991034865" lon="-83.84031998924911" />
      <trkpt lat="37.566855009645224" lon="-83.84008102118969" />
      <trkpt lat="37.566642025485635" lon="-83.839784972369671" />
      <trkpt lat="37.566516967490315" lon="-83.839647006243467" />
      <trkpt lat="37.566145984455943" lon="-83.839349029585719" />
      <trkpt lat="37.565845996141434" lon="-83.839154988527298" />
      <trkpt lat="37.565437965095043" lon="-83.838847959414124" />
      <trkpt lat="37.565302010625601" lon="-83.83870898745954" />
      <trkpt lat="37.565081985667348" lon="-83.838420985266566" />
      <trkpt lat="37.565030017867684" lon="-83.838335992768407" />
      <trkpt lat="37.564943013712764" lon="-83.838163996115327" />
      <trkpt lat="37.56489397957921" lon="-83.837986970320344" />
      <trkpt lat="37.564820973202586" lon="-83.837518002837896" />
      <trkpt lat="37.564787026494741" lon="-83.837138973176479" />
      <trkpt lat="37.564737992361188" lon="-83.83685901761055" />
      <trkpt lat="37.564670015126467" lon="-83.836557017639279" />
      <trkpt lat="37.56463598459959" lon="-83.836455009877682" />
      <trkpt lat="37.56459298543632" lon="-83.836355013772845" />
      <trkpt lat="37.564498018473387" lon="-83.836172036826611" />
      <trkpt lat="37.564350999891758" lon="-83.835938014090061" />
      <trkpt lat="37.56422602571547" lon="-83.835811028257012" />
      <trkpt lat="37.56401102989912" lon="-83.835551021620631" />
      <trkpt lat="37.563926037400961" lon="-83.835413977503777" />
      <trkpt lat="37.563865017145872" lon="-83.835262013599277" />
      <trkpt lat="37.563814977183938" lon="-83.834998989477754" />
      <trkpt lat="37.563830986618996" lon="-83.834792962297797" />
      <trkpt lat="37.563923019915819" lon="-83.834490040317178" />
      <trkpt lat="37.564007006585598" lon="-83.83432500064373" />
      <trkpt lat="37.564112031832337" lon="-83.834184017032385" />
      <trkpt lat="37.564174979925156" lon="-83.834125008434057" />
      <trkpt lat="37.564315963536501" lon="-83.83404403924942" />
      <trkpt lat="37.564550992101431" lon="-83.833934990689158" />
      <trkpt lat="37.564717037603259" lon="-83.833877993747592" />
      <trkpt lat="37.565250964835286" lon="-83.833736004307866" />
      <trkpt lat="37.565479958429933" lon="-83.8336599804461" />
      <trkpt lat="37.565623037517071" lon="-83.833582028746605" />
      <trkpt lat="37.56575396284461" lon="-83.833488989621401" />
      <trkpt lat="37.56587902083993" lon="-83.833351023495197" />
      <trkpt lat="37.565934006124735" lon="-83.83327198214829" />
      <trkpt lat="37.566011035814881" lon="-83.833008036017418" />
      <trkpt lat="37.566021010279655" lon="-83.832918014377356" />
      <trkpt lat="37.566012963652611" lon="-83.832764038816094" />
      <trkpt lat="37.565996032208204" lon="-83.832655996084213" />
      <trkpt lat="37.565942974761128" lon="-83.832479976117611" />
      <trkpt lat="37.565839039161801" lon="-83.832344021648169" />
      <trkpt lat="37.565770978108048" lon="-83.832300016656518" />
      <trkpt lat="37.565696965903044" lon="-83.832275960594416" />
      <trkpt lat="37.565549025312066" lon="-83.832269003614783" />
      <trkpt lat="37.565189022570848" lon="-83.83232700638473" />
      <trkpt lat="37.564889034256339" lon="-83.832341004163027" />
      <trkpt lat="37.564810998737812" lon="-83.832323988899589" />
      <trkpt lat="37.564679989591241" lon="-83.83224100805819" />
      <trkpt lat="37.564615029841661" lon="-83.832187028601766" />
      <trkpt lat="37.564288973808289" lon="-83.831821996718645" />
      <trkpt lat="37.564134998247027" lon="-83.831694005057216" />
      <trkpt lat="37.56388396024704" lon="-83.831566013395786" />
      <trkpt lat="37.563296975567937" lon="-83.831335008144379" />
      <trkpt lat="37.563068987801671" lon="-83.831206010654569" />
      <trkpt lat="37.563003022223711" lon="-83.831143984571099" />
      <trkpt lat="37.562886010855436" lon="-83.830989003181458" />
      <trkpt lat="37.562799006700516" lon="-83.830791022628546" />
      <trkpt lat="37.562598008662462" lon="-83.830088032409549" />
      <trkpt lat="37.562456019222736" lon="-83.829731969162822" />
      <trkpt lat="37.562353005632758" lon="-83.829519990831614" />
      <trkpt lat="37.562148990109563" lon="-83.829158982262015" />
      <trkpt lat="37.562046982347965" lon="-83.828999977558851" />
      <trkpt lat="37.561881020665169" lon="-83.828795040026307" />
      <trkpt lat="37.56182000041008" lon="-83.828731002286077" />
      <trkpt lat="37.561678010970354" lon="-83.828614996746182" />
      <trkpt lat="37.561608022078872" lon="-83.8285450078547" />
      <trkpt lat="37.561408029869199" lon="-83.828318025916815" />
      <trkpt lat="37.561238966882229" lon="-83.828084003180265" />
      <trkpt lat="37.561133019626141" lon="-83.827946037054062" />
      <trkpt lat="37.561060013249516" lon="-83.827840005978942" />
      <trkpt lat="37.560906959697604" lon="-83.827649988234043" />
      <trkpt lat="37.560723982751369" lon="-83.827223014086485" />
      <trkpt lat="37.560660028830171" lon="-83.826930988579988" />
      <trkpt lat="37.560562966391444" lon="-83.826583977788687" />
      <trkpt lat="37.560514016076922" lon="-83.826319025829434" />
      <trkpt lat="37.560470011085272" lon="-83.826150968670845" />
      <trkpt lat="37.560456013306975" lon="-83.82596698589623" />
      <trkpt lat="37.560413014143705" lon="-83.825626010075212" />
      <trkpt lat="37.560405973345041" lon="-83.825312023982406" />
      <trkpt lat="37.560385018587112" lon="-83.825062997639179" />
      <trkpt lat="37.560378983616829" lon="-83.824577014893293" />
      <trkpt lat="37.560331039130688" lon="-83.824351960793138" />
      <trkpt lat="37.560236994177103" lon="-83.824122967198491" />
      <trkpt lat="37.560171028599143" lon="-83.824052978307009" />
      <trkpt lat="37.560095004737377" lon="-83.824000004678965" />
      <trkpt lat="37.55926201120019" lon="-83.823939990252256" />
      <trkpt lat="37.559106023982167" lon="-83.823909983038902" />
      <trkpt lat="37.558967974036932" lon="-83.823848040774465" />
      <trkpt lat="37.558842999860644" lon="-83.823746033012867" />
      <trkpt lat="37.558764964342117" lon="-83.823638996109366" />
      <trkpt lat="37.558694975450635" lon="-83.823502035811543" />
      <trkpt lat="37.558668991550803" lon="-83.823420982807875" />
      <trkpt lat="37.558644013479352" lon="-83.823231970891356" />
      <trkpt lat="37.558649964630604" lon="-83.82313197478652" />
      <trkpt lat="37.558665974065661" lon="-83.823032984510064" />
      <trkpt lat="37.558700004592538" lon="-83.82293701171875" />
      <trkpt lat="37.558739986270666" lon="-83.822854030877352" />
      <trkpt lat="37.55878902040422" lon="-83.822779012843966" />
      <trkpt lat="37.558904020115733" lon="-83.822649009525776" />
      <trkpt lat="37.559151034802198" lon="-83.822455974295735" />
      <trkpt lat="37.559206020087004" lon="-83.822412975132465" />
      <trkpt lat="37.559422021731734" lon="-83.822198985144496" />
      <trkpt lat="37.559550013393164" lon="-83.822031011804938" />
      <trkpt lat="37.559708012267947" lon="-83.821780979633331" />
      <trkpt lat="37.559853019192815" lon="-83.821505969390273" />
      <trkpt lat="37.560024010017514" lon="-83.821116965264082" />
      <trkpt lat="37.560190977528691" lon="-83.820571973919868" />
      <trkpt lat="37.560241017490625" lon="-83.820430990308523" />
      <trkpt lat="37.560302037745714" lon="-83.820254970341921" />
      <trkpt lat="37.560383006930351" lon="-83.820056989789009" />
      <trkpt lat="37.560464981943369" lon="-83.819893039762974" />
      <trkpt lat="37.560529019683599" lon="-83.819781979545951" />
      <trkpt lat="37.560588028281927" lon="-83.819692963734269" />
      <trkpt lat="37.560723982751369" lon="-83.819525996223092" />
      <trkpt lat="37.560799000784755" lon="-83.819448966532946" />
      <trkpt lat="37.560956999659538" lon="-83.819314017891884" />
      <trkpt lat="37.561122961342335" lon="-83.819204969331622" />
      <trkpt lat="37.561296969652176" lon="-83.819118971005082" />
      <trkpt lat="37.561391014605761" lon="-83.819089969620109" />
      <trkpt lat="37.561592012643814" lon="-83.8190489821136" />
      <trkpt lat="37.561803990975022" lon="-83.819022998213768" />
      <trkpt lat="37.562022004276514" lon="-83.818977987393737" />
      <trkpt lat="37.562144966796041" lon="-83.818902969360352" />
      <trkpt lat="37.562230965122581" lon="-83.818806996569037" />
      <trkpt lat="37.562309000641108" lon="-83.818675987422466" />
      <trkpt lat="37.562338002026081" lon="-83.81857699714601" />
      <trkpt lat="37.562350993975997" lon="-83.818439031019807" />
      <trkpt lat="37.562324004247785" lon="-83.818219006061554" />
      <trkpt lat="37.562267007306218" lon="-83.818014990538359" />
      <trkpt lat="37.562087969854474" lon="-83.817551974207163" />
      <trkpt lat="37.562052011489868" lon="-83.817422976717353" />
      <trkpt lat="37.562008006498218" lon="-83.817163975909352" />
      <trkpt lat="37.561998032033443" lon="-83.816936993971467" />
      <trkpt lat="37.562051005661488" lon="-83.816425027325749" />
      <trkpt lat="37.562053017318249" lon="-83.816315978765488" />
      <trkpt lat="37.562037007883191" lon="-83.816200979053974" />
      <trkpt lat="37.561952015385032" lon="-83.81597600877285" />
      <trkpt lat="37.561898035928607" lon="-83.815877018496394" />
      <trkpt lat="37.561766020953655" lon="-83.815696975216269" />
      <trkpt lat="37.561351032927632" lon="-83.815176039934158" />
      <trkpt lat="37.561160009354353" lon="-83.814935982227325" />
      <trkpt lat="37.561040986329317" lon="-83.814742024987936" />
      <trkpt lat="37.560994969680905" lon="-83.814631970599294" />
      <trkpt lat="37.560919029638171" lon="-83.814398031681776" />
      <trkpt lat="37.560914000496268" lon="-83.813771987333894" />
      <trkpt lat="37.560892961919308" lon="-83.813651958480477" />
      <trkpt lat="37.560849040746689" lon="-83.813543999567628" />
      <trkpt lat="37.560797994956374" lon="-83.813448026776314" />
      <trkpt lat="37.560750972479582" lon="-83.813387006521225" />
      <trkpt lat="37.560632033273578" lon="-83.813271000981331" />
      <trkpt lat="37.560541005805135" lon="-83.813243005424738" />
      <trkpt lat="37.560450984165072" lon="-83.813250968232751" />
      <trkpt lat="37.560308994725347" lon="-83.813315005972981" />
      <trkpt lat="37.560053011402488" lon="-83.813455989584327" />
      <trkpt lat="37.559854025021195" lon="-83.81352698430419" />
      <trkpt lat="37.559641040861607" lon="-83.813553974032402" />
      <trkpt lat="37.559538027271628" lon="-83.813553974032402" />
      <trkpt lat="37.559343986213207" lon="-83.813535030931234" />
      <trkpt lat="37.559163020923734" lon="-83.8134849909693" />
      <trkpt lat="37.558606965467334" lon="-83.813296984881163" />
      <trkpt lat="37.558528007939458" lon="-83.81324602290988" />
      <trkpt lat="37.558435974642634" lon="-83.813187014311552" />
      <trkpt lat="37.558357017114758" lon="-83.813116019591689" />
      <trkpt lat="37.5582339707762" lon="-83.812957014888525" />
      <trkpt lat="37.55797203630209" lon="-83.812535991892219" />
      <trkpt lat="37.557902969419956" lon="-83.812441024929285" />
      <trkpt lat="37.557769026607275" lon="-83.812285959720612" />
      <trkpt lat="37.557646986097097" lon="-83.812099965289235" />
      <trkpt lat="37.557596024125814" lon="-83.811995023861527" />
      <trkpt lat="37.557516982778907" lon="-83.811774998903275" />
      <trkpt lat="37.557465014979243" lon="-83.81154902279377" />
      <trkpt lat="37.557446993887424" lon="-83.811437040567398" />
      <trkpt lat="37.557441964745522" lon="-83.811327992007136" />
      <trkpt lat="37.557464009150863" lon="-83.810765985399485" />
      <trkpt lat="37.55745998583734" lon="-83.810543026775122" />
      <trkpt lat="37.557395026087761" lon="-83.810330964624882" />
      <trkpt lat="37.5573739875108" lon="-83.810295006260276" />
      <trkpt lat="37.557344986125827" lon="-83.810243038460612" />
      <trkpt lat="37.557208025828004" lon="-83.810117980465293" />
      <trkpt lat="37.556968973949552" lon="-83.809999041259289" />
      <trkpt lat="37.556793037801981" lon="-83.809927040711045" />
      <trkpt lat="37.556560020893812" lon="-83.809770969673991" />
      <trkpt lat="37.556322980672121" lon="-83.809580029919744" />
      <trkpt lat="37.556257015094161" lon="-83.809498976916075" />
      <trkpt lat="37.555956020951271" lon="-83.809044007211924" />
      <trkpt lat="37.55580497905612" lon="-83.808768996968865" />
      <trkpt lat="37.555545978248119" lon="-83.808397008106112" />
      <trkpt lat="37.555176001042128" lon="-83.807900967076421" />
      <trkpt lat="37.555014984682202" lon="-83.807738022878766" />
      <trkpt lat="37.554927980527282" lon="-83.807670967653394" />
      <trkpt lat="37.554837958887219" lon="-83.807624028995633" />
      <trkpt lat="37.554741986095905" lon="-83.807591004297137" />
      <trkpt lat="37.55464400164783" lon="-83.807573989033699" />
      <trkpt lat="37.554546017199755" lon="-83.807571977376938" />
      <trkpt lat="37.554446021094918" lon="-83.807587986811996" />
      <trkpt lat="37.554348958656192" lon="-83.807620005682111" />
      <trkpt lat="37.554167993366718" lon="-83.807713966816664" />
      <trkpt lat="37.554081995040178" lon="-83.807776998728514" />
      <trkpt lat="37.553925001993775" lon="-83.807938015088439" />
      <trkpt lat="37.553629959002137" lon="-83.808336993679404" />
      <trkpt lat="37.553541027009487" lon="-83.808466996997595" />
      <trkpt lat="37.553491992875934" lon="-83.808540003374219" />
      <trkpt lat="37.553309015929699" lon="-83.808834040537477" />
      <trkpt lat="37.55324698984623" lon="-83.808914003893733" />
      <trkpt lat="37.553175995126367" lon="-83.808977035805583" />
      <trkpt lat="37.553014978766441" lon="-83.809069991111755" />
      <trkpt lat="37.552925040945411" lon="-83.809093041345477" />
      <trkpt lat="37.552739968523383" lon="-83.809111984446645" />
      <trkpt lat="37.552650030702353" lon="-83.809096980839968" />
      <trkpt lat="37.552563026547432" lon="-83.80905800499022" />
      <trkpt lat="37.552478034049273" lon="-83.809000002220273" />
      <trkpt lat="37.552398992702365" lon="-83.808926995843649" />
      <trkpt lat="37.552332021296024" lon="-83.808840997517109" />
      <trkpt lat="37.552273012697697" lon="-83.808743013069034" />
      <trkpt lat="37.552220039069653" lon="-83.808636981993914" />
      <trkpt lat="37.552125994116068" lon="-83.808402959257364" />
      <trkpt lat="37.552038989961147" lon="-83.808201039209962" />
      <trkpt lat="37.551926001906395" lon="-83.808000963181257" />
      <trkpt lat="37.551779989153147" lon="-83.807830978184938" />
      <trkpt lat="37.551698014140129" lon="-83.807761995121837" />
      <trkpt lat="37.551516965031624" lon="-83.807651018723845" />
      <trkpt lat="37.551329964771867" lon="-83.807560997083783" />
      <trkpt lat="37.551135001704097" lon="-83.807507017627358" />
      <trkpt lat="37.550609959289432" lon="-83.807410961017013" />
      <trkpt lat="37.550523960962892" lon="-83.80738296546042" />
      <trkpt lat="37.550439974293113" lon="-83.80733703263104" />
      <trkpt lat="37.550292033702135" lon="-83.807190014049411" />
      <trkpt lat="37.550100004300475" lon="-83.806895976886153" />
      <trkpt lat="37.55002599209547" lon="-83.806809978559613" />
      <trkpt lat="37.549946028739214" lon="-83.806734960526228" />
      <trkpt lat="37.549772020429373" lon="-83.806619038805366" />
      <trkpt lat="37.549679987132549" lon="-83.806577967479825" />
      <trkpt lat="37.549490975216031" lon="-83.806524993851781" />
      <trkpt lat="37.548691006377339" lon="-83.806492974981666" />
      <trkpt lat="37.548167975619435" lon="-83.806432960554957" />
      <trkpt lat="37.547948034480214" lon="-83.806384010240436" />
      <trkpt lat="37.547739995643497" lon="-83.806278984993696" />
      <trkpt lat="37.547644022852182" lon="-83.806206984445453" />
      <trkpt lat="37.547555007040501" lon="-83.806122997775674" />
      <trkpt lat="37.547393990680575" lon="-83.805930968374014" />
      <trkpt lat="37.547293994575739" lon="-83.805762995034456" />
      <trkpt lat="37.546917982399464" lon="-83.804996972903609" />
      <trkpt lat="37.546638026833534" lon="-83.804559018462896" />
      <trkpt lat="37.546394029632211" lon="-83.804160039871931" />
      <trkpt lat="37.546236030757427" lon="-83.80392299965024" />
      <trkpt lat="37.546164030209184" lon="-83.803785033524036" />
      <trkpt lat="37.54600795917213" lon="-83.803547993302345" />
      <trkpt lat="37.545847026631236" lon="-83.803323023021221" />
      <trkpt lat="37.545673018321395" lon="-83.803118001669645" />
      <trkpt lat="37.545481994748116" lon="-83.802941981703043" />
      <trkpt lat="37.545377975329757" lon="-83.802871992811561" />
      <trkpt lat="37.545159962028265" lon="-83.802765039727092" />
      <trkpt lat="37.544873971492052" lon="-83.802654985338449" />
      <trkpt lat="37.544732987880707" lon="-83.80259295925498" />
      <trkpt lat="37.544636009261012" lon="-83.802537973970175" />
      <trkpt lat="37.544544981792569" lon="-83.802468990907073" />
      <trkpt lat="37.54446099512279" lon="-83.802387015894055" />
      <trkpt lat="37.544380025938153" lon="-83.802292970940471" />
      <trkpt lat="37.544146003201604" lon="-83.80196800455451" />
      <trkpt lat="37.544056987389922" lon="-83.801862979307771" />
      <trkpt lat="37.543865041807294" lon="-83.801669022068381" />
      <trkpt lat="37.543563963845372" lon="-83.801412032917142" />
      <trkpt lat="37.543399007990956" lon="-83.801199970766902" />
      <trkpt lat="37.543277973309159" lon="-83.800961002707481" />
      <trkpt lat="37.543182000517845" lon="-83.800715999677777" />
      <trkpt lat="37.543102037161589" lon="-83.800474014133215" />
      <trkpt lat="37.543072029948235" lon="-83.800350967794657" />
      <trkpt lat="37.543030958622694" lon="-83.80009800195694" />
      <trkpt lat="37.543006986379623" lon="-83.799836989492178" />
      <trkpt lat="37.54299902357161" lon="-83.799577988684177" />
      <trkpt lat="37.543004974722862" lon="-83.799040038138628" />
      <trkpt lat="37.542991982772946" lon="-83.798907017335296" />
      <trkpt lat="37.542944038286805" lon="-83.79865899682045" />
      <trkpt lat="37.542864996939898" lon="-83.798435032367706" />
      <trkpt lat="37.542810011655092" lon="-83.798331012949347" />
      <trkpt lat="37.542739016935229" lon="-83.798237973824143" />
      <trkpt lat="37.542653018608689" lon="-83.798160022124648" />
      <trkpt lat="37.542554028332233" lon="-83.798105036839843" />
      <trkpt lat="37.542257979512215" lon="-83.798002023249865" />
      <trkpt lat="37.542201988399029" lon="-83.797962963581085" />
      <trkpt lat="37.541780965402722" lon="-83.797528026625514" />
      <trkpt lat="37.541642999276519" lon="-83.797360975295305" />
      <trkpt lat="37.54155901260674" lon="-83.797174980863929" />
      <trkpt lat="37.541439989581704" lon="-83.796716993674636" />
      <trkpt lat="37.541295988485217" lon="-83.796259006485343" />
      <trkpt lat="37.541245026513934" lon="-83.796006040647626" />
      <trkpt lat="37.541216025128961" lon="-83.795732036232948" />
      <trkpt lat="37.541189035400748" lon="-83.795074978843331" />
      <trkpt lat="37.541146958246827" lon="-83.794831987470388" />
      <trkpt lat="37.541114017367363" lon="-83.794714976102114" />
      <trkpt lat="37.541066994890571" lon="-83.794610034674406" />
      <trkpt lat="37.541007986292243" lon="-83.794515989720821" />
      <trkpt lat="37.540941014885902" lon="-83.794435020536184" />
      <trkpt lat="37.540865996852517" lon="-83.794363019987941" />
      <trkpt lat="37.540547987446189" lon="-83.79410401917994" />
      <trkpt lat="37.540472969412804" lon="-83.794030006974936" />
      <trkpt lat="37.540344977751374" lon="-83.793862033635378" />
      <trkpt lat="37.540154960006475" lon="-83.793521979823709" />
      <trkpt lat="37.540065022185445" lon="-83.79324596375227" />
      <trkpt lat="37.540021017193794" lon="-83.79305200651288" />
      <trkpt lat="37.539982041344047" lon="-83.792670965194702" />
      <trkpt lat="37.539993021637201" lon="-83.792280033230782" />
      <trkpt lat="37.539993021637201" lon="-83.792193029075861" />
      <trkpt lat="37.54001397639513" lon="-83.791975015774369" />
      <trkpt lat="37.540094023570418" lon="-83.791639991104603" />
      <trkpt lat="37.540284963324666" lon="-83.791052000597119" />
      <trkpt lat="37.540489984676242" lon="-83.790465015918016" />
      <trkpt lat="37.540518986061215" lon="-83.790342975407839" />
      <trkpt lat="37.540560979396105" lon="-83.790077017620206" />
      <trkpt lat="37.540565002709627" lon="-83.789934022352099" />
      <trkpt lat="37.540542958304286" lon="-83.789638979360461" />
      <trkpt lat="37.540476992726326" lon="-83.789208987727761" />
      <trkpt lat="37.540434999391437" lon="-83.788817971944809" />
      <trkpt lat="37.540437011048198" lon="-83.788695009425282" />
      <trkpt lat="37.540451008826494" lon="-83.788573974743485" />
      <trkpt lat="37.54052896052599" lon="-83.788340035825968" />
      <trkpt lat="37.540668016299605" lon="-83.787983972579241" />
      <trkpt lat="37.54070196300745" lon="-83.787854975089431" />
      <trkpt lat="37.540718978270888" lon="-83.787718014791608" />
      <trkpt lat="37.540715038776398" lon="-83.787577031180263" />
      <trkpt lat="37.540692994371057" lon="-83.787435963749886" />
      <trkpt lat="37.540657036006451" lon="-83.787303026765585" />
      <trkpt lat="37.540603978559375" lon="-83.787179980427027" />
      <trkpt lat="37.540541030466557" lon="-83.787064980715513" />
      <trkpt lat="37.5403540302068" lon="-83.786775972694159" />
      <trkpt lat="37.540244981646538" lon="-83.786589978262782" />
      <trkpt lat="37.540165018290281" lon="-83.78637196496129" />
      <trkpt lat="37.54014004021883" lon="-83.786253025755286" />
      <trkpt lat="37.540126964449883" lon="-83.786129979416728" />
      <trkpt lat="37.540150014683604" lon="-83.785393964499235" />
      <trkpt lat="37.540111960843205" lon="-83.785194978117943" />
      <trkpt lat="37.5400760024786" lon="-83.785110991448164" />
      <trkpt lat="37.540020011365414" lon="-83.785020969808102" />
      <trkpt lat="37.539965026080608" lon="-83.784946035593748" />
      <trkpt lat="37.539896965026855" lon="-83.784875962883234" />
      <trkpt lat="37.539781965315342" lon="-83.784772027283907" />
      <trkpt lat="37.539641987532377" lon="-83.784678988158703" />
      <trkpt lat="37.539520030841231" lon="-83.784616962075233" />
      <trkpt lat="37.539254995062947" lon="-83.784512020647526" />
      <trkpt lat="37.53915298730135" lon="-83.784495005384088" />
      <trkpt lat="37.538655018433928" lon="-83.784476984292269" />
      <trkpt lat="37.538471035659313" lon="-83.784442031756043" />
      <trkpt lat="37.538391994312406" lon="-83.784406995400786" />
      <trkpt lat="37.538323011249304" lon="-83.784360978752375" />
      <trkpt lat="37.53814497962594" lon="-83.784223012626171" />
      <trkpt lat="37.538081025704741" lon="-83.784199040383101" />
      <trkpt lat="37.538009025156498" lon="-83.784191999584436" />
      <trkpt lat="37.53792998380959" lon="-83.784197028726339" />
      <trkpt lat="37.537686992436647" lon="-83.784247990697622" />
      <trkpt lat="37.537596970796585" lon="-83.784293001517653" />
      <trkpt lat="37.537538968026638" lon="-83.784353015944362" />
      <trkpt lat="37.53749999217689" lon="-83.784434990957379" />
      <trkpt lat="37.5374770257622" lon="-83.784567005932331" />
      <trkpt lat="37.537488006055355" lon="-83.784713018685579" />
      <trkpt lat="37.53756201826036" lon="-83.785027004778385" />
      <trkpt lat="37.537561012431979" lon="-83.785117026418447" />
      <trkpt lat="37.53754198551178" lon="-83.785191038623452" />
      <trkpt lat="37.537505021318793" lon="-83.785249041393399" />
      <trkpt lat="37.537453975528479" lon="-83.785283993929625" />
      <trkpt lat="37.537397984415293" lon="-83.785293968394399" />
      <trkpt lat="37.537341993302107" lon="-83.785282988101244" />
      <trkpt lat="37.53728499636054" lon="-83.785254992544651" />
      <trkpt lat="37.537088021636009" lon="-83.785121971741319" />
      <trkpt lat="37.536850981414318" lon="-83.784943018108606" />
      <trkpt lat="37.536227032542229" lon="-83.784429039806128" />
      <trkpt lat="37.536041960120201" lon="-83.784298030659556" />
      <trkpt lat="37.535990998148918" lon="-83.784245979040861" />
      <trkpt lat="37.536270031705499" lon="-83.783966023474932" />
      <trkpt lat="37.536423001438379" lon="-83.78377097658813" />
      <trkpt lat="37.53655401058495" lon="-83.783546006307006" />
      <trkpt lat="37.536647971719503" lon="-83.783298991620541" />
      <trkpt lat="37.536707986146212" lon="-83.783107968047261" />
      <trkpt lat="37.536990959197283" lon="-83.782145977020264" />
      <trkpt lat="37.537010991945863" lon="-83.782076993957162" />
      <trkpt lat="37.537036975845695" lon="-83.781988983973861" />
      <trkpt lat="37.537102019414306" lon="-83.781768037006259" />
      <trkpt lat="37.537164967507124" lon="-83.781538959592581" />
      <trkpt lat="37.537188017740846" lon="-83.781423037871718" />
      <trkpt lat="37.537287008017302" lon="-83.781466959044337" />
      <trkpt lat="37.537364959716797" lon="-83.781493026763201" />
      <trkpt lat="37.537624966353178" lon="-83.781532002612948" />
      <trkpt lat="37.537775002419949" lon="-83.781538959592581" />
      <trkpt lat="37.53792897798121" lon="-83.781524039804935" />
      <trkpt lat="37.538083037361503" lon="-83.781490009278059" />
      <trkpt lat="37.538235001266003" lon="-83.781432006508112" />
      <trkpt lat="37.53861696459353" lon="-83.781261015683413" />
      <trkpt lat="37.539172014221549" lon="-83.780992962419987" />
      <trkpt lat="37.539373012259603" lon="-83.780883997678757" />
      <trkpt lat="37.539579039439559" lon="-83.780795987695456" />
      <trkpt lat="37.539782971143723" lon="-83.780696997419" />
      <trkpt lat="37.540587969124317" lon="-83.780216965824366" />
      <trkpt lat="37.540921987965703" lon="-83.779998030513525" />
      <trkpt lat="37.541436972096562" lon="-83.779766019433737" />
      <trkpt lat="37.542469035834074" lon="-83.779355976730585" />
      <trkpt lat="37.54282702691853" lon="-83.779146010056138" />
      <trkpt lat="37.543058032169938" lon="-83.77895699813962" />
      <trkpt lat="37.543179988861084" lon="-83.778839986771345" />
      <trkpt lat="37.543291971087456" lon="-83.778717024251819" />
      <trkpt lat="37.543400013819337" lon="-83.778582997620106" />
      <trkpt lat="37.543451981619" lon="-83.778512002900243" />
      <trkpt lat="37.543650968000293" lon="-83.778211008757353" />
      <trkpt lat="37.544109961017966" lon="-83.777481028810143" />
      <trkpt lat="37.544199982658029" lon="-83.777316994965076" />
      <trkpt lat="37.544555040076375" lon="-83.776754988357425" />
      <trkpt lat="37.544665010645986" lon="-83.776591038331389" />
      <trkpt lat="37.544857962056994" lon="-83.776332037523389" />
      <trkpt lat="37.54497698508203" lon="-83.776191975921392" />
      <trkpt lat="37.545235985890031" lon="-83.77592702396214" />
      <trkpt lat="37.545924978330731" lon="-83.775295028463006" />
      <trkpt lat="37.54615698941052" lon="-83.775083972141147" />
      <trkpt lat="37.546112984418869" lon="-83.775022029876709" />
      <trkpt lat="37.548083988949656" lon="-83.77332704141736" />
      <trkpt lat="37.548522027209401" lon="-83.772927979007363" />
      <trkpt lat="37.549060983583331" lon="-83.772435961291194" />
      <trkpt lat="37.549089984968305" lon="-83.772409977391362" />
      <trkpt lat="37.549203978851438" lon="-83.772304030135274" />
      <trkpt lat="37.549390979111195" lon="-83.772130021825433" />
      <trkpt lat="37.549457028508186" lon="-83.772031031548977" />
      <trkpt lat="37.549512013792992" lon="-83.772009992972016" />
      <trkpt lat="37.549544032663107" lon="-83.7719970010221" />
      <trkpt lat="37.549620978534222" lon="-83.771937992423773" />
      <trkpt lat="37.549715023487806" lon="-83.771876972168684" />
      <trkpt lat="37.549786018207669" lon="-83.771831961348653" />
      <trkpt lat="37.550053987652063" lon="-83.771783011034131" />
      <trkpt lat="37.550213998183608" lon="-83.771765995770693" />
      <trkpt lat="37.550482973456383" lon="-83.771754009649158" />
      <trkpt lat="37.550527984276414" lon="-83.771753003820777" />
      <trkpt lat="37.551867999136448" lon="-83.771820981055498" />
      <trkpt lat="37.552217021584511" lon="-83.771849982440472" />
      <trkpt lat="37.552441991865635" lon="-83.77184696495533" />
      <trkpt lat="37.552725970745087" lon="-83.771810000762343" />
      <trkpt lat="37.552849017083645" lon="-83.771810000762343" />
      <trkpt lat="37.552908025681973" lon="-83.771829027682543" />
      <trkpt lat="37.552950019016862" lon="-83.771873032674193" />
      <trkpt lat="37.55299000069499" lon="-83.771922988817096" />
      <trkpt lat="37.553043980151415" lon="-83.772001024335623" />
      <trkpt lat="37.553081028163433" lon="-83.772049974650145" />
      <trkpt lat="37.553112041205168" lon="-83.772089034318924" />
      <trkpt lat="37.55313903093338" lon="-83.77214502543211" />
      <trkpt lat="37.553147999569774" lon="-83.772179977968335" />
      <trkpt lat="37.553152022883296" lon="-83.772242004051805" />
      <trkpt lat="37.553151017054915" lon="-83.772276034578681" />
      <trkpt lat="37.553138025105" lon="-83.772337976843119" />
      <trkpt lat="37.553077004849911" lon="-83.772521037608385" />
      <trkpt lat="37.5529670342803" lon="-83.77285597845912" />
      <trkpt lat="37.552897967398167" lon="-83.773101987317204" />
      <trkpt lat="37.552834013476968" lon="-83.77336903475225" />
      <trkpt lat="37.552781961858273" lon="-83.773643961176276" />
      <trkpt lat="37.552752960473299" lon="-83.77386599779129" />
      <trkpt lat="37.552741980180144" lon="-83.774008993059397" />
      <trkpt lat="37.552738962695003" lon="-83.774147965013981" />
      <trkpt lat="37.552742986008525" lon="-83.774281991645694" />
      <trkpt lat="37.552752960473299" lon="-83.774415012449026" />
      <trkpt lat="37.552791014313698" lon="-83.774688011035323" />
      <trkpt lat="37.552833007648587" lon="-83.774902001023293" />
      <trkpt lat="37.552919005975127" lon="-83.775276001542807" />
      <trkpt lat="37.553149005398154" lon="-83.776217959821224" />
      <trkpt lat="37.553318990394473" lon="-83.776867976412177" />
      <trkpt lat="37.553374981507659" lon="-83.777020024135709" />
      <trkpt lat="37.553446982055902" lon="-83.777144998311996" />
      <trkpt lat="37.553492998704314" lon="-83.77719403244555" />
      <trkpt lat="37.553546978160739" lon="-83.777235019952059" />
      <trkpt lat="37.554013011977077" lon="-83.777475999668241" />
      <trkpt lat="37.554138991981745" lon="-83.77754095941782" />
      <trkpt lat="37.554293973371387" lon="-83.777596028521657" />
      <trkpt lat="37.554457001388073" lon="-83.777612037956715" />
      <trkpt lat="37.554608965292573" lon="-83.777590999379754" />
      <trkpt lat="37.554799988865852" lon="-83.777541965246201" />
      <trkpt lat="37.554880036041141" lon="-83.777521010488272" />
      <trkpt lat="37.555122021585703" lon="-83.777446998283267" />
      <trkpt lat="37.555219000205398" lon="-83.777413973584771" />
      <trkpt lat="37.555347997695208" lon="-83.77736896276474" />
      <trkpt lat="37.555459979921579" lon="-83.777353959158063" />
      <trkpt lat="37.555533992126584" lon="-83.777358988299966" />
      <trkpt lat="37.555613033473492" lon="-83.777376003563404" />
      <trkpt lat="37.555671958252788" lon="-83.77741196192801" />
      <trkpt lat="37.555714035406709" lon="-83.777448004111648" />
      <trkpt lat="37.555830040946603" lon="-83.777572978287935" />
      <trkpt lat="37.555856024846435" lon="-83.777595022693276" />
      <trkpt lat="37.555916039273143" lon="-83.777643973007798" />
      <trkpt lat="37.555964989587665" lon="-83.777665011584759" />
      <trkpt lat="37.556065991520882" lon="-83.777698036283255" />
      <trkpt lat="37.556224996224046" lon="-83.777737012133002" />
      <trkpt lat="37.556452983990312" lon="-83.777766013517976" />
      <trkpt lat="37.556530013680458" lon="-83.777766013517976" />
      <trkpt lat="37.556683989241719" lon="-83.777744974941015" />
      <trkpt lat="37.55679496563971" lon="-83.777698958292603" />
      <trkpt lat="37.556902002543211" lon="-83.777641039341688" />
      <trkpt lat="37.55700996145606" lon="-83.777571972459555" />
      <trkpt lat="37.557183969765902" lon="-83.777482034638524" />
      <trkpt lat="37.557340962812304" lon="-83.777427971363068" />
      <trkpt lat="37.557426039129496" lon="-83.77741196192801" />
      <trkpt lat="37.557773971930146" lon="-83.77741196192801" />
      <trkpt lat="37.558346958830953" lon="-83.777430988848209" />
      <trkpt lat="37.558724982663989" lon="-83.777428977191448" />
      <trkpt lat="37.559006027877331" lon="-83.777416991069913" />
      <trkpt lat="37.559307022020221" lon="-83.777385978028178" />
      <trkpt lat="37.559467032551765" lon="-83.777364017441869" />
      <trkpt lat="37.559536015614867" lon="-83.777354964986444" />
      <trkpt lat="37.559745982289314" lon="-83.777292016893625" />
      <trkpt lat="37.55997103638947" lon="-83.77717399969697" />
      <trkpt lat="37.5600990280509" lon="-83.777070986106992" />
      <trkpt lat="37.560222996398807" lon="-83.776956992223859" />
      <trkpt lat="37.560306983068585" lon="-83.776839980855584" />
      <trkpt lat="37.560372026637197" lon="-83.776705032214522" />
      <trkpt lat="37.560432963073254" lon="-83.776560025289655" />
      <trkpt lat="37.560625998303294" lon="-83.776062978431582" />
      <trkpt lat="37.560739992186427" lon="-83.775746980682015" />
      <trkpt lat="37.560775028541684" lon="-83.77564799040556" />
      <trkpt lat="37.560861026868224" lon="-83.775460990145802" />
      <trkpt lat="37.560932021588087" lon="-83.77534800209105" />
      <trkpt lat="37.561010979115963" lon="-83.775247000157833" />
      <trkpt lat="37.561309961602092" lon="-83.774903006851673" />
      <trkpt lat="37.561620008200407" lon="-83.77457401715219" />
      <trkpt lat="37.561701983213425" lon="-83.774496987462044" />
      <trkpt lat="37.561792004853487" lon="-83.774438984692097" />
      <trkpt lat="37.561887977644801" lon="-83.774410989135504" />
      <trkpt lat="37.561988979578018" lon="-83.774408977478743" />
      <trkpt lat="37.562086964026093" lon="-83.7744249869138" />
      <trkpt lat="37.562372032552958" lon="-83.774501010775566" />
      <trkpt lat="37.56246498785913" lon="-83.774520959705114" />
      <trkpt lat="37.562569007277489" lon="-83.774533029645681" />
      <trkpt lat="37.562655005604029" lon="-83.77453101798892" />
      <trkpt lat="37.562755001708865" lon="-83.774514002725482" />
      <trkpt lat="37.562844017520547" lon="-83.774479972198606" />
      <trkpt lat="37.562925992533565" lon="-83.774429010227323" />
      <trkpt lat="37.56300101056695" lon="-83.774362960830331" />
      <trkpt lat="37.56326001137495" lon="-83.774054003879428" />
      <trkpt lat="37.563331006094813" lon="-83.773984014987946" />
      <trkpt lat="37.56341096945107" lon="-83.773915031924844" />
      <trkpt lat="37.563530998304486" lon="-83.773826016113162" />
      <trkpt lat="37.563856970518827" lon="-83.77362803556025" />
      <trkpt lat="37.564001977443695" lon="-83.773530973121524" />
      <trkpt lat="37.564141033217311" lon="-83.773421002551913" />
      <trkpt lat="37.564418977126479" lon="-83.773179017007351" />
      <trkpt lat="37.564719971269369" lon="-83.772885985672474" />
      <trkpt lat="37.564683007076383" lon="-83.772828988730907" />
      <trkpt lat="37.564967991784215" lon="-83.772624973207712" />
      <trkpt lat="37.565101012587547" lon="-83.772496981546283" />
      <trkpt lat="37.565292958170176" lon="-83.772322973236442" />
      <trkpt lat="37.565404018387198" lon="-83.772207973524928" />
      <trkpt lat="37.56545296870172" lon="-83.77214603126049" />
      <trkpt lat="37.565543996170163" lon="-83.772013010457158" />
      <trkpt lat="37.565605016425252" lon="-83.771897004917264" />
      <trkpt lat="37.565653966739774" lon="-83.771776976063848" />
      <trkpt lat="37.565738037228584" lon="-83.771498026326299" />
      <trkpt lat="37.565763015300035" lon="-83.771353019401431" />
      <trkpt lat="37.565787993371487" lon="-83.771139029413462" />
      <trkpt lat="37.565792016685009" lon="-83.771066023036838" />
      <trkpt lat="37.565790005028248" lon="-83.770924033597112" />
      <trkpt lat="37.565775001421571" lon="-83.770787995308638" />
      <trkpt lat="37.565711969509721" lon="-83.770402008667588" />
      <trkpt lat="37.565705012530088" lon="-83.770277034491301" />
      <trkpt lat="37.565715992823243" lon="-83.770152982324362" />
      <trkpt lat="37.565746000036597" lon="-83.770032031461596" />
      <trkpt lat="37.56579696200788" lon="-83.769920971244574" />
      <trkpt lat="37.565863011404872" lon="-83.769824998453259" />
      <trkpt lat="37.565900981426239" lon="-83.769780993461609" />
      <trkpt lat="37.565940041095018" lon="-83.769744029268622" />
      <trkpt lat="37.566028973087668" lon="-83.769680997356772" />
      <trkpt lat="37.566128969192505" lon="-83.769635986536741" />
      <trkpt lat="37.56616098806262" lon="-83.769629029557109" />
      <trkpt lat="37.566231982782483" lon="-83.769612014293671" />
      <trkpt lat="37.566337008029222" lon="-83.76961100846529" />
      <trkpt lat="37.566443961113691" lon="-83.7696329690516" />
      <trkpt lat="37.566499030217528" lon="-83.769649984315038" />
      <trkpt lat="37.566661974415183" lon="-83.769713016226888" />
      <trkpt lat="37.566889962181449" lon="-83.769817035645247" />
      <trkpt lat="37.567125996574759" lon="-83.769942009821534" />
      <trkpt lat="37.567242002114654" lon="-83.770017027854919" />
      <trkpt lat="37.567353984341025" lon="-83.770103026181459" />
      <trkpt lat="37.567458003759384" lon="-83.770201010629535" />
      <trkpt lat="37.567552970722318" lon="-83.770311987027526" />
      <trkpt lat="37.567640980705619" lon="-83.770432015880942" />
      <trkpt lat="37.567721027880907" lon="-83.770561013370752" />
      <trkpt lat="37.567796967923641" lon="-83.770695962011814" />
      <trkpt lat="37.568013975396752" lon="-83.771109022200108" />
      <trkpt lat="37.568086981773376" lon="-83.771240031346679" />
      <trkpt lat="37.568107014521956" lon="-83.771270038560033" />
      <trkpt lat="37.568168034777045" lon="-83.771360982209444" />
      <trkpt lat="37.568260990083218" lon="-83.771465001627803" />
      <trkpt lat="37.568311030045152" lon="-83.771506994962692" />
      <trkpt lat="37.568366015329957" lon="-83.771544964984059" />
      <trkpt lat="37.568421000614762" lon="-83.771572038531303" />
      <trkpt lat="37.568481015041471" lon="-83.771592993289232" />
      <trkpt lat="37.568597020581365" lon="-83.771607996895909" />
      <trkpt lat="37.568710008636117" lon="-83.77158896997571" />
      <trkpt lat="37.568789971992373" lon="-83.771548988297582" />
      <trkpt lat="37.568901032209396" lon="-83.7714599724859" />
      <trkpt lat="37.56897403858602" lon="-83.771357964724302" />
      <trkpt lat="37.569031035527587" lon="-83.771239025518298" />
      <trkpt lat="37.569069005548954" lon="-83.771106004714966" />
      <trkpt lat="37.56908199749887" lon="-83.77096401527524" />
      <trkpt lat="37.569075962528586" lon="-83.770820014178753" />
      <trkpt lat="37.569051990285516" lon="-83.770535029470921" />
      <trkpt lat="37.569046961143613" lon="-83.77038499340415" />
      <trkpt lat="37.569050984457135" lon="-83.770311987027526" />
      <trkpt lat="37.569065988063812" lon="-83.770164968445897" />
      <trkpt lat="37.569093983620405" lon="-83.7700180336833" />
      <trkpt lat="37.569135976955295" lon="-83.769874032586813" />
      <trkpt lat="37.569217029958963" lon="-83.769657025113702" />
      <trkpt lat="37.569280983880162" lon="-83.769511012360454" />
      <trkpt lat="37.569354996085167" lon="-83.769363993778825" />
      <trkpt lat="37.569477036595345" lon="-83.769147992134094" />
      <trkpt lat="37.569509977474809" lon="-83.769093006849289" />
      <trkpt lat="37.569606034085155" lon="-83.768937019631267" />
      <trkpt lat="37.569746011868119" lon="-83.76872998662293" />
      <trkpt lat="37.569889007136226" lon="-83.768527982756495" />
      <trkpt lat="37.570259990170598" lon="-83.768020961433649" />
      <trkpt lat="37.570442967116833" lon="-83.767775958403945" />
      <trkpt lat="37.571119973435998" lon="-83.766869958490133" />
      <trkpt lat="37.571971993893385" lon="-83.765704035758972" />
      <trkpt lat="37.572053968906403" lon="-83.765576966106892" />
      <trkpt lat="37.572127981111407" lon="-83.765445034950972" />
      <trkpt lat="37.572193024680018" lon="-83.765306985005736" />
      <trkpt lat="37.572222026064992" lon="-83.765236996114254" />
      <trkpt lat="37.572268964722753" lon="-83.765088971704245" />
      <trkpt lat="37.572302995249629" lon="-83.764936001971364" />
      <trkpt lat="37.572350017726421" lon="-83.764552026987076" />
      <trkpt lat="37.572372984141111" lon="-83.764410959556699" />
      <trkpt lat="37.572406008839607" lon="-83.76428104005754" />
      <trkpt lat="37.572461999952793" lon="-83.764168974012136" />
      <trkpt lat="37.572530983015895" lon="-83.764080964028835" />
      <trkpt lat="37.572570964694023" lon="-83.764045005664229" />
      <trkpt lat="37.572611030191183" lon="-83.764019021764398" />
      <trkpt lat="37.5727120321244" lon="-83.763978034257889" />
      <trkpt lat="37.572871036827564" lon="-83.763966970145702" />
      <trkpt lat="37.573030963540077" lon="-83.763989014551044" />
      <trkpt lat="37.573367999866605" lon="-83.764054980129004" />
      <trkpt lat="37.573595987632871" lon="-83.764082975685596" />
      <trkpt lat="37.573705958202481" lon="-83.764081969857216" />
      <trkpt lat="37.57385297678411" lon="-83.764062020927668" />
      <trkpt lat="37.573998989537358" lon="-83.764020027592778" />
      <trkpt lat="37.574140978977084" lon="-83.763952972367406" />
      <trkpt lat="37.574281040579081" lon="-83.763866974040866" />
      <trkpt lat="37.574382964521646" lon="-83.76378801651299" />
      <trkpt lat="37.574422024190426" lon="-83.763754991814494" />
      <trkpt lat="37.574553033336997" lon="-83.763640997931361" />
      <trkpt lat="37.574902977794409" lon="-83.763308990746737" />
      <trkpt lat="37.575091989710927" lon="-83.76314596273005" />
      <trkpt lat="37.575327018275857" lon="-83.762962985783815" />
      <trkpt lat="37.575610997155309" lon="-83.762774979695678" />
      <trkpt lat="37.575819035992026" lon="-83.762662997469306" />
      <trkpt lat="37.575951972976327" lon="-83.76260700635612" />
      <trkpt lat="37.576220026239753" lon="-83.762515978887677" />
      <trkpt lat="37.576355980709195" lon="-83.762482032179832" />
      <trkpt lat="37.5765370298177" lon="-83.762446995824575" />
      <trkpt lat="37.576654041185975" lon="-83.762430986389518" />
      <trkpt lat="37.576851015910506" lon="-83.76241103745997" />
      <trkpt lat="37.577028041705489" lon="-83.762407014146447" />
      <trkpt lat="37.57720397785306" lon="-83.762424029409885" />
      <trkpt lat="37.577288970351219" lon="-83.762442972511053" />
      <trkpt lat="37.577374968677759" lon="-83.762469962239265" />
      <trkpt lat="37.577497009187937" lon="-83.762522013857961" />
      <trkpt lat="37.577649978920817" lon="-83.762615974992514" />
      <trkpt lat="37.577790040522814" lon="-83.762738015502691" />
      <trkpt lat="37.577887019142509" lon="-83.76284396275878" />
      <trkpt lat="37.577949967235327" lon="-83.762923004105687" />
      <trkpt lat="37.578038983047009" lon="-83.763052001595497" />
      <trkpt lat="37.57823696359992" lon="-83.76338099129498" />
      <trkpt lat="37.578291026875377" lon="-83.763477969914675" />
      <trkpt lat="37.578365039080381" lon="-83.763630017638206" />
      <trkpt lat="37.578432010486722" lon="-83.763786004856229" />
      <trkpt lat="37.57849202491343" lon="-83.763949032872915" />
      <trkpt lat="37.578591015189886" lon="-83.764280034229159" />
      <trkpt lat="37.578700985759497" lon="-83.764799041673541" />
      <trkpt lat="37.57872898131609" lon="-83.764914041385055" />
      <trkpt lat="37.578777009621263" lon="-83.765086038038135" />
      <trkpt lat="37.578854961320758" lon="-83.765302039682865" />
      <trkpt lat="37.578926961869001" lon="-83.765460038557649" />
      <trkpt lat="37.579013966023922" lon="-83.765604039654136" />
      <trkpt lat="37.579139024019241" lon="-83.765785004943609" />
      <trkpt lat="37.579246982932091" lon="-83.765906961634755" />
      <trkpt lat="37.579400036484003" lon="-83.766042999923229" />
      <trkpt lat="37.579521993175149" lon="-83.766135033220053" />
      <trkpt lat="37.579646967351437" lon="-83.766219019889832" />
      <trkpt lat="37.580109983682632" lon="-83.766510039567947" />
      <trkpt lat="37.580454982817173" lon="-83.766711037606001" />
      <trkpt lat="37.580735022202134" lon="-83.766841040924191" />
      <trkpt lat="37.580879023298621" lon="-83.766896026208997" />
      <trkpt lat="37.581445975229144" lon="-83.767057964578271" />
      <trkpt lat="37.581790974363685" lon="-83.767143040895462" />
      <trkpt lat="37.582397991791368" lon="-83.767314031720161" />
      <trkpt lat="37.582847010344267" lon="-83.767451997846365" />
      <trkpt lat="37.583122020587325" lon="-83.767560040578246" />
      <trkpt lat="37.58319603279233" lon="-83.767594993114471" />
      <trkpt lat="37.583294017240405" lon="-83.767640003934503" />
      <trkpt lat="37.583416979759932" lon="-83.767704963684082" />
      <trkpt lat="37.583737000823021" lon="-83.767891963943839" />
      <trkpt lat="37.583969011902809" lon="-83.768046023324132" />
      <trkpt lat="37.584118964150548" lon="-83.768160017207265" />
      <trkpt lat="37.584413001313806" lon="-83.768405020236969" />
      <trkpt lat="37.584758000448346" lon="-83.768706014379859" />
      <trkpt lat="37.585599962621927" lon="-83.769463989883661" />
      <trkpt lat="37.586154006421566" lon="-83.769941003993154" />
      <trkpt lat="37.586362967267632" lon="-83.770128004252911" />
      <trkpt lat="37.586536975577474" lon="-83.77029899507761" />
      <trkpt lat="37.586633032187819" lon="-83.770407037809491" />
      <trkpt lat="37.58672003634274" lon="-83.770518014207482" />
      <trkpt lat="37.586770998314023" lon="-83.770598983392119" />
      <trkpt lat="37.586902007460594" lon="-83.770851027220488" />
      <trkpt lat="37.587007032707334" lon="-83.771123019978404" />
      <trkpt lat="37.587203001603484" lon="-83.771686032414436" />
      <trkpt lat="37.587272990494967" lon="-83.771874960511923" />
      <trkpt lat="37.587330993264914" lon="-83.772012004628778" />
      <trkpt lat="37.587422020733356" lon="-83.77218802459538" />
      <trkpt lat="37.587546994909644" lon="-83.772394973784685" />
      <trkpt lat="37.587779005989432" lon="-83.772733015939593" />
      <trkpt lat="37.588386023417115" lon="-83.773512030020356" />
      <trkpt lat="37.588534969836473" lon="-83.773718979209661" />
      <trkpt lat="37.588619040325284" lon="-83.773846970871091" />
      <trkpt lat="37.58869900368154" lon="-83.773979991674423" />
      <trkpt lat="37.588771004229784" lon="-83.774120975285769" />
      <trkpt lat="37.588854990899563" lon="-83.774323984980583" />
      <trkpt lat="37.588945012539625" lon="-83.774592960253358" />
      <trkpt lat="37.588987005874515" lon="-83.774764034897089" />
      <trkpt lat="37.58901902474463" lon="-83.774936031550169" />
      <trkpt lat="37.589037967845798" lon="-83.775113979354501" />
      <trkpt lat="37.589047020301223" lon="-83.775296034291387" />
      <trkpt lat="37.589045008644462" lon="-83.775483034551144" />
      <trkpt lat="37.589027993381023" lon="-83.775730971246958" />
      <trkpt lat="37.588892038911581" lon="-83.776790024712682" />
      <trkpt lat="37.588874017819762" lon="-83.776976019144058" />
      <trkpt lat="37.588863037526608" lon="-83.777161007747054" />
      <trkpt lat="37.588863959535956" lon="-83.777342978864908" />
      <trkpt lat="37.588872006163001" lon="-83.777464013546705" />
      <trkpt lat="37.588894972577691" lon="-83.777644978836179" />
      <trkpt lat="37.588925985619426" lon="-83.777823010459542" />
      <trkpt lat="37.588984994217753" lon="-83.77805401571095" />
      <trkpt lat="37.589040985330939" lon="-83.778220983222127" />
      <trkpt lat="37.589109968394041" lon="-83.778388034552336" />
      <trkpt lat="37.589185992255807" lon="-83.77855097874999" />
      <trkpt lat="37.589455973356962" lon="-83.779088007286191" />
      <trkpt lat="37.589502995833755" lon="-83.77919596619904" />
      <trkpt lat="37.589553035795689" lon="-83.77936402335763" />
      <trkpt lat="37.589585976675153" lon="-83.779538031667471" />
      <trkpt lat="37.589593017473817" lon="-83.779596034437418" />
      <trkpt lat="37.58960098028183" lon="-83.779769958928227" />
      <trkpt lat="37.589597040787339" lon="-83.779884958639741" />
      <trkpt lat="37.589553035795689" lon="-83.780393991619349" />
      <trkpt lat="37.589551024138927" lon="-83.780565988272429" />
      <trkpt lat="37.589568961411715" lon="-83.780735973268747" />
      <trkpt lat="37.589614978060126" lon="-83.780895983800292" />
      <trkpt lat="37.589683961123228" lon="-83.781043002381921" />
      <trkpt lat="37.589771971106529" lon="-83.78116998821497" />
      <trkpt lat="37.589872973039746" lon="-83.781280964612961" />
      <trkpt lat="37.589986966922879" lon="-83.781375009566545" />
      <trkpt lat="37.590147983282804" lon="-83.781480034813285" />
      <trkpt lat="37.590529024600983" lon="-83.781701987609267" />
      <trkpt lat="37.59082498960197" lon="-83.781856968998909" />
      <trkpt lat="37.590998997911811" lon="-83.781938022002578" />
      <trkpt lat="37.591137969866395" lon="-83.7819869723171" />
      <trkpt lat="37.591279959306121" lon="-83.782018991187215" />
      <trkpt lat="37.591377021744847" lon="-83.78203097730875" />
      <trkpt lat="37.591524962335825" lon="-83.782031983137131" />
      <trkpt lat="37.591672986745834" lon="-83.782016979530454" />
      <trkpt lat="37.591821011155844" lon="-83.781984960660338" />
      <trkpt lat="37.591967023909092" lon="-83.781938022002578" />
      <trkpt lat="37.59215603582561" lon="-83.781859986484051" />
      <trkpt lat="37.592292996123433" lon="-83.781796032562852" />
      <trkpt lat="37.593089025467634" lon="-83.781392024829984" />
      <trkpt lat="37.593350037932396" lon="-83.781269984319806" />
      <trkpt lat="37.593482974916697" lon="-83.781219022348523" />
      <trkpt lat="37.59361800737679" lon="-83.781181974336505" />
      <trkpt lat="37.593756979331374" lon="-83.781164959073067" />
      <trkpt lat="37.593895029276609" lon="-83.781165964901447" />
      <trkpt lat="37.594034001231194" lon="-83.781189015135169" />
      <trkpt lat="37.594170039519668" lon="-83.781231008470058" />
      <trkpt lat="37.594300964847207" lon="-83.781291022896767" />
      <trkpt lat="37.594425017014146" lon="-83.781366040930152" />
      <trkpt lat="37.594540016725659" lon="-83.781453967094421" />
      <trkpt lat="37.594613023102283" lon="-83.781519010663033" />
      <trkpt lat="37.59497101418674" lon="-83.781872978433967" />
      <trkpt lat="37.595291035249829" lon="-83.782215965911746" />
      <trkpt lat="37.595491027459502" lon="-83.782493993639946" />
      <trkpt lat="37.595578031614423" lon="-83.782647969201207" />
      <trkpt lat="37.595700994133949" lon="-83.782904036343098" />
      <trkpt lat="37.595891011878848" lon="-83.783384989947081" />
      <trkpt lat="37.59598396718502" lon="-83.783580036833882" />
      <trkpt lat="37.596072982996702" lon="-83.783707022666931" />
      <trkpt lat="37.596108019351959" lon="-83.783749016001821" />
      <trkpt lat="37.596258977428079" lon="-83.783872984349728" />
      <trkpt lat="37.596414964646101" lon="-83.783965017646551" />
      <trkpt lat="37.596645969897509" lon="-83.784068031236529" />
      <trkpt lat="37.596773961558938" lon="-83.784109018743038" />
      <trkpt lat="37.596972025930882" lon="-83.784147994592786" />
      <trkpt lat="37.597173023968935" lon="-83.784152017906308" />
      <trkpt lat="37.597322976216674" lon="-83.784143971279263" />
      <trkpt lat="37.597898980602622" lon="-83.784089991822839" />
      <trkpt lat="37.598081035539508" lon="-83.784083034843206" />
      <trkpt lat="37.598299970850348" lon="-83.784098038449883" />
      <trkpt lat="37.59843097999692" lon="-83.784124022349715" />
      <trkpt lat="37.598523013293743" lon="-83.784150006249547" />
      <trkpt lat="37.598608005791903" lon="-83.784180013462901" />
      <trkpt lat="37.598730968311429" lon="-83.784237010404468" />
      <trkpt lat="37.598899025470018" lon="-83.784330971539021" />
      <trkpt lat="37.599064987152815" lon="-83.784431973472238" />
      <trkpt lat="37.599360030144453" lon="-83.784625008702278" />
      <trkpt lat="37.599693965166807" lon="-83.784854002296925" />
      <trkpt lat="37.599814999848604" lon="-83.784946035593748" />
      <trkpt lat="37.599928993731737" lon="-83.785047037526965" />
      <trkpt lat="37.600032007321715" lon="-83.785162037238479" />
      <trkpt lat="37.600124040618539" lon="-83.785289023071527" />
      <trkpt lat="37.600202998146415" lon="-83.785430006682873" />
      <trkpt lat="37.600294025614858" lon="-83.785637961700559" />
      <trkpt lat="37.600331995636225" lon="-83.785741981118917" />
      <trkpt lat="37.600360997021198" lon="-83.785849018022418" />
      <trkpt lat="37.600395027548075" lon="-83.786012968048453" />
      <trkpt lat="37.600416988134384" lon="-83.786227963864803" />
      <trkpt lat="37.600416988134384" lon="-83.786389986053109" />
      <trkpt lat="37.600392010062933" lon="-83.786706989631057" />
      <trkpt lat="37.600385975092649" lon="-83.78686398267746" />
      <trkpt lat="37.600399972870946" lon="-83.787075038999319" />
      <trkpt lat="37.600416988134384" lon="-83.787176962941885" />
      <trkpt lat="37.600441966205835" lon="-83.787276037037373" />
      <trkpt lat="37.600458981469274" lon="-83.787324987351894" />
      <trkpt lat="37.600520001724362" lon="-83.787461025640368" />
      <trkpt lat="37.600596025586128" lon="-83.787582982331514" />
      <trkpt lat="37.600681018084288" lon="-83.787689013406634" />
      <trkpt lat="37.60077103972435" lon="-83.787791021168232" />
      <trkpt lat="37.600963991135359" lon="-83.787986990064383" />
      <trkpt lat="37.601133976131678" lon="-83.788140965625644" />
      <trkpt lat="37.601278983056545" lon="-83.788250014185905" />
      <trkpt lat="37.601503031328321" lon="-83.78838999196887" />
      <trkpt lat="37.601701011881232" lon="-83.788487976416945" />
      <trkpt lat="37.601865967735648" lon="-83.788545979186893" />
      <trkpt lat="37.602001000195742" lon="-83.788573974743485" />
      <trkpt lat="37.603139011189342" lon="-83.78871101886034" />
      <trkpt lat="37.604011986404657" lon="-83.788833981379867" />
      <trkpt lat="37.604712964966893" lon="-83.788918973878026" />
      <trkpt lat="37.605203976854682" lon="-83.788971025496721" />
      <trkpt lat="37.605530032888055" lon="-83.789017964154482" />
      <trkpt lat="37.605667999014258" lon="-83.789058029651642" />
      <trkpt lat="37.605795990675688" lon="-83.789109997451305" />
      <trkpt lat="37.605920964851975" lon="-83.789169006049633" />
      <trkpt lat="37.606041999533772" lon="-83.789243018254638" />
      <trkpt lat="37.606159010902047" lon="-83.789329016581178" />
      <trkpt lat="37.606307035312057" lon="-83.789466982707381" />
      <trkpt lat="37.606377024203539" lon="-83.789547029882669" />
      <trkpt lat="37.606470985338092" lon="-83.789672004058957" />
      <trkpt lat="37.606555977836251" lon="-83.789807958528399" />
      <trkpt lat="37.606608029454947" lon="-83.789905020967126" />
      <trkpt lat="37.606700984761119" lon="-83.79010702483356" />
      <trkpt lat="37.606755970045924" lon="-83.790271980687976" />
      <trkpt lat="37.606799975037575" lon="-83.790441965684295" />
      <trkpt lat="37.606837023049593" lon="-83.790617985650897" />
      <trkpt lat="37.60689502581954" lon="-83.790964996442199" />
      <trkpt lat="37.606931990012527" lon="-83.791135987266898" />
      <trkpt lat="37.606982029974461" lon="-83.791302032768726" />
      <trkpt lat="37.607043972238898" lon="-83.791457014158368" />
      <trkpt lat="37.607128964737058" lon="-83.791600009426475" />
      <trkpt lat="37.607230972498655" lon="-83.79172096028924" />
      <trkpt lat="37.607423001900315" lon="-83.791897986084223" />
      <trkpt lat="37.607503971084952" lon="-83.791960012167692" />
      <trkpt lat="37.608389016240835" lon="-83.79236301407218" />
      <trkpt lat="37.608524970710278" lon="-83.792438032105565" />
      <trkpt lat="37.608708031475544" lon="-83.792566023766994" />
      <trkpt lat="37.608866030350327" lon="-83.792706001549959" />
      <trkpt lat="37.608992010354996" lon="-83.792847990989685" />
      <trkpt lat="37.609073985368013" lon="-83.792961984872818" />
      <trkpt lat="37.609166018664837" lon="-83.793103974312544" />
      <trkpt lat="37.609243970364332" lon="-83.79324303008616" />
      <trkpt lat="37.60934597812593" lon="-83.793421983718872" />
      <trkpt lat="37.609403980895877" lon="-83.793516028672457" />
      <trkpt lat="37.609483022242785" lon="-83.793625999242067" />
      <trkpt lat="37.609533984214067" lon="-83.793689031153917" />
      <trkpt lat="37.609605984762311" lon="-83.793762037530541" />
      <trkpt lat="37.60968997143209" lon="-83.793834038078785" />
      <trkpt lat="37.609760966151953" lon="-83.793887011706829" />
      <trkpt lat="37.609826009720564" lon="-83.793924981728196" />
      <trkpt lat="37.609894992783666" lon="-83.793950965628028" />
      <trkpt lat="37.610058020800352" lon="-83.793995976448059" />
      <trkpt lat="37.610173020511866" lon="-83.79401701502502" />
      <trkpt lat="37.61024602688849" lon="-83.794024977833033" />
      <trkpt lat="37.610392039641738" lon="-83.794015003368258" />
      <trkpt lat="37.610558001324534" lon="-83.793980972841382" />
      <trkpt lat="37.610711976885796" lon="-83.793923975899816" />
      <trkpt lat="37.61087098158896" lon="-83.793840995058417" />
      <trkpt lat="37.611371967941523" lon="-83.793512005358934" />
      <trkpt lat="37.611592998728156" lon="-83.793376972898841" />
      <trkpt lat="37.611742028966546" lon="-83.793298015370965" />
      <trkpt lat="37.611870020627975" lon="-83.793253004550934" />
      <trkpt lat="37.611996000632644" lon="-83.793219979852438" />
      <trkpt lat="37.612076969817281" lon="-83.793205982074142" />
      <trkpt lat="37.612264975905418" lon="-83.793207993730903" />
      <trkpt lat="37.612379975616932" lon="-83.793216962367296" />
      <trkpt lat="37.612707959488034" lon="-83.793291980400681" />
      <trkpt lat="37.612979030236602" lon="-83.793323999270797" />
      <trkpt lat="37.613176004961133" lon="-83.793333973735571" />
      <trkpt lat="37.613276001065969" lon="-83.793327016755939" />
      <trkpt lat="37.613420002162457" lon="-83.793302038684487" />
      <trkpt lat="37.613556962460279" lon="-83.793258033692837" />
      <trkpt lat="37.613622006028891" lon="-83.793230960145593" />
      <trkpt lat="37.613709010183811" lon="-83.793185027316213" />
      <trkpt lat="37.61381302960217" lon="-83.793129958212376" />
      <trkpt lat="37.613933980464935" lon="-83.79305200651288" />
      <trkpt lat="37.61405099183321" lon="-83.792971037328243" />
      <trkpt lat="37.614283002912998" lon="-83.792811026796699" />
      <trkpt lat="37.614556001499295" lon="-83.792638024315238" />
      <trkpt lat="37.614792035892606" lon="-83.792591001838446" />
      <trkpt lat="37.615023963153362" lon="-83.792599970474839" />
      <trkpt lat="37.615181040018797" lon="-83.792666019871831" />
      <trkpt lat="37.615333003923297" lon="-83.792747994884849" />
      <trkpt lat="37.615430988371372" lon="-83.792833993211389" />
      <trkpt lat="37.615582030266523" lon="-83.792992997914553" />
      <trkpt lat="37.61583499610424" lon="-83.793241018429399" />
      <trkpt lat="37.615951001644135" lon="-83.793346965685487" />
      <trkpt lat="37.616126015782356" lon="-83.793498007580638" />
      <trkpt lat="37.616346962749958" lon="-83.793662963435054" />
      <trkpt lat="37.616493981331587" lon="-83.793762037530541" />
      <trkpt lat="37.616970995441079" lon="-83.794049033895135" />
      <trkpt lat="37.617907002568245" lon="-83.794643981382251" />
      <trkpt lat="37.618198022246361" lon="-83.79481497220695" />
      <trkpt lat="37.618389967828989" lon="-83.794909017160535" />
      <trkpt lat="37.618534974753857" lon="-83.794966014102101" />
      <trkpt lat="37.618758017197251" lon="-83.795016976073384" />
      <trkpt lat="37.618908975273371" lon="-83.79502896219492" />
      <trkpt lat="37.61903596110642" lon="-83.795028040185571" />
      <trkpt lat="37.619555974379182" lon="-83.79498596303165" />
      <trkpt lat="37.61963602155447" lon="-83.79498403519392" />
      <trkpt lat="37.619826039299369" lon="-83.794993003830314" />
      <trkpt lat="37.619964005425572" lon="-83.795018987730145" />
      <trkpt lat="37.620057966560125" lon="-83.795043965801597" />
      <trkpt lat="37.6201749779284" lon="-83.795083025470376" />
      <trkpt lat="37.620450993999839" lon="-83.795200958848" />
      <trkpt lat="37.620609998703003" lon="-83.795282011851668" />
      <trkpt lat="37.621152978390455" lon="-83.795592980459332" />
      <trkpt lat="37.621267978101969" lon="-83.795648971572518" />
      <trkpt lat="37.621385995298624" lon="-83.795695994049311" />
      <trkpt lat="37.62148498557508" lon="-83.795724995434284" />
      <trkpt lat="37.621630998328328" lon="-83.795741004869342" />
      <trkpt lat="37.621778016909957" lon="-83.795723989605904" />
      <trkpt lat="37.621868960559368" lon="-83.795692976564169" />
      <trkpt lat="37.62191598303616" lon="-83.795671015977859" />
      <trkpt lat="37.621981026604772" lon="-83.795631034299731" />
      <trkpt lat="37.62204498052597" lon="-83.795584011822939" />
      <trkpt lat="37.622156962752342" lon="-83.795476974919438" />
      <trkpt lat="37.622201973572373" lon="-83.795407991856337" />
      <trkpt lat="37.622270034626126" lon="-83.79528796300292" />
      <trkpt lat="37.622328959405422" lon="-83.795153014361858" />
      <trkpt lat="37.622390985488892" lon="-83.794957967475057" />
      <trkpt lat="37.622443959116936" lon="-83.794760992750525" />
      <trkpt lat="37.62249500490725" lon="-83.794597964733839" />
      <trkpt lat="37.622532974928617" lon="-83.794494029134512" />
      <trkpt lat="37.622602041810751" lon="-83.794346004724503" />
      <trkpt lat="37.622682005167007" lon="-83.794203009456396" />
      <trkpt lat="37.622832041233778" lon="-83.79397401586175" />
      <trkpt lat="37.623064974322915" lon="-83.793679978698492" />
      <trkpt lat="37.623161030933261" lon="-83.793547041714191" />
      <trkpt lat="37.623244011774659" lon="-83.793402034789324" />
      <trkpt lat="37.623312994837761" lon="-83.793248981237411" />
      <trkpt lat="37.623335039243102" lon="-83.793186033144593" />
      <trkpt lat="37.623376026749611" lon="-83.7930319737643" />
      <trkpt lat="37.62339798733592" lon="-83.792916974052787" />
      <trkpt lat="37.623419025912881" lon="-83.792747994884849" />
      <trkpt lat="37.623430006206036" lon="-83.792544985190034" />
      <trkpt lat="37.623430006206036" lon="-83.792210966348648" />
      <trkpt lat="37.623435035347939" lon="-83.792014997452497" />
      <trkpt lat="37.623463030904531" lon="-83.791750967502594" />
      <trkpt lat="37.623491026461124" lon="-83.791580982506275" />
      <trkpt lat="37.62352597899735" lon="-83.79141803830862" />
      <trkpt lat="37.623564032837749" lon="-83.791266996413469" />
      <trkpt lat="37.623614994809031" lon="-83.791091982275248" />
      <trkpt lat="37.623748015612364" lon="-83.790723010897636" />
      <trkpt lat="37.623871983960271" lon="-83.790411958470941" />
      <trkpt lat="37.623967034742236" lon="-83.790173996239901" />
      <trkpt lat="37.62404297478497" lon="-83.790003005415201" />
      <trkpt lat="37.62412503361702" lon="-83.789838971570134" />
      <trkpt lat="37.624198962002993" lon="-83.789710979908705" />
      <trkpt lat="37.624264005571604" lon="-83.789615007117391" />
      <trkpt lat="37.624408006668091" lon="-83.789434041827917" />
      <trkpt lat="37.624553013592958" lon="-83.789298003539443" />
      <trkpt lat="37.62466398999095" lon="-83.789210999384522" />
      <trkpt lat="37.624806985259056" lon="-83.789121983572841" />
      <trkpt lat="37.624959032982588" lon="-83.789045959711075" />
      <trkpt lat="37.6251379866153" lon="-83.788971025496721" />
      <trkpt lat="37.62530998326838" lon="-83.788899024948478" />
      <trkpt lat="37.625451972708106" lon="-83.788828030228615" />
      <trkpt lat="37.625612989068031" lon="-83.788731973618269" />
      <trkpt lat="37.625702004879713" lon="-83.78866701386869" />
      <trkpt lat="37.625808035954833" lon="-83.788572968915105" />
      <trkpt lat="37.625906020402908" lon="-83.788464004173875" />
      <trkpt lat="37.626021020114422" lon="-83.788288990035653" />
      <trkpt lat="37.626073993742466" lon="-83.788182036951184" />
      <trkpt lat="37.626110035926104" lon="-83.788096038624644" />
      <trkpt lat="37.626171978190541" lon="-83.787895040586591" />
      <trkpt lat="37.62621195986867" lon="-83.787692030891776" />
      <trkpt lat="37.626226963475347" lon="-83.787491032853723" />
      <trkpt lat="37.626215983182192" lon="-83.787297997623682" />
      <trkpt lat="37.626184970140457" lon="-83.787114014849067" />
      <trkpt lat="37.626135013997555" lon="-83.786942018195987" />
      <trkpt lat="37.626086985692382" lon="-83.786824000999331" />
      <trkpt lat="37.626069970428944" lon="-83.786781001836061" />
      <trkpt lat="37.625990007072687" lon="-83.786631971597672" />
      <trkpt lat="37.625898979604244" lon="-83.786491993814707" />
      <trkpt lat="37.625770987942815" lon="-83.78634799271822" />
      <trkpt lat="37.625675015151501" lon="-83.786253025755286" />
      <trkpt lat="37.625597985461354" lon="-83.786184964701533" />
      <trkpt lat="37.625292968004942" lon="-83.785915989428759" />
      <trkpt lat="37.625188026577234" lon="-83.785810964182019" />
      <trkpt lat="37.625102028250694" lon="-83.785710968077183" />
      <trkpt lat="37.624995997175574" lon="-83.785568978637457" />
      <trkpt lat="37.624911004677415" lon="-83.785433024168015" />
      <trkpt lat="37.62483598664403" lon="-83.785288017243147" />
      <trkpt lat="37.624782007187605" lon="-83.785156002268195" />
      <trkpt lat="37.624624008312821" lon="-83.784645963460207" />
      <trkpt lat="37.624554019421339" lon="-83.784472038969398" />
      <trkpt lat="37.624502973631024" lon="-83.784369025379419" />
      <trkpt lat="37.624463997781277" lon="-83.784310016781092" />
      <trkpt lat="37.624352015554905" lon="-83.784172972664237" />
      <trkpt lat="37.624305998906493" lon="-83.784127961844206" />
      <trkpt lat="37.624207008630037" lon="-83.784043975174427" />
      <trkpt lat="37.62408203445375" lon="-83.783962000161409" />
      <trkpt lat="37.623931998386979" lon="-83.783888993784785" />
      <trkpt lat="37.623674003407359" lon="-83.783782040700316" />
      <trkpt lat="37.623538970947266" lon="-83.783720014616847" />
      <trkpt lat="37.623378960415721" lon="-83.783617001026869" />
      <trkpt lat="37.623281981796026" lon="-83.783536031842232" />
      <trkpt lat="37.62318198569119" lon="-83.783428994938731" />
      <trkpt lat="37.623091964051127" lon="-83.783312989398837" />
      <trkpt lat="37.622989034280181" lon="-83.783150967210531" />
      <trkpt lat="37.622929019853473" lon="-83.783034039661288" />
      <trkpt lat="37.622867999598384" lon="-83.782885009422898" />
      <trkpt lat="37.622817037627101" lon="-83.782731033861637" />
      <trkpt lat="37.622785018756986" lon="-83.782602036371827" />
      <trkpt lat="37.622764986008406" lon="-83.782499022781849" />
      <trkpt lat="37.622746964916587" lon="-83.782357033342123" />
      <trkpt lat="37.622740007936954" lon="-83.782237004488707" />
      <trkpt lat="37.622744031250477" lon="-83.782066013664007" />
      <trkpt lat="37.622764986008406" lon="-83.781896028667688" />
      <trkpt lat="37.622778983786702" lon="-83.781821010634303" />
      <trkpt lat="37.622822988778353" lon="-83.781652031466365" />
      <trkpt lat="37.622879985719919" lon="-83.781487997621298" />
      <trkpt lat="37.622961038723588" lon="-83.781305020675063" />
      <trkpt lat="37.623075032606721" lon="-83.781073009595275" />
      <trkpt lat="37.623432017862797" lon="-83.780385022982955" />
    </trkseg>
  </trk>

</gpx>