<?xml version="1.0" encoding="utf-8"?><gpx creator="Garmin Desktop App" version="1.1" xsi:schemaLocation="http://www.topografix.com/GPX/1/1 http://www.topografix.com/GPX/1/1/gpx.xsd http://www.garmin.com/xmlschemas/WaypointExtension/v1 http://www8.garmin.com/xmlschemas/WaypointExtensionv1.xsd http://www.garmin.com/xmlschemas/TrackPointExtension/v1 http://www.garmin.com/xmlschemas/TrackPointExtensionv1.xsd http://www.garmin.com/xmlschemas/GpxExtensions/v3 http://www8.garmin.com/xmlschemas/GpxExtensionsv3.xsd http://www.garmin.com/xmlschemas/ActivityExtension/v1 http://www8.garmin.com/xmlschemas/ActivityExtensionv1.xsd http://www.garmin.com/xmlschemas/AdventuresExtensions/v1 http://www8.garmin.com/xmlschemas/AdventuresExtensionv1.xsd http://www.garmin.com/xmlschemas/PressureExtension/v1 http://www.garmin.com/xmlschemas/PressureExtensionv1.xsd http://www.garmin.com/xmlschemas/TripExtensions/v1 http://www.garmin.com/xmlschemas/TripExtensionsv1.xsd http://www.garmin.com/xmlschemas/TripMetaDataExtensions/v1 http://www.garmin.com/xmlschemas/TripMetaDataExtensionsv1.xsd http://www.garmin.com/xmlschemas/ViaPointTransportationModeExtensions/v1 http://www.garmin.com/xmlschemas/ViaPointTransportationModeExtensionsv1.xsd http://www.garmin.com/xmlschemas/CreationTimeExtension/v1 http://www.garmin.com/xmlschemas/CreationTimeExtensionsv1.xsd http://www.garmin.com/xmlschemas/AccelerationExtension/v1 http://www.garmin.com/xmlschemas/AccelerationExtensionv1.xsd http://www.garmin.com/xmlschemas/PowerExtension/v1 http://www.garmin.com/xmlschemas/PowerExtensionv1.xsd http://www.garmin.com/xmlschemas/VideoExtension/v1 http://www.garmin.com/xmlschemas/VideoExtensionv1.xsd" xmlns="http://www.topografix.com/GPX/1/1" xmlns:xsi="http://www.w3.org/2001/XMLSchema-instance" xmlns:wptx1="http://www.garmin.com/xmlschemas/WaypointExtension/v1" xmlns:gpxtrx="http://www.garmin.com/xmlschemas/GpxExtensions/v3" xmlns:gpxtpx="http://www.garmin.com/xmlschemas/TrackPointExtension/v1" xmlns:gpxx="http://www.garmin.com/xmlschemas/GpxExtensions/v3" xmlns:trp="http://www.garmin.com/xmlschemas/TripExtensions/v1" xmlns:adv="http://www.garmin.com/xmlschemas/AdventuresExtensions/v1" xmlns:prs="http://www.garmin.com/xmlschemas/PressureExtension/v1" xmlns:tmd="http://www.garmin.com/xmlschemas/TripMetaDataExtensions/v1" xmlns:vptm="http://www.garmin.com/xmlschemas/ViaPointTransportationModeExtensions/v1" xmlns:ctx="http://www.garmin.com/xmlschemas/CreationTimeExtension/v1" xmlns:gpxacc="http://www.garmin.com/xmlschemas/AccelerationExtension/v1" xmlns:gpxpx="http://www.garmin.com/xmlschemas/PowerExtension/v1" xmlns:vidx1="http://www.garmin.com/xmlschemas/VideoExtension/v1">

  <metadata>
    <link href="http://www.garmin.com">
      <text>Garmin International</text>
    </link>
    <time>2024-08-12T23:27:20Z</time>
    <bounds maxlat="37.846269607543945" maxlon="-83.656425476074219" minlat="37.610170841217041" minlon="-83.865351034328341" />
  </metadata>

  <trk>
    <name>RRS Intermediate ADV Central Loop 2024</name>
    <link href="https://a.rever.co/embed/1140451" />
    <link href="https://a.rever.co/embed/1140451" />
    <link href="https://a.rever.co/embed/979459" />
    <link href="https://a.rever.co/embed/979459" />
    <link href="https://a.rever.co/embed/1735597" />
    <link href="https://a.rever.co/embed/979459" />
    <link href="https://a.rever.co/embed/979459" />
    <link href="https://www.mtbproject.com/trail/7005339/fixer-road" />
    <link href="https://a.rever.co/embed/2461903" />
    <link href="https://a.rever.co/embed/2461903" />
    <link href="https://a.rever.co/embed/1998475" />
    <link href="https://a.rever.co/embed/1998475" />
    <link href="https://a.rever.co/embed/1998475" />
    <link href="https://a.rever.co/embed/2461903" />
    <link href="https://a.rever.co/embed/2461903" />
    <link href="https://a.rever.co/embed/2461903" />
    <link href="https://a.rever.co/embed/2461903" />
    <link href="https://a.rever.co/embed/2461903" />
    <link href="https://a.rever.co/embed/2461903" />
    <link href="https://a.rever.co/embed/1998475" />
    <link href="https://a.rever.co/embed/1998475" />
    <link href="https://a.rever.co/embed/1998475" />
    <link href="https://a.rever.co/embed/2461903" />
    <link href="https://a.rever.co/embed/2461903" />
    <link href="https://a.rever.co/embed/2461903" />
    <link href="https://a.rever.co/embed/2461903" />
    <link href="https://a.rever.co/embed/2461903" />
    <link href="https://a.rever.co/embed/2461903" />
    <link href="https://a.rever.co/embed/1998475" />
    <link href="https://a.rever.co/embed/1998475" />
    <link href="https://a.rever.co/embed/1998475" />
    <link href="https://a.rever.co/embed/2461903" />
    <link href="https://a.rever.co/embed/2461903" />
    <link href="https://a.rever.co/embed/2461903" />
    <link href="https://a.rever.co/embed/2461903" />
    <link href="https://a.rever.co/embed/2461903" />
    <link href="https://a.rever.co/embed/2461903" />
    <link href="https://a.rever.co/embed/1998475" />
    <link href="https://a.rever.co/embed/1998475" />
    <link href="https://a.rever.co/embed/1998475" />
    <link href="https://a.rever.co/embed/2461903" />
    <link href="https://a.rever.co/embed/2461903" />
    <link href="https://a.rever.co/embed/2461903" />
    <link href="https://a.rever.co/embed/2461903" />
    <link href="https://a.rever.co/embed/2461903" />
    <link href="https://a.rever.co/embed/2461903" />
    <link href="https://a.rever.co/embed/1998475" />
    <link href="https://a.rever.co/embed/1998475" />
    <link href="https://a.rever.co/embed/1998475" />
    <link href="https://a.rever.co/embed/2461903" />
    <link href="https://a.rever.co/embed/2461903" />
    <link href="https://a.rever.co/embed/2461903" />
    <link href="https://a.rever.co/embed/2461903" />
    <link href="https://a.rever.co/embed/2461903" />
    <link href="https://a.rever.co/embed/2461903" />
    <link href="https://a.rever.co/embed/1998475" />
    <link href="https://a.rever.co/embed/1998475" />
    <link href="https://a.rever.co/embed/1998475" />
    <link href="https://a.rever.co/embed/2461903" />
    <link href="https://a.rever.co/embed/2461903" />
    <link href="https://a.rever.co/embed/2461903" />
    <link href="https://a.rever.co/embed/2461903" />
    <link href="https://a.rever.co/embed/2461903" />
    <link href="https://a.rever.co/embed/2461903" />
    <link href="https://a.rever.co/embed/1998475" />
    <link href="https://a.rever.co/embed/1998475" />
    <link href="https://a.rever.co/embed/1998475" />
    <link href="https://a.rever.co/embed/2461903" />
    <link href="https://a.rever.co/embed/2461903" />
    <link href="https://a.rever.co/embed/2461903" />
    <link href="https://a.rever.co/embed/2461903" />
    <link href="https://a.rever.co/embed/2461903" />
    <link href="https://a.rever.co/embed/2461903" />
    <link href="https://a.rever.co/embed/1998475" />
    <link href="https://a.rever.co/embed/1998475" />
    <link href="https://a.rever.co/embed/1998475" />
    <link href="https://a.rever.co/embed/2461903" />
    <link href="https://a.rever.co/embed/2461903" />
    <link href="https://a.rever.co/embed/2461903" />
    <link href="https://a.rever.co/embed/2461903" />
    <link href="https://www.mtbproject.com/trail/7005342/bald-rock-fork-road" />
    <link href="https://www.mtbproject.com/trail/7005345/big-sinking-road" />
    <link href="https://a.rever.co/embed/1140451" />
    <link href="https://a.rever.co/embed/1140451" />
    <link href="https://a.rever.co/embed/979459" />
    <link href="https://a.rever.co/embed/979459" />
    <link href="https://a.rever.co/embed/1735597" />
    <link href="https://a.rever.co/embed/979459" />
    <link href="https://a.rever.co/embed/979459" />
    <link href="https://www.mtbproject.com/trail/7005339/fixer-road" />
    <link href="https://a.rever.co/embed/2461903" />
    <link href="https://a.rever.co/embed/2461903" />
    <link href="https://a.rever.co/embed/1998475" />
    <link href="https://a.rever.co/embed/1998475" />
    <link href="https://a.rever.co/embed/1998475" />
    <link href="https://a.rever.co/embed/2461903" />
    <link href="https://a.rever.co/embed/2461903" />
    <link href="https://a.rever.co/embed/2461903" />
    <link href="https://a.rever.co/embed/2461903" />
    <link href="https://a.rever.co/embed/2461903" />
    <link href="https://a.rever.co/embed/2461903" />
    <link href="https://a.rever.co/embed/1998475" />
    <link href="https://a.rever.co/embed/1998475" />
    <link href="https://a.rever.co/embed/1998475" />
    <link href="https://a.rever.co/embed/2461903" />
    <link href="https://a.rever.co/embed/2461903" />
    <link href="https://a.rever.co/embed/2461903" />
    <link href="https://a.rever.co/embed/2461903" />
    <link href="https://a.rever.co/embed/2461903" />
    <link href="https://a.rever.co/embed/2461903" />
    <link href="https://a.rever.co/embed/1998475" />
    <link href="https://a.rever.co/embed/1998475" />
    <link href="https://a.rever.co/embed/1998475" />
    <link href="https://a.rever.co/embed/2461903" />
    <link href="https://a.rever.co/embed/2461903" />
    <link href="https://a.rever.co/embed/2461903" />
    <link href="https://a.rever.co/embed/2461903" />
    <link href="https://a.rever.co/embed/2461903" />
    <link href="https://a.rever.co/embed/2461903" />
    <link href="https://a.rever.co/embed/1998475" />
    <link href="https://a.rever.co/embed/1998475" />
    <link href="https://a.rever.co/embed/1998475" />
    <link href="https://a.rever.co/embed/2461903" />
    <link href="https://a.rever.co/embed/2461903" />
    <link href="https://a.rever.co/embed/2461903" />
    <link href="https://a.rever.co/embed/2461903" />
    <link href="https://a.rever.co/embed/2461903" />
    <link href="https://a.rever.co/embed/2461903" />
    <link href="https://a.rever.co/embed/1998475" />
    <link href="https://a.rever.co/embed/1998475" />
    <link href="https://a.rever.co/embed/1998475" />
    <link href="https://a.rever.co/embed/2461903" />
    <link href="https://a.rever.co/embed/2461903" />
    <link href="https://a.rever.co/embed/2461903" />
    <link href="https://a.rever.co/embed/2461903" />
    <link href="https://a.rever.co/embed/2461903" />
    <link href="https://a.rever.co/embed/2461903" />
    <link href="https://a.rever.co/embed/1998475" />
    <link href="https://a.rever.co/embed/1998475" />
    <link href="https://a.rever.co/embed/1998475" />
    <link href="https://a.rever.co/embed/2461903" />
    <link href="https://a.rever.co/embed/2461903" />
    <link href="https://a.rever.co/embed/2461903" />
    <link href="https://a.rever.co/embed/2461903" />
    <link href="https://a.rever.co/embed/2461903" />
    <link href="https://a.rever.co/embed/2461903" />
    <link href="https://a.rever.co/embed/1998475" />
    <link href="https://a.rever.co/embed/1998475" />
    <link href="https://a.rever.co/embed/1998475" />
    <link href="https://a.rever.co/embed/2461903" />
    <link href="https://a.rever.co/embed/2461903" />
    <link href="https://a.rever.co/embed/2461903" />
    <link href="https://a.rever.co/embed/2461903" />
    <link href="https://a.rever.co/embed/2461903" />
    <link href="https://a.rever.co/embed/2461903" />
    <link href="https://a.rever.co/embed/1998475" />
    <link href="https://a.rever.co/embed/1998475" />
    <link href="https://a.rever.co/embed/1998475" />
    <link href="https://a.rever.co/embed/2461903" />
    <link href="https://a.rever.co/embed/2461903" />
    <link href="https://a.rever.co/embed/2461903" />
    <link href="https://a.rever.co/embed/2461903" />
    <link href="https://www.mtbproject.com/trail/7005342/bald-rock-fork-road" />
    <link href="https://www.mtbproject.com/trail/7005345/big-sinking-road" />
    <link href="https://a.rever.co/embed/1140451" />
    <link href="https://a.rever.co/embed/1140451" />
    <link href="https://a.rever.co/embed/979459" />
    <link href="https://a.rever.co/embed/979459" />
    <link href="https://a.rever.co/embed/1735597" />
    <link href="https://a.rever.co/embed/979459" />
    <link href="https://a.rever.co/embed/979459" />
    <link href="https://www.mtbproject.com/trail/7005339/fixer-road" />
    <link href="https://a.rever.co/embed/2461903" />
    <link href="https://a.rever.co/embed/2461903" />
    <link href="https://a.rever.co/embed/1998475" />
    <link href="https://a.rever.co/embed/1998475" />
    <link href="https://a.rever.co/embed/1998475" />
    <link href="https://a.rever.co/embed/2461903" />
    <link href="https://a.rever.co/embed/2461903" />
    <link href="https://a.rever.co/embed/2461903" />
    <link href="https://a.rever.co/embed/2461903" />
    <link href="https://a.rever.co/embed/2461903" />
    <link href="https://a.rever.co/embed/2461903" />
    <link href="https://a.rever.co/embed/1998475" />
    <link href="https://a.rever.co/embed/1998475" />
    <link href="https://a.rever.co/embed/1998475" />
    <link href="https://a.rever.co/embed/2461903" />
    <link href="https://a.rever.co/embed/2461903" />
    <link href="https://a.rever.co/embed/2461903" />
    <link href="https://a.rever.co/embed/2461903" />
    <link href="https://a.rever.co/embed/2461903" />
    <link href="https://a.rever.co/embed/2461903" />
    <link href="https://a.rever.co/embed/1998475" />
    <link href="https://a.rever.co/embed/1998475" />
    <link href="https://a.rever.co/embed/1998475" />
    <link href="https://a.rever.co/embed/2461903" />
    <link href="https://a.rever.co/embed/2461903" />
    <link href="https://a.rever.co/embed/2461903" />
    <link href="https://a.rever.co/embed/2461903" />
    <link href="https://a.rever.co/embed/2461903" />
    <link href="https://a.rever.co/embed/2461903" />
    <link href="https://a.rever.co/embed/1998475" />
    <link href="https://a.rever.co/embed/1998475" />
    <link href="https://a.rever.co/embed/1998475" />
    <link href="https://a.rever.co/embed/2461903" />
    <link href="https://a.rever.co/embed/2461903" />
    <link href="https://a.rever.co/embed/2461903" />
    <link href="https://a.rever.co/embed/2461903" />
    <link href="https://a.rever.co/embed/2461903" />
    <link href="https://a.rever.co/embed/2461903" />
    <link href="https://a.rever.co/embed/1998475" />
    <link href="https://a.rever.co/embed/1998475" />
    <link href="https://a.rever.co/embed/1998475" />
    <link href="https://a.rever.co/embed/2461903" />
    <link href="https://a.rever.co/embed/2461903" />
    <link href="https://a.rever.co/embed/2461903" />
    <link href="https://a.rever.co/embed/2461903" />
    <link href="https://a.rever.co/embed/2461903" />
    <link href="https://a.rever.co/embed/2461903" />
    <link href="https://a.rever.co/embed/1998475" />
    <link href="https://a.rever.co/embed/1998475" />
    <link href="https://a.rever.co/embed/1998475" />
    <link href="https://a.rever.co/embed/2461903" />
    <link href="https://a.rever.co/embed/2461903" />
    <link href="https://a.rever.co/embed/2461903" />
    <link href="https://a.rever.co/embed/2461903" />
    <link href="https://a.rever.co/embed/2461903" />
    <link href="https://a.rever.co/embed/2461903" />
    <link href="https://a.rever.co/embed/1998475" />
    <link href="https://a.rever.co/embed/1998475" />
    <link href="https://a.rever.co/embed/1998475" />
    <link href="https://a.rever.co/embed/2461903" />
    <link href="https://a.rever.co/embed/2461903" />
    <link href="https://a.rever.co/embed/2461903" />
    <link href="https://a.rever.co/embed/2461903" />
    <link href="https://a.rever.co/embed/2461903" />
    <link href="https://a.rever.co/embed/2461903" />
    <link href="https://a.rever.co/embed/1998475" />
    <link href="https://a.rever.co/embed/1998475" />
    <link href="https://a.rever.co/embed/1998475" />
    <link href="https://a.rever.co/embed/2461903" />
    <link href="https://a.rever.co/embed/2461903" />
    <link href="https://a.rever.co/embed/2461903" />
    <link href="https://a.rever.co/embed/2461903" />
    <link href="https://www.mtbproject.com/trail/7005342/bald-rock-fork-road" />
    <link href="https://www.mtbproject.com/trail/7005345/big-sinking-road" />
    <link href="https://a.rever.co/embed/2461903" />
    <link href="https://a.rever.co/embed/2461903" />
    <link href="https://a.rever.co/embed/1998475" />
    <link href="https://a.rever.co/embed/1998475" />
    <link href="https://a.rever.co/embed/1998475" />
    <link href="https://a.rever.co/embed/2461903" />
    <link href="https://a.rever.co/embed/2461903" />
    <link href="https://a.rever.co/embed/2461903" />
    <link href="https://a.rever.co/embed/2461903" />
    <link href="https://a.rever.co/embed/2461903" />
    <link href="https://a.rever.co/embed/2461903" />
    <link href="https://a.rever.co/embed/1998475" />
    <link href="https://a.rever.co/embed/1998475" />
    <link href="https://a.rever.co/embed/1998475" />
    <link href="https://a.rever.co/embed/2461903" />
    <link href="https://a.rever.co/embed/2461903" />
    <link href="https://a.rever.co/embed/2461903" />
    <link href="https://a.rever.co/embed/2461903" />
    <link href="https://a.rever.co/embed/2461903" />
    <link href="https://a.rever.co/embed/2461903" />
    <link href="https://a.rever.co/embed/1998475" />
    <link href="https://a.rever.co/embed/1998475" />
    <link href="https://a.rever.co/embed/1998475" />
    <link href="https://a.rever.co/embed/2461903" />
    <link href="https://a.rever.co/embed/2461903" />
    <link href="https://a.rever.co/embed/2461903" />
    <link href="https://a.rever.co/embed/2461903" />
    <link href="https://a.rever.co/embed/2461903" />
    <link href="https://a.rever.co/embed/2461903" />
    <link href="https://a.rever.co/embed/1998475" />
    <link href="https://a.rever.co/embed/1998475" />
    <link href="https://a.rever.co/embed/1998475" />
    <link href="https://a.rever.co/embed/2461903" />
    <link href="https://a.rever.co/embed/2461903" />
    <link href="https://a.rever.co/embed/2461903" />
    <link href="https://a.rever.co/embed/2461903" />
    <link href="https://a.rever.co/embed/2461903" />
    <link href="https://a.rever.co/embed/2461903" />
    <link href="https://a.rever.co/embed/1998475" />
    <link href="https://a.rever.co/embed/1998475" />
    <link href="https://a.rever.co/embed/1998475" />
    <link href="https://a.rever.co/embed/2461903" />
    <link href="https://a.rever.co/embed/2461903" />
    <link href="https://a.rever.co/embed/2461903" />
    <link href="https://a.rever.co/embed/2461903" />
    <link href="https://a.rever.co/embed/2461903" />
    <link href="https://a.rever.co/embed/2461903" />
    <link href="https://a.rever.co/embed/1998475" />
    <link href="https://a.rever.co/embed/1998475" />
    <link href="https://a.rever.co/embed/1998475" />
    <link href="https://a.rever.co/embed/2461903" />
    <link href="https://a.rever.co/embed/2461903" />
    <link href="https://a.rever.co/embed/2461903" />
    <link href="https://a.rever.co/embed/2461903" />
    <link href="https://a.rever.co/embed/2461903" />
    <link href="https://a.rever.co/embed/2461903" />
    <link href="https://a.rever.co/embed/1998475" />
    <link href="https://a.rever.co/embed/1998475" />
    <link href="https://a.rever.co/embed/1998475" />
    <link href="https://a.rever.co/embed/2461903" />
    <link href="https://a.rever.co/embed/2461903" />
    <link href="https://a.rever.co/embed/2461903" />
    <link href="https://a.rever.co/embed/2461903" />
    <link href="https://a.rever.co/embed/2461903" />
    <link href="https://a.rever.co/embed/2461903" />
    <link href="https://a.rever.co/embed/1998475" />
    <link href="https://a.rever.co/embed/1998475" />
    <link href="https://a.rever.co/embed/1998475" />
    <link href="https://a.rever.co/embed/2461903" />
    <link href="https://a.rever.co/embed/2461903" />
    <link href="https://a.rever.co/embed/2461903" />
    <link href="https://a.rever.co/embed/2461903" />
    <link href="https://a.rever.co/embed/1140451" />
    <link href="https://a.rever.co/embed/1140451" />
    <link href="https://a.rever.co/embed/1140451" />
    <link href="https://a.rever.co/embed/1140451" />
    <link href="https://a.rever.co/embed/979459" />
    <link href="https://a.rever.co/embed/979459" />
    <link href="https://a.rever.co/embed/1735597" />
    <link href="https://a.rever.co/embed/979459" />
    <link href="https://a.rever.co/embed/979459" />
    <link href="https://www.mtbproject.com/trail/7005339/fixer-road" />
    <link href="https://a.rever.co/embed/2461903" />
    <link href="https://a.rever.co/embed/2461903" />
    <link href="https://a.rever.co/embed/1998475" />
    <link href="https://a.rever.co/embed/1998475" />
    <link href="https://a.rever.co/embed/1998475" />
    <link href="https://a.rever.co/embed/2461903" />
    <link href="https://a.rever.co/embed/2461903" />
    <link href="https://a.rever.co/embed/2461903" />
    <link href="https://a.rever.co/embed/2461903" />
    <link href="https://a.rever.co/embed/2461903" />
    <link href="https://a.rever.co/embed/2461903" />
    <link href="https://a.rever.co/embed/1998475" />
    <link href="https://a.rever.co/embed/1998475" />
    <link href="https://a.rever.co/embed/1998475" />
    <link href="https://a.rever.co/embed/2461903" />
    <link href="https://a.rever.co/embed/2461903" />
    <link href="https://a.rever.co/embed/2461903" />
    <link href="https://a.rever.co/embed/2461903" />
    <link href="https://a.rever.co/embed/2461903" />
    <link href="https://a.rever.co/embed/2461903" />
    <link href="https://a.rever.co/embed/1998475" />
    <link href="https://a.rever.co/embed/1998475" />
    <link href="https://a.rever.co/embed/1998475" />
    <link href="https://a.rever.co/embed/2461903" />
    <link href="https://a.rever.co/embed/2461903" />
    <link href="https://a.rever.co/embed/2461903" />
    <link href="https://a.rever.co/embed/2461903" />
    <link href="https://a.rever.co/embed/2461903" />
    <link href="https://a.rever.co/embed/2461903" />
    <link href="https://a.rever.co/embed/1998475" />
    <link href="https://a.rever.co/embed/1998475" />
    <link href="https://a.rever.co/embed/1998475" />
    <link href="https://a.rever.co/embed/2461903" />
    <link href="https://a.rever.co/embed/2461903" />
    <link href="https://a.rever.co/embed/2461903" />
    <link href="https://a.rever.co/embed/2461903" />
    <link href="https://a.rever.co/embed/2461903" />
    <link href="https://a.rever.co/embed/2461903" />
    <link href="https://a.rever.co/embed/1998475" />
    <link href="https://a.rever.co/embed/1998475" />
    <link href="https://a.rever.co/embed/1998475" />
    <link href="https://a.rever.co/embed/2461903" />
    <link href="https://a.rever.co/embed/2461903" />
    <link href="https://a.rever.co/embed/2461903" />
    <link href="https://a.rever.co/embed/2461903" />
    <link href="https://a.rever.co/embed/2461903" />
    <link href="https://a.rever.co/embed/2461903" />
    <link href="https://a.rever.co/embed/1998475" />
    <link href="https://a.rever.co/embed/1998475" />
    <link href="https://a.rever.co/embed/1998475" />
    <link href="https://a.rever.co/embed/2461903" />
    <link href="https://a.rever.co/embed/2461903" />
    <link href="https://a.rever.co/embed/2461903" />
    <link href="https://a.rever.co/embed/2461903" />
    <link href="https://a.rever.co/embed/2461903" />
    <link href="https://a.rever.co/embed/2461903" />
    <link href="https://a.rever.co/embed/1998475" />
    <link href="https://a.rever.co/embed/1998475" />
    <link href="https://a.rever.co/embed/1998475" />
    <link href="https://a.rever.co/embed/2461903" />
    <link href="https://a.rever.co/embed/2461903" />
    <link href="https://a.rever.co/embed/2461903" />
    <link href="https://a.rever.co/embed/2461903" />
    <link href="https://a.rever.co/embed/2461903" />
    <link href="https://a.rever.co/embed/2461903" />
    <link href="https://a.rever.co/embed/1998475" />
    <link href="https://a.rever.co/embed/1998475" />
    <link href="https://a.rever.co/embed/1998475" />
    <link href="https://a.rever.co/embed/2461903" />
    <link href="https://a.rever.co/embed/2461903" />
    <link href="https://a.rever.co/embed/2461903" />
    <link href="https://a.rever.co/embed/2461903" />
    <link href="https://www.mtbproject.com/trail/7005342/bald-rock-fork-road" />
    <link href="https://www.mtbproject.com/trail/7005345/big-sinking-road" />
    <link href="https://a.rever.co/embed/1140451" />
    <link href="https://a.rever.co/embed/1140451" />
    <link href="https://a.rever.co/embed/979459" />
    <link href="https://a.rever.co/embed/979459" />
    <link href="https://a.rever.co/embed/1735597" />
    <link href="https://a.rever.co/embed/979459" />
    <link href="https://a.rever.co/embed/979459" />
    <link href="https://www.mtbproject.com/trail/7005339/fixer-road" />
    <link href="https://a.rever.co/embed/2461903" />
    <link href="https://a.rever.co/embed/2461903" />
    <link href="https://a.rever.co/embed/1998475" />
    <link href="https://a.rever.co/embed/1998475" />
    <link href="https://a.rever.co/embed/1998475" />
    <link href="https://a.rever.co/embed/2461903" />
    <link href="https://a.rever.co/embed/2461903" />
    <link href="https://a.rever.co/embed/2461903" />
    <link href="https://a.rever.co/embed/2461903" />
    <link href="https://a.rever.co/embed/2461903" />
    <link href="https://a.rever.co/embed/2461903" />
    <link href="https://a.rever.co/embed/1998475" />
    <link href="https://a.rever.co/embed/1998475" />
    <link href="https://a.rever.co/embed/1998475" />
    <link href="https://a.rever.co/embed/2461903" />
    <link href="https://a.rever.co/embed/2461903" />
    <link href="https://a.rever.co/embed/2461903" />
    <link href="https://a.rever.co/embed/2461903" />
    <link href="https://a.rever.co/embed/2461903" />
    <link href="https://a.rever.co/embed/2461903" />
    <link href="https://a.rever.co/embed/1998475" />
    <link href="https://a.rever.co/embed/1998475" />
    <link href="https://a.rever.co/embed/1998475" />
    <link href="https://a.rever.co/embed/2461903" />
    <link href="https://a.rever.co/embed/2461903" />
    <link href="https://a.rever.co/embed/2461903" />
    <link href="https://a.rever.co/embed/2461903" />
    <link href="https://a.rever.co/embed/2461903" />
    <link href="https://a.rever.co/embed/2461903" />
    <link href="https://a.rever.co/embed/1998475" />
    <link href="https://a.rever.co/embed/1998475" />
    <link href="https://a.rever.co/embed/1998475" />
    <link href="https://a.rever.co/embed/2461903" />
    <link href="https://a.rever.co/embed/2461903" />
    <link href="https://a.rever.co/embed/2461903" />
    <link href="https://a.rever.co/embed/2461903" />
    <link href="https://a.rever.co/embed/2461903" />
    <link href="https://a.rever.co/embed/2461903" />
    <link href="https://a.rever.co/embed/1998475" />
    <link href="https://a.rever.co/embed/1998475" />
    <link href="https://a.rever.co/embed/1998475" />
    <link href="https://a.rever.co/embed/2461903" />
    <link href="https://a.rever.co/embed/2461903" />
    <link href="https://a.rever.co/embed/2461903" />
    <link href="https://a.rever.co/embed/2461903" />
    <link href="https://a.rever.co/embed/2461903" />
    <link href="https://a.rever.co/embed/2461903" />
    <link href="https://a.rever.co/embed/1998475" />
    <link href="https://a.rever.co/embed/1998475" />
    <link href="https://a.rever.co/embed/1998475" />
    <link href="https://a.rever.co/embed/2461903" />
    <link href="https://a.rever.co/embed/2461903" />
    <link href="https://a.rever.co/embed/2461903" />
    <link href="https://a.rever.co/embed/2461903" />
    <link href="https://a.rever.co/embed/2461903" />
    <link href="https://a.rever.co/embed/2461903" />
    <link href="https://a.rever.co/embed/1998475" />
    <link href="https://a.rever.co/embed/1998475" />
    <link href="https://a.rever.co/embed/1998475" />
    <link href="https://a.rever.co/embed/2461903" />
    <link href="https://a.rever.co/embed/2461903" />
    <link href="https://a.rever.co/embed/2461903" />
    <link href="https://a.rever.co/embed/2461903" />
    <link href="https://a.rever.co/embed/2461903" />
    <link href="https://a.rever.co/embed/2461903" />
    <link href="https://a.rever.co/embed/1998475" />
    <link href="https://a.rever.co/embed/1998475" />
    <link href="https://a.rever.co/embed/1998475" />
    <link href="https://a.rever.co/embed/2461903" />
    <link href="https://a.rever.co/embed/2461903" />
    <link href="https://a.rever.co/embed/2461903" />
    <link href="https://a.rever.co/embed/2461903" />
    <link href="https://www.mtbproject.com/trail/7005342/bald-rock-fork-road" />
    <link href="https://www.mtbproject.com/trail/7005345/big-sinking-road" />
    <link href="https://a.rever.co/embed/1140451" />
    <link href="https://a.rever.co/embed/1140451" />
    <link href="https://a.rever.co/embed/979459" />
    <link href="https://a.rever.co/embed/979459" />
    <link href="https://a.rever.co/embed/1735597" />
    <link href="https://a.rever.co/embed/979459" />
    <link href="https://a.rever.co/embed/979459" />
    <link href="https://www.mtbproject.com/trail/7005339/fixer-road" />
    <link href="https://a.rever.co/embed/2461903" />
    <link href="https://a.rever.co/embed/2461903" />
    <link href="https://a.rever.co/embed/1998475" />
    <link href="https://a.rever.co/embed/1998475" />
    <link href="https://a.rever.co/embed/1998475" />
    <link href="https://a.rever.co/embed/2461903" />
    <link href="https://a.rever.co/embed/2461903" />
    <link href="https://a.rever.co/embed/2461903" />
    <link href="https://a.rever.co/embed/2461903" />
    <link href="https://a.rever.co/embed/2461903" />
    <link href="https://a.rever.co/embed/2461903" />
    <link href="https://a.rever.co/embed/1998475" />
    <link href="https://a.rever.co/embed/1998475" />
    <link href="https://a.rever.co/embed/1998475" />
    <link href="https://a.rever.co/embed/2461903" />
    <link href="https://a.rever.co/embed/2461903" />
    <link href="https://a.rever.co/embed/2461903" />
    <link href="https://a.rever.co/embed/2461903" />
    <link href="https://a.rever.co/embed/2461903" />
    <link href="https://a.rever.co/embed/2461903" />
    <link href="https://a.rever.co/embed/1998475" />
    <link href="https://a.rever.co/embed/1998475" />
    <link href="https://a.rever.co/embed/1998475" />
    <link href="https://a.rever.co/embed/2461903" />
    <link href="https://a.rever.co/embed/2461903" />
    <link href="https://a.rever.co/embed/2461903" />
    <link href="https://a.rever.co/embed/2461903" />
    <link href="https://a.rever.co/embed/2461903" />
    <link href="https://a.rever.co/embed/2461903" />
    <link href="https://a.rever.co/embed/1998475" />
    <link href="https://a.rever.co/embed/1998475" />
    <link href="https://a.rever.co/embed/1998475" />
    <link href="https://a.rever.co/embed/2461903" />
    <link href="https://a.rever.co/embed/2461903" />
    <link href="https://a.rever.co/embed/2461903" />
    <link href="https://a.rever.co/embed/2461903" />
    <link href="https://a.rever.co/embed/2461903" />
    <link href="https://a.rever.co/embed/2461903" />
    <link href="https://a.rever.co/embed/1998475" />
    <link href="https://a.rever.co/embed/1998475" />
    <link href="https://a.rever.co/embed/1998475" />
    <link href="https://a.rever.co/embed/2461903" />
    <link href="https://a.rever.co/embed/2461903" />
    <link href="https://a.rever.co/embed/2461903" />
    <link href="https://a.rever.co/embed/2461903" />
    <link href="https://a.rever.co/embed/2461903" />
    <link href="https://a.rever.co/embed/2461903" />
    <link href="https://a.rever.co/embed/1998475" />
    <link href="https://a.rever.co/embed/1998475" />
    <link href="https://a.rever.co/embed/1998475" />
    <link href="https://a.rever.co/embed/2461903" />
    <link href="https://a.rever.co/embed/2461903" />
    <link href="https://a.rever.co/embed/2461903" />
    <link href="https://a.rever.co/embed/2461903" />
    <link href="https://a.rever.co/embed/2461903" />
    <link href="https://a.rever.co/embed/2461903" />
    <link href="https://a.rever.co/embed/1998475" />
    <link href="https://a.rever.co/embed/1998475" />
    <link href="https://a.rever.co/embed/1998475" />
    <link href="https://a.rever.co/embed/2461903" />
    <link href="https://a.rever.co/embed/2461903" />
    <link href="https://a.rever.co/embed/2461903" />
    <link href="https://a.rever.co/embed/2461903" />
    <link href="https://a.rever.co/embed/2461903" />
    <link href="https://a.rever.co/embed/2461903" />
    <link href="https://a.rever.co/embed/1998475" />
    <link href="https://a.rever.co/embed/1998475" />
    <link href="https://a.rever.co/embed/1998475" />
    <link href="https://a.rever.co/embed/2461903" />
    <link href="https://a.rever.co/embed/2461903" />
    <link href="https://a.rever.co/embed/2461903" />
    <link href="https://a.rever.co/embed/2461903" />
    <link href="https://www.mtbproject.com/trail/7005342/bald-rock-fork-road" />
    <link href="https://www.mtbproject.com/trail/7005345/big-sinking-road" />
    <link href="https://a.rever.co/embed/2461903" />
    <link href="https://a.rever.co/embed/2461903" />
    <link href="https://a.rever.co/embed/1998475" />
    <link href="https://a.rever.co/embed/1998475" />
    <link href="https://a.rever.co/embed/1998475" />
    <link href="https://a.rever.co/embed/2461903" />
    <link href="https://a.rever.co/embed/2461903" />
    <link href="https://a.rever.co/embed/2461903" />
    <link href="https://a.rever.co/embed/2461903" />
    <link href="https://a.rever.co/embed/2461903" />
    <link href="https://a.rever.co/embed/2461903" />
    <link href="https://a.rever.co/embed/1998475" />
    <link href="https://a.rever.co/embed/1998475" />
    <link href="https://a.rever.co/embed/1998475" />
    <link href="https://a.rever.co/embed/2461903" />
    <link href="https://a.rever.co/embed/2461903" />
    <link href="https://a.rever.co/embed/2461903" />
    <link href="https://a.rever.co/embed/2461903" />
    <link href="https://a.rever.co/embed/2461903" />
    <link href="https://a.rever.co/embed/2461903" />
    <link href="https://a.rever.co/embed/1998475" />
    <link href="https://a.rever.co/embed/1998475" />
    <link href="https://a.rever.co/embed/1998475" />
    <link href="https://a.rever.co/embed/2461903" />
    <link href="https://a.rever.co/embed/2461903" />
    <link href="https://a.rever.co/embed/2461903" />
    <link href="https://a.rever.co/embed/2461903" />
    <link href="https://a.rever.co/embed/2461903" />
    <link href="https://a.rever.co/embed/2461903" />
    <link href="https://a.rever.co/embed/1998475" />
    <link href="https://a.rever.co/embed/1998475" />
    <link href="https://a.rever.co/embed/1998475" />
    <link href="https://a.rever.co/embed/2461903" />
    <link href="https://a.rever.co/embed/2461903" />
    <link href="https://a.rever.co/embed/2461903" />
    <link href="https://a.rever.co/embed/2461903" />
    <link href="https://a.rever.co/embed/2461903" />
    <link href="https://a.rever.co/embed/2461903" />
    <link href="https://a.rever.co/embed/1998475" />
    <link href="https://a.rever.co/embed/1998475" />
    <link href="https://a.rever.co/embed/1998475" />
    <link href="https://a.rever.co/embed/2461903" />
    <link href="https://a.rever.co/embed/2461903" />
    <link href="https://a.rever.co/embed/2461903" />
    <link href="https://a.rever.co/embed/2461903" />
    <link href="https://a.rever.co/embed/2461903" />
    <link href="https://a.rever.co/embed/2461903" />
    <link href="https://a.rever.co/embed/1998475" />
    <link href="https://a.rever.co/embed/1998475" />
    <link href="https://a.rever.co/embed/1998475" />
    <link href="https://a.rever.co/embed/2461903" />
    <link href="https://a.rever.co/embed/2461903" />
    <link href="https://a.rever.co/embed/2461903" />
    <link href="https://a.rever.co/embed/2461903" />
    <link href="https://a.rever.co/embed/2461903" />
    <link href="https://a.rever.co/embed/2461903" />
    <link href="https://a.rever.co/embed/1998475" />
    <link href="https://a.rever.co/embed/1998475" />
    <link href="https://a.rever.co/embed/1998475" />
    <link href="https://a.rever.co/embed/2461903" />
    <link href="https://a.rever.co/embed/2461903" />
    <link href="https://a.rever.co/embed/2461903" />
    <link href="https://a.rever.co/embed/2461903" />
    <link href="https://a.rever.co/embed/2461903" />
    <link href="https://a.rever.co/embed/2461903" />
    <link href="https://a.rever.co/embed/1998475" />
    <link href="https://a.rever.co/embed/1998475" />
    <link href="https://a.rever.co/embed/1998475" />
    <link href="https://a.rever.co/embed/2461903" />
    <link href="https://a.rever.co/embed/2461903" />
    <link href="https://a.rever.co/embed/2461903" />
    <link href="https://a.rever.co/embed/2461903" />
    <link href="https://a.rever.co/embed/1140451" />
    <link href="https://a.rever.co/embed/1140451" />
    <link href="https://a.rever.co/embed/1140451" />
    <link href="https://a.rever.co/embed/1140451" />
    <link href="https://a.rever.co/embed/979459" />
    <link href="https://a.rever.co/embed/979459" />
    <link href="https://a.rever.co/embed/1735597" />
    <link href="https://a.rever.co/embed/979459" />
    <link href="https://a.rever.co/embed/979459" />
    <link href="https://www.mtbproject.com/trail/7005339/fixer-road" />
    <link href="https://a.rever.co/embed/2461903" />
    <link href="https://a.rever.co/embed/2461903" />
    <link href="https://a.rever.co/embed/1998475" />
    <link href="https://a.rever.co/embed/1998475" />
    <link href="https://a.rever.co/embed/1998475" />
    <link href="https://a.rever.co/embed/2461903" />
    <link href="https://a.rever.co/embed/2461903" />
    <link href="https://a.rever.co/embed/2461903" />
    <link href="https://a.rever.co/embed/2461903" />
    <link href="https://a.rever.co/embed/2461903" />
    <link href="https://a.rever.co/embed/2461903" />
    <link href="https://a.rever.co/embed/1998475" />
    <link href="https://a.rever.co/embed/1998475" />
    <link href="https://a.rever.co/embed/1998475" />
    <link href="https://a.rever.co/embed/2461903" />
    <link href="https://a.rever.co/embed/2461903" />
    <link href="https://a.rever.co/embed/2461903" />
    <link href="https://a.rever.co/embed/2461903" />
    <link href="https://a.rever.co/embed/2461903" />
    <link href="https://a.rever.co/embed/2461903" />
    <link href="https://a.rever.co/embed/1998475" />
    <link href="https://a.rever.co/embed/1998475" />
    <link href="https://a.rever.co/embed/1998475" />
    <link href="https://a.rever.co/embed/2461903" />
    <link href="https://a.rever.co/embed/2461903" />
    <link href="https://a.rever.co/embed/2461903" />
    <link href="https://a.rever.co/embed/2461903" />
    <link href="https://a.rever.co/embed/2461903" />
    <link href="https://a.rever.co/embed/2461903" />
    <link href="https://a.rever.co/embed/1998475" />
    <link href="https://a.rever.co/embed/1998475" />
    <link href="https://a.rever.co/embed/1998475" />
    <link href="https://a.rever.co/embed/2461903" />
    <link href="https://a.rever.co/embed/2461903" />
    <link href="https://a.rever.co/embed/2461903" />
    <link href="https://a.rever.co/embed/2461903" />
    <link href="https://a.rever.co/embed/2461903" />
    <link href="https://a.rever.co/embed/2461903" />
    <link href="https://a.rever.co/embed/1998475" />
    <link href="https://a.rever.co/embed/1998475" />
    <link href="https://a.rever.co/embed/1998475" />
    <link href="https://a.rever.co/embed/2461903" />
    <link href="https://a.rever.co/embed/2461903" />
    <link href="https://a.rever.co/embed/2461903" />
    <link href="https://a.rever.co/embed/2461903" />
    <link href="https://a.rever.co/embed/2461903" />
    <link href="https://a.rever.co/embed/2461903" />
    <link href="https://a.rever.co/embed/1998475" />
    <link href="https://a.rever.co/embed/1998475" />
    <link href="https://a.rever.co/embed/1998475" />
    <link href="https://a.rever.co/embed/2461903" />
    <link href="https://a.rever.co/embed/2461903" />
    <link href="https://a.rever.co/embed/2461903" />
    <link href="https://a.rever.co/embed/2461903" />
    <link href="https://a.rever.co/embed/2461903" />
    <link href="https://a.rever.co/embed/2461903" />
    <link href="https://a.rever.co/embed/1998475" />
    <link href="https://a.rever.co/embed/1998475" />
    <link href="https://a.rever.co/embed/1998475" />
    <link href="https://a.rever.co/embed/2461903" />
    <link href="https://a.rever.co/embed/2461903" />
    <link href="https://a.rever.co/embed/2461903" />
    <link href="https://a.rever.co/embed/2461903" />
    <link href="https://a.rever.co/embed/2461903" />
    <link href="https://a.rever.co/embed/2461903" />
    <link href="https://a.rever.co/embed/1998475" />
    <link href="https://a.rever.co/embed/1998475" />
    <link href="https://a.rever.co/embed/1998475" />
    <link href="https://a.rever.co/embed/2461903" />
    <link href="https://a.rever.co/embed/2461903" />
    <link href="https://a.rever.co/embed/2461903" />
    <link href="https://a.rever.co/embed/2461903" />
    <link href="https://www.mtbproject.com/trail/7005342/bald-rock-fork-road" />
    <link href="https://www.mtbproject.com/trail/7005345/big-sinking-road" />
    <link href="https://a.rever.co/embed/1140451" />
    <link href="https://a.rever.co/embed/1140451" />
    <link href="https://a.rever.co/embed/979459" />
    <link href="https://a.rever.co/embed/979459" />
    <link href="https://a.rever.co/embed/1735597" />
    <link href="https://a.rever.co/embed/979459" />
    <link href="https://a.rever.co/embed/979459" />
    <link href="https://www.mtbproject.com/trail/7005339/fixer-road" />
    <link href="https://a.rever.co/embed/2461903" />
    <link href="https://a.rever.co/embed/2461903" />
    <link href="https://a.rever.co/embed/1998475" />
    <link href="https://a.rever.co/embed/1998475" />
    <link href="https://a.rever.co/embed/1998475" />
    <link href="https://a.rever.co/embed/2461903" />
    <link href="https://a.rever.co/embed/2461903" />
    <link href="https://a.rever.co/embed/2461903" />
    <link href="https://a.rever.co/embed/2461903" />
    <link href="https://a.rever.co/embed/2461903" />
    <link href="https://a.rever.co/embed/2461903" />
    <link href="https://a.rever.co/embed/1998475" />
    <link href="https://a.rever.co/embed/1998475" />
    <link href="https://a.rever.co/embed/1998475" />
    <link href="https://a.rever.co/embed/2461903" />
    <link href="https://a.rever.co/embed/2461903" />
    <link href="https://a.rever.co/embed/2461903" />
    <link href="https://a.rever.co/embed/2461903" />
    <link href="https://a.rever.co/embed/2461903" />
    <link href="https://a.rever.co/embed/2461903" />
    <link href="https://a.rever.co/embed/1998475" />
    <link href="https://a.rever.co/embed/1998475" />
    <link href="https://a.rever.co/embed/1998475" />
    <link href="https://a.rever.co/embed/2461903" />
    <link href="https://a.rever.co/embed/2461903" />
    <link href="https://a.rever.co/embed/2461903" />
    <link href="https://a.rever.co/embed/2461903" />
    <link href="https://a.rever.co/embed/2461903" />
    <link href="https://a.rever.co/embed/2461903" />
    <link href="https://a.rever.co/embed/1998475" />
    <link href="https://a.rever.co/embed/1998475" />
    <link href="https://a.rever.co/embed/1998475" />
    <link href="https://a.rever.co/embed/2461903" />
    <link href="https://a.rever.co/embed/2461903" />
    <link href="https://a.rever.co/embed/2461903" />
    <link href="https://a.rever.co/embed/2461903" />
    <link href="https://a.rever.co/embed/2461903" />
    <link href="https://a.rever.co/embed/2461903" />
    <link href="https://a.rever.co/embed/1998475" />
    <link href="https://a.rever.co/embed/1998475" />
    <link href="https://a.rever.co/embed/1998475" />
    <link href="https://a.rever.co/embed/2461903" />
    <link href="https://a.rever.co/embed/2461903" />
    <link href="https://a.rever.co/embed/2461903" />
    <link href="https://a.rever.co/embed/2461903" />
    <link href="https://a.rever.co/embed/2461903" />
    <link href="https://a.rever.co/embed/2461903" />
    <link href="https://a.rever.co/embed/1998475" />
    <link href="https://a.rever.co/embed/1998475" />
    <link href="https://a.rever.co/embed/1998475" />
    <link href="https://a.rever.co/embed/2461903" />
    <link href="https://a.rever.co/embed/2461903" />
    <link href="https://a.rever.co/embed/2461903" />
    <link href="https://a.rever.co/embed/2461903" />
    <link href="https://a.rever.co/embed/2461903" />
    <link href="https://a.rever.co/embed/2461903" />
    <link href="https://a.rever.co/embed/1998475" />
    <link href="https://a.rever.co/embed/1998475" />
    <link href="https://a.rever.co/embed/1998475" />
    <link href="https://a.rever.co/embed/2461903" />
    <link href="https://a.rever.co/embed/2461903" />
    <link href="https://a.rever.co/embed/2461903" />
    <link href="https://a.rever.co/embed/2461903" />
    <link href="https://a.rever.co/embed/2461903" />
    <link href="https://a.rever.co/embed/2461903" />
    <link href="https://a.rever.co/embed/1998475" />
    <link href="https://a.rever.co/embed/1998475" />
    <link href="https://a.rever.co/embed/1998475" />
    <link href="https://a.rever.co/embed/2461903" />
    <link href="https://a.rever.co/embed/2461903" />
    <link href="https://a.rever.co/embed/2461903" />
    <link href="https://a.rever.co/embed/2461903" />
    <link href="https://www.mtbproject.com/trail/7005342/bald-rock-fork-road" />
    <link href="https://www.mtbproject.com/trail/7005345/big-sinking-road" />
    <link href="https://a.rever.co/embed/1140451" />
    <link href="https://a.rever.co/embed/1140451" />
    <link href="https://a.rever.co/embed/979459" />
    <link href="https://a.rever.co/embed/979459" />
    <link href="https://a.rever.co/embed/1735597" />
    <link href="https://a.rever.co/embed/979459" />
    <link href="https://a.rever.co/embed/979459" />
    <link href="https://www.mtbproject.com/trail/7005339/fixer-road" />
    <link href="https://a.rever.co/embed/2461903" />
    <link href="https://a.rever.co/embed/2461903" />
    <link href="https://a.rever.co/embed/1998475" />
    <link href="https://a.rever.co/embed/1998475" />
    <link href="https://a.rever.co/embed/1998475" />
    <link href="https://a.rever.co/embed/2461903" />
    <link href="https://a.rever.co/embed/2461903" />
    <link href="https://a.rever.co/embed/2461903" />
    <link href="https://a.rever.co/embed/2461903" />
    <link href="https://a.rever.co/embed/2461903" />
    <link href="https://a.rever.co/embed/2461903" />
    <link href="https://a.rever.co/embed/1998475" />
    <link href="https://a.rever.co/embed/1998475" />
    <link href="https://a.rever.co/embed/1998475" />
    <link href="https://a.rever.co/embed/2461903" />
    <link href="https://a.rever.co/embed/2461903" />
    <link href="https://a.rever.co/embed/2461903" />
    <link href="https://a.rever.co/embed/2461903" />
    <link href="https://a.rever.co/embed/2461903" />
    <link href="https://a.rever.co/embed/2461903" />
    <link href="https://a.rever.co/embed/1998475" />
    <link href="https://a.rever.co/embed/1998475" />
    <link href="https://a.rever.co/embed/1998475" />
    <link href="https://a.rever.co/embed/2461903" />
    <link href="https://a.rever.co/embed/2461903" />
    <link href="https://a.rever.co/embed/2461903" />
    <link href="https://a.rever.co/embed/2461903" />
    <link href="https://a.rever.co/embed/2461903" />
    <link href="https://a.rever.co/embed/2461903" />
    <link href="https://a.rever.co/embed/1998475" />
    <link href="https://a.rever.co/embed/1998475" />
    <link href="https://a.rever.co/embed/1998475" />
    <link href="https://a.rever.co/embed/2461903" />
    <link href="https://a.rever.co/embed/2461903" />
    <link href="https://a.rever.co/embed/2461903" />
    <link href="https://a.rever.co/embed/2461903" />
    <link href="https://a.rever.co/embed/2461903" />
    <link href="https://a.rever.co/embed/2461903" />
    <link href="https://a.rever.co/embed/1998475" />
    <link href="https://a.rever.co/embed/1998475" />
    <link href="https://a.rever.co/embed/1998475" />
    <link href="https://a.rever.co/embed/2461903" />
    <link href="https://a.rever.co/embed/2461903" />
    <link href="https://a.rever.co/embed/2461903" />
    <link href="https://a.rever.co/embed/2461903" />
    <link href="https://a.rever.co/embed/2461903" />
    <link href="https://a.rever.co/embed/2461903" />
    <link href="https://a.rever.co/embed/1998475" />
    <link href="https://a.rever.co/embed/1998475" />
    <link href="https://a.rever.co/embed/1998475" />
    <link href="https://a.rever.co/embed/2461903" />
    <link href="https://a.rever.co/embed/2461903" />
    <link href="https://a.rever.co/embed/2461903" />
    <link href="https://a.rever.co/embed/2461903" />
    <link href="https://a.rever.co/embed/2461903" />
    <link href="https://a.rever.co/embed/2461903" />
    <link href="https://a.rever.co/embed/1998475" />
    <link href="https://a.rever.co/embed/1998475" />
    <link href="https://a.rever.co/embed/1998475" />
    <link href="https://a.rever.co/embed/2461903" />
    <link href="https://a.rever.co/embed/2461903" />
    <link href="https://a.rever.co/embed/2461903" />
    <link href="https://a.rever.co/embed/2461903" />
    <link href="https://a.rever.co/embed/2461903" />
    <link href="https://a.rever.co/embed/2461903" />
    <link href="https://a.rever.co/embed/1998475" />
    <link href="https://a.rever.co/embed/1998475" />
    <link href="https://a.rever.co/embed/1998475" />
    <link href="https://a.rever.co/embed/2461903" />
    <link href="https://a.rever.co/embed/2461903" />
    <link href="https://a.rever.co/embed/2461903" />
    <link href="https://a.rever.co/embed/2461903" />
    <link href="https://www.mtbproject.com/trail/7005342/bald-rock-fork-road" />
    <link href="https://www.mtbproject.com/trail/7005345/big-sinking-road" />
    <link href="https://a.rever.co/embed/2461903" />
    <link href="https://a.rever.co/embed/2461903" />
    <link href="https://a.rever.co/embed/1998475" />
    <link href="https://a.rever.co/embed/1998475" />
    <link href="https://a.rever.co/embed/1998475" />
    <link href="https://a.rever.co/embed/2461903" />
    <link href="https://a.rever.co/embed/2461903" />
    <link href="https://a.rever.co/embed/2461903" />
    <link href="https://a.rever.co/embed/2461903" />
    <link href="https://a.rever.co/embed/2461903" />
    <link href="https://a.rever.co/embed/2461903" />
    <link href="https://a.rever.co/embed/1998475" />
    <link href="https://a.rever.co/embed/1998475" />
    <link href="https://a.rever.co/embed/1998475" />
    <link href="https://a.rever.co/embed/2461903" />
    <link href="https://a.rever.co/embed/2461903" />
    <link href="https://a.rever.co/embed/2461903" />
    <link href="https://a.rever.co/embed/2461903" />
    <link href="https://a.rever.co/embed/2461903" />
    <link href="https://a.rever.co/embed/2461903" />
    <link href="https://a.rever.co/embed/1998475" />
    <link href="https://a.rever.co/embed/1998475" />
    <link href="https://a.rever.co/embed/1998475" />
    <link href="https://a.rever.co/embed/2461903" />
    <link href="https://a.rever.co/embed/2461903" />
    <link href="https://a.rever.co/embed/2461903" />
    <link href="https://a.rever.co/embed/2461903" />
    <link href="https://a.rever.co/embed/2461903" />
    <link href="https://a.rever.co/embed/2461903" />
    <link href="https://a.rever.co/embed/1998475" />
    <link href="https://a.rever.co/embed/1998475" />
    <link href="https://a.rever.co/embed/1998475" />
    <link href="https://a.rever.co/embed/2461903" />
    <link href="https://a.rever.co/embed/2461903" />
    <link href="https://a.rever.co/embed/2461903" />
    <link href="https://a.rever.co/embed/2461903" />
    <link href="https://a.rever.co/embed/2461903" />
    <link href="https://a.rever.co/embed/2461903" />
    <link href="https://a.rever.co/embed/1998475" />
    <link href="https://a.rever.co/embed/1998475" />
    <link href="https://a.rever.co/embed/1998475" />
    <link href="https://a.rever.co/embed/2461903" />
    <link href="https://a.rever.co/embed/2461903" />
    <link href="https://a.rever.co/embed/2461903" />
    <link href="https://a.rever.co/embed/2461903" />
    <link href="https://a.rever.co/embed/2461903" />
    <link href="https://a.rever.co/embed/2461903" />
    <link href="https://a.rever.co/embed/1998475" />
    <link href="https://a.rever.co/embed/1998475" />
    <link href="https://a.rever.co/embed/1998475" />
    <link href="https://a.rever.co/embed/2461903" />
    <link href="https://a.rever.co/embed/2461903" />
    <link href="https://a.rever.co/embed/2461903" />
    <link href="https://a.rever.co/embed/2461903" />
    <link href="https://a.rever.co/embed/2461903" />
    <link href="https://a.rever.co/embed/2461903" />
    <link href="https://a.rever.co/embed/1998475" />
    <link href="https://a.rever.co/embed/1998475" />
    <link href="https://a.rever.co/embed/1998475" />
    <link href="https://a.rever.co/embed/2461903" />
    <link href="https://a.rever.co/embed/2461903" />
    <link href="https://a.rever.co/embed/2461903" />
    <link href="https://a.rever.co/embed/2461903" />
    <link href="https://a.rever.co/embed/2461903" />
    <link href="https://a.rever.co/embed/2461903" />
    <link href="https://a.rever.co/embed/1998475" />
    <link href="https://a.rever.co/embed/1998475" />
    <link href="https://a.rever.co/embed/1998475" />
    <link href="https://a.rever.co/embed/2461903" />
    <link href="https://a.rever.co/embed/2461903" />
    <link href="https://a.rever.co/embed/2461903" />
    <link href="https://a.rever.co/embed/2461903" />
    <link href="https://a.rever.co/embed/1140451" />
    <link href="https://a.rever.co/embed/1140451" />
    <link href="https://a.rever.co/embed/1140451" />
    <link href="https://a.rever.co/embed/1140451" />
    <link href="https://a.rever.co/embed/979459" />
    <link href="https://a.rever.co/embed/979459" />
    <link href="https://a.rever.co/embed/1735597" />
    <link href="https://a.rever.co/embed/979459" />
    <link href="https://a.rever.co/embed/979459" />
    <link href="https://www.mtbproject.com/trail/7005339/fixer-road" />
    <link href="https://a.rever.co/embed/2461903" />
    <link href="https://a.rever.co/embed/2461903" />
    <link href="https://a.rever.co/embed/1998475" />
    <link href="https://a.rever.co/embed/1998475" />
    <link href="https://a.rever.co/embed/1998475" />
    <link href="https://a.rever.co/embed/2461903" />
    <link href="https://a.rever.co/embed/2461903" />
    <link href="https://a.rever.co/embed/2461903" />
    <link href="https://a.rever.co/embed/2461903" />
    <link href="https://a.rever.co/embed/2461903" />
    <link href="https://a.rever.co/embed/2461903" />
    <link href="https://a.rever.co/embed/1998475" />
    <link href="https://a.rever.co/embed/1998475" />
    <link href="https://a.rever.co/embed/1998475" />
    <link href="https://a.rever.co/embed/2461903" />
    <link href="https://a.rever.co/embed/2461903" />
    <link href="https://a.rever.co/embed/2461903" />
    <link href="https://a.rever.co/embed/2461903" />
    <link href="https://a.rever.co/embed/2461903" />
    <link href="https://a.rever.co/embed/2461903" />
    <link href="https://a.rever.co/embed/1998475" />
    <link href="https://a.rever.co/embed/1998475" />
    <link href="https://a.rever.co/embed/1998475" />
    <link href="https://a.rever.co/embed/2461903" />
    <link href="https://a.rever.co/embed/2461903" />
    <link href="https://a.rever.co/embed/2461903" />
    <link href="https://a.rever.co/embed/2461903" />
    <link href="https://a.rever.co/embed/2461903" />
    <link href="https://a.rever.co/embed/2461903" />
    <link href="https://a.rever.co/embed/1998475" />
    <link href="https://a.rever.co/embed/1998475" />
    <link href="https://a.rever.co/embed/1998475" />
    <link href="https://a.rever.co/embed/2461903" />
    <link href="https://a.rever.co/embed/2461903" />
    <link href="https://a.rever.co/embed/2461903" />
    <link href="https://a.rever.co/embed/2461903" />
    <link href="https://a.rever.co/embed/2461903" />
    <link href="https://a.rever.co/embed/2461903" />
    <link href="https://a.rever.co/embed/1998475" />
    <link href="https://a.rever.co/embed/1998475" />
    <link href="https://a.rever.co/embed/1998475" />
    <link href="https://a.rever.co/embed/2461903" />
    <link href="https://a.rever.co/embed/2461903" />
    <link href="https://a.rever.co/embed/2461903" />
    <link href="https://a.rever.co/embed/2461903" />
    <link href="https://a.rever.co/embed/2461903" />
    <link href="https://a.rever.co/embed/2461903" />
    <link href="https://a.rever.co/embed/1998475" />
    <link href="https://a.rever.co/embed/1998475" />
    <link href="https://a.rever.co/embed/1998475" />
    <link href="https://a.rever.co/embed/2461903" />
    <link href="https://a.rever.co/embed/2461903" />
    <link href="https://a.rever.co/embed/2461903" />
    <link href="https://a.rever.co/embed/2461903" />
    <link href="https://a.rever.co/embed/2461903" />
    <link href="https://a.rever.co/embed/2461903" />
    <link href="https://a.rever.co/embed/1998475" />
    <link href="https://a.rever.co/embed/1998475" />
    <link href="https://a.rever.co/embed/1998475" />
    <link href="https://a.rever.co/embed/2461903" />
    <link href="https://a.rever.co/embed/2461903" />
    <link href="https://a.rever.co/embed/2461903" />
    <link href="https://a.rever.co/embed/2461903" />
    <link href="https://a.rever.co/embed/2461903" />
    <link href="https://a.rever.co/embed/2461903" />
    <link href="https://a.rever.co/embed/1998475" />
    <link href="https://a.rever.co/embed/1998475" />
    <link href="https://a.rever.co/embed/1998475" />
    <link href="https://a.rever.co/embed/2461903" />
    <link href="https://a.rever.co/embed/2461903" />
    <link href="https://a.rever.co/embed/2461903" />
    <link href="https://a.rever.co/embed/2461903" />
    <link href="https://www.mtbproject.com/trail/7005342/bald-rock-fork-road" />
    <link href="https://www.mtbproject.com/trail/7005345/big-sinking-road" />
    <link href="https://a.rever.co/embed/1140451" />
    <link href="https://a.rever.co/embed/1140451" />
    <link href="https://a.rever.co/embed/979459" />
    <link href="https://a.rever.co/embed/979459" />
    <link href="https://a.rever.co/embed/1735597" />
    <link href="https://a.rever.co/embed/979459" />
    <link href="https://a.rever.co/embed/979459" />
    <link href="https://www.mtbproject.com/trail/7005339/fixer-road" />
    <link href="https://a.rever.co/embed/2461903" />
    <link href="https://a.rever.co/embed/2461903" />
    <link href="https://a.rever.co/embed/1998475" />
    <link href="https://a.rever.co/embed/1998475" />
    <link href="https://a.rever.co/embed/1998475" />
    <link href="https://a.rever.co/embed/2461903" />
    <link href="https://a.rever.co/embed/2461903" />
    <link href="https://a.rever.co/embed/2461903" />
    <link href="https://a.rever.co/embed/2461903" />
    <link href="https://a.rever.co/embed/2461903" />
    <link href="https://a.rever.co/embed/2461903" />
    <link href="https://a.rever.co/embed/1998475" />
    <link href="https://a.rever.co/embed/1998475" />
    <link href="https://a.rever.co/embed/1998475" />
    <link href="https://a.rever.co/embed/2461903" />
    <link href="https://a.rever.co/embed/2461903" />
    <link href="https://a.rever.co/embed/2461903" />
    <link href="https://a.rever.co/embed/2461903" />
    <link href="https://a.rever.co/embed/2461903" />
    <link href="https://a.rever.co/embed/2461903" />
    <link href="https://a.rever.co/embed/1998475" />
    <link href="https://a.rever.co/embed/1998475" />
    <link href="https://a.rever.co/embed/1998475" />
    <link href="https://a.rever.co/embed/2461903" />
    <link href="https://a.rever.co/embed/2461903" />
    <link href="https://a.rever.co/embed/2461903" />
    <link href="https://a.rever.co/embed/2461903" />
    <link href="https://a.rever.co/embed/2461903" />
    <link href="https://a.rever.co/embed/2461903" />
    <link href="https://a.rever.co/embed/1998475" />
    <link href="https://a.rever.co/embed/1998475" />
    <link href="https://a.rever.co/embed/1998475" />
    <link href="https://a.rever.co/embed/2461903" />
    <link href="https://a.rever.co/embed/2461903" />
    <link href="https://a.rever.co/embed/2461903" />
    <link href="https://a.rever.co/embed/2461903" />
    <link href="https://a.rever.co/embed/2461903" />
    <link href="https://a.rever.co/embed/2461903" />
    <link href="https://a.rever.co/embed/1998475" />
    <link href="https://a.rever.co/embed/1998475" />
    <link href="https://a.rever.co/embed/1998475" />
    <link href="https://a.rever.co/embed/2461903" />
    <link href="https://a.rever.co/embed/2461903" />
    <link href="https://a.rever.co/embed/2461903" />
    <link href="https://a.rever.co/embed/2461903" />
    <link href="https://a.rever.co/embed/2461903" />
    <link href="https://a.rever.co/embed/2461903" />
    <link href="https://a.rever.co/embed/1998475" />
    <link href="https://a.rever.co/embed/1998475" />
    <link href="https://a.rever.co/embed/1998475" />
    <link href="https://a.rever.co/embed/2461903" />
    <link href="https://a.rever.co/embed/2461903" />
    <link href="https://a.rever.co/embed/2461903" />
    <link href="https://a.rever.co/embed/2461903" />
    <link href="https://a.rever.co/embed/2461903" />
    <link href="https://a.rever.co/embed/2461903" />
    <link href="https://a.rever.co/embed/1998475" />
    <link href="https://a.rever.co/embed/1998475" />
    <link href="https://a.rever.co/embed/1998475" />
    <link href="https://a.rever.co/embed/2461903" />
    <link href="https://a.rever.co/embed/2461903" />
    <link href="https://a.rever.co/embed/2461903" />
    <link href="https://a.rever.co/embed/2461903" />
    <link href="https://a.rever.co/embed/2461903" />
    <link href="https://a.rever.co/embed/2461903" />
    <link href="https://a.rever.co/embed/1998475" />
    <link href="https://a.rever.co/embed/1998475" />
    <link href="https://a.rever.co/embed/1998475" />
    <link href="https://a.rever.co/embed/2461903" />
    <link href="https://a.rever.co/embed/2461903" />
    <link href="https://a.rever.co/embed/2461903" />
    <link href="https://a.rever.co/embed/2461903" />
    <link href="https://www.mtbproject.com/trail/7005342/bald-rock-fork-road" />
    <link href="https://www.mtbproject.com/trail/7005345/big-sinking-road" />
    <link href="https://a.rever.co/embed/1140451" />
    <link href="https://a.rever.co/embed/1140451" />
    <link href="https://a.rever.co/embed/979459" />
    <link href="https://a.rever.co/embed/979459" />
    <link href="https://a.rever.co/embed/1735597" />
    <link href="https://a.rever.co/embed/979459" />
    <link href="https://a.rever.co/embed/979459" />
    <link href="https://www.mtbproject.com/trail/7005339/fixer-road" />
    <link href="https://a.rever.co/embed/2461903" />
    <link href="https://a.rever.co/embed/2461903" />
    <link href="https://a.rever.co/embed/1998475" />
    <link href="https://a.rever.co/embed/1998475" />
    <link href="https://a.rever.co/embed/1998475" />
    <link href="https://a.rever.co/embed/2461903" />
    <link href="https://a.rever.co/embed/2461903" />
    <link href="https://a.rever.co/embed/2461903" />
    <link href="https://a.rever.co/embed/2461903" />
    <link href="https://a.rever.co/embed/2461903" />
    <link href="https://a.rever.co/embed/2461903" />
    <link href="https://a.rever.co/embed/1998475" />
    <link href="https://a.rever.co/embed/1998475" />
    <link href="https://a.rever.co/embed/1998475" />
    <link href="https://a.rever.co/embed/2461903" />
    <link href="https://a.rever.co/embed/2461903" />
    <link href="https://a.rever.co/embed/2461903" />
    <link href="https://a.rever.co/embed/2461903" />
    <link href="https://a.rever.co/embed/2461903" />
    <link href="https://a.rever.co/embed/2461903" />
    <link href="https://a.rever.co/embed/1998475" />
    <link href="https://a.rever.co/embed/1998475" />
    <link href="https://a.rever.co/embed/1998475" />
    <link href="https://a.rever.co/embed/2461903" />
    <link href="https://a.rever.co/embed/2461903" />
    <link href="https://a.rever.co/embed/2461903" />
    <link href="https://a.rever.co/embed/2461903" />
    <link href="https://a.rever.co/embed/2461903" />
    <link href="https://a.rever.co/embed/2461903" />
    <link href="https://a.rever.co/embed/1998475" />
    <link href="https://a.rever.co/embed/1998475" />
    <link href="https://a.rever.co/embed/1998475" />
    <link href="https://a.rever.co/embed/2461903" />
    <link href="https://a.rever.co/embed/2461903" />
    <link href="https://a.rever.co/embed/2461903" />
    <link href="https://a.rever.co/embed/2461903" />
    <link href="https://a.rever.co/embed/2461903" />
    <link href="https://a.rever.co/embed/2461903" />
    <link href="https://a.rever.co/embed/1998475" />
    <link href="https://a.rever.co/embed/1998475" />
    <link href="https://a.rever.co/embed/1998475" />
    <link href="https://a.rever.co/embed/2461903" />
    <link href="https://a.rever.co/embed/2461903" />
    <link href="https://a.rever.co/embed/2461903" />
    <link href="https://a.rever.co/embed/2461903" />
    <link href="https://a.rever.co/embed/2461903" />
    <link href="https://a.rever.co/embed/2461903" />
    <link href="https://a.rever.co/embed/1998475" />
    <link href="https://a.rever.co/embed/1998475" />
    <link href="https://a.rever.co/embed/1998475" />
    <link href="https://a.rever.co/embed/2461903" />
    <link href="https://a.rever.co/embed/2461903" />
    <link href="https://a.rever.co/embed/2461903" />
    <link href="https://a.rever.co/embed/2461903" />
    <link href="https://a.rever.co/embed/2461903" />
    <link href="https://a.rever.co/embed/2461903" />
    <link href="https://a.rever.co/embed/1998475" />
    <link href="https://a.rever.co/embed/1998475" />
    <link href="https://a.rever.co/embed/1998475" />
    <link href="https://a.rever.co/embed/2461903" />
    <link href="https://a.rever.co/embed/2461903" />
    <link href="https://a.rever.co/embed/2461903" />
    <link href="https://a.rever.co/embed/2461903" />
    <link href="https://a.rever.co/embed/2461903" />
    <link href="https://a.rever.co/embed/2461903" />
    <link href="https://a.rever.co/embed/1998475" />
    <link href="https://a.rever.co/embed/1998475" />
    <link href="https://a.rever.co/embed/1998475" />
    <link href="https://a.rever.co/embed/2461903" />
    <link href="https://a.rever.co/embed/2461903" />
    <link href="https://a.rever.co/embed/2461903" />
    <link href="https://a.rever.co/embed/2461903" />
    <link href="https://www.mtbproject.com/trail/7005342/bald-rock-fork-road" />
    <link href="https://www.mtbproject.com/trail/7005345/big-sinking-road" />
    <link href="https://a.rever.co/embed/2461903" />
    <link href="https://a.rever.co/embed/2461903" />
    <link href="https://a.rever.co/embed/1998475" />
    <link href="https://a.rever.co/embed/1998475" />
    <link href="https://a.rever.co/embed/1998475" />
    <link href="https://a.rever.co/embed/2461903" />
    <link href="https://a.rever.co/embed/2461903" />
    <link href="https://a.rever.co/embed/2461903" />
    <link href="https://a.rever.co/embed/2461903" />
    <link href="https://a.rever.co/embed/2461903" />
    <link href="https://a.rever.co/embed/2461903" />
    <link href="https://a.rever.co/embed/1998475" />
    <link href="https://a.rever.co/embed/1998475" />
    <link href="https://a.rever.co/embed/1998475" />
    <link href="https://a.rever.co/embed/2461903" />
    <link href="https://a.rever.co/embed/2461903" />
    <link href="https://a.rever.co/embed/2461903" />
    <link href="https://a.rever.co/embed/2461903" />
    <link href="https://a.rever.co/embed/2461903" />
    <link href="https://a.rever.co/embed/2461903" />
    <link href="https://a.rever.co/embed/1998475" />
    <link href="https://a.rever.co/embed/1998475" />
    <link href="https://a.rever.co/embed/1998475" />
    <link href="https://a.rever.co/embed/2461903" />
    <link href="https://a.rever.co/embed/2461903" />
    <link href="https://a.rever.co/embed/2461903" />
    <link href="https://a.rever.co/embed/2461903" />
    <link href="https://a.rever.co/embed/2461903" />
    <link href="https://a.rever.co/embed/2461903" />
    <link href="https://a.rever.co/embed/1998475" />
    <link href="https://a.rever.co/embed/1998475" />
    <link href="https://a.rever.co/embed/1998475" />
    <link href="https://a.rever.co/embed/2461903" />
    <link href="https://a.rever.co/embed/2461903" />
    <link href="https://a.rever.co/embed/2461903" />
    <link href="https://a.rever.co/embed/2461903" />
    <link href="https://a.rever.co/embed/2461903" />
    <link href="https://a.rever.co/embed/2461903" />
    <link href="https://a.rever.co/embed/1998475" />
    <link href="https://a.rever.co/embed/1998475" />
    <link href="https://a.rever.co/embed/1998475" />
    <link href="https://a.rever.co/embed/2461903" />
    <link href="https://a.rever.co/embed/2461903" />
    <link href="https://a.rever.co/embed/2461903" />
    <link href="https://a.rever.co/embed/2461903" />
    <link href="https://a.rever.co/embed/2461903" />
    <link href="https://a.rever.co/embed/2461903" />
    <link href="https://a.rever.co/embed/1998475" />
    <link href="https://a.rever.co/embed/1998475" />
    <link href="https://a.rever.co/embed/1998475" />
    <link href="https://a.rever.co/embed/2461903" />
    <link href="https://a.rever.co/embed/2461903" />
    <link href="https://a.rever.co/embed/2461903" />
    <link href="https://a.rever.co/embed/2461903" />
    <link href="https://a.rever.co/embed/2461903" />
    <link href="https://a.rever.co/embed/2461903" />
    <link href="https://a.rever.co/embed/1998475" />
    <link href="https://a.rever.co/embed/1998475" />
    <link href="https://a.rever.co/embed/1998475" />
    <link href="https://a.rever.co/embed/2461903" />
    <link href="https://a.rever.co/embed/2461903" />
    <link href="https://a.rever.co/embed/2461903" />
    <link href="https://a.rever.co/embed/2461903" />
    <link href="https://a.rever.co/embed/2461903" />
    <link href="https://a.rever.co/embed/2461903" />
    <link href="https://a.rever.co/embed/1998475" />
    <link href="https://a.rever.co/embed/1998475" />
    <link href="https://a.rever.co/embed/1998475" />
    <link href="https://a.rever.co/embed/2461903" />
    <link href="https://a.rever.co/embed/2461903" />
    <link href="https://a.rever.co/embed/2461903" />
    <link href="https://a.rever.co/embed/2461903" />
    <link href="https://a.rever.co/embed/1140451" />
    <link href="https://a.rever.co/embed/1140451" />
    <extensions>
      <gpxx:TrackExtension>
        <gpxx:DisplayColor>Yellow</gpxx:DisplayColor>
      </gpxx:TrackExtension>
    </extensions>
    <trkseg>
      <trkpt lat="37.619886221364141" lon="-83.776558432728052" />
      <trkpt lat="37.620213031768799" lon="-83.776309490203857" />
      <trkpt lat="37.620384693145752" lon="-83.776266574859619" />
      <trkpt lat="37.620770931243896" lon="-83.776395320892334" />
      <trkpt lat="37.62117862701416" lon="-83.776760101318359" />
      <trkpt lat="37.621393203735352" lon="-83.776781558990479" />
      <trkpt lat="37.621586322784424" lon="-83.776631355285645" />
      <trkpt lat="37.621822357177734" lon="-83.776545524597168" />
      <trkpt lat="37.622015476226807" lon="-83.776566982269287" />
      <trkpt lat="37.62242317199707" lon="-83.776824474334717" />
      <trkpt lat="37.622637748718262" lon="-83.776888847351074" />
      <trkpt lat="37.624118328094482" lon="-83.776223659515381" />
      <trkpt lat="37.624332904815674" lon="-83.776159286499023" />
      <trkpt lat="37.62444019317627" lon="-83.776202201843262" />
      <trkpt lat="37.624590396881104" lon="-83.77598762512207" />
      <trkpt lat="37.624633312225342" lon="-83.775837421417236" />
      <trkpt lat="37.624633312225342" lon="-83.775710016489029" />
      <trkpt lat="37.624633312225342" lon="-83.775709932669997" />
      <trkpt lat="37.624626774340868" lon="-83.775548916310072" />
      <trkpt lat="37.624626774340868" lon="-83.775549167767167" />
      <trkpt lat="37.624547481536865" lon="-83.774914741516113" />
      <trkpt lat="37.624719142913818" lon="-83.774206638336182" />
      <trkpt lat="37.624740600585938" lon="-83.773605823516846" />
      <trkpt lat="37.624633312225342" lon="-83.773069381713867" />
      <trkpt lat="37.624504566192627" lon="-83.772897720336914" />
      <trkpt lat="37.623968124389648" lon="-83.772597312927246" />
      <trkpt lat="37.623732089996338" lon="-83.772339820861816" />
      <trkpt lat="37.623560428619385" lon="-83.772017955780029" />
      <trkpt lat="37.623195648193359" lon="-83.771030902862549" />
      <trkpt lat="37.622895240783691" lon="-83.770580291748047" />
      <trkpt lat="37.622272968292236" lon="-83.770215511322021" />
      <trkpt lat="37.621994018554687" lon="-83.769915103912354" />
      <trkpt lat="37.621822357177734" lon="-83.769421577453613" />
      <trkpt lat="37.62169361114502" lon="-83.768370151519775" />
      <trkpt lat="37.621757984161377" lon="-83.767898082733154" />
      <trkpt lat="37.621994018554687" lon="-83.767468929290771" />
      <trkpt lat="37.622380256652832" lon="-83.76725435256958" />
      <trkpt lat="37.623152732849121" lon="-83.767147064208984" />
      <trkpt lat="37.62317419052124" lon="-83.766782283782959" />
      <trkpt lat="37.623260021209717" lon="-83.766481876373291" />
      <trkpt lat="37.623388767242432" lon="-83.76624584197998" />
      <trkpt lat="37.623646259307861" lon="-83.765988349914551" />
      <trkpt lat="37.623882293701172" lon="-83.765816688537598" />
      <trkpt lat="37.624804973602295" lon="-83.7652587890625" />
      <trkpt lat="37.625341415405273" lon="-83.765044212341309" />
      <trkpt lat="37.625749111175537" lon="-83.76500129699707" />
      <trkpt lat="37.626328468322754" lon="-83.765065670013428" />
      <trkpt lat="37.626628875732422" lon="-83.765022754669189" />
      <trkpt lat="37.626864910125732" lon="-83.764851093292236" />
      <trkpt lat="37.626972198486328" lon="-83.764636516571045" />
      <trkpt lat="37.6271653175354" lon="-83.763906955718994" />
      <trkpt lat="37.62718677520752" lon="-83.763542175292969" />
      <trkpt lat="37.627015113830566" lon="-83.76251220703125" />
      <trkpt lat="37.627015113830566" lon="-83.762061595916748" />
      <trkpt lat="37.627294063568115" lon="-83.762190341949463" />
      <trkpt lat="37.627530097961426" lon="-83.762190341949463" />
      <trkpt lat="37.62791633605957" lon="-83.761954307556152" />
      <trkpt lat="37.628066539764404" lon="-83.76176118850708" />
      <trkpt lat="37.628195285797119" lon="-83.761610984802246" />
      <trkpt lat="37.628474235534668" lon="-83.761546611785889" />
      <trkpt lat="37.629246711730957" lon="-83.761825561523438" />
      <trkpt lat="37.630598545074463" lon="-83.762791156768799" />
      <trkpt lat="37.630813121795654" lon="-83.762919902801514" />
      <trkpt lat="37.631092071533203" lon="-83.762962818145752" />
      <trkpt lat="37.631242275238037" lon="-83.762919902801514" />
      <trkpt lat="37.631628513336182" lon="-83.762726783752441" />
      <trkpt lat="37.631800174713135" lon="-83.762576580047607" />
      <trkpt lat="37.632293701171875" lon="-83.762147426605225" />
      <trkpt lat="37.632873058319092" lon="-83.761610984802246" />
      <trkpt lat="37.633345127105713" lon="-83.761439323425293" />
      <trkpt lat="37.633945941925049" lon="-83.761439323425293" />
      <trkpt lat="37.634203433990479" lon="-83.761332035064697" />
      <trkpt lat="37.634568214416504" lon="-83.760666847229004" />
      <trkpt lat="37.635340690612793" lon="-83.760130405426025" />
      <trkpt lat="37.635877132415771" lon="-83.759207725524902" />
      <trkpt lat="37.636177539825439" lon="-83.758885860443115" />
      <trkpt lat="37.63641357421875" lon="-83.758800029754639" />
      <trkpt lat="37.636756896972656" lon="-83.758885860443115" />
      <trkpt lat="37.637143135070801" lon="-83.759164810180664" />
      <trkpt lat="37.637465000152588" lon="-83.759572505950928" />
      <trkpt lat="37.637636661529541" lon="-83.759593963623047" />
      <trkpt lat="37.637765407562256" lon="-83.759551048278809" />
      <trkpt lat="37.638108730316162" lon="-83.759036064147949" />
      <trkpt lat="37.638323307037354" lon="-83.758499622344971" />
      <trkpt lat="37.638494968414307" lon="-83.757898807525635" />
      <trkpt lat="37.638731002807617" lon="-83.757405281066895" />
      <trkpt lat="37.639095783233643" lon="-83.756997585296631" />
      <trkpt lat="37.639439105987549" lon="-83.756847381591797" />
      <trkpt lat="37.639782428741455" lon="-83.756825923919678" />
      <trkpt lat="37.64040470123291" lon="-83.757083415985107" />
      <trkpt lat="37.640619277954102" lon="-83.757040500640869" />
      <trkpt lat="37.641263008117676" lon="-83.756461143493652" />
      <trkpt lat="37.641541957855225" lon="-83.755860328674316" />
      <trkpt lat="37.641756534576416" lon="-83.755688667297363" />
      <trkpt lat="37.642807960510254" lon="-83.756203651428223" />
      <trkpt lat="37.642872333526611" lon="-83.756375312805176" />
      <trkpt lat="37.642786502838135" lon="-83.756675720214844" />
      <trkpt lat="37.642807960510254" lon="-83.756847381591797" />
      <trkpt lat="37.643172740936279" lon="-83.757190704345703" />
      <trkpt lat="37.643430233001709" lon="-83.757319450378418" />
      <trkpt lat="37.644009590148926" lon="-83.757297992706299" />
      <trkpt lat="37.644224166870117" lon="-83.757255077362061" />
      <trkpt lat="37.644739151000977" lon="-83.756933212280273" />
      <trkpt lat="37.645812034606934" lon="-83.756718635559082" />
      <trkpt lat="37.646005153656006" lon="-83.756740093231201" />
      <trkpt lat="37.646284103393555" lon="-83.756976127624512" />
      <trkpt lat="37.64664888381958" lon="-83.757984638214111" />
      <trkpt lat="37.646953901275992" lon="-83.758329637348652" />
      <trkpt lat="37.647084994241595" lon="-83.758351011201739">
        <ele>249.24000000000001</ele>
        <time>2018-10-23T16:58:17Z</time>
      </trkpt>
      <trkpt lat="37.647127993404865" lon="-83.758091004565358">
        <ele>245.18000000000001</ele>
        <time>2018-10-23T16:59:17Z</time>
      </trkpt>
      <trkpt lat="37.646984998136759" lon="-83.757542995736003">
        <ele>245.74000000000001</ele>
        <time>2018-10-23T17:00:17Z</time>
      </trkpt>
      <trkpt lat="37.646963959559798" lon="-83.757129013538361">
        <ele>249.31</ele>
        <time>2018-10-23T17:01:17Z</time>
      </trkpt>
      <trkpt lat="37.647092035040259" lon="-83.756528031080961">
        <ele>251.03</ele>
        <time>2018-10-23T17:02:17Z</time>
      </trkpt>
      <trkpt lat="37.647041995078325" lon="-83.755908021703362">
        <ele>250.36000000000001</ele>
        <time>2018-10-23T17:03:17Z</time>
      </trkpt>
      <trkpt lat="37.647169986739755" lon="-83.755251970142126">
        <ele>248.06</ele>
        <time>2018-10-23T17:04:17Z</time>
      </trkpt>
      <trkpt lat="37.646920960396528" lon="-83.754505980759859">
        <ele>247.11000000000001</ele>
        <time>2018-10-23T17:05:17Z</time>
      </trkpt>
      <trkpt lat="37.64657998457551" lon="-83.753994014114141">
        <ele>249.63</ele>
        <time>2018-10-23T17:06:17Z</time>
      </trkpt>
      <trkpt lat="37.646302040666342" lon="-83.753994014114141">
        <ele>254.30000000000001</ele>
        <time>2018-10-23T17:07:17Z</time>
      </trkpt>
      <trkpt lat="37.645974978804588" lon="-83.753643985837698">
        <ele>257</ele>
        <time>2018-10-23T17:08:17Z</time>
      </trkpt>
      <trkpt lat="37.645506011322141" lon="-83.752943007275462">
        <ele>256.81</ele>
        <time>2018-10-23T17:09:17Z</time>
      </trkpt>
      <trkpt lat="37.64563400298357" lon="-83.75263798981905">
        <ele>256.04000000000002</ele>
        <time>2018-10-23T17:10:17Z</time>
      </trkpt>
      <trkpt lat="37.64554800465703" lon="-83.752341018989682">
        <ele>256.99000000000001</ele>
        <time>2018-10-23T17:11:17Z</time>
      </trkpt>
      <trkpt lat="37.645136034116149" lon="-83.751533003523946">
        <ele>255.84999999999999</ele>
        <time>2018-10-23T17:12:17Z</time>
      </trkpt>
      <trkpt lat="37.644311003386974" lon="-83.750777961686254">
        <ele>255.25999999999999</ele>
        <time>2018-10-23T17:13:17Z</time>
      </trkpt>
      <trkpt lat="37.644203966483474" lon="-83.750383006408811">
        <ele>258.52999999999997</ele>
        <time>2018-10-23T17:14:17Z</time>
      </trkpt>
      <trkpt lat="37.644936963915825" lon="-83.750867983326316">
        <ele>258.66000000000003</ele>
        <time>2018-10-23T17:15:17Z</time>
      </trkpt>
      <trkpt lat="37.64563400298357" lon="-83.751253969967365">
        <ele>255.78999999999999</ele>
        <time>2018-10-23T17:16:17Z</time>
      </trkpt>
      <trkpt lat="37.646053014323115" lon="-83.750840993598104">
        <ele>254.19999999999999</ele>
        <time>2018-10-23T17:17:17Z</time>
      </trkpt>
      <trkpt lat="37.646345039829612" lon="-83.749987967312336">
        <ele>254.38999999999999</ele>
        <time>2018-10-23T17:18:17Z</time>
      </trkpt>
      <trkpt lat="37.646082015708089" lon="-83.748820032924414">
        <ele>256.56</ele>
        <time>2018-10-23T17:19:17Z</time>
      </trkpt>
      <trkpt lat="37.646096013486385" lon="-83.748136991634965">
        <ele>258.54000000000002</ele>
        <time>2018-10-23T17:20:17Z</time>
      </trkpt>
      <trkpt lat="37.646238002926111" lon="-83.747427966445684">
        <ele>261.06999999999999</ele>
        <time>2018-10-23T17:21:17Z</time>
      </trkpt>
      <trkpt lat="37.64554800465703" lon="-83.746654987335205">
        <ele>263.24000000000001</ele>
        <time>2018-10-23T17:22:17Z</time>
      </trkpt>
      <trkpt lat="37.645789990201592" lon="-83.74610697850585">
        <ele>260.89999999999998</ele>
        <time>2018-10-23T17:23:17Z</time>
      </trkpt>
      <trkpt lat="37.646565986797214" lon="-83.745972029864788">
        <ele>257.05000000000001</ele>
        <time>2018-10-23T17:24:17Z</time>
      </trkpt>
      <trkpt lat="37.646693978458643" lon="-83.745595011860132">
        <ele>252.84</ele>
        <time>2018-10-23T17:25:17Z</time>
      </trkpt>
      <trkpt lat="37.647078037261963" lon="-83.745199972763658">
        <ele>250.53999999999999</ele>
        <time>2018-10-23T17:26:17Z</time>
      </trkpt>
      <trkpt lat="37.647084994241595" lon="-83.744795965030789">
        <ele>251.02000000000001</ele>
        <time>2018-10-23T17:27:17Z</time>
      </trkpt>
      <trkpt lat="37.646792968735099" lon="-83.744768975302577">
        <ele>252.12</ele>
        <time>2018-10-23T17:28:17Z</time>
      </trkpt>
      <trkpt lat="37.646558023989201" lon="-83.745047003030777">
        <ele>253.37</ele>
        <time>2018-10-23T17:29:17Z</time>
      </trkpt>
      <trkpt lat="37.645840030163527" lon="-83.745038034394383">
        <ele>257.10000000000002</ele>
        <time>2018-10-23T17:30:17Z</time>
      </trkpt>
      <trkpt lat="37.645164029672742" lon="-83.744857991114259">
        <ele>261.75</ele>
        <time>2018-10-23T17:31:17Z</time>
      </trkpt>
      <trkpt lat="37.644850965589285" lon="-83.744453983381391">
        <ele>263.52999999999997</ele>
        <time>2018-10-23T17:32:17Z</time>
      </trkpt>
      <trkpt lat="37.645122036337852" lon="-83.744607036933303">
        <ele>263.10000000000002</ele>
        <time>2018-10-23T17:33:17Z</time>
      </trkpt>
      <trkpt lat="37.645854027941823" lon="-83.744597984477878">
        <ele>261.54000000000002</ele>
        <time>2018-10-23T17:34:17Z</time>
      </trkpt>
      <trkpt lat="37.646273961290717" lon="-83.744319034740329">
        <ele>260.24000000000001</ele>
        <time>2018-10-23T17:35:17Z</time>
      </trkpt>
      <trkpt lat="37.646445035934448" lon="-83.744049975648522">
        <ele>258.52999999999997</ele>
        <time>2018-10-23T17:36:17Z</time>
      </trkpt>
      <trkpt lat="37.647092035040259" lon="-83.743610009551048">
        <ele>257.31999999999999</ele>
        <time>2018-10-23T17:37:17Z</time>
      </trkpt>
      <trkpt lat="37.647177027538419" lon="-83.743016989901662">
        <ele>259.22000000000003</ele>
        <time>2018-10-23T17:38:17Z</time>
      </trkpt>
      <trkpt lat="37.647063033655286" lon="-83.742343001067638">
        <ele>259.86000000000001</ele>
        <time>2018-10-23T17:39:17Z</time>
      </trkpt>
      <trkpt lat="37.647255985066295" lon="-83.741947961971164">
        <ele>258.24000000000001</ele>
        <time>2018-10-23T17:40:17Z</time>
      </trkpt>
      <trkpt lat="37.64756896533072" lon="-83.740986976772547">
        <ele>254.40000000000001</ele>
        <time>2018-10-23T17:41:17Z</time>
      </trkpt>
      <trkpt lat="37.648677974939346" lon="-83.740986976772547">
        <ele>248.40000000000001</ele>
        <time>2018-10-23T17:42:17Z</time>
      </trkpt>
      <trkpt lat="37.648983998224139" lon="-83.741283025592566">
        <ele>245.47</ele>
        <time>2018-10-23T17:43:17Z</time>
      </trkpt>
      <trkpt lat="37.649361016228795" lon="-83.74133700504899">
        <ele>244.28</ele>
        <time>2018-10-23T17:44:17Z</time>
      </trkpt>
      <trkpt lat="37.649595960974693" lon="-83.741156961768866">
        <ele>242.02000000000001</ele>
        <time>2018-10-23T17:45:17Z</time>
      </trkpt>
      <trkpt lat="37.649837024509907" lon="-83.74105897732079">
        <ele>240.38999999999999</ele>
        <time>2018-10-23T17:46:17Z</time>
      </trkpt>
      <trkpt lat="37.650584019720554" lon="-83.74006999656558">
        <ele>240.25999999999999</ele>
        <time>2018-10-23T17:47:17Z</time>
      </trkpt>
      <trkpt lat="37.650334993377328" lon="-83.739665988832712">
        <ele>239.25</ele>
        <time>2018-10-23T17:48:17Z</time>
      </trkpt>
      <trkpt lat="37.650207001715899" lon="-83.739208001643419">
        <ele>240.13</ele>
        <time>2018-10-23T17:49:17Z</time>
      </trkpt>
      <trkpt lat="37.64986602589488" lon="-83.738795025274158">
        <ele>243.72999999999999</ele>
        <time>2018-10-23T17:50:17Z</time>
      </trkpt>
      <trkpt lat="37.649787990376353" lon="-83.738309964537621">
        <ele>249.63999999999999</ele>
        <time>2018-10-23T17:51:17Z</time>
      </trkpt>
      <trkpt lat="37.649367973208427" lon="-83.737150998786092">
        <ele>255.28</ele>
        <time>2018-10-23T17:52:17Z</time>
      </trkpt>
      <trkpt lat="37.64889900572598" lon="-83.736099991947412">
        <ele>257.79000000000002</ele>
        <time>2018-10-23T17:53:17Z</time>
      </trkpt>
      <trkpt lat="37.649872982874513" lon="-83.735982980579138">
        <ele>259.43000000000001</ele>
        <time>2018-10-23T17:54:17Z</time>
      </trkpt>
      <trkpt lat="37.650328036397696" lon="-83.736027991399169">
        <ele>260.68000000000001</ele>
        <time>2018-10-23T17:55:17Z</time>
      </trkpt>
      <trkpt lat="37.650861963629723" lon="-83.735767984762788">
        <ele>261.31999999999999</ele>
        <time>2018-10-23T17:56:17Z</time>
      </trkpt>
      <trkpt lat="37.651209980249405" lon="-83.735335981473327">
        <ele>261.38999999999999</ele>
        <time>2018-10-23T17:57:17Z</time>
      </trkpt>
      <trkpt lat="37.651337971910834" lon="-83.735165996477008">
        <ele>260.57999999999998</ele>
        <time>2018-10-23T16:58:17Z</time>
      </trkpt>
      <trkpt lat="37.651110989972949" lon="-83.73525501228869">
        <ele>260.50999999999999</ele>
        <time>2018-10-23T16:59:17Z</time>
      </trkpt>
      <trkpt lat="37.650485029444098" lon="-83.735623983666301">
        <ele>260.44</ele>
        <time>2018-10-23T17:00:17Z</time>
      </trkpt>
      <trkpt lat="37.649517003446817" lon="-83.735687015578151">
        <ele>259.61000000000001</ele>
        <time>2018-10-23T17:01:17Z</time>
      </trkpt>
      <trkpt lat="37.648919960483909" lon="-83.735479982569814">
        <ele>258.37</ele>
        <time>2018-10-23T17:02:17Z</time>
      </trkpt>
      <trkpt lat="37.648791968822479" lon="-83.73332398943603">
        <ele>259.67000000000002</ele>
        <time>2018-10-23T17:03:17Z</time>
      </trkpt>
      <trkpt lat="37.64909103512764" lon="-83.731365976855159">
        <ele>263</ele>
        <time>2018-10-23T17:04:17Z</time>
      </trkpt>
      <trkpt lat="37.648870004341006" lon="-83.730611018836498">
        <ele>264.72000000000003</ele>
        <time>2018-10-23T17:05:17Z</time>
      </trkpt>
      <trkpt lat="37.648842008784413" lon="-83.729273015633225">
        <ele>263.94999999999999</ele>
        <time>2018-10-23T17:06:17Z</time>
      </trkpt>
      <trkpt lat="37.6490050368011" lon="-83.728032996878028">
        <ele>264.82999999999998</ele>
        <time>2018-10-23T17:07:17Z</time>
      </trkpt>
      <trkpt lat="37.648628018796444" lon="-83.727035969495773">
        <ele>268.87</ele>
        <time>2018-10-23T17:08:17Z</time>
      </trkpt>
      <trkpt lat="37.648970000445843" lon="-83.725446006283164">
        <ele>271.19</ele>
        <time>2018-10-23T17:09:17Z</time>
      </trkpt>
      <trkpt lat="37.648486029356718" lon="-83.725068988278508">
        <ele>271.31</ele>
        <time>2018-10-23T17:10:17Z</time>
      </trkpt>
      <trkpt lat="37.648350996896625" lon="-83.724681995809078">
        <ele>271.02999999999997</ele>
        <time>2018-10-23T17:11:17Z</time>
      </trkpt>
      <trkpt lat="37.648563981056213" lon="-83.724386030808091">
        <ele>270.77999999999997</ele>
        <time>2018-10-23T17:12:17Z</time>
      </trkpt>
      <trkpt lat="37.648293999955058" lon="-83.724170029163361">
        <ele>271.80000000000001</ele>
        <time>2018-10-23T17:13:17Z</time>
      </trkpt>
      <trkpt lat="37.648073974996805" lon="-83.723513977602124">
        <ele>271.85000000000002</ele>
        <time>2018-10-23T17:14:17Z</time>
      </trkpt>
      <trkpt lat="37.647731993347406" lon="-83.721986962482333">
        <ele>269.92000000000002</ele>
        <time>2018-10-23T17:15:17Z</time>
      </trkpt>
      <trkpt lat="37.647496964782476" lon="-83.721555965021253">
        <ele>269.50999999999999</ele>
        <time>2018-10-23T17:16:17Z</time>
      </trkpt>
      <trkpt lat="37.647376013919711" lon="-83.721017008647323">
        <ele>272.23000000000002</ele>
        <time>2018-10-23T17:17:17Z</time>
      </trkpt>
      <trkpt lat="37.646978041157126" lon="-83.720307983458042">
        <ele>275.55000000000001</ele>
        <time>2018-10-23T17:18:17Z</time>
      </trkpt>
      <trkpt lat="37.646892964839935" lon="-83.719751005992293">
        <ele>276.58999999999997</ele>
        <time>2018-10-23T17:19:17Z</time>
      </trkpt>
      <trkpt lat="37.647112989798188" lon="-83.719023037701845">
        <ele>275.27999999999997</ele>
        <time>2018-10-23T17:20:17Z</time>
      </trkpt>
      <trkpt lat="37.647198988124728" lon="-83.718286016955972">
        <ele>276.35000000000002</ele>
        <time>2018-10-23T17:21:17Z</time>
      </trkpt>
      <trkpt lat="37.646963959559798" lon="-83.717647986486554">
        <ele>280.73000000000002</ele>
        <time>2018-10-23T17:22:17Z</time>
      </trkpt>
      <trkpt lat="37.646196009591222" lon="-83.716085013002157">
        <ele>282.64999999999998</ele>
        <time>2018-10-23T17:23:17Z</time>
      </trkpt>
      <trkpt lat="37.645755037665367" lon="-83.715285966172814">
        <ele>280.69999999999999</ele>
        <time>2018-10-23T17:24:17Z</time>
      </trkpt>
      <trkpt lat="37.645042994990945" lon="-83.714441992342472">
        <ele>281.19</ele>
        <time>2018-10-23T17:25:17Z</time>
      </trkpt>
      <trkpt lat="37.644481994211674" lon="-83.71418097987771">
        <ele>288.49000000000001</ele>
        <time>2018-10-23T17:26:17Z</time>
      </trkpt>
      <trkpt lat="37.64430396258831" lon="-83.713525012135506">
        <ele>299.13</ele>
        <time>2018-10-23T17:27:17Z</time>
      </trkpt>
      <trkpt lat="37.643876988440752" lon="-83.7129139713943">
        <ele>309.70999999999998</ele>
        <time>2018-10-23T17:28:17Z</time>
      </trkpt>
      <trkpt lat="37.643279023468494" lon="-83.712527984753251">
        <ele>319.32999999999998</ele>
        <time>2018-10-23T17:29:17Z</time>
      </trkpt>
      <trkpt lat="37.642831010743976" lon="-83.712653964757919">
        <ele>326.82999999999998</ele>
        <time>2018-10-23T17:30:17Z</time>
      </trkpt>
      <trkpt lat="37.642461033537984" lon="-83.712554974481463">
        <ele>331.19</ele>
        <time>2018-10-23T17:31:17Z</time>
      </trkpt>
      <trkpt lat="37.642275961115956" lon="-83.71226797811687">
        <ele>333.77999999999997</ele>
        <time>2018-10-23T17:32:17Z</time>
      </trkpt>
      <trkpt lat="37.641863990575075" lon="-83.712195977568626">
        <ele>336.52999999999997</ele>
        <time>2018-10-23T17:33:17Z</time>
      </trkpt>
      <trkpt lat="37.641543969511986" lon="-83.712834008038044">
        <ele>339.44</ele>
        <time>2018-10-23T17:34:17Z</time>
      </trkpt>
      <trkpt lat="37.640682980418205" lon="-83.713265005499125">
        <ele>343.66000000000003</ele>
        <time>2018-10-23T17:35:17Z</time>
      </trkpt>
      <trkpt lat="37.640163972973824" lon="-83.714199000969529">
        <ele>351.36000000000001</ele>
        <time>2018-10-23T17:36:17Z</time>
      </trkpt>
      <trkpt lat="37.638791017234325" lon="-83.714217022061348">
        <ele>356.57999999999998</ele>
        <time>2018-10-23T17:37:17Z</time>
      </trkpt>
      <trkpt lat="37.638192968443036" lon="-83.713714024052024">
        <ele>357.12</ele>
        <time>2018-10-23T17:38:17Z</time>
      </trkpt>
      <trkpt lat="37.637630961835384" lon="-83.713768003508449">
        <ele>356.32999999999998</ele>
        <time>2018-10-23T17:39:17Z</time>
      </trkpt>
      <trkpt lat="37.636792017146945" lon="-83.714036978781223">
        <ele>352.94</ele>
        <time>2018-10-23T17:40:17Z</time>
      </trkpt>
      <trkpt lat="37.635781997814775" lon="-83.715303987264633">
        <ele>349.16000000000003</ele>
        <time>2018-10-23T17:41:17Z</time>
      </trkpt>
      <trkpt lat="37.636208971962333" lon="-83.715977976098657">
        <ele>347.36000000000001</ele>
        <time>2018-10-23T17:42:17Z</time>
      </trkpt>
      <trkpt lat="37.635602625086904" lon="-83.716226918622851" />
      <trkpt lat="37.635598182678223" lon="-83.716228008270264" />
      <trkpt lat="37.63540506362915" lon="-83.716142177581787" />
      <trkpt lat="37.635254859924316" lon="-83.715927600860596" />
      <trkpt lat="37.63516902923584" lon="-83.715498447418213" />
      <trkpt lat="37.634954452514648" lon="-83.71333122253418" />
      <trkpt lat="37.634932994842529" lon="-83.712644577026367" />
      <trkpt lat="37.634932994842529" lon="-83.71232271194458" />
      <trkpt lat="37.634932994842529" lon="-83.712129592895508" />
      <trkpt lat="37.634954452514648" lon="-83.710842132568359" />
      <trkpt lat="37.635126113891602" lon="-83.708610534667969" />
      <trkpt lat="37.635061740875244" lon="-83.707945346832275" />
      <trkpt lat="37.635083198547363" lon="-83.707194328308105" />
      <trkpt lat="37.635340690612793" lon="-83.705477714538574" />
      <trkpt lat="37.635447978973389" lon="-83.704040050506592" />
      <trkpt lat="37.635383605957031" lon="-83.703610897064209" />
      <trkpt lat="37.635083198547363" lon="-83.702945709228516" />
      <trkpt lat="37.634954452514648" lon="-83.702473640441895" />
      <trkpt lat="37.634975910186768" lon="-83.702216148376465" />
      <trkpt lat="37.635104656219482" lon="-83.702001571655273" />
      <trkpt lat="37.635362148284912" lon="-83.701765537261963" />
      <trkpt lat="37.63615608215332" lon="-83.701422214508057" />
      <trkpt lat="37.636477947235107" lon="-83.701143264770508" />
      <trkpt lat="37.63716459274292" lon="-83.700370788574219" />
      <trkpt lat="37.637529373168945" lon="-83.699791431427002" />
      <trkpt lat="37.638795375823975" lon="-83.697066307067871" />
      <trkpt lat="37.638457249850035" lon="-83.696762630715966" />
      <trkpt lat="37.636263370513916" lon="-83.694791793823242" />
      <trkpt lat="37.636649608612061" lon="-83.694169521331787" />
      <trkpt lat="37.63614971190691" lon="-83.693289253860712" />
      <trkpt lat="37.634224891662598" lon="-83.689899444580078" />
      <trkpt lat="37.63392448425293" lon="-83.689513206481934" />
      <trkpt lat="37.633388042449951" lon="-83.68910551071167" />
      <trkpt lat="37.633044719696045" lon="-83.688976764678955" />
      <trkpt lat="37.632615566253662" lon="-83.688955307006836" />
      <trkpt lat="37.631134986877441" lon="-83.689062595367432" />
      <trkpt lat="37.629504203796387" lon="-83.689212799072266" />
      <trkpt lat="37.628345489501953" lon="-83.689298629760742" />
      <trkpt lat="37.628152370452881" lon="-83.689277172088623" />
      <trkpt lat="37.627830505371094" lon="-83.689084053039551" />
      <trkpt lat="37.627551555633545" lon="-83.68861198425293" />
      <trkpt lat="37.627122402191162" lon="-83.687517642974854" />
      <trkpt lat="37.626972198486328" lon="-83.687260150909424" />
      <trkpt lat="37.626821994781494" lon="-83.687131404876709" />
      <trkpt lat="37.626478672027588" lon="-83.687002658843994" />
      <trkpt lat="37.62617826461792" lon="-83.687045574188232" />
      <trkpt lat="37.625792026519775" lon="-83.687131404876709" />
      <trkpt lat="37.625448703765869" lon="-83.687024116516113" />
      <trkpt lat="37.62516975402832" lon="-83.686766624450684" />
      <trkpt lat="37.624611854553223" lon="-83.685886859893799" />
      <trkpt lat="37.624289989471436" lon="-83.685564994812012" />
      <trkpt lat="37.623882293701172" lon="-83.68535041809082" />
      <trkpt lat="37.623281478881836" lon="-83.685286045074463" />
      <trkpt lat="37.622723579406738" lon="-83.685221672058105" />
      <trkpt lat="37.622358798980713" lon="-83.685071468353271" />
      <trkpt lat="37.622144222259521" lon="-83.684835433959961" />
      <trkpt lat="37.621843814849854" lon="-83.684213161468506" />
      <trkpt lat="37.621650695800781" lon="-83.683934211730957" />
      <trkpt lat="37.621307373046875" lon="-83.683762550354004" />
      <trkpt lat="37.62094259262085" lon="-83.683784008026123" />
      <trkpt lat="37.619698047637939" lon="-83.68410587310791" />
      <trkpt lat="37.619225978851318" lon="-83.684277534484863" />
      <trkpt lat="37.618844266980886" lon="-83.684509797021747" />
      <trkpt lat="37.618846110999584" lon="-83.684514993801713" />
      <trkpt lat="37.618709988892078" lon="-83.684590011835098" />
      <trkpt lat="37.618679981678724" lon="-83.684469982981682" />
      <trkpt lat="37.618600018322468" lon="-83.684309972450137" />
      <trkpt lat="37.618470015004277" lon="-83.684139987453818" />
      <trkpt lat="37.618389967828989" lon="-83.684069998562336" />
      <trkpt lat="37.618200033903122" lon="-83.683960027992725" />
      <trkpt lat="37.618100037798285" lon="-83.683879980817437" />
      <trkpt lat="37.618029965087771" lon="-83.683779984712601" />
      <trkpt lat="37.617910020053387" lon="-83.683549985289574" />
      <trkpt lat="37.617780016735196" lon="-83.683349993079901" />
      <trkpt lat="37.617629980668426" lon="-83.683070037513971" />
      <trkpt lat="37.617640038952231" lon="-83.682859987020493" />
      <trkpt lat="37.617740035057068" lon="-83.68263996206224" />
      <trkpt lat="37.617819998413324" lon="-83.682520017027855" />
      <trkpt lat="37.617899961769581" lon="-83.682409962639213" />
      <trkpt lat="37.61808997951448" lon="-83.68220997042954" />
      <trkpt lat="37.618200033903122" lon="-83.682139981538057" />
      <trkpt lat="37.618430033326149" lon="-83.682009978219867" />
      <trkpt lat="37.618530029430985" lon="-83.681920040398836" />
      <trkpt lat="37.618700014427304" lon="-83.681690040975809" />
      <trkpt lat="37.618809984996915" lon="-83.681379994377494" />
      <trkpt lat="37.618849966675043" lon="-83.681210009381175" />
      <trkpt lat="37.61894996277988" lon="-83.680720003321767" />
      <trkpt lat="37.61896999552846" lon="-83.680550018325448" />
      <trkpt lat="37.61899002827704" lon="-83.680209964513779" />
      <trkpt lat="37.618960021063685" lon="-83.679869994521141" />
      <trkpt lat="37.618930013850331" lon="-83.679700009524822" />
      <trkpt lat="37.618860024958849" lon="-83.679389962926507" />
      <trkpt lat="37.618800010532141" lon="-83.679100032895803" />
      <trkpt lat="37.618760028854012" lon="-83.678799960762262" />
      <trkpt lat="37.618809984996915" lon="-83.678480023518205" />
      <trkpt lat="37.619009977206588" lon="-83.678209958598018" />
      <trkpt lat="37.619109973311424" lon="-83.678080039098859" />
      <trkpt lat="37.619299991056323" lon="-83.677860014140606" />
      <trkpt lat="37.619490008801222" lon="-83.677669996395707" />
      <trkpt lat="37.619599979370832" lon="-83.677590033039451" />
      <trkpt lat="37.619810029864311" lon="-83.677409989759326" />
      <trkpt lat="37.619899967685342" lon="-83.677300019189715" />
      <trkpt lat="37.619970040395856" lon="-83.677189964801073" />
      <trkpt lat="37.620149999856949" lon="-83.676829962059855" />
      <trkpt lat="37.620270028710365" lon="-83.676570039242506" />
      <trkpt lat="37.620300035923719" lon="-83.676440035924315" />
      <trkpt lat="37.620300035923719" lon="-83.676180029287934" />
      <trkpt lat="37.620229963213205" lon="-83.675830001011491" />
      <trkpt lat="37.620189981535077" lon="-83.675609976053238" />
      <trkpt lat="37.620189981535077" lon="-83.675490031018853" />
      <trkpt lat="37.620249995961785" lon="-83.675179984420538" />
      <trkpt lat="37.620280003175139" lon="-83.674970017746091" />
      <trkpt lat="37.620259970426559" lon="-83.674789974465966" />
      <trkpt lat="37.620200039818883" lon="-83.674610015004873" />
      <trkpt lat="37.620159974321723" lon="-83.674450004473329" />
      <trkpt lat="37.620119992643595" lon="-83.674299968406558" />
      <trkpt lat="37.620159974321723" lon="-83.674069968983531" />
      <trkpt lat="37.620219988748431" lon="-83.673920016735792" />
      <trkpt lat="37.620310010388494" lon="-83.673760006204247" />
      <trkpt lat="37.620349992066622" lon="-83.673660010099411" />
      <trkpt lat="37.62041000649333" lon="-83.673569988459349" />
      <trkpt lat="37.620489969849586" lon="-83.673349963501096" />
      <trkpt lat="37.620549984276295" lon="-83.673249967396259" />
      <trkpt lat="37.620640005916357" lon="-83.673070007935166" />
      <trkpt lat="37.620760034769773" lon="-83.672860041260719" />
      <trkpt lat="37.620900012552738" lon="-83.672659965232015" />
      <trkpt lat="37.621039990335703" lon="-83.67251998744905" />
      <trkpt lat="37.621200000867248" lon="-83.672270039096475" />
      <trkpt lat="37.621309971436858" lon="-83.672129977494478" />
      <trkpt lat="37.621480040252209" lon="-83.672129977494478" />
      <trkpt lat="37.621590010821819" lon="-83.672020006924868" />
      <trkpt lat="37.621790003031492" lon="-83.671890003606677" />
      <trkpt lat="37.621950013563037" lon="-83.671760000288486" />
      <trkpt lat="37.622110024094582" lon="-83.671650029718876" />
      <trkpt lat="37.622210020199418" lon="-83.671569982543588" />
      <trkpt lat="37.622349997982383" lon="-83.671420030295849" />
      <trkpt lat="37.622459968551993" lon="-83.671279968693852" />
      <trkpt lat="37.622610004618764" lon="-83.671160023659468" />
      <trkpt lat="37.622700026258826" lon="-83.671100009232759" />
      <trkpt lat="37.622789964079857" lon="-83.671039994806051" />
      <trkpt lat="37.622909992933273" lon="-83.670879984274507" />
      <trkpt lat="37.62303002178669" lon="-83.670689966529608" />
      <trkpt lat="37.6231399923563" lon="-83.670500032603741" />
      <trkpt lat="37.623269995674491" lon="-83.670270033180714" />
      <trkpt lat="37.623420031741261" lon="-83.670040033757687" />
      <trkpt lat="37.623539976775646" lon="-83.669980019330978" />
      <trkpt lat="37.623799983412027" lon="-83.669929979369044" />
      <trkpt lat="37.623939961194992" lon="-83.669850016012788" />
      <trkpt lat="37.624080022796988" lon="-83.669739961624146" />
      <trkpt lat="37.624240033328533" lon="-83.669609958305955" />
      <trkpt lat="37.624399960041046" lon="-83.669399991631508" />
      <trkpt lat="37.624480007216334" lon="-83.669139984995127" />
      <trkpt lat="37.624519988894463" lon="-83.668919960036874" />
      <trkpt lat="37.624519988894463" lon="-83.668709993362427" />
      <trkpt lat="37.624519988894463" lon="-83.668510001152754" />
      <trkpt lat="37.624440025538206" lon="-83.668129965662956" />
      <trkpt lat="37.624440025538206" lon="-83.667959980666637" />
      <trkpt lat="37.62447003275156" lon="-83.667780021205544" />
      <trkpt lat="37.624570028856397" lon="-83.667639959603548" />
      <trkpt lat="37.624710006639361" lon="-83.667569970712066" />
      <trkpt lat="37.624919973313808" lon="-83.667429992929101" />
      <trkpt lat="37.625070009380579" lon="-83.667269982397556" />
      <trkpt lat="37.625160031020641" lon="-83.667150037363172" />
      <trkpt lat="37.625230019912124" lon="-83.667039982974529" />
      <trkpt lat="37.625339990481734" lon="-83.666779976338148" />
      <trkpt lat="37.625430012121797" lon="-83.66646003909409" />
      <trkpt lat="37.625449961051345" lon="-83.666340010240674" />
      <trkpt lat="37.625509975478053" lon="-83.666100036352873" />
      <trkpt lat="37.625560015439987" lon="-83.66585997864604" />
      <trkpt lat="37.62560997158289" lon="-83.665620004758239" />
      <trkpt lat="37.625639978796244" lon="-83.665399979799986" />
      <trkpt lat="37.625690018758178" lon="-83.664649967104197" />
      <trkpt lat="37.625709967687726" lon="-83.664449974894524" />
      <trkpt lat="37.625709967687726" lon="-83.664240008220077" />
      <trkpt lat="37.62573997490108" lon="-83.664040016010404" />
      <trkpt lat="37.625790014863014" lon="-83.663900038227439" />
      <trkpt lat="37.625869978219271" lon="-83.663780009374022" />
      <trkpt lat="37.62616996653378" lon="-83.663640031591058" />
      <trkpt lat="37.626369958743453" lon="-83.663589991629124" />
      <trkpt lat="37.626580009236932" lon="-83.663499969989061" />
      <trkpt lat="37.626700038090348" lon="-83.663429981097579" />
      <trkpt lat="37.626780001446605" lon="-83.663359992206097" />
      <trkpt lat="37.626919979229569" lon="-83.663299977779388" />
      <trkpt lat="37.627030033618212" lon="-83.663269970566034" />
      <trkpt lat="37.627170011401176" lon="-83.66323996335268" />
      <trkpt lat="37.627249974757433" lon="-83.663210039958358" />
      <trkpt lat="37.627370003610849" lon="-83.663190007209778" />
      <trkpt lat="37.627490032464266" lon="-83.66312999278307" />
      <trkpt lat="37.627530014142394" lon="-83.662950033321977" />
      <trkpt lat="37.627560021355748" lon="-83.662630012258887" />
      <trkpt lat="37.627569995820522" lon="-83.662509983405471" />
      <trkpt lat="37.627569995820522" lon="-83.66227000951767" />
      <trkpt lat="37.627660017460585" lon="-83.661989970132709" />
      <trkpt lat="37.627769988030195" lon="-83.66184001788497" />
      <trkpt lat="37.62790996581316" lon="-83.661700040102005" />
      <trkpt lat="37.627999987453222" lon="-83.661650000140071" />
      <trkpt lat="37.628090009093285" lon="-83.661619992926717" />
      <trkpt lat="37.628259994089603" lon="-83.661559978500009" />
      <trkpt lat="37.628440037369728" lon="-83.66154002957046" />
      <trkpt lat="37.628619996830821" lon="-83.661510022357106" />
      <trkpt lat="37.628800040110946" lon="-83.661470040678978" />
      <trkpt lat="37.628900036215782" lon="-83.661450007930398" />
      <trkpt lat="37.629089970141649" lon="-83.661359986290336" />
      <trkpt lat="37.629189966246486" lon="-83.661289997398853" />
      <trkpt lat="37.629419965669513" lon="-83.661210034042597" />
      <trkpt lat="37.629570001736283" lon="-83.66109000518918" />
      <trkpt lat="37.62964996509254" lon="-83.661029990762472" />
      <trkpt lat="37.62980000115931" lon="-83.660929994657636" />
      <trkpt lat="37.629960011690855" lon="-83.660790016874671" />
      <trkpt lat="37.630039975047112" lon="-83.660720027983189" />
      <trkpt lat="37.630129996687174" lon="-83.66066001355648" />
      <trkpt lat="37.630310039967299" lon="-83.660609973594546" />
      <trkpt lat="37.630489999428391" lon="-83.660569991916418" />
      <trkpt lat="37.630589995533228" lon="-83.660569991916418" />
      <trkpt lat="37.630889983847737" lon="-83.660420039668679" />
      <trkpt lat="37.630989979952574" lon="-83.660360025241971" />
      <trkpt lat="37.631179997697473" lon="-83.66023002192378" />
      <trkpt lat="37.631259961053729" lon="-83.660130025818944" />
      <trkpt lat="37.631330033764243" lon="-83.660040004178882" />
      <trkpt lat="37.6314099971205" lon="-83.659949982538819" />
      <trkpt lat="37.631579982116818" lon="-83.6597799975425" />
      <trkpt lat="37.631679978221655" lon="-83.659700034186244" />
      <trkpt lat="37.631769999861717" lon="-83.659619987010956" />
      <trkpt lat="37.632380034774542" lon="-83.659189995378256" />
      <trkpt lat="37.632580026984215" lon="-83.659059992060065" />
      <trkpt lat="37.632659990340471" lon="-83.658990003168583" />
      <trkpt lat="37.632769960910082" lon="-83.658929988741875" />
      <trkpt lat="37.632970036938787" lon="-83.658829992637038" />
      <trkpt lat="37.633080007508397" lon="-83.65879001095891" />
      <trkpt lat="37.633180003613234" lon="-83.658750029280782" />
      <trkpt lat="37.633379995822906" lon="-83.658609967678785" />
      <trkpt lat="37.633560039103031" lon="-83.658430008217692" />
      <trkpt lat="37.633819961920381" lon="-83.658209983259439" />
      <trkpt lat="37.634020037949085" lon="-83.658100012689829" />
      <trkpt lat="37.634209971874952" lon="-83.657970009371638" />
      <trkpt lat="37.634299993515015" lon="-83.657900020480156" />
      <trkpt lat="37.634490011259913" lon="-83.657789966091514" />
      <trkpt lat="37.634690003469586" lon="-83.657689969986677" />
      <trkpt lat="37.634989991784096" lon="-83.657529959455132" />
      <trkpt lat="37.635199958458543" lon="-83.657410014420748" />
      <trkpt lat="37.635300038382411" lon="-83.657359974458814" />
      <trkpt lat="37.635440016165376" lon="-83.657319992780685" />
      <trkpt lat="37.635670015588403" lon="-83.657380007207394" />
      <trkpt lat="37.635809993371367" lon="-83.657429963350296" />
      <trkpt lat="37.636049967259169" lon="-83.657470028847456" />
      <trkpt lat="37.636200003325939" lon="-83.657389981672168" />
      <trkpt lat="37.63635003939271" lon="-83.65734999999404" />
      <trkpt lat="37.636529998853803" lon="-83.657340025529265" />
      <trkpt lat="37.636680034920573" lon="-83.657310018315911" />
      <trkpt lat="37.63689000159502" lon="-83.657310018315911" />
      <trkpt lat="37.637020004913211" lon="-83.657270036637783" />
      <trkpt lat="37.637140033766627" lon="-83.657210022211075" />
      <trkpt lat="37.637280011549592" lon="-83.657140033319592" />
      <trkpt lat="37.637465000152588" lon="-83.656961917877197" />
      <trkpt lat="37.637851238250732" lon="-83.656747341156006" />
      <trkpt lat="37.638087272644043" lon="-83.656704425811768" />
      <trkpt lat="37.638280391693115" lon="-83.656768798828125" />
      <trkpt lat="37.63916015625" lon="-83.657305240631104" />
      <trkpt lat="37.639739513397217" lon="-83.65788459777832" />
      <trkpt lat="37.640361785888672" lon="-83.658378124237061" />
      <trkpt lat="37.640619277954102" lon="-83.658485412597656" />
      <trkpt lat="37.64089822769165" lon="-83.658463954925537" />
      <trkpt lat="37.64115571975708" lon="-83.658335208892822" />
      <trkpt lat="37.641434669494629" lon="-83.658313751220703" />
      <trkpt lat="37.642014026641846" lon="-83.658528327941895" />
      <trkpt lat="37.642679214477539" lon="-83.659000396728516" />
      <trkpt lat="37.643043994903564" lon="-83.659365177154541" />
      <trkpt lat="37.643859386444092" lon="-83.660695552825928" />
      <trkpt lat="37.644202709197998" lon="-83.661167621612549" />
      <trkpt lat="37.644352912902832" lon="-83.661446571350098" />
      <trkpt lat="37.64439582824707" lon="-83.661682605743408" />
      <trkpt lat="37.644374370574951" lon="-83.662219047546387" />
      <trkpt lat="37.644460201263428" lon="-83.662519454956055" />
      <trkpt lat="37.644996643066406" lon="-83.663206100463867" />
      <trkpt lat="37.645275592803955" lon="-83.663463592529297" />
      <trkpt lat="37.645511627197266" lon="-83.663506507873535" />
      <trkpt lat="37.646090984344482" lon="-83.663249015808105" />
      <trkpt lat="37.646327018737793" lon="-83.663077354431152" />
      <trkpt lat="37.646756172180176" lon="-83.66262674331665" />
      <trkpt lat="37.647013664245605" lon="-83.662476539611816" />
      <trkpt lat="37.648751735687256" lon="-83.662519454956055" />
      <trkpt lat="37.649095058441162" lon="-83.66262674331665" />
      <trkpt lat="37.649331092834473" lon="-83.662819862365723" />
      <trkpt lat="37.649502754211426" lon="-83.663120269775391" />
      <trkpt lat="37.649717330932617" lon="-83.663699626922607" />
      <trkpt lat="37.649781703948975" lon="-83.663763999938965" />
      <trkpt lat="37.649996280670166" lon="-83.663828372955322" />
      <trkpt lat="37.650747299194336" lon="-83.663785457611084" />
      <trkpt lat="37.651069164276123" lon="-83.663914203643799" />
      <trkpt lat="37.651841640472412" lon="-83.664343357086182" />
      <trkpt lat="37.65214204788208" lon="-83.664536476135254" />
      <trkpt lat="37.652206420898438" lon="-83.664665222167969" />
      <trkpt lat="37.652249336242676" lon="-83.664815425872803" />
      <trkpt lat="37.652184963226318" lon="-83.665051460266113" />
      <trkpt lat="37.65190601348877" lon="-83.665652275085449" />
      <trkpt lat="37.651948928833008" lon="-83.665909767150879" />
      <trkpt lat="37.652099132537842" lon="-83.666059970855713" />
      <trkpt lat="37.652978897094727" lon="-83.666296005249023" />
      <trkpt lat="37.653279304504395" lon="-83.666510581970215" />
      <trkpt lat="37.653472423553467" lon="-83.666768074035645" />
      <trkpt lat="37.653794288635254" lon="-83.667562007904053" />
      <trkpt lat="37.654094696044922" lon="-83.667819499969482" />
      <trkpt lat="37.654695510864258" lon="-83.66788387298584" />
      <trkpt lat="37.655189037322998" lon="-83.668313026428223" />
      <trkpt lat="37.655403614044189" lon="-83.668441772460938" />
      <trkpt lat="37.655575275421143" lon="-83.668463230133057" />
      <trkpt lat="37.656025886535645" lon="-83.668270111083984" />
      <trkpt lat="37.656433582305908" lon="-83.668184280395508" />
      <trkpt lat="37.656776905059814" lon="-83.668227195739746" />
      <trkpt lat="37.657442092895508" lon="-83.668398857116699" />
      <trkpt lat="37.657742500305176" lon="-83.668334484100342" />
      <trkpt lat="37.657914161682129" lon="-83.66837739944458" />
      <trkpt lat="37.658150196075439" lon="-83.668613433837891" />
      <trkpt lat="37.65838623046875" lon="-83.669021129608154" />
      <trkpt lat="37.65864372253418" lon="-83.669278621673584" />
      <trkpt lat="37.659416198730469" lon="-83.669493198394775" />
      <trkpt lat="37.659566402435303" lon="-83.669707775115967" />
      <trkpt lat="37.659866809844971" lon="-83.670523166656494" />
      <trkpt lat="37.660059928894043" lon="-83.670759201049805" />
      <trkpt lat="37.660403251647949" lon="-83.670930862426758" />
      <trkpt lat="37.660746574401855" lon="-83.670930862426758" />
      <trkpt lat="37.660982608795166" lon="-83.670845031738281" />
      <trkpt lat="37.661561965942383" lon="-83.670308589935303" />
      <trkpt lat="37.661755084991455" lon="-83.670287132263184" />
      <trkpt lat="37.661948204040527" lon="-83.670308589935303" />
      <trkpt lat="37.662527561187744" lon="-83.670587539672852" />
      <trkpt lat="37.663042545318604" lon="-83.670995235443115" />
      <trkpt lat="37.663149833679199" lon="-83.671188354492188" />
      <trkpt lat="37.663235664367676" lon="-83.671531677246094" />
      <trkpt lat="37.663171291351318" lon="-83.671810626983643" />
      <trkpt lat="37.662827968597412" lon="-83.672282695770264" />
      <trkpt lat="37.662720680236816" lon="-83.672497272491455" />
      <trkpt lat="37.662699222564697" lon="-83.672797679901123" />
      <trkpt lat="37.662785053253174" lon="-83.673033714294434" />
      <trkpt lat="37.662935256958008" lon="-83.673162460327148" />
      <trkpt lat="37.663064002990723" lon="-83.673205375671387" />
      <trkpt lat="37.66387939453125" lon="-83.673162460327148" />
      <trkpt lat="37.664158344268799" lon="-83.673269748687744" />
      <trkpt lat="37.664308547973633" lon="-83.673462867736816" />
      <trkpt lat="37.664437294006348" lon="-83.674106597900391" />
      <trkpt lat="37.664501667022705" lon="-83.674213886260986" />
      <trkpt lat="37.664608955383301" lon="-83.674342632293701" />
      <trkpt lat="37.664802074432373" lon="-83.674407005310059" />
      <trkpt lat="37.665038108825684" lon="-83.674407005310059" />
      <trkpt lat="37.665274143218994" lon="-83.674321174621582" />
      <trkpt lat="37.666175365447998" lon="-83.673806190490723" />
      <trkpt lat="37.666969299316406" lon="-83.673677444458008" />
      <trkpt lat="37.667098045349121" lon="-83.673548698425293" />
      <trkpt lat="37.667355537414551" lon="-83.673141002655029" />
      <trkpt lat="37.667570114135742" lon="-83.672947883605957" />
      <trkpt lat="37.668235301971436" lon="-83.672561645507813" />
      <trkpt lat="37.668535709381104" lon="-83.672475814819336" />
      <trkpt lat="37.668707370758057" lon="-83.672583103179932" />
      <trkpt lat="37.669072151184082" lon="-83.673183917999268" />
      <trkpt lat="37.66963005065918" lon="-83.673570156097412" />
      <trkpt lat="37.669823169708252" lon="-83.673934936523438" />
      <trkpt lat="37.669887542724609" lon="-83.674256801605225" />
      <trkpt lat="37.669887542724609" lon="-83.675029277801514" />
      <trkpt lat="37.669951915740967" lon="-83.675243854522705" />
      <trkpt lat="37.670102119445801" lon="-83.675436973571777" />
      <trkpt lat="37.670402526855469" lon="-83.67560863494873" />
      <trkpt lat="37.671711444854736" lon="-83.67612361907959" />
      <trkpt lat="37.673642635345459" lon="-83.677132129669189" />
      <trkpt lat="37.674844264984131" lon="-83.677475452423096" />
      <trkpt lat="37.674994468688965" lon="-83.67762565612793" />
      <trkpt lat="37.675080299377441" lon="-83.677797317504883" />
      <trkpt lat="37.67512321472168" lon="-83.678033351898193" />
      <trkpt lat="37.675080299377441" lon="-83.678247928619385" />
      <trkpt lat="37.674930095672607" lon="-83.678548336029053" />
      <trkpt lat="37.674752315506339" lon="-83.678465858101845" />
      <trkpt lat="37.674329280853271" lon="-83.678269386291504" />
      <trkpt lat="37.673685550689697" lon="-83.678205013275146" />
      <trkpt lat="37.673170566558838" lon="-83.678269386291504" />
      <trkpt lat="37.672462463378906" lon="-83.678569793701172" />
      <trkpt lat="37.671883106231689" lon="-83.679041862487793" />
      <trkpt lat="37.671518325805664" lon="-83.679471015930176" />
      <trkpt lat="37.670402526855469" lon="-83.681187629699707" />
      <trkpt lat="37.669973373413086" lon="-83.6818528175354" />
      <trkpt lat="37.667162418365479" lon="-83.686251640319824" />
      <trkpt lat="37.667548656463623" lon="-83.686723709106445" />
      <trkpt lat="37.6676344871521" lon="-83.686895370483398" />
      <trkpt lat="37.667648065835238" lon="-83.687098128721118" />
      <trkpt lat="37.667655944824219" lon="-83.687217235565186" />
      <trkpt lat="37.667591571807861" lon="-83.687582015991211" />
      <trkpt lat="37.667269706726074" lon="-83.6883544921875" />
      <trkpt lat="37.667055130004883" lon="-83.688697814941406" />
      <trkpt lat="37.666239738464355" lon="-83.689727783203125" />
      <trkpt lat="37.665681838989258" lon="-83.690586090087891" />
      <trkpt lat="37.665252685546875" lon="-83.691701889038086" />
      <trkpt lat="37.665016651153564" lon="-83.692195415496826" />
      <trkpt lat="37.664802074432373" lon="-83.692517280578613" />
      <trkpt lat="37.664760751649737" lon="-83.692554999142885" />
      <trkpt lat="37.664760835468769" lon="-83.692554831504822" />
      <trkpt lat="37.664580037817359" lon="-83.692709980532527" />
      <trkpt lat="37.664810037240386" lon="-83.69308004155755" />
      <trkpt lat="37.665619980543852" lon="-83.693569963797927" />
      <trkpt lat="37.665779991075397" lon="-83.693929966539145" />
      <trkpt lat="37.665730034932494" lon="-83.694230038672686" />
      <trkpt lat="37.665480002760887" lon="-83.694389965385199" />
      <trkpt lat="37.665080018341541" lon="-83.694470012560487" />
      <trkpt lat="37.664950015023351" lon="-83.694330034777522" />
      <trkpt lat="37.664899975061417" lon="-83.694029962643981" />
      <trkpt lat="37.664699982851744" lon="-83.694040020927787" />
      <trkpt lat="37.664339980110526" lon="-83.694549975916743" />
      <trkpt lat="37.664090031757951" lon="-83.695799969136715" />
      <trkpt lat="37.663500029593706" lon="-83.696470018476248" />
      <trkpt lat="37.663649981841445" lon="-83.696630029007792" />
      <trkpt lat="37.66439002007246" lon="-83.69654000736773" />
      <trkpt lat="37.664969963952899" lon="-83.696370022371411" />
      <trkpt lat="37.665349999442697" lon="-83.696449985727668" />
      <trkpt lat="37.666079979389906" lon="-83.696830021217465" />
      <trkpt lat="37.667159987613559" lon="-83.697599982842803" />
      <trkpt lat="37.667120005935431" lon="-83.698289981111884" />
      <trkpt lat="37.666709963232279" lon="-83.69916002266109" />
      <trkpt lat="37.667199969291687" lon="-83.70100999251008" />
      <trkpt lat="37.667589979246259" lon="-83.701409976929426" />
      <trkpt lat="37.667659968137741" lon="-83.701569987460971" />
      <trkpt lat="37.668019970878959" lon="-83.703339993953705" />
      <trkpt lat="37.667930033057928" lon="-83.703739978373051" />
      <trkpt lat="37.667559972032905" lon="-83.704229984432459" />
      <trkpt lat="37.667540023103356" lon="-83.705339999869466" />
      <trkpt lat="37.667340030893683" lon="-83.706290004774928" />
      <trkpt lat="37.667319998145103" lon="-83.706689989194274" />
      <trkpt lat="37.667210027575493" lon="-83.706880006939173" />
      <trkpt lat="37.666929988190532" lon="-83.707100031897426" />
      <trkpt lat="37.666869973763824" lon="-83.707279991358519" />
      <trkpt lat="37.666850024834275" lon="-83.707720041275024" />
      <trkpt lat="37.666650032624602" lon="-83.708569966256618" />
      <trkpt lat="37.666799984872341" lon="-83.709100037813187" />
      <trkpt lat="37.666490022093058" lon="-83.709960021078587" />
      <trkpt lat="37.665889961645007" lon="-83.710590004920959" />
      <trkpt lat="37.665670020505786" lon="-83.711110018193722" />
      <trkpt lat="37.665570024400949" lon="-83.711540009826422" />
      <trkpt lat="37.665570024400949" lon="-83.712379960343242" />
      <trkpt lat="37.665480002760887" lon="-83.713159980252385" />
      <trkpt lat="37.664899975061417" lon="-83.713600030168891" />
      <trkpt lat="37.663709996268153" lon="-83.715229975059628" />
      <trkpt lat="37.662599980831146" lon="-83.716100016608834" />
      <trkpt lat="37.662130007520318" lon="-83.716780040413141" />
      <trkpt lat="37.661909982562065" lon="-83.716869978234172" />
      <trkpt lat="37.661300031468272" lon="-83.717629965394735" />
      <trkpt lat="37.660769959911704" lon="-83.718390036374331" />
      <trkpt lat="37.660629982128739" lon="-83.719180030748248" />
      <trkpt lat="37.660819999873638" lon="-83.72038995847106" />
      <trkpt lat="37.660569967702031" lon="-83.721780013293028" />
      <trkpt lat="37.660369975492358" lon="-83.72185000218451" />
      <trkpt lat="37.660139976069331" lon="-83.721780013293028" />
      <trkpt lat="37.659800006076694" lon="-83.721940023824573" />
      <trkpt lat="37.659590039402246" lon="-83.721919991075993" />
      <trkpt lat="37.658599968999624" lon="-83.722570007666945" />
      <trkpt lat="37.657800000160933" lon="-83.724300032481551" />
      <trkpt lat="37.657669996842742" lon="-83.724870001897216" />
      <trkpt lat="37.657779967412353" lon="-83.725499985739589" />
      <trkpt lat="37.657470004633069" lon="-83.727550031617284" />
      <trkpt lat="37.657570000737906" lon="-83.727920008823276" />
      <trkpt lat="37.657690029591322" lon="-83.728040037676692" />
      <trkpt lat="37.657419964671135" lon="-83.728120001032948" />
      <trkpt lat="37.657690029591322" lon="-83.728879988193512" />
      <trkpt lat="37.658209959045053" lon="-83.729579960927367" />
      <trkpt lat="37.658143993467093" lon="-83.729659002274275">
        <ele>247.34999999999999</ele>
        <time>2018-10-23T17:17:17Z</time>
      </trkpt>
      <trkpt lat="37.659588027745485" lon="-83.729353984817863">
        <ele>247.96000000000001</ele>
        <time>2018-10-23T17:18:17Z</time>
      </trkpt>
      <trkpt lat="37.660249024629593" lon="-83.729694960638881">
        <ele>247.72</ele>
        <time>2018-10-23T17:19:17Z</time>
      </trkpt>
      <trkpt lat="37.660526968538761" lon="-83.729731002822518">
        <ele>246.93000000000001</ele>
        <time>2018-10-23T17:20:17Z</time>
      </trkpt>
      <trkpt lat="37.660746993497014" lon="-83.729875003919005">
        <ele>247.25999999999999</ele>
        <time>2018-10-23T17:21:17Z</time>
      </trkpt>
      <trkpt lat="37.660882025957108" lon="-83.729910040274262">
        <ele>251.41999999999999</ele>
        <time>2018-10-23T17:22:17Z</time>
      </trkpt>
      <trkpt lat="37.661110013723373" lon="-83.730961969122291">
        <ele>260.45999999999998</ele>
        <time>2018-10-23T17:23:17Z</time>
      </trkpt>
      <trkpt lat="37.661016974598169" lon="-83.731357008218765">
        <ele>266.14999999999998</ele>
        <time>2018-10-23T17:24:17Z</time>
      </trkpt>
      <trkpt lat="37.661238005384803" lon="-83.731644004583359">
        <ele>266.48000000000002</ele>
        <time>2018-10-23T17:25:17Z</time>
      </trkpt>
      <trkpt lat="37.661224007606506" lon="-83.731590025126934">
        <ele>265.87</ele>
        <time>2018-10-23T17:26:17Z</time>
      </trkpt>
      <trkpt lat="37.661430034786463" lon="-83.732200982049108">
        <ele>264.37</ele>
        <time>2018-10-23T17:27:17Z</time>
      </trkpt>
      <trkpt lat="37.661550985649228" lon="-83.732245992869139">
        <ele>262.87</ele>
        <time>2018-10-23T17:28:17Z</time>
      </trkpt>
      <trkpt lat="37.661657016724348" lon="-83.732182960957289">
        <ele>261.50999999999999</ele>
        <time>2018-10-23T17:29:17Z</time>
      </trkpt>
      <trkpt lat="37.662120033055544" lon="-83.73229100368917">
        <ele>259.61000000000001</ele>
        <time>2018-10-23T17:30:17Z</time>
      </trkpt>
      <trkpt lat="37.66226202249527" lon="-83.732200982049108">
        <ele>257.77999999999997</ele>
        <time>2018-10-23T17:31:17Z</time>
      </trkpt>
      <trkpt lat="37.662773989140987" lon="-83.732182960957289">
        <ele>254.36000000000001</ele>
        <time>2018-10-23T17:32:17Z</time>
      </trkpt>
      <trkpt lat="37.663249997422099" lon="-83.731967965140939">
        <ele>250.94999999999999</ele>
        <time>2018-10-23T17:33:17Z</time>
      </trkpt>
      <trkpt lat="37.663570018485188" lon="-83.731895964592695">
        <ele>257.14999999999998</ele>
        <time>2018-10-23T17:34:17Z</time>
      </trkpt>
      <trkpt lat="37.664309972897172" lon="-83.731437977403402">
        <ele>265.93000000000001</ele>
        <time>2018-10-23T17:35:17Z</time>
      </trkpt>
      <trkpt lat="37.664600992575288" lon="-83.731159027665854">
        <ele>266.32999999999998</ele>
        <time>2018-10-23T17:36:17Z</time>
      </trkpt>
      <trkpt lat="37.665327033028007" lon="-83.730790978297591">
        <ele>265.36000000000001</ele>
        <time>2018-10-23T17:37:17Z</time>
      </trkpt>
      <trkpt lat="37.666159020736814" lon="-83.730944031849504">
        <ele>264.82999999999998</ele>
        <time>2018-10-23T17:38:17Z</time>
      </trkpt>
      <trkpt lat="37.666407963261008" lon="-83.730782009661198">
        <ele>262.87</ele>
        <time>2018-10-23T17:39:17Z</time>
      </trkpt>
      <trkpt lat="37.666493039578199" lon="-83.729937030002475">
        <ele>262.26999999999998</ele>
        <time>2018-10-23T17:40:17Z</time>
      </trkpt>
      <trkpt lat="37.666472001001239" lon="-83.729281984269619">
        <ele>258.82999999999998</ele>
        <time>2018-10-23T17:41:17Z</time>
      </trkpt>
      <trkpt lat="37.667011963203549" lon="-83.72784398496151">
        <ele>254.93000000000001</ele>
        <time>2018-10-23T17:42:17Z</time>
      </trkpt>
      <trkpt lat="37.667638007551432" lon="-83.727099001407623">
        <ele>255.66999999999999</ele>
        <time>2018-10-23T17:43:17Z</time>
      </trkpt>
      <trkpt lat="37.668605027720332" lon="-83.726936979219317">
        <ele>255.90000000000001</ele>
        <time>2018-10-23T17:44:17Z</time>
      </trkpt>
      <trkpt lat="37.668910967186093" lon="-83.726622993126512">
        <ele>255.31999999999999</ele>
        <time>2018-10-23T17:45:17Z</time>
      </trkpt>
      <trkpt lat="37.669287985190749" lon="-83.726021004840732">
        <ele>256.25999999999999</ele>
        <time>2018-10-23T17:46:17Z</time>
      </trkpt>
      <trkpt lat="37.669649999588728" lon="-83.725768961012363">
        <ele>261.45999999999998</ele>
        <time>2018-10-23T17:47:17Z</time>
      </trkpt>
      <trkpt lat="37.670566979795694" lon="-83.725590007379651">
        <ele>261.92000000000002</ele>
        <time>2018-10-23T17:48:17Z</time>
      </trkpt>
      <trkpt lat="37.671165028586984" lon="-83.725293036550283">
        <ele>257.64999999999998</ele>
        <time>2018-10-23T17:49:17Z</time>
      </trkpt>
      <trkpt lat="37.671789983287454" lon="-83.725087009370327">
        <ele>259.77999999999997</ele>
        <time>2018-10-23T17:50:17Z</time>
      </trkpt>
      <trkpt lat="37.672459026798606" lon="-83.724512010812759">
        <ele>263.22000000000003</ele>
        <time>2018-10-23T17:51:17Z</time>
      </trkpt>
      <trkpt lat="37.673155982047319" lon="-83.724088976159692">
        <ele>265.11000000000001</ele>
        <time>2018-10-23T17:52:17Z</time>
      </trkpt>
      <trkpt lat="37.673149025067687" lon="-83.724009012803435">
        <ele>265.73000000000002</ele>
        <time>2018-10-23T17:53:17Z</time>
      </trkpt>
      <trkpt lat="37.673382963985205" lon="-83.723873980343342">
        <ele>267.87</ele>
        <time>2018-10-23T17:54:17Z</time>
      </trkpt>
      <trkpt lat="37.673915969207883" lon="-83.72324500232935">
        <ele>271.20999999999998</ele>
        <time>2018-10-23T17:55:17Z</time>
      </trkpt>
      <trkpt lat="37.673938013613224" lon="-83.722939984872937">
        <ele>272.60000000000002</ele>
        <time>2018-10-23T17:56:17Z</time>
      </trkpt>
      <trkpt lat="37.67412300221622" lon="-83.722787015140057">
        <ele>272.19</ele>
        <time>2018-10-23T17:57:17Z</time>
      </trkpt>
      <trkpt lat="37.674534972757101" lon="-83.722723983228207">
        <ele>270.80000000000001</ele>
        <time>2018-10-23T17:58:17Z</time>
      </trkpt>
      <trkpt lat="37.675409959629178" lon="-83.722167005762458">
        <ele>268.69</ele>
        <time>2018-10-23T17:59:17Z</time>
      </trkpt>
      <trkpt lat="37.675629984587431" lon="-83.722247974947095">
        <ele>268.82999999999998</ele>
        <time>2018-10-23T18:00:17Z</time>
      </trkpt>
      <trkpt lat="37.676319982856512" lon="-83.722274964675307">
        <ele>272.19</ele>
        <time>2018-10-23T18:01:17Z</time>
      </trkpt>
      <trkpt lat="37.676398018375039" lon="-83.721969025209546">
        <ele>276.17000000000002</ele>
        <time>2018-10-23T18:02:17Z</time>
      </trkpt>
      <trkpt lat="37.676412016153336" lon="-83.721089009195566">
        <ele>277.35000000000002</ele>
        <time>2018-10-23T18:03:17Z</time>
      </trkpt>
      <trkpt lat="37.676988020539284" lon="-83.720128023996949">
        <ele>273.11000000000001</ele>
        <time>2018-10-23T18:04:17Z</time>
      </trkpt>
      <trkpt lat="37.677649017423391" lon="-83.718923963606358">
        <ele>270.61000000000001</ele>
        <time>2018-10-23T18:05:17Z</time>
      </trkpt>
      <trkpt lat="37.677961997687817" lon="-83.718601008877158">
        <ele>272.87</ele>
        <time>2018-10-23T18:06:17Z</time>
      </trkpt>
      <trkpt lat="37.678339015692472" lon="-83.718420965597034">
        <ele>274.75999999999999</ele>
        <time>2018-10-23T18:07:17Z</time>
      </trkpt>
      <trkpt lat="37.678573038429022" lon="-83.718510987237096">
        <ele>275.25</ele>
        <time>2018-10-23T18:08:17Z</time>
      </trkpt>
      <trkpt lat="37.6786208152771" lon="-83.718523979187012" />
      <trkpt lat="37.6786208152771" lon="-83.718523979187012" />
      <trkpt lat="37.678685188293457" lon="-83.718802928924561" />
      <trkpt lat="37.678878307342529" lon="-83.718953132629395" />
      <trkpt lat="37.679500579833984" lon="-83.719038963317871" />
      <trkpt lat="37.679951190948486" lon="-83.719339370727539" />
      <trkpt lat="37.680122852325439" lon="-83.719403743743896" />
      <trkpt lat="37.680745124816895" lon="-83.719425201416016" />
      <trkpt lat="37.680916786193848" lon="-83.719425201416016" />
      <trkpt lat="37.681002616882324" lon="-83.71931791305542" />
      <trkpt lat="37.681818008422852" lon="-83.717494010925293" />
      <trkpt lat="37.681946754455566" lon="-83.717021942138672" />
      <trkpt lat="37.682054042816162" lon="-83.7168288230896" />
      <trkpt lat="37.682375907897949" lon="-83.716635704040527" />
      <trkpt lat="37.68359899520874" lon="-83.716378211975098" />
      <trkpt lat="37.683727741241455" lon="-83.716292381286621" />
      <trkpt lat="37.684950828552246" lon="-83.71457576751709" />
      <trkpt lat="37.685251235961914" lon="-83.714382648468018" />
      <trkpt lat="37.685637474060059" lon="-83.714339733123779" />
      <trkpt lat="37.686023712158203" lon="-83.714017868041992" />
      <trkpt lat="37.68634557723999" lon="-83.713974952697754" />
      <trkpt lat="37.686688899993896" lon="-83.71382474899292" />
      <trkpt lat="37.68686056137085" lon="-83.713653087615967" />
      <trkpt lat="37.687246799468994" lon="-83.712944984436035" />
      <trkpt lat="37.687525749206543" lon="-83.712000846862793" />
      <trkpt lat="37.687869071960449" lon="-83.711678981781006" />
      <trkpt lat="37.688255310058594" lon="-83.711421489715576" />
      <trkpt lat="37.688920497894287" lon="-83.711421489715576" />
      <trkpt lat="37.689006328582764" lon="-83.71131420135498" />
      <trkpt lat="37.689285278320313" lon="-83.710477352142334" />
      <trkpt lat="37.689628601074219" lon="-83.710434436798096" />
      <trkpt lat="37.689628601074219" lon="-83.710434436798096" />
      <trkpt lat="37.689628601074219" lon="-83.710434436798096" />
      <trkpt lat="37.689671516418457" lon="-83.710048198699951" />
      <trkpt lat="37.689800262451172" lon="-83.709790706634521" />
      <trkpt lat="37.68984317779541" lon="-83.709383010864258" />
      <trkpt lat="37.689929008483887" lon="-83.709254264831543" />
      <trkpt lat="37.690207958221436" lon="-83.709189891815186" />
      <trkpt lat="37.690637111663818" lon="-83.709211349487305" />
      <trkpt lat="37.69108772277832" lon="-83.709061145782471" />
      <trkpt lat="37.691237926483154" lon="-83.708932399749756" />
      <trkpt lat="37.691323757171631" lon="-83.708739280700684" />
      <trkpt lat="37.691366672515869" lon="-83.708503246307373" />
      <trkpt lat="37.691280841827393" lon="-83.708288669586182" />
      <trkpt lat="37.690787315368652" lon="-83.707859516143799" />
      <trkpt lat="37.690701484680176" lon="-83.707709312438965" />
      <trkpt lat="37.690830230712891" lon="-83.707215785980225" />
      <trkpt lat="37.690937519073486" lon="-83.707022666931152" />
      <trkpt lat="37.69108772277832" lon="-83.706936836242676" />
      <trkpt lat="37.692010402679443" lon="-83.706872463226318" />
      <trkpt lat="37.69235372543335" lon="-83.706743717193604" />
      <trkpt lat="37.692997455596924" lon="-83.706314563751221" />
      <trkpt lat="37.693619728088379" lon="-83.705606460571289" />
      <trkpt lat="37.694070339202881" lon="-83.705155849456787" />
      <trkpt lat="37.694156169891357" lon="-83.704941272735596" />
      <trkpt lat="37.694113254547119" lon="-83.704297542572021" />
      <trkpt lat="37.694199085235596" lon="-83.703889846801758" />
      <trkpt lat="37.694606781005859" lon="-83.703246116638184" />
      <trkpt lat="37.695250511169434" lon="-83.701572418212891" />
      <trkpt lat="37.695679664611816" lon="-83.700928688049316" />
      <trkpt lat="37.69582986831665" lon="-83.700821399688721" />
      <trkpt lat="37.695980072021484" lon="-83.700778484344482" />
      <trkpt lat="37.696774005889893" lon="-83.700821399688721" />
      <trkpt lat="37.696988582611084" lon="-83.700778484344482" />
      <trkpt lat="37.69834041595459" lon="-83.700156211853027" />
      <trkpt lat="37.698469161987305" lon="-83.700048923492432" />
      <trkpt lat="37.698748111724854" lon="-83.699662685394287" />
      <trkpt lat="37.699348926544189" lon="-83.699705600738525" />
      <trkpt lat="37.69984245300293" lon="-83.699619770050049" />
      <trkpt lat="37.700443267822266" lon="-83.699898719787598" />
      <trkpt lat="37.700679302215576" lon="-83.699898719787598" />
      <trkpt lat="37.701666355133057" lon="-83.699276447296143" />
      <trkpt lat="37.702031135559082" lon="-83.69884729385376" />
      <trkpt lat="37.702181339263916" lon="-83.698611259460449" />
      <trkpt lat="37.70258903503418" lon="-83.697495460510254" />
      <trkpt lat="37.702803611755371" lon="-83.697152137756348" />
      <trkpt lat="37.703018188476563" lon="-83.696959018707275" />
      <trkpt lat="37.703661918640137" lon="-83.696808815002441" />
      <trkpt lat="37.704412937164307" lon="-83.697109222412109" />
      <trkpt lat="37.704799175262451" lon="-83.697109222412109" />
      <trkpt lat="37.705013751983643" lon="-83.697001934051514" />
      <trkpt lat="37.705872058868408" lon="-83.696208000183105" />
      <trkpt lat="37.706601619720459" lon="-83.695907592773438" />
      <trkpt lat="37.706708908081055" lon="-83.695950508117676" />
      <trkpt lat="37.706730365753174" lon="-83.696122169494629" />
      <trkpt lat="37.706408500671387" lon="-83.696529865264893" />
      <trkpt lat="37.706279754638672" lon="-83.696830272674561" />
      <trkpt lat="37.706301212310791" lon="-83.697044849395752" />
      <trkpt lat="37.706408500671387" lon="-83.697109222412109" />
      <trkpt lat="37.707717418670654" lon="-83.69558572769165" />
      <trkpt lat="37.707996368408203" lon="-83.69534969329834" />
      <trkpt lat="37.709391117095947" lon="-83.694684505462646" />
      <trkpt lat="37.709927558898926" lon="-83.694534301757813" />
      <trkpt lat="37.710270881652832" lon="-83.694663047790527" />
      <trkpt lat="37.710344810038805" lon="-83.693846147507429" />
      <trkpt lat="37.710283622145653" lon="-83.693853272125125" />
      <trkpt lat="37.710227966308594" lon="-83.693075180053711" />
      <trkpt lat="37.709455490112305" lon="-83.692388534545898" />
      <trkpt lat="37.709412574768066" lon="-83.691937923431396" />
      <trkpt lat="37.7095627784729" lon="-83.691380023956299" />
      <trkpt lat="37.709863185882568" lon="-83.690865039825439" />
      <trkpt lat="37.710013389587402" lon="-83.690500259399414" />
      <trkpt lat="37.709712982177734" lon="-83.687925338745117" />
      <trkpt lat="37.709605693817139" lon="-83.68736743927002" />
      <trkpt lat="37.709476947784424" lon="-83.687131404876709" />
      <trkpt lat="37.709026336669922" lon="-83.686723709106445" />
      <trkpt lat="37.708275318145752" lon="-83.686187267303467" />
      <trkpt lat="37.707846164703369" lon="-83.686037063598633" />
      <trkpt lat="37.707159519195557" lon="-83.686144351959229" />
      <trkpt lat="37.706944942474365" lon="-83.686058521270752" />
      <trkpt lat="37.706494331359863" lon="-83.685629367828369" />
      <trkpt lat="37.706172466278076" lon="-83.685414791107178" />
      <trkpt lat="37.705914974212646" lon="-83.68535041809082" />
      <trkpt lat="37.705357074737549" lon="-83.685393333435059" />
      <trkpt lat="37.705056667327881" lon="-83.685221672058105" />
      <trkpt lat="37.704885005950928" lon="-83.684921264648438" />
      <trkpt lat="37.704842090606689" lon="-83.684663772583008" />
      <trkpt lat="37.705099582672119" lon="-83.683547973632813" />
      <trkpt lat="37.705271244049072" lon="-83.682067394256592" />
      <trkpt lat="37.705163955688477" lon="-83.68161678314209" />
      <trkpt lat="37.705550193786621" lon="-83.681187629699707" />
      <trkpt lat="37.705850601196289" lon="-83.680715560913086" />
      <trkpt lat="37.706151008605957" lon="-83.679986000061035" />
      <trkpt lat="37.706236587837338" lon="-83.679601103067398" />
      <trkpt lat="37.706279754638672" lon="-83.679406642913818" />
      <trkpt lat="37.706344127655029" lon="-83.678634166717529" />
      <trkpt lat="37.70632266998291" lon="-83.677732944488525" />
      <trkpt lat="37.706279754638672" lon="-83.676273822784424" />
      <trkpt lat="37.706344127655029" lon="-83.675823211669922" />
      <trkpt lat="37.706537246704102" lon="-83.675286769866943" />
      <trkpt lat="37.707867622375488" lon="-83.673183917999268" />
      <trkpt lat="37.708983421325684" lon="-83.670802116394043" />
      <trkpt lat="37.709348201751709" lon="-83.670222759246826" />
      <trkpt lat="37.710742950439453" lon="-83.668720722198486" />
      <trkpt lat="37.711365222930908" lon="-83.668162822723389" />
      <trkpt lat="37.712759971618652" lon="-83.667454719543457" />
      <trkpt lat="37.71331787109375" lon="-83.667004108428955" />
      <trkpt lat="37.714648246765137" lon="-83.665244579315186" />
      <trkpt lat="37.714862823486328" lon="-83.664858341217041" />
      <trkpt lat="37.715163230895996" lon="-83.663957118988037" />
      <trkpt lat="37.715420722961426" lon="-83.663506507873535" />
      <trkpt lat="37.715785503387451" lon="-83.663163185119629" />
      <trkpt lat="37.716150283813477" lon="-83.662991523742676" />
      <trkpt lat="37.716600894927979" lon="-83.662841320037842" />
      <trkpt lat="37.717287540435791" lon="-83.662540912628174" />
      <trkpt lat="37.71930456161499" lon="-83.661231994628906" />
      <trkpt lat="37.721600532531738" lon="-83.659708499908447" />
      <trkpt lat="37.722222805023193" lon="-83.659365177154541" />
      <trkpt lat="37.722952365875244" lon="-83.659064769744873" />
      <trkpt lat="37.723724842071533" lon="-83.658914566040039" />
      <trkpt lat="37.726149559020996" lon="-83.658871650695801" />
      <trkpt lat="37.727136611938477" lon="-83.658785820007324" />
      <trkpt lat="37.728123664855957" lon="-83.658528327941895" />
      <trkpt lat="37.729368209838867" lon="-83.658013343811035" />
      <trkpt lat="37.729969024658203" lon="-83.657863140106201" />
      <trkpt lat="37.730312347412109" lon="-83.657906055450439" />
      <trkpt lat="37.730591297149658" lon="-83.658013343811035" />
      <trkpt lat="37.731513977050781" lon="-83.658614158630371" />
      <trkpt lat="37.731878757476807" lon="-83.658785820007324" />
      <trkpt lat="37.732307910919189" lon="-83.658871650695801" />
      <trkpt lat="37.732844352722168" lon="-83.658871650695801" />
      <trkpt lat="37.733123302459717" lon="-83.658807277679443" />
      <trkpt lat="37.733166217803955" lon="-83.658785820007324" />
      <trkpt lat="37.733938694000244" lon="-83.658356666564941" />
      <trkpt lat="37.734711170196533" lon="-83.657712936401367" />
      <trkpt lat="37.735011577606201" lon="-83.657541275024414" />
      <trkpt lat="37.735440731048584" lon="-83.657476902008057" />
      <trkpt lat="37.736964225769043" lon="-83.657519817352295" />
      <trkpt lat="37.737479209899902" lon="-83.657283782958984" />
      <trkpt lat="37.73829460144043" lon="-83.656725883483887" />
      <trkpt lat="37.73878812789917" lon="-83.656468391418457" />
      <trkpt lat="37.739109992980957" lon="-83.656425476074219" />
      <trkpt lat="37.739474773406982" lon="-83.656446933746338" />
      <trkpt lat="37.739968299865723" lon="-83.65664005279541" />
      <trkpt lat="37.74029016494751" lon="-83.656854629516602" />
      <trkpt lat="37.740612030029297" lon="-83.657176494598389" />
      <trkpt lat="37.74078369140625" lon="-83.657433986663818" />
      <trkpt lat="37.741599082946777" lon="-83.659086227416992" />
      <trkpt lat="37.742071151733398" lon="-83.659558296203613" />
      <trkpt lat="37.743980884552002" lon="-83.660545349121094" />
      <trkpt lat="37.746427059173584" lon="-83.661339282989502" />
      <trkpt lat="37.747607231140137" lon="-83.662047386169434" />
      <trkpt lat="37.748057842254639" lon="-83.662154674530029" />
      <trkpt lat="37.749109268188477" lon="-83.662283420562744" />
      <trkpt lat="37.749710083007813" lon="-83.662519454956055" />
      <trkpt lat="37.75001049041748" lon="-83.662734031677246" />
      <trkpt lat="37.750375270843506" lon="-83.663098812103271" />
      <trkpt lat="37.750697135925293" lon="-83.663613796234131" />
      <trkpt lat="37.751598358154297" lon="-83.665287494659424" />
      <trkpt lat="37.751963138580322" lon="-83.665716648101807" />
      <trkpt lat="37.752370834350586" lon="-83.665995597839355" />
      <trkpt lat="37.75277853012085" lon="-83.666081428527832" />
      <trkpt lat="37.753207683563232" lon="-83.666038513183594" />
      <trkpt lat="37.754580974578857" lon="-83.665287494659424" />
      <trkpt lat="37.75501012802124" lon="-83.665180206298828" />
      <trkpt lat="37.755460739135742" lon="-83.665223121643066" />
      <trkpt lat="37.75576114654541" lon="-83.665330410003662" />
      <trkpt lat="37.756125926971436" lon="-83.665609359741211" />
      <trkpt lat="37.757456302642822" lon="-83.667240142822266" />
      <trkpt lat="37.757971286773682" lon="-83.667926788330078" />
      <trkpt lat="37.758851051330566" lon="-83.669664859771729" />
      <trkpt lat="37.759087085723877" lon="-83.669943809509277" />
      <trkpt lat="37.759473323822021" lon="-83.670222759246826" />
      <trkpt lat="37.759902477264404" lon="-83.67037296295166" />
      <trkpt lat="37.760396003723145" lon="-83.670330047607422" />
      <trkpt lat="37.761855125427246" lon="-83.669686317443848" />
      <trkpt lat="37.762520313262939" lon="-83.669579029083252" />
      <trkpt lat="37.763228416442871" lon="-83.669772148132324" />
      <trkpt lat="37.763593196868896" lon="-83.670051097869873" />
      <trkpt lat="37.764022350311279" lon="-83.670544624328613" />
      <trkpt lat="37.764322757720947" lon="-83.67112398147583" />
      <trkpt lat="37.76451587677002" lon="-83.671810626983643" />
      <trkpt lat="37.764923572540283" lon="-83.673655986785889" />
      <trkpt lat="37.764966487884521" lon="-83.673806190490723" />
      <trkpt lat="37.765095233917236" lon="-83.674213886260986" />
      <trkpt lat="37.765223979949951" lon="-83.674428462982178" />
      <trkpt lat="37.765395641326904" lon="-83.674578666687012" />
      <trkpt lat="37.765696048736572" lon="-83.674643039703369" />
      <trkpt lat="37.766017913818359" lon="-83.674492835998535" />
      <trkpt lat="37.76674747467041" lon="-83.673913478851318" />
      <trkpt lat="37.767090797424316" lon="-83.673806190490723" />
      <trkpt lat="37.767455577850342" lon="-83.673827648162842" />
      <trkpt lat="37.767798900604248" lon="-83.674020767211914" />
      <trkpt lat="37.768013477325439" lon="-83.674256801605225" />
      <trkpt lat="37.768871784210205" lon="-83.675565719604492" />
      <trkpt lat="37.76923656463623" lon="-83.676037788391113" />
      <trkpt lat="37.769579887390137" lon="-83.676230907440186" />
      <trkpt lat="37.769944667816162" lon="-83.676295280456543" />
      <trkpt lat="37.771232128143311" lon="-83.676209449768066" />
      <trkpt lat="37.771553993225098" lon="-83.676252365112305" />
      <trkpt lat="37.771875858306885" lon="-83.6763596534729" />
      <trkpt lat="37.772541046142578" lon="-83.676788806915283" />
      <trkpt lat="37.772862911224365" lon="-83.67687463760376" />
      <trkpt lat="37.773141860961914" lon="-83.676853179931641" />
      <trkpt lat="37.77348518371582" lon="-83.676638603210449" />
      <trkpt lat="37.773764133453369" lon="-83.676295280456543" />
      <trkpt lat="37.774150371551514" lon="-83.675673007965088" />
      <trkpt lat="37.774322032928467" lon="-83.675522804260254" />
      <trkpt lat="37.774579524993896" lon="-83.675394058227539" />
      <trkpt lat="37.774837017059326" lon="-83.675415515899658" />
      <trkpt lat="37.775073051452637" lon="-83.675522804260254" />
      <trkpt lat="37.775309085845947" lon="-83.675758838653564" />
      <trkpt lat="37.775588035583496" lon="-83.676166534423828" />
      <trkpt lat="37.776038646697998" lon="-83.676831722259521" />
      <trkpt lat="37.776360511779785" lon="-83.677089214324951" />
      <trkpt lat="37.776532173156738" lon="-83.677153587341309" />
      <trkpt lat="37.77674674987793" lon="-83.67711067199707" />
      <trkpt lat="37.777111530303955" lon="-83.676810264587402" />
      <trkpt lat="37.777669429779053" lon="-83.676102161407471" />
      <trkpt lat="37.777884006500244" lon="-83.675973415374756" />
      <trkpt lat="37.778162956237793" lon="-83.67586612701416" />
      <trkpt lat="37.779343128204346" lon="-83.675758838653564" />
      <trkpt lat="37.779407501220703" lon="-83.675758838653564" />
      <trkpt lat="37.779707908630371" lon="-83.675844669342041" />
      <trkpt lat="37.780008316040039" lon="-83.676145076751709" />
      <trkpt lat="37.780158519744873" lon="-83.676509857177734" />
      <trkpt lat="37.780179977416992" lon="-83.678162097930908" />
      <trkpt lat="37.780544757843018" lon="-83.68037223815918" />
      <trkpt lat="37.780609130859375" lon="-83.680801391601563" />
      <trkpt lat="37.780759334564209" lon="-83.681316375732422" />
      <trkpt lat="37.781102657318115" lon="-83.681831359863281" />
      <trkpt lat="37.78123140335083" lon="-83.681938648223877" />
      <trkpt lat="37.781553268432617" lon="-83.682153224945068" />
      <trkpt lat="37.782046794891357" lon="-83.68236780166626" />
      <trkpt lat="37.782583236694336" lon="-83.682668209075928" />
      <trkpt lat="37.7829909324646" lon="-83.68311882019043" />
      <trkpt lat="37.78322696685791" lon="-83.683633804321289" />
      <trkpt lat="37.783334255218506" lon="-83.684020042419434" />
      <trkpt lat="37.783377170562744" lon="-83.684535026550293" />
      <trkpt lat="37.783312797546387" lon="-83.687925338745117" />
      <trkpt lat="37.783162593841553" lon="-83.688740730285645" />
      <trkpt lat="37.782754898071289" lon="-83.689684867858887" />
      <trkpt lat="37.782647609710693" lon="-83.690049648284912" />
      <trkpt lat="37.782669067382813" lon="-83.690500259399414" />
      <trkpt lat="37.782797813415527" lon="-83.690929412841797" />
      <trkpt lat="37.783119678497314" lon="-83.691294193267822" />
      <trkpt lat="37.783441543579102" lon="-83.691444396972656" />
      <trkpt lat="37.783806324005127" lon="-83.691444396972656" />
      <trkpt lat="37.78472900390625" lon="-83.691143989562988" />
      <trkpt lat="37.785265445709229" lon="-83.69110107421875" />
      <trkpt lat="37.786252498626709" lon="-83.691143989562988" />
      <trkpt lat="37.786660194396973" lon="-83.691272735595703" />
      <trkpt lat="37.787046432495117" lon="-83.691465854644775" />
      <trkpt lat="37.787497043609619" lon="-83.69185209274292" />
      <trkpt lat="37.787883281707764" lon="-83.692367076873779" />
      <trkpt lat="37.789192199707031" lon="-83.695242404937744" />
      <trkpt lat="37.790007591247559" lon="-83.697001934051514" />
      <trkpt lat="37.790372371673584" lon="-83.697452545166016" />
      <trkpt lat="37.790908813476563" lon="-83.697946071624756" />
      <trkpt lat="37.79120922088623" lon="-83.698310852050781" />
      <trkpt lat="37.791810035705566" lon="-83.699383735656738" />
      <trkpt lat="37.792861461639404" lon="-83.701422214508057" />
      <trkpt lat="37.793848514556885" lon="-83.70333194732666" />
      <trkpt lat="37.794191837310791" lon="-83.703804016113281" />
      <trkpt lat="37.794449329376221" lon="-83.703975677490234" />
      <trkpt lat="37.794792652130127" lon="-83.704061508178711" />
      <trkpt lat="37.795672416687012" lon="-83.703975677490234" />
      <trkpt lat="37.795779705047607" lon="-83.703954219818115" />
      <trkpt lat="37.796037197113037" lon="-83.703932762145996" />
      <trkpt lat="37.79620885848999" lon="-83.703889846801758" />
      <trkpt lat="37.79646635055542" lon="-83.703868389129639" />
      <trkpt lat="37.797517776489258" lon="-83.703675270080566" />
      <trkpt lat="37.797582149505615" lon="-83.703675270080566" />
      <trkpt lat="37.797796726226807" lon="-83.703632354736328" />
      <trkpt lat="37.797904014587402" lon="-83.703610897064209" />
      <trkpt lat="37.79820442199707" lon="-83.70358943939209" />
      <trkpt lat="37.798354625701904" lon="-83.704061508178711" />
      <trkpt lat="37.798891067504883" lon="-83.705863952636719" />
      <trkpt lat="37.799191474914551" lon="-83.706786632537842" />
      <trkpt lat="37.799384593963623" lon="-83.70708703994751" />
      <trkpt lat="37.799577713012695" lon="-83.707258701324463" />
      <trkpt lat="37.800114154815674" lon="-83.707537651062012" />
      <trkpt lat="37.802624702453613" lon="-83.708438873291016" />
      <trkpt lat="37.80320405960083" lon="-83.708717823028564" />
      <trkpt lat="37.803611755371094" lon="-83.70908260345459" />
      <trkpt lat="37.803826332092285" lon="-83.709275722503662" />
      <trkpt lat="37.804276943206787" lon="-83.709747791290283" />
      <trkpt lat="37.805027961730957" lon="-83.710885047912598" />
      <trkpt lat="37.805306911468506" lon="-83.711249828338623" />
      <trkpt lat="37.805521488189697" lon="-83.711485862731934" />
      <trkpt lat="37.806293964385986" lon="-83.71208667755127" />
      <trkpt lat="37.807474136352539" lon="-83.712859153747559" />
      <trkpt lat="37.807838916778564" lon="-83.713030815124512" />
      <trkpt lat="37.808139324188232" lon="-83.713116645812988" />
      <trkpt lat="37.809748649597168" lon="-83.712987899780273" />
      <trkpt lat="37.810156345367432" lon="-83.713138103485107" />
      <trkpt lat="37.810478210449219" lon="-83.713352680206299" />
      <trkpt lat="37.810885906219482" lon="-83.713846206665039" />
      <trkpt lat="37.811357975006104" lon="-83.714876174926758" />
      <trkpt lat="37.811765670776367" lon="-83.715541362762451" />
      <trkpt lat="37.813847064971924" lon="-83.717665672302246" />
      <trkpt lat="37.814769744873047" lon="-83.718845844268799" />
      <trkpt lat="37.815456390380859" lon="-83.719875812530518" />
      <trkpt lat="37.816786766052246" lon="-83.722386360168457" />
      <trkpt lat="37.817022800445557" lon="-83.722708225250244" />
      <trkpt lat="37.817280292510986" lon="-83.722987174987793" />
      <trkpt lat="37.817623615264893" lon="-83.723201751708984" />
      <trkpt lat="37.817988395690918" lon="-83.723351955413818" />
      <trkpt lat="37.819340229034424" lon="-83.72356653213501" />
      <trkpt lat="37.81944751739502" lon="-83.723587989807129" />
      <trkpt lat="37.819812297821045" lon="-83.723630905151367" />
      <trkpt lat="37.819983959197998" lon="-83.723652362823486" />
      <trkpt lat="37.820262908935547" lon="-83.723695278167725" />
      <trkpt lat="37.820992469787598" lon="-83.724017143249512" />
      <trkpt lat="37.822580337524414" lon="-83.72506856918335" />
      <trkpt lat="37.822880744934082" lon="-83.725347518920898" />
      <trkpt lat="37.824640274047852" lon="-83.72730016708374" />
      <trkpt lat="37.825241088867188" lon="-83.728072643280029" />
      <trkpt lat="37.825713157653809" lon="-83.728888034820557" />
      <trkpt lat="37.825992107391357" lon="-83.729467391967773" />
      <trkpt lat="37.826464176177979" lon="-83.730669021606445" />
      <trkpt lat="37.826764583587646" lon="-83.731720447540283" />
      <trkpt lat="37.826979160308838" lon="-83.73305082321167" />
      <trkpt lat="37.827858924865723" lon="-83.743221759796143" />
      <trkpt lat="37.827837467193604" lon="-83.743736743927002" />
      <trkpt lat="37.827751636505127" lon="-83.744187355041504" />
      <trkpt lat="37.82717227935791" lon="-83.745367527008057" />
      <trkpt lat="37.827022075653076" lon="-83.745625019073486" />
      <trkpt lat="37.826786041259766" lon="-83.746075630187988" />
      <trkpt lat="37.82517671585083" lon="-83.74903678894043" />
      <trkpt lat="37.824769020080566" lon="-83.749465942382813" />
      <trkpt lat="37.823696136474609" lon="-83.750195503234863" />
      <trkpt lat="37.823395729064941" lon="-83.750560283660889" />
      <trkpt lat="37.823245525360107" lon="-83.751096725463867" />
      <trkpt lat="37.823288440704346" lon="-83.752298355102539" />
      <trkpt lat="37.823309898376465" lon="-83.752491474151611" />
      <trkpt lat="37.823395729064941" lon="-83.752963542938232" />
      <trkpt lat="37.823503017425537" lon="-83.753221035003662" />
      <trkpt lat="37.826378345489502" lon="-83.757469654083252" />
      <trkpt lat="37.826507091522217" lon="-83.757748603820801" />
      <trkpt lat="37.827343940734863" lon="-83.760602474212646" />
      <trkpt lat="37.828116416931152" lon="-83.76201868057251" />
      <trkpt lat="37.828459739685059" lon="-83.762812614440918" />
      <trkpt lat="37.828652858734131" lon="-83.763778209686279" />
      <trkpt lat="37.828652858734131" lon="-83.764615058898926" />
      <trkpt lat="37.828502655029297" lon="-83.765151500701904" />
      <trkpt lat="37.828009128570557" lon="-83.766224384307861" />
      <trkpt lat="37.827966213226318" lon="-83.766460418701172" />
      <trkpt lat="37.827966213226318" lon="-83.76676082611084" />
      <trkpt lat="37.827966213226318" lon="-83.76676082611084" />
      <trkpt lat="37.828775988891721" lon="-83.767971005290747">
        <ele>209</ele>
        <time>2023-08-18T15:08:26Z</time>
      </trkpt>
      <trkpt lat="37.828658977523446" lon="-83.76793404109776">
        <ele>210</ele>
        <time>2023-08-18T15:08:27Z</time>
      </trkpt>
      <trkpt lat="37.82847298309207" lon="-83.767927000299096">
        <ele>212</ele>
        <time>2023-08-18T15:08:29Z</time>
      </trkpt>
      <trkpt lat="37.827921034768224" lon="-83.768004029989243">
        <ele>213</ele>
        <time>2023-08-18T15:08:33Z</time>
      </trkpt>
      <trkpt lat="37.827492970973253" lon="-83.768028002232313">
        <ele>212</ele>
        <time>2023-08-18T15:08:36Z</time>
      </trkpt>
      <trkpt lat="37.827345030382276" lon="-83.768049962818623">
        <ele>212</ele>
        <time>2023-08-18T15:08:37Z</time>
      </trkpt>
      <trkpt lat="37.8264129627496" lon="-83.768231011927128">
        <ele>213</ele>
        <time>2023-08-18T15:08:43Z</time>
      </trkpt>
      <trkpt lat="37.825946006923914" lon="-83.768347017467022">
        <ele>213</ele>
        <time>2023-08-18T15:08:46Z</time>
      </trkpt>
      <trkpt lat="37.825790019705892" lon="-83.768389010801911">
        <ele>213</ele>
        <time>2023-08-18T15:08:47Z</time>
      </trkpt>
      <trkpt lat="37.825494976714253" lon="-83.768476014956832">
        <ele>212</ele>
        <time>2023-08-18T15:08:49Z</time>
      </trkpt>
      <trkpt lat="37.82505702227354" lon="-83.768580034375191">
        <ele>211</ele>
        <time>2023-08-18T15:08:52Z</time>
      </trkpt>
      <trkpt lat="37.824444975703955" lon="-83.768692016601563">
        <ele>212</ele>
        <time>2023-08-18T15:08:56Z</time>
      </trkpt>
      <trkpt lat="37.824283037334681" lon="-83.768722023814917">
        <ele>213</ele>
        <time>2023-08-18T15:08:57Z</time>
      </trkpt>
      <trkpt lat="37.823364967480302" lon="-83.768878011032939">
        <ele>216</ele>
        <time>2023-08-18T15:09:03Z</time>
      </trkpt>
      <trkpt lat="37.823214009404182" lon="-83.768912041559815">
        <ele>217</ele>
        <time>2023-08-18T15:09:04Z</time>
      </trkpt>
      <trkpt lat="37.822941010817885" lon="-83.768995022401214">
        <ele>218</ele>
        <time>2023-08-18T15:09:06Z</time>
      </trkpt>
      <trkpt lat="37.822803966701031" lon="-83.769044978544116">
        <ele>217</ele>
        <time>2023-08-18T15:09:07Z</time>
      </trkpt>
      <trkpt lat="37.82254396006465" lon="-83.769154027104378">
        <ele>218</ele>
        <time>2023-08-18T15:09:09Z</time>
      </trkpt>
      <trkpt lat="37.822325024753809" lon="-83.769271038472652">
        <ele>218</ele>
        <time>2023-08-18T15:09:11Z</time>
      </trkpt>
      <trkpt lat="37.822217987850308" lon="-83.769312025979161">
        <ele>218</ele>
        <time>2023-08-18T15:09:12Z</time>
      </trkpt>
      <trkpt lat="37.821998968720436" lon="-83.76933298073709">
        <ele>217</ele>
        <time>2023-08-18T15:09:14Z</time>
      </trkpt>
      <trkpt lat="37.821892015635967" lon="-83.76930900849402">
        <ele>216</ele>
        <time>2023-08-18T15:09:15Z</time>
      </trkpt>
      <trkpt lat="37.821781039237976" lon="-83.769265003502369">
        <ele>216</ele>
        <time>2023-08-18T15:09:16Z</time>
      </trkpt>
      <trkpt lat="37.821672996506095" lon="-83.769217981025577">
        <ele>215</ele>
        <time>2023-08-18T15:09:17Z</time>
      </trkpt>
      <trkpt lat="37.821405027061701" lon="-83.769112033769488">
        <ele>214</ele>
        <time>2023-08-18T15:09:19Z</time>
      </trkpt>
      <trkpt lat="37.821140997111797" lon="-83.769049001857638">
        <ele>214</ele>
        <time>2023-08-18T15:09:21Z</time>
      </trkpt>
      <trkpt lat="37.82048100605607" lon="-83.76898898743093">
        <ele>214</ele>
        <time>2023-08-18T15:09:26Z</time>
      </trkpt>
      <trkpt lat="37.820357037708163" lon="-83.768981024622917">
        <ele>214</ele>
        <time>2023-08-18T15:09:27Z</time>
      </trkpt>
      <trkpt lat="37.820122009143233" lon="-83.768960991874337">
        <ele>216</ele>
        <time>2023-08-18T15:09:29Z</time>
      </trkpt>
      <trkpt lat="37.81979201361537" lon="-83.768908018246293">
        <ele>215</ele>
        <time>2023-08-18T15:09:32Z</time>
      </trkpt>
      <trkpt lat="37.819682965055108" lon="-83.768899971619248">
        <ele>216</ele>
        <time>2023-08-18T15:09:33Z</time>
      </trkpt>
      <trkpt lat="37.819597972556949" lon="-83.768881028518081">
        <ele>217</ele>
        <time>2023-08-18T15:09:34Z</time>
      </trkpt>
      <trkpt lat="37.819459000602365" lon="-83.768882034346461">
        <ele>217</ele>
        <time>2023-08-18T15:09:36Z</time>
      </trkpt>
      <trkpt lat="37.81938599422574" lon="-83.768903994932771">
        <ele>217</ele>
        <time>2023-08-18T15:09:37Z</time>
      </trkpt>
      <trkpt lat="37.819325979799032" lon="-83.768958980217576">
        <ele>216</ele>
        <time>2023-08-18T15:09:38Z</time>
      </trkpt>
      <trkpt lat="37.819265965372324" lon="-83.769045984372497">
        <ele>217</ele>
        <time>2023-08-18T15:09:39Z</time>
      </trkpt>
      <trkpt lat="37.819135040044785" lon="-83.769274977967143">
        <ele>218</ele>
        <time>2023-08-18T15:09:41Z</time>
      </trkpt>
      <trkpt lat="37.818924989551306" lon="-83.769717961549759">
        <ele>219</ele>
        <time>2023-08-18T15:09:44Z</time>
      </trkpt>
      <trkpt lat="37.818781994283199" lon="-83.770053992047906">
        <ele>221</ele>
        <time>2023-08-18T15:09:46Z</time>
      </trkpt>
      <trkpt lat="37.818724997341633" lon="-83.770239986479282">
        <ele>221</ele>
        <time>2023-08-18T15:09:47Z</time>
      </trkpt>
      <trkpt lat="37.818677974864841" lon="-83.770431010052562">
        <ele>222</ele>
        <time>2023-08-18T15:09:48Z</time>
      </trkpt>
      <trkpt lat="37.818613015115261" lon="-83.770624967291951">
        <ele>222</ele>
        <time>2023-08-18T15:09:49Z</time>
      </trkpt>
      <trkpt lat="37.81852601096034" lon="-83.770822025835514">
        <ele>223</ele>
        <time>2023-08-18T15:09:50Z</time>
      </trkpt>
      <trkpt lat="37.818325012922287" lon="-83.771223016083241">
        <ele>227</ele>
        <time>2023-08-18T15:09:52Z</time>
      </trkpt>
      <trkpt lat="37.817952018231153" lon="-83.772044023498893">
        <ele>232</ele>
        <time>2023-08-18T15:09:56Z</time>
      </trkpt>
      <trkpt lat="37.817869959399104" lon="-83.772228006273508">
        <ele>234</ele>
        <time>2023-08-18T15:09:57Z</time>
      </trkpt>
      <trkpt lat="37.817781027406454" lon="-83.772414000704885">
        <ele>234</ele>
        <time>2023-08-18T15:09:58Z</time>
      </trkpt>
      <trkpt lat="37.817688994109631" lon="-83.772772997617722">
        <ele>236</ele>
        <time>2023-08-18T15:10:00Z</time>
      </trkpt>
      <trkpt lat="37.817711038514972" lon="-83.773182034492493">
        <ele>239</ele>
        <time>2023-08-18T15:10:02Z</time>
      </trkpt>
      <trkpt lat="37.817759988829494" lon="-83.773633986711502">
        <ele>244</ele>
        <time>2023-08-18T15:10:04Z</time>
      </trkpt>
      <trkpt lat="37.817766023799777" lon="-83.773874966427684">
        <ele>247</ele>
        <time>2023-08-18T15:10:05Z</time>
      </trkpt>
      <trkpt lat="37.817749008536339" lon="-83.774119969457388">
        <ele>249</ele>
        <time>2023-08-18T15:10:06Z</time>
      </trkpt>
      <trkpt lat="37.817720007151365" lon="-83.774370001628995">
        <ele>253</ele>
        <time>2023-08-18T15:10:07Z</time>
      </trkpt>
      <trkpt lat="37.817674996331334" lon="-83.774621961638331">
        <ele>256</ele>
        <time>2023-08-18T15:10:08Z</time>
      </trkpt>
      <trkpt lat="37.817489001899958" lon="-83.77537096850574">
        <ele>266</ele>
        <time>2023-08-18T15:10:11Z</time>
      </trkpt>
      <trkpt lat="37.817378025501966" lon="-83.775900034233928">
        <ele>271</ele>
        <time>2023-08-18T15:10:13Z</time>
      </trkpt>
      <trkpt lat="37.817309964448214" lon="-83.776132967323065">
        <ele>274</ele>
        <time>2023-08-18T15:10:14Z</time>
      </trkpt>
      <trkpt lat="37.817222960293293" lon="-83.776347041130066">
        <ele>277</ele>
        <time>2023-08-18T15:10:15Z</time>
      </trkpt>
      <trkpt lat="37.817121036350727" lon="-83.776552984490991">
        <ele>280</ele>
        <time>2023-08-18T15:10:16Z</time>
      </trkpt>
      <trkpt lat="37.817011987790465" lon="-83.776750965043902">
        <ele>283</ele>
        <time>2023-08-18T15:10:17Z</time>
      </trkpt>
      <trkpt lat="37.816670006141067" lon="-83.777293022722006">
        <ele>290</ele>
        <time>2023-08-18T15:10:20Z</time>
      </trkpt>
      <trkpt lat="37.816405976191163" lon="-83.777615977451205">
        <ele>296</ele>
        <time>2023-08-18T15:10:23Z</time>
      </trkpt>
      <trkpt lat="37.81631201505661" lon="-83.77766702324152">
        <ele>297</ele>
        <time>2023-08-18T15:10:24Z</time>
      </trkpt>
      <trkpt lat="37.816217970103025" lon="-83.777704993262887">
        <ele>297</ele>
        <time>2023-08-18T15:10:25Z</time>
      </trkpt>
      <trkpt lat="37.816126020625234" lon="-83.777713039889932">
        <ele>298</ele>
        <time>2023-08-18T15:10:26Z</time>
      </trkpt>
      <trkpt lat="37.81603398732841" lon="-83.777704993262887">
        <ele>299</ele>
        <time>2023-08-18T15:10:27Z</time>
      </trkpt>
      <trkpt lat="37.815966010093689" lon="-83.777693007141352">
        <ele>300</ele>
        <time>2023-08-18T15:10:28Z</time>
      </trkpt>
      <trkpt lat="37.815835000947118" lon="-83.777631986886263">
        <ele>308</ele>
        <time>2023-08-18T15:11:37Z</time>
      </trkpt>
      <trkpt lat="37.815802982077003" lon="-83.777601979672909">
        <ele>308</ele>
        <time>2023-08-18T15:11:36Z</time>
      </trkpt>
      <trkpt lat="37.815781021490693" lon="-83.777577001601458">
        <ele>308</ele>
        <time>2023-08-18T15:11:35Z</time>
      </trkpt>
      <trkpt lat="37.815743973478675" lon="-83.777557974681258">
        <ele>309</ele>
        <time>2023-08-18T15:11:34Z</time>
      </trkpt>
      <trkpt lat="37.815648000687361" lon="-83.777534002438188">
        <ele>311</ele>
        <time>2023-08-18T15:11:32Z</time>
      </trkpt>
      <trkpt lat="37.815509028732777" lon="-83.777479017153382">
        <ele>311</ele>
        <time>2023-08-18T15:11:30Z</time>
      </trkpt>
      <trkpt lat="37.815353963524103" lon="-83.777370974421501">
        <ele>312</ele>
        <time>2023-08-18T15:11:28Z</time>
      </trkpt>
      <trkpt lat="37.815275005996227" lon="-83.777291011065245">
        <ele>313</ele>
        <time>2023-08-18T15:11:27Z</time>
      </trkpt>
      <trkpt lat="37.815197976306081" lon="-83.77719403244555">
        <ele>314</ele>
        <time>2023-08-18T15:11:26Z</time>
      </trkpt>
      <trkpt lat="37.815041989088058" lon="-83.776941988617182">
        <ele>317</ele>
        <time>2023-08-18T15:11:24Z</time>
      </trkpt>
      <trkpt lat="37.814970994368196" lon="-83.776796981692314">
        <ele>318</ele>
        <time>2023-08-18T15:11:23Z</time>
      </trkpt>
      <trkpt lat="37.814850965514779" lon="-83.776427004486322">
        <ele>321</ele>
        <time>2023-08-18T15:11:20Z</time>
      </trkpt>
      <trkpt lat="37.814816012978554" lon="-83.776369001716375">
        <ele>321</ele>
        <time>2023-08-18T15:11:19Z</time>
      </trkpt>
      <trkpt lat="37.81476597301662" lon="-83.776328014209867">
        <ele>321</ele>
        <time>2023-08-18T15:11:18Z</time>
      </trkpt>
      <trkpt lat="37.81472297385335" lon="-83.776324996724725">
        <ele>322</ele>
        <time>2023-08-18T15:11:17Z</time>
      </trkpt>
      <trkpt lat="37.81468098051846" lon="-83.776352992281318">
        <ele>322</ele>
        <time>2023-08-18T15:11:16Z</time>
      </trkpt>
      <trkpt lat="37.814652984961867" lon="-83.776404038071632">
        <ele>322</ele>
        <time>2023-08-18T15:11:15Z</time>
      </trkpt>
      <trkpt lat="37.814638987183571" lon="-83.776476038619876">
        <ele>322</ele>
        <time>2023-08-18T15:11:14Z</time>
      </trkpt>
      <trkpt lat="37.8146340418607" lon="-83.776673013344407">
        <ele>323</ele>
        <time>2023-08-18T15:11:12Z</time>
      </trkpt>
      <trkpt lat="37.814646027982235" lon="-83.777063023298979">
        <ele>322</ele>
        <time>2023-08-18T15:11:09Z</time>
      </trkpt>
      <trkpt lat="37.814667988568544" lon="-83.77736602909863">
        <ele>322</ele>
        <time>2023-08-18T15:11:07Z</time>
      </trkpt>
      <trkpt lat="37.814689027145505" lon="-83.777524027973413">
        <ele>322</ele>
        <time>2023-08-18T15:11:06Z</time>
      </trkpt>
      <trkpt lat="37.814736971631646" lon="-83.777828961610794">
        <ele>322</ele>
        <time>2023-08-18T15:11:04Z</time>
      </trkpt>
      <trkpt lat="37.814843002706766" lon="-83.778318967670202">
        <ele>323</ele>
        <time>2023-08-18T15:11:01Z</time>
      </trkpt>
      <trkpt lat="37.814889019355178" lon="-83.778489958494902">
        <ele>323</ele>
        <time>2023-08-18T15:11:00Z</time>
      </trkpt>
      <trkpt lat="37.815026985481381" lon="-83.778917016461492">
        <ele>323</ele>
        <time>2023-08-18T15:10:57Z</time>
      </trkpt>
      <trkpt lat="37.815062021836638" lon="-83.779024975374341">
        <ele>323</ele>
        <time>2023-08-18T15:10:56Z</time>
      </trkpt>
      <trkpt lat="37.81508800573647" lon="-83.779105022549629">
        <ele>324</ele>
        <time>2023-08-18T15:10:55Z</time>
      </trkpt>
      <trkpt lat="37.815123964101076" lon="-83.779165036976337">
        <ele>323</ele>
        <time>2023-08-18T15:10:54Z</time>
      </trkpt>
      <trkpt lat="37.815157994627953" lon="-83.77919303253293">
        <ele>323</ele>
        <time>2023-08-18T15:10:53Z</time>
      </trkpt>
      <trkpt lat="37.81512999907136" lon="-83.779285987839103">
        <ele>326</ele>
        <time>2023-08-18T15:12:00Z</time>
      </trkpt>
      <trkpt lat="37.815083982422948" lon="-83.779351031407714">
        <ele>327</ele>
        <time>2023-08-18T15:12:01Z</time>
      </trkpt>
      <trkpt lat="37.815019022673368" lon="-83.779395958408713">
        <ele>327</ele>
        <time>2023-08-18T15:12:02Z</time>
      </trkpt>
      <trkpt lat="37.814837973564863" lon="-83.779481034725904">
        <ele>328</ele>
        <time>2023-08-18T15:12:04Z</time>
      </trkpt>
      <trkpt lat="37.814607974141836" lon="-83.7795589864254">
        <ele>330</ele>
        <time>2023-08-18T15:12:06Z</time>
      </trkpt>
      <trkpt lat="37.814490962773561" lon="-83.779589999467134">
        <ele>332</ele>
        <time>2023-08-18T15:12:07Z</time>
      </trkpt>
      <trkpt lat="37.81424998305738" lon="-83.779616989195347">
        <ele>334</ele>
        <time>2023-08-18T15:12:09Z</time>
      </trkpt>
      <trkpt lat="37.813977990299463" lon="-83.779670968651772">
        <ele>337</ele>
        <time>2023-08-18T15:12:11Z</time>
      </trkpt>
      <trkpt lat="37.813826026394963" lon="-83.779686978086829">
        <ele>338</ele>
        <time>2023-08-18T15:12:12Z</time>
      </trkpt>
      <trkpt lat="37.81349896453321" lon="-83.779706005007029">
        <ele>340</ele>
        <time>2023-08-18T15:12:14Z</time>
      </trkpt>
      <trkpt lat="37.813323028385639" lon="-83.779693013057113">
        <ele>342</ele>
        <time>2023-08-18T15:12:15Z</time>
      </trkpt>
      <trkpt lat="37.81315497122705" lon="-83.779694018885493">
        <ele>343</ele>
        <time>2023-08-18T15:12:16Z</time>
      </trkpt>
      <trkpt lat="37.813010970130563" lon="-83.779692007228732">
        <ele>345</ele>
        <time>2023-08-18T15:12:17Z</time>
      </trkpt>
      <trkpt lat="37.812859006226063" lon="-83.779693013057113">
        <ele>345</ele>
        <time>2023-08-18T15:12:18Z</time>
      </trkpt>
      <trkpt lat="37.812749035656452" lon="-83.779657976701856">
        <ele>346</ele>
        <time>2023-08-18T15:12:19Z</time>
      </trkpt>
      <trkpt lat="37.812628000974655" lon="-83.779606008902192">
        <ele>346</ele>
        <time>2023-08-18T15:12:20Z</time>
      </trkpt>
      <trkpt lat="37.812367994338274" lon="-83.779469970613718">
        <ele>349</ele>
        <time>2023-08-18T15:12:22Z</time>
      </trkpt>
      <trkpt lat="37.812233967706561" lon="-83.779412973672152">
        <ele>350</ele>
        <time>2023-08-18T15:12:23Z</time>
      </trkpt>
      <trkpt lat="37.812104970216751" lon="-83.779389001429081">
        <ele>352</ele>
        <time>2023-08-18T15:12:24Z</time>
      </trkpt>
      <trkpt lat="37.811835994943976" lon="-83.779395958408713">
        <ele>355</ele>
        <time>2023-08-18T15:12:26Z</time>
      </trkpt>
      <trkpt lat="37.811696017161012" lon="-83.779428983107209">
        <ele>357</ele>
        <time>2023-08-18T15:12:27Z</time>
      </trkpt>
      <trkpt lat="37.811558973044157" lon="-83.779465025290847">
        <ele>358</ele>
        <time>2023-08-18T15:12:28Z</time>
      </trkpt>
      <trkpt lat="37.811438022181392" lon="-83.779514981433749">
        <ele>359</ele>
        <time>2023-08-18T15:12:29Z</time>
      </trkpt>
      <trkpt lat="37.811294021084905" lon="-83.779541971161962">
        <ele>362</ele>
        <time>2023-08-18T15:12:30Z</time>
      </trkpt>
      <trkpt lat="37.811149014160037" lon="-83.779557980597019">
        <ele>362</ele>
        <time>2023-08-18T15:12:31Z</time>
      </trkpt>
      <trkpt lat="37.810850031673908" lon="-83.779571978375316">
        <ele>368</ele>
        <time>2023-08-18T15:12:33Z</time>
      </trkpt>
      <trkpt lat="37.810717010870576" lon="-83.779563009738922">
        <ele>369</ele>
        <time>2023-08-18T15:12:34Z</time>
      </trkpt>
      <trkpt lat="37.810590025037527" lon="-83.77951699309051">
        <ele>371</ele>
        <time>2023-08-18T15:12:35Z</time>
      </trkpt>
      <trkpt lat="37.810475025326014" lon="-83.77945396117866">
        <ele>373</ele>
        <time>2023-08-18T15:12:36Z</time>
      </trkpt>
      <trkpt lat="37.810365976765752" lon="-83.779355976730585">
        <ele>375</ele>
        <time>2023-08-18T15:12:37Z</time>
      </trkpt>
      <trkpt lat="37.810267992317677" lon="-83.779237037524581">
        <ele>378</ele>
        <time>2023-08-18T15:12:38Z</time>
      </trkpt>
      <trkpt lat="37.809993987902999" lon="-83.778820037841797">
        <ele>386</ele>
        <time>2023-08-18T15:12:41Z</time>
      </trkpt>
      <trkpt lat="37.809851998463273" lon="-83.77854997292161">
        <ele>392</ele>
        <time>2023-08-18T15:12:44Z</time>
      </trkpt>
      <trkpt lat="37.809789972379804" lon="-83.778458023443818">
        <ele>395</ele>
        <time>2023-08-18T15:12:46Z</time>
      </trkpt>
      <trkpt lat="37.809771029278636" lon="-83.778430027887225">
        <ele>395</ele>
        <time>2023-08-18T15:12:47Z</time>
      </trkpt>
      <trkpt lat="37.809702968224883" lon="-83.778436984866858">
        <ele>396</ele>
        <time>2023-08-18T15:12:49Z</time>
      </trkpt>
      <trkpt lat="37.809614958241582" lon="-83.778500016778708">
        <ele>397</ele>
        <time>2023-08-18T15:12:51Z</time>
      </trkpt>
      <trkpt lat="37.809573970735073" lon="-83.778581991791725">
        <ele>397</ele>
        <time>2023-08-18T15:12:52Z</time>
      </trkpt>
      <trkpt lat="37.809515967965126" lon="-83.778647035360336">
        <ele>397</ele>
        <time>2023-08-18T15:12:53Z</time>
      </trkpt>
      <trkpt lat="37.809432987123728" lon="-83.778811991214752">
        <ele>398</ele>
        <time>2023-08-18T15:12:55Z</time>
      </trkpt>
      <trkpt lat="37.809382025152445" lon="-83.778876028954983">
        <ele>398</ele>
        <time>2023-08-18T15:12:56Z</time>
      </trkpt>
      <trkpt lat="37.809335002675653" lon="-83.778947023674846">
        <ele>399</ele>
        <time>2023-08-18T15:12:57Z</time>
      </trkpt>
      <trkpt lat="37.809255039319396" lon="-83.778976025059819">
        <ele>401</ele>
        <time>2023-08-18T15:12:58Z</time>
      </trkpt>
      <trkpt lat="37.809111960232258" lon="-83.779088007286191">
        <ele>402</ele>
        <time>2023-08-18T15:13:00Z</time>
      </trkpt>
      <trkpt lat="37.808965025469661" lon="-83.779361005872488">
        <ele>402</ele>
        <time>2023-08-18T15:13:03Z</time>
      </trkpt>
      <trkpt lat="37.808875003829598" lon="-83.779507018625736">
        <ele>403</ele>
        <time>2023-08-18T15:13:05Z</time>
      </trkpt>
      <trkpt lat="37.808821024373174" lon="-83.779550017789006">
        <ele>402</ele>
        <time>2023-08-18T15:13:06Z</time>
      </trkpt>
      <trkpt lat="37.808762015774846" lon="-83.779598968103528">
        <ele>401</ele>
        <time>2023-08-18T15:13:07Z</time>
      </trkpt>
      <trkpt lat="37.80870895832777" lon="-83.77964498475194">
        <ele>401</ele>
        <time>2023-08-18T15:13:08Z</time>
      </trkpt>
      <trkpt lat="37.808650033548474" lon="-83.779670968651772">
        <ele>401</ele>
        <time>2023-08-18T15:13:09Z</time>
      </trkpt>
      <trkpt lat="37.808580966666341" lon="-83.779683960601687">
        <ele>400</ele>
        <time>2023-08-18T15:13:10Z</time>
      </trkpt>
      <trkpt lat="37.808505026623607" lon="-83.779683038592339">
        <ele>399</ele>
        <time>2023-08-18T15:13:11Z</time>
      </trkpt>
      <trkpt lat="37.80842799693346" lon="-83.779669040814042">
        <ele>399</ele>
        <time>2023-08-18T15:13:12Z</time>
      </trkpt>
      <trkpt lat="37.808282990008593" lon="-83.779663005843759">
        <ele>399</ele>
        <time>2023-08-18T15:13:14Z</time>
      </trkpt>
      <trkpt lat="37.808210989460349" lon="-83.779707010835409">
        <ele>398</ele>
        <time>2023-08-18T15:13:15Z</time>
      </trkpt>
      <trkpt lat="37.80812599696219" lon="-83.779742969200015">
        <ele>398</ele>
        <time>2023-08-18T15:13:16Z</time>
      </trkpt>
      <trkpt lat="37.80806103721261" lon="-83.779784040525556">
        <ele>397</ele>
        <time>2023-08-18T15:13:17Z</time>
      </trkpt>
      <trkpt lat="37.807892980054021" lon="-83.779883030802011">
        <ele>395</ele>
        <time>2023-08-18T15:13:19Z</time>
      </trkpt>
      <trkpt lat="37.807720983400941" lon="-83.779963999986649">
        <ele>397</ele>
        <time>2023-08-18T15:13:21Z</time>
      </trkpt>
      <trkpt lat="37.807427030056715" lon="-83.780219983309507">
        <ele>398</ele>
        <time>2023-08-18T15:13:26Z</time>
      </trkpt>
      <trkpt lat="37.807385036721826" lon="-83.780273962765932">
        <ele>398</ele>
        <time>2023-08-18T15:13:27Z</time>
      </trkpt>
      <trkpt lat="37.80735201202333" lon="-83.780312016606331">
        <ele>398</ele>
        <time>2023-08-18T15:13:28Z</time>
      </trkpt>
      <trkpt lat="37.807242041453719" lon="-83.780377982184291">
        <ele>397</ele>
        <time>2023-08-18T15:13:30Z</time>
      </trkpt>
      <trkpt lat="37.806969964876771" lon="-83.780602030456066">
        <ele>395</ele>
        <time>2023-08-18T15:13:34Z</time>
      </trkpt>
      <trkpt lat="37.806829987093806" lon="-83.780690040439367">
        <ele>395</ele>
        <time>2023-08-18T15:13:36Z</time>
      </trkpt>
      <trkpt lat="37.80675396323204" lon="-83.780722981318831">
        <ele>396</ele>
        <time>2023-08-18T15:13:37Z</time>
      </trkpt>
      <trkpt lat="37.806592024862766" lon="-83.780840998515487">
        <ele>397</ele>
        <time>2023-08-18T15:13:40Z</time>
      </trkpt>
      <trkpt lat="37.8064089640975" lon="-83.78088902682066">
        <ele>396</ele>
        <time>2023-08-18T15:13:42Z</time>
      </trkpt>
      <trkpt lat="37.806144012138247" lon="-83.780871005728841">
        <ele>394</ele>
        <time>2023-08-18T15:13:46Z</time>
      </trkpt>
      <trkpt lat="37.806078968569636" lon="-83.780845021829009">
        <ele>394</ele>
        <time>2023-08-18T15:13:47Z</time>
      </trkpt>
      <trkpt lat="37.80599900521338" lon="-83.780788024887443">
        <ele>395</ele>
        <time>2023-08-18T15:13:48Z</time>
      </trkpt>
      <trkpt lat="37.805834971368313" lon="-83.780576968565583">
        <ele>394</ele>
        <time>2023-08-18T15:13:50Z</time>
      </trkpt>
      <trkpt lat="37.805660963058472" lon="-83.780430033802986">
        <ele>395</ele>
        <time>2023-08-18T15:13:52Z</time>
      </trkpt>
      <trkpt lat="37.805491983890533" lon="-83.780374964699149">
        <ele>397</ele>
        <time>2023-08-18T15:13:54Z</time>
      </trkpt>
      <trkpt lat="37.805445967242122" lon="-83.780430033802986">
        <ele>397</ele>
        <time>2023-08-18T15:13:55Z</time>
      </trkpt>
      <trkpt lat="37.805389976128936" lon="-83.780465992167592">
        <ele>398</ele>
        <time>2023-08-18T15:13:56Z</time>
      </trkpt>
      <trkpt lat="37.805334990844131" lon="-83.780538998544216">
        <ele>398</ele>
        <time>2023-08-18T15:13:57Z</time>
      </trkpt>
      <trkpt lat="37.805265001952648" lon="-83.780575040727854">
        <ele>399</ele>
        <time>2023-08-18T15:13:58Z</time>
      </trkpt>
      <trkpt lat="37.805148996412754" lon="-83.780721975490451">
        <ele>403</ele>
        <time>2023-08-18T15:14:01Z</time>
      </trkpt>
      <trkpt lat="37.805128963664174" lon="-83.780866982415318">
        <ele>402</ele>
        <time>2023-08-18T15:14:06Z</time>
      </trkpt>
      <trkpt lat="37.805146984755993" lon="-83.780899001285434">
        <ele>402</ele>
        <time>2023-08-18T15:14:07Z</time>
      </trkpt>
      <trkpt lat="37.805206999182701" lon="-83.781024981290102">
        <ele>405</ele>
        <time>2023-08-18T15:14:10Z</time>
      </trkpt>
      <trkpt lat="37.805185960605741" lon="-83.781145010143518">
        <ele>408</ele>
        <time>2023-08-18T15:14:12Z</time>
      </trkpt>
      <trkpt lat="37.805170034989715" lon="-83.781184991821647">
        <ele>408</ele>
        <time>2023-08-18T15:14:13Z</time>
      </trkpt>
      <trkpt lat="37.805133992806077" lon="-83.781210975721478">
        <ele>408</ele>
        <time>2023-08-18T15:14:15Z</time>
      </trkpt>
      <trkpt lat="37.805125024169683" lon="-83.78119396045804">
        <ele>408</ele>
        <time>2023-08-18T15:14:16Z</time>
      </trkpt>
      <trkpt lat="37.805124018341303" lon="-83.781182980164886">
        <ele>408</ele>
        <time>2023-08-18T15:14:17Z</time>
      </trkpt>
      <trkpt lat="37.805125024169683" lon="-83.781211981549859">
        <ele>407</ele>
        <time>2023-08-18T15:14:22Z</time>
      </trkpt>
      <trkpt lat="37.805107003077865" lon="-83.781228996813297">
        <ele>409</ele>
        <time>2023-08-18T15:14:31Z</time>
      </trkpt>
      <trkpt lat="37.805082025006413" lon="-83.781225979328156">
        <ele>414</ele>
        <time>2023-08-18T15:14:36Z</time>
      </trkpt>
      <trkpt lat="37.805070960894227" lon="-83.781194966286421">
        <ele>416</ele>
        <time>2023-08-18T15:14:43Z</time>
      </trkpt>
      <trkpt lat="37.805046988651156" lon="-83.781202007085085">
        <ele>416</ele>
        <time>2023-08-18T15:15:13Z</time>
      </trkpt>
      <trkpt lat="37.805028967559338" lon="-83.781224973499775">
        <ele>419</ele>
        <time>2023-08-18T15:15:17Z</time>
      </trkpt>
      <trkpt lat="37.805007006973028" lon="-83.781321030110121">
        <ele>417</ele>
        <time>2023-08-18T15:15:23Z</time>
      </trkpt>
      <trkpt lat="37.804966019466519" lon="-83.781347014009953">
        <ele>418</ele>
        <time>2023-08-18T15:15:24Z</time>
      </trkpt>
      <trkpt lat="37.804799973964691" lon="-83.78142898902297">
        <ele>416</ele>
        <time>2023-08-18T15:15:27Z</time>
      </trkpt>
      <trkpt lat="37.804706012830138" lon="-83.781457990407944">
        <ele>415</ele>
        <time>2023-08-18T15:15:29Z</time>
      </trkpt>
      <trkpt lat="37.804659996181726" lon="-83.781509036198258">
        <ele>414</ele>
        <time>2023-08-18T15:15:30Z</time>
      </trkpt>
      <trkpt lat="37.804632000625134" lon="-83.781512975692749">
        <ele>413</ele>
        <time>2023-08-18T15:15:31Z</time>
      </trkpt>
      <trkpt lat="37.804604005068541" lon="-83.781582964584231">
        <ele>412</ele>
        <time>2023-08-18T15:15:32Z</time>
      </trkpt>
      <trkpt lat="37.804563017562032" lon="-83.781619006767869">
        <ele>412</ele>
        <time>2023-08-18T15:15:33Z</time>
      </trkpt>
      <trkpt lat="37.804524041712284" lon="-83.781654965132475">
        <ele>411</ele>
        <time>2023-08-18T15:15:34Z</time>
      </trkpt>
      <trkpt lat="37.804413987323642" lon="-83.781739035621285">
        <ele>409</ele>
        <time>2023-08-18T15:15:37Z</time>
      </trkpt>
      <trkpt lat="37.804317008703947" lon="-83.781829979270697">
        <ele>409</ele>
        <time>2023-08-18T15:15:39Z</time>
      </trkpt>
      <trkpt lat="37.804280966520309" lon="-83.781897034496069">
        <ele>408</ele>
        <time>2023-08-18T15:15:40Z</time>
      </trkpt>
      <trkpt lat="37.804254982620478" lon="-83.781988983973861">
        <ele>409</ele>
        <time>2023-08-18T15:15:41Z</time>
      </trkpt>
      <trkpt lat="37.804231010377407" lon="-83.782183025032282">
        <ele>408</ele>
        <time>2023-08-18T15:15:43Z</time>
      </trkpt>
      <trkpt lat="37.804210977628827" lon="-83.78228503279388">
        <ele>407</ele>
        <time>2023-08-18T15:15:44Z</time>
      </trkpt>
      <trkpt lat="37.804159009829164" lon="-83.782340018078685">
        <ele>408</ele>
        <time>2023-08-18T15:15:45Z</time>
      </trkpt>
      <trkpt lat="37.804092038422823" lon="-83.782487958669662">
        <ele>409</ele>
        <time>2023-08-18T15:15:47Z</time>
      </trkpt>
      <trkpt lat="37.80404401011765" lon="-83.782649980857968">
        <ele>408</ele>
        <time>2023-08-18T15:15:49Z</time>
      </trkpt>
      <trkpt lat="37.803990030661225" lon="-83.78293395973742">
        <ele>407</ele>
        <time>2023-08-18T15:15:52Z</time>
      </trkpt>
      <trkpt lat="37.803983995690942" lon="-83.783020041882992">
        <ele>407</ele>
        <time>2023-08-18T15:15:53Z</time>
      </trkpt>
      <trkpt lat="37.803973015397787" lon="-83.783097993582487">
        <ele>406</ele>
        <time>2023-08-18T15:15:54Z</time>
      </trkpt>
      <trkpt lat="37.803944014012814" lon="-83.783178040757775">
        <ele>407</ele>
        <time>2023-08-18T15:15:55Z</time>
      </trkpt>
      <trkpt lat="37.803892968222499" lon="-83.783253980800509">
        <ele>408</ele>
        <time>2023-08-18T15:15:56Z</time>
      </trkpt>
      <trkpt lat="37.803749972954392" lon="-83.783393036574125">
        <ele>407</ele>
        <time>2023-08-18T15:15:58Z</time>
      </trkpt>
      <trkpt lat="37.803690964356065" lon="-83.783422037959099">
        <ele>408</ele>
        <time>2023-08-18T15:15:59Z</time>
      </trkpt>
      <trkpt lat="37.803633967414498" lon="-83.783480962738395">
        <ele>408</ele>
        <time>2023-08-18T15:16:00Z</time>
      </trkpt>
      <trkpt lat="37.80357101932168" lon="-83.783592022955418">
        <ele>407</ele>
        <time>2023-08-18T15:16:01Z</time>
      </trkpt>
      <trkpt lat="37.803534977138042" lon="-83.783701993525028">
        <ele>408</ele>
        <time>2023-08-18T15:16:02Z</time>
      </trkpt>
      <trkpt lat="37.803488038480282" lon="-83.783799977973104">
        <ele>409</ele>
        <time>2023-08-18T15:16:03Z</time>
      </trkpt>
      <trkpt lat="37.803445039317012" lon="-83.783872984349728">
        <ele>411</ele>
        <time>2023-08-18T15:16:04Z</time>
      </trkpt>
      <trkpt lat="37.803416959941387" lon="-83.783975997939706">
        <ele>412</ele>
        <time>2023-08-18T15:16:05Z</time>
      </trkpt>
      <trkpt lat="37.803466999903321" lon="-83.784098038449883">
        <ele>413</ele>
        <time>2023-08-18T15:16:08Z</time>
      </trkpt>
      <trkpt lat="37.803487032651901" lon="-83.784194011241198">
        <ele>412</ele>
        <time>2023-08-18T15:16:10Z</time>
      </trkpt>
      <trkpt lat="37.803486026823521" lon="-83.784242039546371">
        <ele>412</ele>
        <time>2023-08-18T15:16:11Z</time>
      </trkpt>
      <trkpt lat="37.803501030430198" lon="-83.784276992082596">
        <ele>411</ele>
        <time>2023-08-18T15:16:12Z</time>
      </trkpt>
      <trkpt lat="37.803448978811502" lon="-83.784273974597454">
        <ele>412</ele>
        <time>2023-08-18T15:16:13Z</time>
      </trkpt>
      <trkpt lat="37.803390976041555" lon="-83.784295013174415">
        <ele>412</ele>
        <time>2023-08-18T15:16:14Z</time>
      </trkpt>
      <trkpt lat="37.803283017128706" lon="-83.784318985417485">
        <ele>413</ele>
        <time>2023-08-18T15:16:16Z</time>
      </trkpt>
      <trkpt lat="37.803219985216856" lon="-83.784359972923994">
        <ele>414</ele>
        <time>2023-08-18T15:16:17Z</time>
      </trkpt>
      <trkpt lat="37.803145973011851" lon="-83.784378999844193">
        <ele>414</ele>
        <time>2023-08-18T15:16:19Z</time>
      </trkpt>
      <trkpt lat="37.803122000768781" lon="-83.784362990409136">
        <ele>414</ele>
        <time>2023-08-18T15:16:20Z</time>
      </trkpt>
      <trkpt lat="37.803117977455258" lon="-83.78434999845922">
        <ele>413</ele>
        <time>2023-08-18T15:16:21Z</time>
      </trkpt>
      <trkpt lat="37.803032984957099" lon="-83.784313034266233">
        <ele>413</ele>
        <time>2023-08-18T15:16:23Z</time>
      </trkpt>
      <trkpt lat="37.802985040470958" lon="-83.784311022609472">
        <ele>413</ele>
        <time>2023-08-18T15:16:24Z</time>
      </trkpt>
      <trkpt lat="37.802841039374471" lon="-83.784288978204131">
        <ele>416</ele>
        <time>2023-08-18T15:16:26Z</time>
      </trkpt>
      <trkpt lat="37.802694020792842" lon="-83.784237010404468">
        <ele>417</ele>
        <time>2023-08-18T15:16:28Z</time>
      </trkpt>
      <trkpt lat="37.80258103273809" lon="-83.784325020387769">
        <ele>417</ele>
        <time>2023-08-18T15:16:30Z</time>
      </trkpt>
      <trkpt lat="37.802526969462633" lon="-83.784352010115981">
        <ele>416</ele>
        <time>2023-08-18T15:16:31Z</time>
      </trkpt>
      <trkpt lat="37.80245304107666" lon="-83.784408001229167">
        <ele>417</ele>
        <time>2023-08-18T15:16:32Z</time>
      </trkpt>
      <trkpt lat="37.802400989457965" lon="-83.784484025090933">
        <ele>417</ele>
        <time>2023-08-18T15:16:33Z</time>
      </trkpt>
      <trkpt lat="37.802353966981173" lon="-83.784559965133667">
        <ele>417</ele>
        <time>2023-08-18T15:16:34Z</time>
      </trkpt>
      <trkpt lat="37.802293030545115" lon="-83.784696003422141">
        <ele>417</ele>
        <time>2023-08-18T15:16:36Z</time>
      </trkpt>
      <trkpt lat="37.802184987813234" lon="-83.784848973155022">
        <ele>417</ele>
        <time>2023-08-18T15:16:38Z</time>
      </trkpt>
      <trkpt lat="37.802119022235274" lon="-83.784927008673549">
        <ele>418</ele>
        <time>2023-08-18T15:16:39Z</time>
      </trkpt>
      <trkpt lat="37.802055990323424" lon="-83.784984005615115">
        <ele>417</ele>
        <time>2023-08-18T15:16:40Z</time>
      </trkpt>
      <trkpt lat="37.801961023360491" lon="-83.785130018368363">
        <ele>418</ele>
        <time>2023-08-18T15:16:43Z</time>
      </trkpt>
      <trkpt lat="37.801951970905066" lon="-83.785154996439815">
        <ele>418</ele>
        <time>2023-08-18T15:16:44Z</time>
      </trkpt>
      <trkpt lat="37.801945013925433" lon="-83.785196989774704">
        <ele>419</ele>
        <time>2023-08-18T15:16:45Z</time>
      </trkpt>
      <trkpt lat="37.801883993670344" lon="-83.785319030284882">
        <ele>422</ele>
        <time>2023-08-18T15:16:48Z</time>
      </trkpt>
      <trkpt lat="37.801878964528441" lon="-83.785373009741306">
        <ele>421</ele>
        <time>2023-08-18T15:16:49Z</time>
      </trkpt>
      <trkpt lat="37.801826996728778" lon="-83.785503013059497">
        <ele>419</ele>
        <time>2023-08-18T15:16:51Z</time>
      </trkpt>
      <trkpt lat="37.801816016435623" lon="-83.78557501360774">
        <ele>419</ele>
        <time>2023-08-18T15:16:52Z</time>
      </trkpt>
      <trkpt lat="37.801854992285371" lon="-83.785671992227435">
        <ele>418</ele>
        <time>2023-08-18T15:16:53Z</time>
      </trkpt>
      <trkpt lat="37.801877036690712" lon="-83.785758996382356">
        <ele>418</ele>
        <time>2023-08-18T15:16:54Z</time>
      </trkpt>
      <trkpt lat="37.801897991448641" lon="-83.785972986370325">
        <ele>417</ele>
        <time>2023-08-18T15:16:57Z</time>
      </trkpt>
      <trkpt lat="37.801881982013583" lon="-83.786062002182007">
        <ele>419</ele>
        <time>2023-08-18T15:16:59Z</time>
      </trkpt>
      <trkpt lat="37.801902014762163" lon="-83.786221006885171">
        <ele>418</ele>
        <time>2023-08-18T15:17:03Z</time>
      </trkpt>
      <trkpt lat="37.801901008933783" lon="-83.786270041018724">
        <ele>418</ele>
        <time>2023-08-18T15:17:04Z</time>
      </trkpt>
      <trkpt lat="37.801842000335455" lon="-83.786279009655118">
        <ele>420</ele>
        <time>2023-08-18T15:17:07Z</time>
      </trkpt>
      <trkpt lat="37.801690120249987" lon="-83.786006011068821" />
      <trkpt lat="37.801659107208252" lon="-83.785943984985352" />
      <trkpt lat="37.801508903503418" lon="-83.785407543182373" />
      <trkpt lat="37.801380157470703" lon="-83.785278797149658" />
      <trkpt lat="37.800886631011963" lon="-83.785300254821777" />
      <trkpt lat="37.800242900848389" lon="-83.785150051116943" />
      <trkpt lat="37.800006866455078" lon="-83.785021305084229" />
      <trkpt lat="37.799813747406006" lon="-83.784527778625488" />
      <trkpt lat="37.799620628356934" lon="-83.784162998199463" />
      <trkpt lat="37.799298763275146" lon="-83.783411979675293" />
      <trkpt lat="37.798869609832764" lon="-83.7827467918396" />
      <trkpt lat="37.798612117767334" lon="-83.782081604003906" />
      <trkpt lat="37.798418998718262" lon="-83.781845569610596" />
      <trkpt lat="37.798054218292236" lon="-83.781695365905762" />
      <trkpt lat="37.797839641571045" lon="-83.781695365905762" />
      <trkpt lat="37.79771089553833" lon="-83.781716823577881" />
      <trkpt lat="37.7974534034729" lon="-83.781931400299072" />
      <trkpt lat="37.797260284423828" lon="-83.781952857971191" />
      <trkpt lat="37.796809673309326" lon="-83.781673908233643" />
      <trkpt lat="37.796401977539063" lon="-83.781630992889404" />
      <trkpt lat="37.796230316162109" lon="-83.781566619873047" />
      <trkpt lat="37.796187400817871" lon="-83.781459331512451" />
      <trkpt lat="37.796187400817871" lon="-83.781352043151855" />
      <trkpt lat="37.796337604522705" lon="-83.78098726272583" />
      <trkpt lat="37.796401977539063" lon="-83.780708312988281" />
      <trkpt lat="37.796251773834229" lon="-83.78023624420166" />
      <trkpt lat="37.796015739440918" lon="-83.779571056365967" />
      <trkpt lat="37.795693874359131" lon="-83.779764175415039" />
      <trkpt lat="37.795007228851318" lon="-83.780343532562256" />
      <trkpt lat="37.794771194458008" lon="-83.780922889709473" />
      <trkpt lat="37.794642448425293" lon="-83.781051635742188" />
      <trkpt lat="37.794127464294434" lon="-83.781180381774902" />
      <trkpt lat="37.793676853179932" lon="-83.781373500823975" />
      <trkpt lat="37.79339823871851" lon="-83.781331339851022" />
      <trkpt lat="37.792971096932888" lon="-83.781001344323158" />
      <trkpt lat="37.792204488068819" lon="-83.780123507604003" />
      <trkpt lat="37.791886813938618" lon="-83.780083861202002" />
      <trkpt lat="37.792960200458765" lon="-83.781753787770867" />
      <trkpt lat="37.793269157409668" lon="-83.782789707183838" />
      <trkpt lat="37.793354988098145" lon="-83.783175945281982" />
      <trkpt lat="37.793354988098145" lon="-83.783562183380127" />
      <trkpt lat="37.793011665344238" lon="-83.785836696624756" />
      <trkpt lat="37.792840003967285" lon="-83.786201477050781" />
      <trkpt lat="37.791917324066162" lon="-83.787274360656738" />
      <trkpt lat="37.791788578033447" lon="-83.787639141082764" />
      <trkpt lat="37.791702747344971" lon="-83.788089752197266" />
      <trkpt lat="37.791638374328613" lon="-83.788540363311768" />
      <trkpt lat="37.791638374328613" lon="-83.789334297180176" />
      <trkpt lat="37.79172420501709" lon="-83.790020942687988" />
      <trkpt lat="37.791616916656494" lon="-83.790664672851563" />
      <trkpt lat="37.791638374328613" lon="-83.791759014129639" />
      <trkpt lat="37.791509628295898" lon="-83.792767524719238" />
      <trkpt lat="37.791552543640137" lon="-83.793239593505859" />
      <trkpt lat="37.791423797607422" lon="-83.793883323669434" />
      <trkpt lat="37.791380882263184" lon="-83.794291019439697" />
      <trkpt lat="37.791402339935303" lon="-83.794698715209961" />
      <trkpt lat="37.791488170623779" lon="-83.794934749603271" />
      <trkpt lat="37.792561054229736" lon="-83.795750141143799" />
      <trkpt lat="37.793054580688477" lon="-83.796308040618896" />
      <trkpt lat="37.793397903442383" lon="-83.796801567077637" />
      <trkpt lat="37.793998718261719" lon="-83.798024654388428" />
      <trkpt lat="37.794277667999268" lon="-83.798496723175049" />
      <trkpt lat="37.794427871704102" lon="-83.798625469207764" />
      <trkpt lat="37.795007228851318" lon="-83.798818588256836" />
      <trkpt lat="37.795264720916748" lon="-83.799097537994385" />
      <trkpt lat="37.795329093933105" lon="-83.799483776092529" />
      <trkpt lat="37.795243263244629" lon="-83.800384998321533" />
      <trkpt lat="37.795264720916748" lon="-83.801500797271729" />
      <trkpt lat="37.79496431350708" lon="-83.802874088287354" />
      <trkpt lat="37.794899940490723" lon="-83.803238868713379" />
      <trkpt lat="37.794921398162842" lon="-83.804032802581787" />
      <trkpt lat="37.794835567474365" lon="-83.80544900894165" />
      <trkpt lat="37.794857025146484" lon="-83.806049823760986" />
      <trkpt lat="37.794921398162842" lon="-83.806285858154297" />
      <trkpt lat="37.795286178588867" lon="-83.806865215301514" />
      <trkpt lat="37.795586585998535" lon="-83.807530403137207" />
      <trkpt lat="37.795693874359131" lon="-83.807787895202637" />
      <trkpt lat="37.795865535736084" lon="-83.808174133300781" />
      <trkpt lat="37.796380519866943" lon="-83.808989524841309" />
      <trkpt lat="37.796659469604492" lon="-83.810405731201172" />
      <trkpt lat="37.796766757965088" lon="-83.810641765594482" />
      <trkpt lat="37.797775268554688" lon="-83.81145715713501" />
      <trkpt lat="37.798483371734619" lon="-83.811757564544678" />
      <trkpt lat="37.799084186553955" lon="-83.811800479888916" />
      <trkpt lat="37.799770832061768" lon="-83.812036514282227" />
      <trkpt lat="37.799942493438721" lon="-83.811993598937988" />
      <trkpt lat="37.800500392913818" lon="-83.811671733856201" />
      <trkpt lat="37.801358699798584" lon="-83.811478614807129" />
      <trkpt lat="37.801508903503418" lon="-83.811371326446533" />
      <trkpt lat="37.801916599273682" lon="-83.810920715332031" />
      <trkpt lat="37.802753448486328" lon="-83.81019115447998" />
      <trkpt lat="37.803826332092285" lon="-83.809397220611572" />
      <trkpt lat="37.804148197174072" lon="-83.809397220611572" />
      <trkpt lat="37.805242538452148" lon="-83.809890747070313" />
      <trkpt lat="37.806165218353271" lon="-83.810384273529053" />
      <trkpt lat="37.806508541107178" lon="-83.810513019561768" />
      <trkpt lat="37.806937694549561" lon="-83.810491561889648" />
      <trkpt lat="37.807667255401611" lon="-83.810255527496338" />
      <trkpt lat="37.808418273925781" lon="-83.810319900512695" />
      <trkpt lat="37.809126377105713" lon="-83.810405731201172" />
      <trkpt lat="37.81043529510498" lon="-83.810620307922363" />
      <trkpt lat="37.811658382415771" lon="-83.811113834381104" />
      <trkpt lat="37.812881469726563" lon="-83.812165260314941" />
      <trkpt lat="37.81369686126709" lon="-83.813152313232422" />
      <trkpt lat="37.814319133758545" lon="-83.81371021270752" />
      <trkpt lat="37.81468391418457" lon="-83.813903331756592" />
      <trkpt lat="37.815778255462646" lon="-83.814268112182617" />
      <trkpt lat="37.816572189331055" lon="-83.814761638641357" />
      <trkpt lat="37.816894054412842" lon="-83.815104961395264" />
      <trkpt lat="37.817087173461914" lon="-83.815598487854004" />
      <trkpt lat="37.817151546478271" lon="-83.815834522247314" />
      <trkpt lat="37.81719446182251" lon="-83.815984725952148" />
      <trkpt lat="37.817451953887939" lon="-83.816564083099365" />
      <trkpt lat="37.818460464477539" lon="-83.817830085754395" />
      <trkpt lat="37.818782329559326" lon="-83.818151950836182" />
      <trkpt lat="37.819104194641113" lon="-83.818280696868896" />
      <trkpt lat="37.820069789886475" lon="-83.818495273590088" />
      <trkpt lat="37.820649147033691" lon="-83.818538188934326" />
      <trkpt lat="37.821636199951172" lon="-83.81819486618042" />
      <trkpt lat="37.822494506835938" lon="-83.817765712738037" />
      <trkpt lat="37.824382781982422" lon="-83.817014694213867" />
      <trkpt lat="37.825884819030762" lon="-83.816843032836914" />
      <trkpt lat="37.826979160308838" lon="-83.816843032836914" />
      <trkpt lat="37.827858924865723" lon="-83.816649913787842" />
      <trkpt lat="37.829704284667969" lon="-83.815898895263672" />
      <trkpt lat="37.830326557159424" lon="-83.815577030181885" />
      <trkpt lat="37.831742763519287" lon="-83.815040588378906" />
      <trkpt lat="37.832794189453125" lon="-83.814547061920166" />
      <trkpt lat="37.833781242370605" lon="-83.813753128051758" />
      <trkpt lat="37.834124565124512" lon="-83.813431262969971" />
      <trkpt lat="37.83541202545166" lon="-83.813345432281494" />
      <trkpt lat="37.835969924926758" lon="-83.813238143920898" />
      <trkpt lat="37.836441993713379" lon="-83.813002109527588" />
      <trkpt lat="37.837729454040527" lon="-83.812165260314941" />
      <trkpt lat="37.83815860748291" lon="-83.811993598937988" />
      <trkpt lat="37.839531898498535" lon="-83.811843395233154" />
      <trkpt lat="37.840089797973633" lon="-83.811929225921631" />
      <trkpt lat="37.84064769744873" lon="-83.812251091003418" />
      <trkpt lat="37.840712070465088" lon="-83.812294006347656" />
      <trkpt lat="37.841849327087402" lon="-83.813087940216064" />
      <trkpt lat="37.842235565185547" lon="-83.813474178314209" />
      <trkpt lat="37.842578887939453" lon="-83.813903331756592" />
      <trkpt lat="37.843072414398193" lon="-83.814654350280762" />
      <trkpt lat="37.843780517578125" lon="-83.8157057762146" />
      <trkpt lat="37.844316959381104" lon="-83.816542625427246" />
      <trkpt lat="37.844488620758057" lon="-83.816821575164795" />
      <trkpt lat="37.844681739807129" lon="-83.817315101623535" />
      <trkpt lat="37.844746112823486" lon="-83.817658424377441" />
      <trkpt lat="37.844767570495605" lon="-83.81819486618042" />
      <trkpt lat="37.844703197479248" lon="-83.818731307983398" />
      <trkpt lat="37.844209671020508" lon="-83.820233345031738" />
      <trkpt lat="37.84414529800415" lon="-83.820619583129883" />
      <trkpt lat="37.844123840332031" lon="-83.821370601654053" />
      <trkpt lat="37.844231128692627" lon="-83.822207450866699" />
      <trkpt lat="37.844445705413818" lon="-83.823215961456299" />
      <trkpt lat="37.844724655151367" lon="-83.824095726013184" />
      <trkpt lat="37.845990657806396" lon="-83.827571868896484" />
      <trkpt lat="37.846205234527588" lon="-83.828258514404297" />
      <trkpt lat="37.846269607543945" lon="-83.828837871551514" />
      <trkpt lat="37.846226692199707" lon="-83.829352855682373" />
      <trkpt lat="37.846055030822754" lon="-83.83018970489502" />
      <trkpt lat="37.845861911773682" lon="-83.830983638763428" />
      <trkpt lat="37.845668792724609" lon="-83.831777572631836" />
      <trkpt lat="37.845454216003418" lon="-83.832614421844482" />
      <trkpt lat="37.84466028213501" lon="-83.835318088531494" />
      <trkpt lat="37.844252586364746" lon="-83.836798667907715" />
      <trkpt lat="37.844080924987793" lon="-83.837721347808838" />
      <trkpt lat="37.843679264187813" lon="-83.840809660032392" />
      <trkpt lat="37.843995094299316" lon="-83.840875625610352" />
      <trkpt lat="37.843679264187813" lon="-83.840809660032392" />
      <trkpt lat="37.84339427947998" lon="-83.842999935150146" />
      <trkpt lat="37.843372821807861" lon="-83.843579292297363" />
      <trkpt lat="37.843458652496338" lon="-83.844330310821533" />
      <trkpt lat="37.843995094299316" lon="-83.846819400787354" />
      <trkpt lat="37.844617366790771" lon="-83.849608898162842" />
      <trkpt lat="37.845025062561035" lon="-83.85164737701416" />
      <trkpt lat="37.845176020637155" lon="-83.852636022493243" />
      <trkpt lat="37.845181468874216" lon="-83.85281422175467" />
      <trkpt lat="37.845204016193748" lon="-83.852940369397402" />
      <trkpt lat="37.845218181610107" lon="-83.853042125701904" />
      <trkpt lat="37.845325469970703" lon="-83.854544162750244" />
      <trkpt lat="37.845432758331299" lon="-83.856003284454346" />
      <trkpt lat="37.845497131347656" lon="-83.857247829437256" />
      <trkpt lat="37.845519678667188" lon="-83.857563994824886" />
      <trkpt lat="37.845582962036133" lon="-83.858449459075928" />
      <trkpt lat="37.844617366790771" lon="-83.858470916748047" />
      <trkpt lat="37.843887805938721" lon="-83.858470916748047" />
      <trkpt lat="37.843008041381836" lon="-83.858428001403809" />
      <trkpt lat="37.842493057250977" lon="-83.858535289764404" />
      <trkpt lat="37.84214973449707" lon="-83.858578205108643" />
      <trkpt lat="37.841742038726807" lon="-83.858492374420166" />
      <trkpt lat="37.840948104858398" lon="-83.858213424682617" />
      <trkpt lat="37.840476036071777" lon="-83.857998847961426" />
      <trkpt lat="37.840111255645752" lon="-83.857805728912354" />
      <trkpt lat="37.839961051940918" lon="-83.857719898223877" />
      <trkpt lat="37.839746475219727" lon="-83.857612609863281" />
      <trkpt lat="37.839252948760986" lon="-83.857376575469971" />
      <trkpt lat="37.838952541351318" lon="-83.857226371765137" />
      <trkpt lat="37.838351726531982" lon="-83.856925964355469" />
      <trkpt lat="37.837858200073242" lon="-83.856689929962158" />
      <trkpt lat="37.83642053604126" lon="-83.856024742126465" />
      <trkpt lat="37.835884094238281" lon="-83.855745792388916" />
      <trkpt lat="37.835519313812256" lon="-83.855509757995605" />
      <trkpt lat="37.835218906402588" lon="-83.855252265930176" />
      <trkpt lat="37.835218906402588" lon="-83.855252265930176" />
      <trkpt lat="37.834716998040676" lon="-83.855368020012975" />
      <trkpt lat="37.834622031077743" lon="-83.855478996410966" />
      <trkpt lat="37.833410007879138" lon="-83.857042975723743" />
      <trkpt lat="37.833321997895837" lon="-83.85714397765696" />
      <trkpt lat="37.833266006782651" lon="-83.857187982648611" />
      <trkpt lat="37.833197023719549" lon="-83.857217989861965" />
      <trkpt lat="37.833143966272473" lon="-83.857236010953784" />
      <trkpt lat="37.832500990480185" lon="-83.857323015108705" />
      <trkpt lat="37.832196978852153" lon="-83.857403984293342" />
      <trkpt lat="37.832033028826118" lon="-83.857481013983488" />
      <trkpt lat="37.831916017457843" lon="-83.857558965682983" />
      <trkpt lat="37.831859020516276" lon="-83.85761403478682" />
      <trkpt lat="37.831808980554342" lon="-83.8576789945364" />
      <trkpt lat="37.831703033298254" lon="-83.857818972319365" />
      <trkpt lat="37.831571018323302" lon="-83.857940007001162" />
      <trkpt lat="37.831493988633156" lon="-83.857982000336051" />
      <trkpt lat="37.831410001963377" lon="-83.85800102725625" />
      <trkpt lat="37.831336995586753" lon="-83.858005972579122" />
      <trkpt lat="37.831235993653536" lon="-83.857982000336051" />
      <trkpt lat="37.831138009205461" lon="-83.857928020879626" />
      <trkpt lat="37.831076988950372" lon="-83.857870018109679" />
      <trkpt lat="37.830957965925336" lon="-83.857711013406515" />
      <trkpt lat="37.830657977610826" lon="-83.857266018167138" />
      <trkpt lat="37.830594023689628" lon="-83.857195023447275" />
      <trkpt lat="37.830525040626526" lon="-83.857140960171819" />
      <trkpt lat="37.830452034249902" lon="-83.857103995978832" />
      <trkpt lat="37.830377016216516" lon="-83.857083041220903" />
      <trkpt lat="37.830298980697989" lon="-83.857082035392523" />
      <trkpt lat="37.830222034826875" lon="-83.8570970389992" />
      <trkpt lat="37.830070992931724" lon="-83.857179014012218" />
      <trkpt lat="37.82989296130836" lon="-83.85731203481555" />
      <trkpt lat="37.82946296967566" lon="-83.857634989544749" />
      <trkpt lat="37.828463008627295" lon="-83.858462031930685" />
      <trkpt lat="37.828325964510441" lon="-83.858627993613482" />
      <trkpt lat="37.8279809653759" lon="-83.85918497107923" />
      <trkpt lat="37.82791399396956" lon="-83.859280021861196" />
      <trkpt lat="37.827755995094776" lon="-83.859457969665527" />
      <trkpt lat="37.827552985399961" lon="-83.859642036259174" />
      <trkpt lat="37.827480984851718" lon="-83.859706996008754" />
      <trkpt lat="37.827385012060404" lon="-83.859772961586714" />
      <trkpt lat="37.827287027612329" lon="-83.859825013205409" />
      <trkpt lat="37.826544977724552" lon="-83.86012801900506" />
      <trkpt lat="37.826321013271809" lon="-83.860204964876175" />
      <trkpt lat="37.825888004153967" lon="-83.860329017043114" />
      <trkpt lat="37.82581097446382" lon="-83.86036204174161" />
      <trkpt lat="37.825666973367333" lon="-83.860444016754627" />
      <trkpt lat="37.825560020282865" lon="-83.860594974830747" />
      <trkpt lat="37.825526995584369" lon="-83.860657000914216" />
      <trkpt lat="37.825482990592718" lon="-83.860764959827065" />
      <trkpt lat="37.825458012521267" lon="-83.860866967588663" />
      <trkpt lat="37.825419958680868" lon="-83.861200986430049" />
      <trkpt lat="37.825405960902572" lon="-83.861464010551572" />
      <trkpt lat="37.82535701058805" lon="-83.862239001318812" />
      <trkpt lat="37.825330020859838" lon="-83.862525997683406" />
      <trkpt lat="37.825309988111258" lon="-83.862646026536822" />
      <trkpt lat="37.825276041403413" lon="-83.862766977399588" />
      <trkpt lat="37.825198005884886" lon="-83.862978033721447" />
      <trkpt lat="37.825108990073204" lon="-83.863139972090721" />
      <trkpt lat="37.825055010616779" lon="-83.863198980689049" />
      <trkpt lat="37.824991978704929" lon="-83.863246003165841" />
      <trkpt lat="37.824839008972049" lon="-83.863277016207576" />
      <trkpt lat="37.824660977348685" lon="-83.863262012600899" />
      <trkpt lat="37.824426032602787" lon="-83.863226976245642" />
      <trkpt lat="37.824156973510981" lon="-83.863188000395894" />
      <trkpt lat="37.823967961594462" lon="-83.863181965425611" />
      <trkpt lat="37.823781967163086" lon="-83.863206021487713" />
      <trkpt lat="37.823331020772457" lon="-83.863315992057323" />
      <trkpt lat="37.822861969470978" lon="-83.863361002877355" />
      <trkpt lat="37.822710005566478" lon="-83.86339402757585" />
      <trkpt lat="37.822524011135101" lon="-83.863468961790204" />
      <trkpt lat="37.822257969528437" lon="-83.863583039492369" />
      <trkpt lat="37.822163002565503" lon="-83.86360801756382" />
      <trkpt lat="37.82200500369072" lon="-83.863627966493368" />
      <trkpt lat="37.821450037881732" lon="-83.863659985363483" />
      <trkpt lat="37.821001019328833" lon="-83.863685969263315" />
      <trkpt lat="37.82080396078527" lon="-83.863684963434935" />
      <trkpt lat="37.820612015202641" lon="-83.863658979535103" />
      <trkpt lat="37.820314038544893" lon="-83.86358798481524" />
      <trkpt lat="37.820141036063433" lon="-83.86354599148035" />
      <trkpt lat="37.820041961967945" lon="-83.863530987873673" />
      <trkpt lat="37.819737028330564" lon="-83.863526964560151" />
      <trkpt lat="37.81895499676466" lon="-83.863626960664988" />
      <trkpt lat="37.81878400593996" lon="-83.863689992576838" />
      <trkpt lat="37.81837304122746" lon="-83.863911023363471" />
      <trkpt lat="37.818197021260858" lon="-83.864002972841263" />
      <trkpt lat="37.818026030436158" lon="-83.864075979217887" />
      <trkpt lat="37.81794598326087" lon="-83.864095006138086" />
      <trkpt lat="37.817799970507622" lon="-83.864089976996183" />
      <trkpt lat="37.817643983289599" lon="-83.864028034731746" />
      <trkpt lat="37.817564019933343" lon="-83.863981012254953" />
      <trkpt lat="37.817093962803483" lon="-83.863591002300382" />
      <trkpt lat="37.817025985568762" lon="-83.863549008965492" />
      <trkpt lat="37.816840996965766" lon="-83.863482037559152" />
      <trkpt lat="37.816659025847912" lon="-83.863453958183527" />
      <trkpt lat="37.816468002274632" lon="-83.863474996760488" />
      <trkpt lat="37.816063994541764" lon="-83.863549008965492" />
      <trkpt lat="37.815852016210556" lon="-83.863549008965492" />
      <trkpt lat="37.815622016787529" lon="-83.863516990095377" />
      <trkpt lat="37.815071996301413" lon="-83.863384975120425" />
      <trkpt lat="37.81500100158155" lon="-83.863655040040612" />
      <trkpt lat="37.8147860057652" lon="-83.86478902772069" />
      <trkpt lat="37.814726997166872" lon="-83.865053979679942" />
      <trkpt lat="37.814705958589911" lon="-83.865122040733695" />
      <trkpt lat="37.814667988568544" lon="-83.865214996039867" />
      <trkpt lat="37.814620966091752" lon="-83.865269981324673" />
      <trkpt lat="37.814548965543509" lon="-83.865314992144704" />
      <trkpt lat="37.814474031329155" lon="-83.865340976044536" />
      <trkpt lat="37.814392978325486" lon="-83.865351034328341" />
      <trkpt lat="37.814068011939526" lon="-83.865346005186439" />
      <trkpt lat="37.813898026943207" lon="-83.865336030721664" />
      <trkpt lat="37.813709015026689" lon="-83.865300994366407" />
      <trkpt lat="37.813526960089803" lon="-83.865233017131686" />
      <trkpt lat="37.813126975670457" lon="-83.865017015486956" />
      <trkpt lat="37.813096968457103" lon="-83.865006035193801" />
      <trkpt lat="37.812569998204708" lon="-83.864819034934044" />
      <trkpt lat="37.812490034848452" lon="-83.864779975265265" />
      <trkpt lat="37.812428008764982" lon="-83.864728007465601" />
      <trkpt lat="37.812364976853132" lon="-83.8646399974823" />
      <trkpt lat="37.812234973534942" lon="-83.864371022209525" />
      <trkpt lat="37.812139000743628" lon="-83.864221991971135" />
      <trkpt lat="37.812087032943964" lon="-83.864159965887666" />
      <trkpt lat="37.812018971890211" lon="-83.864115038886666" />
      <trkpt lat="37.811940014362335" lon="-83.86408201418817" />
      <trkpt lat="37.811856027692556" lon="-83.864066004753113" />
      <trkpt lat="37.811770029366016" lon="-83.864064998924732" />
      <trkpt lat="37.811685958877206" lon="-83.864083020016551" />
      <trkpt lat="37.811508011072874" lon="-83.864130964502692" />
      <trkpt lat="37.811240963637829" lon="-83.86423397809267" />
      <trkpt lat="37.811080031096935" lon="-83.864282006397843" />
      <trkpt lat="37.810800997540355" lon="-83.864336991682649" />
      <trkpt lat="37.81057502143085" lon="-83.864363981410861" />
      <trkpt lat="37.810233039781451" lon="-83.864378985017538" />
      <trkpt lat="37.81014502979815" lon="-83.86440597474575" />
      <trkpt lat="37.810074035078287" lon="-83.864442016929388" />
      <trkpt lat="37.809643037617207" lon="-83.864800008013844" />
      <trkpt lat="37.809583023190498" lon="-83.864814005792141" />
      <trkpt lat="37.809526026248932" lon="-83.864807970821857" />
      <trkpt lat="37.809457965195179" lon="-83.864775029942393" />
      <trkpt lat="37.80937003903091" lon="-83.864731024950743" />
      <trkpt lat="37.809149008244276" lon="-83.864575959742069" />
      <trkpt lat="37.808999978005886" lon="-83.864483004435897" />
      <trkpt lat="37.808910962194204" lon="-83.864440005272627" />
      <trkpt lat="37.808668976649642" lon="-83.864388037472963" />
      <trkpt lat="37.808422967791557" lon="-83.864384014159441" />
      <trkpt lat="37.808237979188561" lon="-83.864363981410861" />
      <trkpt lat="37.808124991133809" lon="-83.86434000916779" />
      <trkpt lat="37.80722301453352" lon="-83.864091988652945" />
      <trkpt lat="37.806938029825687" lon="-83.863979000598192" />
      <trkpt lat="37.80675396323204" lon="-83.863918986171484" />
      <trkpt lat="37.806355990469456" lon="-83.863856960088015" />
      <trkpt lat="37.80606497079134" lon="-83.863754030317068" />
      <trkpt lat="37.80589297413826" lon="-83.863666020333767" />
      <trkpt lat="37.805685019120574" lon="-83.863510033115745" />
      <trkpt lat="37.805486032739282" lon="-83.863361002877355" />
      <trkpt lat="37.805343037471175" lon="-83.863240974023938" />
      <trkpt lat="37.805216973647475" lon="-83.863109964877367" />
      <trkpt lat="37.804971970617771" lon="-83.862819029018283" />
      <trkpt lat="37.804662007838488" lon="-83.862477969378233" />
      <trkpt lat="37.804495040327311" lon="-83.862315025180578" />
      <trkpt lat="37.804391020908952" lon="-83.862240007147193" />
      <trkpt lat="37.804132020100951" lon="-83.86214897967875" />
      <trkpt lat="37.803954994305968" lon="-83.862114027142525" />
      <trkpt lat="37.803820967674255" lon="-83.862108998000622" />
      <trkpt lat="37.803499018773437" lon="-83.862151997163892" />
      <trkpt lat="37.803359040990472" lon="-83.862133976072073" />
      <trkpt lat="37.80322702601552" lon="-83.862082008272409" />
      <trkpt lat="37.803099034354091" lon="-83.862007996067405" />
      <trkpt lat="37.802985962480307" lon="-83.861915962770581" />
      <trkpt lat="37.802909016609192" lon="-83.861839016899467" />
      <trkpt lat="37.80281899496913" lon="-83.861774979159236" />
      <trkpt lat="37.802687985822558" lon="-83.861736003309488" />
      <trkpt lat="37.802481036633253" lon="-83.861707001924515" />
      <trkpt lat="37.802436025813222" lon="-83.861695015802979" />
      <trkpt lat="37.802225975319743" lon="-83.861638018861413" />
      <trkpt lat="37.802136959508061" lon="-83.861602982506156" />
      <trkpt lat="37.80185398645699" lon="-83.861439032480121" />
      <trkpt lat="37.801639996469021" lon="-83.861314980313182" />
      <trkpt lat="37.801587022840977" lon="-83.861283967271447" />
      <trkpt lat="37.801442015916109" lon="-83.861173996701837" />
      <trkpt lat="37.801321987062693" lon="-83.861038964241743" />
      <trkpt lat="37.80114303342998" lon="-83.860784992575645" />
      <trkpt lat="37.801047982648015" lon="-83.860667981207371" />
      <trkpt lat="37.800809014588594" lon="-83.860430018976331" />
      <trkpt lat="37.80069200322032" lon="-83.860301021486521" />
      <trkpt lat="37.800631988793612" lon="-83.860221980139613" />
      <trkpt lat="37.800540961325169" lon="-83.860056018456817" />
      <trkpt lat="37.800338035449386" lon="-83.85959199629724" />
      <trkpt lat="37.800280032679439" lon="-83.859431985765696" />
      <trkpt lat="37.800251031294465" lon="-83.85933299548924" />
      <trkpt lat="37.800204008817673" lon="-83.859010962769389" />
      <trkpt lat="37.80015698634088" lon="-83.858842989429832" />
      <trkpt lat="37.800050033256412" lon="-83.8586460147053" />
      <trkpt lat="37.799862027168274" lon="-83.8583679869771" />
      <trkpt lat="37.799772005528212" lon="-83.858181992545724" />
      <trkpt lat="37.799721965566278" lon="-83.858048971742392" />
      <trkpt lat="37.799578970298171" lon="-83.857514960691333" />
      <trkpt lat="37.799384007230401" lon="-83.856918001547456" />
      <trkpt lat="37.799247968941927" lon="-83.856624970212579" />
      <trkpt lat="37.798976982012391" lon="-83.85613395832479" />
      <trkpt lat="37.798880003392696" lon="-83.855915023013949" />
      <trkpt lat="37.798838010057807" lon="-83.855795999988914" />
      <trkpt lat="37.798830969259143" lon="-83.855726011097431" />
      <trkpt lat="37.798846978694201" lon="-83.855559965595603" />
      <trkpt lat="37.798876985907555" lon="-83.85542300529778" />
      <trkpt lat="37.79888897202909" lon="-83.855385035276413" />
      <trkpt lat="37.799092987552285" lon="-83.855023020878434" />
      <trkpt lat="37.799114026129246" lon="-83.854916989803314" />
      <trkpt lat="37.79910497367382" lon="-83.854813976213336" />
      <trkpt lat="37.799073960632086" lon="-83.854721020907164" />
      <trkpt lat="37.799020987004042" lon="-83.854625970125198" />
      <trkpt lat="37.798796016722918" lon="-83.854344002902508" />
      <trkpt lat="37.798562999814749" lon="-83.853996992111206" />
      <trkpt lat="37.798487981781363" lon="-83.853856008499861" />
      <trkpt lat="37.798466021195054" lon="-83.853779984638095" />
      <trkpt lat="37.798456968739629" lon="-83.853699015453458" />
      <trkpt lat="37.798457974568009" lon="-83.853612011298537" />
      <trkpt lat="37.798507008701563" lon="-83.853127034381032" />
      <trkpt lat="37.798512959852815" lon="-83.852921007201076" />
      <trkpt lat="37.798512037843466" lon="-83.852830985561013" />
      <trkpt lat="37.79847901314497" lon="-83.852508030831814" />
      <trkpt lat="37.798475995659828" lon="-83.852310972288251" />
      <trkpt lat="37.798497034236789" lon="-83.852150039747357" />
      <trkpt lat="37.798596024513245" lon="-83.851670008152723" />
      <trkpt lat="37.798629971221089" lon="-83.851464986801147" />
      <trkpt lat="37.798642041161656" lon="-83.851281004026532" />
      <trkpt lat="37.798666013404727" lon="-83.850936004891992" />
      <trkpt lat="37.798734996467829" lon="-83.850476006045938" />
      <trkpt lat="37.79882401227951" lon="-83.850018018856645" />
      <trkpt lat="37.798979999497533" lon="-83.849340006709099" />
      <trkpt lat="37.799005983397365" lon="-83.849027026444674" />
      <trkpt lat="37.799029033631086" lon="-83.848511036485434" />
      <trkpt lat="37.799110002815723" lon="-83.847991023212671" />
      <trkpt lat="37.799192983657122" lon="-83.847315022721887" />
      <trkpt lat="37.799272025004029" lon="-83.846728960052133" />
      <trkpt lat="37.7992959972471" lon="-83.846484962850809" />
      <trkpt lat="37.799300020560622" lon="-83.845826983451843" />
      <trkpt lat="37.79931996949017" lon="-83.845597989857197" />
      <trkpt lat="37.799343019723892" lon="-83.845495982095599" />
      <trkpt lat="37.799513004720211" lon="-83.845019973814487" />
      <trkpt lat="37.799591962248087" lon="-83.844828028231859" />
      <trkpt lat="37.799780974164605" lon="-83.84444497525692" />
      <trkpt lat="37.799887005239725" lon="-83.84416501969099" />
      <trkpt lat="37.800084985792637" lon="-83.84377702139318" />
      <trkpt lat="37.800195962190628" lon="-83.843593960627913" />
      <trkpt lat="37.800369970500469" lon="-83.843383993953466" />
      <trkpt lat="37.800465021282434" lon="-83.843289026990533" />
      <trkpt lat="37.800578009337187" lon="-83.843102026730776" />
      <trkpt lat="37.800597958266735" lon="-83.843067996203899" />
      <trkpt lat="37.800636012107134" lon="-83.842894993722439" />
      <trkpt lat="37.800643974915147" lon="-83.842606991529465" />
      <trkpt lat="37.800622014328837" lon="-83.842394007369876" />
      <trkpt lat="37.800570968538523" lon="-83.842074992135167" />
      <trkpt lat="37.80056401155889" lon="-83.841974996030331" />
      <trkpt lat="37.800558982416987" lon="-83.841765029355884" />
      <trkpt lat="37.80058303847909" lon="-83.841524971649051" />
      <trkpt lat="37.800646992400289" lon="-83.84126303717494" />
      <trkpt lat="37.800883026793599" lon="-83.840545965358615" />
      <trkpt lat="37.800924014300108" lon="-83.840479999780655" />
      <trkpt lat="37.80092996545136" lon="-83.840472958981991" />
      <trkpt lat="37.800798872485757" lon="-83.839896367862821" />
      <trkpt lat="37.800650596618652" lon="-83.83967399597168" />
      <trkpt lat="37.800478935241699" lon="-83.839545249938965" />
      <trkpt lat="37.799406051635742" lon="-83.839437961578369" />
      <trkpt lat="37.798397541046143" lon="-83.839523792266846" />
      <trkpt lat="37.796874046325684" lon="-83.839631080627441" />
      <trkpt lat="37.795865535736084" lon="-83.839566707611084" />
      <trkpt lat="37.795586585998535" lon="-83.83967399597168" />
      <trkpt lat="37.795307636260986" lon="-83.83991003036499" />
      <trkpt lat="37.795028686523438" lon="-83.839995861053467" />
      <trkpt lat="37.794857025146484" lon="-83.839952945709229" />
      <trkpt lat="37.794406414031982" lon="-83.839652538299561" />
      <trkpt lat="37.794106006622314" lon="-83.839523792266846" />
      <trkpt lat="37.79395580291748" lon="-83.839523792266846" />
      <trkpt lat="37.793569564819336" lon="-83.839588165283203" />
      <trkpt lat="37.792367935180664" lon="-83.839995861053467" />
      <trkpt lat="37.792174816131592" lon="-83.839995861053467" />
      <trkpt lat="37.79172420501709" lon="-83.83991003036499" />
      <trkpt lat="37.791488170623779" lon="-83.839759826660156" />
      <trkpt lat="37.791166305541992" lon="-83.839244842529297" />
      <trkpt lat="37.790865898132324" lon="-83.838965892791748" />
      <trkpt lat="37.790307998657227" lon="-83.838794231414795" />
      <trkpt lat="37.789857387542725" lon="-83.838558197021484" />
      <trkpt lat="37.789192199707031" lon="-83.838622570037842" />
      <trkpt lat="37.788741588592529" lon="-83.838558197021484" />
      <trkpt lat="37.788548469543457" lon="-83.838365077972412" />
      <trkpt lat="37.788333892822266" lon="-83.837893009185791" />
      <trkpt lat="37.788205146789551" lon="-83.83765697479248" />
      <trkpt lat="37.787818908691406" lon="-83.83716344833374" />
      <trkpt lat="37.787582874298096" lon="-83.837013244628906" />
      <trkpt lat="37.787432670593262" lon="-83.837034702301025" />
      <trkpt lat="37.786960601806641" lon="-83.837356567382813" />
      <trkpt lat="37.786595821380615" lon="-83.837335109710693" />
      <trkpt lat="37.785930633544922" lon="-83.837077617645264" />
      <trkpt lat="37.785522937774658" lon="-83.837184906005859" />
      <trkpt lat="37.785286903381348" lon="-83.83716344833374" />
      <trkpt lat="37.785093784332275" lon="-83.837077617645264" />
      <trkpt lat="37.784879207611084" lon="-83.836798667907715" />
      <trkpt lat="37.784707546234131" lon="-83.835725784301758" />
      <trkpt lat="37.784621715545654" lon="-83.835511207580566" />
      <trkpt lat="37.784364223480225" lon="-83.835039138793945" />
      <trkpt lat="37.784171104431152" lon="-83.834116458892822" />
      <trkpt lat="37.784020900726318" lon="-83.833901882171631" />
      <trkpt lat="37.783548831939697" lon="-83.833601474761963" />
      <trkpt lat="37.78322696685791" lon="-83.833279609680176" />
      <trkpt lat="37.783098220825195" lon="-83.832979202270508" />
      <trkpt lat="37.783205509185791" lon="-83.832356929779053" />
      <trkpt lat="37.783398628234863" lon="-83.831841945648193" />
      <trkpt lat="37.784965038299561" lon="-83.829975128173828" />
      <trkpt lat="37.78522253036499" lon="-83.829374313354492" />
      <trkpt lat="37.785243988037109" lon="-83.829159736633301" />
      <trkpt lat="37.78522253036499" lon="-83.828988075256348" />
      <trkpt lat="37.785093784332275" lon="-83.828794956207275" />
      <trkpt lat="37.784214019775391" lon="-83.828237056732178" />
      <trkpt lat="37.783935070037842" lon="-83.828237056732178" />
      <trkpt lat="37.783205509185791" lon="-83.828516006469727" />
      <trkpt lat="37.782926559448242" lon="-83.828537464141846" />
      <trkpt lat="37.782711982727051" lon="-83.828451633453369" />
      <trkpt lat="37.782175540924072" lon="-83.828001022338867" />
      <trkpt lat="37.781982421875" lon="-83.82793664932251" />
      <trkpt lat="37.781767845153809" lon="-83.827958106994629" />
      <trkpt lat="37.781338691711426" lon="-83.827958106994629" />
      <trkpt lat="37.781081199645996" lon="-83.827850818634033" />
      <trkpt lat="37.780952453613281" lon="-83.827636241912842" />
      <trkpt lat="37.780888080596924" lon="-83.827099800109863" />
      <trkpt lat="37.78073787689209" lon="-83.826885223388672" />
      <trkpt lat="37.780587673187256" lon="-83.826777935028076" />
      <trkpt lat="37.780115604400635" lon="-83.826649188995361" />
      <trkpt lat="37.779901027679443" lon="-83.826520442962646" />
      <trkpt lat="37.779343128204346" lon="-83.825855255126953" />
      <trkpt lat="37.779171466827393" lon="-83.825726509094238" />
      <trkpt lat="37.77874231338501" lon="-83.82568359375" />
      <trkpt lat="37.778098583221436" lon="-83.825812339782715" />
      <trkpt lat="37.777841091156006" lon="-83.826005458831787" />
      <trkpt lat="37.777454853057861" lon="-83.826477527618408" />
      <trkpt lat="37.777304649353027" lon="-83.826563358306885" />
      <trkpt lat="37.776918411254883" lon="-83.826563358306885" />
      <trkpt lat="37.776639461517334" lon="-83.826456069946289" />
      <trkpt lat="37.776381969451904" lon="-83.826284408569336" />
      <trkpt lat="37.776060104370117" lon="-83.825984001159668" />
      <trkpt lat="37.775866985321045" lon="-83.825919628143311" />
      <trkpt lat="37.775630950927734" lon="-83.826005458831787" />
      <trkpt lat="37.77475118637085" lon="-83.8266921043396" />
      <trkpt lat="37.77423620223999" lon="-83.826906681060791" />
      <trkpt lat="37.773871421813965" lon="-83.82692813873291" />
      <trkpt lat="37.773377895355225" lon="-83.826713562011719" />
      <trkpt lat="37.77275562286377" lon="-83.826391696929932" />
      <trkpt lat="37.772562503814697" lon="-83.826370239257813" />
      <trkpt lat="37.772283554077148" lon="-83.826498985290527" />
      <trkpt lat="37.772068977355957" lon="-83.8266921043396" />
      <trkpt lat="37.771832942962646" lon="-83.82767915725708" />
      <trkpt lat="37.771725654602051" lon="-83.827872276306152" />
      <trkpt lat="37.77148962020874" lon="-83.828086853027344" />
      <trkpt lat="37.770824432373047" lon="-83.828344345092773" />
      <trkpt lat="37.770481109619141" lon="-83.828387260437012" />
      <trkpt lat="37.770094871520996" lon="-83.828301429748535" />
      <trkpt lat="37.76975154876709" lon="-83.827850818634033" />
      <trkpt lat="37.769429683685303" lon="-83.827700614929199" />
      <trkpt lat="37.768657207489014" lon="-83.827700614929199" />
      <trkpt lat="37.768270969390869" lon="-83.827829360961914" />
      <trkpt lat="37.768163681030273" lon="-83.827893733978271" />
      <trkpt lat="37.767584323883057" lon="-83.828258514404297" />
      <trkpt lat="37.767069339752197" lon="-83.828880786895752" />
      <trkpt lat="37.766726016998291" lon="-83.829503059387207" />
      <trkpt lat="37.76648998260498" lon="-83.830275535583496" />
      <trkpt lat="37.766382694244385" lon="-83.830533027648926" />
      <trkpt lat="37.765867710113525" lon="-83.830811977386475" />
      <trkpt lat="37.76524543762207" lon="-83.831584453582764" />
      <trkpt lat="37.765095233917236" lon="-83.831627368927002" />
      <trkpt lat="37.764902114868164" lon="-83.831562995910645" />
      <trkpt lat="37.764472961425781" lon="-83.831262588500977" />
      <trkpt lat="37.764129638671875" lon="-83.831219673156738" />
      <trkpt lat="37.763550281524658" lon="-83.831455707550049" />
      <trkpt lat="37.76308273896575" lon="-83.831401644274592" />
      <trkpt lat="37.763079134747386" lon="-83.831452522426844" />
      <trkpt lat="37.76308273896575" lon="-83.831401644274592" />
      <trkpt lat="37.762992382049561" lon="-83.831391334533691" />
      <trkpt lat="37.762777805328369" lon="-83.83143424987793" />
      <trkpt lat="37.762391567230225" lon="-83.831584453582764" />
      <trkpt lat="37.762241363525391" lon="-83.831691741943359" />
      <trkpt lat="37.762176990509033" lon="-83.831455707550049" />
      <trkpt lat="37.762161064893007" lon="-83.831083383411169" />
      <trkpt lat="37.762048244476318" lon="-83.82843017578125" />
      <trkpt lat="37.762391567230225" lon="-83.827250003814697" />
      <trkpt lat="37.762477397918701" lon="-83.825962543487549" />
      <trkpt lat="37.762649059295654" lon="-83.825082778930664" />
      <trkpt lat="37.762842178344727" lon="-83.823344707489014" />
      <trkpt lat="37.762842178344727" lon="-83.822057247161865" />
      <trkpt lat="37.762713432312012" lon="-83.82044792175293" />
      <trkpt lat="37.76275634765625" lon="-83.820104598999023" />
      <trkpt lat="37.763035297393799" lon="-83.818967342376709" />
      <trkpt lat="37.763142585754395" lon="-83.818538188934326" />
      <trkpt lat="37.763271331787109" lon="-83.818237781524658" />
      <trkpt lat="37.763421535491943" lon="-83.818044662475586" />
      <trkpt lat="37.763657569885254" lon="-83.818001747131348" />
      <trkpt lat="37.764043807983398" lon="-83.818173408508301" />
      <trkpt lat="37.764301300048828" lon="-83.818151950836182" />
      <trkpt lat="37.76451587677002" lon="-83.818023204803467" />
      <trkpt lat="37.76475191116333" lon="-83.817722797393799" />
      <trkpt lat="37.765030860900879" lon="-83.817207813262939" />
      <trkpt lat="37.765266895294189" lon="-83.816542625427246" />
      <trkpt lat="37.765653133392334" lon="-83.815920352935791" />
      <trkpt lat="37.766468524932861" lon="-83.815298080444336" />
      <trkpt lat="37.766962051391602" lon="-83.815040588378906" />
      <trkpt lat="37.767090797424316" lon="-83.814911842346191" />
      <trkpt lat="37.767133712768555" lon="-83.814160823822021" />
      <trkpt lat="37.767434120178223" lon="-83.813045024871826" />
      <trkpt lat="37.767412662506104" lon="-83.812272548675537" />
      <trkpt lat="37.767176628112793" lon="-83.811650276184082" />
      <trkpt lat="37.767155170440674" lon="-83.811392784118652" />
      <trkpt lat="37.767777442932129" lon="-83.810555934906006" />
      <trkpt lat="37.76824951171875" lon="-83.809998035430908" />
      <trkpt lat="37.768356800079346" lon="-83.809804916381836" />
      <trkpt lat="37.768421173095703" lon="-83.809568881988525" />
      <trkpt lat="37.768399715423584" lon="-83.809332847595215" />
      <trkpt lat="37.768270969390869" lon="-83.808732032775879" />
      <trkpt lat="37.768270969390869" lon="-83.808495998382568" />
      <trkpt lat="37.768335342407227" lon="-83.808302879333496" />
      <trkpt lat="37.768657207489014" lon="-83.80770206451416" />
      <trkpt lat="37.768764495849609" lon="-83.807380199432373" />
      <trkpt lat="37.768571376800537" lon="-83.805642127990723" />
      <trkpt lat="37.768549919128418" lon="-83.805363178253174" />
      <trkpt lat="37.768635749816895" lon="-83.805062770843506" />
      <trkpt lat="37.768871784210205" lon="-83.804762363433838" />
      <trkpt lat="37.769429683685303" lon="-83.804354667663574" />
      <trkpt lat="37.769708633422852" lon="-83.80396842956543" />
      <trkpt lat="37.769794464111328" lon="-83.803560733795166" />
      <trkpt lat="37.769794464111328" lon="-83.802573680877686" />
      <trkpt lat="37.770159244537354" lon="-83.801586627960205" />
      <trkpt lat="37.770352363586426" lon="-83.800814151763916" />
      <trkpt lat="37.770674228668213" lon="-83.800020217895508" />
      <trkpt lat="37.771039009094238" lon="-83.798625469207764" />
      <trkpt lat="37.771382331848145" lon="-83.797831535339355" />
      <trkpt lat="37.771425247192383" lon="-83.797402381896973" />
      <trkpt lat="37.771425247192383" lon="-83.796544075012207" />
      <trkpt lat="37.771468162536621" lon="-83.796093463897705" />
      <trkpt lat="37.771661281585693" lon="-83.795127868652344" />
      <trkpt lat="37.771811485290527" lon="-83.79472017288208" />
      <trkpt lat="37.771961688995361" lon="-83.794527053833008" />
      <trkpt lat="37.772819995880127" lon="-83.793861865997314" />
      <trkpt lat="37.773356437683105" lon="-83.793325424194336" />
      <trkpt lat="37.773506641387939" lon="-83.793003559112549" />
      <trkpt lat="37.774064540863037" lon="-83.791329860687256" />
      <trkpt lat="37.77449369430542" lon="-83.79047155380249" />
      <trkpt lat="37.77498722076416" lon="-83.789806365966797" />
      <trkpt lat="37.775888442993164" lon="-83.78899097442627" />
      <trkpt lat="37.776145935058594" lon="-83.78847599029541" />
      <trkpt lat="37.77623176574707" lon="-83.787939548492432" />
      <trkpt lat="37.776296138763428" lon="-83.786501884460449" />
      <trkpt lat="37.776124477386475" lon="-83.784806728363037" />
      <trkpt lat="37.776017189025879" lon="-83.784399032592773" />
      <trkpt lat="37.775824069976807" lon="-83.784077167510986" />
      <trkpt lat="37.775073051452637" lon="-83.783326148986816" />
      <trkpt lat="37.775051593780518" lon="-83.783175945281982" />
      <trkpt lat="37.775073051452637" lon="-83.783025741577148" />
      <trkpt lat="37.774150371551514" lon="-83.783411979675293" />
      <trkpt lat="37.773635387420654" lon="-83.783433437347412" />
      <trkpt lat="37.772970199584961" lon="-83.783390522003174" />
      <trkpt lat="37.77224063873291" lon="-83.783111572265625" />
      <trkpt lat="37.771875858306885" lon="-83.782875537872314" />
      <trkpt lat="37.77174711227417" lon="-83.782703876495361" />
      <trkpt lat="37.771382331848145" lon="-83.781931400299072" />
      <trkpt lat="37.771017551422119" lon="-83.781008720397949" />
      <trkpt lat="37.770459651947021" lon="-83.780214786529541" />
      <trkpt lat="37.769279479980469" lon="-83.779356479644775" />
      <trkpt lat="37.768740020692348" lon="-83.779045175760984" />
      <trkpt lat="37.768442630767822" lon="-83.778777122497559" />
      <trkpt lat="37.767906188964844" lon="-83.778197765350342" />
      <trkpt lat="37.767691612243652" lon="-83.777875900268555" />
      <trkpt lat="37.767648696899414" lon="-83.777403831481934" />
      <trkpt lat="37.767541408538818" lon="-83.777167797088623" />
      <trkpt lat="37.767090797424316" lon="-83.776953220367432" />
      <trkpt lat="37.766897678375244" lon="-83.776760101318359" />
      <trkpt lat="37.766404151916504" lon="-83.776116371154785" />
      <trkpt lat="37.766146659851074" lon="-83.775687217712402" />
      <trkpt lat="37.765910625457764" lon="-83.774764537811279" />
      <trkpt lat="37.765653133392334" lon="-83.774292469024658" />
      <trkpt lat="37.765610218048096" lon="-83.774034976959229" />
      <trkpt lat="37.765696048736572" lon="-83.773884773254395" />
      <trkpt lat="37.766532897949219" lon="-83.773841857910156" />
      <trkpt lat="37.76674747467041" lon="-83.77375602722168" />
      <trkpt lat="37.766919136047363" lon="-83.77349853515625" />
      <trkpt lat="37.766962051391602" lon="-83.773326873779297" />
      <trkpt lat="37.766983509063721" lon="-83.772618770599365" />
      <trkpt lat="37.766683101654053" lon="-83.771073818206787" />
      <trkpt lat="37.766318321228027" lon="-83.770558834075928" />
      <trkpt lat="37.766017913818359" lon="-83.769936561584473" />
      <trkpt lat="37.765588760375977" lon="-83.769485950469971" />
      <trkpt lat="37.765309810638428" lon="-83.769121170043945" />
      <trkpt lat="37.765095233917236" lon="-83.76849889755249" />
      <trkpt lat="37.765138149261475" lon="-83.768198490142822" />
      <trkpt lat="37.765202522277832" lon="-83.768048286437988" />
      <trkpt lat="37.7655029296875" lon="-83.767662048339844" />
      <trkpt lat="37.765545845031738" lon="-83.767340183258057" />
      <trkpt lat="37.7655029296875" lon="-83.76699686050415" />
      <trkpt lat="37.765309810638428" lon="-83.766589164733887" />
      <trkpt lat="37.765138149261475" lon="-83.766224384307861" />
      <trkpt lat="37.765030860900879" lon="-83.766138553619385" />
      <trkpt lat="37.764837741851807" lon="-83.766095638275146" />
      <trkpt lat="37.764172554016113" lon="-83.766202926635742" />
      <trkpt lat="37.763550281524658" lon="-83.766353130340576" />
      <trkpt lat="37.763078212738037" lon="-83.766546249389648" />
      <trkpt lat="37.762885093688965" lon="-83.766396045684814" />
      <trkpt lat="37.762713432312012" lon="-83.766138553619385" />
      <trkpt lat="37.762305736541748" lon="-83.765022754669189" />
      <trkpt lat="37.762155532836914" lon="-83.764915466308594" />
      <trkpt lat="37.761619091033936" lon="-83.764743804931641" />
      <trkpt lat="37.761447429656982" lon="-83.764615058898926" />
      <trkpt lat="37.761082649230957" lon="-83.763949871063232" />
      <trkpt lat="37.760953903198242" lon="-83.763821125030518" />
      <trkpt lat="37.760825157165527" lon="-83.763799667358398" />
      <trkpt lat="37.760396003723145" lon="-83.763949871063232" />
      <trkpt lat="37.759559154510498" lon="-83.763906955718994" />
      <trkpt lat="37.75925874710083" lon="-83.763799667358398" />
      <trkpt lat="37.758679389953613" lon="-83.763370513916016" />
      <trkpt lat="37.757949829101563" lon="-83.763370513916016" />
      <trkpt lat="37.757606506347656" lon="-83.763477802276611" />
      <trkpt lat="37.757327556610107" lon="-83.763670921325684" />
      <trkpt lat="37.75726318359375" lon="-83.764121532440186" />
      <trkpt lat="37.757155895233154" lon="-83.764379024505615" />
      <trkpt lat="37.756383419036865" lon="-83.764657974243164" />
      <trkpt lat="37.755932807922363" lon="-83.765087127685547" />
      <trkpt lat="37.755825519561768" lon="-83.765387535095215" />
      <trkpt lat="37.755782604217529" lon="-83.76624584197998" />
      <trkpt lat="37.755696773529053" lon="-83.766374588012695" />
      <trkpt lat="37.755374908447266" lon="-83.766524791717529" />
      <trkpt lat="37.755224704742432" lon="-83.766739368438721" />
      <trkpt lat="37.755203247070313" lon="-83.76699686050415" />
      <trkpt lat="37.75526762008667" lon="-83.767533302307129" />
      <trkpt lat="37.755224704742432" lon="-83.76774787902832" />
      <trkpt lat="37.755074501037598" lon="-83.768069744110107" />
      <trkpt lat="37.754881381988525" lon="-83.768177032470703" />
      <trkpt lat="37.754108905792236" lon="-83.768026828765869" />
      <trkpt lat="37.753808498382568" lon="-83.768241405487061" />
      <trkpt lat="37.753422260284424" lon="-83.768649101257324" />
      <trkpt lat="37.753293514251709" lon="-83.768713474273682" />
      <trkpt lat="37.753164768218994" lon="-83.768649101257324" />
      <trkpt lat="37.753100395202637" lon="-83.768520355224609" />
      <trkpt lat="37.753078937530518" lon="-83.767704963684082" />
      <trkpt lat="37.752971649169922" lon="-83.767383098602295" />
      <trkpt lat="37.752735614776611" lon="-83.767211437225342" />
      <trkpt lat="37.751834392547607" lon="-83.76699686050415" />
      <trkpt lat="37.751662731170654" lon="-83.766889572143555" />
      <trkpt lat="37.751619815826416" lon="-83.766739368438721" />
      <trkpt lat="37.751727104187012" lon="-83.766288757324219" />
      <trkpt lat="37.751877307891846" lon="-83.76600980758667" />
      <trkpt lat="37.752842903137207" lon="-83.765387535095215" />
      <trkpt lat="37.752971649169922" lon="-83.765172958374023" />
      <trkpt lat="37.752950191497803" lon="-83.764872550964355" />
      <trkpt lat="37.752392292022705" lon="-83.763906955718994" />
      <trkpt lat="37.752220630645752" lon="-83.763391971588135" />
      <trkpt lat="37.752091884613037" lon="-83.763070106506348" />
      <trkpt lat="37.751941680908203" lon="-83.763027191162109" />
      <trkpt lat="37.751641273498535" lon="-83.76326322555542" />
      <trkpt lat="37.751255035400391" lon="-83.763821125030518" />
      <trkpt lat="37.750718593597412" lon="-83.764314651489258" />
      <trkpt lat="37.750332355499268" lon="-83.764443397521973" />
      <trkpt lat="37.749967575073242" lon="-83.764443397521973" />
      <trkpt lat="37.74977445602417" lon="-83.764314651489258" />
      <trkpt lat="37.749624252319336" lon="-83.76401424407959" />
      <trkpt lat="37.749645709991455" lon="-83.763155937194824" />
      <trkpt lat="37.749581336975098" lon="-83.762705326080322" />
      <trkpt lat="37.749452590942383" lon="-83.762619495391846" />
      <trkpt lat="37.749345302581787" lon="-83.762619495391846" />
      <trkpt lat="37.749087810516357" lon="-83.762748241424561" />
      <trkpt lat="37.748937606811523" lon="-83.762941360473633" />
      <trkpt lat="37.748808860778809" lon="-83.763670921325684" />
      <trkpt lat="37.748680114746094" lon="-83.76401424407959" />
      <trkpt lat="37.748465538024902" lon="-83.764314651489258" />
      <trkpt lat="37.747864723205566" lon="-83.764894008636475" />
      <trkpt lat="37.747414112091064" lon="-83.765666484832764" />
      <trkpt lat="37.746706008911133" lon="-83.766095638275146" />
      <trkpt lat="37.746362686157227" lon="-83.766589164733887" />
      <trkpt lat="37.746191024780273" lon="-83.766717910766602" />
      <trkpt lat="37.74528980255127" lon="-83.766953945159912" />
      <trkpt lat="37.745096683502197" lon="-83.767061233520508" />
      <trkpt lat="37.744882106781006" lon="-83.767297267913818" />
      <trkpt lat="37.744753360748291" lon="-83.767683506011963" />
      <trkpt lat="37.744667530059814" lon="-83.769593238830566" />
      <trkpt lat="37.744710445404053" lon="-83.770344257354736" />
      <trkpt lat="37.744646072387695" lon="-83.770515918731689" />
      <trkpt lat="37.744581699371338" lon="-83.770601749420166" />
      <trkpt lat="37.744452953338623" lon="-83.770601749420166" />
      <trkpt lat="37.743637561798096" lon="-83.770387172698975" />
      <trkpt lat="37.742586135864258" lon="-83.769829273223877" />
      <trkpt lat="37.742006778717041" lon="-83.7697434425354" />
      <trkpt lat="37.741856575012207" lon="-83.769614696502686" />
      <trkpt lat="37.741341590881348" lon="-83.769035339355469" />
      <trkpt lat="37.741084098815918" lon="-83.768734931945801" />
      <trkpt lat="37.740998268127441" lon="-83.768541812896729" />
      <trkpt lat="37.740933895111084" lon="-83.767662048339844" />
      <trkpt lat="37.740826606750488" lon="-83.767189979553223" />
      <trkpt lat="37.740676403045654" lon="-83.766889572143555" />
      <trkpt lat="37.74029016494751" lon="-83.766288757324219" />
      <trkpt lat="37.740204334259033" lon="-83.766224384307861" />
      <trkpt lat="37.74002630263567" lon="-83.766026655212045" />
      <trkpt lat="37.740204334259033" lon="-83.766224384307861" />
      <trkpt lat="37.740011215209961" lon="-83.76600980758667" />
      <trkpt lat="37.739946842193604" lon="-83.765838146209717" />
      <trkpt lat="37.739932425320148" lon="-83.765660198405385" />
      <trkpt lat="37.739882469177246" lon="-83.765044212341309" />
      <trkpt lat="37.739646434783936" lon="-83.764078617095947" />
      <trkpt lat="37.739624977111816" lon="-83.763477802276611" />
      <trkpt lat="37.739732265472412" lon="-83.762941360473633" />
      <trkpt lat="37.739732265472412" lon="-83.762533664703369" />
      <trkpt lat="37.739303112030029" lon="-83.761396408081055" />
      <trkpt lat="37.739303112030029" lon="-83.760859966278076" />
      <trkpt lat="37.739131450653076" lon="-83.760194778442383" />
      <trkpt lat="37.739131450653076" lon="-83.759958744049072" />
      <trkpt lat="37.739367485046387" lon="-83.759658336639404" />
      <trkpt lat="37.740161418914795" lon="-83.759315013885498" />
      <trkpt lat="37.740268707275391" lon="-83.759207725524902" />
      <trkpt lat="37.740247249603271" lon="-83.758993148803711" />
      <trkpt lat="37.739968299865723" lon="-83.758671283721924" />
      <trkpt lat="37.739925384521484" lon="-83.758542537689209" />
      <trkpt lat="37.739903926849365" lon="-83.758199214935303" />
      <trkpt lat="37.739968299865723" lon="-83.757855892181396" />
      <trkpt lat="37.739903926849365" lon="-83.757598400115967" />
      <trkpt lat="37.73979663848877" lon="-83.757491111755371" />
      <trkpt lat="37.739367485046387" lon="-83.757297992706299" />
      <trkpt lat="37.739174365997314" lon="-83.757297992706299" />
      <trkpt lat="37.738873958587646" lon="-83.757405281066895" />
      <trkpt lat="37.738316059112549" lon="-83.757834434509277" />
      <trkpt lat="37.738037109375" lon="-83.757898807525635" />
      <trkpt lat="37.737886905670166" lon="-83.757855892181396" />
      <trkpt lat="37.737629413604736" lon="-83.757662773132324" />
      <trkpt lat="37.737479209899902" lon="-83.75727653503418" />
      <trkpt lat="37.737350463867188" lon="-83.756632804870605" />
      <trkpt lat="37.737350463867188" lon="-83.75626802444458" />
      <trkpt lat="37.73777961730957" lon="-83.754401206970215" />
      <trkpt lat="37.737843990325928" lon="-83.753821849822998" />
      <trkpt lat="37.737758159637451" lon="-83.753221035003662" />
      <trkpt lat="37.737629413604736" lon="-83.752856254577637" />
      <trkpt lat="37.737490609288216" lon="-83.752578645944595" />
      <trkpt lat="37.737350463867188" lon="-83.752298355102539" />
      <trkpt lat="37.737350463867188" lon="-83.751890659332275" />
      <trkpt lat="37.737457752227783" lon="-83.751676082611084" />
      <trkpt lat="37.737758159637451" lon="-83.751504421234131" />
      <trkpt lat="37.738723754882813" lon="-83.751611709594727" />
      <trkpt lat="37.739710807800293" lon="-83.75178337097168" />
      <trkpt lat="37.74029016494751" lon="-83.751654624938965" />
      <trkpt lat="37.740654945373535" lon="-83.751461505889893" />
      <trkpt lat="37.740976810455322" lon="-83.751204013824463" />
      <trkpt lat="37.742006778717041" lon="-83.750066757202148" />
      <trkpt lat="37.742736339569092" lon="-83.749144077301025" />
      <trkpt lat="37.743101119995117" lon="-83.748500347137451" />
      <trkpt lat="37.743916511535645" lon="-83.746612071990967" />
      <trkpt lat="37.744903564453125" lon="-83.743414878845215" />
      <trkpt lat="37.745203971862793" lon="-83.742814064025879" />
      <trkpt lat="37.745547294616699" lon="-83.742384910583496" />
      <trkpt lat="37.745611667633057" lon="-83.742020130157471" />
      <trkpt lat="37.745933532714844" lon="-83.74129056930542" />
      <trkpt lat="37.746040821075439" lon="-83.740775585174561" />
      <trkpt lat="37.745912075042725" lon="-83.739616870880127" />
      <trkpt lat="37.745697498321533" lon="-83.739187717437744" />
      <trkpt lat="37.745718955993652" lon="-83.738930225372314" />
      <trkpt lat="37.745933532714844" lon="-83.738608360290527" />
      <trkpt lat="37.745997905731201" lon="-83.73828649520874" />
      <trkpt lat="37.745997905731201" lon="-83.738114833831787" />
      <trkpt lat="37.745869159698486" lon="-83.737642765045166" />
      <trkpt lat="37.745912075042725" lon="-83.737149238586426" />
      <trkpt lat="37.745847702026367" lon="-83.736398220062256" />
      <trkpt lat="37.745654582977295" lon="-83.735947608947754" />
      <trkpt lat="37.745461463928223" lon="-83.735668659210205" />
      <trkpt lat="37.745019402354956" lon="-83.735381411388516" />
      <trkpt lat="37.744174003601074" lon="-83.734831809997559" />
      <trkpt lat="37.743229866027832" lon="-83.733887672424316" />
      <trkpt lat="37.742264270782471" lon="-83.733329772949219" />
      <trkpt lat="37.742049694061279" lon="-83.733158111572266" />
      <trkpt lat="37.74179220199585" lon="-83.732771873474121" />
      <trkpt lat="37.74177074432373" lon="-83.732128143310547" />
      <trkpt lat="37.741684913635254" lon="-83.731870651245117" />
      <trkpt lat="37.741556167602539" lon="-83.731634616851807" />
      <trkpt lat="37.741148471832275" lon="-83.731527328491211" />
      <trkpt lat="37.740805149078369" lon="-83.730990886688232" />
      <trkpt lat="37.740075588226318" lon="-83.730432987213135" />
      <trkpt lat="37.739818096160889" lon="-83.730368614196777" />
      <trkpt lat="37.739646434783936" lon="-83.730432987213135" />
      <trkpt lat="37.739324569702148" lon="-83.730840682983398" />
      <trkpt lat="37.738916873931885" lon="-83.731119632720947" />
      <trkpt lat="37.738680839538574" lon="-83.731184005737305" />
      <trkpt lat="37.738509178161621" lon="-83.731098175048828" />
      <trkpt lat="37.737650871276855" lon="-83.730432987213135" />
      <trkpt lat="37.737178802490234" lon="-83.729918003082275" />
      <trkpt lat="37.736921310424805" lon="-83.729767799377441" />
      <trkpt lat="37.736663818359375" lon="-83.729853630065918" />
      <trkpt lat="37.736127376556396" lon="-83.730368614196777" />
      <trkpt lat="37.735462188720703" lon="-83.731420040130615" />
      <trkpt lat="37.734861373901367" lon="-83.731720447540283" />
      <trkpt lat="37.73430347442627" lon="-83.732149600982666" />
      <trkpt lat="37.733466625213623" lon="-83.732514381408691" />
      <trkpt lat="37.733065718784928" lon="-83.7327815964818" />
      <trkpt lat="37.733065634965897" lon="-83.732781764119864" />
      <trkpt lat="37.732600020244718" lon="-83.733049985021353" />
      <trkpt lat="37.732419976964593" lon="-83.733049985021353" />
      <trkpt lat="37.732029967010021" lon="-83.732759971171618" />
      <trkpt lat="37.731550019234419" lon="-83.732519997283816" />
      <trkpt lat="37.731220023706555" lon="-83.732050023972988" />
      <trkpt lat="37.73120996542275" lon="-83.731760010123253" />
      <trkpt lat="37.731469972059131" lon="-83.731009997427464" />
      <trkpt lat="37.731410041451454" lon="-83.730340031906962" />
      <trkpt lat="37.731250030919909" lon="-83.730199970304966" />
      <trkpt lat="37.730230037122965" lon="-83.730429969727993" />
      <trkpt lat="37.730000037699938" lon="-83.730370039120317" />
      <trkpt lat="37.72991999052465" lon="-83.729509972035885" />
      <trkpt lat="37.729799961671233" lon="-83.729139994829893" />
      <trkpt lat="37.729009967297316" lon="-83.727859994396567" />
      <trkpt lat="37.728089969605207" lon="-83.727019960060716" />
      <trkpt lat="37.727719992399216" lon="-83.726180009543896" />
      <trkpt lat="37.727680010721087" lon="-83.725610040128231" />
      <trkpt lat="37.72777003236115" lon="-83.724800013005733" />
      <trkpt lat="37.72830999456346" lon="-83.722949959337711" />
      <trkpt lat="37.728270012885332" lon="-83.722530025988817" />
      <trkpt lat="37.728089969605207" lon="-83.72230002656579" />
      <trkpt lat="37.727310033515096" lon="-83.72214999049902" />
      <trkpt lat="37.72598996758461" lon="-83.721469966694713" />
      <trkpt lat="37.725619990378618" lon="-83.721410036087036" />
      <trkpt lat="37.725180024281144" lon="-83.721669958904386" />
      <trkpt lat="37.724360022693872" lon="-83.721810020506382" />
      <trkpt lat="37.723010033369064" lon="-83.722360040992498" />
      <trkpt lat="37.72253000177443" lon="-83.722319975495338" />
      <trkpt lat="37.721870010718703" lon="-83.722070027142763" />
      <trkpt lat="37.721659960225224" lon="-83.722059968858957" />
      <trkpt lat="37.72076996974647" lon="-83.722820039838552" />
      <trkpt lat="37.720399992540479" lon="-83.722960017621517" />
      <trkpt lat="37.720139985904098" lon="-83.722960017621517" />
      <trkpt lat="37.71977998316288" lon="-83.722869995981455" />
      <trkpt lat="37.719559958204627" lon="-83.72270998544991" />
      <trkpt lat="37.718669967725873" lon="-83.721710024401546" />
      <trkpt lat="37.718329997733235" lon="-83.721629977226257" />
      <trkpt lat="37.716819997876883" lon="-83.721729973331094" />
      <trkpt lat="37.716209962964058" lon="-83.721580021083355" />
      <trkpt lat="37.716120779514313" lon="-83.722026944160461" />
      <trkpt lat="37.716064453125" lon="-83.722364902496338" />
      <trkpt lat="37.715957164764404" lon="-83.722622394561768" />
      <trkpt lat="37.715592384338379" lon="-83.722987174987793" />
      <trkpt lat="37.715163230895996" lon="-83.723287582397461" />
      <trkpt lat="37.71481990814209" lon="-83.723459243774414" />
      <trkpt lat="37.714390754699707" lon="-83.723609447479248" />
      <trkpt lat="37.713532447814941" lon="-83.723587989807129" />
      <trkpt lat="37.713360786437988" lon="-83.723716735839844" />
      <trkpt lat="37.712953090667725" lon="-83.724188804626465" />
      <trkpt lat="37.712652683258057" lon="-83.724360466003418" />
      <trkpt lat="37.71233081817627" lon="-83.724274635314941" />
      <trkpt lat="37.712137699127197" lon="-83.724081516265869" />
      <trkpt lat="37.711644172668457" lon="-83.723373413085937" />
      <trkpt lat="37.711451053619385" lon="-83.723266124725342" />
      <trkpt lat="37.711257934570313" lon="-83.723287582397461" />
      <trkpt lat="37.710871696472168" lon="-83.72356653213501" />
      <trkpt lat="37.709369659423828" lon="-83.724896907806396" />
      <trkpt lat="37.709133625030518" lon="-83.725025653839111" />
      <trkpt lat="37.708725929260254" lon="-83.725154399871826" />
      <trkpt lat="37.708168029785156" lon="-83.725261688232422" />
      <trkpt lat="37.707695960998535" lon="-83.725368976593018" />
      <trkpt lat="37.706923484802246" lon="-83.725883960723877" />
      <trkpt lat="37.706601619720459" lon="-83.725991249084473" />
      <trkpt lat="37.706279754638672" lon="-83.72581958770752" />
      <trkpt lat="37.70582914352417" lon="-83.725368976593018" />
      <trkpt lat="37.705550193786621" lon="-83.725326061248779" />
      <trkpt lat="37.705314159393311" lon="-83.725411891937256" />
      <trkpt lat="37.703962326049805" lon="-83.726184368133545" />
      <trkpt lat="37.703490257263184" lon="-83.726506233215332" />
      <trkpt lat="37.702717781066895" lon="-83.727192878723145" />
      <trkpt lat="37.702267169952393" lon="-83.727321624755859" />
      <trkpt lat="37.701301574707031" lon="-83.727107048034668" />
      <trkpt lat="37.700550556182861" lon="-83.726978302001953" />
      <trkpt lat="37.699477672576904" lon="-83.726913928985596" />
      <trkpt lat="37.698705196380615" lon="-83.726913928985596" />
      <trkpt lat="37.69834041595459" lon="-83.72706413269043" />
      <trkpt lat="37.697997093200684" lon="-83.72755765914917" />
      <trkpt lat="37.697503566741943" lon="-83.728866577148438" />
      <trkpt lat="37.697310447692871" lon="-83.729252815246582" />
      <trkpt lat="37.696387767791748" lon="-83.730390071868896" />
      <trkpt lat="37.696151733398438" lon="-83.731226921081543" />
      <trkpt lat="37.696022987365723" lon="-83.731484413146973" />
      <trkpt lat="37.695615291595459" lon="-83.731892108917236" />
      <trkpt lat="37.694993019104004" lon="-83.732128143310547" />
      <trkpt lat="37.694563865661621" lon="-83.732342720031738" />
      <trkpt lat="37.694091796875" lon="-83.732686042785645" />
      <trkpt lat="37.693405151367188" lon="-83.733479976654053" />
      <trkpt lat="37.693276405334473" lon="-83.733758926391602" />
      <trkpt lat="37.693126201629639" lon="-83.734273910522461" />
      <trkpt lat="37.692804336547852" lon="-83.734853267669678" />
      <trkpt lat="37.692289352416992" lon="-83.736205101013184" />
      <trkpt lat="37.691001892089844" lon="-83.73828649520874" />
      <trkpt lat="37.690701484680176" lon="-83.738737106323242" />
      <trkpt lat="37.69035816192627" lon="-83.73903751373291" />
      <trkpt lat="37.689414024353027" lon="-83.739445209503174" />
      <trkpt lat="37.688555717468262" lon="-83.739638328552246" />
      <trkpt lat="37.688255310058594" lon="-83.739809989929199" />
      <trkpt lat="37.687482833862305" lon="-83.740518093109131" />
      <trkpt lat="37.687118053436279" lon="-83.740775585174561" />
      <trkpt lat="37.686817646026611" lon="-83.740882873535156" />
      <trkpt lat="37.686302661895752" lon="-83.740904331207275" />
      <trkpt lat="37.685980796813965" lon="-83.74103307723999" />
      <trkpt lat="37.685337066650391" lon="-83.741698265075684" />
      <trkpt lat="37.684521675109863" lon="-83.742105960845947" />
      <trkpt lat="37.684307098388672" lon="-83.7422776222229" />
      <trkpt lat="37.683513164520264" lon="-83.743822574615479" />
      <trkpt lat="37.683277130126953" lon="-83.744058609008789" />
      <trkpt lat="37.682805061340332" lon="-83.744401931762695" />
      <trkpt lat="37.682676315307617" lon="-83.744595050811768" />
      <trkpt lat="37.68235445022583" lon="-83.745367527008057" />
      <trkpt lat="37.6820969581604" lon="-83.745582103729248" />
      <trkpt lat="37.68160343170166" lon="-83.74577522277832" />
      <trkpt lat="37.681045532226563" lon="-83.746225833892822" />
      <trkpt lat="37.68085241317749" lon="-83.746612071990967" />
      <trkpt lat="37.680680751800537" lon="-83.747642040252686" />
      <trkpt lat="37.680487632751465" lon="-83.748049736022949" />
      <trkpt lat="37.680251598358154" lon="-83.748350143432617" />
      <trkpt lat="37.680037021636963" lon="-83.748478889465332" />
      <trkpt lat="37.679479122161865" lon="-83.748586177825928" />
      <trkpt lat="37.678492069244385" lon="-83.749208450317383" />
      <trkpt lat="37.678127288818359" lon="-83.750002384185791" />
      <trkpt lat="37.677290439605713" lon="-83.751461505889893" />
      <trkpt lat="37.676904201507568" lon="-83.751912117004395" />
      <trkpt lat="37.676281929016113" lon="-83.75253438949585" />
      <trkpt lat="37.675981521606445" lon="-83.752706050872803" />
      <trkpt lat="37.675294876098633" lon="-83.752491474151611" />
      <trkpt lat="37.675166130065918" lon="-83.75253438949585" />
      <trkpt lat="37.674629688262939" lon="-83.752920627593994" />
      <trkpt lat="37.674179077148438" lon="-83.753306865692139" />
      <trkpt lat="37.673943042755127" lon="-83.753457069396973" />
      <trkpt lat="37.673814296722412" lon="-83.75352144241333" />
      <trkpt lat="37.673406600952148" lon="-83.753542900085449" />
      <trkpt lat="37.672913074493408" lon="-83.75352144241333" />
      <trkpt lat="37.672569751739502" lon="-83.75352144241333" />
      <trkpt lat="37.672226428985596" lon="-83.753671646118164" />
      <trkpt lat="37.672076225280762" lon="-83.753907680511475" />
      <trkpt lat="37.671926021575928" lon="-83.754293918609619" />
      <trkpt lat="37.671711444854736" lon="-83.754508495330811" />
      <trkpt lat="37.671389579772949" lon="-83.754487037658691" />
      <trkpt lat="37.670896053314209" lon="-83.754723072052002" />
      <trkpt lat="37.670466899871826" lon="-83.75476598739624" />
      <trkpt lat="37.66937255859375" lon="-83.754615783691406" />
      <trkpt lat="37.668771743774414" lon="-83.754658699035645" />
      <trkpt lat="37.668642997741699" lon="-83.754615783691406" />
      <trkpt lat="37.668085098266602" lon="-83.75452995300293" />
      <trkpt lat="37.66787052154541" lon="-83.754658699035645" />
      <trkpt lat="37.667784690856934" lon="-83.754873275756836" />
      <trkpt lat="37.667698860168457" lon="-83.755495548248291" />
      <trkpt lat="37.667484283447266" lon="-83.755924701690674" />
      <trkpt lat="37.667291164398193" lon="-83.756074905395508" />
      <trkpt lat="37.666819095611572" lon="-83.756182193756104" />
      <trkpt lat="37.666389942169189" lon="-83.756461143493652" />
      <trkpt lat="37.66621358692646" lon="-83.756691310554743" />
      <trkpt lat="37.666213670745492" lon="-83.756691142916679" />
      <trkpt lat="37.66567999497056" lon="-83.757530003786087" />
      <trkpt lat="37.665670020505786" lon="-83.757560010999441" />
      <trkpt lat="37.665610006079078" lon="-83.757739970460534" />
      <trkpt lat="37.665540017187595" lon="-83.757950020954013" />
      <trkpt lat="37.665540017187595" lon="-83.757959995418787" />
      <trkpt lat="37.665449995547533" lon="-83.758120005950332" />
      <trkpt lat="37.665440021082759" lon="-83.758140038698912" />
      <trkpt lat="37.665329966694117" lon="-83.758319998160005" />
      <trkpt lat="37.665299959480762" lon="-83.758359979838133" />
      <trkpt lat="37.665180014446378" lon="-83.758500041440129" />
      <trkpt lat="37.665050011128187" lon="-83.75861001200974" />
      <trkpt lat="37.665029978379607" lon="-83.758640019223094" />
      <trkpt lat="37.664929982274771" lon="-83.758710008114576" />
      <trkpt lat="37.664899975061417" lon="-83.758730040863156" />
      <trkpt lat="37.66482001170516" lon="-83.758770022541285" />
      <trkpt lat="37.664729990065098" lon="-83.758789971470833" />
      <trkpt lat="37.664580037817359" lon="-83.758830036967993" />
      <trkpt lat="37.664550030604005" lon="-83.758849985897541" />
      <trkpt lat="37.664450034499168" lon="-83.758889967575669" />
      <trkpt lat="37.66439002007246" lon="-83.758940007537603" />
      <trkpt lat="37.664330005645752" lon="-83.758970014750957" />
      <trkpt lat="37.66423998400569" lon="-83.759049978107214" />
      <trkpt lat="37.66423998400569" lon="-83.75906003639102" />
      <trkpt lat="37.663839999586344" lon="-83.759430013597012" />
      <trkpt lat="37.663660040125251" lon="-83.759590024128556" />
      <trkpt lat="37.663549985736609" lon="-83.759690020233393" />
      <trkpt lat="37.663419982418418" lon="-83.759839972481132" />
      <trkpt lat="37.663389975205064" lon="-83.759890012443066" />
      <trkpt lat="37.663389975205064" lon="-83.75989998690784" />
      <trkpt lat="37.663310011848807" lon="-83.760120011866093" />
      <trkpt lat="37.663289979100227" lon="-83.760250015184283" />
      <trkpt lat="37.663300037384033" lon="-83.760320004075766" />
      <trkpt lat="37.663329960778356" lon="-83.760450007393956" />
      <trkpt lat="37.663389975205064" lon="-83.760510021820664" />
      <trkpt lat="37.663410007953644" lon="-83.760540029034019" />
      <trkpt lat="37.663540011271834" lon="-83.760640025138855" />
      <trkpt lat="37.663719970732927" lon="-83.760770028457046" />
      <trkpt lat="37.663949970155954" lon="-83.760979995131493" />
      <trkpt lat="37.663990035653114" lon="-83.761010002344847" />
      <trkpt lat="37.664109980687499" lon="-83.761140005663037" />
      <trkpt lat="37.664130013436079" lon="-83.761160038411617" />
      <trkpt lat="37.664230009540915" lon="-83.761240001767874" />
      <trkpt lat="37.664279965683818" lon="-83.761279983446002" />
      <trkpt lat="37.664590012282133" lon="-83.761509982869029" />
      <trkpt lat="37.664790004491806" lon="-83.761669993400574" />
      <trkpt lat="37.664850018918514" lon="-83.761730007827282" />
      <trkpt lat="37.664989996701479" lon="-83.76179002225399" />
      <trkpt lat="37.665059985592961" lon="-83.761809971183538" />
      <trkpt lat="37.665210021659732" lon="-83.761830003932118" />
      <trkpt lat="37.665359973907471" lon="-83.761809971183538" />
      <trkpt lat="37.665519984439015" lon="-83.76176998950541" />
      <trkpt lat="37.665759958326817" lon="-83.761630011722445" />
      <trkpt lat="37.665879987180233" lon="-83.761560022830963" />
      <trkpt lat="37.666000016033649" lon="-83.761509982869029" />
      <trkpt lat="37.666090037673712" lon="-83.761500008404255" />
      <trkpt lat="37.666100012138486" lon="-83.761500008404255" />
      <trkpt lat="37.666170001029968" lon="-83.761509982869029" />
      <trkpt lat="37.666239989921451" lon="-83.761579971760511" />
      <trkpt lat="37.666309978812933" lon="-83.761720033362508" />
      <trkpt lat="37.666330011561513" lon="-83.761799996718764" />
      <trkpt lat="37.666369993239641" lon="-83.762020021677017" />
      <trkpt lat="37.666390025988221" lon="-83.762099985033274" />
      <trkpt lat="37.666439982131124" lon="-83.762280028313398" />
      <trkpt lat="37.666509971022606" lon="-83.762450013309717" />
      <trkpt lat="37.666550036519766" lon="-83.762529976665974" />
      <trkpt lat="37.666769977658987" lon="-83.762750001624227" />
      <trkpt lat="37.666929988190532" lon="-83.762910012155771" />
      <trkpt lat="37.667029984295368" lon="-83.763010008260608" />
      <trkpt lat="37.667050017043948" lon="-83.763030041009188" />
      <trkpt lat="37.667110031470656" lon="-83.76307999715209" />
      <trkpt lat="37.667180020362139" lon="-83.76310002990067" />
      <trkpt lat="37.667210027575493" lon="-83.763110004365444" />
      <trkpt lat="37.667229976505041" lon="-83.763119978830218" />
      <trkpt lat="37.667319998145103" lon="-83.763140011578798" />
      <trkpt lat="37.667389987036586" lon="-83.763140011578798" />
      <trkpt lat="37.667450001463294" lon="-83.763140011578798" />
      <trkpt lat="37.667610011994839" lon="-83.763200026005507" />
      <trkpt lat="37.667759964242578" lon="-83.763260040432215" />
      <trkpt lat="37.668060036376119" lon="-83.763400018215179" />
      <trkpt lat="37.668079985305667" lon="-83.763409992679954" />
      <trkpt lat="37.668239995837212" lon="-83.76350998878479" />
      <trkpt lat="37.668400006368756" lon="-83.763600010424852" />
      <trkpt lat="37.66840998083353" lon="-83.763609984889627" />
      <trkpt lat="37.668569991365075" lon="-83.763690032064915" />
      <trkpt lat="37.66873000189662" lon="-83.763779969885945" />
      <trkpt lat="37.66883997246623" lon="-83.763839984312654" />
      <trkpt lat="37.669029990211129" lon="-83.763979962095618" />
      <trkpt lat="37.669190000742674" lon="-83.764139972627163" />
      <trkpt lat="37.669240040704608" lon="-83.764199987053871" />
      <trkpt lat="37.669340036809444" lon="-83.764260001480579" />
      <trkpt lat="37.669350011274219" lon="-83.764269975945354" />
      <trkpt lat="37.669459981843829" lon="-83.764310041442513" />
      <trkpt lat="37.669510021805763" lon="-83.764310041442513" />
      <trkpt lat="37.669659974053502" lon="-83.764310041442513" />
      <trkpt lat="37.669870024546981" lon="-83.764350023120642" />
      <trkpt lat="37.670000027865171" lon="-83.764420012012124" />
      <trkpt lat="37.670059958472848" lon="-83.764459993690252" />
      <trkpt lat="37.670109998434782" lon="-83.764520008116961" />
      <trkpt lat="37.67014998011291" lon="-83.764580022543669" />
      <trkpt lat="37.670200020074844" lon="-83.764689993113279" />
      <trkpt lat="37.670249976217747" lon="-83.76484002918005" />
      <trkpt lat="37.670290041714907" lon="-83.764959974214435" />
      <trkpt lat="37.670309990644455" lon="-83.765019988641143" />
      <trkpt lat="37.670339997857809" lon="-83.765159966424108" />
      <trkpt lat="37.670419961214066" lon="-83.765449980273843" />
      <trkpt lat="37.670430019497871" lon="-83.765479987487197" />
      <trkpt lat="37.670509982854128" lon="-83.765639998018742" />
      <trkpt lat="37.67062003724277" lon="-83.765779975801706" />
      <trkpt lat="37.670639986172318" lon="-83.765800008550286" />
      <trkpt lat="37.670690026134253" lon="-83.765849964693189" />
      <trkpt lat="37.670820029452443" lon="-83.765920037403703" />
      <trkpt lat="37.670890018343925" lon="-83.765949960798025" />
      <trkpt lat="37.671039970591664" lon="-83.765990026295185" />
      <trkpt lat="37.671150024980307" lon="-83.766009975224733" />
      <trkpt lat="37.671320009976625" lon="-83.766050040721893" />
      <trkpt lat="37.671380024403334" lon="-83.766060015186667" />
      <trkpt lat="37.671489994972944" lon="-83.766099996864796" />
      <trkpt lat="37.671499969437718" lon="-83.766099996864796" />
      <trkpt lat="37.671599965542555" lon="-83.76615003682673" />
      <trkpt lat="37.671650005504489" lon="-83.766190018504858" />
      <trkpt lat="37.671659979969263" lon="-83.766199992969632" />
      <trkpt lat="37.671699961647391" lon="-83.766250032931566" />
      <trkpt lat="37.671740027144551" lon="-83.766320021823049" />
      <trkpt lat="37.671789983287454" lon="-83.766490006819367" />
      <trkpt lat="37.671800041571259" lon="-83.766610035672784" />
      <trkpt lat="37.671810016036034" lon="-83.76666996628046" />
      <trkpt lat="37.671810016036034" lon="-83.766750013455749" />
      <trkpt lat="37.671810016036034" lon="-83.766829976812005" />
      <trkpt lat="37.671800041571259" lon="-83.767059976235032" />
      <trkpt lat="37.671829964965582" lon="-83.767219986766577" />
      <trkpt lat="37.671880004927516" lon="-83.767370022833347" />
      <trkpt lat="37.671949993818998" lon="-83.767459960654378" />
      <trkpt lat="37.672070022672415" lon="-83.767640003934503" />
      <trkpt lat="37.672089971601963" lon="-83.767670011147857" />
      <trkpt lat="37.672219974920154" lon="-83.767879977822304" />
      <trkpt lat="37.672279989346862" lon="-83.76800000667572" />
      <trkpt lat="37.67231997102499" lon="-83.768079970031977" />
      <trkpt lat="37.672370010986924" lon="-83.768199998885393" />
      <trkpt lat="37.672400018200278" lon="-83.768260013312101" />
      <trkpt lat="37.672479981556535" lon="-83.76840996555984" />
      <trkpt lat="37.672590035945177" lon="-83.768560001626611" />
      <trkpt lat="37.672649966552854" lon="-83.768620016053319" />
      <trkpt lat="37.672860017046332" lon="-83.768850015476346" />
      <trkpt lat="37.672939980402589" lon="-83.768940037116408" />
      <trkpt lat="37.673209961503744" lon="-83.769210018217564" />
      <trkpt lat="37.673359997570515" lon="-83.769380003213882" />
      <trkpt lat="37.673459993675351" lon="-83.769500032067299" />
      <trkpt lat="37.673510033637285" lon="-83.76958996988833" />
      <trkpt lat="37.673550015315413" lon="-83.769649984315038" />
      <trkpt lat="37.673599971458316" lon="-83.769789962098002" />
      <trkpt lat="37.673680018633604" lon="-83.769990038126707" />
      <trkpt lat="37.673799963667989" lon="-83.770300000905991" />
      <trkpt lat="37.673929966986179" lon="-83.7705999892205" />
      <trkpt lat="37.673949999734759" lon="-83.770639970898628" />
      <trkpt lat="37.674000039696693" lon="-83.770769974216819" />
      <trkpt lat="37.674119984731078" lon="-83.771120002493262" />
      <trkpt lat="37.674149991944432" lon="-83.771219998598099" />
      <trkpt lat="37.674270020797849" lon="-83.771649990230799" />
      <trkpt lat="37.674300028011203" lon="-83.771789968013763" />
      <trkpt lat="37.674359958618879" lon="-83.772070007398725" />
      <trkpt lat="37.674370016902685" lon="-83.772090040147305" />
      <trkpt lat="37.674409998580813" lon="-83.772420035675168" />
      <trkpt lat="37.674430031329393" lon="-83.772709965705872" />
      <trkpt lat="37.674430031329393" lon="-83.772990005090833" />
      <trkpt lat="37.674430031329393" lon="-83.772999979555607" />
      <trkpt lat="37.674389965832233" lon="-83.773250011727214" />
      <trkpt lat="37.674359958618879" lon="-83.773399963974953" />
      <trkpt lat="37.674340009689331" lon="-83.773429971188307" />
      <trkpt lat="37.674300028011203" lon="-83.773529967293143" />
      <trkpt lat="37.674240013584495" lon="-83.773619988933206" />
      <trkpt lat="37.67423003911972" lon="-83.773640021681786" />
      <trkpt lat="37.674140017479658" lon="-83.773749992251396" />
      <trkpt lat="37.674040021374822" lon="-83.773919977247715" />
      <trkpt lat="37.674029963091016" lon="-83.773989966139197" />
      <trkpt lat="37.674040021374822" lon="-83.774049980565906" />
      <trkpt lat="37.674089977517724" lon="-83.774149976670742" />
      <trkpt lat="37.674110010266304" lon="-83.774160034954548" />
      <trkpt lat="37.674379991367459" lon="-83.774349968880415" />
      <trkpt lat="37.674500020220876" lon="-83.774409983307123" />
      <trkpt lat="37.674600016325712" lon="-83.774449964985251" />
      <trkpt lat="37.674749968573451" lon="-83.774490030482411" />
      <trkpt lat="37.674849964678288" lon="-83.774560019373894" />
      <trkpt lat="37.674930011853576" lon="-83.77466001547873" />
      <trkpt lat="37.674949960783124" lon="-83.774699997156858" />
      <trkpt lat="37.67496001906693" lon="-83.774730004370213" />
      <trkpt lat="37.675000000745058" lon="-83.774909963831306" />
      <trkpt lat="37.675009975209832" lon="-83.775009959936142" />
      <trkpt lat="37.674990026280284" lon="-83.77536996267736" />
      <trkpt lat="37.674990026280284" lon="-83.775420002639294" />
      <trkpt lat="37.674949960783124" lon="-83.775589987635612" />
      <trkpt lat="37.67493998631835" lon="-83.775619994848967" />
      <trkpt lat="37.674879971891642" lon="-83.775810012593865" />
      <trkpt lat="37.674479987472296" lon="-83.776690028607845" />
      <trkpt lat="37.674440005794168" lon="-83.776779966428876" />
      <trkpt lat="37.674300028011203" lon="-83.777120020240545" />
      <trkpt lat="37.674279995262623" lon="-83.777190009132028" />
      <trkpt lat="37.674189973622561" lon="-83.777420008555055" />
      <trkpt lat="37.674149991944432" lon="-83.777599968016148" />
      <trkpt lat="37.674140017479658" lon="-83.777610026299953" />
      <trkpt lat="37.674119984731078" lon="-83.777789985761046" />
      <trkpt lat="37.674119984731078" lon="-83.777880007401109" />
      <trkpt lat="37.674119984731078" lon="-83.777980003505945" />
      <trkpt lat="37.674129959195852" lon="-83.778059966862202" />
      <trkpt lat="37.674149991944432" lon="-83.778159962967038" />
      <trkpt lat="37.674219980835915" lon="-83.778309999033809" />
      <trkpt lat="37.674319976940751" lon="-83.778430027887225" />
      <trkpt lat="37.67448996193707" lon="-83.77854997292161" />
      <trkpt lat="37.674579983577132" lon="-83.778690034523606" />
      <trkpt lat="37.674609990790486" lon="-83.778769997879863" />
      <trkpt lat="37.674609990790486" lon="-83.778860019519925" />
      <trkpt lat="37.674609990790486" lon="-83.779320018365979" />
      <trkpt lat="37.67461996525526" lon="-83.779490003362298" />
      <trkpt lat="37.67463999800384" lon="-83.779569966718554" />
      <trkpt lat="37.67466003075242" lon="-83.779610032215714" />
      <trkpt lat="37.674700012430549" lon="-83.779720002785325" />
      <trkpt lat="37.674749968573451" lon="-83.779810024425387" />
      <trkpt lat="37.674770001322031" lon="-83.779850006103516" />
      <trkpt lat="37.674879971891642" lon="-83.780019991099834" />
      <trkpt lat="37.674900004640222" lon="-83.780089979991317" />
      <trkpt lat="37.674900004640222" lon="-83.780170027166605" />
      <trkpt lat="37.674879971891642" lon="-83.780249990522861" />
      <trkpt lat="37.674849964678288" lon="-83.780319979414344" />
      <trkpt lat="37.674800008535385" lon="-83.780389968305826" />
      <trkpt lat="37.674800008535385" lon="-83.780400026589632" />
      <trkpt lat="37.674679979681969" lon="-83.780500022694468" />
      <trkpt lat="37.674400024116039" lon="-83.780670007690787" />
      <trkpt lat="37.674000039696693" lon="-83.780900007113814" />
      <trkpt lat="37.673980006948113" lon="-83.780909981578588" />
      <trkpt lat="37.673759981989861" lon="-83.781060017645359" />
      <trkpt lat="37.673580022528768" lon="-83.781239977106452" />
      <trkpt lat="37.673559989780188" lon="-83.781269984319806" />
      <trkpt lat="37.673480026423931" lon="-83.781369980424643" />
      <trkpt lat="37.673439960926771" lon="-83.781450027599931" />
      <trkpt lat="37.673380030319095" lon="-83.781610038131475" />
      <trkpt lat="37.673320015892386" lon="-83.781869960948825" />
      <trkpt lat="37.673310041427612" lon="-83.781899968162179" />
      <trkpt lat="37.673269975930452" lon="-83.782080011442304" />
      <trkpt lat="37.673269975930452" lon="-83.782089985907078" />
      <trkpt lat="37.673260001465678" lon="-83.782359967008233" />
      <trkpt lat="37.673269975930452" lon="-83.782549984753132" />
      <trkpt lat="37.673280034214258" lon="-83.782740002498031" />
      <trkpt lat="37.673329990357161" lon="-83.782990034669638" />
      <trkpt lat="37.673369972035289" lon="-83.783209975808859" />
      <trkpt lat="37.673380030319095" lon="-83.783230008557439" />
      <trkpt lat="37.673390004783869" lon="-83.783330004662275" />
      <trkpt lat="37.673399979248643" lon="-83.783439975231886" />
      <trkpt lat="37.673410037532449" lon="-83.783539971336722" />
      <trkpt lat="37.673399979248643" lon="-83.783660000190139" />
      <trkpt lat="37.673399979248643" lon="-83.783769970759749" />
      <trkpt lat="37.673339964821935" lon="-83.784099966287613" />
      <trkpt lat="37.673339964821935" lon="-83.784110024571419" />
      <trkpt lat="37.673320015892386" lon="-83.784340023994446" />
      <trkpt lat="37.673299983143806" lon="-83.784549990668893" />
      <trkpt lat="37.673299983143806" lon="-83.784559965133667" />
      <trkpt lat="37.673280034214258" lon="-83.785239988937974" />
      <trkpt lat="37.673280034214258" lon="-83.785300003364682" />
      <trkpt lat="37.673260001465678" lon="-83.785469988361001" />
      <trkpt lat="37.673239968717098" lon="-83.785620024427772" />
      <trkpt lat="37.67322001978755" lon="-83.785690013319254" />
      <trkpt lat="37.673180038109422" lon="-83.785910038277507" />
      <trkpt lat="37.673180038109422" lon="-83.785929987207055" />
      <trkpt lat="37.673150030896068" lon="-83.786140037700534" />
      <trkpt lat="37.673139972612262" lon="-83.78624003380537" />
      <trkpt lat="37.673150030896068" lon="-83.786589978262782" />
      <trkpt lat="37.673150030896068" lon="-83.786759963259101" />
      <trkpt lat="37.673150030896068" lon="-83.786810003221035" />
      <trkpt lat="37.673139972612262" lon="-83.786859959363937" />
      <trkpt lat="37.673099990934134" lon="-83.787070009857416" />
      <trkpt lat="37.673009969294071" lon="-83.787469994276762" />
      <trkpt lat="37.672979962080717" lon="-83.787750033661723" />
      <trkpt lat="37.672950038686395" lon="-83.787950025871396" />
      <trkpt lat="37.672950038686395" lon="-83.788010040298104" />
      <trkpt lat="37.672950038686395" lon="-83.788129985332489" />
      <trkpt lat="37.672939980402589" lon="-83.788150018081069" />
      <trkpt lat="37.672890024259686" lon="-83.788459980860353" />
      <trkpt lat="37.672849958762527" lon="-83.788659973070025" />
      <trkpt lat="37.672849958762527" lon="-83.788680005818605" />
      <trkpt lat="37.672830009832978" lon="-83.788900030776858" />
      <trkpt lat="37.672830009832978" lon="-83.788940012454987" />
      <trkpt lat="37.672849958762527" lon="-83.789130030199885" />
      <trkpt lat="37.672860017046332" lon="-83.789419960230589" />
      <trkpt lat="37.672860017046332" lon="-83.789470000192523" />
      <trkpt lat="37.672890024259686" lon="-83.789630010724068" />
      <trkpt lat="37.672899998724461" lon="-83.789690025150776" />
      <trkpt lat="37.672939980402589" lon="-83.789850035682321" />
      <trkpt lat="37.672960013151169" lon="-83.789909966289997" />
      <trkpt lat="37.672990020364523" lon="-83.790020020678639" />
      <trkpt lat="37.672999994829297" lon="-83.790090009570122" />
      <trkpt lat="37.673009969294071" lon="-83.790199980139732" />
      <trkpt lat="37.672999994829297" lon="-83.790280027315021" />
      <trkpt lat="37.672969987615943" lon="-83.790499968454242" />
      <trkpt lat="37.672950038686395" lon="-83.790570041164756" />
      <trkpt lat="37.672890024259686" lon="-83.790740026161075" />
      <trkpt lat="37.672869991511106" lon="-83.790770033374429" />
      <trkpt lat="37.672800002619624" lon="-83.790919985622168" />
      <trkpt lat="37.672679973766208" lon="-83.791079996153712" />
      <trkpt lat="37.672649966552854" lon="-83.791130036115646" />
      <trkpt lat="37.672519963234663" lon="-83.791279988363385" />
      <trkpt lat="37.672449974343181" lon="-83.791349977254868" />
      <trkpt lat="37.672370010986924" lon="-83.79141996614635" />
      <trkpt lat="37.672370010986924" lon="-83.791430024430156" />
      <trkpt lat="37.672289963811636" lon="-83.791479980573058" />
      <trkpt lat="37.672210000455379" lon="-83.791500013321638" />
      <trkpt lat="37.672130037099123" lon="-83.791509987786412" />
      <trkpt lat="37.672040015459061" lon="-83.791490038856864" />
      <trkpt lat="37.672030040994287" lon="-83.791479980573058" />
      <trkpt lat="37.671940019354224" lon="-83.79141996614635" />
      <trkpt lat="37.671789983287454" lon="-83.791309995576739" />
      <trkpt lat="37.671689987182617" lon="-83.791240006685257" />
      <trkpt lat="37.671580016613007" lon="-83.791189966723323" />
      <trkpt lat="37.671550009399652" lon="-83.791179992258549" />
      <trkpt lat="37.671450013294816" lon="-83.791149985045195" />
      <trkpt lat="37.671369966119528" lon="-83.791130036115646" />
      <trkpt lat="37.671210039407015" lon="-83.791100028902292" />
      <trkpt lat="37.671199981123209" lon="-83.791089970618486" />
      <trkpt lat="37.671020021662116" lon="-83.791040014475584" />
      <trkpt lat="37.670850036665797" lon="-83.790970025584102" />
      <trkpt lat="37.670760015025735" lon="-83.790940018370748" />
      <trkpt lat="37.670679967850447" lon="-83.790910011157393" />
      <trkpt lat="37.670569997280836" lon="-83.790870029479265" />
      <trkpt lat="37.67049003392458" lon="-83.790829963982105" />
      <trkpt lat="37.670430019497871" lon="-83.790789982303977" />
      <trkpt lat="37.670330023393035" lon="-83.790719993412495" />
      <trkpt lat="37.670240001752973" lon="-83.790619997307658" />
      <trkpt lat="37.670179987326264" lon="-83.790529975667596" />
      <trkpt lat="37.670100023970008" lon="-83.790410030633211" />
      <trkpt lat="37.670089965686202" lon="-83.790399972349405" />
      <trkpt lat="37.670000027865171" lon="-83.790250020101666" />
      <trkpt lat="37.669979995116591" lon="-83.790229987353086" />
      <trkpt lat="37.669940013438463" lon="-83.790180031210184" />
      <trkpt lat="37.669879999011755" lon="-83.790159998461604" />
      <trkpt lat="37.669849991798401" lon="-83.79015002399683" />
      <trkpt lat="37.669819984585047" lon="-83.79015002399683" />
      <trkpt lat="37.669800035655499" lon="-83.790159998461604" />
      <trkpt lat="37.669770028442144" lon="-83.790190005674958" />
      <trkpt lat="37.66974002122879" lon="-83.790239961817861" />
      <trkpt lat="37.669710014015436" lon="-83.790340041741729" />
      <trkpt lat="37.669659974053502" lon="-83.790540033951402" />
      <trkpt lat="37.669629966840148" lon="-83.790719993412495" />
      <trkpt lat="37.6696100179106" lon="-83.790750000625849" />
      <trkpt lat="37.669540029019117" lon="-83.790919985622168" />
      <trkpt lat="37.669410025700927" lon="-83.791119977831841" />
      <trkpt lat="37.669389992952347" lon="-83.79114001058042" />
      <trkpt lat="37.66928999684751" lon="-83.791289962828159" />
      <trkpt lat="37.66913996078074" lon="-83.791500013321638" />
      <trkpt lat="37.669039964675903" lon="-83.791679972782731" />
      <trkpt lat="37.668980034068227" lon="-83.791830008849502" />
      <trkpt lat="37.668939968571067" lon="-83.79199999384582" />
      <trkpt lat="37.668929994106293" lon="-83.792060008272529" />
      <trkpt lat="37.668909961357713" lon="-83.792139971628785" />
      <trkpt lat="37.668869979679585" lon="-83.792239967733622" />
      <trkpt lat="37.668850030750036" lon="-83.792260000482202" />
      <trkpt lat="37.668799990788102" lon="-83.79229998216033" />
      <trkpt lat="37.668769983574748" lon="-83.792329989373684" />
      <trkpt lat="37.668690020218492" lon="-83.792359996587038" />
      <trkpt lat="37.668639980256557" lon="-83.792369971051812" />
      <trkpt lat="37.668609973043203" lon="-83.792380029335618" />
      <trkpt lat="37.668599998578429" lon="-83.792380029335618" />
      <trkpt lat="37.668549958616495" lon="-83.792380029335618" />
      <trkpt lat="37.668460020795465" lon="-83.792359996587038" />
      <trkpt lat="37.66843001358211" lon="-83.792339963838458" />
      <trkpt lat="37.668339991942048" lon="-83.79232001490891" />
      <trkpt lat="37.668239995837212" lon="-83.792269974946976" />
      <trkpt lat="37.668160032480955" lon="-83.792220018804073" />
      <trkpt lat="37.668109992519021" lon="-83.792209960520267" />
      <trkpt lat="37.668030029162765" lon="-83.792199986055493" />
      <trkpt lat="37.667960040271282" lon="-83.792199986055493" />
      <trkpt lat="37.667930033057928" lon="-83.792209960520267" />
      <trkpt lat="37.667879993095994" lon="-83.792220018804073" />
      <trkpt lat="37.667819978669286" lon="-83.792239967733622" />
      <trkpt lat="37.667740015313029" lon="-83.79229998216033" />
      <trkpt lat="37.667700033634901" lon="-83.792339963838458" />
      <trkpt lat="37.667629960924387" lon="-83.792439959943295" />
      <trkpt lat="37.66754999756813" lon="-83.792589996010065" />
      <trkpt lat="37.667519990354776" lon="-83.792650010436773" />
      <trkpt lat="37.667299965396523" lon="-83.793189972639084" />
      <trkpt lat="37.667210027575493" lon="-83.793389964848757" />
      <trkpt lat="37.667120005935431" lon="-83.79360998980701" />
      <trkpt lat="37.667039958760142" lon="-83.793790033087134" />
      <trkpt lat="37.666980028152466" lon="-83.793909978121519" />
      <trkpt lat="37.666739970445633" lon="-83.794280039146543" />
      <trkpt lat="37.666620025411248" lon="-83.794499980285764" />
      <trkpt lat="37.666530003771186" lon="-83.794720005244017" />
      <trkpt lat="37.666450040414929" lon="-83.794910022988915" />
      <trkpt lat="37.666369993239641" lon="-83.795089982450008" />
      <trkpt lat="37.666279971599579" lon="-83.795240018516779" />
      <trkpt lat="37.666239989921451" lon="-83.795280000194907" />
      <trkpt lat="37.666209982708097" lon="-83.795310007408261" />
      <trkpt lat="37.66610998660326" lon="-83.795379996299744" />
      <trkpt lat="37.666079979389906" lon="-83.795400029048324" />
      <trkpt lat="37.665930027142167" lon="-83.795519974082708" />
      <trkpt lat="37.665819972753525" lon="-83.795630028471351" />
      <trkpt lat="37.665770016610622" lon="-83.795679984614253" />
      <trkpt lat="37.66567999497056" lon="-83.795760031789541" />
      <trkpt lat="37.665570024400949" lon="-83.795860027894378" />
      <trkpt lat="37.665180014446378" lon="-83.796150041744113" />
      <trkpt lat="37.665069960057735" lon="-83.796250037848949" />
      <trkpt lat="37.664920007809997" lon="-83.796369982883334" />
      <trkpt lat="37.664810037240386" lon="-83.796469978988171" />
      <trkpt lat="37.664769971743226" lon="-83.796509960666299" />
      <trkpt lat="37.664750022813678" lon="-83.796539967879653" />
      <trkpt lat="37.66469000838697" lon="-83.796620015054941" />
      <trkpt lat="37.664650026708841" lon="-83.796710036695004" />
      <trkpt lat="37.664569979533553" lon="-83.796910028904676" />
      <trkpt lat="37.664509965106845" lon="-83.797089988365769" />
      <trkpt lat="37.664509965106845" lon="-83.797099962830544" />
      <trkpt lat="37.664439976215363" lon="-83.79721999168396" />
      <trkpt lat="37.664399994537234" lon="-83.797270031645894" />
      <trkpt lat="37.664350038394332" lon="-83.797319987788796" />
      <trkpt lat="37.66423998400569" lon="-83.797419983893633" />
      <trkpt lat="37.664090031757951" lon="-83.797500031068921" />
      <trkpt lat="37.663979977369308" lon="-83.797559961676598" />
      <trkpt lat="37.663890039548278" lon="-83.797600027173758" />
      <trkpt lat="37.663749977946281" lon="-83.797630034387112" />
      <trkpt lat="37.663640007376671" lon="-83.797660041600466" />
      <trkpt lat="37.663329960778356" lon="-83.797730030491948" />
      <trkpt lat="37.663119994103909" lon="-83.797789961099625" />
      <trkpt lat="37.663050005212426" lon="-83.797830026596785" />
      <trkpt lat="37.662889994680882" lon="-83.797919964417815" />
      <trkpt lat="37.662880020216107" lon="-83.797919964417815" />
      <trkpt lat="37.662720009684563" lon="-83.798019960522652" />
      <trkpt lat="37.662399988621473" lon="-83.798220036551356" />
      <trkpt lat="37.662390014156699" lon="-83.798220036551356" />
      <trkpt lat="37.661949964240193" lon="-83.79852999933064" />
      <trkpt lat="37.661930015310645" lon="-83.79855003207922" />
      <trkpt lat="37.661760030314326" lon="-83.79863996990025" />
      <trkpt lat="37.661609994247556" lon="-83.798739966005087" />
      <trkpt lat="37.661600019782782" lon="-83.798739966005087" />
      <trkpt lat="37.661440009251237" lon="-83.798850020393729" />
      <trkpt lat="37.661279998719692" lon="-83.798969965428114" />
      <trkpt lat="37.661010017618537" lon="-83.799250004813075" />
      <trkpt lat="37.660999959334731" lon="-83.799259979277849" />
      <trkpt lat="37.660929970443249" lon="-83.799310019239783" />
      <trkpt lat="37.660840032622218" lon="-83.799340026453137" />
      <trkpt lat="37.660699971020222" lon="-83.799350000917912" />
      <trkpt lat="37.660490004345775" lon="-83.799370033666492" />
      <trkpt lat="37.66030996106565" lon="-83.799380008131266" />
      <trkpt lat="37.660180041566491" lon="-83.799380008131266" />
      <trkpt lat="37.659949958324432" lon="-83.79941001534462" />
      <trkpt lat="37.65992003493011" lon="-83.79941001534462" />
      <trkpt lat="37.659769998863339" lon="-83.799429964274168" />
      <trkpt lat="37.659590039402246" lon="-83.799449997022748" />
      <trkpt lat="37.659549973905087" lon="-83.799449997022748" />
      <trkpt lat="37.659289967268705" lon="-83.799470029771328" />
      <trkpt lat="37.659230036661029" lon="-83.799470029771328" />
      <trkpt lat="37.659049993380904" lon="-83.799459971487522" />
      <trkpt lat="37.658870033919811" lon="-83.799449997022748" />
      <trkpt lat="37.658740030601621" lon="-83.799449997022748" />
      <trkpt lat="37.658689990639687" lon="-83.799440022557974" />
      <trkpt lat="37.658410035073757" lon="-83.799419989809394" />
      <trkpt lat="37.658209959045053" lon="-83.799370033666492" />
      <trkpt lat="37.65816000290215" lon="-83.799350000917912" />
      <trkpt lat="37.658090014010668" lon="-83.799310019239783" />
      <trkpt lat="37.65800996683538" lon="-83.799229972064495" />
      <trkpt lat="37.657960010692477" lon="-83.799170041456819" />
      <trkpt lat="37.657879963517189" lon="-83.799080019816756" />
      <trkpt lat="37.657839981839061" lon="-83.799029979854822" />
      <trkpt lat="37.657769992947578" lon="-83.798899976536632" />
      <trkpt lat="37.657739985734224" lon="-83.798850020393729" />
      <trkpt lat="37.657609982416034" lon="-83.798490017652512" />
      <trkpt lat="37.657590033486485" lon="-83.798450035974383" />
      <trkpt lat="37.657509986311197" lon="-83.798200003802776" />
      <trkpt lat="37.657479979097843" lon="-83.79812004044652" />
      <trkpt lat="37.657479979097843" lon="-83.798070000484586" />
      <trkpt lat="37.657470004633069" lon="-83.798009986057878" />
      <trkpt lat="37.657470004633069" lon="-83.797919964417815" />
      <trkpt lat="37.657509986311197" lon="-83.797619976103306" />
      <trkpt lat="37.657539993524551" lon="-83.797400034964085" />
      <trkpt lat="37.657570000737906" lon="-83.79721999168396" />
      <trkpt lat="37.657570000737906" lon="-83.797180010005832" />
      <trkpt lat="37.657560026273131" lon="-83.797019999474287" />
      <trkpt lat="37.657539993524551" lon="-83.796950010582805" />
      <trkpt lat="37.657530019059777" lon="-83.796910028904676" />
      <trkpt lat="37.657500011846423" lon="-83.796869963407516" />
      <trkpt lat="37.657439997419715" lon="-83.79679000005126" />
      <trkpt lat="37.657379982993007" lon="-83.796780025586486" />
      <trkpt lat="37.657340001314878" lon="-83.796780025586486" />
      <trkpt lat="37.657249979674816" lon="-83.796820007264614" />
      <trkpt lat="37.657249979674816" lon="-83.796820007264614" />
      <trkpt lat="37.657117126509547" lon="-83.797406405210495" />
      <trkpt lat="37.657098770141602" lon="-83.797445297241211" />
      <trkpt lat="37.656326293945313" lon="-83.797874450683594" />
      <trkpt lat="37.654738426208496" lon="-83.799934387207031" />
      <trkpt lat="37.654008865356445" lon="-83.801500797271729" />
      <trkpt lat="37.653708457946777" lon="-83.801844120025635" />
      <trkpt lat="37.653129100799561" lon="-83.802080154418945" />
      <trkpt lat="37.652764320373535" lon="-83.802123069763184" />
      <trkpt lat="37.652614116668701" lon="-83.802015781402588" />
      <trkpt lat="37.652034759521484" lon="-83.80122184753418" />
      <trkpt lat="37.651734352111816" lon="-83.800985813140869" />
      <trkpt lat="37.651348114013672" lon="-83.800792694091797" />
      <trkpt lat="37.65113353729248" lon="-83.800835609436035" />
      <trkpt lat="37.651026248931885" lon="-83.800985813140869" />
      <trkpt lat="37.649288177490234" lon="-83.800191879272461" />
      <trkpt lat="37.649130010977387" lon="-83.800062546506524" />
      <trkpt lat="37.649052143096924" lon="-83.799998760223389" />
      <trkpt lat="37.648687362670898" lon="-83.799612522125244" />
      <trkpt lat="37.648344039916992" lon="-83.799011707305908" />
      <trkpt lat="37.648000717163086" lon="-83.797981739044189" />
      <trkpt lat="37.647721767425537" lon="-83.797531127929688" />
      <trkpt lat="37.647185325622559" lon="-83.796823024749756" />
      <trkpt lat="37.646069526672363" lon="-83.795664310455322" />
      <trkpt lat="37.645490169525146" lon="-83.79472017288208" />
      <trkpt lat="37.645318508148193" lon="-83.794205188751221" />
      <trkpt lat="37.645297050476074" lon="-83.793196678161621" />
      <trkpt lat="37.645254135131836" lon="-83.792209625244141" />
      <trkpt lat="37.645082473754883" lon="-83.791544437408447" />
      <trkpt lat="37.644760608673096" lon="-83.790922164916992" />
      <trkpt lat="37.643923759460449" lon="-83.789677619934082" />
      <trkpt lat="37.6436448097229" lon="-83.789055347442627" />
      <trkpt lat="37.643601894378662" lon="-83.788712024688721" />
      <trkpt lat="37.643730640411377" lon="-83.787682056427002" />
      <trkpt lat="37.643580436706543" lon="-83.787274360656738" />
      <trkpt lat="37.643344402313232" lon="-83.787081241607666" />
      <trkpt lat="37.642250061035156" lon="-83.786330223083496" />
      <trkpt lat="37.640726566314697" lon="-83.785622119903564" />
      <trkpt lat="37.639975547790527" lon="-83.78497838973999" />
      <trkpt lat="37.639117240905762" lon="-83.784162998199463" />
      <trkpt lat="37.638881206512451" lon="-83.783905506134033" />
      <trkpt lat="37.63840913772583" lon="-83.783111572265625" />
      <trkpt lat="37.637872695922852" lon="-83.782403469085693" />
      <trkpt lat="37.636349201202393" lon="-83.78023624420166" />
      <trkpt lat="37.63566255569458" lon="-83.779098987579346" />
      <trkpt lat="37.635061740875244" lon="-83.778562545776367" />
      <trkpt lat="37.634932994842529" lon="-83.778262138366699" />
      <trkpt lat="37.634954452514648" lon="-83.778691291809082" />
      <trkpt lat="37.635040283203125" lon="-83.778905868530273" />
      <trkpt lat="37.635447978973389" lon="-83.77948522567749" />
      <trkpt lat="37.636091709136963" lon="-83.780708312988281" />
      <trkpt lat="37.636499404907227" lon="-83.781781196594238" />
      <trkpt lat="37.636606693267822" lon="-83.782188892364502" />
      <trkpt lat="37.636563777923584" lon="-83.782639503479004" />
      <trkpt lat="37.636134624481201" lon="-83.783669471740723" />
      <trkpt lat="37.636048793792725" lon="-83.784098625183105" />
      <trkpt lat="37.636070251464844" lon="-83.784270286560059" />
      <trkpt lat="37.636198997497559" lon="-83.784377574920654" />
      <trkpt lat="37.636349201202393" lon="-83.784377574920654" />
      <trkpt lat="37.636821269989014" lon="-83.783884048461914" />
      <trkpt lat="37.637121677398682" lon="-83.783776760101318" />
      <trkpt lat="37.63740062713623" lon="-83.783884048461914" />
      <trkpt lat="37.637550830841064" lon="-83.784034252166748" />
      <trkpt lat="37.637636661529541" lon="-83.784270286560059" />
      <trkpt lat="37.637808322906494" lon="-83.785858154296875" />
      <trkpt lat="37.637829780578613" lon="-83.786501884460449" />
      <trkpt lat="37.637808322906494" lon="-83.786630630493164" />
      <trkpt lat="37.637593746185303" lon="-83.787059783935547" />
      <trkpt lat="37.637529373168945" lon="-83.787338733673096" />
      <trkpt lat="37.637550830841064" lon="-83.787660598754883" />
      <trkpt lat="37.637679576873779" lon="-83.787918090820313" />
      <trkpt lat="37.638065814971924" lon="-83.788154125213623" />
      <trkpt lat="37.6381516456604" lon="-83.788368701934814" />
      <trkpt lat="37.63791561126709" lon="-83.789956569671631" />
      <trkpt lat="37.637636661529541" lon="-83.791050910949707" />
      <trkpt lat="37.637701034545898" lon="-83.791244029998779" />
      <trkpt lat="37.63791561126709" lon="-83.791329860687256" />
      <trkpt lat="37.638537883758545" lon="-83.791329860687256" />
      <trkpt lat="37.639288902282715" lon="-83.791308403015137" />
      <trkpt lat="37.639439105987549" lon="-83.791372776031494" />
      <trkpt lat="37.639482021331787" lon="-83.791437149047852" />
      <trkpt lat="37.639509430155158" lon="-83.791530942544341" />
      <trkpt lat="37.639524936676025" lon="-83.791587352752686" />
      <trkpt lat="37.639567852020264" lon="-83.792252540588379" />
      <trkpt lat="37.639696598052979" lon="-83.792960643768311" />
      <trkpt lat="37.639739513397217" lon="-83.794076442718506" />
      <trkpt lat="37.639997005462646" lon="-83.796243667602539" />
      <trkpt lat="37.640018463134766" lon="-83.796994686126709" />
      <trkpt lat="37.639739513397217" lon="-83.799076080322266" />
      <trkpt lat="37.639632225036621" lon="-83.799633979797363" />
      <trkpt lat="37.639117240905762" lon="-83.80096435546875" />
      <trkpt lat="37.638988494873047" lon="-83.801200389862061" />
      <trkpt lat="37.638816833496094" lon="-83.801372051239014" />
      <trkpt lat="37.638516426086426" lon="-83.801500797271729" />
      <trkpt lat="37.637765407562256" lon="-83.801543712615967" />
      <trkpt lat="37.637507915496826" lon="-83.801629543304443" />
      <trkpt lat="37.637357711791992" lon="-83.80171537399292" />
      <trkpt lat="37.637014389038086" lon="-83.802101612091064" />
      <trkpt lat="37.636499404907227" lon="-83.802273273468018" />
      <trkpt lat="37.636349201202393" lon="-83.802444934844971" />
      <trkpt lat="37.636134624481201" lon="-83.802831172943115" />
      <trkpt lat="37.635984420776367" lon="-83.803002834320068" />
      <trkpt lat="37.635834217071533" lon="-83.803067207336426" />
      <trkpt lat="37.63540506362915" lon="-83.803067207336426" />
      <trkpt lat="37.634632587432861" lon="-83.803002834320068" />
      <trkpt lat="37.634332180023193" lon="-83.802917003631592" />
      <trkpt lat="37.634139060974121" lon="-83.802680969238281" />
      <trkpt lat="37.634031772613525" lon="-83.802101612091064" />
      <trkpt lat="37.633881568908691" lon="-83.802037239074707" />
      <trkpt lat="37.633581161499023" lon="-83.802294731140137" />
      <trkpt lat="37.633388042449951" lon="-83.802530765533447" />
      <trkpt lat="37.633237838745117" lon="-83.802917003631592" />
      <trkpt lat="37.633087635040283" lon="-83.803668022155762" />
      <trkpt lat="37.632894515991211" lon="-83.803904056549072" />
      <trkpt lat="37.632765769958496" lon="-83.804011344909668" />
      <trkpt lat="37.632379531860352" lon="-83.80446195602417" />
      <trkpt lat="37.632207870483398" lon="-83.805062770843506" />
      <trkpt lat="37.632100582122803" lon="-83.805277347564697" />
      <trkpt lat="37.631070613861084" lon="-83.805663585662842" />
      <trkpt lat="37.63092041015625" lon="-83.805792331695557" />
      <trkpt lat="37.630856037139893" lon="-83.805921077728271" />
      <trkpt lat="37.630834579467773" lon="-83.806049823760986" />
      <trkpt lat="37.630963325500488" lon="-83.806285858154297" />
      <trkpt lat="37.631778717041016" lon="-83.807337284088135" />
      <trkpt lat="37.63192892074585" lon="-83.807680606842041" />
      <trkpt lat="37.63216495513916" lon="-83.808388710021973" />
      <trkpt lat="37.632229328155518" lon="-83.80871057510376" />
      <trkpt lat="37.632250785827637" lon="-83.809010982513428" />
      <trkpt lat="37.632186412811279" lon="-83.8092041015625" />
      <trkpt lat="37.631778717041016" lon="-83.809504508972168" />
      <trkpt lat="37.631478309631348" lon="-83.809633255004883" />
      <trkpt lat="37.630834579467773" lon="-83.809611797332764" />
      <trkpt lat="37.630577087402344" lon="-83.80969762802124" />
      <trkpt lat="37.630362510681152" lon="-83.809869289398193" />
      <trkpt lat="37.630298137664795" lon="-83.810019493103027" />
      <trkpt lat="37.630255222320557" lon="-83.810577392578125" />
      <trkpt lat="37.630341053009033" lon="-83.810899257659912" />
      <trkpt lat="37.630705833435059" lon="-83.811414241790771" />
      <trkpt lat="37.630877494812012" lon="-83.812015056610107" />
      <trkpt lat="37.631113529205322" lon="-83.812465667724609" />
      <trkpt lat="37.631156444549561" lon="-83.812551498413086" />
      <trkpt lat="37.631134986877441" lon="-83.812680244445801" />
      <trkpt lat="37.630641460418701" lon="-83.813023567199707" />
      <trkpt lat="37.630298137664795" lon="-83.813388347625732" />
      <trkpt lat="37.630040645599365" lon="-83.813560009002686" />
      <trkpt lat="37.628903388977051" lon="-83.814032077789307" />
      <trkpt lat="37.628109455108643" lon="-83.814547061920166" />
      <trkpt lat="37.627894878387451" lon="-83.81443977355957" />
      <trkpt lat="37.627658843994141" lon="-83.814182281494141" />
      <trkpt lat="37.627594470977783" lon="-83.814074993133545" />
      <trkpt lat="37.627594470977783" lon="-83.813753128051758" />
      <trkpt lat="37.627508640289307" lon="-83.813560009002686" />
      <trkpt lat="37.627122402191162" lon="-83.81345272064209" />
      <trkpt lat="37.626886367797852" lon="-83.813495635986328" />
      <trkpt lat="37.626886367797852" lon="-83.813066482543945" />
      <trkpt lat="37.626585960388184" lon="-83.812336921691895" />
      <trkpt lat="37.626500129699707" lon="-83.811757564544678" />
      <trkpt lat="37.626543045043945" lon="-83.811113834381104" />
      <trkpt lat="37.626779079437256" lon="-83.810234069824219" />
      <trkpt lat="37.626779079437256" lon="-83.809976577758789" />
      <trkpt lat="37.626714706420898" lon="-83.809826374053955" />
      <trkpt lat="37.626585960388184" lon="-83.809719085693359" />
      <trkpt lat="37.626135349273682" lon="-83.809525966644287" />
      <trkpt lat="37.625384330749512" lon="-83.808817863464355" />
      <trkpt lat="37.625255584716797" lon="-83.808860778808594" />
      <trkpt lat="37.625019550323486" lon="-83.809075355529785" />
      <trkpt lat="37.624654769897461" lon="-83.809268474578857" />
      <trkpt lat="37.624504566192627" lon="-83.809247016906738" />
      <trkpt lat="37.624289989471436" lon="-83.809118270874023" />
      <trkpt lat="37.624053955078125" lon="-83.808882236480713" />
      <trkpt lat="37.623538970947266" lon="-83.808088302612305" />
      <trkpt lat="37.623152732849121" lon="-83.807723522186279" />
      <trkpt lat="37.62207867577672" lon="-83.806476211175323" />
      <trkpt lat="37.621822357177734" lon="-83.806178569793701" />
      <trkpt lat="37.620513439178467" lon="-83.804869651794434" />
      <trkpt lat="37.619891166687012" lon="-83.80446195602417" />
      <trkpt lat="37.619097232818604" lon="-83.804290294647217" />
      <trkpt lat="37.618732452392578" lon="-83.803925514221191" />
      <trkpt lat="37.618303298950195" lon="-83.803324699401855" />
      <trkpt lat="37.617852687835693" lon="-83.803067207336426" />
      <trkpt lat="37.617509365081787" lon="-83.803002834320068" />
      <trkpt lat="37.617015838623047" lon="-83.803131580352783" />
      <trkpt lat="37.616350650787354" lon="-83.803002834320068" />
      <trkpt lat="37.615771293640137" lon="-83.803045749664307" />
      <trkpt lat="37.614634037017822" lon="-83.802874088287354" />
      <trkpt lat="37.613625526428223" lon="-83.802938461303711" />
      <trkpt lat="37.612853050231934" lon="-83.802659511566162" />
      <trkpt lat="37.612273693084717" lon="-83.80220890045166" />
      <trkpt lat="37.612552642822266" lon="-83.801693916320801" />
      <trkpt lat="37.612810134887695" lon="-83.801071643829346" />
      <trkpt lat="37.612917423248291" lon="-83.800642490386963" />
      <trkpt lat="37.61293888092041" lon="-83.799762725830078" />
      <trkpt lat="37.612831592559814" lon="-83.799505233764648" />
      <trkpt lat="37.612531185150146" lon="-83.799118995666504" />
      <trkpt lat="37.611780166625977" lon="-83.798410892486572" />
      <trkpt lat="37.611608505249023" lon="-83.798260688781738" />
      <trkpt lat="37.611157894134521" lon="-83.798089027404785" />
      <trkpt lat="37.610964775085449" lon="-83.797938823699951" />
      <trkpt lat="37.610557079315186" lon="-83.797488212585449" />
      <trkpt lat="37.610321044921875" lon="-83.797037601470947" />
      <trkpt lat="37.610170841217041" lon="-83.796608448028564" />
      <trkpt lat="37.610235214233398" lon="-83.796179294586182" />
      <trkpt lat="37.610363960266113" lon="-83.795707225799561" />
      <trkpt lat="37.610578536987305" lon="-83.795385360717773" />
      <trkpt lat="37.6106858253479" lon="-83.794999122619629" />
      <trkpt lat="37.610750198364258" lon="-83.794612884521484" />
      <trkpt lat="37.610728740692139" lon="-83.794441223144531" />
      <trkpt lat="37.610557079315186" lon="-83.793990612030029" />
      <trkpt lat="37.610878944396973" lon="-83.793840408325195" />
      <trkpt lat="37.611587047576904" lon="-83.793368339538574" />
      <trkpt lat="37.611994743347168" lon="-83.79321813583374" />
      <trkpt lat="37.612380981445313" lon="-83.79321813583374" />
      <trkpt lat="37.613174915313721" lon="-83.793325424194336" />
      <trkpt lat="37.613410949707031" lon="-83.793303966522217" />
      <trkpt lat="37.613711357116699" lon="-83.793175220489502" />
      <trkpt lat="37.614054679870605" lon="-83.792960643768311" />
      <trkpt lat="37.614548206329346" lon="-83.792638778686523" />
      <trkpt lat="37.615020275115967" lon="-83.792595863342285" />
      <trkpt lat="37.615342140197754" lon="-83.792746067047119" />
      <trkpt lat="37.616350650787354" lon="-83.793668746948242" />
      <trkpt lat="37.618389129638672" lon="-83.794913291931152" />
      <trkpt lat="37.618904113769531" lon="-83.795020580291748" />
      <trkpt lat="37.619633674621582" lon="-83.79497766494751" />
      <trkpt lat="37.619955539703369" lon="-83.795020580291748" />
      <trkpt lat="37.620449066162109" lon="-83.795192241668701" />
      <trkpt lat="37.621393203735352" lon="-83.795685768127441" />
      <trkpt lat="37.621779441833496" lon="-83.79572868347168" />
      <trkpt lat="37.622036933898926" lon="-83.795578479766846" />
      <trkpt lat="37.622208595275879" lon="-83.795406818389893" />
      <trkpt lat="37.622337341308594" lon="-83.795149326324463" />
      <trkpt lat="37.622594833374023" lon="-83.794355392456055" />
      <trkpt lat="37.623152732849121" lon="-83.793540000915527" />
      <trkpt lat="37.623324394226074" lon="-83.793239593505859" />
      <trkpt lat="37.623410224914551" lon="-83.792746067047119" />
      <trkpt lat="37.62343168258667" lon="-83.792016506195068" />
      <trkpt lat="37.623496055603027" lon="-83.791587352752686" />
      <trkpt lat="37.623624801635742" lon="-83.791072368621826" />
      <trkpt lat="37.623882293701172" lon="-83.790407180786133" />
      <trkpt lat="37.624204158782959" lon="-83.78972053527832" />
      <trkpt lat="37.62441873550415" lon="-83.789441585540771" />
      <trkpt lat="37.624654769897461" lon="-83.789205551147461" />
      <trkpt lat="37.625620365142822" lon="-83.78873348236084" />
      <trkpt lat="37.625899314880371" lon="-83.788454532623291" />
      <trkpt lat="37.626070976257324" lon="-83.788175582885742" />
      <trkpt lat="37.62617826461792" lon="-83.787896633148193" />
      <trkpt lat="37.626221179962158" lon="-83.78748893737793" />
      <trkpt lat="37.62617826461792" lon="-83.787102699279785" />
      <trkpt lat="37.625985145568848" lon="-83.786630630493164" />
      <trkpt lat="37.625598907470703" lon="-83.786180019378662" />
      <trkpt lat="37.625191211700439" lon="-83.785815238952637" />
      <trkpt lat="37.624826431274414" lon="-83.785278797149658" />
      <trkpt lat="37.624633312225342" lon="-83.784635066986084" />
      <trkpt lat="37.624461650848389" lon="-83.784313201904297" />
      <trkpt lat="37.624075412750244" lon="-83.783969879150391" />
      <trkpt lat="37.623538970947266" lon="-83.783712387084961" />
      <trkpt lat="37.623281478881836" lon="-83.783540725708008" />
      <trkpt lat="37.622981071472168" lon="-83.783154487609863" />
      <trkpt lat="37.622787952423096" lon="-83.782596588134766" />
      <trkpt lat="37.622745037078857" lon="-83.782060146331787" />
      <trkpt lat="37.622873783111572" lon="-83.78148078918457" />
      <trkpt lat="37.624204158782959" lon="-83.778884410858154" />
      <trkpt lat="37.624397277832031" lon="-83.778390884399414" />
      <trkpt lat="37.624374395236373" lon="-83.778062732890248" />
      <trkpt lat="37.624122435227036" lon="-83.777798702940345" />
      <trkpt lat="37.623651539906859" lon="-83.777679931372404" />
      <trkpt lat="37.623333865776658" lon="-83.77732353284955" />
      <trkpt lat="37.623394131660461" lon="-83.776901084929705" />
      <trkpt lat="37.623596722260118" lon="-83.776689860969782" />
    </trkseg>
  </trk>

</gpx>