<?xml version="1.0" encoding="ISO-8859-1" standalone="yes"?>
<gpx	
  creator="Terrain Navigator Pro" version="1.1"
  xmlns="http://www.topografix.com/GPX/1/1"
  xmlns:xsi="http://www.w3.org/2001/XMLSchema-instance"
  xmlns:gpxx="http://www.garmin.com/xmlschemas/GpxExtensions/v3"
  xmlns:TO="http://www.trimbleoutdoors.com/WebServices/Api/1/0"
  xsi:schemaLocation="http://www.topografix.com/GPX/1/1 http://www.topografix.com/GPX/1/1/gpx.xsd
  http://www.garmin.com/xmlschemas/GpxExtensions/v3
  http://www8.garmin.com/xmlschemas/GpxExtensionsv3.xsd">

  <metadata>
    <name><![CDATA[C:\Users\Luke Biscan\Documents\Mapping Programs\Google Earth Projects\riding trips\Souther Kentucky Rural Route\SKRR.gpx]]></name>
    <author>
      <name>Terrain Navigator Pro</name>
      <link href="http://www.terrainnavigator.com">
        <text>Terrain Navigator Pro</text>
      </link>
    </author>
    <time>2021-03-20T05:19:12Z</time>
    <bounds minlat="36.355996" minlon="-87.080681" maxlat="37.622940" maxlon="-85.336403"/>
  </metadata>

  <trk>
    <name>SKRR Beaver Dam to Munfordville - 103 Miles</name>
    <cmt>SKRRBv</cmt>
    <desc>SKRRBv</desc>
    <number>1</number>
    <extensions>
      <gpxx:TrackExtension>
        <gpxx:DisplayColor>Red</gpxx:DisplayColor>
      </gpxx:TrackExtension>
    </extensions>
    <trkseg>
      <trkpt lat="37.415595" lon="-86.878781">
      </trkpt>
      <trkpt lat="37.415765" lon="-86.878008">
      </trkpt>
      <trkpt lat="37.414504" lon="-86.877536">
      </trkpt>
      <trkpt lat="37.417060" lon="-86.866893">
      </trkpt>
      <trkpt lat="37.416072" lon="-86.856293">
      </trkpt>
      <trkpt lat="37.416310" lon="-86.854105">
      </trkpt>
      <trkpt lat="37.417060" lon="-86.852731">
      </trkpt>
      <trkpt lat="37.424661" lon="-86.843247">
      </trkpt>
      <trkpt lat="37.425376" lon="-86.842045">
      </trkpt>
      <trkpt lat="37.425513" lon="-86.840329">
      </trkpt>
      <trkpt lat="37.425172" lon="-86.839299">
      </trkpt>
      <trkpt lat="37.424865" lon="-86.839427">
      </trkpt>
      <trkpt lat="37.417776" lon="-86.833934">
      </trkpt>
      <trkpt lat="37.417026" lon="-86.832733">
      </trkpt>
      <trkpt lat="37.415322" lon="-86.831231">
      </trkpt>
      <trkpt lat="37.412765" lon="-86.824922">
      </trkpt>
      <trkpt lat="37.413106" lon="-86.822261">
      </trkpt>
      <trkpt lat="37.412459" lon="-86.819772">
      </trkpt>
      <trkpt lat="37.413106" lon="-86.817541">
      </trkpt>
      <trkpt lat="37.412016" lon="-86.813936">
      </trkpt>
      <trkpt lat="37.410686" lon="-86.812434">
      </trkpt>
      <trkpt lat="37.410447" lon="-86.804409">
      </trkpt>
      <trkpt lat="37.410073" lon="-86.802563">
      </trkpt>
      <trkpt lat="37.409391" lon="-86.801061">
      </trkpt>
      <trkpt lat="37.407175" lon="-86.794624">
      </trkpt>
      <trkpt lat="37.406595" lon="-86.792564">
      </trkpt>
      <trkpt lat="37.407482" lon="-86.790375">
      </trkpt>
      <trkpt lat="37.407686" lon="-86.788401">
      </trkpt>
      <trkpt lat="37.410618" lon="-86.782221">
      </trkpt>
      <trkpt lat="37.410993" lon="-86.779088">
      </trkpt>
      <trkpt lat="37.412425" lon="-86.776771">
      </trkpt>
      <trkpt lat="37.412493" lon="-86.772179">
      </trkpt>
      <trkpt lat="37.411675" lon="-86.763339">
      </trkpt>
      <trkpt lat="37.410209" lon="-86.760463">
      </trkpt>
      <trkpt lat="37.409902" lon="-86.758275">
      </trkpt>
      <trkpt lat="37.409288" lon="-86.756472">
      </trkpt>
      <trkpt lat="37.411402" lon="-86.751322">
      </trkpt>
      <trkpt lat="37.410822" lon="-86.748962">
      </trkpt>
      <trkpt lat="37.410107" lon="-86.748147">
      </trkpt>
      <trkpt lat="37.409800" lon="-86.746516">
      </trkpt>
      <trkpt lat="37.410447" lon="-86.744585">
      </trkpt>
      <trkpt lat="37.410277" lon="-86.742353">
      </trkpt>
      <trkpt lat="37.411061" lon="-86.741280">
      </trkpt>
      <trkpt lat="37.411197" lon="-86.740164">
      </trkpt>
      <trkpt lat="37.410754" lon="-86.738491">
      </trkpt>
      <trkpt lat="37.411266" lon="-86.734414">
      </trkpt>
      <trkpt lat="37.410720" lon="-86.729178">
      </trkpt>
      <trkpt lat="37.411459" lon="-86.727844">
      </trkpt>
      <trkpt lat="37.411542" lon="-86.727792">
      </trkpt>
      <trkpt lat="37.411921" lon="-86.727341">
      </trkpt>
      <trkpt lat="37.412121" lon="-86.726445">
      </trkpt>
      <trkpt lat="37.412091" lon="-86.725233">
      </trkpt>
      <trkpt lat="37.410276" lon="-86.719884">
      </trkpt>
      <trkpt lat="37.410016" lon="-86.718136">
      </trkpt>
      <trkpt lat="37.407379" lon="-86.713388">
      </trkpt>
      <trkpt lat="37.406245" lon="-86.711398">
      </trkpt>
      <trkpt lat="37.405231" lon="-86.712412">
      </trkpt>
      <trkpt lat="37.403578" lon="-86.712696">
      </trkpt>
      <trkpt lat="37.402027" lon="-86.713410">
      </trkpt>
      <trkpt lat="37.400748" lon="-86.713672">
      </trkpt>
      <trkpt lat="37.399593" lon="-86.713715">
      </trkpt>
      <trkpt lat="37.398268" lon="-86.713275">
      </trkpt>
      <trkpt lat="37.397079" lon="-86.713249">
      </trkpt>
      <trkpt lat="37.394590" lon="-86.713474">
      </trkpt>
      <trkpt lat="37.392357" lon="-86.714440">
      </trkpt>
      <trkpt lat="37.390507" lon="-86.714869">
      </trkpt>
      <trkpt lat="37.389501" lon="-86.714971">
      </trkpt>
      <trkpt lat="37.386262" lon="-86.714713">
      </trkpt>
      <trkpt lat="37.385716" lon="-86.714466">
      </trkpt>
      <trkpt lat="37.385503" lon="-86.713919">
      </trkpt>
      <trkpt lat="37.385337" lon="-86.712825">
      </trkpt>
      <trkpt lat="37.385256" lon="-86.710556">
      </trkpt>
      <trkpt lat="37.385218" lon="-86.709880">
      </trkpt>
      <trkpt lat="37.384983" lon="-86.709440">
      </trkpt>
      <trkpt lat="37.384565" lon="-86.709199">
      </trkpt>
      <trkpt lat="37.384020" lon="-86.709172">
      </trkpt>
      <trkpt lat="37.382417" lon="-86.709413">
      </trkpt>
      <trkpt lat="37.374740" lon="-86.710411">
      </trkpt>
      <trkpt lat="37.374672" lon="-86.706270">
      </trkpt>
      <trkpt lat="37.375320" lon="-86.703952">
      </trkpt>
      <trkpt lat="37.374399" lon="-86.701549">
      </trkpt>
      <trkpt lat="37.374331" lon="-86.699553">
      </trkpt>
      <trkpt lat="37.373683" lon="-86.698330">
      </trkpt>
      <trkpt lat="37.372540" lon="-86.696313">
      </trkpt>
      <trkpt lat="37.372506" lon="-86.695047">
      </trkpt>
      <trkpt lat="37.373103" lon="-86.693888">
      </trkpt>
      <trkpt lat="37.373376" lon="-86.692022">
      </trkpt>
      <trkpt lat="37.373512" lon="-86.690799">
      </trkpt>
      <trkpt lat="37.374194" lon="-86.688932">
      </trkpt>
      <trkpt lat="37.374365" lon="-86.686936">
      </trkpt>
      <trkpt lat="37.374672" lon="-86.685713">
      </trkpt>
      <trkpt lat="37.374109" lon="-86.683095">
      </trkpt>
      <trkpt lat="37.374058" lon="-86.679683">
      </trkpt>
      <trkpt lat="37.373683" lon="-86.678310">
      </trkpt>
      <trkpt lat="37.373597" lon="-86.676915">
      </trkpt>
      <trkpt lat="37.372045" lon="-86.675564">
      </trkpt>
      <trkpt lat="37.372898" lon="-86.673332">
      </trkpt>
      <trkpt lat="37.373529" lon="-86.672903">
      </trkpt>
      <trkpt lat="37.375780" lon="-86.672517">
      </trkpt>
      <trkpt lat="37.378099" lon="-86.672753">
      </trkpt>
      <trkpt lat="37.381714" lon="-86.672002">
      </trkpt>
      <trkpt lat="37.383606" lon="-86.672345">
      </trkpt>
      <trkpt lat="37.384629" lon="-86.671530">
      </trkpt>
      <trkpt lat="37.385226" lon="-86.669405">
      </trkpt>
      <trkpt lat="37.385789" lon="-86.667324">
      </trkpt>
      <trkpt lat="37.385823" lon="-86.665865">
      </trkpt>
      <trkpt lat="37.383470" lon="-86.656981">
      </trkpt>
      <trkpt lat="37.382123" lon="-86.654793">
      </trkpt>
      <trkpt lat="37.381628" lon="-86.652711">
      </trkpt>
      <trkpt lat="37.382617" lon="-86.649063">
      </trkpt>
      <trkpt lat="37.378201" lon="-86.647390">
      </trkpt>
      <trkpt lat="37.376598" lon="-86.644943">
      </trkpt>
      <trkpt lat="37.375490" lon="-86.644064">
      </trkpt>
      <trkpt lat="37.371619" lon="-86.643356">
      </trkpt>
      <trkpt lat="37.367987" lon="-86.643892">
      </trkpt>
      <trkpt lat="37.361711" lon="-86.646553">
      </trkpt>
      <trkpt lat="37.360449" lon="-86.646317">
      </trkpt>
      <trkpt lat="37.358146" lon="-86.644815">
      </trkpt>
      <trkpt lat="37.355724" lon="-86.647497">
      </trkpt>
      <trkpt lat="37.355247" lon="-86.649063">
      </trkpt>
      <trkpt lat="37.353967" lon="-86.649750">
      </trkpt>
      <trkpt lat="37.353439" lon="-86.650244">
      </trkpt>
      <trkpt lat="37.351938" lon="-86.655222">
      </trkpt>
      <trkpt lat="37.350232" lon="-86.657089">
      </trkpt>
      <trkpt lat="37.346735" lon="-86.659234">
      </trkpt>
      <trkpt lat="37.345370" lon="-86.659685">
      </trkpt>
      <trkpt lat="37.342351" lon="-86.659878">
      </trkpt>
      <trkpt lat="37.340696" lon="-86.660522">
      </trkpt>
      <trkpt lat="37.338990" lon="-86.658977">
      </trkpt>
      <trkpt lat="37.337216" lon="-86.658419">
      </trkpt>
      <trkpt lat="37.335561" lon="-86.656209">
      </trkpt>
      <trkpt lat="37.334281" lon="-86.656380">
      </trkpt>
      <trkpt lat="37.332371" lon="-86.654793">
      </trkpt>
      <trkpt lat="37.330494" lon="-86.653269">
      </trkpt>
      <trkpt lat="37.328822" lon="-86.653698">
      </trkpt>
      <trkpt lat="37.324163" lon="-86.651917">
      </trkpt>
      <trkpt lat="37.322952" lon="-86.652153">
      </trkpt>
      <trkpt lat="37.313037" lon="-86.659964">
      </trkpt>
      <trkpt lat="37.311774" lon="-86.658827">
      </trkpt>
      <trkpt lat="37.309556" lon="-86.658633">
      </trkpt>
      <trkpt lat="37.307917" lon="-86.659127">
      </trkpt>
      <trkpt lat="37.306040" lon="-86.658097">
      </trkpt>
      <trkpt lat="37.302012" lon="-86.657689">
      </trkpt>
      <trkpt lat="37.300851" lon="-86.658204">
      </trkpt>
      <trkpt lat="37.300288" lon="-86.657646">
      </trkpt>
      <trkpt lat="37.298871" lon="-86.654599">
      </trkpt>
      <trkpt lat="37.298803" lon="-86.652411">
      </trkpt>
      <trkpt lat="37.297762" lon="-86.649407">
      </trkpt>
      <trkpt lat="37.295969" lon="-86.646746">
      </trkpt>
      <trkpt lat="37.293477" lon="-86.644536">
      </trkpt>
      <trkpt lat="37.291121" lon="-86.644600">
      </trkpt>
      <trkpt lat="37.290592" lon="-86.645416">
      </trkpt>
      <trkpt lat="37.287272" lon="-86.645748">
      </trkpt>
      <trkpt lat="37.285248" lon="-86.645732">
      </trkpt>
      <trkpt lat="37.284971" lon="-86.645303">
      </trkpt>
      <trkpt lat="37.284954" lon="-86.644595">
      </trkpt>
      <trkpt lat="37.284442" lon="-86.643903">
      </trkpt>
      <trkpt lat="37.283473" lon="-86.643511">
      </trkpt>
      <trkpt lat="37.282914" lon="-86.642438">
      </trkpt>
      <trkpt lat="37.281744" lon="-86.638554">
      </trkpt>
      <trkpt lat="37.280404" lon="-86.637353">
      </trkpt>
      <trkpt lat="37.278902" lon="-86.636645">
      </trkpt>
      <trkpt lat="37.277373" lon="-86.635701">
      </trkpt>
      <trkpt lat="37.276042" lon="-86.631881">
      </trkpt>
      <trkpt lat="37.275359" lon="-86.631173">
      </trkpt>
      <trkpt lat="37.275347" lon="-86.630754">
      </trkpt>
      <trkpt lat="37.274905" lon="-86.622276">
      </trkpt>
      <trkpt lat="37.274290" lon="-86.620988">
      </trkpt>
      <trkpt lat="37.270909" lon="-86.617469">
      </trkpt>
      <trkpt lat="37.268689" lon="-86.612963">
      </trkpt>
      <trkpt lat="37.270943" lon="-86.611204">
      </trkpt>
      <trkpt lat="37.273060" lon="-86.610989">
      </trkpt>
      <trkpt lat="37.278490" lon="-86.603350">
      </trkpt>
      <trkpt lat="37.281017" lon="-86.603136">
      </trkpt>
      <trkpt lat="37.284090" lon="-86.595454">
      </trkpt>
      <trkpt lat="37.283066" lon="-86.593222">
      </trkpt>
      <trkpt lat="37.284568" lon="-86.587944">
      </trkpt>
      <trkpt lat="37.286583" lon="-86.585240">
      </trkpt>
      <trkpt lat="37.286036" lon="-86.582107">
      </trkpt>
      <trkpt lat="37.286446" lon="-86.580991">
      </trkpt>
      <trkpt lat="37.289519" lon="-86.577515">
      </trkpt>
      <trkpt lat="37.289690" lon="-86.576657">
      </trkpt>
      <trkpt lat="37.289553" lon="-86.576356">
      </trkpt>
      <trkpt lat="37.290134" lon="-86.570649">
      </trkpt>
      <trkpt lat="37.289382" lon="-86.567173">
      </trkpt>
      <trkpt lat="37.287709" lon="-86.563096">
      </trkpt>
      <trkpt lat="37.286514" lon="-86.561465">
      </trkpt>
      <trkpt lat="37.285524" lon="-86.558933">
      </trkpt>
      <trkpt lat="37.282861" lon="-86.555929">
      </trkpt>
      <trkpt lat="37.281256" lon="-86.550865">
      </trkpt>
      <trkpt lat="37.283373" lon="-86.547174">
      </trkpt>
      <trkpt lat="37.283237" lon="-86.536703">
      </trkpt>
      <trkpt lat="37.281119" lon="-86.532626">
      </trkpt>
      <trkpt lat="37.281632" lon="-86.530480">
      </trkpt>
      <trkpt lat="37.281623" lon="-86.530406">
      </trkpt>
      <trkpt lat="37.281758" lon="-86.529276">
      </trkpt>
      <trkpt lat="37.281373" lon="-86.527817">
      </trkpt>
      <trkpt lat="37.281886" lon="-86.524888">
      </trkpt>
      <trkpt lat="37.282184" lon="-86.524083">
      </trkpt>
      <trkpt lat="37.282458" lon="-86.522688">
      </trkpt>
      <trkpt lat="37.282833" lon="-86.521937">
      </trkpt>
      <trkpt lat="37.283004" lon="-86.521133">
      </trkpt>
      <trkpt lat="37.282808" lon="-86.520628">
      </trkpt>
      <trkpt lat="37.282901" lon="-86.519287">
      </trkpt>
      <trkpt lat="37.282441" lon="-86.517957">
      </trkpt>
      <trkpt lat="37.281271" lon="-86.516734">
      </trkpt>
      <trkpt lat="37.281152" lon="-86.515446">
      </trkpt>
      <trkpt lat="37.281698" lon="-86.514030">
      </trkpt>
      <trkpt lat="37.282808" lon="-86.507604">
      </trkpt>
      <trkpt lat="37.284148" lon="-86.505887">
      </trkpt>
      <trkpt lat="37.285309" lon="-86.504921">
      </trkpt>
      <trkpt lat="37.285838" lon="-86.504149">
      </trkpt>
      <trkpt lat="37.287870" lon="-86.500662">
      </trkpt>
      <trkpt lat="37.289261" lon="-86.499729">
      </trkpt>
      <trkpt lat="37.291557" lon="-86.497969">
      </trkpt>
      <trkpt lat="37.292274" lon="-86.497948">
      </trkpt>
      <trkpt lat="37.292812" lon="-86.498098">
      </trkpt>
      <trkpt lat="37.295167" lon="-86.499857">
      </trkpt>
      <trkpt lat="37.299477" lon="-86.500726">
      </trkpt>
      <trkpt lat="37.300681" lon="-86.501166">
      </trkpt>
      <trkpt lat="37.301918" lon="-86.500973">
      </trkpt>
      <trkpt lat="37.302644" lon="-86.500598">
      </trkpt>
      <trkpt lat="37.304769" lon="-86.499814">
      </trkpt>
      <trkpt lat="37.306621" lon="-86.498366">
      </trkpt>
      <trkpt lat="37.307056" lon="-86.497755">
      </trkpt>
      <trkpt lat="37.307636" lon="-86.496628">
      </trkpt>
      <trkpt lat="37.308780" lon="-86.495555">
      </trkpt>
      <trkpt lat="37.311937" lon="-86.490191">
      </trkpt>
      <trkpt lat="37.312355" lon="-86.488356">
      </trkpt>
      <trkpt lat="37.313626" lon="-86.486543">
      </trkpt>
      <trkpt lat="37.312474" lon="-86.484880">
      </trkpt>
      <trkpt lat="37.312005" lon="-86.484590">
      </trkpt>
      <trkpt lat="37.310998" lon="-86.484183">
      </trkpt>
      <trkpt lat="37.310333" lon="-86.483657">
      </trkpt>
      <trkpt lat="37.309164" lon="-86.483142">
      </trkpt>
      <trkpt lat="37.307815" lon="-86.482326">
      </trkpt>
      <trkpt lat="37.307022" lon="-86.480857">
      </trkpt>
      <trkpt lat="37.306612" lon="-86.480288">
      </trkpt>
      <trkpt lat="37.305733" lon="-86.480084">
      </trkpt>
      <trkpt lat="37.304854" lon="-86.479526">
      </trkpt>
      <trkpt lat="37.304410" lon="-86.477777">
      </trkpt>
      <trkpt lat="37.303898" lon="-86.476576">
      </trkpt>
      <trkpt lat="37.303898" lon="-86.474451">
      </trkpt>
      <trkpt lat="37.303693" lon="-86.469184">
      </trkpt>
      <trkpt lat="37.302908" lon="-86.467853">
      </trkpt>
      <trkpt lat="37.302627" lon="-86.466383">
      </trkpt>
      <trkpt lat="37.301807" lon="-86.465557">
      </trkpt>
      <trkpt lat="37.301415" lon="-86.464838">
      </trkpt>
      <trkpt lat="37.301167" lon="-86.463830">
      </trkpt>
      <trkpt lat="37.300741" lon="-86.462972">
      </trkpt>
      <trkpt lat="37.301005" lon="-86.461234">
      </trkpt>
      <trkpt lat="37.301987" lon="-86.461158">
      </trkpt>
      <trkpt lat="37.303309" lon="-86.460740">
      </trkpt>
      <trkpt lat="37.304931" lon="-86.460332">
      </trkpt>
      <trkpt lat="37.305033" lon="-86.456341">
      </trkpt>
      <trkpt lat="37.304828" lon="-86.455461">
      </trkpt>
      <trkpt lat="37.303267" lon="-86.453090">
      </trkpt>
      <trkpt lat="37.301304" lon="-86.451835">
      </trkpt>
      <trkpt lat="37.300442" lon="-86.449679">
      </trkpt>
      <trkpt lat="37.300467" lon="-86.448155">
      </trkpt>
      <trkpt lat="37.300114" lon="-86.447710">
      </trkpt>
      <trkpt lat="37.300161" lon="-86.447704">
      </trkpt>
      <trkpt lat="37.303080" lon="-86.447061">
      </trkpt>
      <trkpt lat="37.303455" lon="-86.446138">
      </trkpt>
      <trkpt lat="37.303251" lon="-86.445516">
      </trkpt>
      <trkpt lat="37.301851" lon="-86.441804">
      </trkpt>
      <trkpt lat="37.301766" lon="-86.440538">
      </trkpt>
      <trkpt lat="37.302738" lon="-86.436031">
      </trkpt>
      <trkpt lat="37.302244" lon="-86.431332">
      </trkpt>
      <trkpt lat="37.303746" lon="-86.430667">
      </trkpt>
      <trkpt lat="37.305060" lon="-86.430624">
      </trkpt>
      <trkpt lat="37.303609" lon="-86.426139">
      </trkpt>
      <trkpt lat="37.303455" lon="-86.417900">
      </trkpt>
      <trkpt lat="37.302721" lon="-86.416226">
      </trkpt>
      <trkpt lat="37.301254" lon="-86.414338">
      </trkpt>
      <trkpt lat="37.300008" lon="-86.413222">
      </trkpt>
      <trkpt lat="37.298010" lon="-86.410432">
      </trkpt>
      <trkpt lat="37.295450" lon="-86.408780">
      </trkpt>
      <trkpt lat="37.293026" lon="-86.405733">
      </trkpt>
      <trkpt lat="37.291797" lon="-86.404510">
      </trkpt>
      <trkpt lat="37.288878" lon="-86.401914">
      </trkpt>
      <trkpt lat="37.284200" lon="-86.395777">
      </trkpt>
      <trkpt lat="37.283841" lon="-86.393953">
      </trkpt>
      <trkpt lat="37.284285" lon="-86.387365">
      </trkpt>
      <trkpt lat="37.283722" lon="-86.377495">
      </trkpt>
      <trkpt lat="37.288502" lon="-86.376916">
      </trkpt>
      <trkpt lat="37.288758" lon="-86.376871">
      </trkpt>
      <trkpt lat="37.292352" lon="-86.376285">
      </trkpt>
      <trkpt lat="37.295493" lon="-86.372766">
      </trkpt>
      <trkpt lat="37.300409" lon="-86.364483">
      </trkpt>
      <trkpt lat="37.308362" lon="-86.354570">
      </trkpt>
      <trkpt lat="37.309284" lon="-86.353883">
      </trkpt>
      <trkpt lat="37.308533" lon="-86.350278">
      </trkpt>
      <trkpt lat="37.308260" lon="-86.348519">
      </trkpt>
      <trkpt lat="37.307065" lon="-86.346673">
      </trkpt>
      <trkpt lat="37.306451" lon="-86.344270">
      </trkpt>
      <trkpt lat="37.304812" lon="-86.341567">
      </trkpt>
      <trkpt lat="37.304334" lon="-86.341137">
      </trkpt>
      <trkpt lat="37.302662" lon="-86.336674">
      </trkpt>
      <trkpt lat="37.302832" lon="-86.335558">
      </trkpt>
      <trkpt lat="37.302730" lon="-86.332769">
      </trkpt>
      <trkpt lat="37.303413" lon="-86.331353">
      </trkpt>
      <trkpt lat="37.302047" lon="-86.328134">
      </trkpt>
      <trkpt lat="37.300477" lon="-86.326074">
      </trkpt>
      <trkpt lat="37.300374" lon="-86.325130">
      </trkpt>
      <trkpt lat="37.300511" lon="-86.322727">
      </trkpt>
      <trkpt lat="37.303515" lon="-86.319808">
      </trkpt>
      <trkpt lat="37.303140" lon="-86.317877">
      </trkpt>
      <trkpt lat="37.303344" lon="-86.313886">
      </trkpt>
      <trkpt lat="37.301364" lon="-86.307964">
      </trkpt>
      <trkpt lat="37.300682" lon="-86.306805">
      </trkpt>
      <trkpt lat="37.300306" lon="-86.305260">
      </trkpt>
      <trkpt lat="37.298872" lon="-86.303329">
      </trkpt>
      <trkpt lat="37.299180" lon="-86.300883">
      </trkpt>
      <trkpt lat="37.298770" lon="-86.297407">
      </trkpt>
      <trkpt lat="37.299214" lon="-86.295604">
      </trkpt>
      <trkpt lat="37.299248" lon="-86.293244">
      </trkpt>
      <trkpt lat="37.298360" lon="-86.291656">
      </trkpt>
      <trkpt lat="37.297916" lon="-86.286292">
      </trkpt>
      <trkpt lat="37.290064" lon="-86.285519">
      </trkpt>
      <trkpt lat="37.289074" lon="-86.284446">
      </trkpt>
      <trkpt lat="37.287094" lon="-86.277623">
      </trkpt>
      <trkpt lat="37.286274" lon="-86.276550">
      </trkpt>
      <trkpt lat="37.284943" lon="-86.275777">
      </trkpt>
      <trkpt lat="37.276133" lon="-86.274704">
      </trkpt>
      <trkpt lat="37.274596" lon="-86.275219">
      </trkpt>
      <trkpt lat="37.273401" lon="-86.276035">
      </trkpt>
      <trkpt lat="37.273337" lon="-86.276078">
      </trkpt>
      <trkpt lat="37.273098" lon="-86.274447">
      </trkpt>
      <trkpt lat="37.273507" lon="-86.271400">
      </trkpt>
      <trkpt lat="37.272244" lon="-86.267237">
      </trkpt>
      <trkpt lat="37.273234" lon="-86.262216">
      </trkpt>
      <trkpt lat="37.275659" lon="-86.260843">
      </trkpt>
      <trkpt lat="37.276820" lon="-86.261444">
      </trkpt>
      <trkpt lat="37.281191" lon="-86.260757">
      </trkpt>
      <trkpt lat="37.282318" lon="-86.258268">
      </trkpt>
      <trkpt lat="37.279961" lon="-86.252131">
      </trkpt>
      <trkpt lat="37.278903" lon="-86.251015">
      </trkpt>
      <trkpt lat="37.278493" lon="-86.249685">
      </trkpt>
      <trkpt lat="37.277537" lon="-86.248784">
      </trkpt>
      <trkpt lat="37.276683" lon="-86.244792">
      </trkpt>
      <trkpt lat="37.268965" lon="-86.232948">
      </trkpt>
      <trkpt lat="37.268931" lon="-86.229600">
      </trkpt>
      <trkpt lat="37.266711" lon="-86.225180">
      </trkpt>
      <trkpt lat="37.267053" lon="-86.223464">
      </trkpt>
      <trkpt lat="37.268487" lon="-86.221919">
      </trkpt>
      <trkpt lat="37.271971" lon="-86.220803">
      </trkpt>
      <trkpt lat="37.273815" lon="-86.213464">
      </trkpt>
      <trkpt lat="37.270400" lon="-86.206169">
      </trkpt>
      <trkpt lat="37.270161" lon="-86.204366">
      </trkpt>
      <trkpt lat="37.271117" lon="-86.201405">
      </trkpt>
      <trkpt lat="37.275386" lon="-86.195139">
      </trkpt>
      <trkpt lat="37.275966" lon="-86.191535">
      </trkpt>
      <trkpt lat="37.277025" lon="-86.189045">
      </trkpt>
      <trkpt lat="37.276888" lon="-86.174798">
      </trkpt>
      <trkpt lat="37.276444" lon="-86.173167">
      </trkpt>
      <trkpt lat="37.270502" lon="-86.165699">
      </trkpt>
      <trkpt lat="37.269717" lon="-86.161580">
      </trkpt>
      <trkpt lat="37.268863" lon="-86.160163">
      </trkpt>
      <trkpt lat="37.259539" lon="-86.153039">
      </trkpt>
      <trkpt lat="37.260085" lon="-86.149134">
      </trkpt>
      <trkpt lat="37.259061" lon="-86.142053">
      </trkpt>
      <trkpt lat="37.257455" lon="-86.139349">
      </trkpt>
      <trkpt lat="37.254108" lon="-86.131668">
      </trkpt>
      <trkpt lat="37.255201" lon="-86.127290">
      </trkpt>
      <trkpt lat="37.253766" lon="-86.120166">
      </trkpt>
      <trkpt lat="37.251922" lon="-86.117935">
      </trkpt>
      <trkpt lat="37.255132" lon="-86.102743">
      </trkpt>
      <trkpt lat="37.256977" lon="-86.101026">
      </trkpt>
      <trkpt lat="37.259573" lon="-86.094503">
      </trkpt>
      <trkpt lat="37.261486" lon="-86.092786">
      </trkpt>
      <trkpt lat="37.262579" lon="-86.089267">
      </trkpt>
      <trkpt lat="37.268658" lon="-86.085577">
      </trkpt>
      <trkpt lat="37.267975" lon="-86.082143">
      </trkpt>
      <trkpt lat="37.270297" lon="-86.079053">
      </trkpt>
      <trkpt lat="37.270502" lon="-86.074247">
      </trkpt>
      <trkpt lat="37.270980" lon="-86.071672">
      </trkpt>
      <trkpt lat="37.271117" lon="-86.068840">
      </trkpt>
      <trkpt lat="37.269204" lon="-86.069784">
      </trkpt>
      <trkpt lat="37.267292" lon="-86.067295">
      </trkpt>
      <trkpt lat="37.255747" lon="-86.061544">
      </trkpt>
      <trkpt lat="37.251717" lon="-86.063776">
      </trkpt>
      <trkpt lat="37.249462" lon="-86.063690">
      </trkpt>
      <trkpt lat="37.243723" lon="-86.066007">
      </trkpt>
      <trkpt lat="37.243039" lon="-86.071157">
      </trkpt>
      <trkpt lat="37.238598" lon="-86.077766">
      </trkpt>
      <trkpt lat="37.235796" lon="-86.077251">
      </trkpt>
      <trkpt lat="37.234840" lon="-86.078968">
      </trkpt>
      <trkpt lat="37.233473" lon="-86.078624">
      </trkpt>
      <trkpt lat="37.233336" lon="-86.094503">
      </trkpt>
      <trkpt lat="37.235181" lon="-86.097936">
      </trkpt>
      <trkpt lat="37.233131" lon="-86.104459">
      </trkpt>
      <trkpt lat="37.239281" lon="-86.109609">
      </trkpt>
      <trkpt lat="37.238735" lon="-86.112012">
      </trkpt>
      <trkpt lat="37.239486" lon="-86.122226">
      </trkpt>
      <trkpt lat="37.237846" lon="-86.124458">
      </trkpt>
      <trkpt lat="37.225546" lon="-86.129865">
      </trkpt>
      <trkpt lat="37.224384" lon="-86.131324">
      </trkpt>
      <trkpt lat="37.223153" lon="-86.131753">
      </trkpt>
      <trkpt lat="37.220420" lon="-86.130466">
      </trkpt>
      <trkpt lat="37.218779" lon="-86.131668">
      </trkpt>
      <trkpt lat="37.217481" lon="-86.130638">
      </trkpt>
      <trkpt lat="37.212422" lon="-86.130123">
      </trkpt>
      <trkpt lat="37.209757" lon="-86.127977">
      </trkpt>
      <trkpt lat="37.208321" lon="-86.128234">
      </trkpt>
      <trkpt lat="37.201553" lon="-86.124200">
      </trkpt>
      <trkpt lat="37.198340" lon="-86.119308">
      </trkpt>
      <trkpt lat="37.191434" lon="-86.118192">
      </trkpt>
      <trkpt lat="37.189588" lon="-86.119050">
      </trkpt>
      <trkpt lat="37.187674" lon="-86.117935">
      </trkpt>
      <trkpt lat="37.180562" lon="-86.116390">
      </trkpt>
      <trkpt lat="37.179126" lon="-86.110467">
      </trkpt>
      <trkpt lat="37.177280" lon="-86.108493">
      </trkpt>
      <trkpt lat="37.178989" lon="-86.103858">
      </trkpt>
      <trkpt lat="37.178852" lon="-86.098022">
      </trkpt>
      <trkpt lat="37.181930" lon="-86.093473">
      </trkpt>
      <trkpt lat="37.181519" lon="-86.090812">
      </trkpt>
      <trkpt lat="37.182408" lon="-86.092100">
      </trkpt>
      <trkpt lat="37.184186" lon="-86.098279">
      </trkpt>
      <trkpt lat="37.186101" lon="-86.098794">
      </trkpt>
      <trkpt lat="37.186922" lon="-86.097936">
      </trkpt>
      <trkpt lat="37.188631" lon="-86.098880">
      </trkpt>
      <trkpt lat="37.188904" lon="-86.097335">
      </trkpt>
      <trkpt lat="37.190204" lon="-86.096305">
      </trkpt>
      <trkpt lat="37.190135" lon="-86.094503">
      </trkpt>
      <trkpt lat="37.191024" lon="-86.094074">
      </trkpt>
      <trkpt lat="37.190819" lon="-86.091499">
      </trkpt>
      <trkpt lat="37.191640" lon="-86.090984">
      </trkpt>
      <trkpt lat="37.191093" lon="-86.088838">
      </trkpt>
      <trkpt lat="37.192665" lon="-86.088323">
      </trkpt>
      <trkpt lat="37.193007" lon="-86.087379">
      </trkpt>
      <trkpt lat="37.195468" lon="-86.086778">
      </trkpt>
      <trkpt lat="37.197041" lon="-86.083860">
      </trkpt>
      <trkpt lat="37.196973" lon="-86.081886">
      </trkpt>
      <trkpt lat="37.197998" lon="-86.077508">
      </trkpt>
      <trkpt lat="37.197178" lon="-86.076049">
      </trkpt>
      <trkpt lat="37.198203" lon="-86.069526">
      </trkpt>
      <trkpt lat="37.197519" lon="-86.066951">
      </trkpt>
      <trkpt lat="37.197588" lon="-86.064291">
      </trkpt>
      <trkpt lat="37.195263" lon="-86.058712">
      </trkpt>
      <trkpt lat="37.196084" lon="-86.055536">
      </trkpt>
      <trkpt lat="37.195810" lon="-86.052961">
      </trkpt>
      <trkpt lat="37.196494" lon="-86.050643">
      </trkpt>
      <trkpt lat="37.195468" lon="-86.047124">
      </trkpt>
      <trkpt lat="37.197793" lon="-86.042575">
      </trkpt>
      <trkpt lat="37.197109" lon="-86.039400">
      </trkpt>
      <trkpt lat="37.198682" lon="-86.035795">
      </trkpt>
      <trkpt lat="37.198682" lon="-86.034593">
      </trkpt>
      <trkpt lat="37.201143" lon="-86.033906">
      </trkpt>
      <trkpt lat="37.201075" lon="-86.032962">
      </trkpt>
      <trkpt lat="37.203057" lon="-86.030302">
      </trkpt>
      <trkpt lat="37.202784" lon="-86.025667">
      </trkpt>
      <trkpt lat="37.204083" lon="-86.023006">
      </trkpt>
      <trkpt lat="37.199912" lon="-86.015667">
      </trkpt>
      <trkpt lat="37.198477" lon="-86.015582">
      </trkpt>
      <trkpt lat="37.196323" lon="-86.011676">
      </trkpt>
      <trkpt lat="37.194614" lon="-86.011719">
      </trkpt>
      <trkpt lat="37.194169" lon="-86.012449">
      </trkpt>
      <trkpt lat="37.190785" lon="-86.014680">
      </trkpt>
      <trkpt lat="37.189862" lon="-86.013393">
      </trkpt>
      <trkpt lat="37.187913" lon="-86.012663">
      </trkpt>
      <trkpt lat="37.187229" lon="-86.011848">
      </trkpt>
      <trkpt lat="37.184255" lon="-86.010561">
      </trkpt>
      <trkpt lat="37.181451" lon="-86.009402">
      </trkpt>
      <trkpt lat="37.180083" lon="-86.007556">
      </trkpt>
      <trkpt lat="37.178818" lon="-86.006956">
      </trkpt>
      <trkpt lat="37.176254" lon="-86.002321">
      </trkpt>
      <trkpt lat="37.174270" lon="-86.001377">
      </trkpt>
      <trkpt lat="37.174920" lon="-85.999617">
      </trkpt>
      <trkpt lat="37.174920" lon="-85.997385">
      </trkpt>
      <trkpt lat="37.172561" lon="-85.991549">
      </trkpt>
      <trkpt lat="37.171945" lon="-85.989918">
      </trkpt>
      <trkpt lat="37.168731" lon="-85.986313">
      </trkpt>
      <trkpt lat="37.167431" lon="-85.983052">
      </trkpt>
      <trkpt lat="37.164558" lon="-85.979661">
      </trkpt>
      <trkpt lat="37.163396" lon="-85.979490">
      </trkpt>
      <trkpt lat="37.161788" lon="-85.976786">
      </trkpt>
      <trkpt lat="37.160489" lon="-85.976057">
      </trkpt>
      <trkpt lat="37.159360" lon="-85.974512">
      </trkpt>
      <trkpt lat="37.157889" lon="-85.972881">
      </trkpt>
      <trkpt lat="37.156282" lon="-85.969533">
      </trkpt>
      <trkpt lat="37.152075" lon="-85.968933">
      </trkpt>
      <trkpt lat="37.151219" lon="-85.970349">
      </trkpt>
      <trkpt lat="37.146704" lon="-85.965929">
      </trkpt>
      <trkpt lat="37.146693" lon="-85.965896">
      </trkpt>
      <trkpt lat="37.149245" lon="-85.963675">
      </trkpt>
      <trkpt lat="37.149759" lon="-85.963890">
      </trkpt>
      <trkpt lat="37.152871" lon="-85.961744">
      </trkpt>
      <trkpt lat="37.154034" lon="-85.961744">
      </trkpt>
      <trkpt lat="37.155813" lon="-85.960586">
      </trkpt>
      <trkpt lat="37.158959" lon="-85.954749">
      </trkpt>
      <trkpt lat="37.161969" lon="-85.951702">
      </trkpt>
      <trkpt lat="37.164261" lon="-85.952689">
      </trkpt>
      <trkpt lat="37.168604" lon="-85.948655">
      </trkpt>
      <trkpt lat="37.170211" lon="-85.951573">
      </trkpt>
      <trkpt lat="37.172810" lon="-85.952947">
      </trkpt>
      <trkpt lat="37.176674" lon="-85.952346">
      </trkpt>
      <trkpt lat="37.178247" lon="-85.951144">
      </trkpt>
      <trkpt lat="37.179717" lon="-85.946853">
      </trkpt>
      <trkpt lat="37.179341" lon="-85.944578">
      </trkpt>
      <trkpt lat="37.178384" lon="-85.943334">
      </trkpt>
      <trkpt lat="37.178315" lon="-85.941445">
      </trkpt>
      <trkpt lat="37.176913" lon="-85.939600">
      </trkpt>
      <trkpt lat="37.178110" lon="-85.937583">
      </trkpt>
      <trkpt lat="37.179375" lon="-85.937368">
      </trkpt>
      <trkpt lat="37.182179" lon="-85.933163">
      </trkpt>
      <trkpt lat="37.183991" lon="-85.929687">
      </trkpt>
      <trkpt lat="37.185940" lon="-85.924408">
      </trkpt>
      <trkpt lat="37.187513" lon="-85.921919">
      </trkpt>
      <trkpt lat="37.191034" lon="-85.925438">
      </trkpt>
      <trkpt lat="37.193290" lon="-85.925652">
      </trkpt>
      <trkpt lat="37.196504" lon="-85.930073">
      </trkpt>
      <trkpt lat="37.196606" lon="-85.930802">
      </trkpt>
      <trkpt lat="37.198350" lon="-85.933163">
      </trkpt>
      <trkpt lat="37.198897" lon="-85.932948">
      </trkpt>
      <trkpt lat="37.199854" lon="-85.934708">
      </trkpt>
      <trkpt lat="37.206178" lon="-85.933978">
      </trkpt>
      <trkpt lat="37.209903" lon="-85.930931">
      </trkpt>
      <trkpt lat="37.217764" lon="-85.927627">
      </trkpt>
      <trkpt lat="37.222651" lon="-85.925438">
      </trkpt>
      <trkpt lat="37.226444" lon="-85.922434">
      </trkpt>
      <trkpt lat="37.227674" lon="-85.918400">
      </trkpt>
      <trkpt lat="37.229998" lon="-85.916168">
      </trkpt>
      <trkpt lat="37.233483" lon="-85.910460">
      </trkpt>
      <trkpt lat="37.234405" lon="-85.908572">
      </trkpt>
      <trkpt lat="37.235772" lon="-85.908229">
      </trkpt>
      <trkpt lat="37.238369" lon="-85.902950">
      </trkpt>
      <trkpt lat="37.239086" lon="-85.898444">
      </trkpt>
      <trkpt lat="37.240487" lon="-85.896470">
      </trkpt>
      <trkpt lat="37.240555" lon="-85.894625">
      </trkpt>
      <trkpt lat="37.242674" lon="-85.892522">
      </trkpt>
      <trkpt lat="37.253161" lon="-85.888016">
      </trkpt>
      <trkpt lat="37.262042" lon="-85.881965">
      </trkpt>
      <trkpt lat="37.264706" lon="-85.880935">
      </trkpt>
      <trkpt lat="37.266755" lon="-85.882051">
      </trkpt>
      <trkpt lat="37.271844" lon="-85.890805">
      </trkpt>
      <trkpt lat="37.271941" lon="-85.890709">
      </trkpt>
    </trkseg>
  </trk>
  <trk>
    <name>SKRR Bowling Green to Beaver Dam - 152 miles</name>
    <cmt>SKRRBw</cmt>
    <desc>SKRRBw</desc>
    <number>2</number>
    <extensions>
      <gpxx:TrackExtension>
        <gpxx:DisplayColor>Black</gpxx:DisplayColor>
      </gpxx:TrackExtension>
    </extensions>
    <trkseg>
      <trkpt lat="36.992846" lon="-86.440518">
      </trkpt>
      <trkpt lat="36.988754" lon="-86.446752">
      </trkpt>
      <trkpt lat="36.990639" lon="-86.448726">
      </trkpt>
      <trkpt lat="36.990159" lon="-86.450014">
      </trkpt>
      <trkpt lat="36.994032" lon="-86.454048">
      </trkpt>
      <trkpt lat="36.994581" lon="-86.453361">
      </trkpt>
      <trkpt lat="36.996843" lon="-86.461644">
      </trkpt>
      <trkpt lat="36.995815" lon="-86.473789">
      </trkpt>
      <trkpt lat="36.997049" lon="-86.475334">
      </trkpt>
      <trkpt lat="36.996089" lon="-86.478037">
      </trkpt>
      <trkpt lat="36.998008" lon="-86.479969">
      </trkpt>
      <trkpt lat="36.998043" lon="-86.483745">
      </trkpt>
      <trkpt lat="36.999894" lon="-86.485934">
      </trkpt>
      <trkpt lat="37.003116" lon="-86.493487">
      </trkpt>
      <trkpt lat="37.002568" lon="-86.500782">
      </trkpt>
      <trkpt lat="37.001676" lon="-86.501727">
      </trkpt>
      <trkpt lat="37.002156" lon="-86.505417">
      </trkpt>
      <trkpt lat="37.010724" lon="-86.511597">
      </trkpt>
      <trkpt lat="37.012506" lon="-86.512541">
      </trkpt>
      <trkpt lat="37.013191" lon="-86.513915">
      </trkpt>
      <trkpt lat="37.017166" lon="-86.513743">
      </trkpt>
      <trkpt lat="37.018948" lon="-86.508507">
      </trkpt>
      <trkpt lat="37.018674" lon="-86.507306">
      </trkpt>
      <trkpt lat="37.013465" lon="-86.501641">
      </trkpt>
      <trkpt lat="37.012986" lon="-86.498723">
      </trkpt>
      <trkpt lat="37.011478" lon="-86.497778">
      </trkpt>
      <trkpt lat="37.010998" lon="-86.492629">
      </trkpt>
      <trkpt lat="37.013260" lon="-86.491169">
      </trkpt>
      <trkpt lat="37.019620" lon="-86.481503">
      </trkpt>
      <trkpt lat="37.022237" lon="-86.483960">
      </trkpt>
      <trkpt lat="37.023676" lon="-86.487135">
      </trkpt>
      <trkpt lat="37.026999" lon="-86.490054">
      </trkpt>
      <trkpt lat="37.031453" lon="-86.493530">
      </trkpt>
      <trkpt lat="37.032344" lon="-86.496448">
      </trkpt>
      <trkpt lat="37.033132" lon="-86.496920">
      </trkpt>
      <trkpt lat="37.033783" lon="-86.499152">
      </trkpt>
      <trkpt lat="37.035427" lon="-86.498980">
      </trkpt>
      <trkpt lat="37.038065" lon="-86.499838">
      </trkpt>
      <trkpt lat="37.038613" lon="-86.501512">
      </trkpt>
      <trkpt lat="37.041662" lon="-86.502542">
      </trkpt>
      <trkpt lat="37.043101" lon="-86.504044">
      </trkpt>
      <trkpt lat="37.044882" lon="-86.504688">
      </trkpt>
      <trkpt lat="37.046732" lon="-86.508808">
      </trkpt>
      <trkpt lat="37.048307" lon="-86.516361">
      </trkpt>
      <trkpt lat="37.052623" lon="-86.518893">
      </trkpt>
      <trkpt lat="37.054335" lon="-86.519021">
      </trkpt>
      <trkpt lat="37.055465" lon="-86.520566">
      </trkpt>
      <trkpt lat="37.059198" lon="-86.519794">
      </trkpt>
      <trkpt lat="37.060945" lon="-86.518850">
      </trkpt>
      <trkpt lat="37.061459" lon="-86.517734">
      </trkpt>
      <trkpt lat="37.066390" lon="-86.512885">
      </trkpt>
      <trkpt lat="37.071698" lon="-86.513485">
      </trkpt>
      <trkpt lat="37.072451" lon="-86.513786">
      </trkpt>
      <trkpt lat="37.074711" lon="-86.516146">
      </trkpt>
      <trkpt lat="37.075806" lon="-86.516318">
      </trkpt>
      <trkpt lat="37.076834" lon="-86.514644">
      </trkpt>
      <trkpt lat="37.079230" lon="-86.508722">
      </trkpt>
      <trkpt lat="37.080018" lon="-86.507992">
      </trkpt>
      <trkpt lat="37.082346" lon="-86.508078">
      </trkpt>
      <trkpt lat="37.084708" lon="-86.506576">
      </trkpt>
      <trkpt lat="37.087242" lon="-86.509323">
      </trkpt>
      <trkpt lat="37.086728" lon="-86.511168">
      </trkpt>
      <trkpt lat="37.086728" lon="-86.513228">
      </trkpt>
      <trkpt lat="37.082894" lon="-86.518893">
      </trkpt>
      <trkpt lat="37.083476" lon="-86.520180">
      </trkpt>
      <trkpt lat="37.082996" lon="-86.521468">
      </trkpt>
      <trkpt lat="37.083784" lon="-86.522669">
      </trkpt>
      <trkpt lat="37.083887" lon="-86.524472">
      </trkpt>
      <trkpt lat="37.082449" lon="-86.527090">
      </trkpt>
      <trkpt lat="37.079573" lon="-86.529021">
      </trkpt>
      <trkpt lat="37.077792" lon="-86.532583">
      </trkpt>
      <trkpt lat="37.074471" lon="-86.534857">
      </trkpt>
      <trkpt lat="37.076012" lon="-86.538033">
      </trkpt>
      <trkpt lat="37.076491" lon="-86.541638">
      </trkpt>
      <trkpt lat="37.078032" lon="-86.542925">
      </trkpt>
      <trkpt lat="37.078374" lon="-86.544857">
      </trkpt>
      <trkpt lat="37.076252" lon="-86.547131">
      </trkpt>
      <trkpt lat="37.076765" lon="-86.549277">
      </trkpt>
      <trkpt lat="37.076662" lon="-86.551895">
      </trkpt>
      <trkpt lat="37.077895" lon="-86.555929">
      </trkpt>
      <trkpt lat="37.077963" lon="-86.559104">
      </trkpt>
      <trkpt lat="37.077827" lon="-86.561336">
      </trkpt>
      <trkpt lat="37.078169" lon="-86.562967">
      </trkpt>
      <trkpt lat="37.076594" lon="-86.566529">
      </trkpt>
      <trkpt lat="37.077005" lon="-86.568374">
      </trkpt>
      <trkpt lat="37.081285" lon="-86.570949">
      </trkpt>
      <trkpt lat="37.081661" lon="-86.573352">
      </trkpt>
      <trkpt lat="37.082894" lon="-86.575541">
      </trkpt>
      <trkpt lat="37.083476" lon="-86.577472">
      </trkpt>
      <trkpt lat="37.084400" lon="-86.579275">
      </trkpt>
      <trkpt lat="37.085153" lon="-86.579275">
      </trkpt>
      <trkpt lat="37.085633" lon="-86.580176">
      </trkpt>
      <trkpt lat="37.086180" lon="-86.579532">
      </trkpt>
      <trkpt lat="37.086557" lon="-86.580433">
      </trkpt>
      <trkpt lat="37.087892" lon="-86.581377">
      </trkpt>
      <trkpt lat="37.088885" lon="-86.584081">
      </trkpt>
      <trkpt lat="37.090494" lon="-86.585712">
      </trkpt>
      <trkpt lat="37.101584" lon="-86.586914">
      </trkpt>
      <trkpt lat="37.108430" lon="-86.589488">
      </trkpt>
      <trkpt lat="37.111578" lon="-86.589832">
      </trkpt>
      <trkpt lat="37.115137" lon="-86.592750">
      </trkpt>
      <trkpt lat="37.117601" lon="-86.604938">
      </trkpt>
      <trkpt lat="37.115137" lon="-86.606998">
      </trkpt>
      <trkpt lat="37.108293" lon="-86.604938">
      </trkpt>
      <trkpt lat="37.102680" lon="-86.607513">
      </trkpt>
      <trkpt lat="37.101447" lon="-86.611461">
      </trkpt>
      <trkpt lat="37.101995" lon="-86.613864">
      </trkpt>
      <trkpt lat="37.097751" lon="-86.611118">
      </trkpt>
      <trkpt lat="37.093917" lon="-86.613521">
      </trkpt>
      <trkpt lat="37.091726" lon="-86.612834">
      </trkpt>
      <trkpt lat="37.089946" lon="-86.615753">
      </trkpt>
      <trkpt lat="37.090357" lon="-86.620903">
      </trkpt>
      <trkpt lat="37.087481" lon="-86.623134">
      </trkpt>
      <trkpt lat="37.072280" lon="-86.607685">
      </trkpt>
      <trkpt lat="37.066938" lon="-86.599102">
      </trkpt>
      <trkpt lat="37.059130" lon="-86.602878">
      </trkpt>
      <trkpt lat="37.061096" lon="-86.609390">
        <time>2020-01-13T17:04:13Z</time>
      </trkpt>
      <trkpt lat="37.066575" lon="-86.615570">
        <time>2020-01-13T17:04:11Z</time>
      </trkpt>
      <trkpt lat="37.078354" lon="-86.619690">
        <time>2020-01-13T17:04:09Z</time>
      </trkpt>
      <trkpt lat="37.085339" lon="-86.623810">
        <time>2020-01-13T17:04:03Z</time>
      </trkpt>
      <trkpt lat="37.088077" lon="-86.628617">
        <time>2020-01-13T17:04:01Z</time>
      </trkpt>
      <trkpt lat="37.093281" lon="-86.633080">
        <time>2020-01-13T17:03:59Z</time>
      </trkpt>
      <trkpt lat="37.094924" lon="-86.638573">
        <time>2020-01-13T17:03:57Z</time>
      </trkpt>
      <trkpt lat="37.099990" lon="-86.642006">
        <time>2020-01-13T17:03:55Z</time>
      </trkpt>
      <trkpt lat="37.105055" lon="-86.649044">
        <time>2020-01-13T17:03:53Z</time>
      </trkpt>
      <trkpt lat="37.121482" lon="-86.652306">
        <time>2020-01-13T17:03:51Z</time>
      </trkpt>
      <trkpt lat="37.128736" lon="-86.656082">
        <time>2020-01-13T17:03:48Z</time>
      </trkpt>
      <trkpt lat="37.135305" lon="-86.655052">
        <time>2020-01-13T17:03:46Z</time>
      </trkpt>
      <trkpt lat="37.142285" lon="-86.657284">
        <time>2020-01-13T17:03:39Z</time>
      </trkpt>
      <trkpt lat="37.143516" lon="-86.660031">
      </trkpt>
      <trkpt lat="37.142952" lon="-86.659709">
        <time>2016-04-02T19:34:27Z</time>
      </trkpt>
      <trkpt lat="37.144578" lon="-86.662196">
        <time>2016-04-02T19:34:27Z</time>
      </trkpt>
      <trkpt lat="37.145194" lon="-86.663147">
        <time>2016-04-02T19:34:23Z</time>
      </trkpt>
      <trkpt lat="37.145348" lon="-86.663387">
        <time>2016-04-02T19:34:22Z</time>
      </trkpt>
      <trkpt lat="37.145974" lon="-86.664342">
        <time>2016-04-02T19:34:18Z</time>
      </trkpt>
      <trkpt lat="37.146135" lon="-86.664575">
        <time>2016-04-02T19:34:17Z</time>
      </trkpt>
      <trkpt lat="37.146778" lon="-86.665523">
        <time>2016-04-02T19:34:13Z</time>
      </trkpt>
      <trkpt lat="37.147431" lon="-86.666415">
        <time>2016-04-02T19:34:09Z</time>
      </trkpt>
      <trkpt lat="37.147768" lon="-86.666819">
        <time>2016-04-02T19:34:07Z</time>
      </trkpt>
      <trkpt lat="37.147941" lon="-86.667019">
        <time>2016-04-02T19:34:06Z</time>
      </trkpt>
      <trkpt lat="37.148667" lon="-86.667831">
        <time>2016-04-02T19:34:02Z</time>
      </trkpt>
      <trkpt lat="37.149043" lon="-86.668247">
        <time>2016-04-02T19:34:00Z</time>
      </trkpt>
      <trkpt lat="37.149227" lon="-86.668457">
        <time>2016-04-02T19:33:59Z</time>
      </trkpt>
      <trkpt lat="37.150690" lon="-86.670121">
        <time>2016-04-02T19:33:51Z</time>
      </trkpt>
      <trkpt lat="37.152900" lon="-86.672615">
        <time>2016-04-02T19:33:39Z</time>
      </trkpt>
      <trkpt lat="37.154198" lon="-86.674112">
        <time>2016-04-02T19:33:32Z</time>
      </trkpt>
      <trkpt lat="37.154382" lon="-86.674326">
        <time>2016-04-02T19:33:31Z</time>
      </trkpt>
      <trkpt lat="37.155481" lon="-86.675601">
        <time>2016-04-02T19:33:25Z</time>
      </trkpt>
      <trkpt lat="37.155662" lon="-86.675817">
        <time>2016-04-02T19:33:24Z</time>
      </trkpt>
      <trkpt lat="37.156030" lon="-86.676253">
        <time>2016-04-02T19:33:22Z</time>
      </trkpt>
      <trkpt lat="37.156213" lon="-86.676477">
        <time>2016-04-02T19:33:21Z</time>
      </trkpt>
      <trkpt lat="37.156398" lon="-86.676704">
        <time>2016-04-02T19:33:20Z</time>
      </trkpt>
      <trkpt lat="37.156594" lon="-86.676926">
        <time>2016-04-02T19:33:19Z</time>
      </trkpt>
      <trkpt lat="37.156797" lon="-86.677141">
        <time>2016-04-02T19:33:18Z</time>
      </trkpt>
      <trkpt lat="37.157832" lon="-86.678014">
        <time>2016-04-02T19:33:13Z</time>
      </trkpt>
      <trkpt lat="37.158054" lon="-86.678125">
        <time>2016-04-02T19:33:12Z</time>
      </trkpt>
      <trkpt lat="37.158745" lon="-86.678377">
        <time>2016-04-02T19:33:09Z</time>
      </trkpt>
      <trkpt lat="37.158978" lon="-86.678451">
        <time>2016-04-02T19:33:08Z</time>
      </trkpt>
      <trkpt lat="37.159444" lon="-86.678588">
        <time>2016-04-02T19:33:06Z</time>
      </trkpt>
      <trkpt lat="37.160149" lon="-86.678794">
        <time>2016-04-02T19:33:03Z</time>
      </trkpt>
      <trkpt lat="37.161089" lon="-86.679072">
        <time>2016-04-02T19:32:59Z</time>
      </trkpt>
      <trkpt lat="37.163513" lon="-86.679723">
        <time>2016-04-02T19:32:49Z</time>
      </trkpt>
      <trkpt lat="37.163760" lon="-86.679779">
        <time>2016-04-02T19:32:48Z</time>
      </trkpt>
      <trkpt lat="37.164005" lon="-86.679834">
        <time>2016-04-02T19:32:47Z</time>
      </trkpt>
      <trkpt lat="37.165203" lon="-86.680101">
        <time>2016-04-02T19:32:42Z</time>
      </trkpt>
      <trkpt lat="37.165920" lon="-86.680250">
        <time>2016-04-02T19:32:39Z</time>
      </trkpt>
      <trkpt lat="37.166411" lon="-86.680333">
        <time>2016-04-02T19:32:37Z</time>
      </trkpt>
      <trkpt lat="37.166919" lon="-86.680436">
        <time>2016-04-02T19:32:35Z</time>
      </trkpt>
      <trkpt lat="37.167171" lon="-86.680512">
        <time>2016-04-02T19:32:34Z</time>
      </trkpt>
      <trkpt lat="37.167418" lon="-86.680605">
        <time>2016-04-02T19:32:33Z</time>
      </trkpt>
      <trkpt lat="37.167892" lon="-86.680826">
        <time>2016-04-02T19:32:31Z</time>
      </trkpt>
      <trkpt lat="37.168122" lon="-86.680963">
        <time>2016-04-02T19:32:30Z</time>
      </trkpt>
      <trkpt lat="37.168346" lon="-86.681110">
        <time>2016-04-02T19:32:29Z</time>
      </trkpt>
      <trkpt lat="37.168562" lon="-86.681267">
        <time>2016-04-02T19:32:28Z</time>
      </trkpt>
      <trkpt lat="37.168767" lon="-86.681438">
        <time>2016-04-02T19:32:27Z</time>
      </trkpt>
      <trkpt lat="37.169340" lon="-86.682030">
        <time>2016-04-02T19:32:24Z</time>
      </trkpt>
      <trkpt lat="37.169530" lon="-86.682237">
        <time>2016-04-02T19:32:23Z</time>
      </trkpt>
      <trkpt lat="37.170627" lon="-86.683560">
        <time>2016-04-02T19:32:17Z</time>
      </trkpt>
      <trkpt lat="37.171319" lon="-86.684515">
        <time>2016-04-02T19:32:13Z</time>
      </trkpt>
      <trkpt lat="37.171664" lon="-86.684988">
        <time>2016-04-02T19:32:11Z</time>
      </trkpt>
      <trkpt lat="37.172006" lon="-86.685451">
        <time>2016-04-02T19:32:09Z</time>
      </trkpt>
      <trkpt lat="37.173303" lon="-86.687296">
        <time>2016-04-02T19:32:01Z</time>
      </trkpt>
      <trkpt lat="37.173667" lon="-86.687722">
        <time>2016-04-02T19:31:59Z</time>
      </trkpt>
      <trkpt lat="37.173855" lon="-86.687930">
        <time>2016-04-02T19:31:58Z</time>
      </trkpt>
      <trkpt lat="37.175344" lon="-86.689484">
        <time>2016-04-02T19:31:50Z</time>
      </trkpt>
      <trkpt lat="37.175531" lon="-86.689627">
        <time>2016-04-02T19:31:49Z</time>
      </trkpt>
      <trkpt lat="37.175726" lon="-86.689756">
        <time>2016-04-02T19:31:48Z</time>
      </trkpt>
      <trkpt lat="37.176371" lon="-86.690105">
        <time>2016-04-02T19:31:45Z</time>
      </trkpt>
      <trkpt lat="37.177724" lon="-86.690759">
        <time>2016-04-02T19:31:39Z</time>
      </trkpt>
      <trkpt lat="37.178145" lon="-86.691028">
        <time>2016-04-02T19:31:37Z</time>
      </trkpt>
      <trkpt lat="37.178664" lon="-86.691608">
        <time>2016-04-02T19:31:34Z</time>
      </trkpt>
      <trkpt lat="37.179063" lon="-86.692363">
        <time>2016-04-02T19:31:31Z</time>
      </trkpt>
      <trkpt lat="37.179429" lon="-86.693487">
        <time>2016-04-02T19:31:27Z</time>
      </trkpt>
      <trkpt lat="37.179535" lon="-86.693757">
        <time>2016-04-02T19:31:26Z</time>
      </trkpt>
      <trkpt lat="37.179800" lon="-86.694257">
        <time>2016-04-02T19:31:24Z</time>
      </trkpt>
      <trkpt lat="37.179962" lon="-86.694481">
        <time>2016-04-02T19:31:23Z</time>
      </trkpt>
      <trkpt lat="37.180326" lon="-86.694875">
        <time>2016-04-02T19:31:21Z</time>
      </trkpt>
      <trkpt lat="37.181607" lon="-86.695750">
        <time>2016-04-02T19:31:15Z</time>
      </trkpt>
      <trkpt lat="37.182045" lon="-86.696031">
        <time>2016-04-02T19:31:13Z</time>
      </trkpt>
      <trkpt lat="37.182487" lon="-86.696322">
        <time>2016-04-02T19:31:11Z</time>
      </trkpt>
      <trkpt lat="37.182713" lon="-86.696466">
        <time>2016-04-02T19:31:10Z</time>
      </trkpt>
      <trkpt lat="37.182940" lon="-86.696611">
        <time>2016-04-02T19:31:09Z</time>
      </trkpt>
      <trkpt lat="37.183166" lon="-86.696757">
        <time>2016-04-02T19:31:08Z</time>
      </trkpt>
      <trkpt lat="37.183624" lon="-86.697045">
        <time>2016-04-02T19:31:06Z</time>
      </trkpt>
      <trkpt lat="37.185169" lon="-86.698034">
        <time>2016-04-02T19:30:59Z</time>
      </trkpt>
      <trkpt lat="37.185994" lon="-86.698590">
        <time>2016-04-02T19:30:54Z</time>
      </trkpt>
      <trkpt lat="37.186647" lon="-86.699244">
        <time>2016-04-02T19:30:47Z</time>
      </trkpt>
      <trkpt lat="37.186871" lon="-86.699486">
        <time>2016-04-02T19:30:45Z</time>
      </trkpt>
      <trkpt lat="37.187102" lon="-86.699741">
        <time>2016-04-02T19:30:43Z</time>
      </trkpt>
      <trkpt lat="37.187455" lon="-86.700135">
        <time>2016-04-02T19:30:40Z</time>
      </trkpt>
      <trkpt lat="37.188099" lon="-86.700878">
        <time>2016-04-02T19:30:35Z</time>
      </trkpt>
      <trkpt lat="37.189326" lon="-86.702429">
        <time>2016-04-02T19:30:27Z</time>
      </trkpt>
      <trkpt lat="37.189990" lon="-86.703187">
        <time>2016-04-02T19:30:23Z</time>
      </trkpt>
      <trkpt lat="37.190571" lon="-86.703559">
        <time>2016-04-02T19:30:20Z</time>
      </trkpt>
      <trkpt lat="37.192855" lon="-86.704841">
        <time>2016-04-02T19:30:09Z</time>
      </trkpt>
      <trkpt lat="37.193268" lon="-86.705076">
        <time>2016-04-02T19:30:07Z</time>
      </trkpt>
      <trkpt lat="37.193896" lon="-86.705434">
        <time>2016-04-02T19:30:04Z</time>
      </trkpt>
      <trkpt lat="37.194109" lon="-86.705548">
        <time>2016-04-02T19:30:03Z</time>
      </trkpt>
      <trkpt lat="37.194325" lon="-86.705654">
        <time>2016-04-02T19:30:02Z</time>
      </trkpt>
      <trkpt lat="37.195650" lon="-86.705914">
        <time>2016-04-02T19:29:56Z</time>
      </trkpt>
      <trkpt lat="37.196119" lon="-86.705830">
        <time>2016-04-02T19:29:54Z</time>
      </trkpt>
      <trkpt lat="37.196355" lon="-86.705781">
        <time>2016-04-02T19:29:53Z</time>
      </trkpt>
      <trkpt lat="37.196827" lon="-86.705672">
        <time>2016-04-02T19:29:51Z</time>
      </trkpt>
      <trkpt lat="37.197297" lon="-86.705567">
        <time>2016-04-02T19:29:49Z</time>
      </trkpt>
      <trkpt lat="37.197529" lon="-86.705513">
        <time>2016-04-02T19:29:48Z</time>
      </trkpt>
      <trkpt lat="37.197761" lon="-86.705460">
        <time>2016-04-02T19:29:47Z</time>
      </trkpt>
      <trkpt lat="37.198224" lon="-86.705354">
        <time>2016-04-02T19:29:45Z</time>
      </trkpt>
      <trkpt lat="37.199176" lon="-86.705096">
        <time>2016-04-02T19:29:41Z</time>
      </trkpt>
      <trkpt lat="37.199619" lon="-86.704943">
        <time>2016-04-02T19:29:39Z</time>
      </trkpt>
      <trkpt lat="37.200050" lon="-86.704774">
        <time>2016-04-02T19:29:37Z</time>
      </trkpt>
      <trkpt lat="37.201394" lon="-86.703779">
        <time>2016-04-02T19:29:30Z</time>
      </trkpt>
      <trkpt lat="37.202670" lon="-86.701667">
        <time>2016-04-02T19:29:20Z</time>
      </trkpt>
      <trkpt lat="37.203366" lon="-86.700379">
        <time>2016-04-02T19:29:14Z</time>
      </trkpt>
      <trkpt lat="37.203483" lon="-86.700161">
        <time>2016-04-02T19:29:13Z</time>
      </trkpt>
      <trkpt lat="37.203710" lon="-86.699730">
        <time>2016-04-02T19:29:11Z</time>
      </trkpt>
      <trkpt lat="37.203933" lon="-86.699305">
        <time>2016-04-02T19:29:09Z</time>
      </trkpt>
      <trkpt lat="37.205023" lon="-86.697227">
        <time>2016-04-02T19:28:59Z</time>
      </trkpt>
      <trkpt lat="37.205628" lon="-86.696053">
        <time>2016-04-02T19:28:53Z</time>
      </trkpt>
      <trkpt lat="37.206264" lon="-86.695027">
        <time>2016-04-02T19:28:47Z</time>
      </trkpt>
      <trkpt lat="37.206545" lon="-86.694769">
        <time>2016-04-02T19:28:45Z</time>
      </trkpt>
      <trkpt lat="37.206846" lon="-86.694563">
        <time>2016-04-02T19:28:43Z</time>
      </trkpt>
      <trkpt lat="37.207166" lon="-86.694432">
        <time>2016-04-02T19:28:41Z</time>
      </trkpt>
      <trkpt lat="37.208174" lon="-86.694275">
        <time>2016-04-02T19:28:35Z</time>
      </trkpt>
      <trkpt lat="37.208340" lon="-86.694254">
        <time>2016-04-02T19:28:34Z</time>
      </trkpt>
      <trkpt lat="37.208668" lon="-86.694214">
        <time>2016-04-02T19:28:32Z</time>
      </trkpt>
      <trkpt lat="37.208994" lon="-86.694173">
        <time>2016-04-02T19:28:30Z</time>
      </trkpt>
      <trkpt lat="37.209330" lon="-86.694136">
        <time>2016-04-02T19:28:28Z</time>
      </trkpt>
      <trkpt lat="37.209499" lon="-86.694112">
        <time>2016-04-02T19:28:27Z</time>
      </trkpt>
      <trkpt lat="37.209669" lon="-86.694092">
        <time>2016-04-02T19:28:26Z</time>
      </trkpt>
      <trkpt lat="37.210339" lon="-86.694083">
        <time>2016-04-02T19:28:22Z</time>
      </trkpt>
      <trkpt lat="37.212589" lon="-86.694539">
        <time>2016-04-02T19:28:08Z</time>
      </trkpt>
      <trkpt lat="37.213878" lon="-86.694829">
        <time>2016-04-02T19:28:00Z</time>
      </trkpt>
      <trkpt lat="37.214366" lon="-86.694939">
        <time>2016-04-02T19:27:57Z</time>
      </trkpt>
      <trkpt lat="37.215677" lon="-86.695202">
        <time>2016-04-02T19:27:49Z</time>
      </trkpt>
      <trkpt lat="37.216006" lon="-86.695206">
        <time>2016-04-02T19:27:47Z</time>
      </trkpt>
      <trkpt lat="37.216331" lon="-86.695132">
        <time>2016-04-02T19:27:45Z</time>
      </trkpt>
      <trkpt lat="37.217049" lon="-86.694717">
        <time>2016-04-02T19:27:40Z</time>
      </trkpt>
      <trkpt lat="37.217182" lon="-86.694622">
        <time>2016-04-02T19:27:39Z</time>
      </trkpt>
      <trkpt lat="37.217748" lon="-86.694274">
        <time>2016-04-02T19:27:35Z</time>
      </trkpt>
      <trkpt lat="37.218320" lon="-86.693853">
        <time>2016-04-02T19:27:31Z</time>
      </trkpt>
      <trkpt lat="37.218445" lon="-86.693720">
        <time>2016-04-02T19:27:30Z</time>
      </trkpt>
      <trkpt lat="37.218924" lon="-86.692947">
        <time>2016-04-02T19:27:25Z</time>
      </trkpt>
      <trkpt lat="37.219104" lon="-86.692413">
        <time>2016-04-02T19:27:22Z</time>
      </trkpt>
      <trkpt lat="37.219259" lon="-86.691856">
        <time>2016-04-02T19:27:19Z</time>
      </trkpt>
      <trkpt lat="37.219412" lon="-86.691302">
        <time>2016-04-02T19:27:16Z</time>
      </trkpt>
      <trkpt lat="37.219532" lon="-86.690948">
        <time>2016-04-02T19:27:14Z</time>
      </trkpt>
      <trkpt lat="37.219680" lon="-86.690611">
        <time>2016-04-02T19:27:12Z</time>
      </trkpt>
      <trkpt lat="37.219765" lon="-86.690449">
        <time>2016-04-02T19:27:11Z</time>
      </trkpt>
      <trkpt lat="37.219963" lon="-86.690132">
        <time>2016-04-02T19:27:09Z</time>
      </trkpt>
      <trkpt lat="37.220553" lon="-86.689448">
        <time>2016-04-02T19:27:04Z</time>
      </trkpt>
      <trkpt lat="37.220815" lon="-86.689195">
        <time>2016-04-02T19:27:02Z</time>
      </trkpt>
      <trkpt lat="37.221210" lon="-86.688803">
        <time>2016-04-02T19:26:59Z</time>
      </trkpt>
      <trkpt lat="37.221468" lon="-86.688535">
        <time>2016-04-02T19:26:57Z</time>
      </trkpt>
      <trkpt lat="37.221831" lon="-86.688122">
        <time>2016-04-02T19:26:54Z</time>
      </trkpt>
      <trkpt lat="37.221943" lon="-86.687982">
        <time>2016-04-02T19:26:53Z</time>
      </trkpt>
      <trkpt lat="37.222160" lon="-86.687692">
        <time>2016-04-02T19:26:51Z</time>
      </trkpt>
      <trkpt lat="37.222484" lon="-86.687261">
        <time>2016-04-02T19:26:48Z</time>
      </trkpt>
      <trkpt lat="37.222827" lon="-86.686816">
        <time>2016-04-02T19:26:45Z</time>
      </trkpt>
      <trkpt lat="37.222942" lon="-86.686668">
        <time>2016-04-02T19:26:44Z</time>
      </trkpt>
      <trkpt lat="37.223270" lon="-86.686249">
        <time>2016-04-02T19:26:41Z</time>
      </trkpt>
      <trkpt lat="37.223374" lon="-86.686108">
        <time>2016-04-02T19:26:40Z</time>
      </trkpt>
      <trkpt lat="37.223583" lon="-86.685832">
        <time>2016-04-02T19:26:38Z</time>
      </trkpt>
      <trkpt lat="37.223685" lon="-86.685695">
        <time>2016-04-02T19:26:37Z</time>
      </trkpt>
      <trkpt lat="37.224170" lon="-86.685080">
        <time>2016-04-02T19:26:32Z</time>
      </trkpt>
      <trkpt lat="37.224260" lon="-86.684975">
        <time>2016-04-02T19:26:31Z</time>
      </trkpt>
      <trkpt lat="37.224428" lon="-86.684779">
        <time>2016-04-02T19:26:29Z</time>
      </trkpt>
      <trkpt lat="37.224722" lon="-86.684421">
        <time>2016-04-02T19:26:25Z</time>
      </trkpt>
      <trkpt lat="37.224792" lon="-86.684340">
        <time>2016-04-02T19:26:24Z</time>
      </trkpt>
      <trkpt lat="37.224924" lon="-86.684193">
        <time>2016-04-02T19:26:22Z</time>
      </trkpt>
      <trkpt lat="37.225125" lon="-86.683976">
        <time>2016-04-02T19:26:19Z</time>
      </trkpt>
      <trkpt lat="37.225301" lon="-86.683866">
        <time>2016-04-02T19:26:16Z</time>
      </trkpt>
      <trkpt lat="37.225387" lon="-86.683900">
        <time>2016-04-02T19:26:14Z</time>
      </trkpt>
      <trkpt lat="37.225412" lon="-86.683926">
        <time>2016-04-02T19:26:12Z</time>
      </trkpt>
      <trkpt lat="37.225411" lon="-86.683928">
        <time>2016-04-02T19:26:10Z</time>
      </trkpt>
      <trkpt lat="37.225441" lon="-86.683988">
        <time>2016-04-02T19:25:56Z</time>
      </trkpt>
      <trkpt lat="37.225446" lon="-86.683998">
        <time>2016-04-02T19:25:53Z</time>
      </trkpt>
      <trkpt lat="37.225583" lon="-86.684175">
        <time>2016-04-02T19:25:46Z</time>
      </trkpt>
      <trkpt lat="37.225952" lon="-86.684746">
        <time>2016-04-02T19:25:37Z</time>
      </trkpt>
      <trkpt lat="37.226156" lon="-86.685064">
        <time>2016-04-02T19:25:30Z</time>
      </trkpt>
      <trkpt lat="37.226481" lon="-86.685554">
        <time>2016-04-02T19:25:23Z</time>
      </trkpt>
      <trkpt lat="37.226630" lon="-86.685777">
        <time>2016-04-02T19:25:21Z</time>
      </trkpt>
      <trkpt lat="37.227754" lon="-86.687436">
        <time>2016-04-02T19:25:09Z</time>
      </trkpt>
      <trkpt lat="37.227847" lon="-86.687574">
        <time>2016-04-02T19:25:08Z</time>
      </trkpt>
      <trkpt lat="37.228124" lon="-86.687988">
        <time>2016-04-02T19:25:05Z</time>
      </trkpt>
      <trkpt lat="37.228577" lon="-86.688662">
        <time>2016-04-02T19:25:00Z</time>
      </trkpt>
      <trkpt lat="37.228769" lon="-86.688960">
        <time>2016-04-02T19:24:58Z</time>
      </trkpt>
      <trkpt lat="37.229334" lon="-86.689809">
        <time>2016-04-02T19:24:53Z</time>
      </trkpt>
      <trkpt lat="37.229729" lon="-86.690392">
        <time>2016-04-02T19:24:50Z</time>
      </trkpt>
      <trkpt lat="37.229986" lon="-86.690779">
        <time>2016-04-02T19:24:48Z</time>
      </trkpt>
      <trkpt lat="37.230372" lon="-86.691312">
        <time>2016-04-02T19:24:44Z</time>
      </trkpt>
      <trkpt lat="37.230471" lon="-86.691579">
        <time>2016-04-02T19:24:39Z</time>
      </trkpt>
      <trkpt lat="37.230295" lon="-86.691699">
        <time>2016-04-02T19:24:34Z</time>
      </trkpt>
      <trkpt lat="37.230009" lon="-86.691731">
        <time>2016-04-02T19:24:31Z</time>
      </trkpt>
      <trkpt lat="37.229897" lon="-86.691755">
        <time>2016-04-02T19:24:30Z</time>
      </trkpt>
      <trkpt lat="37.229580" lon="-86.691960">
        <time>2016-04-02T19:24:27Z</time>
      </trkpt>
      <trkpt lat="37.229365" lon="-86.692287">
        <time>2016-04-02T19:24:24Z</time>
      </trkpt>
      <trkpt lat="37.229129" lon="-86.692880">
        <time>2016-04-02T19:24:19Z</time>
      </trkpt>
      <trkpt lat="37.228899" lon="-86.693432">
        <time>2016-04-02T19:24:14Z</time>
      </trkpt>
      <trkpt lat="37.228717" lon="-86.693893">
        <time>2016-04-02T19:24:11Z</time>
      </trkpt>
      <trkpt lat="37.228585" lon="-86.694236">
        <time>2016-04-02T19:24:09Z</time>
      </trkpt>
      <trkpt lat="37.228377" lon="-86.694741">
        <time>2016-04-02T19:24:06Z</time>
      </trkpt>
      <trkpt lat="37.228225" lon="-86.695076">
        <time>2016-04-02T19:24:04Z</time>
      </trkpt>
      <trkpt lat="37.227951" lon="-86.695581">
        <time>2016-04-02T19:24:01Z</time>
      </trkpt>
      <trkpt lat="37.227849" lon="-86.695742">
        <time>2016-04-02T19:24:00Z</time>
      </trkpt>
      <trkpt lat="37.227643" lon="-86.696056">
        <time>2016-04-02T19:23:58Z</time>
      </trkpt>
      <trkpt lat="37.227419" lon="-86.696373">
        <time>2016-04-02T19:23:56Z</time>
      </trkpt>
      <trkpt lat="37.227079" lon="-86.696819">
        <time>2016-04-02T19:23:53Z</time>
      </trkpt>
      <trkpt lat="37.226493" lon="-86.697612">
        <time>2016-04-02T19:23:47Z</time>
      </trkpt>
      <trkpt lat="37.226300" lon="-86.697878">
        <time>2016-04-02T19:23:45Z</time>
      </trkpt>
      <trkpt lat="37.225692" lon="-86.698698">
        <time>2016-04-02T19:23:39Z</time>
      </trkpt>
      <trkpt lat="37.225097" lon="-86.699391">
        <time>2016-04-02T19:23:34Z</time>
      </trkpt>
      <trkpt lat="37.224270" lon="-86.700453">
        <time>2016-04-02T19:23:26Z</time>
      </trkpt>
      <trkpt lat="37.224061" lon="-86.700892">
        <time>2016-04-02T19:23:23Z</time>
      </trkpt>
      <trkpt lat="37.223905" lon="-86.701381">
        <time>2016-04-02T19:23:20Z</time>
      </trkpt>
      <trkpt lat="37.223810" lon="-86.701715">
        <time>2016-04-02T19:23:18Z</time>
      </trkpt>
      <trkpt lat="37.223636" lon="-86.702419">
        <time>2016-04-02T19:23:14Z</time>
      </trkpt>
      <trkpt lat="37.223546" lon="-86.702782">
        <time>2016-04-02T19:23:12Z</time>
      </trkpt>
      <trkpt lat="37.223492" lon="-86.702962">
        <time>2016-04-02T19:23:11Z</time>
      </trkpt>
      <trkpt lat="37.223431" lon="-86.703136">
        <time>2016-04-02T19:23:10Z</time>
      </trkpt>
      <trkpt lat="37.223076" lon="-86.703718">
        <time>2016-04-02T19:23:06Z</time>
      </trkpt>
      <trkpt lat="37.222955" lon="-86.703832">
        <time>2016-04-02T19:23:05Z</time>
      </trkpt>
      <trkpt lat="37.222412" lon="-86.704236">
        <time>2016-04-02T19:23:01Z</time>
      </trkpt>
      <trkpt lat="37.222270" lon="-86.704337">
        <time>2016-04-02T19:23:00Z</time>
      </trkpt>
      <trkpt lat="37.221979" lon="-86.704553">
        <time>2016-04-02T19:22:58Z</time>
      </trkpt>
      <trkpt lat="37.221837" lon="-86.704672">
        <time>2016-04-02T19:22:57Z</time>
      </trkpt>
      <trkpt lat="37.221698" lon="-86.704793">
        <time>2016-04-02T19:22:56Z</time>
      </trkpt>
      <trkpt lat="37.221297" lon="-86.705150">
        <time>2016-04-02T19:22:53Z</time>
      </trkpt>
      <trkpt lat="37.221163" lon="-86.705271">
        <time>2016-04-02T19:22:52Z</time>
      </trkpt>
      <trkpt lat="37.221027" lon="-86.705396">
        <time>2016-04-02T19:22:51Z</time>
      </trkpt>
      <trkpt lat="37.220750" lon="-86.705653">
        <time>2016-04-02T19:22:49Z</time>
      </trkpt>
      <trkpt lat="37.220611" lon="-86.705784">
        <time>2016-04-02T19:22:48Z</time>
      </trkpt>
      <trkpt lat="37.220208" lon="-86.706175">
        <time>2016-04-02T19:22:45Z</time>
      </trkpt>
      <trkpt lat="37.219123" lon="-86.707186">
        <time>2016-04-02T19:22:36Z</time>
      </trkpt>
      <trkpt lat="37.218802" lon="-86.707487">
        <time>2016-04-02T19:22:33Z</time>
      </trkpt>
      <trkpt lat="37.217861" lon="-86.708338">
        <time>2016-04-02T19:22:24Z</time>
      </trkpt>
      <trkpt lat="37.217213" lon="-86.708936">
        <time>2016-04-02T19:22:16Z</time>
      </trkpt>
      <trkpt lat="37.217067" lon="-86.708990">
        <time>2016-04-02T19:22:12Z</time>
      </trkpt>
      <trkpt lat="37.216853" lon="-86.708670">
        <time>2016-04-02T19:22:00Z</time>
      </trkpt>
      <trkpt lat="37.216878" lon="-86.708587">
        <time>2016-04-02T19:21:56Z</time>
      </trkpt>
      <trkpt lat="37.216894" lon="-86.708592">
        <time>2016-04-02T19:21:35Z</time>
      </trkpt>
      <trkpt lat="37.216889" lon="-86.708591">
        <time>2016-04-02T19:21:06Z</time>
      </trkpt>
      <trkpt lat="37.216895" lon="-86.708600">
        <time>2016-04-02T19:20:27Z</time>
      </trkpt>
      <trkpt lat="37.216888" lon="-86.708596">
        <time>2016-04-02T19:19:47Z</time>
      </trkpt>
      <trkpt lat="37.216890" lon="-86.708599">
        <time>2016-04-02T19:19:20Z</time>
      </trkpt>
      <trkpt lat="37.216887" lon="-86.708599">
        <time>2016-04-02T19:18:45Z</time>
      </trkpt>
      <trkpt lat="37.216890" lon="-86.708594">
        <time>2016-04-02T19:18:09Z</time>
      </trkpt>
      <trkpt lat="37.216898" lon="-86.708595">
        <time>2016-04-02T19:17:32Z</time>
      </trkpt>
      <trkpt lat="37.216894" lon="-86.708586">
        <time>2016-04-02T19:16:59Z</time>
      </trkpt>
      <trkpt lat="37.216901" lon="-86.708596">
        <time>2016-04-02T19:16:25Z</time>
      </trkpt>
      <trkpt lat="37.216894" lon="-86.708592">
        <time>2016-04-02T19:15:47Z</time>
      </trkpt>
      <trkpt lat="37.216896" lon="-86.708605">
        <time>2016-04-02T19:15:02Z</time>
      </trkpt>
      <trkpt lat="37.216893" lon="-86.708600">
        <time>2016-04-02T19:14:47Z</time>
      </trkpt>
      <trkpt lat="37.216895" lon="-86.708602">
        <time>2016-04-02T19:14:22Z</time>
      </trkpt>
      <trkpt lat="37.216891" lon="-86.708596">
        <time>2016-04-02T19:13:41Z</time>
      </trkpt>
      <trkpt lat="37.216890" lon="-86.708587">
        <time>2016-04-02T19:13:24Z</time>
      </trkpt>
      <trkpt lat="37.216890" lon="-86.708583">
        <time>2016-04-02T19:13:22Z</time>
      </trkpt>
      <trkpt lat="37.216887" lon="-86.708587">
        <time>2016-04-02T19:12:49Z</time>
      </trkpt>
      <trkpt lat="37.216889" lon="-86.708592">
        <time>2016-04-02T19:12:10Z</time>
      </trkpt>
      <trkpt lat="37.216884" lon="-86.708589">
        <time>2016-04-02T19:11:51Z</time>
      </trkpt>
      <trkpt lat="37.216893" lon="-86.708582">
        <time>2016-04-02T19:11:13Z</time>
      </trkpt>
      <trkpt lat="37.216887" lon="-86.708582">
        <time>2016-04-02T19:10:36Z</time>
      </trkpt>
      <trkpt lat="37.216886" lon="-86.708583">
        <time>2016-04-02T19:10:08Z</time>
      </trkpt>
      <trkpt lat="37.216957" lon="-86.708602">
        <time>2016-04-02T19:09:59Z</time>
      </trkpt>
      <trkpt lat="37.216958" lon="-86.708746">
        <time>2016-04-02T19:09:56Z</time>
      </trkpt>
      <trkpt lat="37.216924" lon="-86.709176">
        <time>2016-04-02T19:09:50Z</time>
      </trkpt>
      <trkpt lat="37.216744" lon="-86.709367">
        <time>2016-04-02T19:09:48Z</time>
      </trkpt>
      <trkpt lat="37.216627" lon="-86.709486">
        <time>2016-04-02T19:09:47Z</time>
      </trkpt>
      <trkpt lat="37.216357" lon="-86.709745">
        <time>2016-04-02T19:09:45Z</time>
      </trkpt>
      <trkpt lat="37.216212" lon="-86.709879">
        <time>2016-04-02T19:09:44Z</time>
      </trkpt>
      <trkpt lat="37.215905" lon="-86.710166">
        <time>2016-04-02T19:09:42Z</time>
      </trkpt>
      <trkpt lat="37.215579" lon="-86.710471">
        <time>2016-04-02T19:09:40Z</time>
      </trkpt>
      <trkpt lat="37.215413" lon="-86.710624">
        <time>2016-04-02T19:09:39Z</time>
      </trkpt>
      <trkpt lat="37.215083" lon="-86.710943">
        <time>2016-04-02T19:09:37Z</time>
      </trkpt>
      <trkpt lat="37.214756" lon="-86.711302">
        <time>2016-04-02T19:09:35Z</time>
      </trkpt>
      <trkpt lat="37.214596" lon="-86.711495">
        <time>2016-04-02T19:09:34Z</time>
      </trkpt>
      <trkpt lat="37.214282" lon="-86.711892">
        <time>2016-04-02T19:09:32Z</time>
      </trkpt>
      <trkpt lat="37.214128" lon="-86.712095">
        <time>2016-04-02T19:09:31Z</time>
      </trkpt>
      <trkpt lat="37.213830" lon="-86.712488">
        <time>2016-04-02T19:09:29Z</time>
      </trkpt>
      <trkpt lat="37.213689" lon="-86.712680">
        <time>2016-04-02T19:09:28Z</time>
      </trkpt>
      <trkpt lat="37.213412" lon="-86.713058">
        <time>2016-04-02T19:09:26Z</time>
      </trkpt>
      <trkpt lat="37.213012" lon="-86.713607">
        <time>2016-04-02T19:09:23Z</time>
      </trkpt>
      <trkpt lat="37.212593" lon="-86.714167">
        <time>2016-04-02T19:09:20Z</time>
      </trkpt>
      <trkpt lat="37.211503" lon="-86.715992">
        <time>2016-04-02T19:09:11Z</time>
      </trkpt>
      <trkpt lat="37.211381" lon="-86.716215">
        <time>2016-04-02T19:09:10Z</time>
      </trkpt>
      <trkpt lat="37.211258" lon="-86.716439">
        <time>2016-04-02T19:09:09Z</time>
      </trkpt>
      <trkpt lat="37.211137" lon="-86.716667">
        <time>2016-04-02T19:09:08Z</time>
      </trkpt>
      <trkpt lat="37.210914" lon="-86.717133">
        <time>2016-04-02T19:09:06Z</time>
      </trkpt>
      <trkpt lat="37.210816" lon="-86.717373">
        <time>2016-04-02T19:09:05Z</time>
      </trkpt>
      <trkpt lat="37.210735" lon="-86.717619">
        <time>2016-04-02T19:09:04Z</time>
      </trkpt>
      <trkpt lat="37.210617" lon="-86.718118">
        <time>2016-04-02T19:09:02Z</time>
      </trkpt>
      <trkpt lat="37.210497" lon="-86.718848">
        <time>2016-04-02T19:08:59Z</time>
      </trkpt>
      <trkpt lat="37.210280" lon="-86.720401">
        <time>2016-04-02T19:08:53Z</time>
      </trkpt>
      <trkpt lat="37.210173" lon="-86.721217">
        <time>2016-04-02T19:08:50Z</time>
      </trkpt>
      <trkpt lat="37.210113" lon="-86.721779">
        <time>2016-04-02T19:08:48Z</time>
      </trkpt>
      <trkpt lat="37.209880" lon="-86.722541">
        <time>2016-04-02T19:08:45Z</time>
      </trkpt>
      <trkpt lat="37.209447" lon="-86.723106">
        <time>2016-04-02T19:08:42Z</time>
      </trkpt>
      <trkpt lat="37.209275" lon="-86.723247">
        <time>2016-04-02T19:08:41Z</time>
      </trkpt>
      <trkpt lat="37.208698" lon="-86.723585">
        <time>2016-04-02T19:08:38Z</time>
      </trkpt>
      <trkpt lat="37.208528" lon="-86.723749">
        <time>2016-04-02T19:08:37Z</time>
      </trkpt>
      <trkpt lat="37.208033" lon="-86.724305">
        <time>2016-04-02T19:08:34Z</time>
      </trkpt>
      <trkpt lat="37.207884" lon="-86.724504">
        <time>2016-04-02T19:08:33Z</time>
      </trkpt>
      <trkpt lat="37.207498" lon="-86.725147">
        <time>2016-04-02T19:08:30Z</time>
      </trkpt>
      <trkpt lat="37.207393" lon="-86.725369">
        <time>2016-04-02T19:08:29Z</time>
      </trkpt>
      <trkpt lat="37.207317" lon="-86.725591">
        <time>2016-04-02T19:08:28Z</time>
      </trkpt>
      <trkpt lat="37.207640" lon="-86.726809">
        <time>2016-04-02T19:08:22Z</time>
      </trkpt>
      <trkpt lat="37.207859" lon="-86.727201">
        <time>2016-04-02T19:08:20Z</time>
      </trkpt>
      <trkpt lat="37.208040" lon="-86.727656">
        <time>2016-04-02T19:08:18Z</time>
      </trkpt>
      <trkpt lat="37.208144" lon="-86.728130">
        <time>2016-04-02T19:08:16Z</time>
      </trkpt>
      <trkpt lat="37.208155" lon="-86.728596">
        <time>2016-04-02T19:08:14Z</time>
      </trkpt>
      <trkpt lat="37.207945" lon="-86.729858">
        <time>2016-04-02T19:08:09Z</time>
      </trkpt>
      <trkpt lat="37.207713" lon="-86.730616">
        <time>2016-04-02T19:08:06Z</time>
      </trkpt>
      <trkpt lat="37.207608" lon="-86.730841">
        <time>2016-04-02T19:08:05Z</time>
      </trkpt>
      <trkpt lat="37.207194" lon="-86.731371">
        <time>2016-04-02T19:08:02Z</time>
      </trkpt>
      <trkpt lat="37.207034" lon="-86.731504">
        <time>2016-04-02T19:08:01Z</time>
      </trkpt>
      <trkpt lat="37.206868" lon="-86.731626">
        <time>2016-04-02T19:08:00Z</time>
      </trkpt>
      <trkpt lat="37.206327" lon="-86.732011">
        <time>2016-04-02T19:07:57Z</time>
      </trkpt>
      <trkpt lat="37.206140" lon="-86.732161">
        <time>2016-04-02T19:07:56Z</time>
      </trkpt>
      <trkpt lat="37.205968" lon="-86.732333">
        <time>2016-04-02T19:07:55Z</time>
      </trkpt>
      <trkpt lat="37.205514" lon="-86.733248">
        <time>2016-04-02T19:07:51Z</time>
      </trkpt>
      <trkpt lat="37.205560" lon="-86.734621">
        <time>2016-04-02T19:07:46Z</time>
      </trkpt>
      <trkpt lat="37.205583" lon="-86.735403">
        <time>2016-04-02T19:07:43Z</time>
      </trkpt>
      <trkpt lat="37.205410" lon="-86.735858">
        <time>2016-04-02T19:07:41Z</time>
      </trkpt>
      <trkpt lat="37.204942" lon="-86.736346">
        <time>2016-04-02T19:07:38Z</time>
      </trkpt>
      <trkpt lat="37.204746" lon="-86.736471">
        <time>2016-04-02T19:07:37Z</time>
      </trkpt>
      <trkpt lat="37.204312" lon="-86.736707">
        <time>2016-04-02T19:07:35Z</time>
      </trkpt>
      <trkpt lat="37.203867" lon="-86.736938">
        <time>2016-04-02T19:07:33Z</time>
      </trkpt>
      <trkpt lat="37.202976" lon="-86.737426">
        <time>2016-04-02T19:07:29Z</time>
      </trkpt>
      <trkpt lat="37.202288" lon="-86.737766">
        <time>2016-04-02T19:07:26Z</time>
      </trkpt>
      <trkpt lat="37.201823" lon="-86.737963">
        <time>2016-04-02T19:07:24Z</time>
      </trkpt>
      <trkpt lat="37.201358" lon="-86.738140">
        <time>2016-04-02T19:07:22Z</time>
      </trkpt>
      <trkpt lat="37.200883" lon="-86.738317">
        <time>2016-04-02T19:07:20Z</time>
      </trkpt>
      <trkpt lat="37.200408" lon="-86.738503">
        <time>2016-04-02T19:07:18Z</time>
      </trkpt>
      <trkpt lat="37.199489" lon="-86.738944">
        <time>2016-04-02T19:07:14Z</time>
      </trkpt>
      <trkpt lat="37.198885" lon="-86.739444">
        <time>2016-04-02T19:07:11Z</time>
      </trkpt>
      <trkpt lat="37.198558" lon="-86.739920">
        <time>2016-04-02T19:07:09Z</time>
      </trkpt>
      <trkpt lat="37.198185" lon="-86.740759">
        <time>2016-04-02T19:07:06Z</time>
      </trkpt>
      <trkpt lat="37.198073" lon="-86.741047">
        <time>2016-04-02T19:07:05Z</time>
      </trkpt>
      <trkpt lat="37.197456" lon="-86.742410">
        <time>2016-04-02T19:07:00Z</time>
      </trkpt>
      <trkpt lat="37.197155" lon="-86.742913">
        <time>2016-04-02T19:06:58Z</time>
      </trkpt>
      <trkpt lat="37.196995" lon="-86.743155">
        <time>2016-04-02T19:06:57Z</time>
      </trkpt>
      <trkpt lat="37.196832" lon="-86.743394">
        <time>2016-04-02T19:06:56Z</time>
      </trkpt>
      <trkpt lat="37.196666" lon="-86.743629">
        <time>2016-04-02T19:06:55Z</time>
      </trkpt>
      <trkpt lat="37.195827" lon="-86.744819">
        <time>2016-04-02T19:06:50Z</time>
      </trkpt>
      <trkpt lat="37.195312" lon="-86.745523">
        <time>2016-04-02T19:06:47Z</time>
      </trkpt>
      <trkpt lat="37.195146" lon="-86.745757">
        <time>2016-04-02T19:06:46Z</time>
      </trkpt>
      <trkpt lat="37.193325" lon="-86.748353">
        <time>2016-04-02T19:06:35Z</time>
      </trkpt>
      <trkpt lat="37.193153" lon="-86.748591">
        <time>2016-04-02T19:06:34Z</time>
      </trkpt>
      <trkpt lat="37.192804" lon="-86.749065">
        <time>2016-04-02T19:06:32Z</time>
      </trkpt>
      <trkpt lat="37.192634" lon="-86.749301">
        <time>2016-04-02T19:06:31Z</time>
      </trkpt>
      <trkpt lat="37.192301" lon="-86.749769">
        <time>2016-04-02T19:06:29Z</time>
      </trkpt>
      <trkpt lat="37.191811" lon="-86.750459">
        <time>2016-04-02T19:06:26Z</time>
      </trkpt>
      <trkpt lat="37.191647" lon="-86.750683">
        <time>2016-04-02T19:06:25Z</time>
      </trkpt>
      <trkpt lat="37.191484" lon="-86.750910">
        <time>2016-04-02T19:06:24Z</time>
      </trkpt>
      <trkpt lat="37.190637" lon="-86.752083">
        <time>2016-04-02T19:06:19Z</time>
      </trkpt>
      <trkpt lat="37.189101" lon="-86.754221">
        <time>2016-04-02T19:06:10Z</time>
      </trkpt>
      <trkpt lat="37.188602" lon="-86.755323">
        <time>2016-04-02T19:06:06Z</time>
      </trkpt>
      <trkpt lat="37.188258" lon="-86.757486">
        <time>2016-04-02T19:05:59Z</time>
      </trkpt>
      <trkpt lat="37.188078" lon="-86.758386">
        <time>2016-04-02T19:05:56Z</time>
      </trkpt>
      <trkpt lat="37.188004" lon="-86.758691">
        <time>2016-04-02T19:05:55Z</time>
      </trkpt>
      <trkpt lat="37.187546" lon="-86.760529">
        <time>2016-04-02T19:05:49Z</time>
      </trkpt>
      <trkpt lat="37.187402" lon="-86.761109">
        <time>2016-04-02T19:05:47Z</time>
      </trkpt>
      <trkpt lat="37.187259" lon="-86.761683">
        <time>2016-04-02T19:05:45Z</time>
      </trkpt>
      <trkpt lat="37.187035" lon="-86.762537">
        <time>2016-04-02T19:05:42Z</time>
      </trkpt>
      <trkpt lat="37.186735" lon="-86.763707">
        <time>2016-04-02T19:05:38Z</time>
      </trkpt>
      <trkpt lat="37.186356" lon="-86.765178">
        <time>2016-04-02T19:05:33Z</time>
      </trkpt>
      <trkpt lat="37.185843" lon="-86.766952">
        <time>2016-04-02T19:05:27Z</time>
      </trkpt>
      <trkpt lat="37.185658" lon="-86.767531">
        <time>2016-04-02T19:05:25Z</time>
      </trkpt>
      <trkpt lat="37.185469" lon="-86.768107">
        <time>2016-04-02T19:05:23Z</time>
      </trkpt>
      <trkpt lat="37.183786" lon="-86.773317">
        <time>2016-04-02T19:05:05Z</time>
      </trkpt>
      <trkpt lat="37.182844" lon="-86.776177">
        <time>2016-04-02T19:04:55Z</time>
      </trkpt>
      <trkpt lat="37.182659" lon="-86.776752">
        <time>2016-04-02T19:04:53Z</time>
      </trkpt>
      <trkpt lat="37.181724" lon="-86.779639">
        <time>2016-04-02T19:04:43Z</time>
      </trkpt>
      <trkpt lat="37.181304" lon="-86.782321">
        <time>2016-04-02T19:04:34Z</time>
      </trkpt>
      <trkpt lat="37.181223" lon="-86.784776">
        <time>2016-04-02T19:04:26Z</time>
      </trkpt>
      <trkpt lat="37.181193" lon="-86.785684">
        <time>2016-04-02T19:04:23Z</time>
      </trkpt>
      <trkpt lat="37.181175" lon="-86.786299">
        <time>2016-04-02T19:04:21Z</time>
      </trkpt>
      <trkpt lat="37.181165" lon="-86.786607">
        <time>2016-04-02T19:04:20Z</time>
      </trkpt>
      <trkpt lat="37.181120" lon="-86.787854">
        <time>2016-04-02T19:04:16Z</time>
      </trkpt>
      <trkpt lat="37.181106" lon="-86.788168">
        <time>2016-04-02T19:04:15Z</time>
      </trkpt>
      <trkpt lat="37.181070" lon="-86.789113">
        <time>2016-04-02T19:04:12Z</time>
      </trkpt>
      <trkpt lat="37.181059" lon="-86.789427">
        <time>2016-04-02T19:04:11Z</time>
      </trkpt>
      <trkpt lat="37.181014" lon="-86.790661">
        <time>2016-04-02T19:04:07Z</time>
      </trkpt>
      <trkpt lat="37.180998" lon="-86.790965">
        <time>2016-04-02T19:04:06Z</time>
      </trkpt>
      <trkpt lat="37.180832" lon="-86.792140">
        <time>2016-04-02T19:04:02Z</time>
      </trkpt>
      <trkpt lat="37.180665" lon="-86.792693">
        <time>2016-04-02T19:04:00Z</time>
      </trkpt>
      <trkpt lat="37.180483" lon="-86.793227">
        <time>2016-04-02T19:03:58Z</time>
      </trkpt>
      <trkpt lat="37.179802" lon="-86.795229">
        <time>2016-04-02T19:03:51Z</time>
      </trkpt>
      <trkpt lat="37.179703" lon="-86.795529">
        <time>2016-04-02T19:03:50Z</time>
      </trkpt>
      <trkpt lat="37.179122" lon="-86.797263">
        <time>2016-04-02T19:03:44Z</time>
      </trkpt>
      <trkpt lat="37.179029" lon="-86.797536">
        <time>2016-04-02T19:03:43Z</time>
      </trkpt>
      <trkpt lat="37.178848" lon="-86.798070">
        <time>2016-04-02T19:03:41Z</time>
      </trkpt>
      <trkpt lat="37.178467" lon="-86.799161">
        <time>2016-04-02T19:03:37Z</time>
      </trkpt>
      <trkpt lat="37.178087" lon="-86.800284">
        <time>2016-04-02T19:03:33Z</time>
      </trkpt>
      <trkpt lat="37.177810" lon="-86.801089">
        <time>2016-04-02T19:03:30Z</time>
      </trkpt>
      <trkpt lat="37.177621" lon="-86.801589">
        <time>2016-04-02T19:03:28Z</time>
      </trkpt>
      <trkpt lat="37.177303" lon="-86.802303">
        <time>2016-04-02T19:03:25Z</time>
      </trkpt>
      <trkpt lat="37.176931" lon="-86.803006">
        <time>2016-04-02T19:03:22Z</time>
      </trkpt>
      <trkpt lat="37.176663" lon="-86.803478">
        <time>2016-04-02T19:03:20Z</time>
      </trkpt>
      <trkpt lat="37.176397" lon="-86.803949">
        <time>2016-04-02T19:03:18Z</time>
      </trkpt>
      <trkpt lat="37.176140" lon="-86.804420">
        <time>2016-04-02T19:03:16Z</time>
      </trkpt>
      <trkpt lat="37.175754" lon="-86.805111">
        <time>2016-04-02T19:03:13Z</time>
      </trkpt>
      <trkpt lat="37.175352" lon="-86.805817">
        <time>2016-04-02T19:03:10Z</time>
      </trkpt>
      <trkpt lat="37.175213" lon="-86.806055">
        <time>2016-04-02T19:03:09Z</time>
      </trkpt>
      <trkpt lat="37.174348" lon="-86.807520">
        <time>2016-04-02T19:03:03Z</time>
      </trkpt>
      <trkpt lat="37.173788" lon="-86.808865">
        <time>2016-04-02T19:02:58Z</time>
      </trkpt>
      <trkpt lat="37.173518" lon="-86.809974">
        <time>2016-04-02T19:02:54Z</time>
      </trkpt>
      <trkpt lat="37.173470" lon="-86.810259">
        <time>2016-04-02T19:02:53Z</time>
      </trkpt>
      <trkpt lat="37.173350" lon="-86.811109">
        <time>2016-04-02T19:02:50Z</time>
      </trkpt>
      <trkpt lat="37.173242" lon="-86.811960">
        <time>2016-04-02T19:02:47Z</time>
      </trkpt>
      <trkpt lat="37.173164" lon="-86.812526">
        <time>2016-04-02T19:02:45Z</time>
      </trkpt>
      <trkpt lat="37.173046" lon="-86.813390">
        <time>2016-04-02T19:02:42Z</time>
      </trkpt>
      <trkpt lat="37.173004" lon="-86.813678">
        <time>2016-04-02T19:02:41Z</time>
      </trkpt>
      <trkpt lat="37.172962" lon="-86.813965">
        <time>2016-04-02T19:02:40Z</time>
      </trkpt>
      <trkpt lat="37.172920" lon="-86.814256">
        <time>2016-04-02T19:02:39Z</time>
      </trkpt>
      <trkpt lat="37.172878" lon="-86.814551">
        <time>2016-04-02T19:02:38Z</time>
      </trkpt>
      <trkpt lat="37.172790" lon="-86.815140">
        <time>2016-04-02T19:02:36Z</time>
      </trkpt>
      <trkpt lat="37.172546" lon="-86.816935">
        <time>2016-04-02T19:02:30Z</time>
      </trkpt>
      <trkpt lat="37.172397" lon="-86.818035">
        <time>2016-04-02T19:02:26Z</time>
      </trkpt>
      <trkpt lat="37.172235" lon="-86.819358">
        <time>2016-04-02T19:02:19Z</time>
      </trkpt>
      <trkpt lat="37.172187" lon="-86.819532">
        <time>2016-04-02T19:02:17Z</time>
      </trkpt>
      <trkpt lat="37.171982" lon="-86.819624">
        <time>2016-04-02T19:02:12Z</time>
      </trkpt>
      <trkpt lat="37.171831" lon="-86.819608">
        <time>2016-04-02T19:02:10Z</time>
      </trkpt>
      <trkpt lat="37.171740" lon="-86.819599">
        <time>2016-04-02T19:02:09Z</time>
      </trkpt>
      <trkpt lat="37.171637" lon="-86.819591">
        <time>2016-04-02T19:02:08Z</time>
      </trkpt>
      <trkpt lat="37.170675" lon="-86.819526">
        <time>2016-04-02T19:02:01Z</time>
      </trkpt>
      <trkpt lat="37.170020" lon="-86.819636">
        <time>2016-04-02T19:01:57Z</time>
      </trkpt>
      <trkpt lat="37.169671" lon="-86.819788">
        <time>2016-04-02T19:01:55Z</time>
      </trkpt>
      <trkpt lat="37.169492" lon="-86.819877">
        <time>2016-04-02T19:01:54Z</time>
      </trkpt>
      <trkpt lat="37.169130" lon="-86.820058">
        <time>2016-04-02T19:01:52Z</time>
      </trkpt>
      <trkpt lat="37.168130" lon="-86.820528">
        <time>2016-04-02T19:01:47Z</time>
      </trkpt>
      <trkpt lat="37.167927" lon="-86.820625">
        <time>2016-04-02T19:01:46Z</time>
      </trkpt>
      <trkpt lat="37.167724" lon="-86.820722">
        <time>2016-04-02T19:01:45Z</time>
      </trkpt>
      <trkpt lat="37.167319" lon="-86.820916">
        <time>2016-04-02T19:01:43Z</time>
      </trkpt>
      <trkpt lat="37.166907" lon="-86.821112">
        <time>2016-04-02T19:01:41Z</time>
      </trkpt>
      <trkpt lat="37.166698" lon="-86.821213">
        <time>2016-04-02T19:01:40Z</time>
      </trkpt>
      <trkpt lat="37.166490" lon="-86.821324">
        <time>2016-04-02T19:01:39Z</time>
      </trkpt>
      <trkpt lat="37.166073" lon="-86.821570">
        <time>2016-04-02T19:01:37Z</time>
      </trkpt>
      <trkpt lat="37.165660" lon="-86.821840">
        <time>2016-04-02T19:01:35Z</time>
      </trkpt>
      <trkpt lat="37.165458" lon="-86.821984">
        <time>2016-04-02T19:01:34Z</time>
      </trkpt>
      <trkpt lat="37.165260" lon="-86.822132">
        <time>2016-04-02T19:01:33Z</time>
      </trkpt>
      <trkpt lat="37.165064" lon="-86.822285">
        <time>2016-04-02T19:01:32Z</time>
      </trkpt>
      <trkpt lat="37.164871" lon="-86.822440">
        <time>2016-04-02T19:01:31Z</time>
      </trkpt>
      <trkpt lat="37.164679" lon="-86.822601">
        <time>2016-04-02T19:01:30Z</time>
      </trkpt>
      <trkpt lat="37.164131" lon="-86.823116">
        <time>2016-04-02T19:01:27Z</time>
      </trkpt>
      <trkpt lat="37.163789" lon="-86.823470">
        <time>2016-04-02T19:01:25Z</time>
      </trkpt>
      <trkpt lat="37.163626" lon="-86.823649">
        <time>2016-04-02T19:01:24Z</time>
      </trkpt>
      <trkpt lat="37.162312" lon="-86.825065">
        <time>2016-04-02T19:01:16Z</time>
      </trkpt>
      <trkpt lat="37.161941" lon="-86.825381">
        <time>2016-04-02T19:01:14Z</time>
      </trkpt>
      <trkpt lat="37.161525" lon="-86.825641">
        <time>2016-04-02T19:01:12Z</time>
      </trkpt>
      <trkpt lat="37.160661" lon="-86.825835">
        <time>2016-04-02T19:01:08Z</time>
      </trkpt>
      <trkpt lat="37.160450" lon="-86.825820">
        <time>2016-04-02T19:01:07Z</time>
      </trkpt>
      <trkpt lat="37.160025" lon="-86.825759">
        <time>2016-04-02T19:01:05Z</time>
      </trkpt>
      <trkpt lat="37.159604" lon="-86.825696">
        <time>2016-04-02T19:01:03Z</time>
      </trkpt>
      <trkpt lat="37.158332" lon="-86.825484">
        <time>2016-04-02T19:00:57Z</time>
      </trkpt>
      <trkpt lat="37.157905" lon="-86.825416">
        <time>2016-04-02T19:00:55Z</time>
      </trkpt>
      <trkpt lat="37.157495" lon="-86.825351">
        <time>2016-04-02T19:00:53Z</time>
      </trkpt>
      <trkpt lat="37.155911" lon="-86.825103">
        <time>2016-04-02T19:00:45Z</time>
      </trkpt>
      <trkpt lat="37.155083" lon="-86.824977">
        <time>2016-04-02T19:00:41Z</time>
      </trkpt>
      <trkpt lat="37.154069" lon="-86.824798">
        <time>2016-04-02T19:00:36Z</time>
      </trkpt>
      <trkpt lat="37.153881" lon="-86.824749">
        <time>2016-04-02T19:00:35Z</time>
      </trkpt>
      <trkpt lat="37.153381" lon="-86.824489">
        <time>2016-04-02T19:00:32Z</time>
      </trkpt>
      <trkpt lat="37.153236" lon="-86.824378">
        <time>2016-04-02T19:00:31Z</time>
      </trkpt>
      <trkpt lat="37.152696" lon="-86.823906">
        <time>2016-04-02T19:00:27Z</time>
      </trkpt>
      <trkpt lat="37.152551" lon="-86.823781">
        <time>2016-04-02T19:00:26Z</time>
      </trkpt>
      <trkpt lat="37.152243" lon="-86.823549">
        <time>2016-04-02T19:00:24Z</time>
      </trkpt>
      <trkpt lat="37.152082" lon="-86.823452">
        <time>2016-04-02T19:00:23Z</time>
      </trkpt>
      <trkpt lat="37.151919" lon="-86.823370">
        <time>2016-04-02T19:00:22Z</time>
      </trkpt>
      <trkpt lat="37.151754" lon="-86.823304">
        <time>2016-04-02T19:00:21Z</time>
      </trkpt>
      <trkpt lat="37.151407" lon="-86.823196">
        <time>2016-04-02T19:00:19Z</time>
      </trkpt>
      <trkpt lat="37.151220" lon="-86.823145">
        <time>2016-04-02T19:00:18Z</time>
      </trkpt>
      <trkpt lat="37.151023" lon="-86.823090">
        <time>2016-04-02T19:00:17Z</time>
      </trkpt>
      <trkpt lat="37.150587" lon="-86.822973">
        <time>2016-04-02T19:00:15Z</time>
      </trkpt>
      <trkpt lat="37.150112" lon="-86.822950">
        <time>2016-04-02T19:00:13Z</time>
      </trkpt>
      <trkpt lat="37.149887" lon="-86.823016">
        <time>2016-04-02T19:00:12Z</time>
      </trkpt>
      <trkpt lat="37.149300" lon="-86.823502">
        <time>2016-04-02T19:00:09Z</time>
      </trkpt>
      <trkpt lat="37.149142" lon="-86.823727">
        <time>2016-04-02T19:00:08Z</time>
      </trkpt>
      <trkpt lat="37.149000" lon="-86.823964">
        <time>2016-04-02T19:00:07Z</time>
      </trkpt>
      <trkpt lat="37.148743" lon="-86.824458">
        <time>2016-04-02T19:00:05Z</time>
      </trkpt>
      <trkpt lat="37.148607" lon="-86.824698">
        <time>2016-04-02T19:00:04Z</time>
      </trkpt>
      <trkpt lat="37.148455" lon="-86.824914">
        <time>2016-04-02T19:00:03Z</time>
      </trkpt>
      <trkpt lat="37.148290" lon="-86.825103">
        <time>2016-04-02T19:00:02Z</time>
      </trkpt>
      <trkpt lat="37.148112" lon="-86.825264">
        <time>2016-04-02T19:00:01Z</time>
      </trkpt>
      <trkpt lat="37.147739" lon="-86.825494">
        <time>2016-04-02T18:59:59Z</time>
      </trkpt>
      <trkpt lat="37.147365" lon="-86.825650">
        <time>2016-04-02T18:59:57Z</time>
      </trkpt>
      <trkpt lat="37.146859" lon="-86.825824">
        <time>2016-04-02T18:59:54Z</time>
      </trkpt>
      <trkpt lat="37.145863" lon="-86.826178">
        <time>2016-04-02T18:59:47Z</time>
      </trkpt>
      <trkpt lat="37.145405" lon="-86.826336">
        <time>2016-04-02T18:59:44Z</time>
      </trkpt>
      <trkpt lat="37.145057" lon="-86.826452">
        <time>2016-04-02T18:59:42Z</time>
      </trkpt>
      <trkpt lat="37.143842" lon="-86.826882">
        <time>2016-04-02T18:59:36Z</time>
      </trkpt>
      <trkpt lat="37.143427" lon="-86.827032">
        <time>2016-04-02T18:59:34Z</time>
      </trkpt>
      <trkpt lat="37.143228" lon="-86.827124">
        <time>2016-04-02T18:59:33Z</time>
      </trkpt>
      <trkpt lat="37.142412" lon="-86.827898">
        <time>2016-04-02T18:59:28Z</time>
      </trkpt>
      <trkpt lat="37.142288" lon="-86.828109">
        <time>2016-04-02T18:59:27Z</time>
      </trkpt>
      <trkpt lat="37.142166" lon="-86.828330">
        <time>2016-04-02T18:59:26Z</time>
      </trkpt>
      <trkpt lat="37.141173" lon="-86.830151">
        <time>2016-04-02T18:59:18Z</time>
      </trkpt>
      <trkpt lat="37.140774" lon="-86.830839">
        <time>2016-04-02T18:59:15Z</time>
      </trkpt>
      <trkpt lat="37.140002" lon="-86.831647">
        <time>2016-04-02T18:59:10Z</time>
      </trkpt>
      <trkpt lat="37.139447" lon="-86.831849">
        <time>2016-04-02T18:59:07Z</time>
      </trkpt>
      <trkpt lat="37.139250" lon="-86.831869">
        <time>2016-04-02T18:59:06Z</time>
      </trkpt>
      <trkpt lat="37.138843" lon="-86.831874">
        <time>2016-04-02T18:59:04Z</time>
      </trkpt>
      <trkpt lat="37.138636" lon="-86.831868">
        <time>2016-04-02T18:59:03Z</time>
      </trkpt>
      <trkpt lat="37.138219" lon="-86.831854">
        <time>2016-04-02T18:59:01Z</time>
      </trkpt>
      <trkpt lat="37.137640" lon="-86.831772">
        <time>2016-04-02T18:58:58Z</time>
      </trkpt>
      <trkpt lat="37.137319" lon="-86.831647">
        <time>2016-04-02T18:58:56Z</time>
      </trkpt>
      <trkpt lat="37.137185" lon="-86.831551">
        <time>2016-04-02T18:58:55Z</time>
      </trkpt>
      <trkpt lat="37.136959" lon="-86.831305">
        <time>2016-04-02T18:58:53Z</time>
      </trkpt>
      <trkpt lat="37.136861" lon="-86.831159">
        <time>2016-04-02T18:58:52Z</time>
      </trkpt>
      <trkpt lat="37.136599" lon="-86.830670">
        <time>2016-04-02T18:58:49Z</time>
      </trkpt>
      <trkpt lat="37.136409" lon="-86.830298">
        <time>2016-04-02T18:58:47Z</time>
      </trkpt>
      <trkpt lat="37.136298" lon="-86.830109">
        <time>2016-04-02T18:58:46Z</time>
      </trkpt>
      <trkpt lat="37.136053" lon="-86.829751">
        <time>2016-04-02T18:58:44Z</time>
      </trkpt>
      <trkpt lat="37.135917" lon="-86.829589">
        <time>2016-04-02T18:58:43Z</time>
      </trkpt>
      <trkpt lat="37.135170" lon="-86.828857">
        <time>2016-04-02T18:58:38Z</time>
      </trkpt>
      <trkpt lat="37.135024" lon="-86.828718">
        <time>2016-04-02T18:58:37Z</time>
      </trkpt>
      <trkpt lat="37.134880" lon="-86.828582">
        <time>2016-04-02T18:58:36Z</time>
      </trkpt>
      <trkpt lat="37.134738" lon="-86.828451">
        <time>2016-04-02T18:58:35Z</time>
      </trkpt>
      <trkpt lat="37.134596" lon="-86.828320">
        <time>2016-04-02T18:58:34Z</time>
      </trkpt>
      <trkpt lat="37.134454" lon="-86.828188">
        <time>2016-04-02T18:58:33Z</time>
      </trkpt>
      <trkpt lat="37.134174" lon="-86.827929">
        <time>2016-04-02T18:58:31Z</time>
      </trkpt>
      <trkpt lat="37.133598" lon="-86.827381">
        <time>2016-04-02T18:58:27Z</time>
      </trkpt>
      <trkpt lat="37.133179" lon="-86.826911">
        <time>2016-04-02T18:58:24Z</time>
      </trkpt>
      <trkpt lat="37.133051" lon="-86.826735">
        <time>2016-04-02T18:58:23Z</time>
      </trkpt>
      <trkpt lat="37.132478" lon="-86.825821">
        <time>2016-04-02T18:58:18Z</time>
      </trkpt>
      <trkpt lat="37.132272" lon="-86.825421">
        <time>2016-04-02T18:58:16Z</time>
      </trkpt>
      <trkpt lat="37.132083" lon="-86.825006">
        <time>2016-04-02T18:58:14Z</time>
      </trkpt>
      <trkpt lat="37.131809" lon="-86.824387">
        <time>2016-04-02T18:58:11Z</time>
      </trkpt>
      <trkpt lat="37.131326" lon="-86.823240">
        <time>2016-04-02T18:58:04Z</time>
      </trkpt>
      <trkpt lat="37.131175" lon="-86.823011">
        <time>2016-04-02T18:58:00Z</time>
      </trkpt>
      <trkpt lat="37.131140" lon="-86.823034">
        <time>2016-04-02T18:57:54Z</time>
      </trkpt>
      <trkpt lat="37.131051" lon="-86.823093">
        <time>2016-04-02T18:57:47Z</time>
      </trkpt>
      <trkpt lat="37.130607" lon="-86.823444">
        <time>2016-04-02T18:57:41Z</time>
      </trkpt>
      <trkpt lat="37.130493" lon="-86.823539">
        <time>2016-04-02T18:57:40Z</time>
      </trkpt>
      <trkpt lat="37.130370" lon="-86.823643">
        <time>2016-04-02T18:57:39Z</time>
      </trkpt>
      <trkpt lat="37.130245" lon="-86.823753">
        <time>2016-04-02T18:57:38Z</time>
      </trkpt>
      <trkpt lat="37.129533" lon="-86.824442">
        <time>2016-04-02T18:57:32Z</time>
      </trkpt>
      <trkpt lat="37.129320" lon="-86.824655">
        <time>2016-04-02T18:57:30Z</time>
      </trkpt>
      <trkpt lat="37.129091" lon="-86.824894">
        <time>2016-04-02T18:57:28Z</time>
      </trkpt>
      <trkpt lat="37.128859" lon="-86.825104">
        <time>2016-04-02T18:57:26Z</time>
      </trkpt>
      <trkpt lat="37.128192" lon="-86.825130">
        <time>2016-04-02T18:57:21Z</time>
      </trkpt>
      <trkpt lat="37.127152" lon="-86.825096">
        <time>2016-04-02T18:57:15Z</time>
      </trkpt>
      <trkpt lat="37.126605" lon="-86.825180">
        <time>2016-04-02T18:57:12Z</time>
      </trkpt>
      <trkpt lat="37.126241" lon="-86.825214">
        <time>2016-04-02T18:57:10Z</time>
      </trkpt>
      <trkpt lat="37.126068" lon="-86.825215">
        <time>2016-04-02T18:57:09Z</time>
      </trkpt>
      <trkpt lat="37.125731" lon="-86.825207">
        <time>2016-04-02T18:57:07Z</time>
      </trkpt>
      <trkpt lat="37.125561" lon="-86.825207">
        <time>2016-04-02T18:57:06Z</time>
      </trkpt>
      <trkpt lat="37.125387" lon="-86.825210">
        <time>2016-04-02T18:57:05Z</time>
      </trkpt>
      <trkpt lat="37.125213" lon="-86.825214">
        <time>2016-04-02T18:57:04Z</time>
      </trkpt>
      <trkpt lat="37.125043" lon="-86.825221">
        <time>2016-04-02T18:57:03Z</time>
      </trkpt>
      <trkpt lat="37.124874" lon="-86.825240">
        <time>2016-04-02T18:57:02Z</time>
      </trkpt>
      <trkpt lat="37.124523" lon="-86.825302">
        <time>2016-04-02T18:57:00Z</time>
      </trkpt>
      <trkpt lat="37.124343" lon="-86.825334">
        <time>2016-04-02T18:56:59Z</time>
      </trkpt>
      <trkpt lat="37.124164" lon="-86.825364">
        <time>2016-04-02T18:56:58Z</time>
      </trkpt>
      <trkpt lat="37.123518" lon="-86.825542">
        <time>2016-04-02T18:56:54Z</time>
      </trkpt>
      <trkpt lat="37.123377" lon="-86.825630">
        <time>2016-04-02T18:56:53Z</time>
      </trkpt>
      <trkpt lat="37.123232" lon="-86.825734">
        <time>2016-04-02T18:56:52Z</time>
      </trkpt>
      <trkpt lat="37.122694" lon="-86.826177">
        <time>2016-04-02T18:56:48Z</time>
      </trkpt>
      <trkpt lat="37.122570" lon="-86.826269">
        <time>2016-04-02T18:56:47Z</time>
      </trkpt>
      <trkpt lat="37.122189" lon="-86.826413">
        <time>2016-04-02T18:56:44Z</time>
      </trkpt>
      <trkpt lat="37.121439" lon="-86.826438">
        <time>2016-04-02T18:56:39Z</time>
      </trkpt>
      <trkpt lat="37.121098" lon="-86.826407">
        <time>2016-04-02T18:56:37Z</time>
      </trkpt>
      <trkpt lat="37.120230" lon="-86.826206">
        <time>2016-04-02T18:56:31Z</time>
      </trkpt>
      <trkpt lat="37.119289" lon="-86.825395">
        <time>2016-04-02T18:56:23Z</time>
      </trkpt>
      <trkpt lat="37.119167" lon="-86.825283">
        <time>2016-04-02T18:56:22Z</time>
      </trkpt>
      <trkpt lat="37.118918" lon="-86.825059">
        <time>2016-04-02T18:56:20Z</time>
      </trkpt>
      <trkpt lat="37.118710" lon="-86.824792">
        <time>2016-04-02T18:56:18Z</time>
      </trkpt>
      <trkpt lat="37.118613" lon="-86.824476">
        <time>2016-04-02T18:56:16Z</time>
      </trkpt>
      <trkpt lat="37.118549" lon="-86.824151">
        <time>2016-04-02T18:56:14Z</time>
      </trkpt>
      <trkpt lat="37.118504" lon="-86.823969">
        <time>2016-04-02T18:56:13Z</time>
      </trkpt>
      <trkpt lat="37.118452" lon="-86.823772">
        <time>2016-04-02T18:56:12Z</time>
      </trkpt>
      <trkpt lat="37.118281" lon="-86.823138">
        <time>2016-04-02T18:56:09Z</time>
      </trkpt>
      <trkpt lat="37.118083" lon="-86.822537">
        <time>2016-04-02T18:56:06Z</time>
      </trkpt>
      <trkpt lat="37.117908" lon="-86.822148">
        <time>2016-04-02T18:56:04Z</time>
      </trkpt>
      <trkpt lat="37.117816" lon="-86.821950">
        <time>2016-04-02T18:56:03Z</time>
      </trkpt>
      <trkpt lat="37.117505" lon="-86.821399">
        <time>2016-04-02T18:56:00Z</time>
      </trkpt>
      <trkpt lat="37.117153" lon="-86.820860">
        <time>2016-04-02T18:55:57Z</time>
      </trkpt>
      <trkpt lat="37.116917" lon="-86.820477">
        <time>2016-04-02T18:55:55Z</time>
      </trkpt>
      <trkpt lat="37.116702" lon="-86.820104">
        <time>2016-04-02T18:55:53Z</time>
      </trkpt>
      <trkpt lat="37.116195" lon="-86.819215">
        <time>2016-04-02T18:55:48Z</time>
      </trkpt>
      <trkpt lat="37.115992" lon="-86.818896">
        <time>2016-04-02T18:55:46Z</time>
      </trkpt>
      <trkpt lat="37.115679" lon="-86.818473">
        <time>2016-04-02T18:55:43Z</time>
      </trkpt>
      <trkpt lat="37.115187" lon="-86.817784">
        <time>2016-04-02T18:55:38Z</time>
      </trkpt>
      <trkpt lat="37.114964" lon="-86.817551">
        <time>2016-04-02T18:55:36Z</time>
      </trkpt>
      <trkpt lat="37.114844" lon="-86.817455">
        <time>2016-04-02T18:55:35Z</time>
      </trkpt>
      <trkpt lat="37.114477" lon="-86.817228">
        <time>2016-04-02T18:55:32Z</time>
      </trkpt>
      <trkpt lat="37.114359" lon="-86.817176">
        <time>2016-04-02T18:55:31Z</time>
      </trkpt>
      <trkpt lat="37.114131" lon="-86.817152">
        <time>2016-04-02T18:55:29Z</time>
      </trkpt>
      <trkpt lat="37.113814" lon="-86.817320">
        <time>2016-04-02T18:55:26Z</time>
      </trkpt>
      <trkpt lat="37.113460" lon="-86.817631">
        <time>2016-04-02T18:55:23Z</time>
      </trkpt>
      <trkpt lat="37.113201" lon="-86.817896">
        <time>2016-04-02T18:55:21Z</time>
      </trkpt>
      <trkpt lat="37.112951" lon="-86.818130">
        <time>2016-04-02T18:55:19Z</time>
      </trkpt>
      <trkpt lat="37.112089" lon="-86.819057">
        <time>2016-04-02T18:55:11Z</time>
      </trkpt>
      <trkpt lat="37.111551" lon="-86.819426">
        <time>2016-04-02T18:55:07Z</time>
      </trkpt>
      <trkpt lat="37.110642" lon="-86.819806">
        <time>2016-04-02T18:55:02Z</time>
      </trkpt>
      <trkpt lat="37.110123" lon="-86.820203">
        <time>2016-04-02T18:54:59Z</time>
      </trkpt>
      <trkpt lat="37.109796" lon="-86.820504">
        <time>2016-04-02T18:54:57Z</time>
      </trkpt>
      <trkpt lat="37.109630" lon="-86.820645">
        <time>2016-04-02T18:54:56Z</time>
      </trkpt>
      <trkpt lat="37.109461" lon="-86.820773">
        <time>2016-04-02T18:54:55Z</time>
      </trkpt>
      <trkpt lat="37.109290" lon="-86.820890">
        <time>2016-04-02T18:54:54Z</time>
      </trkpt>
      <trkpt lat="37.109119" lon="-86.821005">
        <time>2016-04-02T18:54:53Z</time>
      </trkpt>
      <trkpt lat="37.108946" lon="-86.821118">
        <time>2016-04-02T18:54:52Z</time>
      </trkpt>
      <trkpt lat="37.108773" lon="-86.821230">
        <time>2016-04-02T18:54:51Z</time>
      </trkpt>
      <trkpt lat="37.108425" lon="-86.821455">
        <time>2016-04-02T18:54:49Z</time>
      </trkpt>
      <trkpt lat="37.107899" lon="-86.821780">
        <time>2016-04-02T18:54:46Z</time>
      </trkpt>
      <trkpt lat="37.107540" lon="-86.821898">
        <time>2016-04-02T18:54:44Z</time>
      </trkpt>
      <trkpt lat="37.107363" lon="-86.821923">
        <time>2016-04-02T18:54:43Z</time>
      </trkpt>
      <trkpt lat="37.107195" lon="-86.821934">
        <time>2016-04-02T18:54:42Z</time>
      </trkpt>
      <trkpt lat="37.107036" lon="-86.821939">
        <time>2016-04-02T18:54:41Z</time>
      </trkpt>
      <trkpt lat="37.106886" lon="-86.821939">
        <time>2016-04-02T18:54:40Z</time>
      </trkpt>
      <trkpt lat="37.106597" lon="-86.821933">
        <time>2016-04-02T18:54:38Z</time>
      </trkpt>
      <trkpt lat="37.105580" lon="-86.821987">
        <time>2016-04-02T18:54:31Z</time>
      </trkpt>
      <trkpt lat="37.105435" lon="-86.822002">
        <time>2016-04-02T18:54:30Z</time>
      </trkpt>
      <trkpt lat="37.105146" lon="-86.822020">
        <time>2016-04-02T18:54:28Z</time>
      </trkpt>
      <trkpt lat="37.104862" lon="-86.822050">
        <time>2016-04-02T18:54:26Z</time>
      </trkpt>
      <trkpt lat="37.104715" lon="-86.822078">
        <time>2016-04-02T18:54:25Z</time>
      </trkpt>
      <trkpt lat="37.104430" lon="-86.822190">
        <time>2016-04-02T18:54:23Z</time>
      </trkpt>
      <trkpt lat="37.104133" lon="-86.822526">
        <time>2016-04-02T18:54:20Z</time>
      </trkpt>
      <trkpt lat="37.104054" lon="-86.822661">
        <time>2016-04-02T18:54:19Z</time>
      </trkpt>
      <trkpt lat="37.103888" lon="-86.822956">
        <time>2016-04-02T18:54:17Z</time>
      </trkpt>
      <trkpt lat="37.103804" lon="-86.823108">
        <time>2016-04-02T18:54:16Z</time>
      </trkpt>
      <trkpt lat="37.103655" lon="-86.823420">
        <time>2016-04-02T18:54:14Z</time>
      </trkpt>
      <trkpt lat="37.103537" lon="-86.823738">
        <time>2016-04-02T18:54:12Z</time>
      </trkpt>
      <trkpt lat="37.103388" lon="-86.824239">
        <time>2016-04-02T18:54:09Z</time>
      </trkpt>
      <trkpt lat="37.103032" lon="-86.824853">
        <time>2016-04-02T18:54:05Z</time>
      </trkpt>
      <trkpt lat="37.102466" lon="-86.825126">
        <time>2016-04-02T18:54:01Z</time>
      </trkpt>
      <trkpt lat="37.101935" lon="-86.825207">
        <time>2016-04-02T18:53:57Z</time>
      </trkpt>
      <trkpt lat="37.101796" lon="-86.825263">
        <time>2016-04-02T18:53:56Z</time>
      </trkpt>
      <trkpt lat="37.101496" lon="-86.825414">
        <time>2016-04-02T18:53:54Z</time>
      </trkpt>
      <trkpt lat="37.100959" lon="-86.825651">
        <time>2016-04-02T18:53:51Z</time>
      </trkpt>
      <trkpt lat="37.100587" lon="-86.825783">
        <time>2016-04-02T18:53:49Z</time>
      </trkpt>
      <trkpt lat="37.099812" lon="-86.826050">
        <time>2016-04-02T18:53:45Z</time>
      </trkpt>
      <trkpt lat="37.099420" lon="-86.826109">
        <time>2016-04-02T18:53:43Z</time>
      </trkpt>
      <trkpt lat="37.098861" lon="-86.826133">
        <time>2016-04-02T18:53:40Z</time>
      </trkpt>
      <trkpt lat="37.098476" lon="-86.826239">
        <time>2016-04-02T18:53:38Z</time>
      </trkpt>
      <trkpt lat="37.098104" lon="-86.826365">
        <time>2016-04-02T18:53:36Z</time>
      </trkpt>
      <trkpt lat="37.097518" lon="-86.826556">
        <time>2016-04-02T18:53:32Z</time>
      </trkpt>
      <trkpt lat="37.097232" lon="-86.827015">
        <time>2016-04-02T18:53:26Z</time>
      </trkpt>
      <trkpt lat="37.097246" lon="-86.827143">
        <time>2016-04-02T18:53:25Z</time>
      </trkpt>
      <trkpt lat="37.097280" lon="-86.827411">
        <time>2016-04-02T18:53:23Z</time>
      </trkpt>
      <trkpt lat="37.097346" lon="-86.827847">
        <time>2016-04-02T18:53:20Z</time>
      </trkpt>
      <trkpt lat="37.097446" lon="-86.828350">
        <time>2016-04-02T18:53:17Z</time>
      </trkpt>
      <trkpt lat="37.097619" lon="-86.828844">
        <time>2016-04-02T18:53:14Z</time>
      </trkpt>
      <trkpt lat="37.097778" lon="-86.829117">
        <time>2016-04-02T18:53:12Z</time>
      </trkpt>
      <trkpt lat="37.098122" lon="-86.829652">
        <time>2016-04-02T18:53:08Z</time>
      </trkpt>
      <trkpt lat="37.098265" lon="-86.829923">
        <time>2016-04-02T18:53:06Z</time>
      </trkpt>
      <trkpt lat="37.098367" lon="-86.830350">
        <time>2016-04-02T18:53:03Z</time>
      </trkpt>
      <trkpt lat="37.098371" lon="-86.830513">
        <time>2016-04-02T18:53:02Z</time>
      </trkpt>
      <trkpt lat="37.098336" lon="-86.831072">
        <time>2016-04-02T18:52:59Z</time>
      </trkpt>
      <trkpt lat="37.098122" lon="-86.831844">
        <time>2016-04-02T18:52:55Z</time>
      </trkpt>
      <trkpt lat="37.098031" lon="-86.832006">
        <time>2016-04-02T18:52:54Z</time>
      </trkpt>
      <trkpt lat="37.097699" lon="-86.832506">
        <time>2016-04-02T18:52:51Z</time>
      </trkpt>
      <trkpt lat="37.097454" lon="-86.832824">
        <time>2016-04-02T18:52:49Z</time>
      </trkpt>
      <trkpt lat="37.097196" lon="-86.833118">
        <time>2016-04-02T18:52:47Z</time>
      </trkpt>
      <trkpt lat="37.097058" lon="-86.833270">
        <time>2016-04-02T18:52:46Z</time>
      </trkpt>
      <trkpt lat="37.096912" lon="-86.833423">
        <time>2016-04-02T18:52:45Z</time>
      </trkpt>
      <trkpt lat="37.096758" lon="-86.833572">
        <time>2016-04-02T18:52:44Z</time>
      </trkpt>
      <trkpt lat="37.096266" lon="-86.833921">
        <time>2016-04-02T18:52:41Z</time>
      </trkpt>
      <trkpt lat="37.096092" lon="-86.833997">
        <time>2016-04-02T18:52:40Z</time>
      </trkpt>
      <trkpt lat="37.095732" lon="-86.834118">
        <time>2016-04-02T18:52:38Z</time>
      </trkpt>
      <trkpt lat="37.095141" lon="-86.834308">
        <time>2016-04-02T18:52:35Z</time>
      </trkpt>
      <trkpt lat="37.094742" lon="-86.834444">
        <time>2016-04-02T18:52:33Z</time>
      </trkpt>
      <trkpt lat="37.094136" lon="-86.834644">
        <time>2016-04-02T18:52:30Z</time>
      </trkpt>
      <trkpt lat="37.093933" lon="-86.834713">
        <time>2016-04-02T18:52:29Z</time>
      </trkpt>
      <trkpt lat="37.092406" lon="-86.835200">
        <time>2016-04-02T18:52:21Z</time>
      </trkpt>
      <trkpt lat="37.091474" lon="-86.835490">
        <time>2016-04-02T18:52:14Z</time>
      </trkpt>
      <trkpt lat="37.091072" lon="-86.835597">
        <time>2016-04-02T18:52:10Z</time>
      </trkpt>
      <trkpt lat="37.090902" lon="-86.835702">
        <time>2016-04-02T18:52:06Z</time>
      </trkpt>
      <trkpt lat="37.090903" lon="-86.835735">
        <time>2016-04-02T18:52:05Z</time>
      </trkpt>
      <trkpt lat="37.091126" lon="-86.836446">
        <time>2016-04-02T18:51:56Z</time>
      </trkpt>
      <trkpt lat="37.091251" lon="-86.836817">
        <time>2016-04-02T18:51:53Z</time>
      </trkpt>
      <trkpt lat="37.091635" lon="-86.837898">
        <time>2016-04-02T18:51:45Z</time>
      </trkpt>
      <trkpt lat="37.091847" lon="-86.838428">
        <time>2016-04-02T18:51:41Z</time>
      </trkpt>
      <trkpt lat="37.091812" lon="-86.839014">
        <time>2016-04-02T18:51:35Z</time>
      </trkpt>
      <trkpt lat="37.091618" lon="-86.839244">
        <time>2016-04-02T18:51:32Z</time>
      </trkpt>
      <trkpt lat="37.091144" lon="-86.839632">
        <time>2016-04-02T18:51:26Z</time>
      </trkpt>
      <trkpt lat="37.090974" lon="-86.840063">
        <time>2016-04-02T18:51:21Z</time>
      </trkpt>
      <trkpt lat="37.091002" lon="-86.840469">
        <time>2016-04-02T18:51:18Z</time>
      </trkpt>
      <trkpt lat="37.091089" lon="-86.841217">
        <time>2016-04-02T18:51:13Z</time>
      </trkpt>
      <trkpt lat="37.091008" lon="-86.841870">
        <time>2016-04-02T18:51:08Z</time>
      </trkpt>
      <trkpt lat="37.090945" lon="-86.841988">
        <time>2016-04-02T18:51:07Z</time>
      </trkpt>
      <trkpt lat="37.090804" lon="-86.842227">
        <time>2016-04-02T18:51:05Z</time>
      </trkpt>
      <trkpt lat="37.090654" lon="-86.842467">
        <time>2016-04-02T18:51:03Z</time>
      </trkpt>
      <trkpt lat="37.090405" lon="-86.842799">
        <time>2016-04-02T18:51:00Z</time>
      </trkpt>
      <trkpt lat="37.090315" lon="-86.842899">
        <time>2016-04-02T18:50:59Z</time>
      </trkpt>
      <trkpt lat="37.090035" lon="-86.843172">
        <time>2016-04-02T18:50:56Z</time>
      </trkpt>
      <trkpt lat="37.089855" lon="-86.843352">
        <time>2016-04-02T18:50:54Z</time>
      </trkpt>
      <trkpt lat="37.089587" lon="-86.843598">
        <time>2016-04-02T18:50:51Z</time>
      </trkpt>
      <trkpt lat="37.089232" lon="-86.843823">
        <time>2016-04-02T18:50:47Z</time>
      </trkpt>
      <trkpt lat="37.089082" lon="-86.843950">
        <time>2016-04-02T18:50:45Z</time>
      </trkpt>
      <trkpt lat="37.088940" lon="-86.844479">
        <time>2016-04-02T18:50:40Z</time>
      </trkpt>
      <trkpt lat="37.088945" lon="-86.844606">
        <time>2016-04-02T18:50:39Z</time>
      </trkpt>
      <trkpt lat="37.088979" lon="-86.845019">
        <time>2016-04-02T18:50:36Z</time>
      </trkpt>
      <trkpt lat="37.088987" lon="-86.845298">
        <time>2016-04-02T18:50:34Z</time>
      </trkpt>
      <trkpt lat="37.088708" lon="-86.846217">
        <time>2016-04-02T18:50:27Z</time>
      </trkpt>
      <trkpt lat="37.088630" lon="-86.846328">
        <time>2016-04-02T18:50:26Z</time>
      </trkpt>
      <trkpt lat="37.087777" lon="-86.847167">
        <time>2016-04-02T18:50:17Z</time>
      </trkpt>
      <trkpt lat="37.087691" lon="-86.847239">
        <time>2016-04-02T18:50:16Z</time>
      </trkpt>
      <trkpt lat="37.087604" lon="-86.847305">
        <time>2016-04-02T18:50:15Z</time>
      </trkpt>
      <trkpt lat="37.087433" lon="-86.847430">
        <time>2016-04-02T18:50:13Z</time>
      </trkpt>
      <trkpt lat="37.086776" lon="-86.847713">
        <time>2016-04-02T18:50:07Z</time>
      </trkpt>
      <trkpt lat="37.086618" lon="-86.847756">
        <time>2016-04-02T18:50:06Z</time>
      </trkpt>
      <trkpt lat="37.086264" lon="-86.847866">
        <time>2016-04-02T18:50:04Z</time>
      </trkpt>
      <trkpt lat="37.086075" lon="-86.847923">
        <time>2016-04-02T18:50:03Z</time>
      </trkpt>
      <trkpt lat="37.085882" lon="-86.847979">
        <time>2016-04-02T18:50:02Z</time>
      </trkpt>
      <trkpt lat="37.084694" lon="-86.848034">
        <time>2016-04-02T18:49:56Z</time>
      </trkpt>
      <trkpt lat="37.084337" lon="-86.847921">
        <time>2016-04-02T18:49:54Z</time>
      </trkpt>
      <trkpt lat="37.083991" lon="-86.847773">
        <time>2016-04-02T18:49:52Z</time>
      </trkpt>
      <trkpt lat="37.083622" lon="-86.847604">
        <time>2016-04-02T18:49:50Z</time>
      </trkpt>
      <trkpt lat="37.082987" lon="-86.847319">
        <time>2016-04-02T18:49:47Z</time>
      </trkpt>
      <trkpt lat="37.082330" lon="-86.847018">
        <time>2016-04-02T18:49:44Z</time>
      </trkpt>
      <trkpt lat="37.082107" lon="-86.846918">
        <time>2016-04-02T18:49:43Z</time>
      </trkpt>
      <trkpt lat="37.081885" lon="-86.846815">
        <time>2016-04-02T18:49:42Z</time>
      </trkpt>
      <trkpt lat="37.081659" lon="-86.846710">
        <time>2016-04-02T18:49:41Z</time>
      </trkpt>
      <trkpt lat="37.081433" lon="-86.846603">
        <time>2016-04-02T18:49:40Z</time>
      </trkpt>
      <trkpt lat="37.080740" lon="-86.846302">
        <time>2016-04-02T18:49:37Z</time>
      </trkpt>
      <trkpt lat="37.080501" lon="-86.846226">
        <time>2016-04-02T18:49:36Z</time>
      </trkpt>
      <trkpt lat="37.080260" lon="-86.846179">
        <time>2016-04-02T18:49:35Z</time>
      </trkpt>
      <trkpt lat="37.079544" lon="-86.846235">
        <time>2016-04-02T18:49:32Z</time>
      </trkpt>
      <trkpt lat="37.079316" lon="-86.846307">
        <time>2016-04-02T18:49:31Z</time>
      </trkpt>
      <trkpt lat="37.079093" lon="-86.846390">
        <time>2016-04-02T18:49:30Z</time>
      </trkpt>
      <trkpt lat="37.078875" lon="-86.846476">
        <time>2016-04-02T18:49:29Z</time>
      </trkpt>
      <trkpt lat="37.078454" lon="-86.846645">
        <time>2016-04-02T18:49:27Z</time>
      </trkpt>
      <trkpt lat="37.078249" lon="-86.846703">
        <time>2016-04-02T18:49:26Z</time>
      </trkpt>
      <trkpt lat="37.078049" lon="-86.846735">
        <time>2016-04-02T18:49:25Z</time>
      </trkpt>
      <trkpt lat="37.077667" lon="-86.846726">
        <time>2016-04-02T18:49:23Z</time>
      </trkpt>
      <trkpt lat="37.077089" lon="-86.846606">
        <time>2016-04-02T18:49:20Z</time>
      </trkpt>
      <trkpt lat="37.076891" lon="-86.846559">
        <time>2016-04-02T18:49:19Z</time>
      </trkpt>
      <trkpt lat="37.076694" lon="-86.846509">
        <time>2016-04-02T18:49:18Z</time>
      </trkpt>
      <trkpt lat="37.075115" lon="-86.845988">
        <time>2016-04-02T18:49:09Z</time>
      </trkpt>
      <trkpt lat="37.074776" lon="-86.845854">
        <time>2016-04-02T18:49:07Z</time>
      </trkpt>
      <trkpt lat="37.073778" lon="-86.845412">
        <time>2016-04-02T18:49:02Z</time>
      </trkpt>
      <trkpt lat="37.073564" lon="-86.845311">
        <time>2016-04-02T18:49:01Z</time>
      </trkpt>
      <trkpt lat="37.073347" lon="-86.845212">
        <time>2016-04-02T18:49:00Z</time>
      </trkpt>
      <trkpt lat="37.073127" lon="-86.845113">
        <time>2016-04-02T18:48:59Z</time>
      </trkpt>
      <trkpt lat="37.072905" lon="-86.845010">
        <time>2016-04-02T18:48:58Z</time>
      </trkpt>
      <trkpt lat="37.072688" lon="-86.844908">
        <time>2016-04-02T18:48:57Z</time>
      </trkpt>
      <trkpt lat="37.072266" lon="-86.844715">
        <time>2016-04-02T18:48:55Z</time>
      </trkpt>
      <trkpt lat="37.072057" lon="-86.844620">
        <time>2016-04-02T18:48:54Z</time>
      </trkpt>
      <trkpt lat="37.071227" lon="-86.844246">
        <time>2016-04-02T18:48:50Z</time>
      </trkpt>
      <trkpt lat="37.070828" lon="-86.844065">
        <time>2016-04-02T18:48:48Z</time>
      </trkpt>
      <trkpt lat="37.070632" lon="-86.843977">
        <time>2016-04-02T18:48:47Z</time>
      </trkpt>
      <trkpt lat="37.070244" lon="-86.843800">
        <time>2016-04-02T18:48:45Z</time>
      </trkpt>
      <trkpt lat="37.069852" lon="-86.843625">
        <time>2016-04-02T18:48:43Z</time>
      </trkpt>
      <trkpt lat="37.069652" lon="-86.843533">
        <time>2016-04-02T18:48:42Z</time>
      </trkpt>
      <trkpt lat="37.069451" lon="-86.843436">
        <time>2016-04-02T18:48:41Z</time>
      </trkpt>
      <trkpt lat="37.069250" lon="-86.843341">
        <time>2016-04-02T18:48:40Z</time>
      </trkpt>
      <trkpt lat="37.069050" lon="-86.843248">
        <time>2016-04-02T18:48:39Z</time>
      </trkpt>
      <trkpt lat="37.068848" lon="-86.843159">
        <time>2016-04-02T18:48:38Z</time>
      </trkpt>
      <trkpt lat="37.068237" lon="-86.842886">
        <time>2016-04-02T18:48:35Z</time>
      </trkpt>
      <trkpt lat="37.066618" lon="-86.842514">
        <time>2016-04-02T18:48:27Z</time>
      </trkpt>
      <trkpt lat="37.065090" lon="-86.842711">
        <time>2016-04-02T18:48:20Z</time>
      </trkpt>
      <trkpt lat="37.064858" lon="-86.842751">
        <time>2016-04-02T18:48:19Z</time>
      </trkpt>
      <trkpt lat="37.064164" lon="-86.842869">
        <time>2016-04-02T18:48:16Z</time>
      </trkpt>
      <trkpt lat="37.063935" lon="-86.842912">
        <time>2016-04-02T18:48:15Z</time>
      </trkpt>
      <trkpt lat="37.063706" lon="-86.842955">
        <time>2016-04-02T18:48:14Z</time>
      </trkpt>
      <trkpt lat="37.063479" lon="-86.842998">
        <time>2016-04-02T18:48:13Z</time>
      </trkpt>
      <trkpt lat="37.062808" lon="-86.843125">
        <time>2016-04-02T18:48:10Z</time>
      </trkpt>
      <trkpt lat="37.062368" lon="-86.843202">
        <time>2016-04-02T18:48:08Z</time>
      </trkpt>
      <trkpt lat="37.062149" lon="-86.843243">
        <time>2016-04-02T18:48:07Z</time>
      </trkpt>
      <trkpt lat="37.061928" lon="-86.843285">
        <time>2016-04-02T18:48:06Z</time>
      </trkpt>
      <trkpt lat="37.061706" lon="-86.843328">
        <time>2016-04-02T18:48:05Z</time>
      </trkpt>
      <trkpt lat="37.061255" lon="-86.843410">
        <time>2016-04-02T18:48:03Z</time>
      </trkpt>
      <trkpt lat="37.061028" lon="-86.843448">
        <time>2016-04-02T18:48:02Z</time>
      </trkpt>
      <trkpt lat="37.060801" lon="-86.843489">
        <time>2016-04-02T18:48:01Z</time>
      </trkpt>
      <trkpt lat="37.060575" lon="-86.843531">
        <time>2016-04-02T18:48:00Z</time>
      </trkpt>
      <trkpt lat="37.060347" lon="-86.843576">
        <time>2016-04-02T18:47:59Z</time>
      </trkpt>
      <trkpt lat="37.059455" lon="-86.843738">
        <time>2016-04-02T18:47:55Z</time>
      </trkpt>
      <trkpt lat="37.058781" lon="-86.843866">
        <time>2016-04-02T18:47:52Z</time>
      </trkpt>
      <trkpt lat="37.057875" lon="-86.844039">
        <time>2016-04-02T18:47:48Z</time>
      </trkpt>
      <trkpt lat="37.057649" lon="-86.844079">
        <time>2016-04-02T18:47:47Z</time>
      </trkpt>
      <trkpt lat="37.057424" lon="-86.844119">
        <time>2016-04-02T18:47:46Z</time>
      </trkpt>
      <trkpt lat="37.056745" lon="-86.844237">
        <time>2016-04-02T18:47:43Z</time>
      </trkpt>
      <trkpt lat="37.056519" lon="-86.844280">
        <time>2016-04-02T18:47:42Z</time>
      </trkpt>
      <trkpt lat="37.056293" lon="-86.844323">
        <time>2016-04-02T18:47:41Z</time>
      </trkpt>
      <trkpt lat="37.056067" lon="-86.844365">
        <time>2016-04-02T18:47:40Z</time>
      </trkpt>
      <trkpt lat="37.055840" lon="-86.844405">
        <time>2016-04-02T18:47:39Z</time>
      </trkpt>
      <trkpt lat="37.055143" lon="-86.844530">
        <time>2016-04-02T18:47:36Z</time>
      </trkpt>
      <trkpt lat="37.054680" lon="-86.844611">
        <time>2016-04-02T18:47:34Z</time>
      </trkpt>
      <trkpt lat="37.054216" lon="-86.844701">
        <time>2016-04-02T18:47:32Z</time>
      </trkpt>
      <trkpt lat="37.053520" lon="-86.844824">
        <time>2016-04-02T18:47:29Z</time>
      </trkpt>
      <trkpt lat="37.053289" lon="-86.844867">
        <time>2016-04-02T18:47:28Z</time>
      </trkpt>
      <trkpt lat="37.052829" lon="-86.844955">
        <time>2016-04-02T18:47:26Z</time>
      </trkpt>
      <trkpt lat="37.052604" lon="-86.844997">
        <time>2016-04-02T18:47:25Z</time>
      </trkpt>
      <trkpt lat="37.052379" lon="-86.845037">
        <time>2016-04-02T18:47:24Z</time>
      </trkpt>
      <trkpt lat="37.052150" lon="-86.845076">
        <time>2016-04-02T18:47:23Z</time>
      </trkpt>
      <trkpt lat="37.051683" lon="-86.845162">
        <time>2016-04-02T18:47:21Z</time>
      </trkpt>
      <trkpt lat="37.051446" lon="-86.845206">
        <time>2016-04-02T18:47:20Z</time>
      </trkpt>
      <trkpt lat="37.050970" lon="-86.845296">
        <time>2016-04-02T18:47:18Z</time>
      </trkpt>
      <trkpt lat="37.050732" lon="-86.845340">
        <time>2016-04-02T18:47:17Z</time>
      </trkpt>
      <trkpt lat="37.050494" lon="-86.845382">
        <time>2016-04-02T18:47:16Z</time>
      </trkpt>
      <trkpt lat="37.050259" lon="-86.845424">
        <time>2016-04-02T18:47:15Z</time>
      </trkpt>
      <trkpt lat="37.050025" lon="-86.845465">
        <time>2016-04-02T18:47:14Z</time>
      </trkpt>
      <trkpt lat="37.049334" lon="-86.845591">
        <time>2016-04-02T18:47:11Z</time>
      </trkpt>
      <trkpt lat="37.048646" lon="-86.845705">
        <time>2016-04-02T18:47:08Z</time>
      </trkpt>
      <trkpt lat="37.048418" lon="-86.845735">
        <time>2016-04-02T18:47:07Z</time>
      </trkpt>
      <trkpt lat="37.048191" lon="-86.845759">
        <time>2016-04-02T18:47:06Z</time>
      </trkpt>
      <trkpt lat="37.047966" lon="-86.845778">
        <time>2016-04-02T18:47:05Z</time>
      </trkpt>
      <trkpt lat="37.047744" lon="-86.845788">
        <time>2016-04-02T18:47:04Z</time>
      </trkpt>
      <trkpt lat="37.047522" lon="-86.845795">
        <time>2016-04-02T18:47:03Z</time>
      </trkpt>
      <trkpt lat="37.047073" lon="-86.845803">
        <time>2016-04-02T18:47:01Z</time>
      </trkpt>
      <trkpt lat="37.046844" lon="-86.845805">
        <time>2016-04-02T18:47:00Z</time>
      </trkpt>
      <trkpt lat="37.046140" lon="-86.845813">
        <time>2016-04-02T18:46:57Z</time>
      </trkpt>
      <trkpt lat="37.045901" lon="-86.845818">
        <time>2016-04-02T18:46:56Z</time>
      </trkpt>
      <trkpt lat="37.045414" lon="-86.845825">
        <time>2016-04-02T18:46:54Z</time>
      </trkpt>
      <trkpt lat="37.045168" lon="-86.845826">
        <time>2016-04-02T18:46:53Z</time>
      </trkpt>
      <trkpt lat="37.044923" lon="-86.845826">
        <time>2016-04-02T18:46:52Z</time>
      </trkpt>
      <trkpt lat="37.044676" lon="-86.845828">
        <time>2016-04-02T18:46:51Z</time>
      </trkpt>
      <trkpt lat="37.044430" lon="-86.845827">
        <time>2016-04-02T18:46:50Z</time>
      </trkpt>
      <trkpt lat="37.044183" lon="-86.845826">
        <time>2016-04-02T18:46:49Z</time>
      </trkpt>
      <trkpt lat="37.043684" lon="-86.845827">
        <time>2016-04-02T18:46:47Z</time>
      </trkpt>
      <trkpt lat="37.043161" lon="-86.845819">
        <time>2016-04-02T18:46:45Z</time>
      </trkpt>
      <trkpt lat="37.042640" lon="-86.845836">
        <time>2016-04-02T18:46:43Z</time>
      </trkpt>
      <trkpt lat="37.040628" lon="-86.846105">
        <time>2016-04-02T18:46:35Z</time>
      </trkpt>
      <trkpt lat="37.040132" lon="-86.846219">
        <time>2016-04-02T18:46:33Z</time>
      </trkpt>
      <trkpt lat="37.039887" lon="-86.846276">
        <time>2016-04-02T18:46:32Z</time>
      </trkpt>
      <trkpt lat="37.038919" lon="-86.846508">
        <time>2016-04-02T18:46:28Z</time>
      </trkpt>
      <trkpt lat="37.036835" lon="-86.847034">
        <time>2016-04-02T18:46:19Z</time>
      </trkpt>
      <trkpt lat="37.036607" lon="-86.847090">
        <time>2016-04-02T18:46:18Z</time>
      </trkpt>
      <trkpt lat="37.035246" lon="-86.847423">
        <time>2016-04-02T18:46:12Z</time>
      </trkpt>
      <trkpt lat="37.035015" lon="-86.847479">
        <time>2016-04-02T18:46:11Z</time>
      </trkpt>
      <trkpt lat="37.033618" lon="-86.847820">
        <time>2016-04-02T18:46:05Z</time>
      </trkpt>
      <trkpt lat="37.033376" lon="-86.847877">
        <time>2016-04-02T18:46:04Z</time>
      </trkpt>
      <trkpt lat="37.031928" lon="-86.848233">
        <time>2016-04-02T18:45:58Z</time>
      </trkpt>
      <trkpt lat="37.031457" lon="-86.848347">
        <time>2016-04-02T18:45:56Z</time>
      </trkpt>
      <trkpt lat="37.031222" lon="-86.848407">
        <time>2016-04-02T18:45:55Z</time>
      </trkpt>
      <trkpt lat="37.030747" lon="-86.848532">
        <time>2016-04-02T18:45:53Z</time>
      </trkpt>
      <trkpt lat="37.030508" lon="-86.848598">
        <time>2016-04-02T18:45:52Z</time>
      </trkpt>
      <trkpt lat="37.030269" lon="-86.848662">
        <time>2016-04-02T18:45:51Z</time>
      </trkpt>
      <trkpt lat="37.028611" lon="-86.849065">
        <time>2016-04-02T18:45:44Z</time>
      </trkpt>
      <trkpt lat="37.028382" lon="-86.849120">
        <time>2016-04-02T18:45:43Z</time>
      </trkpt>
      <trkpt lat="37.027928" lon="-86.849225">
        <time>2016-04-02T18:45:41Z</time>
      </trkpt>
      <trkpt lat="37.027705" lon="-86.849279">
        <time>2016-04-02T18:45:40Z</time>
      </trkpt>
      <trkpt lat="37.027262" lon="-86.849387">
        <time>2016-04-02T18:45:38Z</time>
      </trkpt>
      <trkpt lat="37.027042" lon="-86.849441">
        <time>2016-04-02T18:45:37Z</time>
      </trkpt>
      <trkpt lat="37.026595" lon="-86.849542">
        <time>2016-04-02T18:45:35Z</time>
      </trkpt>
      <trkpt lat="37.026143" lon="-86.849653">
        <time>2016-04-02T18:45:33Z</time>
      </trkpt>
      <trkpt lat="37.025927" lon="-86.849723">
        <time>2016-04-02T18:45:32Z</time>
      </trkpt>
      <trkpt lat="37.025719" lon="-86.849811">
        <time>2016-04-02T18:45:31Z</time>
      </trkpt>
      <trkpt lat="37.025519" lon="-86.849917">
        <time>2016-04-02T18:45:30Z</time>
      </trkpt>
      <trkpt lat="37.025325" lon="-86.850037">
        <time>2016-04-02T18:45:29Z</time>
      </trkpt>
      <trkpt lat="37.025137" lon="-86.850168">
        <time>2016-04-02T18:45:28Z</time>
      </trkpt>
      <trkpt lat="37.024779" lon="-86.850461">
        <time>2016-04-02T18:45:26Z</time>
      </trkpt>
      <trkpt lat="37.024609" lon="-86.850619">
        <time>2016-04-02T18:45:25Z</time>
      </trkpt>
      <trkpt lat="37.024446" lon="-86.850789">
        <time>2016-04-02T18:45:24Z</time>
      </trkpt>
      <trkpt lat="37.024294" lon="-86.850971">
        <time>2016-04-02T18:45:23Z</time>
      </trkpt>
      <trkpt lat="37.024150" lon="-86.851170">
        <time>2016-04-02T18:45:22Z</time>
      </trkpt>
      <trkpt lat="37.024011" lon="-86.851381">
        <time>2016-04-02T18:45:21Z</time>
      </trkpt>
      <trkpt lat="37.023472" lon="-86.852273">
        <time>2016-04-02T18:45:17Z</time>
      </trkpt>
      <trkpt lat="37.023339" lon="-86.852497">
        <time>2016-04-02T18:45:16Z</time>
      </trkpt>
      <trkpt lat="37.023208" lon="-86.852722">
        <time>2016-04-02T18:45:15Z</time>
      </trkpt>
      <trkpt lat="37.023075" lon="-86.852948">
        <time>2016-04-02T18:45:14Z</time>
      </trkpt>
      <trkpt lat="37.022937" lon="-86.853180">
        <time>2016-04-02T18:45:13Z</time>
      </trkpt>
      <trkpt lat="37.022796" lon="-86.853420">
        <time>2016-04-02T18:45:12Z</time>
      </trkpt>
      <trkpt lat="37.022364" lon="-86.854145">
        <time>2016-04-02T18:45:09Z</time>
      </trkpt>
      <trkpt lat="37.022221" lon="-86.854386">
        <time>2016-04-02T18:45:08Z</time>
      </trkpt>
      <trkpt lat="37.021939" lon="-86.854864">
        <time>2016-04-02T18:45:06Z</time>
      </trkpt>
      <trkpt lat="37.021798" lon="-86.855102">
        <time>2016-04-02T18:45:05Z</time>
      </trkpt>
      <trkpt lat="37.020943" lon="-86.856540">
        <time>2016-04-02T18:44:59Z</time>
      </trkpt>
      <trkpt lat="37.019964" lon="-86.858195">
        <time>2016-04-02T18:44:52Z</time>
      </trkpt>
      <trkpt lat="37.019827" lon="-86.858425">
        <time>2016-04-02T18:44:51Z</time>
      </trkpt>
      <trkpt lat="37.019561" lon="-86.858881">
        <time>2016-04-02T18:44:49Z</time>
      </trkpt>
      <trkpt lat="37.018547" lon="-86.860541">
        <time>2016-04-02T18:44:42Z</time>
      </trkpt>
      <trkpt lat="37.018235" lon="-86.861053">
        <time>2016-04-02T18:44:40Z</time>
      </trkpt>
      <trkpt lat="37.017926" lon="-86.861578">
        <time>2016-04-02T18:44:38Z</time>
      </trkpt>
      <trkpt lat="37.017620" lon="-86.862107">
        <time>2016-04-02T18:44:36Z</time>
      </trkpt>
      <trkpt lat="37.017471" lon="-86.862365">
        <time>2016-04-02T18:44:35Z</time>
      </trkpt>
      <trkpt lat="37.017321" lon="-86.862619">
        <time>2016-04-02T18:44:34Z</time>
      </trkpt>
      <trkpt lat="37.016719" lon="-86.863623">
        <time>2016-04-02T18:44:30Z</time>
      </trkpt>
      <trkpt lat="37.016569" lon="-86.863877">
        <time>2016-04-02T18:44:29Z</time>
      </trkpt>
      <trkpt lat="37.016265" lon="-86.864377">
        <time>2016-04-02T18:44:27Z</time>
      </trkpt>
      <trkpt lat="37.016115" lon="-86.864625">
        <time>2016-04-02T18:44:26Z</time>
      </trkpt>
      <trkpt lat="37.015690" lon="-86.865378">
        <time>2016-04-02T18:44:23Z</time>
      </trkpt>
      <trkpt lat="37.015439" lon="-86.865871">
        <time>2016-04-02T18:44:21Z</time>
      </trkpt>
      <trkpt lat="37.015216" lon="-86.866372">
        <time>2016-04-02T18:44:19Z</time>
      </trkpt>
      <trkpt lat="37.015010" lon="-86.866877">
        <time>2016-04-02T18:44:17Z</time>
      </trkpt>
      <trkpt lat="37.014907" lon="-86.867129">
        <time>2016-04-02T18:44:16Z</time>
      </trkpt>
      <trkpt lat="37.014700" lon="-86.867640">
        <time>2016-04-02T18:44:14Z</time>
      </trkpt>
      <trkpt lat="37.014282" lon="-86.868645">
        <time>2016-04-02T18:44:10Z</time>
      </trkpt>
      <trkpt lat="37.014085" lon="-86.869128">
        <time>2016-04-02T18:44:08Z</time>
      </trkpt>
      <trkpt lat="37.013892" lon="-86.869606">
        <time>2016-04-02T18:44:06Z</time>
      </trkpt>
      <trkpt lat="37.013485" lon="-86.870604">
        <time>2016-04-02T18:44:02Z</time>
      </trkpt>
      <trkpt lat="37.013376" lon="-86.870865">
        <time>2016-04-02T18:44:01Z</time>
      </trkpt>
      <trkpt lat="37.013264" lon="-86.871131">
        <time>2016-04-02T18:44:00Z</time>
      </trkpt>
      <trkpt lat="37.013152" lon="-86.871400">
        <time>2016-04-02T18:43:59Z</time>
      </trkpt>
      <trkpt lat="37.012937" lon="-86.871946">
        <time>2016-04-02T18:43:57Z</time>
      </trkpt>
      <trkpt lat="37.012826" lon="-86.872222">
        <time>2016-04-02T18:43:56Z</time>
      </trkpt>
      <trkpt lat="37.012713" lon="-86.872498">
        <time>2016-04-02T18:43:55Z</time>
      </trkpt>
      <trkpt lat="37.012049" lon="-86.874155">
        <time>2016-04-02T18:43:49Z</time>
      </trkpt>
      <trkpt lat="37.011605" lon="-86.875287">
        <time>2016-04-02T18:43:45Z</time>
      </trkpt>
      <trkpt lat="37.011487" lon="-86.875580">
        <time>2016-04-02T18:43:44Z</time>
      </trkpt>
      <trkpt lat="37.011368" lon="-86.875873">
        <time>2016-04-02T18:43:43Z</time>
      </trkpt>
      <trkpt lat="37.011249" lon="-86.876167">
        <time>2016-04-02T18:43:42Z</time>
      </trkpt>
      <trkpt lat="37.011132" lon="-86.876459">
        <time>2016-04-02T18:43:41Z</time>
      </trkpt>
      <trkpt lat="37.010904" lon="-86.877028">
        <time>2016-04-02T18:43:39Z</time>
      </trkpt>
      <trkpt lat="37.010790" lon="-86.877302">
        <time>2016-04-02T18:43:38Z</time>
      </trkpt>
      <trkpt lat="37.010680" lon="-86.877572">
        <time>2016-04-02T18:43:37Z</time>
      </trkpt>
      <trkpt lat="37.010573" lon="-86.877839">
        <time>2016-04-02T18:43:36Z</time>
      </trkpt>
      <trkpt lat="37.010371" lon="-86.878381">
        <time>2016-04-02T18:43:34Z</time>
      </trkpt>
      <trkpt lat="37.010159" lon="-86.878934">
        <time>2016-04-02T18:43:32Z</time>
      </trkpt>
      <trkpt lat="37.009798" lon="-86.879800">
        <time>2016-04-02T18:43:29Z</time>
      </trkpt>
      <trkpt lat="37.009330" lon="-86.880950">
        <time>2016-04-02T18:43:25Z</time>
      </trkpt>
      <trkpt lat="37.008993" lon="-86.881776">
        <time>2016-04-02T18:43:22Z</time>
      </trkpt>
      <trkpt lat="37.008767" lon="-86.882323">
        <time>2016-04-02T18:43:20Z</time>
      </trkpt>
      <trkpt lat="37.007796" lon="-86.885586">
        <time>2016-04-02T18:43:09Z</time>
      </trkpt>
      <trkpt lat="37.007613" lon="-86.886500">
        <time>2016-04-02T18:43:06Z</time>
      </trkpt>
      <trkpt lat="37.007465" lon="-86.887407">
        <time>2016-04-02T18:43:03Z</time>
      </trkpt>
      <trkpt lat="37.007307" lon="-86.888341">
        <time>2016-04-02T18:43:00Z</time>
      </trkpt>
      <trkpt lat="37.007255" lon="-86.888660">
        <time>2016-04-02T18:42:59Z</time>
      </trkpt>
      <trkpt lat="37.007095" lon="-86.889621">
        <time>2016-04-02T18:42:56Z</time>
      </trkpt>
      <trkpt lat="37.006887" lon="-86.890913">
        <time>2016-04-02T18:42:52Z</time>
      </trkpt>
      <trkpt lat="37.006721" lon="-86.891895">
        <time>2016-04-02T18:42:49Z</time>
      </trkpt>
      <trkpt lat="37.006613" lon="-86.892560">
        <time>2016-04-02T18:42:47Z</time>
      </trkpt>
      <trkpt lat="37.006340" lon="-86.894213">
        <time>2016-04-02T18:42:42Z</time>
      </trkpt>
      <trkpt lat="37.006232" lon="-86.894867">
        <time>2016-04-02T18:42:40Z</time>
      </trkpt>
      <trkpt lat="37.006018" lon="-86.896178">
        <time>2016-04-02T18:42:36Z</time>
      </trkpt>
      <trkpt lat="37.005962" lon="-86.896506">
        <time>2016-04-02T18:42:35Z</time>
      </trkpt>
      <trkpt lat="37.005701" lon="-86.898124">
        <time>2016-04-02T18:42:30Z</time>
      </trkpt>
      <trkpt lat="37.005599" lon="-86.898781">
        <time>2016-04-02T18:42:28Z</time>
      </trkpt>
      <trkpt lat="37.005443" lon="-86.899747">
        <time>2016-04-02T18:42:25Z</time>
      </trkpt>
      <trkpt lat="37.005334" lon="-86.900385">
        <time>2016-04-02T18:42:23Z</time>
      </trkpt>
      <trkpt lat="37.005281" lon="-86.900718">
        <time>2016-04-02T18:42:22Z</time>
      </trkpt>
      <trkpt lat="37.004824" lon="-86.903420">
        <time>2016-04-02T18:42:14Z</time>
      </trkpt>
      <trkpt lat="37.004664" lon="-86.904383">
        <time>2016-04-02T18:42:11Z</time>
      </trkpt>
      <trkpt lat="37.004609" lon="-86.904703">
        <time>2016-04-02T18:42:10Z</time>
      </trkpt>
      <trkpt lat="37.004404" lon="-86.905989">
        <time>2016-04-02T18:42:06Z</time>
      </trkpt>
      <trkpt lat="37.004099" lon="-86.907897">
        <time>2016-04-02T18:42:00Z</time>
      </trkpt>
      <trkpt lat="37.004004" lon="-86.908502">
        <time>2016-04-02T18:41:58Z</time>
      </trkpt>
      <trkpt lat="37.003957" lon="-86.908796">
        <time>2016-04-02T18:41:57Z</time>
      </trkpt>
      <trkpt lat="37.003910" lon="-86.909086">
        <time>2016-04-02T18:41:56Z</time>
      </trkpt>
      <trkpt lat="37.003710" lon="-86.910235">
        <time>2016-04-02T18:41:52Z</time>
      </trkpt>
      <trkpt lat="37.003266" lon="-86.911573">
        <time>2016-04-02T18:41:47Z</time>
      </trkpt>
      <trkpt lat="37.001369" lon="-86.914638">
        <time>2016-04-02T18:41:33Z</time>
      </trkpt>
      <trkpt lat="37.000928" lon="-86.915290">
        <time>2016-04-02T18:41:30Z</time>
      </trkpt>
      <trkpt lat="37.000487" lon="-86.915951">
        <time>2016-04-02T18:41:27Z</time>
      </trkpt>
      <trkpt lat="37.000195" lon="-86.916394">
        <time>2016-04-02T18:41:25Z</time>
      </trkpt>
      <trkpt lat="37.000047" lon="-86.916617">
        <time>2016-04-02T18:41:24Z</time>
      </trkpt>
      <trkpt lat="36.999900" lon="-86.916842">
        <time>2016-04-02T18:41:23Z</time>
      </trkpt>
      <trkpt lat="36.999754" lon="-86.917069">
        <time>2016-04-02T18:41:22Z</time>
      </trkpt>
      <trkpt lat="36.997801" lon="-86.920027">
        <time>2016-04-02T18:41:08Z</time>
      </trkpt>
      <trkpt lat="36.997405" lon="-86.920613">
        <time>2016-04-02T18:41:05Z</time>
      </trkpt>
      <trkpt lat="36.997271" lon="-86.920812">
        <time>2016-04-02T18:41:04Z</time>
      </trkpt>
      <trkpt lat="36.997134" lon="-86.921015">
        <time>2016-04-02T18:41:03Z</time>
      </trkpt>
      <trkpt lat="36.996525" lon="-86.921930">
        <time>2016-04-02T18:40:59Z</time>
      </trkpt>
      <trkpt lat="36.996362" lon="-86.922172">
        <time>2016-04-02T18:40:58Z</time>
      </trkpt>
      <trkpt lat="36.995500" lon="-86.923461">
        <time>2016-04-02T18:40:51Z</time>
      </trkpt>
      <trkpt lat="36.995397" lon="-86.923724">
        <time>2016-04-02T18:40:48Z</time>
      </trkpt>
      <trkpt lat="36.995489" lon="-86.923831">
        <time>2016-04-02T18:40:45Z</time>
      </trkpt>
      <trkpt lat="36.995608" lon="-86.923880">
        <time>2016-04-02T18:40:43Z</time>
      </trkpt>
      <trkpt lat="36.995668" lon="-86.923898">
        <time>2016-04-02T18:40:42Z</time>
      </trkpt>
      <trkpt lat="36.996062" lon="-86.924049">
        <time>2016-04-02T18:40:35Z</time>
      </trkpt>
      <trkpt lat="36.996500" lon="-86.924693">
        <time>2016-04-02T18:40:27Z</time>
      </trkpt>
      <trkpt lat="36.996567" lon="-86.924796">
        <time>2016-04-02T18:40:26Z</time>
      </trkpt>
      <trkpt lat="36.997296" lon="-86.925857">
        <time>2016-04-02T18:40:18Z</time>
      </trkpt>
      <trkpt lat="36.998292" lon="-86.927952">
        <time>2016-04-02T18:40:07Z</time>
      </trkpt>
      <trkpt lat="36.998801" lon="-86.929081">
        <time>2016-04-02T18:40:01Z</time>
      </trkpt>
      <trkpt lat="36.998970" lon="-86.929382">
        <time>2016-04-02T18:39:59Z</time>
      </trkpt>
      <trkpt lat="36.999068" lon="-86.929495">
        <time>2016-04-02T18:39:58Z</time>
      </trkpt>
      <trkpt lat="36.999176" lon="-86.929575">
        <time>2016-04-02T18:39:57Z</time>
      </trkpt>
      <trkpt lat="36.999416" lon="-86.929649">
        <time>2016-04-02T18:39:55Z</time>
      </trkpt>
      <trkpt lat="36.999974" lon="-86.929719">
        <time>2016-04-02T18:39:51Z</time>
      </trkpt>
      <trkpt lat="37.000124" lon="-86.929739">
        <time>2016-04-02T18:39:50Z</time>
      </trkpt>
      <trkpt lat="37.000569" lon="-86.929788">
        <time>2016-04-02T18:39:47Z</time>
      </trkpt>
      <trkpt lat="37.000711" lon="-86.929803">
        <time>2016-04-02T18:39:46Z</time>
      </trkpt>
      <trkpt lat="37.000989" lon="-86.929840">
        <time>2016-04-02T18:39:44Z</time>
      </trkpt>
      <trkpt lat="37.001520" lon="-86.930047">
        <time>2016-04-02T18:39:40Z</time>
      </trkpt>
      <trkpt lat="37.001666" lon="-86.930143">
        <time>2016-04-02T18:39:39Z</time>
      </trkpt>
      <trkpt lat="37.001914" lon="-86.930414">
        <time>2016-04-02T18:39:37Z</time>
      </trkpt>
      <trkpt lat="37.002119" lon="-86.930974">
        <time>2016-04-02T18:39:34Z</time>
      </trkpt>
      <trkpt lat="37.002277" lon="-86.931892">
        <time>2016-04-02T18:39:30Z</time>
      </trkpt>
      <trkpt lat="37.002314" lon="-86.932120">
        <time>2016-04-02T18:39:29Z</time>
      </trkpt>
      <trkpt lat="37.002496" lon="-86.933815">
        <time>2016-04-02T18:39:21Z</time>
      </trkpt>
      <trkpt lat="37.002590" lon="-86.934557">
        <time>2016-04-02T18:39:17Z</time>
      </trkpt>
      <trkpt lat="37.003128" lon="-86.935007">
        <time>2016-04-02T18:39:11Z</time>
      </trkpt>
      <trkpt lat="37.003686" lon="-86.934974">
        <time>2016-04-02T18:39:06Z</time>
      </trkpt>
      <trkpt lat="37.004091" lon="-86.934987">
        <time>2016-04-02T18:39:03Z</time>
      </trkpt>
      <trkpt lat="37.004481" lon="-86.935088">
        <time>2016-04-02T18:39:00Z</time>
      </trkpt>
      <trkpt lat="37.004912" lon="-86.935447">
        <time>2016-04-02T18:38:56Z</time>
      </trkpt>
      <trkpt lat="37.005087" lon="-86.935713">
        <time>2016-04-02T18:38:54Z</time>
      </trkpt>
      <trkpt lat="37.005407" lon="-86.936368">
        <time>2016-04-02T18:38:50Z</time>
      </trkpt>
      <trkpt lat="37.005936" lon="-86.936506">
        <time>2016-04-02T18:38:44Z</time>
      </trkpt>
      <trkpt lat="37.006020" lon="-86.936431">
        <time>2016-04-02T18:38:43Z</time>
      </trkpt>
      <trkpt lat="37.006305" lon="-86.936169">
        <time>2016-04-02T18:38:40Z</time>
      </trkpt>
      <trkpt lat="37.006739" lon="-86.935757">
        <time>2016-04-02T18:38:36Z</time>
      </trkpt>
      <trkpt lat="37.007385" lon="-86.935143">
        <time>2016-04-02T18:38:31Z</time>
      </trkpt>
      <trkpt lat="37.007727" lon="-86.934797">
        <time>2016-04-02T18:38:28Z</time>
      </trkpt>
      <trkpt lat="37.007831" lon="-86.934702">
        <time>2016-04-02T18:38:27Z</time>
      </trkpt>
      <trkpt lat="37.008316" lon="-86.934754">
        <time>2016-04-02T18:38:22Z</time>
      </trkpt>
      <trkpt lat="37.008394" lon="-86.934868">
        <time>2016-04-02T18:38:21Z</time>
      </trkpt>
      <trkpt lat="37.008474" lon="-86.935001">
        <time>2016-04-02T18:38:20Z</time>
      </trkpt>
      <trkpt lat="37.008556" lon="-86.935148">
        <time>2016-04-02T18:38:19Z</time>
      </trkpt>
      <trkpt lat="37.009130" lon="-86.936131">
        <time>2016-04-02T18:38:13Z</time>
      </trkpt>
      <trkpt lat="37.010112" lon="-86.937736">
        <time>2016-04-02T18:38:04Z</time>
      </trkpt>
      <trkpt lat="37.010330" lon="-86.938090">
        <time>2016-04-02T18:38:02Z</time>
      </trkpt>
      <trkpt lat="37.010548" lon="-86.938421">
        <time>2016-04-02T18:38:00Z</time>
      </trkpt>
      <trkpt lat="37.010865" lon="-86.938894">
        <time>2016-04-02T18:37:57Z</time>
      </trkpt>
      <trkpt lat="37.011211" lon="-86.939427">
        <time>2016-04-02T18:37:54Z</time>
      </trkpt>
      <trkpt lat="37.011897" lon="-86.940539">
        <time>2016-04-02T18:37:48Z</time>
      </trkpt>
      <trkpt lat="37.012848" lon="-86.942209">
        <time>2016-04-02T18:37:38Z</time>
      </trkpt>
      <trkpt lat="37.013001" lon="-86.942430">
        <time>2016-04-02T18:37:36Z</time>
      </trkpt>
      <trkpt lat="37.013385" lon="-86.942408">
        <time>2016-04-02T18:37:32Z</time>
      </trkpt>
      <trkpt lat="37.013477" lon="-86.942329">
        <time>2016-04-02T18:37:31Z</time>
      </trkpt>
      <trkpt lat="37.013893" lon="-86.941955">
        <time>2016-04-02T18:37:27Z</time>
      </trkpt>
      <trkpt lat="37.014001" lon="-86.941862">
        <time>2016-04-02T18:37:26Z</time>
      </trkpt>
      <trkpt lat="37.014205" lon="-86.941690">
        <time>2016-04-02T18:37:24Z</time>
      </trkpt>
      <trkpt lat="37.014720" lon="-86.941232">
        <time>2016-04-02T18:37:19Z</time>
      </trkpt>
      <trkpt lat="37.014953" lon="-86.941022">
        <time>2016-04-02T18:37:17Z</time>
      </trkpt>
      <trkpt lat="37.015317" lon="-86.940700">
        <time>2016-04-02T18:37:14Z</time>
      </trkpt>
      <trkpt lat="37.015437" lon="-86.940596">
        <time>2016-04-02T18:37:13Z</time>
      </trkpt>
      <trkpt lat="37.016347" lon="-86.939803">
        <time>2016-04-02T18:37:05Z</time>
      </trkpt>
      <trkpt lat="37.016460" lon="-86.939701">
        <time>2016-04-02T18:37:04Z</time>
      </trkpt>
      <trkpt lat="37.016913" lon="-86.939299">
        <time>2016-04-02T18:37:00Z</time>
      </trkpt>
      <trkpt lat="37.017214" lon="-86.939019">
        <time>2016-04-02T18:36:57Z</time>
      </trkpt>
      <trkpt lat="37.017766" lon="-86.939290">
        <time>2016-04-02T18:36:50Z</time>
      </trkpt>
      <trkpt lat="37.017936" lon="-86.939471">
        <time>2016-04-02T18:36:48Z</time>
      </trkpt>
      <trkpt lat="37.018239" lon="-86.939392">
        <time>2016-04-02T18:36:45Z</time>
      </trkpt>
      <trkpt lat="37.019225" lon="-86.938509">
        <time>2016-04-02T18:36:37Z</time>
      </trkpt>
      <trkpt lat="37.019483" lon="-86.938284">
        <time>2016-04-02T18:36:35Z</time>
      </trkpt>
      <trkpt lat="37.019846" lon="-86.937972">
        <time>2016-04-02T18:36:32Z</time>
      </trkpt>
      <trkpt lat="37.020082" lon="-86.937772">
        <time>2016-04-02T18:36:30Z</time>
      </trkpt>
      <trkpt lat="37.021267" lon="-86.936758">
        <time>2016-04-02T18:36:18Z</time>
      </trkpt>
      <trkpt lat="37.021435" lon="-86.936595">
        <time>2016-04-02T18:36:16Z</time>
      </trkpt>
      <trkpt lat="37.021515" lon="-86.936517">
        <time>2016-04-02T18:36:15Z</time>
      </trkpt>
      <trkpt lat="37.021890" lon="-86.936682">
        <time>2016-04-02T18:36:10Z</time>
      </trkpt>
      <trkpt lat="37.022013" lon="-86.936923">
        <time>2016-04-02T18:36:08Z</time>
      </trkpt>
      <trkpt lat="37.022080" lon="-86.937057">
        <time>2016-04-02T18:36:07Z</time>
      </trkpt>
      <trkpt lat="37.022371" lon="-86.937665">
        <time>2016-04-02T18:36:03Z</time>
      </trkpt>
      <trkpt lat="37.022514" lon="-86.937978">
        <time>2016-04-02T18:36:01Z</time>
      </trkpt>
      <trkpt lat="37.022670" lon="-86.938188">
        <time>2016-04-02T18:35:59Z</time>
      </trkpt>
      <trkpt lat="37.022980" lon="-86.938149">
        <time>2016-04-02T18:35:56Z</time>
      </trkpt>
      <trkpt lat="37.023323" lon="-86.937903">
        <time>2016-04-02T18:35:53Z</time>
      </trkpt>
      <trkpt lat="37.023544" lon="-86.937773">
        <time>2016-04-02T18:35:51Z</time>
      </trkpt>
      <trkpt lat="37.023850" lon="-86.938006">
        <time>2016-04-02T18:35:47Z</time>
      </trkpt>
      <trkpt lat="37.024142" lon="-86.938764">
        <time>2016-04-02T18:35:42Z</time>
      </trkpt>
      <trkpt lat="37.024339" lon="-86.939291">
        <time>2016-04-02T18:35:39Z</time>
      </trkpt>
      <trkpt lat="37.024506" lon="-86.939625">
        <time>2016-04-02T18:35:37Z</time>
      </trkpt>
      <trkpt lat="37.024774" lon="-86.940036">
        <time>2016-04-02T18:35:34Z</time>
      </trkpt>
      <trkpt lat="37.024973" lon="-86.940291">
        <time>2016-04-02T18:35:32Z</time>
      </trkpt>
      <trkpt lat="37.025197" lon="-86.940818">
        <time>2016-04-02T18:35:28Z</time>
      </trkpt>
      <trkpt lat="37.025214" lon="-86.940957">
        <time>2016-04-02T18:35:27Z</time>
      </trkpt>
      <trkpt lat="37.025282" lon="-86.941240">
        <time>2016-04-02T18:35:25Z</time>
      </trkpt>
      <trkpt lat="37.025395" lon="-86.941524">
        <time>2016-04-02T18:35:23Z</time>
      </trkpt>
      <trkpt lat="37.025343" lon="-86.942144">
        <time>2016-04-02T18:35:18Z</time>
      </trkpt>
      <trkpt lat="37.025353" lon="-86.942719">
        <time>2016-04-02T18:35:13Z</time>
      </trkpt>
      <trkpt lat="37.025463" lon="-86.942968">
        <time>2016-04-02T18:35:11Z</time>
      </trkpt>
      <trkpt lat="37.026238" lon="-86.944808">
        <time>2016-04-02T18:34:59Z</time>
      </trkpt>
      <trkpt lat="37.026722" lon="-86.946085">
        <time>2016-04-02T18:34:51Z</time>
      </trkpt>
      <trkpt lat="37.027176" lon="-86.947367">
        <time>2016-04-02T18:34:43Z</time>
      </trkpt>
      <trkpt lat="37.027295" lon="-86.947699">
        <time>2016-04-02T18:34:41Z</time>
      </trkpt>
      <trkpt lat="37.027782" lon="-86.949002">
        <time>2016-04-02T18:34:33Z</time>
      </trkpt>
      <trkpt lat="37.027955" lon="-86.949279">
        <time>2016-04-02T18:34:31Z</time>
      </trkpt>
      <trkpt lat="37.028223" lon="-86.949623">
        <time>2016-04-02T18:34:28Z</time>
      </trkpt>
      <trkpt lat="37.028350" lon="-86.949871">
        <time>2016-04-02T18:34:26Z</time>
      </trkpt>
      <trkpt lat="37.028678" lon="-86.950635">
        <time>2016-04-02T18:34:17Z</time>
      </trkpt>
      <trkpt lat="37.029263" lon="-86.951523">
        <time>2016-04-02T18:34:07Z</time>
      </trkpt>
      <trkpt lat="37.029829" lon="-86.952489">
        <time>2016-04-02T18:33:57Z</time>
      </trkpt>
      <trkpt lat="37.030226" lon="-86.952831">
        <time>2016-04-02T18:33:53Z</time>
      </trkpt>
      <trkpt lat="37.030531" lon="-86.952998">
        <time>2016-04-02T18:33:50Z</time>
      </trkpt>
      <trkpt lat="37.030975" lon="-86.952688">
        <time>2016-04-02T18:33:44Z</time>
      </trkpt>
      <trkpt lat="37.031111" lon="-86.952335">
        <time>2016-04-02T18:33:41Z</time>
      </trkpt>
      <trkpt lat="37.031220" lon="-86.952103">
        <time>2016-04-02T18:33:39Z</time>
      </trkpt>
      <trkpt lat="37.031656" lon="-86.951755">
        <time>2016-04-02T18:33:34Z</time>
      </trkpt>
      <trkpt lat="37.031773" lon="-86.951734">
        <time>2016-04-02T18:33:33Z</time>
      </trkpt>
      <trkpt lat="37.032500" lon="-86.951646">
        <time>2016-04-02T18:33:28Z</time>
      </trkpt>
      <trkpt lat="37.032951" lon="-86.951582">
        <time>2016-04-02T18:33:25Z</time>
      </trkpt>
      <trkpt lat="37.033237" lon="-86.951546">
        <time>2016-04-02T18:33:23Z</time>
      </trkpt>
      <trkpt lat="37.033864" lon="-86.951458">
        <time>2016-04-02T18:33:19Z</time>
      </trkpt>
      <trkpt lat="37.034041" lon="-86.951433">
        <time>2016-04-02T18:33:18Z</time>
      </trkpt>
      <trkpt lat="37.035680" lon="-86.951198">
        <time>2016-04-02T18:33:09Z</time>
      </trkpt>
      <trkpt lat="37.037087" lon="-86.950978">
        <time>2016-04-02T18:32:59Z</time>
      </trkpt>
      <trkpt lat="37.037335" lon="-86.951224">
        <time>2016-04-02T18:32:53Z</time>
      </trkpt>
      <trkpt lat="37.037367" lon="-86.951400">
        <time>2016-04-02T18:32:51Z</time>
      </trkpt>
      <trkpt lat="37.037447" lon="-86.951583">
        <time>2016-04-02T18:32:49Z</time>
      </trkpt>
      <trkpt lat="37.037574" lon="-86.951772">
        <time>2016-04-02T18:32:47Z</time>
      </trkpt>
      <trkpt lat="37.038054" lon="-86.952556">
        <time>2016-04-02T18:32:40Z</time>
      </trkpt>
      <trkpt lat="37.038305" lon="-86.953142">
        <time>2016-04-02T18:32:28Z</time>
      </trkpt>
      <trkpt lat="37.038416" lon="-86.953427">
        <time>2016-04-02T18:32:19Z</time>
      </trkpt>
      <trkpt lat="37.038425" lon="-86.953479">
        <time>2016-04-02T18:32:13Z</time>
      </trkpt>
      <trkpt lat="37.038606" lon="-86.954027">
        <time>2016-04-02T18:32:03Z</time>
      </trkpt>
      <trkpt lat="37.039019" lon="-86.954353">
        <time>2016-04-02T18:31:57Z</time>
      </trkpt>
      <trkpt lat="37.039116" lon="-86.954367">
        <time>2016-04-02T18:31:56Z</time>
      </trkpt>
      <trkpt lat="37.039742" lon="-86.954441">
        <time>2016-04-02T18:31:49Z</time>
      </trkpt>
      <trkpt lat="37.039894" lon="-86.954455">
        <time>2016-04-02T18:31:45Z</time>
      </trkpt>
      <trkpt lat="37.039915" lon="-86.954465">
        <time>2016-04-02T18:31:35Z</time>
      </trkpt>
      <trkpt lat="37.039938" lon="-86.954486">
        <time>2016-04-02T18:31:10Z</time>
      </trkpt>
      <trkpt lat="37.039937" lon="-86.954488">
        <time>2016-04-02T18:30:34Z</time>
      </trkpt>
      <trkpt lat="37.039941" lon="-86.954513">
        <time>2016-04-02T18:30:11Z</time>
      </trkpt>
      <trkpt lat="37.040186" lon="-86.954505">
        <time>2016-04-02T18:30:02Z</time>
      </trkpt>
      <trkpt lat="37.040418" lon="-86.954402">
        <time>2016-04-02T18:29:51Z</time>
      </trkpt>
      <trkpt lat="37.040458" lon="-86.954321">
        <time>2016-04-02T18:29:20Z</time>
      </trkpt>
      <trkpt lat="37.040475" lon="-86.954294">
        <time>2016-04-02T18:28:54Z</time>
      </trkpt>
      <trkpt lat="37.040482" lon="-86.954312">
        <time>2016-04-02T18:28:24Z</time>
      </trkpt>
      <trkpt lat="37.040506" lon="-86.954289">
        <time>2016-04-02T18:28:05Z</time>
      </trkpt>
      <trkpt lat="37.040674" lon="-86.953986">
        <time>2016-04-02T18:27:53Z</time>
      </trkpt>
      <trkpt lat="37.040767" lon="-86.953818">
        <time>2016-04-02T18:27:50Z</time>
      </trkpt>
      <trkpt lat="37.041199" lon="-86.953716">
        <time>2016-04-02T18:27:43Z</time>
      </trkpt>
      <trkpt lat="37.041324" lon="-86.953809">
        <time>2016-04-02T18:27:40Z</time>
      </trkpt>
      <trkpt lat="37.041652" lon="-86.954105">
        <time>2016-04-02T18:27:29Z</time>
      </trkpt>
      <trkpt lat="37.041940" lon="-86.954349">
        <time>2016-04-02T18:27:18Z</time>
      </trkpt>
      <trkpt lat="37.042275" lon="-86.954531">
        <time>2016-04-02T18:27:06Z</time>
      </trkpt>
      <trkpt lat="37.042372" lon="-86.954579">
        <time>2016-04-02T18:26:49Z</time>
      </trkpt>
      <trkpt lat="37.042436" lon="-86.954626">
        <time>2016-04-02T18:26:36Z</time>
      </trkpt>
      <trkpt lat="37.042687" lon="-86.954854">
        <time>2016-04-02T18:26:29Z</time>
      </trkpt>
      <trkpt lat="37.042859" lon="-86.955084">
        <time>2016-04-02T18:26:27Z</time>
      </trkpt>
      <trkpt lat="37.043033" lon="-86.955348">
        <time>2016-04-02T18:26:25Z</time>
      </trkpt>
      <trkpt lat="37.043317" lon="-86.955759">
        <time>2016-04-02T18:26:22Z</time>
      </trkpt>
      <trkpt lat="37.043507" lon="-86.956033">
        <time>2016-04-02T18:26:20Z</time>
      </trkpt>
      <trkpt lat="37.043881" lon="-86.956571">
        <time>2016-04-02T18:26:16Z</time>
      </trkpt>
      <trkpt lat="37.044186" lon="-86.956974">
        <time>2016-04-02T18:26:13Z</time>
      </trkpt>
      <trkpt lat="37.044591" lon="-86.957305">
        <time>2016-04-02T18:26:09Z</time>
      </trkpt>
      <trkpt lat="37.045092" lon="-86.957360">
        <time>2016-04-02T18:26:05Z</time>
      </trkpt>
      <trkpt lat="37.045548" lon="-86.957510">
        <time>2016-04-02T18:26:01Z</time>
      </trkpt>
      <trkpt lat="37.045760" lon="-86.957679">
        <time>2016-04-02T18:25:59Z</time>
      </trkpt>
      <trkpt lat="37.045982" lon="-86.957867">
        <time>2016-04-02T18:25:57Z</time>
      </trkpt>
      <trkpt lat="37.046224" lon="-86.958084">
        <time>2016-04-02T18:25:55Z</time>
      </trkpt>
      <trkpt lat="37.046578" lon="-86.958409">
        <time>2016-04-02T18:25:52Z</time>
      </trkpt>
      <trkpt lat="37.046902" lon="-86.958767">
        <time>2016-04-02T18:25:49Z</time>
      </trkpt>
      <trkpt lat="37.047264" lon="-86.959295">
        <time>2016-04-02T18:25:45Z</time>
      </trkpt>
      <trkpt lat="37.047581" lon="-86.959880">
        <time>2016-04-02T18:25:41Z</time>
      </trkpt>
      <trkpt lat="37.047627" lon="-86.960042">
        <time>2016-04-02T18:25:40Z</time>
      </trkpt>
      <trkpt lat="37.047711" lon="-86.960370">
        <time>2016-04-02T18:25:38Z</time>
      </trkpt>
      <trkpt lat="37.048150" lon="-86.961736">
        <time>2016-04-02T18:25:31Z</time>
      </trkpt>
      <trkpt lat="37.048222" lon="-86.961916">
        <time>2016-04-02T18:25:30Z</time>
      </trkpt>
      <trkpt lat="37.048308" lon="-86.962069">
        <time>2016-04-02T18:25:29Z</time>
      </trkpt>
      <trkpt lat="37.048895" lon="-86.962209">
        <time>2016-04-02T18:25:24Z</time>
      </trkpt>
      <trkpt lat="37.049023" lon="-86.962139">
        <time>2016-04-02T18:25:23Z</time>
      </trkpt>
      <trkpt lat="37.049393" lon="-86.961886">
        <time>2016-04-02T18:25:20Z</time>
      </trkpt>
      <trkpt lat="37.049510" lon="-86.961814">
        <time>2016-04-02T18:25:19Z</time>
      </trkpt>
      <trkpt lat="37.050027" lon="-86.962086">
        <time>2016-04-02T18:25:14Z</time>
      </trkpt>
      <trkpt lat="37.050122" lon="-86.962220">
        <time>2016-04-02T18:25:13Z</time>
      </trkpt>
      <trkpt lat="37.050561" lon="-86.962775">
        <time>2016-04-02T18:25:09Z</time>
      </trkpt>
      <trkpt lat="37.051357" lon="-86.964150">
        <time>2016-04-02T18:25:01Z</time>
      </trkpt>
      <trkpt lat="37.052634" lon="-86.966727">
        <time>2016-04-02T18:24:48Z</time>
      </trkpt>
      <trkpt lat="37.052919" lon="-86.967301">
        <time>2016-04-02T18:24:45Z</time>
      </trkpt>
      <trkpt lat="37.053136" lon="-86.967644">
        <time>2016-04-02T18:24:43Z</time>
      </trkpt>
      <trkpt lat="37.053411" lon="-86.967890">
        <time>2016-04-02T18:24:41Z</time>
      </trkpt>
      <trkpt lat="37.053906" lon="-86.968173">
        <time>2016-04-02T18:24:38Z</time>
      </trkpt>
      <trkpt lat="37.054425" lon="-86.968451">
        <time>2016-04-02T18:24:35Z</time>
      </trkpt>
      <trkpt lat="37.055110" lon="-86.968817">
        <time>2016-04-02T18:24:31Z</time>
      </trkpt>
      <trkpt lat="37.055278" lon="-86.968905">
        <time>2016-04-02T18:24:30Z</time>
      </trkpt>
      <trkpt lat="37.055445" lon="-86.968991">
        <time>2016-04-02T18:24:29Z</time>
      </trkpt>
      <trkpt lat="37.055775" lon="-86.969169">
        <time>2016-04-02T18:24:27Z</time>
      </trkpt>
      <trkpt lat="37.056085" lon="-86.969371">
        <time>2016-04-02T18:24:25Z</time>
      </trkpt>
      <trkpt lat="37.056224" lon="-86.969499">
        <time>2016-04-02T18:24:24Z</time>
      </trkpt>
      <trkpt lat="37.056555" lon="-86.970009">
        <time>2016-04-02T18:24:21Z</time>
      </trkpt>
      <trkpt lat="37.056718" lon="-86.970419">
        <time>2016-04-02T18:24:19Z</time>
      </trkpt>
      <trkpt lat="37.057380" lon="-86.972200">
        <time>2016-04-02T18:24:11Z</time>
      </trkpt>
      <trkpt lat="37.057905" lon="-86.972892">
        <time>2016-04-02T18:24:07Z</time>
      </trkpt>
      <trkpt lat="37.058052" lon="-86.973044">
        <time>2016-04-02T18:24:06Z</time>
      </trkpt>
      <trkpt lat="37.058546" lon="-86.973384">
        <time>2016-04-02T18:24:03Z</time>
      </trkpt>
      <trkpt lat="37.058723" lon="-86.973456">
        <time>2016-04-02T18:24:02Z</time>
      </trkpt>
      <trkpt lat="37.059286" lon="-86.973575">
        <time>2016-04-02T18:23:59Z</time>
      </trkpt>
      <trkpt lat="37.059646" lon="-86.973617">
        <time>2016-04-02T18:23:57Z</time>
      </trkpt>
      <trkpt lat="37.061074" lon="-86.973747">
        <time>2016-04-02T18:23:49Z</time>
      </trkpt>
      <trkpt lat="37.061458" lon="-86.973848">
        <time>2016-04-02T18:23:47Z</time>
      </trkpt>
      <trkpt lat="37.061847" lon="-86.974017">
        <time>2016-04-02T18:23:45Z</time>
      </trkpt>
      <trkpt lat="37.062211" lon="-86.974195">
        <time>2016-04-02T18:23:43Z</time>
      </trkpt>
      <trkpt lat="37.062365" lon="-86.974287">
        <time>2016-04-02T18:23:42Z</time>
      </trkpt>
      <trkpt lat="37.062774" lon="-86.974629">
        <time>2016-04-02T18:23:39Z</time>
      </trkpt>
      <trkpt lat="37.063132" lon="-86.975043">
        <time>2016-04-02T18:23:36Z</time>
      </trkpt>
      <trkpt lat="37.063698" lon="-86.976155">
        <time>2016-04-02T18:23:30Z</time>
      </trkpt>
      <trkpt lat="37.063825" lon="-86.976734">
        <time>2016-04-02T18:23:27Z</time>
      </trkpt>
      <trkpt lat="37.064035" lon="-86.977726">
        <time>2016-04-02T18:23:22Z</time>
      </trkpt>
      <trkpt lat="37.064074" lon="-86.977920">
        <time>2016-04-02T18:23:21Z</time>
      </trkpt>
      <trkpt lat="37.064147" lon="-86.978305">
        <time>2016-04-02T18:23:19Z</time>
      </trkpt>
      <trkpt lat="37.064186" lon="-86.978499">
        <time>2016-04-02T18:23:18Z</time>
      </trkpt>
      <trkpt lat="37.064350" lon="-86.979340">
        <time>2016-04-02T18:23:14Z</time>
      </trkpt>
      <trkpt lat="37.064414" lon="-86.979754">
        <time>2016-04-02T18:23:12Z</time>
      </trkpt>
      <trkpt lat="37.064611" lon="-86.980553">
        <time>2016-04-02T18:23:08Z</time>
      </trkpt>
      <trkpt lat="37.065021" lon="-86.981110">
        <time>2016-04-02T18:23:04Z</time>
      </trkpt>
      <trkpt lat="37.065300" lon="-86.981183">
        <time>2016-04-02T18:23:02Z</time>
      </trkpt>
      <trkpt lat="37.065959" lon="-86.981123">
        <time>2016-04-02T18:22:58Z</time>
      </trkpt>
      <trkpt lat="37.066135" lon="-86.981118">
        <time>2016-04-02T18:22:57Z</time>
      </trkpt>
      <trkpt lat="37.066737" lon="-86.981362">
        <time>2016-04-02T18:22:53Z</time>
      </trkpt>
      <trkpt lat="37.066944" lon="-86.981660">
        <time>2016-04-02T18:22:51Z</time>
      </trkpt>
      <trkpt lat="37.067517" lon="-86.982983">
        <time>2016-04-02T18:22:44Z</time>
      </trkpt>
      <trkpt lat="37.068052" lon="-86.984290">
        <time>2016-04-02T18:22:37Z</time>
      </trkpt>
      <trkpt lat="37.068163" lon="-86.984665">
        <time>2016-04-02T18:22:35Z</time>
      </trkpt>
      <trkpt lat="37.068370" lon="-86.985423">
        <time>2016-04-02T18:22:31Z</time>
      </trkpt>
      <trkpt lat="37.068496" lon="-86.985800">
        <time>2016-04-02T18:22:29Z</time>
      </trkpt>
      <trkpt lat="37.069018" lon="-86.987125">
        <time>2016-04-02T18:22:22Z</time>
      </trkpt>
      <trkpt lat="37.070188" lon="-86.988696">
        <time>2016-04-02T18:22:11Z</time>
      </trkpt>
      <trkpt lat="37.070408" lon="-86.988973">
        <time>2016-04-02T18:22:09Z</time>
      </trkpt>
      <trkpt lat="37.070502" lon="-86.989128">
        <time>2016-04-02T18:22:08Z</time>
      </trkpt>
      <trkpt lat="37.070697" lon="-86.989616">
        <time>2016-04-02T18:22:05Z</time>
      </trkpt>
      <trkpt lat="37.070432" lon="-86.990529">
        <time>2016-04-02T18:21:59Z</time>
      </trkpt>
      <trkpt lat="37.069895" lon="-86.990998">
        <time>2016-04-02T18:21:54Z</time>
      </trkpt>
      <trkpt lat="37.069781" lon="-86.991325">
        <time>2016-04-02T18:21:49Z</time>
      </trkpt>
      <trkpt lat="37.070118" lon="-86.991723">
        <time>2016-04-02T18:21:44Z</time>
      </trkpt>
      <trkpt lat="37.070786" lon="-86.992718">
        <time>2016-04-02T18:21:36Z</time>
      </trkpt>
      <trkpt lat="37.071006" lon="-86.993242">
        <time>2016-04-02T18:21:33Z</time>
      </trkpt>
      <trkpt lat="37.071083" lon="-86.993448">
        <time>2016-04-02T18:21:32Z</time>
      </trkpt>
      <trkpt lat="37.071165" lon="-86.993675">
        <time>2016-04-02T18:21:31Z</time>
      </trkpt>
      <trkpt lat="37.071252" lon="-86.993911">
        <time>2016-04-02T18:21:30Z</time>
      </trkpt>
      <trkpt lat="37.071678" lon="-86.994786">
        <time>2016-04-02T18:21:26Z</time>
      </trkpt>
      <trkpt lat="37.071955" lon="-86.995148">
        <time>2016-04-02T18:21:24Z</time>
      </trkpt>
      <trkpt lat="37.072750" lon="-86.995809">
        <time>2016-04-02T18:21:19Z</time>
      </trkpt>
      <trkpt lat="37.072906" lon="-86.995904">
        <time>2016-04-02T18:21:18Z</time>
      </trkpt>
      <trkpt lat="37.073326" lon="-86.996154">
        <time>2016-04-02T18:21:15Z</time>
      </trkpt>
      <trkpt lat="37.073772" lon="-86.996423">
        <time>2016-04-02T18:21:11Z</time>
      </trkpt>
      <trkpt lat="37.073879" lon="-86.996487">
        <time>2016-04-02T18:21:10Z</time>
      </trkpt>
      <trkpt lat="37.074240" lon="-86.996707">
        <time>2016-04-02T18:21:07Z</time>
      </trkpt>
      <trkpt lat="37.074374" lon="-86.996789">
        <time>2016-04-02T18:21:06Z</time>
      </trkpt>
      <trkpt lat="37.074648" lon="-86.996956">
        <time>2016-04-02T18:21:04Z</time>
      </trkpt>
      <trkpt lat="37.075061" lon="-86.997201">
        <time>2016-04-02T18:21:01Z</time>
      </trkpt>
      <trkpt lat="37.075799" lon="-86.997529">
        <time>2016-04-02T18:20:54Z</time>
      </trkpt>
      <trkpt lat="37.075913" lon="-86.997644">
        <time>2016-04-02T18:20:49Z</time>
      </trkpt>
      <trkpt lat="37.075914" lon="-86.997656">
        <time>2016-04-02T18:20:46Z</time>
      </trkpt>
      <trkpt lat="37.075913" lon="-86.997629">
        <time>2016-04-02T18:20:44Z</time>
      </trkpt>
      <trkpt lat="37.075903" lon="-86.997625">
        <time>2016-04-02T17:18:49Z</time>
      </trkpt>
      <trkpt lat="37.075912" lon="-86.997626">
        <time>2016-04-02T17:18:37Z</time>
      </trkpt>
      <trkpt lat="37.075920" lon="-86.997628">
        <time>2016-04-02T17:18:16Z</time>
      </trkpt>
      <trkpt lat="37.075971" lon="-86.997682">
        <time>2016-04-02T17:18:08Z</time>
      </trkpt>
      <trkpt lat="37.076180" lon="-86.997523">
        <time>2016-04-02T17:18:01Z</time>
      </trkpt>
      <trkpt lat="37.076366" lon="-86.997482">
        <time>2016-04-02T17:17:58Z</time>
      </trkpt>
      <trkpt lat="37.076618" lon="-86.997655">
        <time>2016-04-02T17:17:52Z</time>
      </trkpt>
      <trkpt lat="37.076658" lon="-86.997957">
        <time>2016-04-02T17:17:49Z</time>
      </trkpt>
      <trkpt lat="37.076604" lon="-86.998858">
        <time>2016-04-02T17:17:44Z</time>
      </trkpt>
      <trkpt lat="37.076510" lon="-86.999338">
        <time>2016-04-02T17:17:42Z</time>
      </trkpt>
      <trkpt lat="37.076351" lon="-87.000121">
        <time>2016-04-02T17:17:39Z</time>
      </trkpt>
      <trkpt lat="37.076310" lon="-87.000381">
        <time>2016-04-02T17:17:38Z</time>
      </trkpt>
      <trkpt lat="37.076298" lon="-87.000906">
        <time>2016-04-02T17:17:36Z</time>
      </trkpt>
      <trkpt lat="37.076554" lon="-87.001877">
        <time>2016-04-02T17:17:32Z</time>
      </trkpt>
      <trkpt lat="37.076674" lon="-87.002086">
        <time>2016-04-02T17:17:31Z</time>
      </trkpt>
      <trkpt lat="37.077138" lon="-87.002587">
        <time>2016-04-02T17:17:28Z</time>
      </trkpt>
      <trkpt lat="37.077694" lon="-87.002984">
        <time>2016-04-02T17:17:25Z</time>
      </trkpt>
      <trkpt lat="37.078639" lon="-87.003720">
        <time>2016-04-02T17:17:20Z</time>
      </trkpt>
      <trkpt lat="37.079565" lon="-87.005203">
        <time>2016-04-02T17:17:13Z</time>
      </trkpt>
      <trkpt lat="37.079920" lon="-87.005941">
        <time>2016-04-02T17:17:10Z</time>
      </trkpt>
      <trkpt lat="37.080039" lon="-87.006188">
        <time>2016-04-02T17:17:09Z</time>
      </trkpt>
      <trkpt lat="37.080156" lon="-87.006434">
        <time>2016-04-02T17:17:08Z</time>
      </trkpt>
      <trkpt lat="37.080273" lon="-87.006679">
        <time>2016-04-02T17:17:07Z</time>
      </trkpt>
      <trkpt lat="37.080390" lon="-87.006921">
        <time>2016-04-02T17:17:06Z</time>
      </trkpt>
      <trkpt lat="37.080506" lon="-87.007163">
        <time>2016-04-02T17:17:05Z</time>
      </trkpt>
      <trkpt lat="37.080621" lon="-87.007405">
        <time>2016-04-02T17:17:04Z</time>
      </trkpt>
      <trkpt lat="37.080849" lon="-87.007885">
        <time>2016-04-02T17:17:02Z</time>
      </trkpt>
      <trkpt lat="37.081410" lon="-87.009027">
        <time>2016-04-02T17:16:57Z</time>
      </trkpt>
      <trkpt lat="37.081534" lon="-87.009230">
        <time>2016-04-02T17:16:56Z</time>
      </trkpt>
      <trkpt lat="37.081674" lon="-87.009413">
        <time>2016-04-02T17:16:55Z</time>
      </trkpt>
      <trkpt lat="37.082173" lon="-87.009817">
        <time>2016-04-02T17:16:52Z</time>
      </trkpt>
      <trkpt lat="37.082723" lon="-87.010070">
        <time>2016-04-02T17:16:49Z</time>
      </trkpt>
      <trkpt lat="37.082907" lon="-87.010148">
        <time>2016-04-02T17:16:48Z</time>
      </trkpt>
      <trkpt lat="37.083650" lon="-87.010461">
        <time>2016-04-02T17:16:44Z</time>
      </trkpt>
      <trkpt lat="37.084026" lon="-87.010629">
        <time>2016-04-02T17:16:42Z</time>
      </trkpt>
      <trkpt lat="37.085337" lon="-87.011164">
        <time>2016-04-02T17:16:35Z</time>
      </trkpt>
      <trkpt lat="37.086098" lon="-87.011425">
        <time>2016-04-02T17:16:31Z</time>
      </trkpt>
      <trkpt lat="37.086286" lon="-87.011489">
        <time>2016-04-02T17:16:30Z</time>
      </trkpt>
      <trkpt lat="37.086849" lon="-87.011675">
        <time>2016-04-02T17:16:27Z</time>
      </trkpt>
      <trkpt lat="37.087034" lon="-87.011751">
        <time>2016-04-02T17:16:26Z</time>
      </trkpt>
      <trkpt lat="37.087540" lon="-87.012129">
        <time>2016-04-02T17:16:23Z</time>
      </trkpt>
      <trkpt lat="37.087682" lon="-87.012308">
        <time>2016-04-02T17:16:22Z</time>
      </trkpt>
      <trkpt lat="37.088008" lon="-87.012972">
        <time>2016-04-02T17:16:19Z</time>
      </trkpt>
      <trkpt lat="37.088204" lon="-87.013731">
        <time>2016-04-02T17:16:16Z</time>
      </trkpt>
      <trkpt lat="37.088266" lon="-87.013987">
        <time>2016-04-02T17:16:15Z</time>
      </trkpt>
      <trkpt lat="37.088614" lon="-87.014936">
        <time>2016-04-02T17:16:11Z</time>
      </trkpt>
      <trkpt lat="37.088741" lon="-87.015139">
        <time>2016-04-02T17:16:10Z</time>
      </trkpt>
      <trkpt lat="37.089266" lon="-87.015926">
        <time>2016-04-02T17:16:06Z</time>
      </trkpt>
      <trkpt lat="37.089635" lon="-87.016481">
        <time>2016-04-02T17:16:03Z</time>
      </trkpt>
      <trkpt lat="37.089756" lon="-87.016658">
        <time>2016-04-02T17:16:02Z</time>
      </trkpt>
      <trkpt lat="37.089994" lon="-87.017022">
        <time>2016-04-02T17:16:00Z</time>
      </trkpt>
      <trkpt lat="37.090118" lon="-87.017199">
        <time>2016-04-02T17:15:59Z</time>
      </trkpt>
      <trkpt lat="37.090251" lon="-87.017366">
        <time>2016-04-02T17:15:58Z</time>
      </trkpt>
      <trkpt lat="37.090389" lon="-87.017520">
        <time>2016-04-02T17:15:57Z</time>
      </trkpt>
      <trkpt lat="37.090528" lon="-87.017666">
        <time>2016-04-02T17:15:56Z</time>
      </trkpt>
      <trkpt lat="37.091185" lon="-87.018309">
        <time>2016-04-02T17:15:50Z</time>
      </trkpt>
      <trkpt lat="37.091572" lon="-87.018606">
        <time>2016-04-02T17:15:43Z</time>
      </trkpt>
      <trkpt lat="37.092048" lon="-87.018916">
        <time>2016-04-02T17:15:38Z</time>
      </trkpt>
      <trkpt lat="37.092177" lon="-87.019000">
        <time>2016-04-02T17:15:37Z</time>
      </trkpt>
      <trkpt lat="37.093953" lon="-87.020180">
        <time>2016-04-02T17:15:26Z</time>
      </trkpt>
      <trkpt lat="37.094597" lon="-87.020609">
        <time>2016-04-02T17:15:22Z</time>
      </trkpt>
      <trkpt lat="37.094755" lon="-87.020711">
        <time>2016-04-02T17:15:21Z</time>
      </trkpt>
      <trkpt lat="37.095557" lon="-87.021249">
        <time>2016-04-02T17:15:16Z</time>
      </trkpt>
      <trkpt lat="37.095717" lon="-87.021357">
        <time>2016-04-02T17:15:15Z</time>
      </trkpt>
      <trkpt lat="37.096190" lon="-87.021671">
        <time>2016-04-02T17:15:12Z</time>
      </trkpt>
      <trkpt lat="37.096342" lon="-87.021771">
        <time>2016-04-02T17:15:11Z</time>
      </trkpt>
      <trkpt lat="37.098070" lon="-87.022620">
        <time>2016-04-02T17:15:00Z</time>
      </trkpt>
      <trkpt lat="37.098386" lon="-87.022749">
        <time>2016-04-02T17:14:58Z</time>
      </trkpt>
      <trkpt lat="37.099687" lon="-87.023083">
        <time>2016-04-02T17:14:50Z</time>
      </trkpt>
      <trkpt lat="37.100165" lon="-87.023165">
        <time>2016-04-02T17:14:47Z</time>
      </trkpt>
      <trkpt lat="37.101049" lon="-87.023217">
        <time>2016-04-02T17:14:41Z</time>
      </trkpt>
      <trkpt lat="37.101378" lon="-87.023101">
        <time>2016-04-02T17:14:38Z</time>
      </trkpt>
      <trkpt lat="37.101581" lon="-87.022698">
        <time>2016-04-02T17:14:35Z</time>
      </trkpt>
      <trkpt lat="37.102248" lon="-87.022690">
        <time>2016-04-02T17:14:29Z</time>
      </trkpt>
      <trkpt lat="37.102360" lon="-87.022773">
        <time>2016-04-02T17:14:28Z</time>
      </trkpt>
      <trkpt lat="37.102620" lon="-87.022859">
        <time>2016-04-02T17:14:26Z</time>
      </trkpt>
      <trkpt lat="37.103480" lon="-87.023751">
        <time>2016-04-02T17:14:19Z</time>
      </trkpt>
      <trkpt lat="37.103639" lon="-87.024148">
        <time>2016-04-02T17:14:17Z</time>
      </trkpt>
      <trkpt lat="37.103711" lon="-87.024361">
        <time>2016-04-02T17:14:16Z</time>
      </trkpt>
      <trkpt lat="37.103868" lon="-87.024801">
        <time>2016-04-02T17:14:14Z</time>
      </trkpt>
      <trkpt lat="37.104162" lon="-87.025375">
        <time>2016-04-02T17:14:11Z</time>
      </trkpt>
      <trkpt lat="37.104677" lon="-87.025953">
        <time>2016-04-02T17:14:07Z</time>
      </trkpt>
      <trkpt lat="37.104980" lon="-87.026199">
        <time>2016-04-02T17:14:05Z</time>
      </trkpt>
      <trkpt lat="37.105304" lon="-87.026407">
        <time>2016-04-02T17:14:03Z</time>
      </trkpt>
      <trkpt lat="37.105621" lon="-87.026616">
        <time>2016-04-02T17:14:01Z</time>
      </trkpt>
      <trkpt lat="37.106352" lon="-87.027084">
        <time>2016-04-02T17:13:56Z</time>
      </trkpt>
      <trkpt lat="37.106719" lon="-87.027371">
        <time>2016-04-02T17:13:53Z</time>
      </trkpt>
      <trkpt lat="37.106834" lon="-87.027479">
        <time>2016-04-02T17:13:52Z</time>
      </trkpt>
      <trkpt lat="37.107315" lon="-87.027948">
        <time>2016-04-02T17:13:48Z</time>
      </trkpt>
      <trkpt lat="37.107576" lon="-87.028205">
        <time>2016-04-02T17:13:46Z</time>
      </trkpt>
      <trkpt lat="37.107847" lon="-87.028476">
        <time>2016-04-02T17:13:44Z</time>
      </trkpt>
      <trkpt lat="37.108276" lon="-87.028903">
        <time>2016-04-02T17:13:41Z</time>
      </trkpt>
      <trkpt lat="37.108704" lon="-87.029335">
        <time>2016-04-02T17:13:38Z</time>
      </trkpt>
      <trkpt lat="37.109608" lon="-87.030073">
        <time>2016-04-02T17:13:32Z</time>
      </trkpt>
      <trkpt lat="37.109958" lon="-87.030305">
        <time>2016-04-02T17:13:30Z</time>
      </trkpt>
      <trkpt lat="37.110428" lon="-87.030733">
        <time>2016-04-02T17:13:27Z</time>
      </trkpt>
      <trkpt lat="37.110563" lon="-87.030913">
        <time>2016-04-02T17:13:26Z</time>
      </trkpt>
      <trkpt lat="37.110964" lon="-87.031501">
        <time>2016-04-02T17:13:23Z</time>
      </trkpt>
      <trkpt lat="37.111096" lon="-87.031700">
        <time>2016-04-02T17:13:22Z</time>
      </trkpt>
      <trkpt lat="37.111349" lon="-87.032070">
        <time>2016-04-02T17:13:20Z</time>
      </trkpt>
      <trkpt lat="37.111580" lon="-87.032462">
        <time>2016-04-02T17:13:18Z</time>
      </trkpt>
      <trkpt lat="37.112125" lon="-87.033061">
        <time>2016-04-02T17:13:14Z</time>
      </trkpt>
      <trkpt lat="37.112285" lon="-87.033146">
        <time>2016-04-02T17:13:13Z</time>
      </trkpt>
      <trkpt lat="37.112874" lon="-87.033425">
        <time>2016-04-02T17:13:09Z</time>
      </trkpt>
      <trkpt lat="37.113112" lon="-87.033524">
        <time>2016-04-02T17:13:07Z</time>
      </trkpt>
      <trkpt lat="37.113293" lon="-87.033620">
        <time>2016-04-02T17:13:05Z</time>
      </trkpt>
      <trkpt lat="37.113845" lon="-87.033997">
        <time>2016-04-02T17:12:58Z</time>
      </trkpt>
      <trkpt lat="37.114174" lon="-87.034220">
        <time>2016-04-02T17:12:55Z</time>
      </trkpt>
      <trkpt lat="37.114490" lon="-87.034462">
        <time>2016-04-02T17:12:52Z</time>
      </trkpt>
      <trkpt lat="37.114817" lon="-87.034739">
        <time>2016-04-02T17:12:49Z</time>
      </trkpt>
      <trkpt lat="37.115139" lon="-87.034979">
        <time>2016-04-02T17:12:46Z</time>
      </trkpt>
      <trkpt lat="37.115410" lon="-87.035116">
        <time>2016-04-02T17:12:43Z</time>
      </trkpt>
      <trkpt lat="37.115728" lon="-87.035279">
        <time>2016-04-02T17:12:40Z</time>
      </trkpt>
      <trkpt lat="37.116066" lon="-87.035559">
        <time>2016-04-02T17:12:37Z</time>
      </trkpt>
      <trkpt lat="37.116167" lon="-87.035658">
        <time>2016-04-02T17:12:36Z</time>
      </trkpt>
      <trkpt lat="37.116700" lon="-87.036226">
        <time>2016-04-02T17:12:30Z</time>
      </trkpt>
      <trkpt lat="37.116887" lon="-87.036423">
        <time>2016-04-02T17:12:28Z</time>
      </trkpt>
      <trkpt lat="37.117224" lon="-87.036784">
        <time>2016-04-02T17:12:24Z</time>
      </trkpt>
      <trkpt lat="37.117719" lon="-87.037292">
        <time>2016-04-02T17:12:18Z</time>
      </trkpt>
      <trkpt lat="37.117957" lon="-87.037603">
        <time>2016-04-02T17:12:15Z</time>
      </trkpt>
      <trkpt lat="37.118211" lon="-87.037898">
        <time>2016-04-02T17:12:12Z</time>
      </trkpt>
      <trkpt lat="37.118984" lon="-87.038741">
        <time>2016-04-02T17:12:04Z</time>
      </trkpt>
      <trkpt lat="37.119237" lon="-87.039003">
        <time>2016-04-02T17:12:01Z</time>
      </trkpt>
      <trkpt lat="37.119324" lon="-87.039066">
        <time>2016-04-02T17:12:00Z</time>
      </trkpt>
      <trkpt lat="37.119529" lon="-87.039203">
        <time>2016-04-02T17:11:58Z</time>
      </trkpt>
      <trkpt lat="37.119778" lon="-87.039373">
        <time>2016-04-02T17:11:56Z</time>
      </trkpt>
      <trkpt lat="37.120035" lon="-87.039532">
        <time>2016-04-02T17:11:54Z</time>
      </trkpt>
      <trkpt lat="37.120286" lon="-87.039661">
        <time>2016-04-02T17:11:52Z</time>
      </trkpt>
      <trkpt lat="37.120768" lon="-87.039817">
        <time>2016-04-02T17:11:48Z</time>
      </trkpt>
      <trkpt lat="37.120899" lon="-87.039834">
        <time>2016-04-02T17:11:47Z</time>
      </trkpt>
      <trkpt lat="37.121036" lon="-87.039851">
        <time>2016-04-02T17:11:46Z</time>
      </trkpt>
      <trkpt lat="37.121177" lon="-87.039868">
        <time>2016-04-02T17:11:45Z</time>
      </trkpt>
      <trkpt lat="37.121320" lon="-87.039888">
        <time>2016-04-02T17:11:44Z</time>
      </trkpt>
      <trkpt lat="37.121453" lon="-87.039908">
        <time>2016-04-02T17:11:43Z</time>
      </trkpt>
      <trkpt lat="37.121972" lon="-87.039954">
        <time>2016-04-02T17:11:38Z</time>
      </trkpt>
      <trkpt lat="37.122390" lon="-87.040007">
        <time>2016-04-02T17:11:32Z</time>
      </trkpt>
      <trkpt lat="37.122613" lon="-87.039996">
        <time>2016-04-02T17:11:27Z</time>
      </trkpt>
      <trkpt lat="37.122823" lon="-87.039919">
        <time>2016-04-02T17:11:24Z</time>
      </trkpt>
      <trkpt lat="37.123115" lon="-87.039881">
        <time>2016-04-02T17:11:21Z</time>
      </trkpt>
      <trkpt lat="37.123569" lon="-87.040199">
        <time>2016-04-02T17:11:15Z</time>
      </trkpt>
      <trkpt lat="37.123704" lon="-87.040541">
        <time>2016-04-02T17:11:12Z</time>
      </trkpt>
      <trkpt lat="37.124279" lon="-87.041662">
        <time>2016-04-02T17:11:03Z</time>
      </trkpt>
      <trkpt lat="37.124492" lon="-87.041912">
        <time>2016-04-02T17:10:59Z</time>
      </trkpt>
      <trkpt lat="37.124640" lon="-87.041990">
        <time>2016-04-02T17:10:56Z</time>
      </trkpt>
      <trkpt lat="37.124770" lon="-87.042100">
        <time>2016-04-02T17:10:53Z</time>
      </trkpt>
      <trkpt lat="37.124861" lon="-87.042218">
        <time>2016-04-02T17:10:51Z</time>
      </trkpt>
      <trkpt lat="37.125258" lon="-87.042655">
        <time>2016-04-02T17:10:44Z</time>
      </trkpt>
      <trkpt lat="37.125296" lon="-87.042684">
        <time>2016-04-02T17:10:43Z</time>
      </trkpt>
      <trkpt lat="37.125449" lon="-87.042814">
        <time>2016-04-02T17:10:21Z</time>
      </trkpt>
      <trkpt lat="37.125441" lon="-87.042798">
        <time>2016-04-02T17:09:57Z</time>
      </trkpt>
      <trkpt lat="37.125449" lon="-87.042786">
        <time>2016-04-02T17:09:30Z</time>
      </trkpt>
      <trkpt lat="37.125439" lon="-87.042787">
        <time>2016-04-02T17:09:03Z</time>
      </trkpt>
      <trkpt lat="37.125433" lon="-87.042778">
        <time>2016-04-02T17:08:33Z</time>
      </trkpt>
      <trkpt lat="37.125432" lon="-87.042788">
        <time>2016-04-02T17:07:58Z</time>
      </trkpt>
      <trkpt lat="37.125428" lon="-87.042796">
        <time>2016-04-02T17:07:25Z</time>
      </trkpt>
      <trkpt lat="37.125430" lon="-87.042785">
        <time>2016-04-02T17:06:54Z</time>
      </trkpt>
      <trkpt lat="37.125446" lon="-87.042801">
        <time>2016-04-02T17:06:21Z</time>
      </trkpt>
      <trkpt lat="37.125450" lon="-87.042781">
        <time>2016-04-02T17:05:52Z</time>
      </trkpt>
      <trkpt lat="37.125435" lon="-87.042783">
        <time>2016-04-02T17:05:23Z</time>
      </trkpt>
      <trkpt lat="37.125460" lon="-87.042787">
        <time>2016-04-02T17:04:50Z</time>
      </trkpt>
      <trkpt lat="37.125469" lon="-87.042766">
        <time>2016-04-02T17:04:22Z</time>
      </trkpt>
      <trkpt lat="37.125449" lon="-87.042768">
        <time>2016-04-02T17:03:54Z</time>
      </trkpt>
      <trkpt lat="37.125422" lon="-87.042700">
        <time>2016-04-02T17:03:26Z</time>
      </trkpt>
      <trkpt lat="37.125414" lon="-87.042721">
        <time>2016-04-02T17:02:57Z</time>
      </trkpt>
      <trkpt lat="37.125430" lon="-87.042741">
        <time>2016-04-02T17:02:30Z</time>
      </trkpt>
      <trkpt lat="37.125436" lon="-87.042757">
        <time>2016-04-02T17:02:05Z</time>
      </trkpt>
      <trkpt lat="37.125434" lon="-87.042767">
        <time>2016-04-02T17:01:32Z</time>
      </trkpt>
      <trkpt lat="37.125423" lon="-87.042781">
        <time>2016-04-02T17:01:04Z</time>
      </trkpt>
      <trkpt lat="37.125419" lon="-87.042788">
        <time>2016-04-02T17:00:28Z</time>
      </trkpt>
      <trkpt lat="37.125436" lon="-87.042779">
        <time>2016-04-02T16:59:57Z</time>
      </trkpt>
      <trkpt lat="37.125448" lon="-87.042772">
        <time>2016-04-02T16:59:22Z</time>
      </trkpt>
      <trkpt lat="37.125435" lon="-87.042784">
        <time>2016-04-02T16:58:54Z</time>
      </trkpt>
      <trkpt lat="37.125445" lon="-87.042784">
        <time>2016-04-02T16:58:23Z</time>
      </trkpt>
      <trkpt lat="37.125438" lon="-87.042799">
        <time>2016-04-02T16:57:51Z</time>
      </trkpt>
      <trkpt lat="37.125445" lon="-87.042803">
        <time>2016-04-02T16:57:24Z</time>
      </trkpt>
      <trkpt lat="37.125445" lon="-87.042792">
        <time>2016-04-02T16:56:59Z</time>
      </trkpt>
      <trkpt lat="37.125458" lon="-87.042799">
        <time>2016-04-02T16:56:28Z</time>
      </trkpt>
      <trkpt lat="37.125471" lon="-87.042772">
        <time>2016-04-02T16:55:55Z</time>
      </trkpt>
      <trkpt lat="37.125460" lon="-87.042750">
        <time>2016-04-02T16:55:26Z</time>
      </trkpt>
      <trkpt lat="37.125432" lon="-87.042755">
        <time>2016-04-02T16:54:54Z</time>
      </trkpt>
      <trkpt lat="37.125427" lon="-87.042767">
        <time>2016-04-02T16:54:23Z</time>
      </trkpt>
      <trkpt lat="37.125439" lon="-87.042799">
        <time>2016-04-02T16:53:51Z</time>
      </trkpt>
      <trkpt lat="37.125444" lon="-87.042798">
        <time>2016-04-02T16:53:22Z</time>
      </trkpt>
      <trkpt lat="37.125465" lon="-87.042828">
        <time>2016-04-02T16:52:57Z</time>
      </trkpt>
      <trkpt lat="37.125515" lon="-87.042852">
        <time>2016-04-02T16:52:47Z</time>
      </trkpt>
      <trkpt lat="37.125728" lon="-87.043155">
        <time>2016-04-02T16:52:42Z</time>
      </trkpt>
      <trkpt lat="37.125836" lon="-87.043435">
        <time>2016-04-02T16:52:39Z</time>
      </trkpt>
      <trkpt lat="37.126023" lon="-87.043726">
        <time>2016-04-02T16:52:36Z</time>
      </trkpt>
      <trkpt lat="37.126398" lon="-87.044195">
        <time>2016-04-02T16:52:31Z</time>
      </trkpt>
      <trkpt lat="37.126495" lon="-87.044270">
        <time>2016-04-02T16:52:30Z</time>
      </trkpt>
      <trkpt lat="37.127981" lon="-87.044973">
        <time>2016-04-02T16:52:18Z</time>
      </trkpt>
      <trkpt lat="37.128099" lon="-87.045031">
        <time>2016-04-02T16:52:17Z</time>
      </trkpt>
      <trkpt lat="37.128453" lon="-87.045209">
        <time>2016-04-02T16:52:14Z</time>
      </trkpt>
      <trkpt lat="37.128567" lon="-87.045269">
        <time>2016-04-02T16:52:13Z</time>
      </trkpt>
      <trkpt lat="37.128808" lon="-87.045390">
        <time>2016-04-02T16:52:11Z</time>
      </trkpt>
      <trkpt lat="37.128934" lon="-87.045453">
        <time>2016-04-02T16:52:10Z</time>
      </trkpt>
      <trkpt lat="37.129189" lon="-87.045584">
        <time>2016-04-02T16:52:08Z</time>
      </trkpt>
      <trkpt lat="37.129313" lon="-87.045655">
        <time>2016-04-02T16:52:07Z</time>
      </trkpt>
      <trkpt lat="37.129540" lon="-87.045804">
        <time>2016-04-02T16:52:05Z</time>
      </trkpt>
      <trkpt lat="37.129748" lon="-87.045973">
        <time>2016-04-02T16:52:03Z</time>
      </trkpt>
      <trkpt lat="37.130055" lon="-87.046233">
        <time>2016-04-02T16:52:00Z</time>
      </trkpt>
      <trkpt lat="37.130275" lon="-87.046375">
        <time>2016-04-02T16:51:58Z</time>
      </trkpt>
      <trkpt lat="37.130385" lon="-87.046441">
        <time>2016-04-02T16:51:57Z</time>
      </trkpt>
      <trkpt lat="37.130891" lon="-87.046786">
        <time>2016-04-02T16:51:52Z</time>
      </trkpt>
      <trkpt lat="37.131000" lon="-87.046870">
        <time>2016-04-02T16:51:51Z</time>
      </trkpt>
      <trkpt lat="37.131955" lon="-87.047476">
        <time>2016-04-02T16:51:43Z</time>
      </trkpt>
      <trkpt lat="37.132234" lon="-87.047549">
        <time>2016-04-02T16:51:41Z</time>
      </trkpt>
      <trkpt lat="37.132534" lon="-87.047632">
        <time>2016-04-02T16:51:39Z</time>
      </trkpt>
      <trkpt lat="37.132821" lon="-87.047749">
        <time>2016-04-02T16:51:37Z</time>
      </trkpt>
      <trkpt lat="37.133098" lon="-87.047899">
        <time>2016-04-02T16:51:35Z</time>
      </trkpt>
      <trkpt lat="37.133842" lon="-87.048279">
        <time>2016-04-02T16:51:30Z</time>
      </trkpt>
      <trkpt lat="37.134175" lon="-87.048445">
        <time>2016-04-02T16:51:28Z</time>
      </trkpt>
      <trkpt lat="37.134805" lon="-87.048631">
        <time>2016-04-02T16:51:24Z</time>
      </trkpt>
      <trkpt lat="37.135493" lon="-87.049016">
        <time>2016-04-02T16:51:16Z</time>
      </trkpt>
      <trkpt lat="37.135535" lon="-87.049024">
        <time>2016-04-02T16:51:15Z</time>
      </trkpt>
      <trkpt lat="37.135876" lon="-87.049146">
        <time>2016-04-02T16:51:06Z</time>
      </trkpt>
      <trkpt lat="37.136588" lon="-87.049660">
        <time>2016-04-02T16:50:57Z</time>
      </trkpt>
      <trkpt lat="37.137525" lon="-87.050436">
        <time>2016-04-02T16:50:48Z</time>
      </trkpt>
      <trkpt lat="37.137782" lon="-87.050547">
        <time>2016-04-02T16:50:46Z</time>
      </trkpt>
      <trkpt lat="37.138082" lon="-87.050695">
        <time>2016-04-02T16:50:44Z</time>
      </trkpt>
      <trkpt lat="37.138533" lon="-87.050967">
        <time>2016-04-02T16:50:41Z</time>
      </trkpt>
      <trkpt lat="37.138979" lon="-87.051254">
        <time>2016-04-02T16:50:38Z</time>
      </trkpt>
      <trkpt lat="37.139564" lon="-87.051687">
        <time>2016-04-02T16:50:34Z</time>
      </trkpt>
      <trkpt lat="37.139973" lon="-87.052071">
        <time>2016-04-02T16:50:31Z</time>
      </trkpt>
      <trkpt lat="37.140105" lon="-87.052192">
        <time>2016-04-02T16:50:30Z</time>
      </trkpt>
      <trkpt lat="37.140859" lon="-87.053142">
        <time>2016-04-02T16:50:23Z</time>
      </trkpt>
      <trkpt lat="37.141324" lon="-87.054028">
        <time>2016-04-02T16:50:17Z</time>
      </trkpt>
      <trkpt lat="37.141400" lon="-87.054179">
        <time>2016-04-02T16:50:16Z</time>
      </trkpt>
      <trkpt lat="37.141969" lon="-87.055254">
        <time>2016-04-02T16:50:09Z</time>
      </trkpt>
      <trkpt lat="37.142050" lon="-87.055401">
        <time>2016-04-02T16:50:08Z</time>
      </trkpt>
      <trkpt lat="37.142656" lon="-87.056329">
        <time>2016-04-02T16:50:01Z</time>
      </trkpt>
      <trkpt lat="37.142817" lon="-87.056593">
        <time>2016-04-02T16:49:59Z</time>
      </trkpt>
      <trkpt lat="37.142897" lon="-87.056725">
        <time>2016-04-02T16:49:58Z</time>
      </trkpt>
      <trkpt lat="37.143580" lon="-87.058055">
        <time>2016-04-02T16:49:49Z</time>
      </trkpt>
      <trkpt lat="37.144085" lon="-87.058788">
        <time>2016-04-02T16:49:43Z</time>
      </trkpt>
      <trkpt lat="37.145563" lon="-87.060134">
        <time>2016-04-02T16:49:30Z</time>
      </trkpt>
      <trkpt lat="37.146132" lon="-87.060678">
        <time>2016-04-02T16:49:25Z</time>
      </trkpt>
      <trkpt lat="37.146551" lon="-87.061121">
        <time>2016-04-02T16:49:21Z</time>
      </trkpt>
      <trkpt lat="37.147147" lon="-87.061834">
        <time>2016-04-02T16:49:15Z</time>
      </trkpt>
      <trkpt lat="37.148178" lon="-87.063148">
        <time>2016-04-02T16:49:05Z</time>
      </trkpt>
      <trkpt lat="37.148838" lon="-87.064360">
        <time>2016-04-02T16:48:55Z</time>
      </trkpt>
      <trkpt lat="37.149110" lon="-87.065044">
        <time>2016-04-02T16:48:48Z</time>
      </trkpt>
      <trkpt lat="37.149140" lon="-87.065142">
        <time>2016-04-02T16:48:36Z</time>
      </trkpt>
      <trkpt lat="37.149360" lon="-87.065222">
        <time>2016-04-02T16:48:29Z</time>
      </trkpt>
      <trkpt lat="37.149556" lon="-87.065060">
        <time>2016-04-02T16:48:26Z</time>
      </trkpt>
      <trkpt lat="37.149948" lon="-87.064864">
        <time>2016-04-02T16:48:22Z</time>
      </trkpt>
      <trkpt lat="37.151054" lon="-87.064387">
        <time>2016-04-02T16:48:14Z</time>
      </trkpt>
      <trkpt lat="37.152850" lon="-87.063583">
        <time>2016-04-02T16:48:03Z</time>
      </trkpt>
      <trkpt lat="37.152994" lon="-87.063515">
        <time>2016-04-02T16:48:02Z</time>
      </trkpt>
      <trkpt lat="37.153121" lon="-87.063427">
        <time>2016-04-02T16:48:01Z</time>
      </trkpt>
      <trkpt lat="37.153312" lon="-87.063171">
        <time>2016-04-02T16:47:59Z</time>
      </trkpt>
      <trkpt lat="37.153424" lon="-87.062885">
        <time>2016-04-02T16:47:57Z</time>
      </trkpt>
      <trkpt lat="37.153438" lon="-87.062736">
        <time>2016-04-02T16:47:56Z</time>
      </trkpt>
      <trkpt lat="37.153332" lon="-87.062243">
        <time>2016-04-02T16:47:53Z</time>
      </trkpt>
      <trkpt lat="37.153289" lon="-87.062076">
        <time>2016-04-02T16:47:52Z</time>
      </trkpt>
      <trkpt lat="37.153456" lon="-87.061573">
        <time>2016-04-02T16:47:48Z</time>
      </trkpt>
      <trkpt lat="37.153576" lon="-87.061488">
        <time>2016-04-02T16:47:47Z</time>
      </trkpt>
      <trkpt lat="37.153704" lon="-87.061399">
        <time>2016-04-02T16:47:46Z</time>
      </trkpt>
      <trkpt lat="37.153841" lon="-87.061305">
        <time>2016-04-02T16:47:45Z</time>
      </trkpt>
      <trkpt lat="37.154136" lon="-87.061098">
        <time>2016-04-02T16:47:43Z</time>
      </trkpt>
      <trkpt lat="37.154582" lon="-87.060751">
        <time>2016-04-02T16:47:40Z</time>
      </trkpt>
      <trkpt lat="37.155634" lon="-87.059975">
        <time>2016-04-02T16:47:33Z</time>
      </trkpt>
      <trkpt lat="37.155786" lon="-87.059878">
        <time>2016-04-02T16:47:32Z</time>
      </trkpt>
      <trkpt lat="37.156109" lon="-87.059749">
        <time>2016-04-02T16:47:30Z</time>
      </trkpt>
      <trkpt lat="37.157171" lon="-87.059281">
        <time>2016-04-02T16:47:23Z</time>
      </trkpt>
      <trkpt lat="37.157320" lon="-87.059184">
        <time>2016-04-02T16:47:22Z</time>
      </trkpt>
      <trkpt lat="37.157618" lon="-87.058997">
        <time>2016-04-02T16:47:20Z</time>
      </trkpt>
      <trkpt lat="37.158217" lon="-87.058650">
        <time>2016-04-02T16:47:16Z</time>
      </trkpt>
      <trkpt lat="37.158678" lon="-87.058341">
        <time>2016-04-02T16:47:13Z</time>
      </trkpt>
      <trkpt lat="37.159175" lon="-87.057991">
        <time>2016-04-02T16:47:10Z</time>
      </trkpt>
      <trkpt lat="37.159498" lon="-87.057757">
        <time>2016-04-02T16:47:08Z</time>
      </trkpt>
      <trkpt lat="37.160277" lon="-87.057220">
        <time>2016-04-02T16:47:03Z</time>
      </trkpt>
      <trkpt lat="37.160453" lon="-87.057141">
        <time>2016-04-02T16:47:02Z</time>
      </trkpt>
      <trkpt lat="37.160805" lon="-87.056982">
        <time>2016-04-02T16:47:00Z</time>
      </trkpt>
      <trkpt lat="37.161443" lon="-87.056605">
        <time>2016-04-02T16:46:56Z</time>
      </trkpt>
      <trkpt lat="37.161911" lon="-87.056367">
        <time>2016-04-02T16:46:53Z</time>
      </trkpt>
      <trkpt lat="37.162453" lon="-87.056246">
        <time>2016-04-02T16:46:49Z</time>
      </trkpt>
      <trkpt lat="37.162588" lon="-87.056280">
        <time>2016-04-02T16:46:48Z</time>
      </trkpt>
      <trkpt lat="37.163025" lon="-87.056421">
        <time>2016-04-02T16:46:45Z</time>
      </trkpt>
      <trkpt lat="37.163494" lon="-87.056743">
        <time>2016-04-02T16:46:41Z</time>
      </trkpt>
      <trkpt lat="37.163590" lon="-87.056879">
        <time>2016-04-02T16:46:40Z</time>
      </trkpt>
      <trkpt lat="37.164075" lon="-87.057644">
        <time>2016-04-02T16:46:35Z</time>
      </trkpt>
      <trkpt lat="37.164463" lon="-87.058272">
        <time>2016-04-02T16:46:31Z</time>
      </trkpt>
      <trkpt lat="37.164562" lon="-87.058436">
        <time>2016-04-02T16:46:30Z</time>
      </trkpt>
      <trkpt lat="37.164956" lon="-87.059107">
        <time>2016-04-02T16:46:26Z</time>
      </trkpt>
      <trkpt lat="37.165047" lon="-87.059265">
        <time>2016-04-02T16:46:25Z</time>
      </trkpt>
      <trkpt lat="37.165252" lon="-87.059502">
        <time>2016-04-02T16:46:23Z</time>
      </trkpt>
      <trkpt lat="37.165762" lon="-87.059482">
        <time>2016-04-02T16:46:19Z</time>
      </trkpt>
      <trkpt lat="37.166017" lon="-87.059296">
        <time>2016-04-02T16:46:17Z</time>
      </trkpt>
      <trkpt lat="37.166592" lon="-87.058860">
        <time>2016-04-02T16:46:13Z</time>
      </trkpt>
      <trkpt lat="37.167177" lon="-87.058395">
        <time>2016-04-02T16:46:09Z</time>
      </trkpt>
      <trkpt lat="37.167317" lon="-87.058283">
        <time>2016-04-02T16:46:08Z</time>
      </trkpt>
      <trkpt lat="37.167455" lon="-87.058174">
        <time>2016-04-02T16:46:07Z</time>
      </trkpt>
      <trkpt lat="37.167591" lon="-87.058066">
        <time>2016-04-02T16:46:06Z</time>
      </trkpt>
      <trkpt lat="37.167722" lon="-87.057963">
        <time>2016-04-02T16:46:05Z</time>
      </trkpt>
      <trkpt lat="37.168109" lon="-87.057675">
        <time>2016-04-02T16:46:02Z</time>
      </trkpt>
      <trkpt lat="37.168460" lon="-87.057387">
        <time>2016-04-02T16:45:59Z</time>
      </trkpt>
      <trkpt lat="37.168761" lon="-87.057253">
        <time>2016-04-02T16:45:56Z</time>
      </trkpt>
      <trkpt lat="37.169005" lon="-87.057517">
        <time>2016-04-02T16:45:53Z</time>
      </trkpt>
      <trkpt lat="37.169061" lon="-87.057669">
        <time>2016-04-02T16:45:52Z</time>
      </trkpt>
      <trkpt lat="37.169117" lon="-87.057835">
        <time>2016-04-02T16:45:51Z</time>
      </trkpt>
      <trkpt lat="37.169242" lon="-87.058187">
        <time>2016-04-02T16:45:49Z</time>
      </trkpt>
      <trkpt lat="37.169307" lon="-87.058365">
        <time>2016-04-02T16:45:48Z</time>
      </trkpt>
      <trkpt lat="37.169505" lon="-87.058925">
        <time>2016-04-02T16:45:45Z</time>
      </trkpt>
      <trkpt lat="37.169807" lon="-87.059645">
        <time>2016-04-02T16:45:41Z</time>
      </trkpt>
      <trkpt lat="37.169897" lon="-87.059841">
        <time>2016-04-02T16:45:40Z</time>
      </trkpt>
      <trkpt lat="37.170145" lon="-87.060496">
        <time>2016-04-02T16:45:37Z</time>
      </trkpt>
      <trkpt lat="37.170232" lon="-87.060700">
        <time>2016-04-02T16:45:36Z</time>
      </trkpt>
      <trkpt lat="37.170961" lon="-87.061228">
        <time>2016-04-02T16:45:31Z</time>
      </trkpt>
      <trkpt lat="37.171151" lon="-87.061243">
        <time>2016-04-02T16:45:30Z</time>
      </trkpt>
      <trkpt lat="37.171349" lon="-87.061246">
        <time>2016-04-02T16:45:29Z</time>
      </trkpt>
      <trkpt lat="37.171549" lon="-87.061235">
        <time>2016-04-02T16:45:28Z</time>
      </trkpt>
      <trkpt lat="37.172111" lon="-87.061139">
        <time>2016-04-02T16:45:25Z</time>
      </trkpt>
      <trkpt lat="37.172874" lon="-87.061115">
        <time>2016-04-02T16:45:20Z</time>
      </trkpt>
      <trkpt lat="37.173103" lon="-87.060988">
        <time>2016-04-02T16:45:18Z</time>
      </trkpt>
      <trkpt lat="37.174392" lon="-87.059933">
        <time>2016-04-02T16:45:08Z</time>
      </trkpt>
      <trkpt lat="37.174908" lon="-87.059513">
        <time>2016-04-02T16:45:04Z</time>
      </trkpt>
      <trkpt lat="37.175533" lon="-87.059069">
        <time>2016-04-02T16:44:59Z</time>
      </trkpt>
      <trkpt lat="37.175921" lon="-87.058757">
        <time>2016-04-02T16:44:55Z</time>
      </trkpt>
      <trkpt lat="37.175999" lon="-87.058699">
        <time>2016-04-02T16:44:54Z</time>
      </trkpt>
      <trkpt lat="37.176279" lon="-87.058772">
        <time>2016-04-02T16:44:50Z</time>
      </trkpt>
      <trkpt lat="37.176510" lon="-87.059143">
        <time>2016-04-02T16:44:47Z</time>
      </trkpt>
      <trkpt lat="37.176730" lon="-87.059433">
        <time>2016-04-02T16:44:45Z</time>
      </trkpt>
      <trkpt lat="37.177538" lon="-87.060153">
        <time>2016-04-02T16:44:40Z</time>
      </trkpt>
      <trkpt lat="37.177889" lon="-87.060424">
        <time>2016-04-02T16:44:38Z</time>
      </trkpt>
      <trkpt lat="37.178619" lon="-87.060992">
        <time>2016-04-02T16:44:34Z</time>
      </trkpt>
      <trkpt lat="37.179152" lon="-87.061415">
        <time>2016-04-02T16:44:31Z</time>
      </trkpt>
      <trkpt lat="37.179331" lon="-87.061555">
        <time>2016-04-02T16:44:30Z</time>
      </trkpt>
      <trkpt lat="37.181041" lon="-87.062881">
        <time>2016-04-02T16:44:21Z</time>
      </trkpt>
      <trkpt lat="37.181233" lon="-87.063035">
        <time>2016-04-02T16:44:20Z</time>
      </trkpt>
      <trkpt lat="37.181424" lon="-87.063194">
        <time>2016-04-02T16:44:19Z</time>
      </trkpt>
      <trkpt lat="37.181806" lon="-87.063523">
        <time>2016-04-02T16:44:17Z</time>
      </trkpt>
      <trkpt lat="37.181998" lon="-87.063692">
        <time>2016-04-02T16:44:16Z</time>
      </trkpt>
      <trkpt lat="37.182384" lon="-87.064036">
        <time>2016-04-02T16:44:14Z</time>
      </trkpt>
      <trkpt lat="37.182952" lon="-87.064577">
        <time>2016-04-02T16:44:11Z</time>
      </trkpt>
      <trkpt lat="37.183320" lon="-87.064948">
        <time>2016-04-02T16:44:09Z</time>
      </trkpt>
      <trkpt lat="37.183669" lon="-87.065311">
        <time>2016-04-02T16:44:07Z</time>
      </trkpt>
      <trkpt lat="37.184004" lon="-87.065647">
        <time>2016-04-02T16:44:05Z</time>
      </trkpt>
      <trkpt lat="37.184170" lon="-87.065797">
        <time>2016-04-02T16:44:04Z</time>
      </trkpt>
      <trkpt lat="37.184680" lon="-87.066184">
        <time>2016-04-02T16:44:01Z</time>
      </trkpt>
      <trkpt lat="37.185069" lon="-87.066389">
        <time>2016-04-02T16:43:59Z</time>
      </trkpt>
      <trkpt lat="37.185701" lon="-87.066630">
        <time>2016-04-02T16:43:56Z</time>
      </trkpt>
      <trkpt lat="37.185914" lon="-87.066705">
        <time>2016-04-02T16:43:55Z</time>
      </trkpt>
      <trkpt lat="37.186344" lon="-87.066865">
        <time>2016-04-02T16:43:53Z</time>
      </trkpt>
      <trkpt lat="37.186565" lon="-87.066954">
        <time>2016-04-02T16:43:52Z</time>
      </trkpt>
      <trkpt lat="37.187216" lon="-87.067279">
        <time>2016-04-02T16:43:49Z</time>
      </trkpt>
      <trkpt lat="37.187625" lon="-87.067523">
        <time>2016-04-02T16:43:47Z</time>
      </trkpt>
      <trkpt lat="37.188220" lon="-87.067943">
        <time>2016-04-02T16:43:44Z</time>
      </trkpt>
      <trkpt lat="37.188816" lon="-87.068430">
        <time>2016-04-02T16:43:41Z</time>
      </trkpt>
      <trkpt lat="37.189017" lon="-87.068590">
        <time>2016-04-02T16:43:40Z</time>
      </trkpt>
      <trkpt lat="37.189215" lon="-87.068749">
        <time>2016-04-02T16:43:39Z</time>
      </trkpt>
      <trkpt lat="37.189608" lon="-87.069058">
        <time>2016-04-02T16:43:37Z</time>
      </trkpt>
      <trkpt lat="37.189997" lon="-87.069372">
        <time>2016-04-02T16:43:35Z</time>
      </trkpt>
      <trkpt lat="37.190377" lon="-87.069675">
        <time>2016-04-02T16:43:33Z</time>
      </trkpt>
      <trkpt lat="37.190751" lon="-87.069976">
        <time>2016-04-02T16:43:31Z</time>
      </trkpt>
      <trkpt lat="37.191121" lon="-87.070272">
        <time>2016-04-02T16:43:29Z</time>
      </trkpt>
      <trkpt lat="37.191485" lon="-87.070560">
        <time>2016-04-02T16:43:27Z</time>
      </trkpt>
      <trkpt lat="37.191666" lon="-87.070704">
        <time>2016-04-02T16:43:26Z</time>
      </trkpt>
      <trkpt lat="37.192205" lon="-87.071148">
        <time>2016-04-02T16:43:23Z</time>
      </trkpt>
      <trkpt lat="37.192384" lon="-87.071293">
        <time>2016-04-02T16:43:22Z</time>
      </trkpt>
      <trkpt lat="37.193088" lon="-87.071834">
        <time>2016-04-02T16:43:18Z</time>
      </trkpt>
      <trkpt lat="37.193798" lon="-87.072345">
        <time>2016-04-02T16:43:14Z</time>
      </trkpt>
      <trkpt lat="37.194535" lon="-87.072862">
        <time>2016-04-02T16:43:10Z</time>
      </trkpt>
      <trkpt lat="37.194900" lon="-87.073112">
        <time>2016-04-02T16:43:08Z</time>
      </trkpt>
      <trkpt lat="37.196242" lon="-87.074027">
        <time>2016-04-02T16:43:01Z</time>
      </trkpt>
      <trkpt lat="37.196435" lon="-87.074160">
        <time>2016-04-02T16:43:00Z</time>
      </trkpt>
      <trkpt lat="37.196806" lon="-87.074428">
        <time>2016-04-02T16:42:58Z</time>
      </trkpt>
      <trkpt lat="37.197155" lon="-87.074705">
        <time>2016-04-02T16:42:56Z</time>
      </trkpt>
      <trkpt lat="37.197488" lon="-87.074998">
        <time>2016-04-02T16:42:54Z</time>
      </trkpt>
      <trkpt lat="37.197811" lon="-87.075308">
        <time>2016-04-02T16:42:52Z</time>
      </trkpt>
      <trkpt lat="37.199893" lon="-87.077527">
        <time>2016-04-02T16:42:39Z</time>
      </trkpt>
      <trkpt lat="37.200054" lon="-87.077696">
        <time>2016-04-02T16:42:38Z</time>
      </trkpt>
      <trkpt lat="37.200214" lon="-87.077865">
        <time>2016-04-02T16:42:37Z</time>
      </trkpt>
      <trkpt lat="37.200370" lon="-87.078032">
        <time>2016-04-02T16:42:36Z</time>
      </trkpt>
      <trkpt lat="37.201129" lon="-87.078843">
        <time>2016-04-02T16:42:31Z</time>
      </trkpt>
      <trkpt lat="37.202175" lon="-87.079686">
        <time>2016-04-02T16:42:24Z</time>
      </trkpt>
      <trkpt lat="37.202634" lon="-87.079955">
        <time>2016-04-02T16:42:21Z</time>
      </trkpt>
      <trkpt lat="37.203703" lon="-87.080581">
        <time>2016-04-02T16:42:13Z</time>
      </trkpt>
      <trkpt lat="37.203795" lon="-87.080640">
        <time>2016-04-02T16:42:12Z</time>
      </trkpt>
      <trkpt lat="37.203965" lon="-87.080681">
        <time>2016-04-02T16:42:10Z</time>
      </trkpt>
      <trkpt lat="37.204043" lon="-87.080667">
        <time>2016-04-02T16:42:09Z</time>
      </trkpt>
      <trkpt lat="37.204319" lon="-87.080430">
        <time>2016-04-02T16:42:05Z</time>
      </trkpt>
      <trkpt lat="37.204420" lon="-87.080165">
        <time>2016-04-02T16:42:03Z</time>
      </trkpt>
      <trkpt lat="37.204584" lon="-87.079658">
        <time>2016-04-02T16:42:00Z</time>
      </trkpt>
      <trkpt lat="37.204721" lon="-87.079227">
        <time>2016-04-02T16:41:58Z</time>
      </trkpt>
      <trkpt lat="37.204966" lon="-87.078474">
        <time>2016-04-02T16:41:55Z</time>
      </trkpt>
      <trkpt lat="37.205135" lon="-87.077948">
        <time>2016-04-02T16:41:53Z</time>
      </trkpt>
      <trkpt lat="37.205221" lon="-87.077682">
        <time>2016-04-02T16:41:52Z</time>
      </trkpt>
      <trkpt lat="37.205310" lon="-87.077416">
        <time>2016-04-02T16:41:51Z</time>
      </trkpt>
      <trkpt lat="37.205400" lon="-87.077150">
        <time>2016-04-02T16:41:50Z</time>
      </trkpt>
      <trkpt lat="37.205739" lon="-87.076094">
        <time>2016-04-02T16:41:46Z</time>
      </trkpt>
      <trkpt lat="37.205928" lon="-87.075570">
        <time>2016-04-02T16:41:44Z</time>
      </trkpt>
      <trkpt lat="37.206140" lon="-87.075045">
        <time>2016-04-02T16:41:42Z</time>
      </trkpt>
      <trkpt lat="37.206364" lon="-87.074534">
        <time>2016-04-02T16:41:40Z</time>
      </trkpt>
      <trkpt lat="37.206709" lon="-87.073802">
        <time>2016-04-02T16:41:37Z</time>
      </trkpt>
      <trkpt lat="37.206948" lon="-87.073318">
        <time>2016-04-02T16:41:35Z</time>
      </trkpt>
      <trkpt lat="37.207072" lon="-87.073078">
        <time>2016-04-02T16:41:34Z</time>
      </trkpt>
      <trkpt lat="37.207200" lon="-87.072841">
        <time>2016-04-02T16:41:33Z</time>
      </trkpt>
      <trkpt lat="37.207471" lon="-87.072375">
        <time>2016-04-02T16:41:31Z</time>
      </trkpt>
      <trkpt lat="37.207898" lon="-87.071680">
        <time>2016-04-02T16:41:28Z</time>
      </trkpt>
      <trkpt lat="37.209166" lon="-87.069697">
        <time>2016-04-02T16:41:19Z</time>
      </trkpt>
      <trkpt lat="37.209299" lon="-87.069490">
        <time>2016-04-02T16:41:18Z</time>
      </trkpt>
      <trkpt lat="37.209428" lon="-87.069283">
        <time>2016-04-02T16:41:17Z</time>
      </trkpt>
      <trkpt lat="37.209684" lon="-87.068881">
        <time>2016-04-02T16:41:15Z</time>
      </trkpt>
      <trkpt lat="37.210654" lon="-87.067331">
        <time>2016-04-02T16:41:08Z</time>
      </trkpt>
      <trkpt lat="37.210797" lon="-87.067104">
        <time>2016-04-02T16:41:07Z</time>
      </trkpt>
      <trkpt lat="37.211080" lon="-87.066662">
        <time>2016-04-02T16:41:05Z</time>
      </trkpt>
      <trkpt lat="37.211478" lon="-87.066048">
        <time>2016-04-02T16:41:02Z</time>
      </trkpt>
      <trkpt lat="37.211719" lon="-87.065661">
        <time>2016-04-02T16:41:00Z</time>
      </trkpt>
      <trkpt lat="37.212289" lon="-87.064752">
        <time>2016-04-02T16:40:55Z</time>
      </trkpt>
      <trkpt lat="37.212411" lon="-87.064560">
        <time>2016-04-02T16:40:54Z</time>
      </trkpt>
      <trkpt lat="37.213414" lon="-87.062977">
        <time>2016-04-02T16:40:47Z</time>
      </trkpt>
      <trkpt lat="37.213543" lon="-87.062752">
        <time>2016-04-02T16:40:46Z</time>
      </trkpt>
      <trkpt lat="37.213655" lon="-87.062523">
        <time>2016-04-02T16:40:45Z</time>
      </trkpt>
      <trkpt lat="37.213747" lon="-87.062288">
        <time>2016-04-02T16:40:44Z</time>
      </trkpt>
      <trkpt lat="37.213878" lon="-87.061296">
        <time>2016-04-02T16:40:40Z</time>
      </trkpt>
      <trkpt lat="37.213843" lon="-87.060756">
        <time>2016-04-02T16:40:38Z</time>
      </trkpt>
      <trkpt lat="37.213816" lon="-87.060477">
        <time>2016-04-02T16:40:37Z</time>
      </trkpt>
      <trkpt lat="37.213787" lon="-87.060197">
        <time>2016-04-02T16:40:36Z</time>
      </trkpt>
      <trkpt lat="37.213762" lon="-87.059917">
        <time>2016-04-02T16:40:35Z</time>
      </trkpt>
      <trkpt lat="37.213743" lon="-87.059636">
        <time>2016-04-02T16:40:34Z</time>
      </trkpt>
      <trkpt lat="37.213724" lon="-87.059362">
        <time>2016-04-02T16:40:33Z</time>
      </trkpt>
      <trkpt lat="37.213709" lon="-87.059095">
        <time>2016-04-02T16:40:32Z</time>
      </trkpt>
      <trkpt lat="37.213708" lon="-87.058568">
        <time>2016-04-02T16:40:30Z</time>
      </trkpt>
      <trkpt lat="37.213720" lon="-87.058309">
        <time>2016-04-02T16:40:29Z</time>
      </trkpt>
      <trkpt lat="37.213846" lon="-87.057581">
        <time>2016-04-02T16:40:26Z</time>
      </trkpt>
      <trkpt lat="37.214003" lon="-87.057148">
        <time>2016-04-02T16:40:24Z</time>
      </trkpt>
      <trkpt lat="37.214093" lon="-87.056935">
        <time>2016-04-02T16:40:23Z</time>
      </trkpt>
      <trkpt lat="37.214187" lon="-87.056718">
        <time>2016-04-02T16:40:22Z</time>
      </trkpt>
      <trkpt lat="37.214469" lon="-87.056061">
        <time>2016-04-02T16:40:19Z</time>
      </trkpt>
      <trkpt lat="37.214564" lon="-87.055844">
        <time>2016-04-02T16:40:18Z</time>
      </trkpt>
      <trkpt lat="37.214658" lon="-87.055629">
        <time>2016-04-02T16:40:17Z</time>
      </trkpt>
      <trkpt lat="37.214749" lon="-87.055418">
        <time>2016-04-02T16:40:16Z</time>
      </trkpt>
      <trkpt lat="37.215215" lon="-87.054381">
        <time>2016-04-02T16:40:11Z</time>
      </trkpt>
      <trkpt lat="37.215576" lon="-87.053540">
        <time>2016-04-02T16:40:07Z</time>
      </trkpt>
      <trkpt lat="37.215844" lon="-87.052934">
        <time>2016-04-02T16:40:04Z</time>
      </trkpt>
      <trkpt lat="37.215931" lon="-87.052736">
        <time>2016-04-02T16:40:03Z</time>
      </trkpt>
      <trkpt lat="37.216179" lon="-87.052171">
        <time>2016-04-02T16:40:00Z</time>
      </trkpt>
      <trkpt lat="37.216767" lon="-87.050822">
        <time>2016-04-02T16:39:52Z</time>
      </trkpt>
      <trkpt lat="37.216905" lon="-87.050527">
        <time>2016-04-02T16:39:50Z</time>
      </trkpt>
      <trkpt lat="37.216968" lon="-87.050390">
        <time>2016-04-02T16:39:49Z</time>
      </trkpt>
      <trkpt lat="37.217244" lon="-87.049837">
        <time>2016-04-02T16:39:44Z</time>
      </trkpt>
      <trkpt lat="37.217384" lon="-87.049613">
        <time>2016-04-02T16:39:42Z</time>
      </trkpt>
      <trkpt lat="37.217976" lon="-87.048502">
        <time>2016-04-02T16:39:35Z</time>
      </trkpt>
      <trkpt lat="37.218097" lon="-87.048138">
        <time>2016-04-02T16:39:33Z</time>
      </trkpt>
      <trkpt lat="37.218261" lon="-87.047625">
        <time>2016-04-02T16:39:30Z</time>
      </trkpt>
      <trkpt lat="37.218311" lon="-87.047465">
        <time>2016-04-02T16:39:29Z</time>
      </trkpt>
      <trkpt lat="37.218581" lon="-87.046589">
        <time>2016-04-02T16:39:23Z</time>
      </trkpt>
      <trkpt lat="37.218711" lon="-87.046162">
        <time>2016-04-02T16:39:20Z</time>
      </trkpt>
      <trkpt lat="37.218809" lon="-87.045877">
        <time>2016-04-02T16:39:18Z</time>
      </trkpt>
      <trkpt lat="37.218858" lon="-87.045729">
        <time>2016-04-02T16:39:17Z</time>
      </trkpt>
      <trkpt lat="37.218992" lon="-87.045269">
        <time>2016-04-02T16:39:14Z</time>
      </trkpt>
      <trkpt lat="37.219189" lon="-87.044586">
        <time>2016-04-02T16:39:10Z</time>
      </trkpt>
      <trkpt lat="37.219626" lon="-87.043040">
        <time>2016-04-02T16:39:02Z</time>
      </trkpt>
      <trkpt lat="37.219693" lon="-87.042806">
        <time>2016-04-02T16:39:01Z</time>
      </trkpt>
      <trkpt lat="37.219909" lon="-87.042044">
        <time>2016-04-02T16:38:58Z</time>
      </trkpt>
      <trkpt lat="37.220096" lon="-87.041494">
        <time>2016-04-02T16:38:56Z</time>
      </trkpt>
      <trkpt lat="37.220619" lon="-87.040455">
        <time>2016-04-02T16:38:52Z</time>
      </trkpt>
      <trkpt lat="37.220948" lon="-87.040015">
        <time>2016-04-02T16:38:50Z</time>
      </trkpt>
      <trkpt lat="37.222387" lon="-87.038911">
        <time>2016-04-02T16:38:43Z</time>
      </trkpt>
      <trkpt lat="37.223298" lon="-87.038408">
        <time>2016-04-02T16:38:39Z</time>
      </trkpt>
      <trkpt lat="37.224448" lon="-87.037778">
        <time>2016-04-02T16:38:34Z</time>
      </trkpt>
      <trkpt lat="37.225177" lon="-87.037491">
        <time>2016-04-02T16:38:31Z</time>
      </trkpt>
      <trkpt lat="37.226443" lon="-87.037404">
        <time>2016-04-02T16:38:26Z</time>
      </trkpt>
      <trkpt lat="37.226696" lon="-87.037450">
        <time>2016-04-02T16:38:25Z</time>
      </trkpt>
      <trkpt lat="37.227702" lon="-87.037714">
        <time>2016-04-02T16:38:21Z</time>
      </trkpt>
      <trkpt lat="37.227952" lon="-87.037781">
        <time>2016-04-02T16:38:20Z</time>
      </trkpt>
      <trkpt lat="37.228202" lon="-87.037834">
        <time>2016-04-02T16:38:19Z</time>
      </trkpt>
      <trkpt lat="37.229192" lon="-87.037871">
        <time>2016-04-02T16:38:15Z</time>
      </trkpt>
      <trkpt lat="37.229431" lon="-87.037829">
        <time>2016-04-02T16:38:14Z</time>
      </trkpt>
      <trkpt lat="37.229903" lon="-87.037716">
        <time>2016-04-02T16:38:12Z</time>
      </trkpt>
      <trkpt lat="37.230136" lon="-87.037655">
        <time>2016-04-02T16:38:11Z</time>
      </trkpt>
      <trkpt lat="37.231085" lon="-87.037404">
        <time>2016-04-02T16:38:07Z</time>
      </trkpt>
      <trkpt lat="37.231326" lon="-87.037342">
        <time>2016-04-02T16:38:06Z</time>
      </trkpt>
      <trkpt lat="37.232817" lon="-87.036961">
        <time>2016-04-02T16:38:00Z</time>
      </trkpt>
      <trkpt lat="37.233309" lon="-87.036821">
        <time>2016-04-02T16:37:58Z</time>
      </trkpt>
      <trkpt lat="37.233792" lon="-87.036664">
        <time>2016-04-02T16:37:56Z</time>
      </trkpt>
      <trkpt lat="37.234738" lon="-87.036309">
        <time>2016-04-02T16:37:52Z</time>
      </trkpt>
      <trkpt lat="37.234968" lon="-87.036214">
        <time>2016-04-02T16:37:51Z</time>
      </trkpt>
      <trkpt lat="37.235866" lon="-87.035771">
        <time>2016-04-02T16:37:47Z</time>
      </trkpt>
      <trkpt lat="37.236085" lon="-87.035650">
        <time>2016-04-02T16:37:46Z</time>
      </trkpt>
      <trkpt lat="37.238548" lon="-87.034154">
        <time>2016-04-02T16:37:34Z</time>
      </trkpt>
      <trkpt lat="37.238749" lon="-87.034029">
        <time>2016-04-02T16:37:33Z</time>
      </trkpt>
      <trkpt lat="37.238952" lon="-87.033902">
        <time>2016-04-02T16:37:32Z</time>
      </trkpt>
      <trkpt lat="37.239373" lon="-87.033644">
        <time>2016-04-02T16:37:30Z</time>
      </trkpt>
      <trkpt lat="37.239590" lon="-87.033515">
        <time>2016-04-02T16:37:29Z</time>
      </trkpt>
      <trkpt lat="37.241149" lon="-87.032557">
        <time>2016-04-02T16:37:22Z</time>
      </trkpt>
      <trkpt lat="37.242044" lon="-87.032007">
        <time>2016-04-02T16:37:18Z</time>
      </trkpt>
      <trkpt lat="37.242490" lon="-87.031731">
        <time>2016-04-02T16:37:16Z</time>
      </trkpt>
      <trkpt lat="37.242934" lon="-87.031457">
        <time>2016-04-02T16:37:14Z</time>
      </trkpt>
      <trkpt lat="37.244243" lon="-87.030658">
        <time>2016-04-02T16:37:08Z</time>
      </trkpt>
      <trkpt lat="37.245340" lon="-87.029986">
        <time>2016-04-02T16:37:03Z</time>
      </trkpt>
      <trkpt lat="37.246568" lon="-87.029006">
        <time>2016-04-02T16:36:57Z</time>
      </trkpt>
      <trkpt lat="37.246736" lon="-87.028796">
        <time>2016-04-02T16:36:56Z</time>
      </trkpt>
      <trkpt lat="37.247413" lon="-87.027582">
        <time>2016-04-02T16:36:51Z</time>
      </trkpt>
      <trkpt lat="37.247513" lon="-87.027309">
        <time>2016-04-02T16:36:50Z</time>
      </trkpt>
      <trkpt lat="37.247598" lon="-87.027029">
        <time>2016-04-02T16:36:49Z</time>
      </trkpt>
      <trkpt lat="37.247668" lon="-87.026743">
        <time>2016-04-02T16:36:48Z</time>
      </trkpt>
      <trkpt lat="37.247728" lon="-87.026454">
        <time>2016-04-02T16:36:47Z</time>
      </trkpt>
      <trkpt lat="37.248112" lon="-87.024403">
        <time>2016-04-02T16:36:40Z</time>
      </trkpt>
      <trkpt lat="37.249010" lon="-87.022604">
        <time>2016-04-02T16:36:33Z</time>
      </trkpt>
      <trkpt lat="37.249381" lon="-87.022209">
        <time>2016-04-02T16:36:31Z</time>
      </trkpt>
      <trkpt lat="37.252505" lon="-87.019460">
        <time>2016-04-02T16:36:15Z</time>
      </trkpt>
      <trkpt lat="37.252901" lon="-87.019088">
        <time>2016-04-02T16:36:13Z</time>
      </trkpt>
      <trkpt lat="37.253099" lon="-87.018899">
        <time>2016-04-02T16:36:12Z</time>
      </trkpt>
      <trkpt lat="37.254031" lon="-87.017858">
        <time>2016-04-02T16:36:07Z</time>
      </trkpt>
      <trkpt lat="37.254367" lon="-87.017403">
        <time>2016-04-02T16:36:05Z</time>
      </trkpt>
      <trkpt lat="37.254983" lon="-87.016441">
        <time>2016-04-02T16:36:01Z</time>
      </trkpt>
      <trkpt lat="37.255579" lon="-87.015452">
        <time>2016-04-02T16:35:57Z</time>
      </trkpt>
      <trkpt lat="37.255860" lon="-87.014962">
        <time>2016-04-02T16:35:55Z</time>
      </trkpt>
      <trkpt lat="37.256134" lon="-87.014474">
        <time>2016-04-02T16:35:53Z</time>
      </trkpt>
      <trkpt lat="37.256412" lon="-87.013991">
        <time>2016-04-02T16:35:51Z</time>
      </trkpt>
      <trkpt lat="37.256684" lon="-87.013512">
        <time>2016-04-02T16:35:49Z</time>
      </trkpt>
      <trkpt lat="37.256818" lon="-87.013274">
        <time>2016-04-02T16:35:48Z</time>
      </trkpt>
      <trkpt lat="37.257084" lon="-87.012797">
        <time>2016-04-02T16:35:46Z</time>
      </trkpt>
      <trkpt lat="37.257353" lon="-87.012312">
        <time>2016-04-02T16:35:44Z</time>
      </trkpt>
      <trkpt lat="37.258183" lon="-87.010838">
        <time>2016-04-02T16:35:38Z</time>
      </trkpt>
      <trkpt lat="37.258683" lon="-87.009891">
        <time>2016-04-02T16:35:34Z</time>
      </trkpt>
      <trkpt lat="37.259368" lon="-87.008122">
        <time>2016-04-02T16:35:27Z</time>
      </trkpt>
      <trkpt lat="37.259561" lon="-87.007596">
        <time>2016-04-02T16:35:25Z</time>
      </trkpt>
      <trkpt lat="37.259753" lon="-87.007078">
        <time>2016-04-02T16:35:23Z</time>
      </trkpt>
      <trkpt lat="37.260041" lon="-87.006323">
        <time>2016-04-02T16:35:20Z</time>
      </trkpt>
      <trkpt lat="37.260136" lon="-87.006076">
        <time>2016-04-02T16:35:19Z</time>
      </trkpt>
      <trkpt lat="37.260231" lon="-87.005825">
        <time>2016-04-02T16:35:18Z</time>
      </trkpt>
      <trkpt lat="37.260424" lon="-87.005313">
        <time>2016-04-02T16:35:16Z</time>
      </trkpt>
      <trkpt lat="37.260520" lon="-87.005055">
        <time>2016-04-02T16:35:15Z</time>
      </trkpt>
      <trkpt lat="37.260801" lon="-87.004277">
        <time>2016-04-02T16:35:12Z</time>
      </trkpt>
      <trkpt lat="37.261086" lon="-87.003516">
        <time>2016-04-02T16:35:09Z</time>
      </trkpt>
      <trkpt lat="37.261731" lon="-87.001770">
        <time>2016-04-02T16:35:02Z</time>
      </trkpt>
      <trkpt lat="37.261826" lon="-87.001523">
        <time>2016-04-02T16:35:01Z</time>
      </trkpt>
      <trkpt lat="37.262105" lon="-87.000787">
        <time>2016-04-02T16:34:58Z</time>
      </trkpt>
      <trkpt lat="37.262362" lon="-87.000057">
        <time>2016-04-02T16:34:55Z</time>
      </trkpt>
      <trkpt lat="37.262564" lon="-86.999341">
        <time>2016-04-02T16:34:52Z</time>
      </trkpt>
      <trkpt lat="37.262674" lon="-86.998868">
        <time>2016-04-02T16:34:50Z</time>
      </trkpt>
      <trkpt lat="37.262839" lon="-86.998162">
        <time>2016-04-02T16:34:47Z</time>
      </trkpt>
      <trkpt lat="37.262894" lon="-86.997933">
        <time>2016-04-02T16:34:46Z</time>
      </trkpt>
      <trkpt lat="37.263109" lon="-86.997036">
        <time>2016-04-02T16:34:42Z</time>
      </trkpt>
      <trkpt lat="37.263166" lon="-86.996806">
        <time>2016-04-02T16:34:41Z</time>
      </trkpt>
      <trkpt lat="37.263394" lon="-86.995900">
        <time>2016-04-02T16:34:37Z</time>
      </trkpt>
      <trkpt lat="37.263460" lon="-86.995461">
        <time>2016-04-02T16:34:35Z</time>
      </trkpt>
      <trkpt lat="37.263466" lon="-86.995243">
        <time>2016-04-02T16:34:34Z</time>
      </trkpt>
      <trkpt lat="37.263429" lon="-86.994818">
        <time>2016-04-02T16:34:32Z</time>
      </trkpt>
      <trkpt lat="37.263387" lon="-86.994617">
        <time>2016-04-02T16:34:31Z</time>
      </trkpt>
      <trkpt lat="37.262758" lon="-86.993525">
        <time>2016-04-02T16:34:24Z</time>
      </trkpt>
      <trkpt lat="37.262484" lon="-86.993315">
        <time>2016-04-02T16:34:22Z</time>
      </trkpt>
      <trkpt lat="37.262195" lon="-86.993128">
        <time>2016-04-02T16:34:20Z</time>
      </trkpt>
      <trkpt lat="37.262051" lon="-86.993023">
        <time>2016-04-02T16:34:19Z</time>
      </trkpt>
      <trkpt lat="37.261575" lon="-86.992493">
        <time>2016-04-02T16:34:15Z</time>
      </trkpt>
      <trkpt lat="37.261485" lon="-86.992335">
        <time>2016-04-02T16:34:14Z</time>
      </trkpt>
      <trkpt lat="37.261088" lon="-86.991504">
        <time>2016-04-02T16:34:09Z</time>
      </trkpt>
      <trkpt lat="37.261012" lon="-86.991339">
        <time>2016-04-02T16:34:08Z</time>
      </trkpt>
      <trkpt lat="37.260936" lon="-86.991177">
        <time>2016-04-02T16:34:07Z</time>
      </trkpt>
      <trkpt lat="37.260475" lon="-86.990214">
        <time>2016-04-02T16:34:01Z</time>
      </trkpt>
      <trkpt lat="37.260401" lon="-86.990053">
        <time>2016-04-02T16:34:00Z</time>
      </trkpt>
      <trkpt lat="37.260025" lon="-86.989248">
        <time>2016-04-02T16:33:55Z</time>
      </trkpt>
      <trkpt lat="37.259946" lon="-86.989081">
        <time>2016-04-02T16:33:54Z</time>
      </trkpt>
      <trkpt lat="37.259867" lon="-86.988917">
        <time>2016-04-02T16:33:53Z</time>
      </trkpt>
      <trkpt lat="37.259789" lon="-86.988754">
        <time>2016-04-02T16:33:52Z</time>
      </trkpt>
      <trkpt lat="37.259632" lon="-86.988429">
        <time>2016-04-02T16:33:50Z</time>
      </trkpt>
      <trkpt lat="37.259554" lon="-86.988267">
        <time>2016-04-02T16:33:49Z</time>
      </trkpt>
      <trkpt lat="37.259323" lon="-86.987780">
        <time>2016-04-02T16:33:46Z</time>
      </trkpt>
      <trkpt lat="37.259246" lon="-86.987623">
        <time>2016-04-02T16:33:45Z</time>
      </trkpt>
      <trkpt lat="37.259111" lon="-86.987298">
        <time>2016-04-02T16:33:43Z</time>
      </trkpt>
      <trkpt lat="37.259059" lon="-86.987136">
        <time>2016-04-02T16:33:42Z</time>
      </trkpt>
      <trkpt lat="37.258955" lon="-86.986567">
        <time>2016-04-02T16:33:38Z</time>
      </trkpt>
      <trkpt lat="37.258946" lon="-86.986455">
        <time>2016-04-02T16:33:37Z</time>
      </trkpt>
      <trkpt lat="37.258941" lon="-86.986155">
        <time>2016-04-02T16:33:34Z</time>
      </trkpt>
      <trkpt lat="37.258939" lon="-86.986071">
        <time>2016-04-02T16:33:33Z</time>
      </trkpt>
      <trkpt lat="37.258822" lon="-86.985883">
        <time>2016-04-02T16:33:29Z</time>
      </trkpt>
      <trkpt lat="37.258736" lon="-86.985878">
        <time>2016-04-02T16:33:27Z</time>
      </trkpt>
      <trkpt lat="37.258091" lon="-86.985897">
        <time>2016-04-02T16:33:17Z</time>
      </trkpt>
      <trkpt lat="37.258034" lon="-86.985896">
        <time>2016-04-02T16:33:16Z</time>
      </trkpt>
      <trkpt lat="37.257939" lon="-86.985885">
        <time>2016-04-02T16:33:14Z</time>
      </trkpt>
      <trkpt lat="37.257752" lon="-86.985873">
        <time>2016-04-02T16:33:11Z</time>
      </trkpt>
      <trkpt lat="37.256982" lon="-86.985805">
        <time>2016-04-02T16:33:03Z</time>
      </trkpt>
      <trkpt lat="37.256718" lon="-86.985765">
        <time>2016-04-02T16:33:01Z</time>
      </trkpt>
      <trkpt lat="37.255499" lon="-86.985105">
        <time>2016-04-02T16:32:51Z</time>
      </trkpt>
      <trkpt lat="37.255281" lon="-86.984926">
        <time>2016-04-02T16:32:49Z</time>
      </trkpt>
      <trkpt lat="37.255174" lon="-86.984830">
        <time>2016-04-02T16:32:48Z</time>
      </trkpt>
      <trkpt lat="37.254596" lon="-86.984124">
        <time>2016-04-02T16:32:42Z</time>
      </trkpt>
      <trkpt lat="37.254428" lon="-86.983867">
        <time>2016-04-02T16:32:40Z</time>
      </trkpt>
      <trkpt lat="37.253339" lon="-86.982061">
        <time>2016-04-02T16:32:26Z</time>
      </trkpt>
      <trkpt lat="37.253269" lon="-86.981939">
        <time>2016-04-02T16:32:25Z</time>
      </trkpt>
      <trkpt lat="37.253054" lon="-86.981552">
        <time>2016-04-02T16:32:22Z</time>
      </trkpt>
      <trkpt lat="37.252813" lon="-86.981142">
        <time>2016-04-02T16:32:19Z</time>
      </trkpt>
      <trkpt lat="37.252721" lon="-86.980998">
        <time>2016-04-02T16:32:18Z</time>
      </trkpt>
      <trkpt lat="37.252621" lon="-86.980847">
        <time>2016-04-02T16:32:17Z</time>
      </trkpt>
      <trkpt lat="37.252520" lon="-86.980693">
        <time>2016-04-02T16:32:16Z</time>
      </trkpt>
      <trkpt lat="37.252420" lon="-86.980546">
        <time>2016-04-02T16:32:15Z</time>
      </trkpt>
      <trkpt lat="37.252323" lon="-86.980399">
        <time>2016-04-02T16:32:14Z</time>
      </trkpt>
      <trkpt lat="37.252226" lon="-86.980252">
        <time>2016-04-02T16:32:13Z</time>
      </trkpt>
      <trkpt lat="37.252030" lon="-86.979952">
        <time>2016-04-02T16:32:11Z</time>
      </trkpt>
      <trkpt lat="37.251927" lon="-86.979795">
        <time>2016-04-02T16:32:10Z</time>
      </trkpt>
      <trkpt lat="37.251815" lon="-86.979631">
        <time>2016-04-02T16:32:09Z</time>
      </trkpt>
      <trkpt lat="37.251698" lon="-86.979462">
        <time>2016-04-02T16:32:08Z</time>
      </trkpt>
      <trkpt lat="37.251581" lon="-86.979285">
        <time>2016-04-02T16:32:07Z</time>
      </trkpt>
      <trkpt lat="37.250993" lon="-86.978383">
        <time>2016-04-02T16:32:02Z</time>
      </trkpt>
      <trkpt lat="37.250736" lon="-86.977983">
        <time>2016-04-02T16:32:00Z</time>
      </trkpt>
      <trkpt lat="37.250602" lon="-86.977778">
        <time>2016-04-02T16:31:59Z</time>
      </trkpt>
      <trkpt lat="37.250467" lon="-86.977574">
        <time>2016-04-02T16:31:58Z</time>
      </trkpt>
      <trkpt lat="37.250330" lon="-86.977372">
        <time>2016-04-02T16:31:57Z</time>
      </trkpt>
      <trkpt lat="37.250188" lon="-86.977177">
        <time>2016-04-02T16:31:56Z</time>
      </trkpt>
      <trkpt lat="37.250038" lon="-86.976988">
        <time>2016-04-02T16:31:55Z</time>
      </trkpt>
      <trkpt lat="37.249879" lon="-86.976812">
        <time>2016-04-02T16:31:54Z</time>
      </trkpt>
      <trkpt lat="37.249712" lon="-86.976643">
        <time>2016-04-02T16:31:53Z</time>
      </trkpt>
      <trkpt lat="37.249541" lon="-86.976477">
        <time>2016-04-02T16:31:52Z</time>
      </trkpt>
      <trkpt lat="37.249203" lon="-86.976150">
        <time>2016-04-02T16:31:50Z</time>
      </trkpt>
      <trkpt lat="37.249036" lon="-86.975988">
        <time>2016-04-02T16:31:49Z</time>
      </trkpt>
      <trkpt lat="37.248706" lon="-86.975674">
        <time>2016-04-02T16:31:47Z</time>
      </trkpt>
      <trkpt lat="37.248220" lon="-86.975217">
        <time>2016-04-02T16:31:44Z</time>
      </trkpt>
      <trkpt lat="37.248061" lon="-86.975067">
        <time>2016-04-02T16:31:43Z</time>
      </trkpt>
      <trkpt lat="37.247903" lon="-86.974916">
        <time>2016-04-02T16:31:42Z</time>
      </trkpt>
      <trkpt lat="37.247743" lon="-86.974766">
        <time>2016-04-02T16:31:41Z</time>
      </trkpt>
      <trkpt lat="37.247579" lon="-86.974612">
        <time>2016-04-02T16:31:40Z</time>
      </trkpt>
      <trkpt lat="37.246367" lon="-86.973496">
        <time>2016-04-02T16:31:33Z</time>
      </trkpt>
      <trkpt lat="37.246192" lon="-86.973334">
        <time>2016-04-02T16:31:32Z</time>
      </trkpt>
      <trkpt lat="37.243923" lon="-86.971258">
        <time>2016-04-02T16:31:19Z</time>
      </trkpt>
      <trkpt lat="37.243401" lon="-86.970784">
        <time>2016-04-02T16:31:16Z</time>
      </trkpt>
      <trkpt lat="37.243055" lon="-86.970473">
        <time>2016-04-02T16:31:14Z</time>
      </trkpt>
      <trkpt lat="37.242386" lon="-86.969859">
        <time>2016-04-02T16:31:10Z</time>
      </trkpt>
      <trkpt lat="37.240886" lon="-86.968574">
        <time>2016-04-02T16:31:01Z</time>
      </trkpt>
      <trkpt lat="37.240179" lon="-86.968153">
        <time>2016-04-02T16:30:57Z</time>
      </trkpt>
      <trkpt lat="37.240001" lon="-86.968056">
        <time>2016-04-02T16:30:56Z</time>
      </trkpt>
      <trkpt lat="37.238909" lon="-86.967451">
        <time>2016-04-02T16:30:50Z</time>
      </trkpt>
      <trkpt lat="37.238024" lon="-86.966907">
        <time>2016-04-02T16:30:45Z</time>
      </trkpt>
      <trkpt lat="37.237003" lon="-86.965843">
        <time>2016-04-02T16:30:38Z</time>
      </trkpt>
      <trkpt lat="37.236614" lon="-86.965338">
        <time>2016-04-02T16:30:35Z</time>
      </trkpt>
      <trkpt lat="37.236487" lon="-86.965171">
        <time>2016-04-02T16:30:34Z</time>
      </trkpt>
      <trkpt lat="37.235589" lon="-86.963988">
        <time>2016-04-02T16:30:27Z</time>
      </trkpt>
      <trkpt lat="37.235074" lon="-86.963316">
        <time>2016-04-02T16:30:23Z</time>
      </trkpt>
      <trkpt lat="37.234424" lon="-86.962492">
        <time>2016-04-02T16:30:18Z</time>
      </trkpt>
      <trkpt lat="37.234293" lon="-86.962326">
        <time>2016-04-02T16:30:17Z</time>
      </trkpt>
      <trkpt lat="37.234020" lon="-86.961987">
        <time>2016-04-02T16:30:15Z</time>
      </trkpt>
      <trkpt lat="37.232699" lon="-86.960519">
        <time>2016-04-02T16:30:06Z</time>
      </trkpt>
      <trkpt lat="37.232362" lon="-86.960310">
        <time>2016-04-02T16:30:04Z</time>
      </trkpt>
      <trkpt lat="37.232207" lon="-86.960197">
        <time>2016-04-02T16:30:03Z</time>
      </trkpt>
      <trkpt lat="37.231956" lon="-86.959907">
        <time>2016-04-02T16:30:01Z</time>
      </trkpt>
      <trkpt lat="37.231833" lon="-86.958938">
        <time>2016-04-02T16:29:56Z</time>
      </trkpt>
      <trkpt lat="37.232031" lon="-86.958349">
        <time>2016-04-02T16:29:53Z</time>
      </trkpt>
      <trkpt lat="37.232120" lon="-86.958139">
        <time>2016-04-02T16:29:52Z</time>
      </trkpt>
      <trkpt lat="37.232972" lon="-86.955855">
        <time>2016-04-02T16:29:42Z</time>
      </trkpt>
      <trkpt lat="37.233052" lon="-86.955617">
        <time>2016-04-02T16:29:41Z</time>
      </trkpt>
      <trkpt lat="37.233569" lon="-86.953987">
        <time>2016-04-02T16:29:34Z</time>
      </trkpt>
      <trkpt lat="37.233937" lon="-86.952793">
        <time>2016-04-02T16:29:29Z</time>
      </trkpt>
      <trkpt lat="37.234009" lon="-86.952567">
        <time>2016-04-02T16:29:28Z</time>
      </trkpt>
      <trkpt lat="37.234282" lon="-86.951705">
        <time>2016-04-02T16:29:24Z</time>
      </trkpt>
      <trkpt lat="37.234370" lon="-86.951278">
        <time>2016-04-02T16:29:22Z</time>
      </trkpt>
      <trkpt lat="37.234053" lon="-86.950385">
        <time>2016-04-02T16:29:17Z</time>
      </trkpt>
      <trkpt lat="37.233913" lon="-86.950263">
        <time>2016-04-02T16:29:16Z</time>
      </trkpt>
      <trkpt lat="37.233620" lon="-86.950025">
        <time>2016-04-02T16:29:14Z</time>
      </trkpt>
      <trkpt lat="37.232496" lon="-86.949066">
        <time>2016-04-02T16:29:07Z</time>
      </trkpt>
      <trkpt lat="37.231971" lon="-86.948629">
        <time>2016-04-02T16:29:04Z</time>
      </trkpt>
      <trkpt lat="37.231449" lon="-86.948215">
        <time>2016-04-02T16:29:01Z</time>
      </trkpt>
      <trkpt lat="37.231276" lon="-86.948084">
        <time>2016-04-02T16:29:00Z</time>
      </trkpt>
      <trkpt lat="37.230293" lon="-86.947364">
        <time>2016-04-02T16:28:54Z</time>
      </trkpt>
      <trkpt lat="37.229533" lon="-86.946837">
        <time>2016-04-02T16:28:49Z</time>
      </trkpt>
      <trkpt lat="37.229384" lon="-86.946736">
        <time>2016-04-02T16:28:48Z</time>
      </trkpt>
      <trkpt lat="37.228927" lon="-86.946432">
        <time>2016-04-02T16:28:45Z</time>
      </trkpt>
      <trkpt lat="37.228159" lon="-86.945922">
        <time>2016-04-02T16:28:40Z</time>
      </trkpt>
      <trkpt lat="37.228003" lon="-86.945841">
        <time>2016-04-02T16:28:39Z</time>
      </trkpt>
      <trkpt lat="37.227513" lon="-86.945611">
        <time>2016-04-02T16:28:36Z</time>
      </trkpt>
      <trkpt lat="37.227058" lon="-86.945329">
        <time>2016-04-02T16:28:33Z</time>
      </trkpt>
      <trkpt lat="37.226745" lon="-86.945116">
        <time>2016-04-02T16:28:31Z</time>
      </trkpt>
      <trkpt lat="37.226427" lon="-86.944889">
        <time>2016-04-02T16:28:29Z</time>
      </trkpt>
      <trkpt lat="37.226266" lon="-86.944792">
        <time>2016-04-02T16:28:28Z</time>
      </trkpt>
      <trkpt lat="37.225771" lon="-86.944678">
        <time>2016-04-02T16:28:25Z</time>
      </trkpt>
      <trkpt lat="37.225464" lon="-86.944613">
        <time>2016-04-02T16:28:23Z</time>
      </trkpt>
      <trkpt lat="37.225115" lon="-86.944199">
        <time>2016-04-02T16:28:20Z</time>
      </trkpt>
      <trkpt lat="37.224948" lon="-86.943781">
        <time>2016-04-02T16:28:18Z</time>
      </trkpt>
      <trkpt lat="37.224854" lon="-86.943346">
        <time>2016-04-02T16:28:16Z</time>
      </trkpt>
      <trkpt lat="37.224806" lon="-86.943141">
        <time>2016-04-02T16:28:15Z</time>
      </trkpt>
      <trkpt lat="37.224301" lon="-86.942764">
        <time>2016-04-02T16:28:11Z</time>
      </trkpt>
      <trkpt lat="37.224126" lon="-86.942736">
        <time>2016-04-02T16:28:10Z</time>
      </trkpt>
      <trkpt lat="37.223141" lon="-86.942531">
        <time>2016-04-02T16:28:05Z</time>
      </trkpt>
      <trkpt lat="37.222770" lon="-86.942468">
        <time>2016-04-02T16:28:03Z</time>
      </trkpt>
      <trkpt lat="37.222587" lon="-86.942468">
        <time>2016-04-02T16:28:02Z</time>
      </trkpt>
      <trkpt lat="37.222030" lon="-86.942503">
        <time>2016-04-02T16:27:59Z</time>
      </trkpt>
      <trkpt lat="37.221174" lon="-86.942589">
        <time>2016-04-02T16:27:54Z</time>
      </trkpt>
      <trkpt lat="37.220775" lon="-86.942532">
        <time>2016-04-02T16:27:51Z</time>
      </trkpt>
      <trkpt lat="37.220581" lon="-86.942303">
        <time>2016-04-02T16:27:49Z</time>
      </trkpt>
      <trkpt lat="37.220054" lon="-86.941713">
        <time>2016-04-02T16:27:45Z</time>
      </trkpt>
      <trkpt lat="37.219523" lon="-86.941335">
        <time>2016-04-02T16:27:42Z</time>
      </trkpt>
      <trkpt lat="37.219343" lon="-86.941219">
        <time>2016-04-02T16:27:41Z</time>
      </trkpt>
      <trkpt lat="37.218997" lon="-86.940954">
        <time>2016-04-02T16:27:39Z</time>
      </trkpt>
      <trkpt lat="37.218828" lon="-86.940798">
        <time>2016-04-02T16:27:38Z</time>
      </trkpt>
      <trkpt lat="37.218279" lon="-86.940451">
        <time>2016-04-02T16:27:35Z</time>
      </trkpt>
      <trkpt lat="37.217896" lon="-86.940329">
        <time>2016-04-02T16:27:33Z</time>
      </trkpt>
      <trkpt lat="37.217130" lon="-86.940117">
        <time>2016-04-02T16:27:29Z</time>
      </trkpt>
      <trkpt lat="37.216779" lon="-86.940023">
        <time>2016-04-02T16:27:27Z</time>
      </trkpt>
      <trkpt lat="37.216388" lon="-86.939761">
        <time>2016-04-02T16:27:24Z</time>
      </trkpt>
      <trkpt lat="37.216269" lon="-86.939422">
        <time>2016-04-02T16:27:22Z</time>
      </trkpt>
      <trkpt lat="37.215945" lon="-86.938139">
        <time>2016-04-02T16:27:16Z</time>
      </trkpt>
      <trkpt lat="37.215568" lon="-86.937407">
        <time>2016-04-02T16:27:12Z</time>
      </trkpt>
      <trkpt lat="37.215310" lon="-86.937150">
        <time>2016-04-02T16:27:10Z</time>
      </trkpt>
      <trkpt lat="37.215020" lon="-86.936880">
        <time>2016-04-02T16:27:08Z</time>
      </trkpt>
      <trkpt lat="37.214864" lon="-86.936736">
        <time>2016-04-02T16:27:07Z</time>
      </trkpt>
      <trkpt lat="37.214551" lon="-86.936444">
        <time>2016-04-02T16:27:05Z</time>
      </trkpt>
      <trkpt lat="37.214398" lon="-86.936301">
        <time>2016-04-02T16:27:04Z</time>
      </trkpt>
      <trkpt lat="37.214246" lon="-86.936160">
        <time>2016-04-02T16:27:03Z</time>
      </trkpt>
      <trkpt lat="37.214091" lon="-86.936022">
        <time>2016-04-02T16:27:02Z</time>
      </trkpt>
      <trkpt lat="37.213935" lon="-86.935881">
        <time>2016-04-02T16:27:01Z</time>
      </trkpt>
      <trkpt lat="37.213312" lon="-86.935284">
        <time>2016-04-02T16:26:57Z</time>
      </trkpt>
      <trkpt lat="37.212998" lon="-86.934985">
        <time>2016-04-02T16:26:55Z</time>
      </trkpt>
      <trkpt lat="37.212533" lon="-86.934539">
        <time>2016-04-02T16:26:52Z</time>
      </trkpt>
      <trkpt lat="37.212230" lon="-86.934244">
        <time>2016-04-02T16:26:50Z</time>
      </trkpt>
      <trkpt lat="37.212079" lon="-86.934093">
        <time>2016-04-02T16:26:49Z</time>
      </trkpt>
      <trkpt lat="37.211468" lon="-86.933510">
        <time>2016-04-02T16:26:45Z</time>
      </trkpt>
      <trkpt lat="37.211320" lon="-86.933370">
        <time>2016-04-02T16:26:44Z</time>
      </trkpt>
      <trkpt lat="37.211035" lon="-86.933107">
        <time>2016-04-02T16:26:42Z</time>
      </trkpt>
      <trkpt lat="37.210905" lon="-86.932984">
        <time>2016-04-02T16:26:41Z</time>
      </trkpt>
      <trkpt lat="37.210787" lon="-86.932862">
        <time>2016-04-02T16:26:40Z</time>
      </trkpt>
      <trkpt lat="37.210575" lon="-86.932630">
        <time>2016-04-02T16:26:38Z</time>
      </trkpt>
      <trkpt lat="37.209982" lon="-86.932032">
        <time>2016-04-02T16:26:32Z</time>
      </trkpt>
      <trkpt lat="37.209665" lon="-86.931671">
        <time>2016-04-02T16:26:26Z</time>
      </trkpt>
      <trkpt lat="37.209583" lon="-86.931511">
        <time>2016-04-02T16:26:24Z</time>
      </trkpt>
      <trkpt lat="37.209564" lon="-86.931321">
        <time>2016-04-02T16:26:22Z</time>
      </trkpt>
      <trkpt lat="37.209660" lon="-86.931120">
        <time>2016-04-02T16:26:20Z</time>
      </trkpt>
      <trkpt lat="37.209814" lon="-86.930878">
        <time>2016-04-02T16:26:18Z</time>
      </trkpt>
      <trkpt lat="37.209900" lon="-86.930738">
        <time>2016-04-02T16:26:17Z</time>
      </trkpt>
      <trkpt lat="37.209992" lon="-86.930585">
        <time>2016-04-02T16:26:16Z</time>
      </trkpt>
      <trkpt lat="37.210274" lon="-86.930055">
        <time>2016-04-02T16:26:13Z</time>
      </trkpt>
      <trkpt lat="37.210461" lon="-86.929673">
        <time>2016-04-02T16:26:11Z</time>
      </trkpt>
      <trkpt lat="37.210556" lon="-86.929478">
        <time>2016-04-02T16:26:10Z</time>
      </trkpt>
      <trkpt lat="37.210753" lon="-86.929076">
        <time>2016-04-02T16:26:08Z</time>
      </trkpt>
      <trkpt lat="37.210855" lon="-86.928867">
        <time>2016-04-02T16:26:07Z</time>
      </trkpt>
      <trkpt lat="37.210961" lon="-86.928651">
        <time>2016-04-02T16:26:06Z</time>
      </trkpt>
      <trkpt lat="37.211072" lon="-86.928429">
        <time>2016-04-02T16:26:05Z</time>
      </trkpt>
      <trkpt lat="37.211418" lon="-86.927744">
        <time>2016-04-02T16:26:02Z</time>
      </trkpt>
      <trkpt lat="37.211754" lon="-86.927035">
        <time>2016-04-02T16:25:59Z</time>
      </trkpt>
      <trkpt lat="37.211941" lon="-86.926530">
        <time>2016-04-02T16:25:57Z</time>
      </trkpt>
      <trkpt lat="37.212534" lon="-86.924010">
        <time>2016-04-02T16:25:48Z</time>
      </trkpt>
      <trkpt lat="37.212575" lon="-86.923719">
        <time>2016-04-02T16:25:47Z</time>
      </trkpt>
      <trkpt lat="37.212646" lon="-86.920243">
        <time>2016-04-02T16:25:35Z</time>
      </trkpt>
      <trkpt lat="37.212613" lon="-86.918507">
        <time>2016-04-02T16:25:29Z</time>
      </trkpt>
      <trkpt lat="37.212576" lon="-86.917073">
        <time>2016-04-02T16:25:24Z</time>
      </trkpt>
      <trkpt lat="37.212492" lon="-86.914530">
        <time>2016-04-02T16:25:15Z</time>
      </trkpt>
      <trkpt lat="37.212595" lon="-86.913457">
        <time>2016-04-02T16:25:11Z</time>
      </trkpt>
      <trkpt lat="37.212873" lon="-86.912725">
        <time>2016-04-02T16:25:08Z</time>
      </trkpt>
      <trkpt lat="37.213372" lon="-86.911722">
        <time>2016-04-02T16:25:04Z</time>
      </trkpt>
      <trkpt lat="37.213842" lon="-86.909993">
        <time>2016-04-02T16:24:58Z</time>
      </trkpt>
      <trkpt lat="37.214011" lon="-86.906702">
        <time>2016-04-02T16:24:47Z</time>
      </trkpt>
      <trkpt lat="37.214022" lon="-86.906428">
        <time>2016-04-02T16:24:46Z</time>
      </trkpt>
      <trkpt lat="37.214035" lon="-86.906160">
        <time>2016-04-02T16:24:45Z</time>
      </trkpt>
      <trkpt lat="37.214060" lon="-86.905634">
        <time>2016-04-02T16:24:43Z</time>
      </trkpt>
      <trkpt lat="37.214072" lon="-86.905373">
        <time>2016-04-02T16:24:42Z</time>
      </trkpt>
      <trkpt lat="37.214100" lon="-86.904874">
        <time>2016-04-02T16:24:40Z</time>
      </trkpt>
      <trkpt lat="37.214112" lon="-86.904630">
        <time>2016-04-02T16:24:39Z</time>
      </trkpt>
      <trkpt lat="37.214154" lon="-86.903913">
        <time>2016-04-02T16:24:36Z</time>
      </trkpt>
      <trkpt lat="37.214188" lon="-86.903228">
        <time>2016-04-02T16:24:33Z</time>
      </trkpt>
      <trkpt lat="37.214183" lon="-86.903008">
        <time>2016-04-02T16:24:32Z</time>
      </trkpt>
      <trkpt lat="37.214116" lon="-86.902596">
        <time>2016-04-02T16:24:30Z</time>
      </trkpt>
      <trkpt lat="37.214054" lon="-86.902411">
        <time>2016-04-02T16:24:29Z</time>
      </trkpt>
      <trkpt lat="37.213972" lon="-86.902245">
        <time>2016-04-02T16:24:28Z</time>
      </trkpt>
      <trkpt lat="37.213631" lon="-86.901871">
        <time>2016-04-02T16:24:25Z</time>
      </trkpt>
      <trkpt lat="37.213499" lon="-86.901782">
        <time>2016-04-02T16:24:24Z</time>
      </trkpt>
      <trkpt lat="37.213361" lon="-86.901706">
        <time>2016-04-02T16:24:23Z</time>
      </trkpt>
      <trkpt lat="37.212888" lon="-86.901515">
        <time>2016-04-02T16:24:20Z</time>
      </trkpt>
      <trkpt lat="37.212717" lon="-86.901451">
        <time>2016-04-02T16:24:19Z</time>
      </trkpt>
      <trkpt lat="37.212172" lon="-86.901242">
        <time>2016-04-02T16:24:16Z</time>
      </trkpt>
      <trkpt lat="37.211799" lon="-86.901097">
        <time>2016-04-02T16:24:14Z</time>
      </trkpt>
      <trkpt lat="37.211620" lon="-86.901021">
        <time>2016-04-02T16:24:13Z</time>
      </trkpt>
      <trkpt lat="37.211446" lon="-86.900943">
        <time>2016-04-02T16:24:12Z</time>
      </trkpt>
      <trkpt lat="37.211112" lon="-86.900776">
        <time>2016-04-02T16:24:10Z</time>
      </trkpt>
      <trkpt lat="37.210958" lon="-86.900688">
        <time>2016-04-02T16:24:09Z</time>
      </trkpt>
      <trkpt lat="37.210570" lon="-86.900419">
        <time>2016-04-02T16:24:06Z</time>
      </trkpt>
      <trkpt lat="37.210202" lon="-86.900150">
        <time>2016-04-02T16:24:02Z</time>
      </trkpt>
      <trkpt lat="37.210173" lon="-86.899869">
        <time>2016-04-02T16:23:56Z</time>
      </trkpt>
      <trkpt lat="37.210384" lon="-86.899661">
        <time>2016-04-02T16:23:53Z</time>
      </trkpt>
      <trkpt lat="37.210977" lon="-86.899021">
        <time>2016-04-02T16:23:47Z</time>
      </trkpt>
      <trkpt lat="37.211975" lon="-86.897517">
        <time>2016-04-02T16:23:38Z</time>
      </trkpt>
      <trkpt lat="37.212726" lon="-86.896062">
        <time>2016-04-02T16:23:30Z</time>
      </trkpt>
      <trkpt lat="37.212807" lon="-86.895883">
        <time>2016-04-02T16:23:29Z</time>
      </trkpt>
      <trkpt lat="37.212875" lon="-86.895700">
        <time>2016-04-02T16:23:28Z</time>
      </trkpt>
      <trkpt lat="37.212917" lon="-86.895510">
        <time>2016-04-02T16:23:27Z</time>
      </trkpt>
      <trkpt lat="37.212937" lon="-86.895317">
        <time>2016-04-02T16:23:26Z</time>
      </trkpt>
      <trkpt lat="37.212934" lon="-86.895126">
        <time>2016-04-02T16:23:25Z</time>
      </trkpt>
      <trkpt lat="37.212589" lon="-86.894317">
        <time>2016-04-02T16:23:20Z</time>
      </trkpt>
      <trkpt lat="37.212340" lon="-86.894102">
        <time>2016-04-02T16:23:18Z</time>
      </trkpt>
      <trkpt lat="37.212207" lon="-86.894013">
        <time>2016-04-02T16:23:17Z</time>
      </trkpt>
      <trkpt lat="37.212073" lon="-86.893928">
        <time>2016-04-02T16:23:16Z</time>
      </trkpt>
      <trkpt lat="37.211940" lon="-86.893842">
        <time>2016-04-02T16:23:15Z</time>
      </trkpt>
      <trkpt lat="37.211533" lon="-86.893571">
        <time>2016-04-02T16:23:12Z</time>
      </trkpt>
      <trkpt lat="37.211112" lon="-86.893292">
        <time>2016-04-02T16:23:09Z</time>
      </trkpt>
      <trkpt lat="37.210981" lon="-86.893192">
        <time>2016-04-02T16:23:08Z</time>
      </trkpt>
      <trkpt lat="37.210857" lon="-86.893089">
        <time>2016-04-02T16:23:07Z</time>
      </trkpt>
      <trkpt lat="37.210203" lon="-86.892494">
        <time>2016-04-02T16:23:01Z</time>
      </trkpt>
      <trkpt lat="37.209423" lon="-86.891915">
        <time>2016-04-02T16:22:55Z</time>
      </trkpt>
      <trkpt lat="37.209154" lon="-86.891705">
        <time>2016-04-02T16:22:53Z</time>
      </trkpt>
      <trkpt lat="37.208565" lon="-86.891248">
        <time>2016-04-02T16:22:48Z</time>
      </trkpt>
      <trkpt lat="37.208297" lon="-86.891060">
        <time>2016-04-02T16:22:45Z</time>
      </trkpt>
      <trkpt lat="37.208233" lon="-86.891015">
        <time>2016-04-02T16:22:44Z</time>
      </trkpt>
      <trkpt lat="37.208141" lon="-86.890816">
        <time>2016-04-02T16:22:40Z</time>
      </trkpt>
      <trkpt lat="37.208153" lon="-86.890632">
        <time>2016-04-02T16:22:38Z</time>
      </trkpt>
      <trkpt lat="37.208182" lon="-86.890384">
        <time>2016-04-02T16:22:36Z</time>
      </trkpt>
      <trkpt lat="37.208218" lon="-86.890089">
        <time>2016-04-02T16:22:34Z</time>
      </trkpt>
      <trkpt lat="37.208264" lon="-86.889387">
        <time>2016-04-02T16:22:30Z</time>
      </trkpt>
      <trkpt lat="37.208122" lon="-86.888847">
        <time>2016-04-02T16:22:27Z</time>
      </trkpt>
      <trkpt lat="37.208056" lon="-86.888670">
        <time>2016-04-02T16:22:26Z</time>
      </trkpt>
      <trkpt lat="37.207985" lon="-86.888489">
        <time>2016-04-02T16:22:25Z</time>
      </trkpt>
      <trkpt lat="37.207910" lon="-86.888298">
        <time>2016-04-02T16:22:24Z</time>
      </trkpt>
      <trkpt lat="37.207666" lon="-86.887680">
        <time>2016-04-02T16:22:21Z</time>
      </trkpt>
      <trkpt lat="37.207591" lon="-86.887463">
        <time>2016-04-02T16:22:20Z</time>
      </trkpt>
      <trkpt lat="37.207478" lon="-86.886813">
        <time>2016-04-02T16:22:17Z</time>
      </trkpt>
      <trkpt lat="37.207541" lon="-86.885676">
        <time>2016-04-02T16:22:12Z</time>
      </trkpt>
      <trkpt lat="37.207560" lon="-86.885433">
        <time>2016-04-02T16:22:11Z</time>
      </trkpt>
      <trkpt lat="37.207595" lon="-86.884691">
        <time>2016-04-02T16:22:08Z</time>
      </trkpt>
      <trkpt lat="37.207638" lon="-86.883903">
        <time>2016-04-02T16:22:05Z</time>
      </trkpt>
      <trkpt lat="37.208016" lon="-86.882104">
        <time>2016-04-02T16:21:58Z</time>
      </trkpt>
      <trkpt lat="37.208109" lon="-86.881870">
        <time>2016-04-02T16:21:57Z</time>
      </trkpt>
      <trkpt lat="37.208413" lon="-86.881172">
        <time>2016-04-02T16:21:54Z</time>
      </trkpt>
      <trkpt lat="37.208513" lon="-86.880941">
        <time>2016-04-02T16:21:53Z</time>
      </trkpt>
      <trkpt lat="37.208708" lon="-86.880479">
        <time>2016-04-02T16:21:51Z</time>
      </trkpt>
      <trkpt lat="37.208896" lon="-86.880015">
        <time>2016-04-02T16:21:49Z</time>
      </trkpt>
      <trkpt lat="37.209182" lon="-86.879321">
        <time>2016-04-02T16:21:46Z</time>
      </trkpt>
      <trkpt lat="37.209468" lon="-86.878623">
        <time>2016-04-02T16:21:43Z</time>
      </trkpt>
      <trkpt lat="37.209563" lon="-86.878392">
        <time>2016-04-02T16:21:42Z</time>
      </trkpt>
      <trkpt lat="37.210306" lon="-86.876573">
        <time>2016-04-02T16:21:34Z</time>
      </trkpt>
      <trkpt lat="37.210582" lon="-86.875893">
        <time>2016-04-02T16:21:31Z</time>
      </trkpt>
      <trkpt lat="37.210673" lon="-86.875669">
        <time>2016-04-02T16:21:30Z</time>
      </trkpt>
      <trkpt lat="37.211128" lon="-86.874571">
        <time>2016-04-02T16:21:25Z</time>
      </trkpt>
      <trkpt lat="37.211219" lon="-86.874348">
        <time>2016-04-02T16:21:24Z</time>
      </trkpt>
      <trkpt lat="37.211746" lon="-86.873061">
        <time>2016-04-02T16:21:18Z</time>
      </trkpt>
      <trkpt lat="37.212013" lon="-86.872418">
        <time>2016-04-02T16:21:15Z</time>
      </trkpt>
      <trkpt lat="37.212528" lon="-86.871233">
        <time>2016-04-02T16:21:09Z</time>
      </trkpt>
      <trkpt lat="37.212620" lon="-86.871062">
        <time>2016-04-02T16:21:08Z</time>
      </trkpt>
      <trkpt lat="37.212900" lon="-86.870569">
        <time>2016-04-02T16:21:05Z</time>
      </trkpt>
      <trkpt lat="37.212992" lon="-86.870404">
        <time>2016-04-02T16:21:04Z</time>
      </trkpt>
      <trkpt lat="37.213297" lon="-86.869900">
        <time>2016-04-02T16:21:01Z</time>
      </trkpt>
      <trkpt lat="37.213796" lon="-86.869116">
        <time>2016-04-02T16:20:56Z</time>
      </trkpt>
      <trkpt lat="37.213849" lon="-86.869019">
        <time>2016-04-02T16:20:55Z</time>
      </trkpt>
      <trkpt lat="37.213862" lon="-86.868826">
        <time>2016-04-02T16:20:52Z</time>
      </trkpt>
      <trkpt lat="37.213842" lon="-86.868780">
        <time>2016-04-02T16:20:51Z</time>
      </trkpt>
      <trkpt lat="37.213733" lon="-86.868465">
        <time>2016-04-02T16:20:46Z</time>
      </trkpt>
      <trkpt lat="37.213730" lon="-86.868413">
        <time>2016-04-02T16:20:21Z</time>
      </trkpt>
      <trkpt lat="37.213749" lon="-86.868389">
        <time>2016-04-02T16:19:56Z</time>
      </trkpt>
      <trkpt lat="37.213761" lon="-86.868375">
        <time>2016-04-02T16:19:41Z</time>
      </trkpt>
      <trkpt lat="37.213613" lon="-86.867932">
        <time>2016-04-02T16:19:34Z</time>
      </trkpt>
      <trkpt lat="37.213311" lon="-86.867521">
        <time>2016-04-02T16:19:30Z</time>
      </trkpt>
      <trkpt lat="37.213118" lon="-86.867292">
        <time>2016-04-02T16:19:28Z</time>
      </trkpt>
      <trkpt lat="37.213013" lon="-86.867168">
        <time>2016-04-02T16:19:27Z</time>
      </trkpt>
      <trkpt lat="37.212570" lon="-86.866606">
        <time>2016-04-02T16:19:23Z</time>
      </trkpt>
      <trkpt lat="37.212189" lon="-86.865919">
        <time>2016-04-02T16:19:19Z</time>
      </trkpt>
      <trkpt lat="37.212127" lon="-86.865737">
        <time>2016-04-02T16:19:18Z</time>
      </trkpt>
      <trkpt lat="37.212074" lon="-86.865554">
        <time>2016-04-02T16:19:17Z</time>
      </trkpt>
      <trkpt lat="37.211943" lon="-86.865009">
        <time>2016-04-02T16:19:14Z</time>
      </trkpt>
      <trkpt lat="37.211900" lon="-86.864852">
        <time>2016-04-02T16:19:13Z</time>
      </trkpt>
      <trkpt lat="37.211806" lon="-86.864538">
        <time>2016-04-02T16:19:11Z</time>
      </trkpt>
      <trkpt lat="37.211698" lon="-86.864166">
        <time>2016-04-02T16:19:09Z</time>
      </trkpt>
      <trkpt lat="37.211653" lon="-86.863976">
        <time>2016-04-02T16:19:08Z</time>
      </trkpt>
      <trkpt lat="37.211591" lon="-86.863599">
        <time>2016-04-02T16:19:06Z</time>
      </trkpt>
      <trkpt lat="37.211530" lon="-86.863224">
        <time>2016-04-02T16:19:04Z</time>
      </trkpt>
      <trkpt lat="37.211293" lon="-86.862108">
        <time>2016-04-02T16:18:58Z</time>
      </trkpt>
      <trkpt lat="37.211183" lon="-86.861718">
        <time>2016-04-02T16:18:56Z</time>
      </trkpt>
      <trkpt lat="37.211095" lon="-86.861323">
        <time>2016-04-02T16:18:54Z</time>
      </trkpt>
      <trkpt lat="37.211056" lon="-86.861129">
        <time>2016-04-02T16:18:53Z</time>
      </trkpt>
      <trkpt lat="37.211020" lon="-86.860934">
        <time>2016-04-02T16:18:52Z</time>
      </trkpt>
      <trkpt lat="37.210962" lon="-86.860542">
        <time>2016-04-02T16:18:50Z</time>
      </trkpt>
      <trkpt lat="37.210937" lon="-86.860351">
        <time>2016-04-02T16:18:49Z</time>
      </trkpt>
      <trkpt lat="37.210913" lon="-86.860161">
        <time>2016-04-02T16:18:48Z</time>
      </trkpt>
      <trkpt lat="37.210888" lon="-86.859971">
        <time>2016-04-02T16:18:47Z</time>
      </trkpt>
      <trkpt lat="37.210737" lon="-86.859066">
        <time>2016-04-02T16:18:42Z</time>
      </trkpt>
      <trkpt lat="37.210697" lon="-86.858888">
        <time>2016-04-02T16:18:41Z</time>
      </trkpt>
      <trkpt lat="37.210618" lon="-86.858518">
        <time>2016-04-02T16:18:39Z</time>
      </trkpt>
      <trkpt lat="37.210510" lon="-86.857947">
        <time>2016-04-02T16:18:36Z</time>
      </trkpt>
      <trkpt lat="37.210364" lon="-86.857389">
        <time>2016-04-02T16:18:33Z</time>
      </trkpt>
      <trkpt lat="37.210248" lon="-86.857031">
        <time>2016-04-02T16:18:31Z</time>
      </trkpt>
      <trkpt lat="37.210014" lon="-86.856253">
        <time>2016-04-02T16:18:26Z</time>
      </trkpt>
      <trkpt lat="37.209941" lon="-86.855971">
        <time>2016-04-02T16:18:24Z</time>
      </trkpt>
      <trkpt lat="37.209758" lon="-86.855019">
        <time>2016-04-02T16:18:18Z</time>
      </trkpt>
      <trkpt lat="37.209685" lon="-86.854565">
        <time>2016-04-02T16:18:15Z</time>
      </trkpt>
      <trkpt lat="37.209683" lon="-86.854431">
        <time>2016-04-02T16:18:14Z</time>
      </trkpt>
      <trkpt lat="37.209778" lon="-86.854198">
        <time>2016-04-02T16:18:12Z</time>
      </trkpt>
      <trkpt lat="37.210089" lon="-86.854010">
        <time>2016-04-02T16:18:09Z</time>
      </trkpt>
      <trkpt lat="37.210658" lon="-86.853917">
        <time>2016-04-02T16:18:05Z</time>
      </trkpt>
      <trkpt lat="37.211198" lon="-86.853572">
        <time>2016-04-02T16:18:00Z</time>
      </trkpt>
      <trkpt lat="37.211600" lon="-86.852859">
        <time>2016-04-02T16:17:55Z</time>
      </trkpt>
      <trkpt lat="37.211700" lon="-86.852057">
        <time>2016-04-02T16:17:49Z</time>
      </trkpt>
      <trkpt lat="37.211591" lon="-86.851779">
        <time>2016-04-02T16:17:47Z</time>
      </trkpt>
      <trkpt lat="37.211464" lon="-86.851456">
        <time>2016-04-02T16:17:45Z</time>
      </trkpt>
      <trkpt lat="37.211332" lon="-86.851097">
        <time>2016-04-02T16:17:43Z</time>
      </trkpt>
      <trkpt lat="37.211140" lon="-86.850580">
        <time>2016-04-02T16:17:40Z</time>
      </trkpt>
      <trkpt lat="37.210831" lon="-86.850157">
        <time>2016-04-02T16:17:36Z</time>
      </trkpt>
      <trkpt lat="37.210602" lon="-86.850018">
        <time>2016-04-02T16:17:34Z</time>
      </trkpt>
      <trkpt lat="37.210211" lon="-86.849598">
        <time>2016-04-02T16:17:30Z</time>
      </trkpt>
      <trkpt lat="37.210106" lon="-86.849300">
        <time>2016-04-02T16:17:28Z</time>
      </trkpt>
      <trkpt lat="37.209839" lon="-86.848608">
        <time>2016-04-02T16:17:24Z</time>
      </trkpt>
      <trkpt lat="37.209466" lon="-86.847803">
        <time>2016-04-02T16:17:19Z</time>
      </trkpt>
      <trkpt lat="37.208891" lon="-86.846962">
        <time>2016-04-02T16:17:13Z</time>
      </trkpt>
      <trkpt lat="37.208469" lon="-86.845952">
        <time>2016-04-02T16:17:07Z</time>
      </trkpt>
      <trkpt lat="37.207864" lon="-86.845240">
        <time>2016-04-02T16:17:01Z</time>
      </trkpt>
      <trkpt lat="37.207737" lon="-86.845177">
        <time>2016-04-02T16:17:00Z</time>
      </trkpt>
      <trkpt lat="37.206895" lon="-86.844743">
        <time>2016-04-02T16:16:54Z</time>
      </trkpt>
      <trkpt lat="37.206209" lon="-86.844414">
        <time>2016-04-02T16:16:49Z</time>
      </trkpt>
      <trkpt lat="37.205998" lon="-86.844257">
        <time>2016-04-02T16:16:47Z</time>
      </trkpt>
      <trkpt lat="37.205928" lon="-86.844182">
        <time>2016-04-02T16:16:46Z</time>
      </trkpt>
      <trkpt lat="37.205890" lon="-86.844030">
        <time>2016-04-02T16:16:44Z</time>
      </trkpt>
      <trkpt lat="37.205952" lon="-86.843793">
        <time>2016-04-02T16:16:41Z</time>
      </trkpt>
      <trkpt lat="37.206058" lon="-86.843637">
        <time>2016-04-02T16:16:39Z</time>
      </trkpt>
      <trkpt lat="37.206128" lon="-86.843554">
        <time>2016-04-02T16:16:38Z</time>
      </trkpt>
      <trkpt lat="37.207353" lon="-86.842231">
        <time>2016-04-02T16:16:27Z</time>
      </trkpt>
      <trkpt lat="37.207742" lon="-86.841397">
        <time>2016-04-02T16:16:22Z</time>
      </trkpt>
      <trkpt lat="37.207730" lon="-86.841077">
        <time>2016-04-02T16:16:20Z</time>
      </trkpt>
      <trkpt lat="37.207698" lon="-86.840922">
        <time>2016-04-02T16:16:19Z</time>
      </trkpt>
      <trkpt lat="37.207660" lon="-86.840762">
        <time>2016-04-02T16:16:18Z</time>
      </trkpt>
      <trkpt lat="37.207572" lon="-86.840444">
        <time>2016-04-02T16:16:16Z</time>
      </trkpt>
      <trkpt lat="37.207476" lon="-86.840105">
        <time>2016-04-02T16:16:14Z</time>
      </trkpt>
      <trkpt lat="37.207436" lon="-86.839938">
        <time>2016-04-02T16:16:13Z</time>
      </trkpt>
      <trkpt lat="37.207188" lon="-86.839338">
        <time>2016-04-02T16:16:09Z</time>
      </trkpt>
      <trkpt lat="37.206885" lon="-86.838972">
        <time>2016-04-02T16:16:06Z</time>
      </trkpt>
      <trkpt lat="37.206768" lon="-86.838862">
        <time>2016-04-02T16:16:05Z</time>
      </trkpt>
      <trkpt lat="37.206650" lon="-86.838755">
        <time>2016-04-02T16:16:04Z</time>
      </trkpt>
      <trkpt lat="37.206348" lon="-86.838357">
        <time>2016-04-02T16:16:01Z</time>
      </trkpt>
      <trkpt lat="37.205903" lon="-86.837212">
        <time>2016-04-02T16:15:54Z</time>
      </trkpt>
      <trkpt lat="37.205861" lon="-86.836693">
        <time>2016-04-02T16:15:51Z</time>
      </trkpt>
      <trkpt lat="37.205913" lon="-86.836232">
        <time>2016-04-02T16:15:48Z</time>
      </trkpt>
      <trkpt lat="37.206075" lon="-86.835833">
        <time>2016-04-02T16:15:45Z</time>
      </trkpt>
      <trkpt lat="37.206070" lon="-86.835704">
        <time>2016-04-02T16:15:44Z</time>
      </trkpt>
      <trkpt lat="37.206021" lon="-86.835464">
        <time>2016-04-02T16:15:42Z</time>
      </trkpt>
      <trkpt lat="37.205933" lon="-86.835180">
        <time>2016-04-02T16:15:40Z</time>
      </trkpt>
      <trkpt lat="37.205886" lon="-86.835014">
        <time>2016-04-02T16:15:39Z</time>
      </trkpt>
      <trkpt lat="37.205840" lon="-86.834842">
        <time>2016-04-02T16:15:38Z</time>
      </trkpt>
      <trkpt lat="37.205694" lon="-86.834299">
        <time>2016-04-02T16:15:35Z</time>
      </trkpt>
      <trkpt lat="37.205572" lon="-86.833756">
        <time>2016-04-02T16:15:32Z</time>
      </trkpt>
      <trkpt lat="37.205393" lon="-86.833034">
        <time>2016-04-02T16:15:28Z</time>
      </trkpt>
      <trkpt lat="37.205275" lon="-86.832698">
        <time>2016-04-02T16:15:26Z</time>
      </trkpt>
      <trkpt lat="37.204758" lon="-86.832293">
        <time>2016-04-02T16:15:21Z</time>
      </trkpt>
      <trkpt lat="37.204680" lon="-86.832185">
        <time>2016-04-02T16:15:20Z</time>
      </trkpt>
      <trkpt lat="37.204562" lon="-86.831899">
        <time>2016-04-02T16:15:18Z</time>
      </trkpt>
      <trkpt lat="37.204284" lon="-86.831204">
        <time>2016-04-02T16:15:14Z</time>
      </trkpt>
      <trkpt lat="37.204196" lon="-86.831046">
        <time>2016-04-02T16:15:13Z</time>
      </trkpt>
      <trkpt lat="37.204046" lon="-86.830788">
        <time>2016-04-02T16:15:11Z</time>
      </trkpt>
      <trkpt lat="37.203759" lon="-86.830394">
        <time>2016-04-02T16:15:08Z</time>
      </trkpt>
      <trkpt lat="37.203677" lon="-86.829895">
        <time>2016-04-02T16:15:04Z</time>
      </trkpt>
      <trkpt lat="37.203494" lon="-86.829369">
        <time>2016-04-02T16:14:59Z</time>
      </trkpt>
      <trkpt lat="37.202933" lon="-86.829019">
        <time>2016-04-02T16:14:55Z</time>
      </trkpt>
      <trkpt lat="37.202597" lon="-86.828912">
        <time>2016-04-02T16:14:53Z</time>
      </trkpt>
      <trkpt lat="37.202430" lon="-86.828860">
        <time>2016-04-02T16:14:52Z</time>
      </trkpt>
      <trkpt lat="37.202271" lon="-86.828794">
        <time>2016-04-02T16:14:51Z</time>
      </trkpt>
      <trkpt lat="37.201989" lon="-86.828637">
        <time>2016-04-02T16:14:49Z</time>
      </trkpt>
      <trkpt lat="37.201423" lon="-86.828210">
        <time>2016-04-02T16:14:45Z</time>
      </trkpt>
      <trkpt lat="37.200966" lon="-86.827985">
        <time>2016-04-02T16:14:42Z</time>
      </trkpt>
      <trkpt lat="37.200289" lon="-86.828051">
        <time>2016-04-02T16:14:37Z</time>
      </trkpt>
      <trkpt lat="37.200165" lon="-86.828118">
        <time>2016-04-02T16:14:36Z</time>
      </trkpt>
      <trkpt lat="37.200047" lon="-86.828201">
        <time>2016-04-02T16:14:35Z</time>
      </trkpt>
      <trkpt lat="37.199678" lon="-86.828415">
        <time>2016-04-02T16:14:32Z</time>
      </trkpt>
      <trkpt lat="37.199544" lon="-86.828463">
        <time>2016-04-02T16:14:31Z</time>
      </trkpt>
      <trkpt lat="37.199270" lon="-86.828538">
        <time>2016-04-02T16:14:29Z</time>
      </trkpt>
      <trkpt lat="37.198858" lon="-86.828655">
        <time>2016-04-02T16:14:26Z</time>
      </trkpt>
      <trkpt lat="37.198433" lon="-86.828557">
        <time>2016-04-02T16:14:22Z</time>
      </trkpt>
      <trkpt lat="37.197909" lon="-86.828095">
        <time>2016-04-02T16:14:18Z</time>
      </trkpt>
      <trkpt lat="37.197184" lon="-86.827650">
        <time>2016-04-02T16:14:13Z</time>
      </trkpt>
      <trkpt lat="37.196765" lon="-86.827397">
        <time>2016-04-02T16:14:10Z</time>
      </trkpt>
      <trkpt lat="37.196436" lon="-86.827053">
        <time>2016-04-02T16:14:07Z</time>
      </trkpt>
      <trkpt lat="37.196281" lon="-86.826753">
        <time>2016-04-02T16:14:05Z</time>
      </trkpt>
      <trkpt lat="37.196199" lon="-86.826262">
        <time>2016-04-02T16:14:02Z</time>
      </trkpt>
      <trkpt lat="37.196235" lon="-86.825556">
        <time>2016-04-02T16:13:58Z</time>
      </trkpt>
      <trkpt lat="37.196307" lon="-86.825166">
        <time>2016-04-02T16:13:56Z</time>
      </trkpt>
      <trkpt lat="37.196295" lon="-86.824464">
        <time>2016-04-02T16:13:52Z</time>
      </trkpt>
      <trkpt lat="37.196244" lon="-86.824300">
        <time>2016-04-02T16:13:51Z</time>
      </trkpt>
      <trkpt lat="37.196135" lon="-86.823943">
        <time>2016-04-02T16:13:49Z</time>
      </trkpt>
      <trkpt lat="37.195963" lon="-86.823330">
        <time>2016-04-02T16:13:46Z</time>
      </trkpt>
      <trkpt lat="37.195649" lon="-86.822657">
        <time>2016-04-02T16:13:42Z</time>
      </trkpt>
      <trkpt lat="37.195423" lon="-86.822362">
        <time>2016-04-02T16:13:40Z</time>
      </trkpt>
      <trkpt lat="37.195242" lon="-86.822038">
        <time>2016-04-02T16:13:38Z</time>
      </trkpt>
      <trkpt lat="37.195087" lon="-86.821687">
        <time>2016-04-02T16:13:36Z</time>
      </trkpt>
      <trkpt lat="37.194934" lon="-86.821301">
        <time>2016-04-02T16:13:34Z</time>
      </trkpt>
      <trkpt lat="37.194852" lon="-86.821106">
        <time>2016-04-02T16:13:33Z</time>
      </trkpt>
      <trkpt lat="37.194763" lon="-86.820910">
        <time>2016-04-02T16:13:32Z</time>
      </trkpt>
      <trkpt lat="37.194566" lon="-86.820511">
        <time>2016-04-02T16:13:30Z</time>
      </trkpt>
      <trkpt lat="37.194343" lon="-86.820116">
        <time>2016-04-02T16:13:28Z</time>
      </trkpt>
      <trkpt lat="37.194218" lon="-86.819929">
        <time>2016-04-02T16:13:27Z</time>
      </trkpt>
      <trkpt lat="37.194092" lon="-86.819753">
        <time>2016-04-02T16:13:26Z</time>
      </trkpt>
      <trkpt lat="37.193975" lon="-86.819574">
        <time>2016-04-02T16:13:25Z</time>
      </trkpt>
      <trkpt lat="37.193665" lon="-86.819049">
        <time>2016-04-02T16:13:22Z</time>
      </trkpt>
      <trkpt lat="37.193399" lon="-86.817736">
        <time>2016-04-02T16:13:15Z</time>
      </trkpt>
      <trkpt lat="37.193491" lon="-86.817130">
        <time>2016-04-02T16:13:12Z</time>
      </trkpt>
      <trkpt lat="37.193933" lon="-86.815133">
        <time>2016-04-02T16:13:03Z</time>
      </trkpt>
      <trkpt lat="37.194148" lon="-86.814333">
        <time>2016-04-02T16:12:59Z</time>
      </trkpt>
      <trkpt lat="37.194222" lon="-86.814165">
        <time>2016-04-02T16:12:58Z</time>
      </trkpt>
      <trkpt lat="37.194379" lon="-86.813839">
        <time>2016-04-02T16:12:56Z</time>
      </trkpt>
      <trkpt lat="37.194485" lon="-86.813379">
        <time>2016-04-02T16:12:53Z</time>
      </trkpt>
      <trkpt lat="37.194354" lon="-86.812902">
        <time>2016-04-02T16:12:50Z</time>
      </trkpt>
      <trkpt lat="37.194281" lon="-86.812717">
        <time>2016-04-02T16:12:49Z</time>
      </trkpt>
      <trkpt lat="37.194202" lon="-86.812520">
        <time>2016-04-02T16:12:48Z</time>
      </trkpt>
      <trkpt lat="37.194114" lon="-86.812310">
        <time>2016-04-02T16:12:47Z</time>
      </trkpt>
      <trkpt lat="37.194022" lon="-86.812089">
        <time>2016-04-02T16:12:46Z</time>
      </trkpt>
      <trkpt lat="37.193928" lon="-86.811865">
        <time>2016-04-02T16:12:45Z</time>
      </trkpt>
      <trkpt lat="37.193736" lon="-86.811217">
        <time>2016-04-02T16:12:42Z</time>
      </trkpt>
      <trkpt lat="37.193662" lon="-86.810603">
        <time>2016-04-02T16:12:39Z</time>
      </trkpt>
      <trkpt lat="37.193473" lon="-86.809993">
        <time>2016-04-02T16:12:35Z</time>
      </trkpt>
      <trkpt lat="37.193088" lon="-86.809748">
        <time>2016-04-02T16:12:32Z</time>
      </trkpt>
      <trkpt lat="37.192787" lon="-86.809638">
        <time>2016-04-02T16:12:30Z</time>
      </trkpt>
      <trkpt lat="37.192486" lon="-86.809594">
        <time>2016-04-02T16:12:28Z</time>
      </trkpt>
      <trkpt lat="37.191980" lon="-86.809612">
        <time>2016-04-02T16:12:25Z</time>
      </trkpt>
      <trkpt lat="37.191799" lon="-86.809608">
        <time>2016-04-02T16:12:24Z</time>
      </trkpt>
      <trkpt lat="37.191070" lon="-86.809270">
        <time>2016-04-02T16:12:19Z</time>
      </trkpt>
      <trkpt lat="37.190703" lon="-86.808883">
        <time>2016-04-02T16:12:16Z</time>
      </trkpt>
      <trkpt lat="37.190299" lon="-86.808483">
        <time>2016-04-02T16:12:13Z</time>
      </trkpt>
      <trkpt lat="37.190174" lon="-86.808341">
        <time>2016-04-02T16:12:12Z</time>
      </trkpt>
      <trkpt lat="37.189938" lon="-86.807841">
        <time>2016-04-02T16:12:09Z</time>
      </trkpt>
      <trkpt lat="37.189830" lon="-86.807443">
        <time>2016-04-02T16:12:07Z</time>
      </trkpt>
      <trkpt lat="37.189768" lon="-86.807259">
        <time>2016-04-02T16:12:06Z</time>
      </trkpt>
      <trkpt lat="37.189691" lon="-86.807091">
        <time>2016-04-02T16:12:05Z</time>
      </trkpt>
      <trkpt lat="37.189504" lon="-86.806807">
        <time>2016-04-02T16:12:03Z</time>
      </trkpt>
      <trkpt lat="37.189397" lon="-86.806683">
        <time>2016-04-02T16:12:02Z</time>
      </trkpt>
      <trkpt lat="37.189063" lon="-86.806312">
        <time>2016-04-02T16:11:59Z</time>
      </trkpt>
      <trkpt lat="37.188947" lon="-86.806191">
        <time>2016-04-02T16:11:58Z</time>
      </trkpt>
      <trkpt lat="37.188828" lon="-86.806076">
        <time>2016-04-02T16:11:57Z</time>
      </trkpt>
      <trkpt lat="37.188470" lon="-86.805854">
        <time>2016-04-02T16:11:54Z</time>
      </trkpt>
      <trkpt lat="37.188250" lon="-86.805714">
        <time>2016-04-02T16:11:52Z</time>
      </trkpt>
      <trkpt lat="37.187923" lon="-86.804920">
        <time>2016-04-02T16:11:46Z</time>
      </trkpt>
      <trkpt lat="37.187918" lon="-86.804747">
        <time>2016-04-02T16:11:45Z</time>
      </trkpt>
      <trkpt lat="37.187913" lon="-86.804551">
        <time>2016-04-02T16:11:44Z</time>
      </trkpt>
      <trkpt lat="37.187805" lon="-86.803714">
        <time>2016-04-02T16:11:39Z</time>
      </trkpt>
      <trkpt lat="37.187752" lon="-86.803550">
        <time>2016-04-02T16:11:37Z</time>
      </trkpt>
      <trkpt lat="37.187740" lon="-86.803491">
        <time>2016-04-02T16:11:31Z</time>
      </trkpt>
      <trkpt lat="37.187723" lon="-86.803509">
        <time>2016-04-02T16:11:12Z</time>
      </trkpt>
      <trkpt lat="37.187756" lon="-86.803358">
        <time>2016-04-02T16:11:05Z</time>
      </trkpt>
      <trkpt lat="37.188509" lon="-86.802710">
        <time>2016-04-02T16:10:58Z</time>
      </trkpt>
      <trkpt lat="37.189010" lon="-86.802525">
        <time>2016-04-02T16:10:55Z</time>
      </trkpt>
      <trkpt lat="37.189344" lon="-86.802419">
        <time>2016-04-02T16:10:53Z</time>
      </trkpt>
      <trkpt lat="37.189509" lon="-86.802360">
        <time>2016-04-02T16:10:52Z</time>
      </trkpt>
      <trkpt lat="37.189820" lon="-86.802223">
        <time>2016-04-02T16:10:50Z</time>
      </trkpt>
      <trkpt lat="37.190452" lon="-86.802032">
        <time>2016-04-02T16:10:46Z</time>
      </trkpt>
      <trkpt lat="37.191012" lon="-86.802037">
        <time>2016-04-02T16:10:43Z</time>
      </trkpt>
      <trkpt lat="37.191379" lon="-86.802106">
        <time>2016-04-02T16:10:41Z</time>
      </trkpt>
      <trkpt lat="37.191566" lon="-86.802154">
        <time>2016-04-02T16:10:40Z</time>
      </trkpt>
      <trkpt lat="37.191757" lon="-86.802204">
        <time>2016-04-02T16:10:39Z</time>
      </trkpt>
      <trkpt lat="37.192137" lon="-86.802298">
        <time>2016-04-02T16:10:37Z</time>
      </trkpt>
      <trkpt lat="37.192911" lon="-86.802408">
        <time>2016-04-02T16:10:33Z</time>
      </trkpt>
      <trkpt lat="37.193111" lon="-86.802418">
        <time>2016-04-02T16:10:32Z</time>
      </trkpt>
      <trkpt lat="37.194518" lon="-86.802436">
        <time>2016-04-02T16:10:25Z</time>
      </trkpt>
      <trkpt lat="37.194716" lon="-86.802428">
        <time>2016-04-02T16:10:24Z</time>
      </trkpt>
      <trkpt lat="37.195276" lon="-86.802384">
        <time>2016-04-02T16:10:21Z</time>
      </trkpt>
      <trkpt lat="37.195456" lon="-86.802365">
        <time>2016-04-02T16:10:20Z</time>
      </trkpt>
      <trkpt lat="37.196043" lon="-86.802290">
        <time>2016-04-02T16:10:17Z</time>
      </trkpt>
      <trkpt lat="37.196241" lon="-86.802255">
        <time>2016-04-02T16:10:16Z</time>
      </trkpt>
      <trkpt lat="37.196432" lon="-86.802207">
        <time>2016-04-02T16:10:15Z</time>
      </trkpt>
      <trkpt lat="37.197152" lon="-86.801911">
        <time>2016-04-02T16:10:11Z</time>
      </trkpt>
      <trkpt lat="37.197801" lon="-86.801837">
        <time>2016-04-02T16:10:07Z</time>
      </trkpt>
      <trkpt lat="37.199233" lon="-86.802293">
        <time>2016-04-02T16:09:59Z</time>
      </trkpt>
      <trkpt lat="37.200780" lon="-86.802712">
        <time>2016-04-02T16:09:51Z</time>
      </trkpt>
      <trkpt lat="37.200969" lon="-86.802735">
        <time>2016-04-02T16:09:50Z</time>
      </trkpt>
      <trkpt lat="37.201350" lon="-86.802722">
        <time>2016-04-02T16:09:48Z</time>
      </trkpt>
      <trkpt lat="37.201535" lon="-86.802690">
        <time>2016-04-02T16:09:47Z</time>
      </trkpt>
      <trkpt lat="37.202035" lon="-86.802506">
        <time>2016-04-02T16:09:44Z</time>
      </trkpt>
      <trkpt lat="37.202346" lon="-86.802312">
        <time>2016-04-02T16:09:42Z</time>
      </trkpt>
      <trkpt lat="37.202806" lon="-86.801954">
        <time>2016-04-02T16:09:39Z</time>
      </trkpt>
      <trkpt lat="37.203284" lon="-86.801593">
        <time>2016-04-02T16:09:36Z</time>
      </trkpt>
      <trkpt lat="37.203443" lon="-86.801479">
        <time>2016-04-02T16:09:35Z</time>
      </trkpt>
      <trkpt lat="37.203608" lon="-86.801361">
        <time>2016-04-02T16:09:34Z</time>
      </trkpt>
      <trkpt lat="37.203780" lon="-86.801236">
        <time>2016-04-02T16:09:33Z</time>
      </trkpt>
      <trkpt lat="37.205767" lon="-86.800055">
        <time>2016-04-02T16:09:22Z</time>
      </trkpt>
      <trkpt lat="37.206236" lon="-86.799955">
        <time>2016-04-02T16:09:19Z</time>
      </trkpt>
      <trkpt lat="37.206515" lon="-86.800030">
        <time>2016-04-02T16:09:17Z</time>
      </trkpt>
      <trkpt lat="37.206652" lon="-86.800099">
        <time>2016-04-02T16:09:16Z</time>
      </trkpt>
      <trkpt lat="37.206794" lon="-86.800181">
        <time>2016-04-02T16:09:15Z</time>
      </trkpt>
      <trkpt lat="37.207896" lon="-86.800847">
        <time>2016-04-02T16:09:08Z</time>
      </trkpt>
      <trkpt lat="37.208240" lon="-86.800988">
        <time>2016-04-02T16:09:06Z</time>
      </trkpt>
      <trkpt lat="37.208769" lon="-86.801193">
        <time>2016-04-02T16:09:03Z</time>
      </trkpt>
      <trkpt lat="37.208938" lon="-86.801273">
        <time>2016-04-02T16:09:02Z</time>
      </trkpt>
      <trkpt lat="37.209826" lon="-86.801670">
        <time>2016-04-02T16:08:57Z</time>
      </trkpt>
      <trkpt lat="37.210173" lon="-86.801824">
        <time>2016-04-02T16:08:55Z</time>
      </trkpt>
      <trkpt lat="37.210631" lon="-86.802131">
        <time>2016-04-02T16:08:52Z</time>
      </trkpt>
      <trkpt lat="37.210936" lon="-86.802378">
        <time>2016-04-02T16:08:50Z</time>
      </trkpt>
      <trkpt lat="37.211100" lon="-86.802510">
        <time>2016-04-02T16:08:49Z</time>
      </trkpt>
      <trkpt lat="37.211272" lon="-86.802650">
        <time>2016-04-02T16:08:48Z</time>
      </trkpt>
      <trkpt lat="37.212330" lon="-86.803344">
        <time>2016-04-02T16:08:42Z</time>
      </trkpt>
      <trkpt lat="37.212839" lon="-86.803577">
        <time>2016-04-02T16:08:39Z</time>
      </trkpt>
      <trkpt lat="37.213352" lon="-86.803768">
        <time>2016-04-02T16:08:36Z</time>
      </trkpt>
      <trkpt lat="37.214673" lon="-86.804553">
        <time>2016-04-02T16:08:28Z</time>
      </trkpt>
      <trkpt lat="37.214920" lon="-86.804642">
        <time>2016-04-02T16:08:26Z</time>
      </trkpt>
      <trkpt lat="37.215173" lon="-86.804601">
        <time>2016-04-02T16:08:24Z</time>
      </trkpt>
      <trkpt lat="37.215429" lon="-86.804478">
        <time>2016-04-02T16:08:22Z</time>
      </trkpt>
      <trkpt lat="37.215707" lon="-86.804344">
        <time>2016-04-02T16:08:20Z</time>
      </trkpt>
      <trkpt lat="37.216298" lon="-86.804024">
        <time>2016-04-02T16:08:16Z</time>
      </trkpt>
      <trkpt lat="37.216444" lon="-86.803923">
        <time>2016-04-02T16:08:15Z</time>
      </trkpt>
      <trkpt lat="37.216895" lon="-86.803607">
        <time>2016-04-02T16:08:12Z</time>
      </trkpt>
      <trkpt lat="37.217351" lon="-86.803276">
        <time>2016-04-02T16:08:09Z</time>
      </trkpt>
      <trkpt lat="37.217948" lon="-86.802971">
        <time>2016-04-02T16:08:05Z</time>
      </trkpt>
      <trkpt lat="37.218605" lon="-86.802916">
        <time>2016-04-02T16:08:01Z</time>
      </trkpt>
      <trkpt lat="37.219609" lon="-86.803134">
        <time>2016-04-02T16:07:55Z</time>
      </trkpt>
      <trkpt lat="37.220059" lon="-86.803403">
        <time>2016-04-02T16:07:52Z</time>
      </trkpt>
      <trkpt lat="37.220211" lon="-86.803512">
        <time>2016-04-02T16:07:51Z</time>
      </trkpt>
      <trkpt lat="37.220817" lon="-86.804007">
        <time>2016-04-02T16:07:47Z</time>
      </trkpt>
      <trkpt lat="37.222020" lon="-86.805301">
        <time>2016-04-02T16:07:38Z</time>
      </trkpt>
      <trkpt lat="37.222373" lon="-86.805684">
        <time>2016-04-02T16:07:35Z</time>
      </trkpt>
      <trkpt lat="37.222802" lon="-86.805867">
        <time>2016-04-02T16:07:32Z</time>
      </trkpt>
      <trkpt lat="37.223323" lon="-86.805873">
        <time>2016-04-02T16:07:29Z</time>
      </trkpt>
      <trkpt lat="37.223701" lon="-86.805785">
        <time>2016-04-02T16:07:27Z</time>
      </trkpt>
      <trkpt lat="37.223887" lon="-86.805751">
        <time>2016-04-02T16:07:26Z</time>
      </trkpt>
      <trkpt lat="37.224632" lon="-86.805997">
        <time>2016-04-02T16:07:21Z</time>
      </trkpt>
      <trkpt lat="37.225622" lon="-86.806865">
        <time>2016-04-02T16:07:15Z</time>
      </trkpt>
      <trkpt lat="37.226421" lon="-86.807214">
        <time>2016-04-02T16:07:10Z</time>
      </trkpt>
      <trkpt lat="37.226626" lon="-86.807423">
        <time>2016-04-02T16:07:07Z</time>
      </trkpt>
      <trkpt lat="37.226842" lon="-86.807685">
        <time>2016-04-02T16:07:03Z</time>
      </trkpt>
      <trkpt lat="37.227070" lon="-86.808046">
        <time>2016-04-02T16:07:00Z</time>
      </trkpt>
      <trkpt lat="37.227170" lon="-86.808192">
        <time>2016-04-02T16:06:59Z</time>
      </trkpt>
      <trkpt lat="37.228084" lon="-86.809071">
        <time>2016-04-02T16:06:53Z</time>
      </trkpt>
      <trkpt lat="37.228839" lon="-86.809542">
        <time>2016-04-02T16:06:49Z</time>
      </trkpt>
      <trkpt lat="37.229863" lon="-86.810148">
        <time>2016-04-02T16:06:44Z</time>
      </trkpt>
      <trkpt lat="37.230224" lon="-86.810425">
        <time>2016-04-02T16:06:42Z</time>
      </trkpt>
      <trkpt lat="37.230502" lon="-86.811246">
        <time>2016-04-02T16:06:38Z</time>
      </trkpt>
      <trkpt lat="37.230812" lon="-86.812732">
        <time>2016-04-02T16:06:32Z</time>
      </trkpt>
      <trkpt lat="37.231021" lon="-86.813188">
        <time>2016-04-02T16:06:30Z</time>
      </trkpt>
      <trkpt lat="37.231594" lon="-86.814294">
        <time>2016-04-02T16:06:25Z</time>
      </trkpt>
      <trkpt lat="37.231821" lon="-86.814729">
        <time>2016-04-02T16:06:23Z</time>
      </trkpt>
      <trkpt lat="37.232278" lon="-86.815618">
        <time>2016-04-02T16:06:19Z</time>
      </trkpt>
      <trkpt lat="37.232517" lon="-86.816084">
        <time>2016-04-02T16:06:17Z</time>
      </trkpt>
      <trkpt lat="37.232638" lon="-86.816316">
        <time>2016-04-02T16:06:16Z</time>
      </trkpt>
      <trkpt lat="37.233225" lon="-86.817469">
        <time>2016-04-02T16:06:11Z</time>
      </trkpt>
      <trkpt lat="37.233668" lon="-86.818707">
        <time>2016-04-02T16:06:06Z</time>
      </trkpt>
      <trkpt lat="37.233734" lon="-86.818963">
        <time>2016-04-02T16:06:05Z</time>
      </trkpt>
      <trkpt lat="37.233875" lon="-86.819740">
        <time>2016-04-02T16:06:02Z</time>
      </trkpt>
      <trkpt lat="37.233922" lon="-86.820260">
        <time>2016-04-02T16:06:00Z</time>
      </trkpt>
      <trkpt lat="37.233861" lon="-86.822359">
        <time>2016-04-02T16:05:52Z</time>
      </trkpt>
      <trkpt lat="37.233848" lon="-86.822620">
        <time>2016-04-02T16:05:51Z</time>
      </trkpt>
      <trkpt lat="37.233742" lon="-86.824758">
        <time>2016-04-02T16:05:43Z</time>
      </trkpt>
      <trkpt lat="37.233713" lon="-86.825298">
        <time>2016-04-02T16:05:41Z</time>
      </trkpt>
      <trkpt lat="37.233697" lon="-86.825565">
        <time>2016-04-02T16:05:40Z</time>
      </trkpt>
      <trkpt lat="37.233541" lon="-86.827672">
        <time>2016-04-02T16:05:32Z</time>
      </trkpt>
      <trkpt lat="37.233372" lon="-86.828424">
        <time>2016-04-02T16:05:29Z</time>
      </trkpt>
      <trkpt lat="37.233306" lon="-86.828663">
        <time>2016-04-02T16:05:28Z</time>
      </trkpt>
      <trkpt lat="37.232789" lon="-86.830322">
        <time>2016-04-02T16:05:20Z</time>
      </trkpt>
      <trkpt lat="37.232724" lon="-86.830515">
        <time>2016-04-02T16:05:19Z</time>
      </trkpt>
      <trkpt lat="37.232310" lon="-86.831912">
        <time>2016-04-02T16:05:12Z</time>
      </trkpt>
      <trkpt lat="37.232250" lon="-86.832318">
        <time>2016-04-02T16:05:10Z</time>
      </trkpt>
      <trkpt lat="37.232205" lon="-86.833078">
        <time>2016-04-02T16:05:06Z</time>
      </trkpt>
      <trkpt lat="37.232191" lon="-86.833456">
        <time>2016-04-02T16:05:04Z</time>
      </trkpt>
      <trkpt lat="37.232161" lon="-86.834191">
        <time>2016-04-02T16:05:00Z</time>
      </trkpt>
      <trkpt lat="37.232129" lon="-86.835428">
        <time>2016-04-02T16:04:53Z</time>
      </trkpt>
      <trkpt lat="37.231990" lon="-86.836634">
        <time>2016-04-02T16:04:45Z</time>
      </trkpt>
      <trkpt lat="37.232072" lon="-86.836890">
        <time>2016-04-02T16:04:37Z</time>
      </trkpt>
      <trkpt lat="37.232099" lon="-86.836903">
        <time>2016-04-02T16:04:23Z</time>
      </trkpt>
      <trkpt lat="37.232279" lon="-86.837099">
        <time>2016-04-02T16:04:19Z</time>
      </trkpt>
      <trkpt lat="37.232414" lon="-86.837678">
        <time>2016-04-02T16:04:15Z</time>
      </trkpt>
      <trkpt lat="37.232579" lon="-86.838390">
        <time>2016-04-02T16:04:11Z</time>
      </trkpt>
      <trkpt lat="37.232622" lon="-86.838578">
        <time>2016-04-02T16:04:10Z</time>
      </trkpt>
      <trkpt lat="37.232906" lon="-86.839814">
        <time>2016-04-02T16:04:04Z</time>
      </trkpt>
      <trkpt lat="37.233005" lon="-86.840221">
        <time>2016-04-02T16:04:02Z</time>
      </trkpt>
      <trkpt lat="37.233404" lon="-86.841903">
        <time>2016-04-02T16:03:53Z</time>
      </trkpt>
      <trkpt lat="37.233901" lon="-86.842639">
        <time>2016-04-02T16:03:48Z</time>
      </trkpt>
      <trkpt lat="37.234041" lon="-86.842712">
        <time>2016-04-02T16:03:47Z</time>
      </trkpt>
      <trkpt lat="37.234474" lon="-86.842789">
        <time>2016-04-02T16:03:44Z</time>
      </trkpt>
      <trkpt lat="37.234796" lon="-86.842914">
        <time>2016-04-02T16:03:41Z</time>
      </trkpt>
      <trkpt lat="37.234909" lon="-86.843272">
        <time>2016-04-02T16:03:38Z</time>
      </trkpt>
      <trkpt lat="37.234921" lon="-86.843417">
        <time>2016-04-02T16:03:37Z</time>
      </trkpt>
      <trkpt lat="37.234950" lon="-86.843906">
        <time>2016-04-02T16:03:34Z</time>
      </trkpt>
      <trkpt lat="37.234960" lon="-86.844070">
        <time>2016-04-02T16:03:33Z</time>
      </trkpt>
      <trkpt lat="37.235104" lon="-86.845959">
        <time>2016-04-02T16:03:21Z</time>
      </trkpt>
      <trkpt lat="37.235111" lon="-86.846112">
        <time>2016-04-02T16:03:20Z</time>
      </trkpt>
      <trkpt lat="37.235167" lon="-86.846933">
        <time>2016-04-02T16:03:15Z</time>
      </trkpt>
      <trkpt lat="37.235220" lon="-86.847876">
        <time>2016-04-02T16:03:10Z</time>
      </trkpt>
      <trkpt lat="37.235145" lon="-86.848798">
        <time>2016-04-02T16:03:05Z</time>
      </trkpt>
      <trkpt lat="37.235131" lon="-86.848944">
        <time>2016-04-02T16:03:04Z</time>
      </trkpt>
      <trkpt lat="37.235421" lon="-86.849223">
        <time>2016-04-02T16:02:59Z</time>
      </trkpt>
      <trkpt lat="37.235764" lon="-86.849175">
        <time>2016-04-02T16:02:56Z</time>
      </trkpt>
      <trkpt lat="37.235887" lon="-86.849160">
        <time>2016-04-02T16:02:55Z</time>
      </trkpt>
      <trkpt lat="37.236490" lon="-86.849129">
        <time>2016-04-02T16:02:50Z</time>
      </trkpt>
      <trkpt lat="37.236738" lon="-86.849115">
        <time>2016-04-02T16:02:48Z</time>
      </trkpt>
      <trkpt lat="37.237296" lon="-86.849060">
        <time>2016-04-02T16:02:44Z</time>
      </trkpt>
      <trkpt lat="37.237752" lon="-86.849009">
        <time>2016-04-02T16:02:41Z</time>
      </trkpt>
      <trkpt lat="37.237911" lon="-86.848994">
        <time>2016-04-02T16:02:40Z</time>
      </trkpt>
      <trkpt lat="37.238075" lon="-86.848978">
        <time>2016-04-02T16:02:39Z</time>
      </trkpt>
      <trkpt lat="37.238241" lon="-86.848963">
        <time>2016-04-02T16:02:38Z</time>
      </trkpt>
      <trkpt lat="37.238910" lon="-86.848896">
        <time>2016-04-02T16:02:34Z</time>
      </trkpt>
      <trkpt lat="37.239084" lon="-86.848880">
        <time>2016-04-02T16:02:33Z</time>
      </trkpt>
      <trkpt lat="37.239824" lon="-86.848805">
        <time>2016-04-02T16:02:29Z</time>
      </trkpt>
      <trkpt lat="37.240930" lon="-86.848632">
        <time>2016-04-02T16:02:22Z</time>
      </trkpt>
      <trkpt lat="37.241031" lon="-86.848611">
        <time>2016-04-02T16:02:21Z</time>
      </trkpt>
      <trkpt lat="37.241357" lon="-86.848918">
        <time>2016-04-02T16:02:15Z</time>
      </trkpt>
      <trkpt lat="37.241360" lon="-86.849771">
        <time>2016-04-02T16:02:10Z</time>
      </trkpt>
      <trkpt lat="37.241373" lon="-86.850654">
        <time>2016-04-02T16:02:06Z</time>
      </trkpt>
      <trkpt lat="37.241377" lon="-86.851064">
        <time>2016-04-02T16:02:04Z</time>
      </trkpt>
      <trkpt lat="37.241409" lon="-86.851393">
        <time>2016-04-02T16:02:02Z</time>
      </trkpt>
      <trkpt lat="37.241616" lon="-86.851742">
        <time>2016-04-02T16:01:59Z</time>
      </trkpt>
      <trkpt lat="37.242727" lon="-86.852697">
        <time>2016-04-02T16:01:51Z</time>
      </trkpt>
      <trkpt lat="37.244681" lon="-86.854367">
        <time>2016-04-02T16:01:38Z</time>
      </trkpt>
      <trkpt lat="37.245236" lon="-86.854827">
        <time>2016-04-02T16:01:34Z</time>
      </trkpt>
      <trkpt lat="37.245350" lon="-86.854930">
        <time>2016-04-02T16:01:33Z</time>
      </trkpt>
      <trkpt lat="37.245539" lon="-86.855758">
        <time>2016-04-02T16:01:27Z</time>
      </trkpt>
      <trkpt lat="37.245502" lon="-86.855925">
        <time>2016-04-02T16:01:26Z</time>
      </trkpt>
      <trkpt lat="37.245159" lon="-86.857472">
        <time>2016-04-02T16:01:19Z</time>
      </trkpt>
      <trkpt lat="37.244355" lon="-86.861086">
        <time>2016-04-02T16:01:05Z</time>
      </trkpt>
      <trkpt lat="37.244133" lon="-86.862061">
        <time>2016-04-02T16:01:01Z</time>
      </trkpt>
      <trkpt lat="37.243213" lon="-86.864082">
        <time>2016-04-02T16:00:51Z</time>
      </trkpt>
      <trkpt lat="37.241993" lon="-86.866279">
        <time>2016-04-02T16:00:40Z</time>
      </trkpt>
      <trkpt lat="37.241314" lon="-86.867400">
        <time>2016-04-02T16:00:34Z</time>
      </trkpt>
      <trkpt lat="37.241246" lon="-86.867522">
        <time>2016-04-02T16:00:33Z</time>
      </trkpt>
      <trkpt lat="37.241360" lon="-86.867984">
        <time>2016-04-02T16:00:28Z</time>
      </trkpt>
      <trkpt lat="37.241543" lon="-86.868181">
        <time>2016-04-02T16:00:26Z</time>
      </trkpt>
      <trkpt lat="37.242108" lon="-86.869172">
        <time>2016-04-02T16:00:20Z</time>
      </trkpt>
      <trkpt lat="37.242989" lon="-86.870886">
        <time>2016-04-02T16:00:11Z</time>
      </trkpt>
      <trkpt lat="37.243310" lon="-86.871816">
        <time>2016-04-02T16:00:05Z</time>
      </trkpt>
      <trkpt lat="37.243188" lon="-86.872606">
        <time>2016-04-02T15:59:59Z</time>
      </trkpt>
      <trkpt lat="37.243122" lon="-86.872751">
        <time>2016-04-02T15:59:58Z</time>
      </trkpt>
      <trkpt lat="37.243165" lon="-86.873590">
        <time>2016-04-02T15:59:51Z</time>
      </trkpt>
      <trkpt lat="37.243249" lon="-86.873677">
        <time>2016-04-02T15:59:50Z</time>
      </trkpt>
      <trkpt lat="37.243165" lon="-86.874289">
        <time>2016-04-02T15:59:44Z</time>
      </trkpt>
      <trkpt lat="37.242858" lon="-86.874602">
        <time>2016-04-02T15:59:41Z</time>
      </trkpt>
      <trkpt lat="37.242333" lon="-86.875115">
        <time>2016-04-02T15:59:37Z</time>
      </trkpt>
      <trkpt lat="37.240471" lon="-86.877136">
        <time>2016-04-02T15:59:24Z</time>
      </trkpt>
      <trkpt lat="37.240333" lon="-86.877282">
        <time>2016-04-02T15:59:23Z</time>
      </trkpt>
      <trkpt lat="37.240200" lon="-86.877426">
        <time>2016-04-02T15:59:22Z</time>
      </trkpt>
      <trkpt lat="37.239811" lon="-86.877756">
        <time>2016-04-02T15:59:19Z</time>
      </trkpt>
      <trkpt lat="37.239380" lon="-86.878112">
        <time>2016-04-02T15:59:15Z</time>
      </trkpt>
      <trkpt lat="37.239092" lon="-86.878519">
        <time>2016-04-02T15:59:12Z</time>
      </trkpt>
      <trkpt lat="37.238833" lon="-86.878783">
        <time>2016-04-02T15:59:10Z</time>
      </trkpt>
      <trkpt lat="37.236912" lon="-86.880742">
        <time>2016-04-02T15:58:57Z</time>
      </trkpt>
      <trkpt lat="37.236761" lon="-86.880897">
        <time>2016-04-02T15:58:56Z</time>
      </trkpt>
      <trkpt lat="37.235435" lon="-86.882302">
        <time>2016-04-02T15:58:47Z</time>
      </trkpt>
      <trkpt lat="37.234657" lon="-86.882979">
        <time>2016-04-02T15:58:42Z</time>
      </trkpt>
      <trkpt lat="37.234497" lon="-86.883112">
        <time>2016-04-02T15:58:41Z</time>
      </trkpt>
      <trkpt lat="37.234016" lon="-86.883490">
        <time>2016-04-02T15:58:38Z</time>
      </trkpt>
      <trkpt lat="37.233855" lon="-86.883605">
        <time>2016-04-02T15:58:37Z</time>
      </trkpt>
      <trkpt lat="37.233694" lon="-86.883710">
        <time>2016-04-02T15:58:36Z</time>
      </trkpt>
      <trkpt lat="37.233008" lon="-86.884032">
        <time>2016-04-02T15:58:32Z</time>
      </trkpt>
      <trkpt lat="37.232825" lon="-86.884103">
        <time>2016-04-02T15:58:31Z</time>
      </trkpt>
      <trkpt lat="37.232468" lon="-86.884253">
        <time>2016-04-02T15:58:29Z</time>
      </trkpt>
      <trkpt lat="37.231773" lon="-86.884504">
        <time>2016-04-02T15:58:25Z</time>
      </trkpt>
      <trkpt lat="37.231594" lon="-86.884542">
        <time>2016-04-02T15:58:24Z</time>
      </trkpt>
      <trkpt lat="37.231413" lon="-86.884575">
        <time>2016-04-02T15:58:23Z</time>
      </trkpt>
      <trkpt lat="37.231048" lon="-86.884629">
        <time>2016-04-02T15:58:21Z</time>
      </trkpt>
      <trkpt lat="37.230864" lon="-86.884648">
        <time>2016-04-02T15:58:20Z</time>
      </trkpt>
      <trkpt lat="37.230679" lon="-86.884662">
        <time>2016-04-02T15:58:19Z</time>
      </trkpt>
      <trkpt lat="37.230494" lon="-86.884672">
        <time>2016-04-02T15:58:18Z</time>
      </trkpt>
      <trkpt lat="37.229759" lon="-86.884723">
        <time>2016-04-02T15:58:14Z</time>
      </trkpt>
      <trkpt lat="37.229392" lon="-86.884723">
        <time>2016-04-02T15:58:12Z</time>
      </trkpt>
      <trkpt lat="37.229209" lon="-86.884727">
        <time>2016-04-02T15:58:11Z</time>
      </trkpt>
      <trkpt lat="37.227844" lon="-86.884849">
        <time>2016-04-02T15:58:03Z</time>
      </trkpt>
      <trkpt lat="37.227673" lon="-86.884833">
        <time>2016-04-02T15:58:02Z</time>
      </trkpt>
      <trkpt lat="37.227322" lon="-86.884793">
        <time>2016-04-02T15:58:00Z</time>
      </trkpt>
      <trkpt lat="37.226281" lon="-86.884627">
        <time>2016-04-02T15:57:54Z</time>
      </trkpt>
      <trkpt lat="37.225796" lon="-86.884517">
        <time>2016-04-02T15:57:51Z</time>
      </trkpt>
      <trkpt lat="37.224340" lon="-86.884389">
        <time>2016-04-02T15:57:42Z</time>
      </trkpt>
      <trkpt lat="37.222601" lon="-86.884758">
        <time>2016-04-02T15:57:32Z</time>
      </trkpt>
      <trkpt lat="37.222428" lon="-86.884813">
        <time>2016-04-02T15:57:31Z</time>
      </trkpt>
      <trkpt lat="37.222093" lon="-86.884924">
        <time>2016-04-02T15:57:29Z</time>
      </trkpt>
      <trkpt lat="37.221285" lon="-86.885293">
        <time>2016-04-02T15:57:23Z</time>
      </trkpt>
      <trkpt lat="37.220894" lon="-86.885666">
        <time>2016-04-02T15:57:19Z</time>
      </trkpt>
      <trkpt lat="37.220682" lon="-86.885879">
        <time>2016-04-02T15:57:17Z</time>
      </trkpt>
      <trkpt lat="37.219681" lon="-86.886871">
        <time>2016-04-02T15:57:09Z</time>
      </trkpt>
      <trkpt lat="37.218958" lon="-86.887349">
        <time>2016-04-02T15:57:04Z</time>
      </trkpt>
      <trkpt lat="37.218643" lon="-86.887581">
        <time>2016-04-02T15:57:02Z</time>
      </trkpt>
      <trkpt lat="37.217616" lon="-86.888413">
        <time>2016-04-02T15:56:55Z</time>
      </trkpt>
      <trkpt lat="37.216742" lon="-86.889526">
        <time>2016-04-02T15:56:46Z</time>
      </trkpt>
      <trkpt lat="37.216574" lon="-86.889918">
        <time>2016-04-02T15:56:43Z</time>
      </trkpt>
      <trkpt lat="37.216199" lon="-86.890181">
        <time>2016-04-02T15:56:38Z</time>
      </trkpt>
      <trkpt lat="37.216018" lon="-86.890164">
        <time>2016-04-02T15:56:36Z</time>
      </trkpt>
      <trkpt lat="37.215768" lon="-86.890396">
        <time>2016-04-02T15:56:32Z</time>
      </trkpt>
      <trkpt lat="37.215658" lon="-86.890817">
        <time>2016-04-02T15:56:29Z</time>
      </trkpt>
      <trkpt lat="37.215471" lon="-86.891472">
        <time>2016-04-02T15:56:25Z</time>
      </trkpt>
      <trkpt lat="37.215459" lon="-86.891654">
        <time>2016-04-02T15:56:24Z</time>
      </trkpt>
      <trkpt lat="37.215350" lon="-86.892474">
        <time>2016-04-02T15:56:19Z</time>
      </trkpt>
      <trkpt lat="37.214872" lon="-86.893369">
        <time>2016-04-02T15:56:12Z</time>
      </trkpt>
      <trkpt lat="37.214603" lon="-86.893656">
        <time>2016-04-02T15:56:08Z</time>
      </trkpt>
      <trkpt lat="37.214530" lon="-86.893832">
        <time>2016-04-02T15:56:03Z</time>
      </trkpt>
      <trkpt lat="37.214555" lon="-86.893840">
        <time>2016-04-02T15:56:02Z</time>
      </trkpt>
      <trkpt lat="37.214707" lon="-86.893846">
        <time>2016-04-02T15:55:56Z</time>
      </trkpt>
      <trkpt lat="37.214717" lon="-86.893854">
        <time>2016-04-02T15:55:34Z</time>
      </trkpt>
      <trkpt lat="37.214785" lon="-86.893871">
        <time>2016-04-02T15:55:14Z</time>
      </trkpt>
      <trkpt lat="37.214974" lon="-86.893967">
        <time>2016-04-02T15:54:47Z</time>
      </trkpt>
      <trkpt lat="37.215236" lon="-86.894015">
        <time>2016-04-02T15:54:19Z</time>
      </trkpt>
      <trkpt lat="37.215386" lon="-86.894021">
        <time>2016-04-02T15:54:04Z</time>
      </trkpt>
      <trkpt lat="37.215680" lon="-86.894043">
        <time>2016-04-02T15:53:32Z</time>
      </trkpt>
      <trkpt lat="37.215765" lon="-86.894066">
        <time>2016-04-02T15:53:03Z</time>
      </trkpt>
      <trkpt lat="37.215769" lon="-86.894073">
        <time>2016-04-02T15:52:26Z</time>
      </trkpt>
      <trkpt lat="37.215807" lon="-86.894087">
        <time>2016-04-02T15:52:14Z</time>
      </trkpt>
      <trkpt lat="37.216055" lon="-86.894136">
        <time>2016-04-02T15:52:04Z</time>
      </trkpt>
      <trkpt lat="37.216270" lon="-86.894136">
        <time>2016-04-02T15:52:00Z</time>
      </trkpt>
      <trkpt lat="37.216425" lon="-86.894108">
        <time>2016-04-02T15:51:58Z</time>
      </trkpt>
      <trkpt lat="37.216608" lon="-86.894079">
        <time>2016-04-02T15:51:56Z</time>
      </trkpt>
      <trkpt lat="37.217852" lon="-86.893886">
        <time>2016-04-02T15:51:48Z</time>
      </trkpt>
      <trkpt lat="37.220917" lon="-86.893449">
        <time>2016-04-02T15:51:34Z</time>
      </trkpt>
      <trkpt lat="37.224819" lon="-86.892893">
        <time>2016-04-02T15:51:17Z</time>
      </trkpt>
      <trkpt lat="37.225743" lon="-86.892766">
        <time>2016-04-02T15:51:13Z</time>
      </trkpt>
      <trkpt lat="37.226654" lon="-86.892637">
        <time>2016-04-02T15:51:09Z</time>
      </trkpt>
      <trkpt lat="37.226879" lon="-86.892606">
        <time>2016-04-02T15:51:08Z</time>
      </trkpt>
      <trkpt lat="37.227322" lon="-86.892547">
        <time>2016-04-02T15:51:06Z</time>
      </trkpt>
      <trkpt lat="37.227543" lon="-86.892517">
        <time>2016-04-02T15:51:05Z</time>
      </trkpt>
      <trkpt lat="37.228619" lon="-86.892361">
        <time>2016-04-02T15:51:00Z</time>
      </trkpt>
      <trkpt lat="37.229716" lon="-86.892199">
        <time>2016-04-02T15:50:55Z</time>
      </trkpt>
      <trkpt lat="37.230411" lon="-86.892098">
        <time>2016-04-02T15:50:52Z</time>
      </trkpt>
      <trkpt lat="37.231108" lon="-86.892000">
        <time>2016-04-02T15:50:49Z</time>
      </trkpt>
      <trkpt lat="37.231572" lon="-86.891936">
        <time>2016-04-02T15:50:47Z</time>
      </trkpt>
      <trkpt lat="37.232027" lon="-86.891852">
        <time>2016-04-02T15:50:45Z</time>
      </trkpt>
      <trkpt lat="37.232474" lon="-86.891746">
        <time>2016-04-02T15:50:43Z</time>
      </trkpt>
      <trkpt lat="37.232923" lon="-86.891627">
        <time>2016-04-02T15:50:41Z</time>
      </trkpt>
      <trkpt lat="37.233151" lon="-86.891561">
        <time>2016-04-02T15:50:40Z</time>
      </trkpt>
      <trkpt lat="37.233381" lon="-86.891486">
        <time>2016-04-02T15:50:39Z</time>
      </trkpt>
      <trkpt lat="37.234094" lon="-86.891232">
        <time>2016-04-02T15:50:36Z</time>
      </trkpt>
      <trkpt lat="37.234327" lon="-86.891146">
        <time>2016-04-02T15:50:35Z</time>
      </trkpt>
      <trkpt lat="37.234999" lon="-86.890895">
        <time>2016-04-02T15:50:32Z</time>
      </trkpt>
      <trkpt lat="37.235659" lon="-86.890647">
        <time>2016-04-02T15:50:29Z</time>
      </trkpt>
      <trkpt lat="37.236305" lon="-86.890402">
        <time>2016-04-02T15:50:26Z</time>
      </trkpt>
      <trkpt lat="37.236935" lon="-86.890163">
        <time>2016-04-02T15:50:23Z</time>
      </trkpt>
      <trkpt lat="37.237145" lon="-86.890079">
        <time>2016-04-02T15:50:22Z</time>
      </trkpt>
      <trkpt lat="37.237355" lon="-86.889996">
        <time>2016-04-02T15:50:21Z</time>
      </trkpt>
      <trkpt lat="37.237564" lon="-86.889911">
        <time>2016-04-02T15:50:20Z</time>
      </trkpt>
      <trkpt lat="37.237776" lon="-86.889826">
        <time>2016-04-02T15:50:19Z</time>
      </trkpt>
      <trkpt lat="37.238868" lon="-86.889349">
        <time>2016-04-02T15:50:14Z</time>
      </trkpt>
      <trkpt lat="37.239476" lon="-86.888973">
        <time>2016-04-02T15:50:11Z</time>
      </trkpt>
      <trkpt lat="37.241093" lon="-86.887524">
        <time>2016-04-02T15:50:02Z</time>
      </trkpt>
      <trkpt lat="37.241981" lon="-86.886717">
        <time>2016-04-02T15:49:57Z</time>
      </trkpt>
      <trkpt lat="37.242335" lon="-86.886384">
        <time>2016-04-02T15:49:55Z</time>
      </trkpt>
      <trkpt lat="37.242503" lon="-86.886211">
        <time>2016-04-02T15:49:54Z</time>
      </trkpt>
      <trkpt lat="37.242821" lon="-86.885838">
        <time>2016-04-02T15:49:52Z</time>
      </trkpt>
      <trkpt lat="37.243409" lon="-86.884997">
        <time>2016-04-02T15:49:48Z</time>
      </trkpt>
      <trkpt lat="37.244171" lon="-86.884022">
        <time>2016-04-02T15:49:43Z</time>
      </trkpt>
      <trkpt lat="37.244853" lon="-86.883399">
        <time>2016-04-02T15:49:39Z</time>
      </trkpt>
      <trkpt lat="37.245032" lon="-86.883251">
        <time>2016-04-02T15:49:38Z</time>
      </trkpt>
      <trkpt lat="37.245384" lon="-86.882952">
        <time>2016-04-02T15:49:36Z</time>
      </trkpt>
      <trkpt lat="37.245741" lon="-86.882651">
        <time>2016-04-02T15:49:34Z</time>
      </trkpt>
      <trkpt lat="37.246531" lon="-86.882217">
        <time>2016-04-02T15:49:30Z</time>
      </trkpt>
      <trkpt lat="37.246963" lon="-86.882132">
        <time>2016-04-02T15:49:28Z</time>
      </trkpt>
      <trkpt lat="37.247412" lon="-86.882089">
        <time>2016-04-02T15:49:26Z</time>
      </trkpt>
      <trkpt lat="37.248329" lon="-86.882002">
        <time>2016-04-02T15:49:22Z</time>
      </trkpt>
      <trkpt lat="37.248783" lon="-86.881955">
        <time>2016-04-02T15:49:20Z</time>
      </trkpt>
      <trkpt lat="37.249659" lon="-86.881871">
        <time>2016-04-02T15:49:16Z</time>
      </trkpt>
      <trkpt lat="37.250515" lon="-86.881769">
        <time>2016-04-02T15:49:12Z</time>
      </trkpt>
      <trkpt lat="37.250723" lon="-86.881746">
        <time>2016-04-02T15:49:11Z</time>
      </trkpt>
      <trkpt lat="37.252379" lon="-86.881605">
        <time>2016-04-02T15:49:03Z</time>
      </trkpt>
      <trkpt lat="37.253180" lon="-86.881625">
        <time>2016-04-02T15:48:59Z</time>
      </trkpt>
      <trkpt lat="37.254159" lon="-86.881729">
        <time>2016-04-02T15:48:54Z</time>
      </trkpt>
      <trkpt lat="37.254540" lon="-86.881775">
        <time>2016-04-02T15:48:52Z</time>
      </trkpt>
      <trkpt lat="37.254728" lon="-86.881802">
        <time>2016-04-02T15:48:51Z</time>
      </trkpt>
      <trkpt lat="37.255092" lon="-86.881858">
        <time>2016-04-02T15:48:49Z</time>
      </trkpt>
      <trkpt lat="37.255990" lon="-86.881998">
        <time>2016-04-02T15:48:43Z</time>
      </trkpt>
      <trkpt lat="37.256324" lon="-86.881975">
        <time>2016-04-02T15:48:38Z</time>
      </trkpt>
      <trkpt lat="37.256324" lon="-86.881935">
        <time>2016-04-02T15:48:25Z</time>
      </trkpt>
      <trkpt lat="37.256327" lon="-86.881687">
        <time>2016-04-02T15:48:19Z</time>
      </trkpt>
      <trkpt lat="37.256373" lon="-86.880573">
        <time>2016-04-02T15:48:11Z</time>
      </trkpt>
      <trkpt lat="37.256504" lon="-86.878299">
        <time>2016-04-02T15:48:00Z</time>
      </trkpt>
      <trkpt lat="37.256537" lon="-86.877841">
        <time>2016-04-02T15:47:58Z</time>
      </trkpt>
      <trkpt lat="37.256589" lon="-86.876932">
        <time>2016-04-02T15:47:54Z</time>
      </trkpt>
      <trkpt lat="37.256611" lon="-86.876489">
        <time>2016-04-02T15:47:52Z</time>
      </trkpt>
      <trkpt lat="37.256680" lon="-86.875882">
        <time>2016-04-02T15:47:49Z</time>
      </trkpt>
      <trkpt lat="37.256702" lon="-86.875707">
        <time>2016-04-02T15:47:48Z</time>
      </trkpt>
      <trkpt lat="37.256725" lon="-86.875354">
        <time>2016-04-02T15:47:46Z</time>
      </trkpt>
      <trkpt lat="37.256735" lon="-86.875149">
        <time>2016-04-02T15:47:45Z</time>
      </trkpt>
      <trkpt lat="37.256790" lon="-86.874302">
        <time>2016-04-02T15:47:41Z</time>
      </trkpt>
      <trkpt lat="37.256836" lon="-86.873661">
        <time>2016-04-02T15:47:38Z</time>
      </trkpt>
      <trkpt lat="37.256877" lon="-86.873022">
        <time>2016-04-02T15:47:35Z</time>
      </trkpt>
      <trkpt lat="37.256897" lon="-86.872443">
        <time>2016-04-02T15:47:32Z</time>
      </trkpt>
      <trkpt lat="37.256892" lon="-86.872279">
        <time>2016-04-02T15:47:31Z</time>
      </trkpt>
      <trkpt lat="37.256866" lon="-86.871952">
        <time>2016-04-02T15:47:29Z</time>
      </trkpt>
      <trkpt lat="37.256828" lon="-86.871545">
        <time>2016-04-02T15:47:27Z</time>
      </trkpt>
      <trkpt lat="37.256627" lon="-86.869363">
        <time>2016-04-02T15:47:17Z</time>
      </trkpt>
      <trkpt lat="37.256598" lon="-86.869171">
        <time>2016-04-02T15:47:16Z</time>
      </trkpt>
      <trkpt lat="37.256883" lon="-86.868491">
        <time>2016-04-02T15:47:11Z</time>
      </trkpt>
      <trkpt lat="37.257580" lon="-86.867953">
        <time>2016-04-02T15:47:06Z</time>
      </trkpt>
      <trkpt lat="37.257715" lon="-86.867843">
        <time>2016-04-02T15:47:05Z</time>
      </trkpt>
      <trkpt lat="37.258481" lon="-86.867737">
        <time>2016-04-02T15:47:00Z</time>
      </trkpt>
      <trkpt lat="37.258650" lon="-86.867800">
        <time>2016-04-02T15:46:59Z</time>
      </trkpt>
      <trkpt lat="37.259349" lon="-86.868115">
        <time>2016-04-02T15:46:55Z</time>
      </trkpt>
      <trkpt lat="37.259884" lon="-86.868360">
        <time>2016-04-02T15:46:52Z</time>
      </trkpt>
      <trkpt lat="37.260254" lon="-86.868514">
        <time>2016-04-02T15:46:50Z</time>
      </trkpt>
      <trkpt lat="37.262593" lon="-86.868972">
        <time>2016-04-02T15:46:38Z</time>
      </trkpt>
      <trkpt lat="37.263354" lon="-86.868905">
        <time>2016-04-02T15:46:34Z</time>
      </trkpt>
      <trkpt lat="37.263537" lon="-86.868827">
        <time>2016-04-02T15:46:33Z</time>
      </trkpt>
      <trkpt lat="37.263876" lon="-86.868631">
        <time>2016-04-02T15:46:31Z</time>
      </trkpt>
      <trkpt lat="37.264187" lon="-86.868406">
        <time>2016-04-02T15:46:29Z</time>
      </trkpt>
      <trkpt lat="37.264330" lon="-86.868296">
        <time>2016-04-02T15:46:28Z</time>
      </trkpt>
      <trkpt lat="37.264705" lon="-86.868014">
        <time>2016-04-02T15:46:25Z</time>
      </trkpt>
      <trkpt lat="37.264944" lon="-86.867894">
        <time>2016-04-02T15:46:23Z</time>
      </trkpt>
      <trkpt lat="37.265761" lon="-86.867715">
        <time>2016-04-02T15:46:17Z</time>
      </trkpt>
      <trkpt lat="37.266854" lon="-86.867776">
        <time>2016-04-02T15:46:10Z</time>
      </trkpt>
      <trkpt lat="37.267024" lon="-86.867792">
        <time>2016-04-02T15:46:09Z</time>
      </trkpt>
      <trkpt lat="37.267693" lon="-86.867852">
        <time>2016-04-02T15:46:05Z</time>
      </trkpt>
      <trkpt lat="37.267886" lon="-86.867876">
        <time>2016-04-02T15:46:04Z</time>
      </trkpt>
      <trkpt lat="37.268080" lon="-86.867899">
        <time>2016-04-02T15:46:03Z</time>
      </trkpt>
      <trkpt lat="37.269229" lon="-86.867997">
        <time>2016-04-02T15:45:57Z</time>
      </trkpt>
      <trkpt lat="37.269433" lon="-86.868015">
        <time>2016-04-02T15:45:56Z</time>
      </trkpt>
      <trkpt lat="37.269637" lon="-86.868035">
        <time>2016-04-02T15:45:55Z</time>
      </trkpt>
      <trkpt lat="37.270038" lon="-86.868077">
        <time>2016-04-02T15:45:53Z</time>
      </trkpt>
      <trkpt lat="37.272134" lon="-86.868267">
        <time>2016-04-02T15:45:41Z</time>
      </trkpt>
      <trkpt lat="37.272623" lon="-86.868305">
        <time>2016-04-02T15:45:38Z</time>
      </trkpt>
      <trkpt lat="37.272917" lon="-86.868386">
        <time>2016-04-02T15:45:36Z</time>
      </trkpt>
      <trkpt lat="37.273256" lon="-86.868696">
        <time>2016-04-02T15:45:33Z</time>
      </trkpt>
      <trkpt lat="37.273447" lon="-86.869574">
        <time>2016-04-02T15:45:28Z</time>
      </trkpt>
      <trkpt lat="37.273327" lon="-86.870345">
        <time>2016-04-02T15:45:24Z</time>
      </trkpt>
      <trkpt lat="37.272924" lon="-86.872444">
        <time>2016-04-02T15:45:14Z</time>
      </trkpt>
      <trkpt lat="37.272907" lon="-86.872655">
        <time>2016-04-02T15:45:13Z</time>
      </trkpt>
      <trkpt lat="37.272895" lon="-86.872858">
        <time>2016-04-02T15:45:12Z</time>
      </trkpt>
      <trkpt lat="37.272799" lon="-86.874337">
        <time>2016-04-02T15:45:03Z</time>
      </trkpt>
      <trkpt lat="37.272751" lon="-86.874820">
        <time>2016-04-02T15:45:00Z</time>
      </trkpt>
      <trkpt lat="37.272662" lon="-86.875474">
        <time>2016-04-02T15:44:56Z</time>
      </trkpt>
      <trkpt lat="37.272597" lon="-86.875791">
        <time>2016-04-02T15:44:54Z</time>
      </trkpt>
      <trkpt lat="37.272482" lon="-86.876263">
        <time>2016-04-02T15:44:51Z</time>
      </trkpt>
      <trkpt lat="37.272403" lon="-86.876560">
        <time>2016-04-02T15:44:49Z</time>
      </trkpt>
      <trkpt lat="37.272329" lon="-86.876841">
        <time>2016-04-02T15:44:47Z</time>
      </trkpt>
      <trkpt lat="37.272234" lon="-86.877243">
        <time>2016-04-02T15:44:44Z</time>
      </trkpt>
      <trkpt lat="37.272174" lon="-86.877510">
        <time>2016-04-02T15:44:42Z</time>
      </trkpt>
      <trkpt lat="37.272062" lon="-86.878015">
        <time>2016-04-02T15:44:38Z</time>
      </trkpt>
      <trkpt lat="37.272004" lon="-86.878446">
        <time>2016-04-02T15:44:32Z</time>
      </trkpt>
      <trkpt lat="37.272051" lon="-86.878518">
        <time>2016-04-02T15:44:28Z</time>
      </trkpt>
      <trkpt lat="37.272277" lon="-86.878527">
        <time>2016-04-02T15:44:22Z</time>
      </trkpt>
      <trkpt lat="37.273480" lon="-86.878750">
        <time>2016-04-02T15:44:12Z</time>
      </trkpt>
      <trkpt lat="37.274341" lon="-86.878969">
        <time>2016-04-02T15:44:06Z</time>
      </trkpt>
      <trkpt lat="37.274608" lon="-86.879046">
        <time>2016-04-02T15:44:04Z</time>
      </trkpt>
      <trkpt lat="37.274871" lon="-86.879126">
        <time>2016-04-02T15:44:02Z</time>
      </trkpt>
      <trkpt lat="37.275150" lon="-86.879212">
        <time>2016-04-02T15:44:00Z</time>
      </trkpt>
      <trkpt lat="37.275848" lon="-86.879414">
        <time>2016-04-02T15:43:55Z</time>
      </trkpt>
      <trkpt lat="37.276397" lon="-86.879561">
        <time>2016-04-02T15:43:51Z</time>
      </trkpt>
      <trkpt lat="37.276664" lon="-86.879631">
        <time>2016-04-02T15:43:49Z</time>
      </trkpt>
      <trkpt lat="37.276924" lon="-86.879697">
        <time>2016-04-02T15:43:47Z</time>
      </trkpt>
      <trkpt lat="37.278115" lon="-86.879943">
        <time>2016-04-02T15:43:37Z</time>
      </trkpt>
      <trkpt lat="37.278940" lon="-86.880034">
        <time>2016-04-02T15:43:30Z</time>
      </trkpt>
      <trkpt lat="37.280419" lon="-86.879833">
        <time>2016-04-02T15:43:18Z</time>
      </trkpt>
      <trkpt lat="37.280858" lon="-86.879606">
        <time>2016-04-02T15:43:14Z</time>
      </trkpt>
      <trkpt lat="37.281213" lon="-86.878946">
        <time>2016-04-02T15:43:08Z</time>
      </trkpt>
      <trkpt lat="37.281357" lon="-86.878015">
        <time>2016-04-02T15:43:01Z</time>
      </trkpt>
      <trkpt lat="37.281429" lon="-86.876881">
        <time>2016-04-02T15:42:53Z</time>
      </trkpt>
      <trkpt lat="37.281425" lon="-86.876735">
        <time>2016-04-02T15:42:52Z</time>
      </trkpt>
      <trkpt lat="37.281303" lon="-86.875848">
        <time>2016-04-02T15:42:46Z</time>
      </trkpt>
      <trkpt lat="37.281189" lon="-86.874945">
        <time>2016-04-02T15:42:41Z</time>
      </trkpt>
      <trkpt lat="37.281163" lon="-86.874756">
        <time>2016-04-02T15:42:40Z</time>
      </trkpt>
      <trkpt lat="37.280648" lon="-86.872968">
        <time>2016-04-02T15:42:30Z</time>
      </trkpt>
      <trkpt lat="37.280256" lon="-86.871581">
        <time>2016-04-02T15:42:22Z</time>
      </trkpt>
      <trkpt lat="37.280243" lon="-86.871236">
        <time>2016-04-02T15:42:20Z</time>
      </trkpt>
      <trkpt lat="37.280250" lon="-86.871067">
        <time>2016-04-02T15:42:19Z</time>
      </trkpt>
      <trkpt lat="37.280338" lon="-86.870583">
        <time>2016-04-02T15:42:16Z</time>
      </trkpt>
      <trkpt lat="37.280395" lon="-86.870419">
        <time>2016-04-02T15:42:15Z</time>
      </trkpt>
      <trkpt lat="37.280620" lon="-86.869942">
        <time>2016-04-02T15:42:12Z</time>
      </trkpt>
      <trkpt lat="37.280909" lon="-86.869462">
        <time>2016-04-02T15:42:09Z</time>
      </trkpt>
      <trkpt lat="37.281071" lon="-86.869186">
        <time>2016-04-02T15:42:07Z</time>
      </trkpt>
      <trkpt lat="37.281685" lon="-86.868618">
        <time>2016-04-02T15:42:01Z</time>
      </trkpt>
      <trkpt lat="37.282136" lon="-86.868460">
        <time>2016-04-02T15:41:58Z</time>
      </trkpt>
      <trkpt lat="37.283567" lon="-86.868148">
        <time>2016-04-02T15:41:49Z</time>
      </trkpt>
      <trkpt lat="37.283893" lon="-86.868167">
        <time>2016-04-02T15:41:47Z</time>
      </trkpt>
      <trkpt lat="37.284055" lon="-86.868188">
        <time>2016-04-02T15:41:46Z</time>
      </trkpt>
      <trkpt lat="37.285175" lon="-86.868407">
        <time>2016-04-02T15:41:39Z</time>
      </trkpt>
      <trkpt lat="37.287047" lon="-86.869029">
        <time>2016-04-02T15:41:27Z</time>
      </trkpt>
      <trkpt lat="37.287202" lon="-86.869080">
        <time>2016-04-02T15:41:26Z</time>
      </trkpt>
      <trkpt lat="37.287649" lon="-86.869267">
        <time>2016-04-02T15:41:23Z</time>
      </trkpt>
      <trkpt lat="37.288373" lon="-86.869642">
        <time>2016-04-02T15:41:18Z</time>
      </trkpt>
      <trkpt lat="37.289052" lon="-86.870110">
        <time>2016-04-02T15:41:13Z</time>
      </trkpt>
      <trkpt lat="37.290437" lon="-86.870848">
        <time>2016-04-02T15:41:03Z</time>
      </trkpt>
      <trkpt lat="37.291102" lon="-86.871115">
        <time>2016-04-02T15:40:58Z</time>
      </trkpt>
      <trkpt lat="37.291243" lon="-86.871170">
        <time>2016-04-02T15:40:57Z</time>
      </trkpt>
      <trkpt lat="37.292088" lon="-86.871536">
        <time>2016-04-02T15:40:51Z</time>
      </trkpt>
      <trkpt lat="37.292456" lon="-86.871694">
        <time>2016-04-02T15:40:48Z</time>
      </trkpt>
      <trkpt lat="37.292913" lon="-86.871936">
        <time>2016-04-02T15:40:41Z</time>
      </trkpt>
      <trkpt lat="37.293853" lon="-86.872248">
        <time>2016-04-02T15:40:34Z</time>
      </trkpt>
      <trkpt lat="37.295528" lon="-86.872369">
        <time>2016-04-02T15:40:24Z</time>
      </trkpt>
      <trkpt lat="37.295687" lon="-86.872405">
        <time>2016-04-02T15:40:23Z</time>
      </trkpt>
      <trkpt lat="37.295842" lon="-86.872445">
        <time>2016-04-02T15:40:22Z</time>
      </trkpt>
      <trkpt lat="37.297099" lon="-86.873027">
        <time>2016-04-02T15:40:14Z</time>
      </trkpt>
      <trkpt lat="37.297717" lon="-86.873415">
        <time>2016-04-02T15:40:06Z</time>
      </trkpt>
      <trkpt lat="37.298045" lon="-86.873923">
        <time>2016-04-02T15:40:00Z</time>
      </trkpt>
      <trkpt lat="37.298180" lon="-86.874971">
        <time>2016-04-02T15:39:53Z</time>
      </trkpt>
      <trkpt lat="37.298169" lon="-86.875515">
        <time>2016-04-02T15:39:50Z</time>
      </trkpt>
      <trkpt lat="37.298093" lon="-86.875831">
        <time>2016-04-02T15:39:48Z</time>
      </trkpt>
      <trkpt lat="37.297548" lon="-86.876300">
        <time>2016-04-02T15:39:43Z</time>
      </trkpt>
      <trkpt lat="37.297213" lon="-86.876344">
        <time>2016-04-02T15:39:41Z</time>
      </trkpt>
      <trkpt lat="37.297037" lon="-86.876361">
        <time>2016-04-02T15:39:40Z</time>
      </trkpt>
      <trkpt lat="37.296837" lon="-86.876383">
        <time>2016-04-02T15:39:39Z</time>
      </trkpt>
      <trkpt lat="37.296263" lon="-86.876534">
        <time>2016-04-02T15:39:36Z</time>
      </trkpt>
      <trkpt lat="37.296094" lon="-86.876597">
        <time>2016-04-02T15:39:35Z</time>
      </trkpt>
      <trkpt lat="37.295953" lon="-86.876685">
        <time>2016-04-02T15:39:34Z</time>
      </trkpt>
      <trkpt lat="37.295713" lon="-86.876916">
        <time>2016-04-02T15:39:32Z</time>
      </trkpt>
      <trkpt lat="37.295462" lon="-86.877380">
        <time>2016-04-02T15:39:29Z</time>
      </trkpt>
      <trkpt lat="37.295104" lon="-86.878571">
        <time>2016-04-02T15:39:22Z</time>
      </trkpt>
      <trkpt lat="37.294912" lon="-86.879006">
        <time>2016-04-02T15:39:16Z</time>
      </trkpt>
      <trkpt lat="37.294926" lon="-86.879013">
        <time>2016-04-02T15:39:07Z</time>
      </trkpt>
      <trkpt lat="37.294921" lon="-86.879041">
        <time>2016-04-02T15:38:58Z</time>
      </trkpt>
      <trkpt lat="37.294710" lon="-86.879579">
        <time>2016-04-02T15:38:52Z</time>
      </trkpt>
      <trkpt lat="37.294442" lon="-86.880303">
        <time>2016-04-02T15:38:47Z</time>
      </trkpt>
      <trkpt lat="37.294211" lon="-86.880950">
        <time>2016-04-02T15:38:40Z</time>
      </trkpt>
      <trkpt lat="37.294158" lon="-86.881067">
        <time>2016-04-02T15:38:32Z</time>
      </trkpt>
      <trkpt lat="37.293826" lon="-86.881585">
        <time>2016-04-02T15:38:26Z</time>
      </trkpt>
      <trkpt lat="37.293232" lon="-86.882177">
        <time>2016-04-02T15:38:20Z</time>
      </trkpt>
      <trkpt lat="37.292995" lon="-86.882284">
        <time>2016-04-02T15:38:18Z</time>
      </trkpt>
      <trkpt lat="37.292356" lon="-86.882656">
        <time>2016-04-02T15:38:12Z</time>
      </trkpt>
      <trkpt lat="37.292215" lon="-86.882863">
        <time>2016-04-02T15:38:08Z</time>
      </trkpt>
      <trkpt lat="37.292223" lon="-86.883087">
        <time>2016-04-02T15:38:05Z</time>
      </trkpt>
      <trkpt lat="37.292275" lon="-86.883924">
        <time>2016-04-02T15:37:59Z</time>
      </trkpt>
      <trkpt lat="37.292121" lon="-86.884764">
        <time>2016-04-02T15:37:54Z</time>
      </trkpt>
      <trkpt lat="37.291977" lon="-86.885073">
        <time>2016-04-02T15:37:52Z</time>
      </trkpt>
      <trkpt lat="37.291799" lon="-86.885382">
        <time>2016-04-02T15:37:50Z</time>
      </trkpt>
      <trkpt lat="37.290870" lon="-86.886864">
        <time>2016-04-02T15:37:41Z</time>
      </trkpt>
      <trkpt lat="37.290395" lon="-86.887724">
        <time>2016-04-02T15:37:36Z</time>
      </trkpt>
      <trkpt lat="37.290318" lon="-86.887905">
        <time>2016-04-02T15:37:35Z</time>
      </trkpt>
      <trkpt lat="37.290047" lon="-86.888661">
        <time>2016-04-02T15:37:31Z</time>
      </trkpt>
      <trkpt lat="37.289931" lon="-86.889041">
        <time>2016-04-02T15:37:29Z</time>
      </trkpt>
      <trkpt lat="37.289343" lon="-86.890397">
        <time>2016-04-02T15:37:21Z</time>
      </trkpt>
      <trkpt lat="37.289030" lon="-86.890826">
        <time>2016-04-02T15:37:18Z</time>
      </trkpt>
      <trkpt lat="37.288924" lon="-86.890967">
        <time>2016-04-02T15:37:17Z</time>
      </trkpt>
      <trkpt lat="37.288378" lon="-86.891669">
        <time>2016-04-02T15:37:12Z</time>
      </trkpt>
      <trkpt lat="37.287682" lon="-86.892626">
        <time>2016-04-02T15:37:06Z</time>
      </trkpt>
      <trkpt lat="37.287405" lon="-86.893378">
        <time>2016-04-02T15:37:01Z</time>
      </trkpt>
      <trkpt lat="37.287483" lon="-86.894235">
        <time>2016-04-02T15:36:51Z</time>
      </trkpt>
      <trkpt lat="37.287518" lon="-86.894345">
        <time>2016-04-02T15:36:47Z</time>
      </trkpt>
      <trkpt lat="37.287531" lon="-86.894349">
        <time>2016-04-02T15:36:23Z</time>
      </trkpt>
      <trkpt lat="37.287530" lon="-86.894349">
        <time>2016-04-02T15:36:22Z</time>
      </trkpt>
      <trkpt lat="37.287510" lon="-86.894363">
        <time>2016-04-02T15:35:48Z</time>
      </trkpt>
      <trkpt lat="37.287511" lon="-86.894366">
        <time>2016-04-02T15:35:04Z</time>
      </trkpt>
      <trkpt lat="37.287525" lon="-86.894363">
        <time>2016-04-02T15:34:30Z</time>
      </trkpt>
      <trkpt lat="37.287501" lon="-86.894363">
        <time>2016-04-02T15:33:46Z</time>
      </trkpt>
      <trkpt lat="37.287507" lon="-86.894365">
        <time>2016-04-02T15:33:04Z</time>
      </trkpt>
      <trkpt lat="37.287509" lon="-86.894364">
        <time>2016-04-02T15:33:00Z</time>
      </trkpt>
      <trkpt lat="37.287508" lon="-86.894357">
        <time>2016-04-02T15:32:42Z</time>
      </trkpt>
      <trkpt lat="37.287506" lon="-86.894359">
        <time>2016-04-02T15:32:07Z</time>
      </trkpt>
      <trkpt lat="37.287504" lon="-86.894364">
        <time>2016-04-02T15:31:33Z</time>
      </trkpt>
      <trkpt lat="37.287513" lon="-86.894354">
        <time>2016-04-02T15:30:50Z</time>
      </trkpt>
      <trkpt lat="37.287514" lon="-86.894355">
        <time>2016-04-02T15:30:07Z</time>
      </trkpt>
      <trkpt lat="37.287514" lon="-86.894358">
        <time>2016-04-02T15:29:28Z</time>
      </trkpt>
      <trkpt lat="37.287516" lon="-86.894365">
        <time>2016-04-02T15:28:39Z</time>
      </trkpt>
      <trkpt lat="37.287518" lon="-86.894366">
        <time>2016-04-02T15:28:04Z</time>
      </trkpt>
      <trkpt lat="37.287526" lon="-86.894354">
        <time>2016-04-02T15:27:17Z</time>
      </trkpt>
      <trkpt lat="37.287520" lon="-86.894360">
        <time>2016-04-02T15:26:34Z</time>
      </trkpt>
      <trkpt lat="37.287515" lon="-86.894355">
        <time>2016-04-02T15:25:31Z</time>
      </trkpt>
      <trkpt lat="37.287533" lon="-86.894350">
        <time>2016-04-02T15:24:43Z</time>
      </trkpt>
      <trkpt lat="37.287523" lon="-86.894366">
        <time>2016-04-02T15:24:07Z</time>
      </trkpt>
      <trkpt lat="37.287518" lon="-86.894360">
        <time>2016-04-02T15:23:23Z</time>
      </trkpt>
      <trkpt lat="37.287529" lon="-86.894358">
        <time>2016-04-02T15:22:57Z</time>
      </trkpt>
      <trkpt lat="37.287515" lon="-86.894345">
        <time>2016-04-02T15:22:19Z</time>
      </trkpt>
      <trkpt lat="37.287526" lon="-86.894349">
        <time>2016-04-02T15:21:39Z</time>
      </trkpt>
      <trkpt lat="37.287522" lon="-86.894362">
        <time>2016-04-02T15:21:05Z</time>
      </trkpt>
      <trkpt lat="37.287519" lon="-86.894350">
        <time>2016-04-02T15:20:25Z</time>
      </trkpt>
      <trkpt lat="37.287525" lon="-86.894356">
        <time>2016-04-02T15:19:34Z</time>
      </trkpt>
      <trkpt lat="37.287522" lon="-86.894355">
        <time>2016-04-02T15:18:54Z</time>
      </trkpt>
      <trkpt lat="37.287523" lon="-86.894357">
        <time>2016-04-02T15:18:11Z</time>
      </trkpt>
      <trkpt lat="37.287520" lon="-86.894358">
        <time>2016-04-02T15:17:35Z</time>
      </trkpt>
      <trkpt lat="37.287530" lon="-86.894348">
        <time>2016-04-02T15:16:54Z</time>
      </trkpt>
      <trkpt lat="37.287535" lon="-86.894353">
        <time>2016-04-02T15:16:12Z</time>
      </trkpt>
      <trkpt lat="37.287534" lon="-86.894351">
        <time>2016-04-02T15:15:32Z</time>
      </trkpt>
      <trkpt lat="37.287526" lon="-86.894358">
        <time>2016-04-02T15:14:59Z</time>
      </trkpt>
      <trkpt lat="37.287515" lon="-86.894340">
        <time>2016-04-02T15:14:24Z</time>
      </trkpt>
      <trkpt lat="37.287517" lon="-86.894363">
        <time>2016-04-02T15:13:58Z</time>
      </trkpt>
      <trkpt lat="37.287520" lon="-86.894354">
        <time>2016-04-02T15:13:34Z</time>
      </trkpt>
      <trkpt lat="37.287510" lon="-86.894350">
        <time>2016-04-02T15:13:00Z</time>
      </trkpt>
      <trkpt lat="37.287514" lon="-86.894364">
        <time>2016-04-02T15:12:29Z</time>
      </trkpt>
      <trkpt lat="37.287524" lon="-86.894344">
        <time>2016-04-02T15:11:58Z</time>
      </trkpt>
      <trkpt lat="37.287524" lon="-86.894354">
        <time>2016-04-02T15:11:30Z</time>
      </trkpt>
      <trkpt lat="37.287524" lon="-86.894365">
        <time>2016-04-02T15:10:49Z</time>
      </trkpt>
      <trkpt lat="37.287520" lon="-86.894359">
        <time>2016-04-02T15:10:21Z</time>
      </trkpt>
      <trkpt lat="37.287509" lon="-86.894358">
        <time>2016-04-02T15:09:53Z</time>
      </trkpt>
      <trkpt lat="37.287508" lon="-86.894361">
        <time>2016-04-02T15:09:20Z</time>
      </trkpt>
      <trkpt lat="37.287524" lon="-86.894350">
        <time>2016-04-02T15:08:45Z</time>
      </trkpt>
      <trkpt lat="37.287520" lon="-86.894353">
        <time>2016-04-02T15:08:07Z</time>
      </trkpt>
      <trkpt lat="37.287526" lon="-86.894346">
        <time>2016-04-02T15:07:40Z</time>
      </trkpt>
      <trkpt lat="37.287520" lon="-86.894363">
        <time>2016-04-02T15:07:06Z</time>
      </trkpt>
      <trkpt lat="37.287519" lon="-86.894361">
        <time>2016-04-02T15:06:29Z</time>
      </trkpt>
      <trkpt lat="37.287533" lon="-86.894347">
        <time>2016-04-02T15:05:49Z</time>
      </trkpt>
      <trkpt lat="37.287531" lon="-86.894345">
        <time>2016-04-02T15:05:21Z</time>
      </trkpt>
      <trkpt lat="37.287564" lon="-86.894373">
        <time>2016-04-02T15:05:13Z</time>
      </trkpt>
      <trkpt lat="37.287475" lon="-86.894513">
        <time>2016-04-02T15:05:07Z</time>
      </trkpt>
      <trkpt lat="37.287507" lon="-86.894664">
        <time>2016-04-02T15:05:04Z</time>
      </trkpt>
      <trkpt lat="37.287523" lon="-86.894757">
        <time>2016-04-02T15:05:03Z</time>
      </trkpt>
      <trkpt lat="37.287320" lon="-86.895632">
        <time>2016-04-02T15:04:57Z</time>
      </trkpt>
      <trkpt lat="37.287105" lon="-86.895921">
        <time>2016-04-02T15:04:55Z</time>
      </trkpt>
      <trkpt lat="37.285562" lon="-86.897806">
        <time>2016-04-02T15:04:44Z</time>
      </trkpt>
      <trkpt lat="37.285101" lon="-86.898390">
        <time>2016-04-02T15:04:41Z</time>
      </trkpt>
      <trkpt lat="37.284798" lon="-86.898783">
        <time>2016-04-02T15:04:39Z</time>
      </trkpt>
      <trkpt lat="37.284087" lon="-86.899726">
        <time>2016-04-02T15:04:34Z</time>
      </trkpt>
      <trkpt lat="37.283451" lon="-86.900658">
        <time>2016-04-02T15:04:29Z</time>
      </trkpt>
      <trkpt lat="37.282915" lon="-86.901343">
        <time>2016-04-02T15:04:25Z</time>
      </trkpt>
      <trkpt lat="37.281520" lon="-86.902362">
        <time>2016-04-02T15:04:17Z</time>
      </trkpt>
      <trkpt lat="37.281336" lon="-86.902498">
        <time>2016-04-02T15:04:16Z</time>
      </trkpt>
      <trkpt lat="37.280582" lon="-86.903054">
        <time>2016-04-02T15:04:12Z</time>
      </trkpt>
      <trkpt lat="37.277796" lon="-86.905011">
        <time>2016-04-02T15:03:58Z</time>
      </trkpt>
      <trkpt lat="37.275672" lon="-86.906517">
        <time>2016-04-02T15:03:47Z</time>
      </trkpt>
      <trkpt lat="37.275482" lon="-86.906656">
        <time>2016-04-02T15:03:46Z</time>
      </trkpt>
      <trkpt lat="37.275293" lon="-86.906793">
        <time>2016-04-02T15:03:45Z</time>
      </trkpt>
      <trkpt lat="37.275103" lon="-86.906926">
        <time>2016-04-02T15:03:44Z</time>
      </trkpt>
      <trkpt lat="37.274911" lon="-86.907056">
        <time>2016-04-02T15:03:43Z</time>
      </trkpt>
      <trkpt lat="37.274717" lon="-86.907189">
        <time>2016-04-02T15:03:42Z</time>
      </trkpt>
      <trkpt lat="37.273533" lon="-86.907825">
        <time>2016-04-02T15:03:36Z</time>
      </trkpt>
      <trkpt lat="37.271887" lon="-86.908070">
        <time>2016-04-02T15:03:28Z</time>
      </trkpt>
      <trkpt lat="37.271465" lon="-86.908042">
        <time>2016-04-02T15:03:26Z</time>
      </trkpt>
      <trkpt lat="37.270028" lon="-86.908279">
        <time>2016-04-02T15:03:19Z</time>
      </trkpt>
      <trkpt lat="37.268448" lon="-86.909177">
        <time>2016-04-02T15:03:11Z</time>
      </trkpt>
      <trkpt lat="37.265823" lon="-86.910861">
        <time>2016-04-02T15:02:59Z</time>
      </trkpt>
      <trkpt lat="37.265606" lon="-86.910996">
        <time>2016-04-02T15:02:58Z</time>
      </trkpt>
      <trkpt lat="37.264570" lon="-86.911660">
        <time>2016-04-02T15:02:53Z</time>
      </trkpt>
      <trkpt lat="37.262946" lon="-86.912782">
        <time>2016-04-02T15:02:44Z</time>
      </trkpt>
      <trkpt lat="37.262339" lon="-86.913668">
        <time>2016-04-02T15:02:39Z</time>
      </trkpt>
      <trkpt lat="37.261203" lon="-86.915496">
        <time>2016-04-02T15:02:30Z</time>
      </trkpt>
      <trkpt lat="37.261080" lon="-86.915697">
        <time>2016-04-02T15:02:29Z</time>
      </trkpt>
      <trkpt lat="37.259704" lon="-86.917877">
        <time>2016-04-02T15:02:18Z</time>
      </trkpt>
      <trkpt lat="37.259435" lon="-86.918597">
        <time>2016-04-02T15:02:14Z</time>
      </trkpt>
      <trkpt lat="37.259585" lon="-86.919754">
        <time>2016-04-02T15:02:08Z</time>
      </trkpt>
      <trkpt lat="37.259251" lon="-86.920829">
        <time>2016-04-02T15:02:02Z</time>
      </trkpt>
      <trkpt lat="37.258904" lon="-86.921243">
        <time>2016-04-02T15:01:59Z</time>
      </trkpt>
      <trkpt lat="37.258601" lon="-86.922255">
        <time>2016-04-02T15:01:52Z</time>
      </trkpt>
      <trkpt lat="37.258638" lon="-86.922629">
        <time>2016-04-02T15:01:50Z</time>
      </trkpt>
      <trkpt lat="37.258673" lon="-86.923230">
        <time>2016-04-02T15:01:47Z</time>
      </trkpt>
      <trkpt lat="37.258473" lon="-86.925284">
        <time>2016-04-02T15:01:37Z</time>
      </trkpt>
      <trkpt lat="37.258548" lon="-86.926031">
        <time>2016-04-02T15:01:33Z</time>
      </trkpt>
      <trkpt lat="37.259094" lon="-86.927476">
        <time>2016-04-02T15:01:25Z</time>
      </trkpt>
      <trkpt lat="37.260495" lon="-86.929162">
        <time>2016-04-02T15:01:13Z</time>
      </trkpt>
      <trkpt lat="37.260853" lon="-86.930226">
        <time>2016-04-02T15:01:06Z</time>
      </trkpt>
      <trkpt lat="37.260722" lon="-86.931464">
        <time>2016-04-02T15:01:00Z</time>
      </trkpt>
      <trkpt lat="37.260666" lon="-86.931851">
        <time>2016-04-02T15:00:58Z</time>
      </trkpt>
      <trkpt lat="37.260652" lon="-86.932028">
        <time>2016-04-02T15:00:57Z</time>
      </trkpt>
      <trkpt lat="37.260958" lon="-86.932943">
        <time>2016-04-02T15:00:51Z</time>
      </trkpt>
      <trkpt lat="37.262243" lon="-86.934018">
        <time>2016-04-02T15:00:42Z</time>
      </trkpt>
      <trkpt lat="37.263070" lon="-86.934439">
        <time>2016-04-02T15:00:37Z</time>
      </trkpt>
      <trkpt lat="37.263856" lon="-86.934779">
        <time>2016-04-02T15:00:32Z</time>
      </trkpt>
      <trkpt lat="37.263994" lon="-86.934843">
        <time>2016-04-02T15:00:31Z</time>
      </trkpt>
      <trkpt lat="37.264381" lon="-86.935032">
        <time>2016-04-02T15:00:28Z</time>
      </trkpt>
      <trkpt lat="37.264768" lon="-86.935218">
        <time>2016-04-02T15:00:25Z</time>
      </trkpt>
      <trkpt lat="37.264895" lon="-86.935280">
        <time>2016-04-02T15:00:24Z</time>
      </trkpt>
      <trkpt lat="37.265404" lon="-86.935526">
        <time>2016-04-02T15:00:20Z</time>
      </trkpt>
      <trkpt lat="37.265651" lon="-86.935649">
        <time>2016-04-02T15:00:18Z</time>
      </trkpt>
      <trkpt lat="37.266025" lon="-86.935844">
        <time>2016-04-02T15:00:15Z</time>
      </trkpt>
      <trkpt lat="37.266453" lon="-86.936061">
        <time>2016-04-02T15:00:11Z</time>
      </trkpt>
      <trkpt lat="37.266876" lon="-86.936289">
        <time>2016-04-02T15:00:04Z</time>
      </trkpt>
      <trkpt lat="37.267419" lon="-86.936375">
        <time>2016-04-02T14:59:59Z</time>
      </trkpt>
      <trkpt lat="37.267716" lon="-86.936393">
        <time>2016-04-02T14:59:57Z</time>
      </trkpt>
      <trkpt lat="37.267877" lon="-86.936405">
        <time>2016-04-02T14:59:56Z</time>
      </trkpt>
      <trkpt lat="37.270196" lon="-86.936605">
        <time>2016-04-02T14:59:44Z</time>
      </trkpt>
      <trkpt lat="37.270793" lon="-86.936662">
        <time>2016-04-02T14:59:41Z</time>
      </trkpt>
      <trkpt lat="37.271803" lon="-86.936737">
        <time>2016-04-02T14:59:36Z</time>
      </trkpt>
      <trkpt lat="37.272005" lon="-86.936750">
        <time>2016-04-02T14:59:35Z</time>
      </trkpt>
      <trkpt lat="37.273212" lon="-86.936846">
        <time>2016-04-02T14:59:29Z</time>
      </trkpt>
      <trkpt lat="37.275218" lon="-86.936990">
        <time>2016-04-02T14:59:19Z</time>
      </trkpt>
      <trkpt lat="37.275782" lon="-86.937074">
        <time>2016-04-02T14:59:16Z</time>
      </trkpt>
      <trkpt lat="37.276318" lon="-86.937201">
        <time>2016-04-02T14:59:13Z</time>
      </trkpt>
      <trkpt lat="37.277186" lon="-86.937609">
        <time>2016-04-02T14:59:08Z</time>
      </trkpt>
      <trkpt lat="37.277358" lon="-86.937719">
        <time>2016-04-02T14:59:07Z</time>
      </trkpt>
      <trkpt lat="37.278552" lon="-86.938576">
        <time>2016-04-02T14:59:00Z</time>
      </trkpt>
      <trkpt lat="37.278888" lon="-86.938823">
        <time>2016-04-02T14:58:58Z</time>
      </trkpt>
      <trkpt lat="37.279387" lon="-86.939200">
        <time>2016-04-02T14:58:55Z</time>
      </trkpt>
      <trkpt lat="37.279722" lon="-86.939453">
        <time>2016-04-02T14:58:53Z</time>
      </trkpt>
      <trkpt lat="37.280223" lon="-86.939842">
        <time>2016-04-02T14:58:50Z</time>
      </trkpt>
      <trkpt lat="37.282534" lon="-86.941593">
        <time>2016-04-02T14:58:36Z</time>
      </trkpt>
      <trkpt lat="37.284998" lon="-86.943446">
        <time>2016-04-02T14:58:21Z</time>
      </trkpt>
      <trkpt lat="37.285979" lon="-86.944181">
        <time>2016-04-02T14:58:15Z</time>
      </trkpt>
      <trkpt lat="37.287100" lon="-86.945041">
        <time>2016-04-02T14:58:08Z</time>
      </trkpt>
      <trkpt lat="37.288797" lon="-86.946339">
        <time>2016-04-02T14:57:57Z</time>
      </trkpt>
      <trkpt lat="37.289891" lon="-86.947156">
        <time>2016-04-02T14:57:50Z</time>
      </trkpt>
      <trkpt lat="37.290511" lon="-86.947609">
        <time>2016-04-02T14:57:46Z</time>
      </trkpt>
      <trkpt lat="37.291676" lon="-86.948635">
        <time>2016-04-02T14:57:38Z</time>
      </trkpt>
      <trkpt lat="37.292332" lon="-86.949883">
        <time>2016-04-02T14:57:31Z</time>
      </trkpt>
      <trkpt lat="37.292966" lon="-86.952186">
        <time>2016-04-02T14:57:20Z</time>
      </trkpt>
      <trkpt lat="37.293027" lon="-86.952404">
        <time>2016-04-02T14:57:19Z</time>
      </trkpt>
      <trkpt lat="37.293543" lon="-86.954309">
        <time>2016-04-02T14:57:10Z</time>
      </trkpt>
      <trkpt lat="37.293806" lon="-86.955331">
        <time>2016-04-02T14:57:05Z</time>
      </trkpt>
      <trkpt lat="37.294339" lon="-86.956602">
        <time>2016-04-02T14:56:58Z</time>
      </trkpt>
      <trkpt lat="37.295080" lon="-86.957463">
        <time>2016-04-02T14:56:52Z</time>
      </trkpt>
      <trkpt lat="37.295981" lon="-86.957992">
        <time>2016-04-02T14:56:46Z</time>
      </trkpt>
      <trkpt lat="37.297463" lon="-86.958093">
        <time>2016-04-02T14:56:37Z</time>
      </trkpt>
      <trkpt lat="37.298492" lon="-86.957972">
        <time>2016-04-02T14:56:31Z</time>
      </trkpt>
      <trkpt lat="37.298972" lon="-86.957912">
        <time>2016-04-02T14:56:28Z</time>
      </trkpt>
      <trkpt lat="37.300374" lon="-86.957749">
        <time>2016-04-02T14:56:19Z</time>
      </trkpt>
      <trkpt lat="37.300669" lon="-86.957720">
        <time>2016-04-02T14:56:17Z</time>
      </trkpt>
      <trkpt lat="37.301097" lon="-86.957674">
        <time>2016-04-02T14:56:14Z</time>
      </trkpt>
      <trkpt lat="37.301372" lon="-86.957641">
        <time>2016-04-02T14:56:12Z</time>
      </trkpt>
      <trkpt lat="37.302339" lon="-86.957488">
        <time>2016-04-02T14:56:04Z</time>
      </trkpt>
      <trkpt lat="37.302505" lon="-86.957723">
        <time>2016-04-02T14:55:58Z</time>
      </trkpt>
      <trkpt lat="37.302498" lon="-86.957949">
        <time>2016-04-02T14:55:55Z</time>
      </trkpt>
      <trkpt lat="37.302587" lon="-86.958199">
        <time>2016-04-02T14:55:48Z</time>
      </trkpt>
      <trkpt lat="37.302631" lon="-86.958165">
        <time>2016-04-02T14:55:37Z</time>
      </trkpt>
      <trkpt lat="37.302678" lon="-86.958171">
        <time>2016-04-02T14:55:36Z</time>
      </trkpt>
      <trkpt lat="37.302837" lon="-86.958219">
        <time>2016-04-02T14:55:34Z</time>
      </trkpt>
      <trkpt lat="37.303065" lon="-86.958358">
        <time>2016-04-02T14:55:32Z</time>
      </trkpt>
      <trkpt lat="37.303514" lon="-86.958804">
        <time>2016-04-02T14:55:28Z</time>
      </trkpt>
      <trkpt lat="37.304753" lon="-86.960505">
        <time>2016-04-02T14:55:16Z</time>
      </trkpt>
      <trkpt lat="37.304984" lon="-86.960712">
        <time>2016-04-02T14:55:14Z</time>
      </trkpt>
      <trkpt lat="37.305216" lon="-86.960863">
        <time>2016-04-02T14:55:12Z</time>
      </trkpt>
      <trkpt lat="37.306126" lon="-86.961195">
        <time>2016-04-02T14:55:05Z</time>
      </trkpt>
      <trkpt lat="37.307999" lon="-86.961684">
        <time>2016-04-02T14:54:52Z</time>
      </trkpt>
      <trkpt lat="37.309017" lon="-86.962079">
        <time>2016-04-02T14:54:44Z</time>
      </trkpt>
      <trkpt lat="37.310851" lon="-86.962941">
        <time>2016-04-02T14:54:30Z</time>
      </trkpt>
      <trkpt lat="37.312456" lon="-86.963647">
        <time>2016-04-02T14:54:18Z</time>
      </trkpt>
      <trkpt lat="37.313475" lon="-86.964065">
        <time>2016-04-02T14:54:11Z</time>
      </trkpt>
      <trkpt lat="37.313628" lon="-86.964121">
        <time>2016-04-02T14:54:10Z</time>
      </trkpt>
      <trkpt lat="37.314352" lon="-86.964824">
        <time>2016-04-02T14:54:04Z</time>
      </trkpt>
      <trkpt lat="37.314613" lon="-86.965517">
        <time>2016-04-02T14:54:00Z</time>
      </trkpt>
      <trkpt lat="37.315588" lon="-86.968518">
        <time>2016-04-02T14:53:44Z</time>
      </trkpt>
      <trkpt lat="37.316469" lon="-86.971237">
        <time>2016-04-02T14:53:29Z</time>
      </trkpt>
      <trkpt lat="37.316556" lon="-86.971575">
        <time>2016-04-02T14:53:27Z</time>
      </trkpt>
      <trkpt lat="37.316625" lon="-86.972104">
        <time>2016-04-02T14:53:24Z</time>
      </trkpt>
      <trkpt lat="37.316659" lon="-86.972671">
        <time>2016-04-02T14:53:21Z</time>
      </trkpt>
      <trkpt lat="37.317025" lon="-86.974266">
        <time>2016-04-02T14:53:12Z</time>
      </trkpt>
      <trkpt lat="37.317488" lon="-86.974910">
        <time>2016-04-02T14:53:07Z</time>
      </trkpt>
      <trkpt lat="37.317874" lon="-86.975143">
        <time>2016-04-02T14:53:04Z</time>
      </trkpt>
      <trkpt lat="37.318152" lon="-86.975242">
        <time>2016-04-02T14:53:02Z</time>
      </trkpt>
      <trkpt lat="37.319143" lon="-86.975674">
        <time>2016-04-02T14:52:55Z</time>
      </trkpt>
      <trkpt lat="37.320612" lon="-86.976661">
        <time>2016-04-02T14:52:46Z</time>
      </trkpt>
      <trkpt lat="37.320961" lon="-86.977118">
        <time>2016-04-02T14:52:43Z</time>
      </trkpt>
      <trkpt lat="37.322625" lon="-86.979028">
        <time>2016-04-02T14:52:30Z</time>
      </trkpt>
      <trkpt lat="37.324201" lon="-86.980744">
        <time>2016-04-02T14:52:18Z</time>
      </trkpt>
      <trkpt lat="37.325245" lon="-86.981701">
        <time>2016-04-02T14:52:10Z</time>
      </trkpt>
      <trkpt lat="37.325921" lon="-86.981840">
        <time>2016-04-02T14:52:05Z</time>
      </trkpt>
      <trkpt lat="37.326461" lon="-86.981137">
        <time>2016-04-02T14:51:58Z</time>
      </trkpt>
      <trkpt lat="37.326746" lon="-86.980525">
        <time>2016-04-02T14:51:54Z</time>
      </trkpt>
      <trkpt lat="37.327387" lon="-86.979741">
        <time>2016-04-02T14:51:48Z</time>
      </trkpt>
      <trkpt lat="37.327699" lon="-86.978802">
        <time>2016-04-02T14:51:42Z</time>
      </trkpt>
      <trkpt lat="37.327538" lon="-86.977783">
        <time>2016-04-02T14:51:36Z</time>
      </trkpt>
      <trkpt lat="37.327463" lon="-86.977643">
        <time>2016-04-02T14:51:35Z</time>
      </trkpt>
      <trkpt lat="37.326591" lon="-86.977167">
        <time>2016-04-02T14:51:27Z</time>
      </trkpt>
      <trkpt lat="37.326090" lon="-86.977005">
        <time>2016-04-02T14:51:23Z</time>
      </trkpt>
      <trkpt lat="37.325565" lon="-86.976575">
        <time>2016-04-02T14:51:18Z</time>
      </trkpt>
      <trkpt lat="37.324428" lon="-86.976098">
        <time>2016-04-02T14:51:09Z</time>
      </trkpt>
      <trkpt lat="37.324126" lon="-86.975815">
        <time>2016-04-02T14:51:06Z</time>
      </trkpt>
      <trkpt lat="37.324049" lon="-86.975692">
        <time>2016-04-02T14:51:05Z</time>
      </trkpt>
      <trkpt lat="37.323964" lon="-86.975430">
        <time>2016-04-02T14:51:03Z</time>
      </trkpt>
      <trkpt lat="37.324009" lon="-86.975027">
        <time>2016-04-02T14:51:00Z</time>
      </trkpt>
      <trkpt lat="37.324046" lon="-86.974883">
        <time>2016-04-02T14:50:59Z</time>
      </trkpt>
      <trkpt lat="37.324149" lon="-86.974081">
        <time>2016-04-02T14:50:52Z</time>
      </trkpt>
      <trkpt lat="37.323990" lon="-86.973173">
        <time>2016-04-02T14:50:43Z</time>
      </trkpt>
      <trkpt lat="37.324031" lon="-86.972860">
        <time>2016-04-02T14:50:39Z</time>
      </trkpt>
      <trkpt lat="37.324178" lon="-86.972798">
        <time>2016-04-02T14:50:37Z</time>
      </trkpt>
      <trkpt lat="37.324536" lon="-86.972735">
        <time>2016-04-02T14:50:34Z</time>
      </trkpt>
      <trkpt lat="37.325706" lon="-86.972552">
        <time>2016-04-02T14:50:26Z</time>
      </trkpt>
      <trkpt lat="37.326002" lon="-86.972502">
        <time>2016-04-02T14:50:24Z</time>
      </trkpt>
      <trkpt lat="37.328199" lon="-86.972223">
        <time>2016-04-02T14:50:09Z</time>
      </trkpt>
      <trkpt lat="37.328549" lon="-86.971804">
        <time>2016-04-02T14:50:04Z</time>
      </trkpt>
      <trkpt lat="37.328563" lon="-86.971644">
        <time>2016-04-02T14:50:03Z</time>
      </trkpt>
      <trkpt lat="37.328648" lon="-86.970697">
        <time>2016-04-02T14:49:58Z</time>
      </trkpt>
      <trkpt lat="37.328704" lon="-86.970075">
        <time>2016-04-02T14:49:55Z</time>
      </trkpt>
      <trkpt lat="37.328719" lon="-86.969670">
        <time>2016-04-02T14:49:53Z</time>
      </trkpt>
      <trkpt lat="37.328686" lon="-86.969097">
        <time>2016-04-02T14:49:50Z</time>
      </trkpt>
      <trkpt lat="37.328596" lon="-86.968746">
        <time>2016-04-02T14:49:48Z</time>
      </trkpt>
      <trkpt lat="37.328470" lon="-86.968398">
        <time>2016-04-02T14:49:46Z</time>
      </trkpt>
      <trkpt lat="37.328290" lon="-86.967842">
        <time>2016-04-02T14:49:43Z</time>
      </trkpt>
      <trkpt lat="37.328151" lon="-86.967032">
        <time>2016-04-02T14:49:39Z</time>
      </trkpt>
      <trkpt lat="37.328170" lon="-86.966428">
        <time>2016-04-02T14:49:36Z</time>
      </trkpt>
      <trkpt lat="37.328306" lon="-86.965634">
        <time>2016-04-02T14:49:32Z</time>
      </trkpt>
      <trkpt lat="37.328534" lon="-86.964654">
        <time>2016-04-02T14:49:27Z</time>
      </trkpt>
      <trkpt lat="37.328593" lon="-86.964221">
        <time>2016-04-02T14:49:25Z</time>
      </trkpt>
      <trkpt lat="37.328788" lon="-86.962514">
        <time>2016-04-02T14:49:17Z</time>
      </trkpt>
      <trkpt lat="37.328811" lon="-86.962367">
        <time>2016-04-02T14:49:16Z</time>
      </trkpt>
      <trkpt lat="37.329158" lon="-86.962119">
        <time>2016-04-02T14:49:11Z</time>
      </trkpt>
      <trkpt lat="37.329263" lon="-86.962169">
        <time>2016-04-02T14:49:10Z</time>
      </trkpt>
      <trkpt lat="37.330215" lon="-86.962618">
        <time>2016-04-02T14:49:03Z</time>
      </trkpt>
      <trkpt lat="37.331055" lon="-86.962982">
        <time>2016-04-02T14:48:55Z</time>
      </trkpt>
      <trkpt lat="37.331242" lon="-86.962983">
        <time>2016-04-02T14:48:51Z</time>
      </trkpt>
      <trkpt lat="37.331338" lon="-86.962407">
        <time>2016-04-02T14:48:44Z</time>
      </trkpt>
      <trkpt lat="37.331181" lon="-86.960825">
        <time>2016-04-02T14:48:36Z</time>
      </trkpt>
      <trkpt lat="37.330860" lon="-86.958919">
        <time>2016-04-02T14:48:28Z</time>
      </trkpt>
      <trkpt lat="37.330711" lon="-86.958151">
        <time>2016-04-02T14:48:25Z</time>
      </trkpt>
      <trkpt lat="37.330228" lon="-86.955707">
        <time>2016-04-02T14:48:16Z</time>
      </trkpt>
      <trkpt lat="37.329755" lon="-86.953359">
        <time>2016-04-02T14:48:08Z</time>
      </trkpt>
      <trkpt lat="37.329681" lon="-86.953073">
        <time>2016-04-02T14:48:07Z</time>
      </trkpt>
      <trkpt lat="37.329415" lon="-86.952290">
        <time>2016-04-02T14:48:04Z</time>
      </trkpt>
      <trkpt lat="37.329169" lon="-86.951825">
        <time>2016-04-02T14:48:02Z</time>
      </trkpt>
      <trkpt lat="37.328902" lon="-86.951390">
        <time>2016-04-02T14:48:00Z</time>
      </trkpt>
      <trkpt lat="37.328503" lon="-86.950519">
        <time>2016-04-02T14:47:56Z</time>
      </trkpt>
      <trkpt lat="37.328457" lon="-86.950284">
        <time>2016-04-02T14:47:55Z</time>
      </trkpt>
      <trkpt lat="37.328318" lon="-86.949349">
        <time>2016-04-02T14:47:51Z</time>
      </trkpt>
      <trkpt lat="37.328195" lon="-86.948438">
        <time>2016-04-02T14:47:47Z</time>
      </trkpt>
      <trkpt lat="37.328161" lon="-86.948031">
        <time>2016-04-02T14:47:45Z</time>
      </trkpt>
      <trkpt lat="37.328146" lon="-86.947850">
        <time>2016-04-02T14:47:44Z</time>
      </trkpt>
      <trkpt lat="37.328075" lon="-86.947375">
        <time>2016-04-02T14:47:41Z</time>
      </trkpt>
      <trkpt lat="37.328052" lon="-86.947257">
        <time>2016-04-02T14:47:40Z</time>
      </trkpt>
      <trkpt lat="37.327928" lon="-86.946855">
        <time>2016-04-02T14:47:33Z</time>
      </trkpt>
      <trkpt lat="37.327901" lon="-86.946786">
        <time>2016-04-02T14:47:32Z</time>
      </trkpt>
      <trkpt lat="37.327678" lon="-86.945883">
        <time>2016-04-02T14:47:25Z</time>
      </trkpt>
      <trkpt lat="37.327526" lon="-86.944728">
        <time>2016-04-02T14:47:19Z</time>
      </trkpt>
      <trkpt lat="37.327395" lon="-86.943617">
        <time>2016-04-02T14:47:13Z</time>
      </trkpt>
      <trkpt lat="37.327161" lon="-86.941562">
        <time>2016-04-02T14:47:03Z</time>
      </trkpt>
      <trkpt lat="37.327086" lon="-86.940854">
        <time>2016-04-02T14:47:00Z</time>
      </trkpt>
      <trkpt lat="37.327003" lon="-86.940104">
        <time>2016-04-02T14:46:57Z</time>
      </trkpt>
      <trkpt lat="37.326943" lon="-86.939595">
        <time>2016-04-02T14:46:55Z</time>
      </trkpt>
      <trkpt lat="37.326887" lon="-86.939079">
        <time>2016-04-02T14:46:53Z</time>
      </trkpt>
      <trkpt lat="37.326826" lon="-86.938565">
        <time>2016-04-02T14:46:51Z</time>
      </trkpt>
      <trkpt lat="37.326446" lon="-86.935359">
        <time>2016-04-02T14:46:38Z</time>
      </trkpt>
      <trkpt lat="37.326373" lon="-86.934623">
        <time>2016-04-02T14:46:35Z</time>
      </trkpt>
      <trkpt lat="37.326337" lon="-86.934157">
        <time>2016-04-02T14:46:33Z</time>
      </trkpt>
      <trkpt lat="37.326196" lon="-86.932127">
        <time>2016-04-02T14:46:25Z</time>
      </trkpt>
      <trkpt lat="37.326169" lon="-86.931870">
        <time>2016-04-02T14:46:24Z</time>
      </trkpt>
      <trkpt lat="37.326003" lon="-86.931183">
        <time>2016-04-02T14:46:21Z</time>
      </trkpt>
      <trkpt lat="37.325917" lon="-86.930976">
        <time>2016-04-02T14:46:20Z</time>
      </trkpt>
      <trkpt lat="37.325636" lon="-86.930354">
        <time>2016-04-02T14:46:17Z</time>
      </trkpt>
      <trkpt lat="37.325447" lon="-86.929936">
        <time>2016-04-02T14:46:15Z</time>
      </trkpt>
      <trkpt lat="37.324998" lon="-86.928660">
        <time>2016-04-02T14:46:09Z</time>
      </trkpt>
      <trkpt lat="37.324921" lon="-86.928239">
        <time>2016-04-02T14:46:07Z</time>
      </trkpt>
      <trkpt lat="37.324727" lon="-86.926565">
        <time>2016-04-02T14:46:00Z</time>
      </trkpt>
      <trkpt lat="37.324637" lon="-86.925802">
        <time>2016-04-02T14:45:57Z</time>
      </trkpt>
      <trkpt lat="37.324518" lon="-86.924783">
        <time>2016-04-02T14:45:53Z</time>
      </trkpt>
      <trkpt lat="37.324341" lon="-86.922559">
        <time>2016-04-02T14:45:44Z</time>
      </trkpt>
      <trkpt lat="37.324038" lon="-86.919451">
        <time>2016-04-02T14:45:32Z</time>
      </trkpt>
      <trkpt lat="37.323791" lon="-86.916972">
        <time>2016-04-02T14:45:20Z</time>
      </trkpt>
      <trkpt lat="37.323649" lon="-86.915848">
        <time>2016-04-02T14:45:13Z</time>
      </trkpt>
      <trkpt lat="37.323666" lon="-86.915587">
        <time>2016-04-02T14:45:09Z</time>
      </trkpt>
      <trkpt lat="37.324311" lon="-86.915420">
        <time>2016-04-02T14:45:01Z</time>
      </trkpt>
      <trkpt lat="37.326841" lon="-86.915052">
        <time>2016-04-02T14:44:44Z</time>
      </trkpt>
      <trkpt lat="37.327157" lon="-86.915005">
        <time>2016-04-02T14:44:42Z</time>
      </trkpt>
      <trkpt lat="37.327791" lon="-86.914928">
        <time>2016-04-02T14:44:38Z</time>
      </trkpt>
      <trkpt lat="37.328380" lon="-86.914918">
        <time>2016-04-02T14:44:34Z</time>
      </trkpt>
      <trkpt lat="37.329330" lon="-86.915000">
        <time>2016-04-02T14:44:27Z</time>
      </trkpt>
      <trkpt lat="37.330637" lon="-86.915180">
        <time>2016-04-02T14:44:17Z</time>
      </trkpt>
      <trkpt lat="37.331053" lon="-86.915178">
        <time>2016-04-02T14:44:14Z</time>
      </trkpt>
      <trkpt lat="37.331577" lon="-86.915170">
        <time>2016-04-02T14:44:10Z</time>
      </trkpt>
      <trkpt lat="37.331842" lon="-86.915158">
        <time>2016-04-02T14:44:08Z</time>
      </trkpt>
      <trkpt lat="37.332105" lon="-86.915137">
        <time>2016-04-02T14:44:06Z</time>
      </trkpt>
      <trkpt lat="37.332360" lon="-86.915091">
        <time>2016-04-02T14:44:04Z</time>
      </trkpt>
      <trkpt lat="37.332605" lon="-86.915032">
        <time>2016-04-02T14:44:02Z</time>
      </trkpt>
      <trkpt lat="37.332726" lon="-86.915003">
        <time>2016-04-02T14:44:01Z</time>
      </trkpt>
      <trkpt lat="37.333081" lon="-86.914932">
        <time>2016-04-02T14:43:58Z</time>
      </trkpt>
      <trkpt lat="37.333552" lon="-86.914885">
        <time>2016-04-02T14:43:54Z</time>
      </trkpt>
      <trkpt lat="37.334774" lon="-86.915087">
        <time>2016-04-02T14:43:44Z</time>
      </trkpt>
      <trkpt lat="37.336273" lon="-86.915009">
        <time>2016-04-02T14:43:33Z</time>
      </trkpt>
      <trkpt lat="37.336750" lon="-86.914809">
        <time>2016-04-02T14:43:29Z</time>
      </trkpt>
      <trkpt lat="37.337313" lon="-86.914271">
        <time>2016-04-02T14:43:24Z</time>
      </trkpt>
      <trkpt lat="37.337532" lon="-86.914050">
        <time>2016-04-02T14:43:22Z</time>
      </trkpt>
      <trkpt lat="37.338098" lon="-86.913712">
        <time>2016-04-02T14:43:17Z</time>
      </trkpt>
      <trkpt lat="37.338874" lon="-86.913635">
        <time>2016-04-02T14:43:10Z</time>
      </trkpt>
      <trkpt lat="37.339028" lon="-86.913653">
        <time>2016-04-02T14:43:08Z</time>
      </trkpt>
      <trkpt lat="37.339110" lon="-86.913870">
        <time>2016-04-02T14:43:05Z</time>
      </trkpt>
      <trkpt lat="37.339087" lon="-86.914418">
        <time>2016-04-02T14:43:01Z</time>
      </trkpt>
      <trkpt lat="37.339002" lon="-86.915993">
        <time>2016-04-02T14:42:53Z</time>
      </trkpt>
      <trkpt lat="37.339121" lon="-86.916719">
        <time>2016-04-02T14:42:49Z</time>
      </trkpt>
      <trkpt lat="37.339197" lon="-86.916886">
        <time>2016-04-02T14:42:48Z</time>
      </trkpt>
      <trkpt lat="37.339277" lon="-86.917048">
        <time>2016-04-02T14:42:47Z</time>
      </trkpt>
      <trkpt lat="37.339945" lon="-86.918205">
        <time>2016-04-02T14:42:39Z</time>
      </trkpt>
      <trkpt lat="37.340053" lon="-86.918304">
        <time>2016-04-02T14:42:38Z</time>
      </trkpt>
      <trkpt lat="37.340744" lon="-86.918915">
        <time>2016-04-02T14:42:31Z</time>
      </trkpt>
      <trkpt lat="37.341565" lon="-86.919192">
        <time>2016-04-02T14:42:24Z</time>
      </trkpt>
      <trkpt lat="37.341834" lon="-86.919277">
        <time>2016-04-02T14:42:22Z</time>
      </trkpt>
      <trkpt lat="37.342355" lon="-86.919285">
        <time>2016-04-02T14:42:18Z</time>
      </trkpt>
      <trkpt lat="37.342781" lon="-86.919160">
        <time>2016-04-02T14:42:15Z</time>
      </trkpt>
      <trkpt lat="37.342927" lon="-86.919129">
        <time>2016-04-02T14:42:14Z</time>
      </trkpt>
      <trkpt lat="37.343635" lon="-86.919227">
        <time>2016-04-02T14:42:09Z</time>
      </trkpt>
      <trkpt lat="37.343967" lon="-86.919593">
        <time>2016-04-02T14:42:06Z</time>
      </trkpt>
      <trkpt lat="37.344054" lon="-86.919739">
        <time>2016-04-02T14:42:05Z</time>
      </trkpt>
      <trkpt lat="37.344250" lon="-86.920162">
        <time>2016-04-02T14:42:02Z</time>
      </trkpt>
      <trkpt lat="37.344493" lon="-86.921062">
        <time>2016-04-02T14:41:57Z</time>
      </trkpt>
      <trkpt lat="37.344561" lon="-86.921449">
        <time>2016-04-02T14:41:55Z</time>
      </trkpt>
      <trkpt lat="37.344622" lon="-86.922230">
        <time>2016-04-02T14:41:51Z</time>
      </trkpt>
      <trkpt lat="37.344577" lon="-86.922819">
        <time>2016-04-02T14:41:48Z</time>
      </trkpt>
      <trkpt lat="37.344626" lon="-86.923439">
        <time>2016-04-02T14:41:45Z</time>
      </trkpt>
      <trkpt lat="37.344741" lon="-86.924276">
        <time>2016-04-02T14:41:41Z</time>
      </trkpt>
      <trkpt lat="37.344768" lon="-86.924489">
        <time>2016-04-02T14:41:40Z</time>
      </trkpt>
      <trkpt lat="37.344914" lon="-86.925935">
        <time>2016-04-02T14:41:33Z</time>
      </trkpt>
      <trkpt lat="37.345047" lon="-86.926280">
        <time>2016-04-02T14:41:31Z</time>
      </trkpt>
      <trkpt lat="37.345293" lon="-86.926699">
        <time>2016-04-02T14:41:28Z</time>
      </trkpt>
      <trkpt lat="37.346218" lon="-86.927520">
        <time>2016-04-02T14:41:20Z</time>
      </trkpt>
      <trkpt lat="37.346752" lon="-86.928281">
        <time>2016-04-02T14:41:14Z</time>
      </trkpt>
      <trkpt lat="37.347506" lon="-86.929011">
        <time>2016-04-02T14:41:06Z</time>
      </trkpt>
      <trkpt lat="37.348000" lon="-86.929479">
        <time>2016-04-02T14:40:56Z</time>
      </trkpt>
      <trkpt lat="37.348371" lon="-86.929635">
        <time>2016-04-02T14:40:51Z</time>
      </trkpt>
      <trkpt lat="37.348608" lon="-86.929548">
        <time>2016-04-02T14:40:49Z</time>
      </trkpt>
      <trkpt lat="37.350284" lon="-86.929471">
        <time>2016-04-02T14:40:40Z</time>
      </trkpt>
      <trkpt lat="37.352513" lon="-86.929436">
        <time>2016-04-02T14:40:29Z</time>
      </trkpt>
      <trkpt lat="37.352931" lon="-86.929438">
        <time>2016-04-02T14:40:27Z</time>
      </trkpt>
      <trkpt lat="37.354939" lon="-86.929255">
        <time>2016-04-02T14:40:17Z</time>
      </trkpt>
      <trkpt lat="37.355571" lon="-86.929158">
        <time>2016-04-02T14:40:14Z</time>
      </trkpt>
      <trkpt lat="37.355999" lon="-86.929101">
        <time>2016-04-02T14:40:12Z</time>
      </trkpt>
      <trkpt lat="37.356425" lon="-86.929049">
        <time>2016-04-02T14:40:10Z</time>
      </trkpt>
      <trkpt lat="37.358420" lon="-86.928783">
        <time>2016-04-02T14:40:01Z</time>
      </trkpt>
      <trkpt lat="37.358878" lon="-86.928736">
        <time>2016-04-02T14:39:59Z</time>
      </trkpt>
      <trkpt lat="37.359535" lon="-86.928708">
        <time>2016-04-02T14:39:56Z</time>
      </trkpt>
      <trkpt lat="37.359957" lon="-86.928616">
        <time>2016-04-02T14:39:54Z</time>
      </trkpt>
      <trkpt lat="37.360351" lon="-86.928387">
        <time>2016-04-02T14:39:52Z</time>
      </trkpt>
      <trkpt lat="37.361558" lon="-86.927343">
        <time>2016-04-02T14:39:46Z</time>
      </trkpt>
      <trkpt lat="37.361977" lon="-86.926966">
        <time>2016-04-02T14:39:44Z</time>
      </trkpt>
      <trkpt lat="37.362578" lon="-86.926431">
        <time>2016-04-02T14:39:41Z</time>
      </trkpt>
      <trkpt lat="37.363331" lon="-86.925797">
        <time>2016-04-02T14:39:37Z</time>
      </trkpt>
      <trkpt lat="37.363927" lon="-86.925460">
        <time>2016-04-02T14:39:34Z</time>
      </trkpt>
      <trkpt lat="37.364351" lon="-86.925362">
        <time>2016-04-02T14:39:32Z</time>
      </trkpt>
      <trkpt lat="37.364566" lon="-86.925347">
        <time>2016-04-02T14:39:31Z</time>
      </trkpt>
      <trkpt lat="37.365217" lon="-86.925371">
        <time>2016-04-02T14:39:28Z</time>
      </trkpt>
      <trkpt lat="37.366081" lon="-86.925168">
        <time>2016-04-02T14:39:24Z</time>
      </trkpt>
      <trkpt lat="37.366828" lon="-86.924646">
        <time>2016-04-02T14:39:20Z</time>
      </trkpt>
      <trkpt lat="37.368104" lon="-86.923816">
        <time>2016-04-02T14:39:13Z</time>
      </trkpt>
      <trkpt lat="37.368694" lon="-86.923721">
        <time>2016-04-02T14:39:10Z</time>
      </trkpt>
      <trkpt lat="37.369626" lon="-86.923470">
        <time>2016-04-02T14:39:05Z</time>
      </trkpt>
      <trkpt lat="37.370747" lon="-86.923144">
        <time>2016-04-02T14:38:59Z</time>
      </trkpt>
      <trkpt lat="37.372623" lon="-86.922936">
        <time>2016-04-02T14:38:49Z</time>
      </trkpt>
      <trkpt lat="37.375045" lon="-86.922711">
        <time>2016-04-02T14:38:36Z</time>
      </trkpt>
      <trkpt lat="37.375516" lon="-86.922618">
        <time>2016-04-02T14:38:33Z</time>
      </trkpt>
      <trkpt lat="37.375911" lon="-86.922268">
        <time>2016-04-02T14:38:27Z</time>
      </trkpt>
      <trkpt lat="37.375903" lon="-86.922220">
        <time>2016-04-02T14:38:26Z</time>
      </trkpt>
      <trkpt lat="37.375804" lon="-86.921481">
        <time>2016-04-02T14:38:19Z</time>
      </trkpt>
      <trkpt lat="37.375785" lon="-86.921343">
        <time>2016-04-02T14:38:18Z</time>
      </trkpt>
      <trkpt lat="37.375747" lon="-86.921050">
        <time>2016-04-02T14:38:16Z</time>
      </trkpt>
      <trkpt lat="37.375693" lon="-86.920599">
        <time>2016-04-02T14:38:13Z</time>
      </trkpt>
      <trkpt lat="37.375644" lon="-86.919534">
        <time>2016-04-02T14:38:05Z</time>
      </trkpt>
      <trkpt lat="37.375611" lon="-86.919274">
        <time>2016-04-02T14:38:03Z</time>
      </trkpt>
      <trkpt lat="37.375561" lon="-86.918861">
        <time>2016-04-02T14:38:00Z</time>
      </trkpt>
      <trkpt lat="37.375527" lon="-86.917906">
        <time>2016-04-02T14:37:54Z</time>
      </trkpt>
      <trkpt lat="37.375478" lon="-86.917739">
        <time>2016-04-02T14:37:53Z</time>
      </trkpt>
      <trkpt lat="37.375280" lon="-86.917182">
        <time>2016-04-02T14:37:50Z</time>
      </trkpt>
      <trkpt lat="37.374786" lon="-86.916037">
        <time>2016-04-02T14:37:44Z</time>
      </trkpt>
      <trkpt lat="37.374611" lon="-86.914991">
        <time>2016-04-02T14:37:39Z</time>
      </trkpt>
      <trkpt lat="37.374533" lon="-86.914315">
        <time>2016-04-02T14:37:36Z</time>
      </trkpt>
      <trkpt lat="37.374507" lon="-86.914075">
        <time>2016-04-02T14:37:35Z</time>
      </trkpt>
      <trkpt lat="37.374428" lon="-86.913336">
        <time>2016-04-02T14:37:32Z</time>
      </trkpt>
      <trkpt lat="37.374343" lon="-86.912593">
        <time>2016-04-02T14:37:29Z</time>
      </trkpt>
      <trkpt lat="37.374411" lon="-86.911763">
        <time>2016-04-02T14:37:25Z</time>
      </trkpt>
      <trkpt lat="37.374626" lon="-86.911185">
        <time>2016-04-02T14:37:22Z</time>
      </trkpt>
      <trkpt lat="37.374762" lon="-86.910651">
        <time>2016-04-02T14:37:19Z</time>
      </trkpt>
      <trkpt lat="37.374774" lon="-86.910254">
        <time>2016-04-02T14:37:17Z</time>
      </trkpt>
      <trkpt lat="37.374737" lon="-86.909814">
        <time>2016-04-02T14:37:15Z</time>
      </trkpt>
      <trkpt lat="37.374433" lon="-86.907977">
        <time>2016-04-02T14:37:07Z</time>
      </trkpt>
      <trkpt lat="37.373844" lon="-86.905027">
        <time>2016-04-02T14:36:53Z</time>
      </trkpt>
      <trkpt lat="37.373530" lon="-86.903496">
        <time>2016-04-02T14:36:45Z</time>
      </trkpt>
      <trkpt lat="37.373471" lon="-86.903318">
        <time>2016-04-02T14:36:44Z</time>
      </trkpt>
      <trkpt lat="37.373256" lon="-86.902807">
        <time>2016-04-02T14:36:41Z</time>
      </trkpt>
      <trkpt lat="37.372871" lon="-86.902236">
        <time>2016-04-02T14:36:37Z</time>
      </trkpt>
      <trkpt lat="37.372419" lon="-86.901748">
        <time>2016-04-02T14:36:33Z</time>
      </trkpt>
      <trkpt lat="37.372197" lon="-86.901481">
        <time>2016-04-02T14:36:31Z</time>
      </trkpt>
      <trkpt lat="37.371865" lon="-86.901052">
        <time>2016-04-02T14:36:28Z</time>
      </trkpt>
      <trkpt lat="37.371316" lon="-86.900520">
        <time>2016-04-02T14:36:22Z</time>
      </trkpt>
      <trkpt lat="37.371259" lon="-86.900471">
        <time>2016-04-02T14:36:21Z</time>
      </trkpt>
      <trkpt lat="37.371298" lon="-86.900106">
        <time>2016-04-02T14:36:16Z</time>
      </trkpt>
      <trkpt lat="37.371368" lon="-86.900032">
        <time>2016-04-02T14:36:15Z</time>
      </trkpt>
      <trkpt lat="37.371831" lon="-86.899491">
        <time>2016-04-02T14:36:10Z</time>
      </trkpt>
      <trkpt lat="37.372588" lon="-86.899068">
        <time>2016-04-02T14:36:04Z</time>
      </trkpt>
      <trkpt lat="37.373124" lon="-86.898980">
        <time>2016-04-02T14:36:00Z</time>
      </trkpt>
      <trkpt lat="37.373391" lon="-86.898844">
        <time>2016-04-02T14:35:58Z</time>
      </trkpt>
      <trkpt lat="37.373907" lon="-86.898450">
        <time>2016-04-02T14:35:54Z</time>
      </trkpt>
      <trkpt lat="37.374275" lon="-86.898171">
        <time>2016-04-02T14:35:51Z</time>
      </trkpt>
      <trkpt lat="37.375438" lon="-86.897486">
        <time>2016-04-02T14:35:41Z</time>
      </trkpt>
      <trkpt lat="37.375524" lon="-86.897409">
        <time>2016-04-02T14:35:40Z</time>
      </trkpt>
      <trkpt lat="37.375727" lon="-86.896909">
        <time>2016-04-02T14:35:35Z</time>
      </trkpt>
      <trkpt lat="37.375598" lon="-86.896616">
        <time>2016-04-02T14:35:32Z</time>
      </trkpt>
      <trkpt lat="37.375513" lon="-86.896516">
        <time>2016-04-02T14:35:31Z</time>
      </trkpt>
      <trkpt lat="37.375099" lon="-86.896088">
        <time>2016-04-02T14:35:27Z</time>
      </trkpt>
      <trkpt lat="37.374882" lon="-86.895467">
        <time>2016-04-02T14:35:22Z</time>
      </trkpt>
      <trkpt lat="37.374896" lon="-86.895315">
        <time>2016-04-02T14:35:21Z</time>
      </trkpt>
      <trkpt lat="37.375169" lon="-86.894566">
        <time>2016-04-02T14:35:16Z</time>
      </trkpt>
      <trkpt lat="37.375380" lon="-86.894353">
        <time>2016-04-02T14:35:14Z</time>
      </trkpt>
      <trkpt lat="37.375722" lon="-86.894007">
        <time>2016-04-02T14:35:11Z</time>
      </trkpt>
      <trkpt lat="37.375836" lon="-86.893878">
        <time>2016-04-02T14:35:10Z</time>
      </trkpt>
      <trkpt lat="37.376283" lon="-86.893272">
        <time>2016-04-02T14:35:06Z</time>
      </trkpt>
      <trkpt lat="37.376480" lon="-86.892985">
        <time>2016-04-02T14:35:04Z</time>
      </trkpt>
      <trkpt lat="37.376663" lon="-86.892728">
        <time>2016-04-02T14:35:02Z</time>
      </trkpt>
      <trkpt lat="37.376857" lon="-86.892495">
        <time>2016-04-02T14:35:00Z</time>
      </trkpt>
      <trkpt lat="37.377137" lon="-86.892181">
        <time>2016-04-02T14:34:57Z</time>
      </trkpt>
      <trkpt lat="37.377516" lon="-86.891648">
        <time>2016-04-02T14:34:52Z</time>
      </trkpt>
      <trkpt lat="37.377875" lon="-86.891475">
        <time>2016-04-02T14:34:46Z</time>
      </trkpt>
      <trkpt lat="37.377947" lon="-86.891533">
        <time>2016-04-02T14:34:45Z</time>
      </trkpt>
      <trkpt lat="37.378761" lon="-86.892248">
        <time>2016-04-02T14:34:37Z</time>
      </trkpt>
      <trkpt lat="37.379880" lon="-86.892956">
        <time>2016-04-02T14:34:30Z</time>
      </trkpt>
      <trkpt lat="37.380581" lon="-86.893213">
        <time>2016-04-02T14:34:26Z</time>
      </trkpt>
      <trkpt lat="37.382741" lon="-86.893882">
        <time>2016-04-02T14:34:14Z</time>
      </trkpt>
      <trkpt lat="37.383120" lon="-86.893992">
        <time>2016-04-02T14:34:12Z</time>
      </trkpt>
      <trkpt lat="37.383315" lon="-86.894044">
        <time>2016-04-02T14:34:11Z</time>
      </trkpt>
      <trkpt lat="37.385291" lon="-86.894484">
        <time>2016-04-02T14:34:01Z</time>
      </trkpt>
      <trkpt lat="37.388660" lon="-86.894220">
        <time>2016-04-02T14:33:44Z</time>
      </trkpt>
      <trkpt lat="37.391988" lon="-86.893889">
        <time>2016-04-02T14:33:27Z</time>
      </trkpt>
      <trkpt lat="37.392184" lon="-86.893867">
        <time>2016-04-02T14:33:26Z</time>
      </trkpt>
      <trkpt lat="37.393924" lon="-86.893719">
        <time>2016-04-02T14:33:17Z</time>
      </trkpt>
      <trkpt lat="37.394502" lon="-86.893669">
        <time>2016-04-02T14:33:14Z</time>
      </trkpt>
      <trkpt lat="37.396554" lon="-86.893464">
        <time>2016-04-02T14:33:03Z</time>
      </trkpt>
      <trkpt lat="37.398246" lon="-86.893240">
        <time>2016-04-02T14:32:54Z</time>
      </trkpt>
      <trkpt lat="37.399241" lon="-86.893132">
        <time>2016-04-02T14:32:47Z</time>
      </trkpt>
      <trkpt lat="37.399485" lon="-86.893334">
        <time>2016-04-02T14:32:42Z</time>
      </trkpt>
      <trkpt lat="37.399405" lon="-86.893897">
        <time>2016-04-02T14:32:38Z</time>
      </trkpt>
      <trkpt lat="37.399141" lon="-86.895738">
        <time>2016-04-02T14:32:29Z</time>
      </trkpt>
      <trkpt lat="37.399037" lon="-86.896466">
        <time>2016-04-02T14:32:26Z</time>
      </trkpt>
      <trkpt lat="37.398761" lon="-86.898412">
        <time>2016-04-02T14:32:18Z</time>
      </trkpt>
      <trkpt lat="37.398486" lon="-86.900285">
        <time>2016-04-02T14:32:09Z</time>
      </trkpt>
      <trkpt lat="37.398555" lon="-86.900640">
        <time>2016-04-02T14:32:03Z</time>
      </trkpt>
      <trkpt lat="37.398642" lon="-86.900635">
        <time>2016-04-02T14:31:57Z</time>
      </trkpt>
      <trkpt lat="37.399360" lon="-86.900630">
        <time>2016-04-02T14:31:49Z</time>
      </trkpt>
      <trkpt lat="37.399882" lon="-86.900630">
        <time>2016-04-02T14:31:45Z</time>
      </trkpt>
      <trkpt lat="37.400025" lon="-86.900628">
        <time>2016-04-02T14:31:44Z</time>
      </trkpt>
      <trkpt lat="37.400329" lon="-86.900625">
        <time>2016-04-02T14:31:42Z</time>
      </trkpt>
      <trkpt lat="37.400821" lon="-86.900613">
        <time>2016-04-02T14:31:39Z</time>
      </trkpt>
      <trkpt lat="37.400993" lon="-86.900608">
        <time>2016-04-02T14:31:38Z</time>
      </trkpt>
      <trkpt lat="37.401828" lon="-86.900630">
        <time>2016-04-02T14:31:33Z</time>
      </trkpt>
      <trkpt lat="37.402562" lon="-86.900646">
        <time>2016-04-02T14:31:29Z</time>
      </trkpt>
      <trkpt lat="37.403062" lon="-86.900565">
        <time>2016-04-02T14:31:26Z</time>
      </trkpt>
      <trkpt lat="37.403321" lon="-86.900320">
        <time>2016-04-02T14:31:24Z</time>
      </trkpt>
      <trkpt lat="37.403729" lon="-86.900138">
        <time>2016-04-02T14:31:21Z</time>
      </trkpt>
      <trkpt lat="37.403888" lon="-86.900112">
        <time>2016-04-02T14:31:20Z</time>
      </trkpt>
      <trkpt lat="37.404399" lon="-86.900012">
        <time>2016-04-02T14:31:17Z</time>
      </trkpt>
      <trkpt lat="37.404567" lon="-86.899976">
        <time>2016-04-02T14:31:16Z</time>
      </trkpt>
      <trkpt lat="37.405245" lon="-86.899856">
        <time>2016-04-02T14:31:12Z</time>
      </trkpt>
      <trkpt lat="37.406789" lon="-86.899610">
        <time>2016-04-02T14:31:03Z</time>
      </trkpt>
      <trkpt lat="37.407808" lon="-86.899454">
        <time>2016-04-02T14:30:57Z</time>
      </trkpt>
      <trkpt lat="37.407981" lon="-86.899429">
        <time>2016-04-02T14:30:56Z</time>
      </trkpt>
      <trkpt lat="37.409005" lon="-86.899272">
        <time>2016-04-02T14:30:50Z</time>
      </trkpt>
      <trkpt lat="37.409646" lon="-86.899191">
        <time>2016-04-02T14:30:46Z</time>
      </trkpt>
      <trkpt lat="37.409797" lon="-86.899181">
        <time>2016-04-02T14:30:45Z</time>
      </trkpt>
      <trkpt lat="37.410986" lon="-86.899038">
        <time>2016-04-02T14:30:37Z</time>
      </trkpt>
      <trkpt lat="37.411224" lon="-86.898843">
        <time>2016-04-02T14:30:32Z</time>
      </trkpt>
      <trkpt lat="37.411201" lon="-86.898767">
        <time>2016-04-02T14:30:31Z</time>
      </trkpt>
      <trkpt lat="37.410897" lon="-86.897853">
        <time>2016-04-02T14:30:23Z</time>
      </trkpt>
      <trkpt lat="37.410511" lon="-86.896723">
        <time>2016-04-02T14:30:17Z</time>
      </trkpt>
      <trkpt lat="37.410031" lon="-86.895303">
        <time>2016-04-02T14:30:11Z</time>
      </trkpt>
      <trkpt lat="37.409446" lon="-86.893562">
        <time>2016-04-02T14:30:03Z</time>
      </trkpt>
      <trkpt lat="37.408619" lon="-86.890889">
        <time>2016-04-02T14:29:51Z</time>
      </trkpt>
      <trkpt lat="37.408548" lon="-86.890654">
        <time>2016-04-02T14:29:50Z</time>
      </trkpt>
      <trkpt lat="37.408097" lon="-86.889226">
        <time>2016-04-02T14:29:44Z</time>
      </trkpt>
      <trkpt lat="37.407261" lon="-86.886858">
        <time>2016-04-02T14:29:34Z</time>
      </trkpt>
      <trkpt lat="37.407108" lon="-86.885538">
        <time>2016-04-02T14:29:28Z</time>
      </trkpt>
      <trkpt lat="37.407277" lon="-86.884741">
        <time>2016-04-02T14:29:24Z</time>
      </trkpt>
      <trkpt lat="37.407324" lon="-86.884549">
        <time>2016-04-02T14:29:23Z</time>
      </trkpt>
      <trkpt lat="37.407624" lon="-86.883176">
        <time>2016-04-02T14:29:16Z</time>
      </trkpt>
      <trkpt lat="37.407751" lon="-86.882578">
        <time>2016-04-02T14:29:13Z</time>
      </trkpt>
      <trkpt lat="37.407912" lon="-86.881789">
        <time>2016-04-02T14:29:09Z</time>
      </trkpt>
      <trkpt lat="37.408067" lon="-86.880999">
        <time>2016-04-02T14:29:05Z</time>
      </trkpt>
      <trkpt lat="37.408250" lon="-86.879759">
        <time>2016-04-02T14:28:59Z</time>
      </trkpt>
      <trkpt lat="37.408182" lon="-86.878751">
        <time>2016-04-02T14:28:53Z</time>
      </trkpt>
      <trkpt lat="37.408242" lon="-86.878570">
        <time>2016-04-02T14:28:49Z</time>
      </trkpt>
      <trkpt lat="37.408334" lon="-86.878603">
        <time>2016-04-02T14:28:45Z</time>
      </trkpt>
      <trkpt lat="37.408993" lon="-86.878793">
        <time>2016-04-02T14:28:36Z</time>
      </trkpt>
      <trkpt lat="37.409159" lon="-86.878736">
        <time>2016-04-02T14:28:32Z</time>
      </trkpt>
      <trkpt lat="37.409192" lon="-86.878470">
        <time>2016-04-02T14:28:28Z</time>
      </trkpt>
      <trkpt lat="37.409265" lon="-86.877736">
        <time>2016-04-02T14:28:21Z</time>
      </trkpt>
      <trkpt lat="37.409349" lon="-86.877547">
        <time>2016-04-02T14:28:17Z</time>
      </trkpt>
      <trkpt lat="37.409778" lon="-86.877644">
        <time>2016-04-02T14:28:10Z</time>
      </trkpt>
      <trkpt lat="37.410695" lon="-86.877858">
        <time>2016-04-02T14:28:01Z</time>
      </trkpt>
      <trkpt lat="37.411122" lon="-86.877976">
        <time>2016-04-02T14:27:54Z</time>
      </trkpt>
      <trkpt lat="37.411522" lon="-86.878064">
        <time>2016-04-02T14:27:47Z</time>
      </trkpt>
      <trkpt lat="37.412538" lon="-86.878298">
        <time>2016-04-02T14:27:38Z</time>
      </trkpt>
      <trkpt lat="37.412842" lon="-86.878505">
        <time>2016-04-02T14:27:33Z</time>
      </trkpt>
      <trkpt lat="37.413100" lon="-86.878603">
        <time>2016-04-02T14:27:27Z</time>
      </trkpt>
      <trkpt lat="37.413771" lon="-86.878894">
        <time>2016-04-02T14:27:17Z</time>
      </trkpt>
      <trkpt lat="37.414184" lon="-86.879074">
        <time>2016-04-02T14:27:12Z</time>
      </trkpt>
      <trkpt lat="37.414986" lon="-86.879417">
        <time>2016-04-02T14:27:04Z</time>
      </trkpt>
      <trkpt lat="37.415233" lon="-86.879536">
        <time>2016-04-02T14:27:01Z</time>
      </trkpt>
      <trkpt lat="37.415445" lon="-86.879467">
        <time>2016-04-02T14:26:57Z</time>
      </trkpt>
      <trkpt lat="37.415534" lon="-86.879191">
        <time>2016-04-02T14:26:52Z</time>
      </trkpt>
      <trkpt lat="37.415599" lon="-86.878993">
        <time>2016-04-02T14:26:49Z</time>
      </trkpt>
    </trkseg>
  </trk>
  <trk>
    <name>SKRR Campbellsville KY to Celina TN - 197 miles</name>
    <cmt>SKRRCm</cmt>
    <desc>SKRRCm</desc>
    <number>3</number>
    <extensions>
      <gpxx:TrackExtension>
        <gpxx:DisplayColor>Yellow</gpxx:DisplayColor>
      </gpxx:TrackExtension>
    </extensions>
    <trkseg>
      <trkpt lat="37.338038" lon="-85.360393">
      </trkpt>
      <trkpt lat="37.337901" lon="-85.360436">
      </trkpt>
      <trkpt lat="37.319439" lon="-85.357389">
      </trkpt>
      <trkpt lat="37.306913" lon="-85.355114">
      </trkpt>
      <trkpt lat="37.303602" lon="-85.355372">
      </trkpt>
      <trkpt lat="37.300598" lon="-85.356016">
      </trkpt>
      <trkpt lat="37.296672" lon="-85.358762">
      </trkpt>
      <trkpt lat="37.286429" lon="-85.367002">
      </trkpt>
      <trkpt lat="37.284415" lon="-85.364813">
      </trkpt>
      <trkpt lat="37.284176" lon="-85.362453">
      </trkpt>
      <trkpt lat="37.277005" lon="-85.355715">
      </trkpt>
      <trkpt lat="37.279703" lon="-85.351810">
      </trkpt>
      <trkpt lat="37.277210" lon="-85.348634">
      </trkpt>
      <trkpt lat="37.276527" lon="-85.347046">
      </trkpt>
      <trkpt lat="37.273556" lon="-85.344729">
      </trkpt>
      <trkpt lat="37.273180" lon="-85.343613">
      </trkpt>
      <trkpt lat="37.270721" lon="-85.341553">
      </trkpt>
      <trkpt lat="37.266384" lon="-85.346617">
      </trkpt>
      <trkpt lat="37.262217" lon="-85.349321">
      </trkpt>
      <trkpt lat="37.258904" lon="-85.345888">
      </trkpt>
      <trkpt lat="37.257777" lon="-85.346231">
      </trkpt>
      <trkpt lat="37.252892" lon="-85.343613">
      </trkpt>
      <trkpt lat="37.250672" lon="-85.345416">
      </trkpt>
      <trkpt lat="37.249374" lon="-85.344901">
      </trkpt>
      <trkpt lat="37.248212" lon="-85.344901">
      </trkpt>
      <trkpt lat="37.247836" lon="-85.344128">
      </trkpt>
      <trkpt lat="37.248110" lon="-85.341682">
      </trkpt>
      <trkpt lat="37.239945" lon="-85.336403">
      </trkpt>
      <trkpt lat="37.238476" lon="-85.337090">
      </trkpt>
      <trkpt lat="37.235674" lon="-85.341081">
      </trkpt>
      <trkpt lat="37.233897" lon="-85.342926">
      </trkpt>
      <trkpt lat="37.232599" lon="-85.343356">
      </trkpt>
      <trkpt lat="37.231095" lon="-85.343613">
      </trkpt>
      <trkpt lat="37.223817" lon="-85.345544">
      </trkpt>
      <trkpt lat="37.220024" lon="-85.346059">
      </trkpt>
      <trkpt lat="37.217153" lon="-85.345373">
      </trkpt>
      <trkpt lat="37.213838" lon="-85.343871">
      </trkpt>
      <trkpt lat="37.210557" lon="-85.351681">
      </trkpt>
      <trkpt lat="37.211719" lon="-85.354385">
      </trkpt>
      <trkpt lat="37.213496" lon="-85.366444">
      </trkpt>
      <trkpt lat="37.212095" lon="-85.371422">
      </trkpt>
      <trkpt lat="37.210420" lon="-85.375671">
      </trkpt>
      <trkpt lat="37.210352" lon="-85.377688">
      </trkpt>
      <trkpt lat="37.209839" lon="-85.379576">
      </trkpt>
      <trkpt lat="37.208540" lon="-85.382409">
      </trkpt>
      <trkpt lat="37.208335" lon="-85.383396">
      </trkpt>
      <trkpt lat="37.208814" lon="-85.385584">
      </trkpt>
      <trkpt lat="37.209737" lon="-85.386528">
      </trkpt>
      <trkpt lat="37.208882" lon="-85.390133">
      </trkpt>
      <trkpt lat="37.209497" lon="-85.391936">
      </trkpt>
      <trkpt lat="37.209668" lon="-85.395927">
      </trkpt>
      <trkpt lat="37.208745" lon="-85.397300">
      </trkpt>
      <trkpt lat="37.207754" lon="-85.401034">
      </trkpt>
      <trkpt lat="37.208164" lon="-85.404038">
      </trkpt>
      <trkpt lat="37.209121" lon="-85.405240">
      </trkpt>
      <trkpt lat="37.209771" lon="-85.408244">
      </trkpt>
      <trkpt lat="37.209771" lon="-85.410475">
      </trkpt>
      <trkpt lat="37.210113" lon="-85.411806">
      </trkpt>
      <trkpt lat="37.209805" lon="-85.412793">
      </trkpt>
      <trkpt lat="37.210899" lon="-85.417428">
      </trkpt>
      <trkpt lat="37.211138" lon="-85.420131">
      </trkpt>
      <trkpt lat="37.212437" lon="-85.421934">
      </trkpt>
      <trkpt lat="37.213428" lon="-85.422277">
      </trkpt>
      <trkpt lat="37.215376" lon="-85.425238">
      </trkpt>
      <trkpt lat="37.215513" lon="-85.426869">
      </trkpt>
      <trkpt lat="37.215205" lon="-85.427641">
      </trkpt>
      <trkpt lat="37.211377" lon="-85.431332">
      </trkpt>
      <trkpt lat="37.210318" lon="-85.435280">
      </trkpt>
      <trkpt lat="37.212232" lon="-85.436439">
      </trkpt>
      <trkpt lat="37.213086" lon="-85.437040">
      </trkpt>
      <trkpt lat="37.215273" lon="-85.437426">
      </trkpt>
      <trkpt lat="37.216914" lon="-85.440387">
      </trkpt>
      <trkpt lat="37.218691" lon="-85.440645">
      </trkpt>
      <trkpt lat="37.221015" lon="-85.438241">
      </trkpt>
      <trkpt lat="37.226824" lon="-85.438585">
      </trkpt>
      <trkpt lat="37.227815" lon="-85.441203">
      </trkpt>
      <trkpt lat="37.229216" lon="-85.441975">
      </trkpt>
      <trkpt lat="37.231300" lon="-85.438628">
      </trkpt>
      <trkpt lat="37.232735" lon="-85.434551">
      </trkpt>
      <trkpt lat="37.232360" lon="-85.432963">
      </trkpt>
      <trkpt lat="37.232667" lon="-85.431976">
      </trkpt>
      <trkpt lat="37.232462" lon="-85.430731">
      </trkpt>
      <trkpt lat="37.232872" lon="-85.429315">
      </trkpt>
      <trkpt lat="37.233726" lon="-85.428972">
      </trkpt>
      <trkpt lat="37.234444" lon="-85.425796">
      </trkpt>
      <trkpt lat="37.235503" lon="-85.424122">
      </trkpt>
      <trkpt lat="37.242575" lon="-85.423908">
      </trkpt>
      <trkpt lat="37.250467" lon="-85.421676">
      </trkpt>
      <trkpt lat="37.261056" lon="-85.418028">
      </trkpt>
      <trkpt lat="37.262525" lon="-85.418286">
      </trkpt>
      <trkpt lat="37.262251" lon="-85.420131">
      </trkpt>
      <trkpt lat="37.262695" lon="-85.422019">
      </trkpt>
      <trkpt lat="37.263686" lon="-85.427641">
      </trkpt>
      <trkpt lat="37.262115" lon="-85.429873">
      </trkpt>
      <trkpt lat="37.262012" lon="-85.430946">
      </trkpt>
      <trkpt lat="37.268638" lon="-85.434122">
      </trkpt>
      <trkpt lat="37.270516" lon="-85.433950">
      </trkpt>
      <trkpt lat="37.278029" lon="-85.438156">
      </trkpt>
      <trkpt lat="37.279668" lon="-85.439701">
      </trkpt>
      <trkpt lat="37.280351" lon="-85.439400">
      </trkpt>
      <trkpt lat="37.282400" lon="-85.435924">
      </trkpt>
      <trkpt lat="37.284756" lon="-85.436310">
      </trkpt>
      <trkpt lat="37.287385" lon="-85.434508">
      </trkpt>
      <trkpt lat="37.289366" lon="-85.434250">
      </trkpt>
      <trkpt lat="37.291073" lon="-85.435924">
      </trkpt>
      <trkpt lat="37.303943" lon="-85.438928">
      </trkpt>
      <trkpt lat="37.302748" lon="-85.442705">
      </trkpt>
      <trkpt lat="37.303226" lon="-85.443348">
      </trkpt>
      <trkpt lat="37.301383" lon="-85.446739">
      </trkpt>
      <trkpt lat="37.294555" lon="-85.466051">
      </trkpt>
      <trkpt lat="37.292199" lon="-85.472531">
      </trkpt>
      <trkpt lat="37.290219" lon="-85.476565">
      </trkpt>
      <trkpt lat="37.288649" lon="-85.478968">
      </trkpt>
      <trkpt lat="37.288307" lon="-85.478711">
      </trkpt>
      <trkpt lat="37.280932" lon="-85.481758">
      </trkpt>
      <trkpt lat="37.279839" lon="-85.481457">
      </trkpt>
      <trkpt lat="37.275946" lon="-85.483946">
      </trkpt>
      <trkpt lat="37.274375" lon="-85.483345">
      </trkpt>
      <trkpt lat="37.273419" lon="-85.484290">
      </trkpt>
      <trkpt lat="37.273488" lon="-85.487594">
      </trkpt>
      <trkpt lat="37.272839" lon="-85.492014">
      </trkpt>
      <trkpt lat="37.271404" lon="-85.492959">
      </trkpt>
      <trkpt lat="37.270721" lon="-85.492916">
      </trkpt>
      <trkpt lat="37.269492" lon="-85.494074">
      </trkpt>
      <trkpt lat="37.271210" lon="-85.496091">
        <time>2020-01-13T16:36:09Z</time>
      </trkpt>
      <trkpt lat="37.262057" lon="-85.500640">
      </trkpt>
      <trkpt lat="37.262054" lon="-85.500825">
      </trkpt>
      <trkpt lat="37.262035" lon="-85.500791">
      </trkpt>
      <trkpt lat="37.258210" lon="-85.503022">
      </trkpt>
      <trkpt lat="37.242769" lon="-85.498559">
      </trkpt>
      <trkpt lat="37.228829" lon="-85.503194">
      </trkpt>
      <trkpt lat="37.228419" lon="-85.506799">
      </trkpt>
      <trkpt lat="37.223772" lon="-85.507657">
      </trkpt>
      <trkpt lat="37.221721" lon="-85.509374">
      </trkpt>
      <trkpt lat="37.220764" lon="-85.508344">
      </trkpt>
      <trkpt lat="37.218987" lon="-85.509030">
      </trkpt>
      <trkpt lat="37.218030" lon="-85.507657">
      </trkpt>
      <trkpt lat="37.218030" lon="-85.504052">
      </trkpt>
      <trkpt lat="37.214339" lon="-85.498731">
      </trkpt>
      <trkpt lat="37.214203" lon="-85.495984">
      </trkpt>
      <trkpt lat="37.210511" lon="-85.491178">
      </trkpt>
      <trkpt lat="37.205043" lon="-85.489289">
      </trkpt>
      <trkpt lat="37.203265" lon="-85.487058">
      </trkpt>
      <trkpt lat="37.203402" lon="-85.484826">
      </trkpt>
      <trkpt lat="37.205316" lon="-85.483453">
      </trkpt>
      <trkpt lat="37.206547" lon="-85.481050">
      </trkpt>
      <trkpt lat="37.206410" lon="-85.477616">
      </trkpt>
      <trkpt lat="37.209418" lon="-85.473668">
      </trkpt>
      <trkpt lat="37.207367" lon="-85.468175">
      </trkpt>
      <trkpt lat="37.205043" lon="-85.465772">
      </trkpt>
      <trkpt lat="37.204633" lon="-85.461823">
      </trkpt>
      <trkpt lat="37.203539" lon="-85.458047">
      </trkpt>
      <trkpt lat="37.203539" lon="-85.455472">
      </trkpt>
      <trkpt lat="37.197522" lon="-85.451009">
      </trkpt>
      <trkpt lat="37.194651" lon="-85.451695">
      </trkpt>
      <trkpt lat="37.191506" lon="-85.451867">
      </trkpt>
      <trkpt lat="37.189728" lon="-85.450494">
      </trkpt>
      <trkpt lat="37.187813" lon="-85.450837">
      </trkpt>
      <trkpt lat="37.186446" lon="-85.452897">
      </trkpt>
      <trkpt lat="37.187540" lon="-85.455300">
      </trkpt>
      <trkpt lat="37.186583" lon="-85.457360">
      </trkpt>
      <trkpt lat="37.186856" lon="-85.460622">
      </trkpt>
      <trkpt lat="37.182070" lon="-85.462338">
      </trkpt>
      <trkpt lat="37.180839" lon="-85.466630">
      </trkpt>
      <trkpt lat="37.179744" lon="-85.467317">
      </trkpt>
      <trkpt lat="37.179197" lon="-85.469377">
      </trkpt>
      <trkpt lat="37.174137" lon="-85.467660">
      </trkpt>
      <trkpt lat="37.171127" lon="-85.470922">
      </trkpt>
      <trkpt lat="37.168255" lon="-85.471436">
      </trkpt>
      <trkpt lat="37.167981" lon="-85.467145">
      </trkpt>
      <trkpt lat="37.166750" lon="-85.463540">
      </trkpt>
      <trkpt lat="37.163330" lon="-85.461995">
      </trkpt>
      <trkpt lat="37.161141" lon="-85.463197">
      </trkpt>
      <trkpt lat="37.158269" lon="-85.473840">
      </trkpt>
      <trkpt lat="37.156216" lon="-85.474870">
      </trkpt>
      <trkpt lat="37.155532" lon="-85.479676">
      </trkpt>
      <trkpt lat="37.151291" lon="-85.482594">
      </trkpt>
      <trkpt lat="37.149512" lon="-85.487916">
      </trkpt>
      <trkpt lat="37.146228" lon="-85.488603">
      </trkpt>
      <trkpt lat="37.145544" lon="-85.491521">
      </trkpt>
      <trkpt lat="37.139523" lon="-85.494954">
      </trkpt>
      <trkpt lat="37.138702" lon="-85.498044">
      </trkpt>
      <trkpt lat="37.137060" lon="-85.498216">
      </trkpt>
      <trkpt lat="37.140071" lon="-85.501134">
      </trkpt>
      <trkpt lat="37.142808" lon="-85.499417">
      </trkpt>
      <trkpt lat="37.144723" lon="-85.502679">
      </trkpt>
      <trkpt lat="37.147049" lon="-85.503537">
      </trkpt>
      <trkpt lat="37.146092" lon="-85.508687">
      </trkpt>
      <trkpt lat="37.146639" lon="-85.512807">
      </trkpt>
      <trkpt lat="37.145818" lon="-85.514695">
      </trkpt>
      <trkpt lat="37.150607" lon="-85.523107">
      </trkpt>
      <trkpt lat="37.149512" lon="-85.525338">
      </trkpt>
      <trkpt lat="37.151017" lon="-85.532548">
      </trkpt>
      <trkpt lat="37.152796" lon="-85.533235">
      </trkpt>
      <trkpt lat="37.153754" lon="-85.534436">
      </trkpt>
      <trkpt lat="37.150607" lon="-85.537698">
      </trkpt>
      <trkpt lat="37.144723" lon="-85.537698">
      </trkpt>
      <trkpt lat="37.143081" lon="-85.536153">
      </trkpt>
      <trkpt lat="37.138429" lon="-85.537183">
      </trkpt>
      <trkpt lat="37.135007" lon="-85.534608">
      </trkpt>
      <trkpt lat="37.132955" lon="-85.532033">
      </trkpt>
      <trkpt lat="37.130148" lon="-85.533750">
      </trkpt>
      <trkpt lat="37.129498" lon="-85.535209">
      </trkpt>
      <trkpt lat="37.124502" lon="-85.534951">
      </trkpt>
      <trkpt lat="37.122175" lon="-85.535938">
      </trkpt>
      <trkpt lat="37.120020" lon="-85.534565">
      </trkpt>
      <trkpt lat="37.119267" lon="-85.533664">
      </trkpt>
      <trkpt lat="37.116837" lon="-85.533707">
      </trkpt>
      <trkpt lat="37.115845" lon="-85.534608">
      </trkpt>
      <trkpt lat="37.114544" lon="-85.534865">
      </trkpt>
      <trkpt lat="37.114544" lon="-85.535595">
      </trkpt>
      <trkpt lat="37.114065" lon="-85.536153">
      </trkpt>
      <trkpt lat="37.113928" lon="-85.537097">
      </trkpt>
      <trkpt lat="37.112799" lon="-85.538084">
      </trkpt>
      <trkpt lat="37.112046" lon="-85.539801">
      </trkpt>
      <trkpt lat="37.111019" lon="-85.540359">
      </trkpt>
      <trkpt lat="37.110814" lon="-85.541174">
      </trkpt>
      <trkpt lat="37.112320" lon="-85.542933">
      </trkpt>
      <trkpt lat="37.111670" lon="-85.543749">
      </trkpt>
      <trkpt lat="37.111430" lon="-85.547182">
      </trkpt>
      <trkpt lat="37.112217" lon="-85.547397">
      </trkpt>
      <trkpt lat="37.114613" lon="-85.549027">
      </trkpt>
      <trkpt lat="37.116153" lon="-85.552117">
      </trkpt>
      <trkpt lat="37.116118" lon="-85.554950">
      </trkpt>
      <trkpt lat="37.116769" lon="-85.555593">
      </trkpt>
      <trkpt lat="37.116837" lon="-85.556795">
      </trkpt>
      <trkpt lat="37.118240" lon="-85.558125">
      </trkpt>
      <trkpt lat="37.119540" lon="-85.558083">
      </trkpt>
      <trkpt lat="37.120807" lon="-85.558941">
      </trkpt>
      <trkpt lat="37.121867" lon="-85.561258">
      </trkpt>
      <trkpt lat="37.124331" lon="-85.560829">
      </trkpt>
      <trkpt lat="37.125529" lon="-85.562503">
      </trkpt>
      <trkpt lat="37.126453" lon="-85.562503">
      </trkpt>
      <trkpt lat="37.126521" lon="-85.563833">
      </trkpt>
      <trkpt lat="37.127547" lon="-85.564348">
      </trkpt>
      <trkpt lat="37.130353" lon="-85.567739">
      </trkpt>
      <trkpt lat="37.131687" lon="-85.567739">
      </trkpt>
      <trkpt lat="37.133672" lon="-85.570700">
      </trkpt>
      <trkpt lat="37.135109" lon="-85.570528">
      </trkpt>
      <trkpt lat="37.135725" lon="-85.571386">
      </trkpt>
      <trkpt lat="37.136785" lon="-85.571815">
      </trkpt>
      <trkpt lat="37.136135" lon="-85.572373">
      </trkpt>
      <trkpt lat="37.132372" lon="-85.578167">
      </trkpt>
      <trkpt lat="37.128985" lon="-85.580613">
      </trkpt>
      <trkpt lat="37.124913" lon="-85.582029">
      </trkpt>
      <trkpt lat="37.122415" lon="-85.583789">
      </trkpt>
      <trkpt lat="37.117521" lon="-85.590827">
      </trkpt>
      <trkpt lat="37.114955" lon="-85.590956">
      </trkpt>
      <trkpt lat="37.111704" lon="-85.589668">
      </trkpt>
      <trkpt lat="37.110677" lon="-85.589969">
      </trkpt>
      <trkpt lat="37.107597" lon="-85.593230">
      </trkpt>
      <trkpt lat="37.105783" lon="-85.593616">
      </trkpt>
      <trkpt lat="37.104859" lon="-85.594646">
      </trkpt>
      <trkpt lat="37.103969" lon="-85.597264">
      </trkpt>
      <trkpt lat="37.102326" lon="-85.598723">
      </trkpt>
      <trkpt lat="37.102226" lon="-85.598638">
      </trkpt>
      <trkpt lat="37.099248" lon="-85.597608">
      </trkpt>
      <trkpt lat="37.097057" lon="-85.597436">
      </trkpt>
      <trkpt lat="37.097126" lon="-85.596063">
      </trkpt>
      <trkpt lat="37.094969" lon="-85.594089">
      </trkpt>
      <trkpt lat="37.093668" lon="-85.591599">
      </trkpt>
      <trkpt lat="37.094764" lon="-85.584433">
      </trkpt>
      <trkpt lat="37.094490" lon="-85.582244">
      </trkpt>
      <trkpt lat="37.097057" lon="-85.577266">
      </trkpt>
      <trkpt lat="37.097365" lon="-85.575764">
      </trkpt>
      <trkpt lat="37.098598" lon="-85.574691">
      </trkpt>
      <trkpt lat="37.098084" lon="-85.573189">
      </trkpt>
      <trkpt lat="37.099111" lon="-85.570871">
      </trkpt>
      <trkpt lat="37.099830" lon="-85.569841">
      </trkpt>
      <trkpt lat="37.099693" lon="-85.568296">
      </trkpt>
      <trkpt lat="37.099351" lon="-85.567953">
      </trkpt>
      <trkpt lat="37.100172" lon="-85.564348">
      </trkpt>
      <trkpt lat="37.099522" lon="-85.562717">
      </trkpt>
      <trkpt lat="37.099556" lon="-85.559885">
      </trkpt>
      <trkpt lat="37.098118" lon="-85.555293">
      </trkpt>
      <trkpt lat="37.099282" lon="-85.552160">
      </trkpt>
      <trkpt lat="37.099145" lon="-85.549585">
      </trkpt>
      <trkpt lat="37.100343" lon="-85.548470">
      </trkpt>
      <trkpt lat="37.099864" lon="-85.543062">
      </trkpt>
      <trkpt lat="37.100857" lon="-85.541303">
      </trkpt>
      <trkpt lat="37.100617" lon="-85.540015">
      </trkpt>
      <trkpt lat="37.101199" lon="-85.536282">
      </trkpt>
      <trkpt lat="37.100720" lon="-85.534994">
      </trkpt>
      <trkpt lat="37.100994" lon="-85.532977">
      </trkpt>
      <trkpt lat="37.099727" lon="-85.531990">
      </trkpt>
      <trkpt lat="37.098255" lon="-85.527784">
      </trkpt>
      <trkpt lat="37.098255" lon="-85.526583">
      </trkpt>
      <trkpt lat="37.094593" lon="-85.521090">
      </trkpt>
      <trkpt lat="37.094627" lon="-85.519845">
      </trkpt>
      <trkpt lat="37.092915" lon="-85.518643">
      </trkpt>
      <trkpt lat="37.091306" lon="-85.515811">
      </trkpt>
      <trkpt lat="37.092231" lon="-85.514051">
      </trkpt>
      <trkpt lat="37.093737" lon="-85.513794">
      </trkpt>
      <trkpt lat="37.094593" lon="-85.512635">
      </trkpt>
      <trkpt lat="37.094969" lon="-85.510146">
      </trkpt>
      <trkpt lat="37.094250" lon="-85.509073">
      </trkpt>
      <trkpt lat="37.094353" lon="-85.507271">
      </trkpt>
      <trkpt lat="37.095962" lon="-85.505940">
      </trkpt>
      <trkpt lat="37.096065" lon="-85.504653">
      </trkpt>
      <trkpt lat="37.096030" lon="-85.503323">
      </trkpt>
      <trkpt lat="37.096612" lon="-85.500662">
      </trkpt>
      <trkpt lat="37.094113" lon="-85.499975">
      </trkpt>
      <trkpt lat="37.092607" lon="-85.497400">
      </trkpt>
      <trkpt lat="37.091033" lon="-85.497701">
      </trkpt>
      <trkpt lat="37.088876" lon="-85.495641">
      </trkpt>
      <trkpt lat="37.084323" lon="-85.497958">
      </trkpt>
      <trkpt lat="37.081892" lon="-85.497486">
      </trkpt>
      <trkpt lat="37.080077" lon="-85.498473">
      </trkpt>
      <trkpt lat="37.078537" lon="-85.498301">
      </trkpt>
      <trkpt lat="37.077236" lon="-85.500147">
      </trkpt>
      <trkpt lat="37.073675" lon="-85.499932">
      </trkpt>
      <trkpt lat="37.072647" lon="-85.497615">
      </trkpt>
      <trkpt lat="37.069840" lon="-85.498516">
      </trkpt>
      <trkpt lat="37.067854" lon="-85.497744">
      </trkpt>
      <trkpt lat="37.066723" lon="-85.498001">
      </trkpt>
      <trkpt lat="37.064361" lon="-85.497314">
      </trkpt>
      <trkpt lat="37.062854" lon="-85.498387">
      </trkpt>
      <trkpt lat="37.061518" lon="-85.497615">
      </trkpt>
      <trkpt lat="37.060696" lon="-85.495555">
      </trkpt>
      <trkpt lat="37.059327" lon="-85.495383">
      </trkpt>
      <trkpt lat="37.057648" lon="-85.491263">
      </trkpt>
      <trkpt lat="37.057648" lon="-85.489547">
      </trkpt>
      <trkpt lat="37.057100" lon="-85.487830">
      </trkpt>
      <trkpt lat="37.057443" lon="-85.487186">
      </trkpt>
      <trkpt lat="37.056689" lon="-85.486586">
      </trkpt>
      <trkpt lat="37.056689" lon="-85.484912">
      </trkpt>
      <trkpt lat="37.055525" lon="-85.483367">
      </trkpt>
      <trkpt lat="37.055183" lon="-85.480749">
      </trkpt>
      <trkpt lat="37.054155" lon="-85.479676">
      </trkpt>
      <trkpt lat="37.053093" lon="-85.479762">
      </trkpt>
      <trkpt lat="37.051484" lon="-85.478904">
      </trkpt>
      <trkpt lat="37.050627" lon="-85.475385">
      </trkpt>
      <trkpt lat="37.048264" lon="-85.477530">
      </trkpt>
      <trkpt lat="37.046517" lon="-85.476500">
      </trkpt>
      <trkpt lat="37.045764" lon="-85.474827">
      </trkpt>
      <trkpt lat="37.044873" lon="-85.474054">
      </trkpt>
      <trkpt lat="37.043914" lon="-85.474269">
      </trkpt>
      <trkpt lat="37.042338" lon="-85.473582">
      </trkpt>
      <trkpt lat="37.040523" lon="-85.471737">
      </trkpt>
      <trkpt lat="37.039358" lon="-85.471179">
      </trkpt>
      <trkpt lat="37.038227" lon="-85.471565">
      </trkpt>
      <trkpt lat="37.037200" lon="-85.472381">
      </trkpt>
      <trkpt lat="37.036754" lon="-85.471780">
      </trkpt>
      <trkpt lat="37.036343" lon="-85.471909">
      </trkpt>
      <trkpt lat="37.031821" lon="-85.471265">
      </trkpt>
      <trkpt lat="37.031753" lon="-85.470449">
      </trkpt>
      <trkpt lat="37.030862" lon="-85.467488">
      </trkpt>
      <trkpt lat="37.030656" lon="-85.464699">
      </trkpt>
      <trkpt lat="37.029766" lon="-85.461952">
      </trkpt>
      <trkpt lat="37.029903" lon="-85.460708">
      </trkpt>
      <trkpt lat="37.029355" lon="-85.459549">
      </trkpt>
      <trkpt lat="37.029423" lon="-85.453712">
      </trkpt>
      <trkpt lat="37.027779" lon="-85.452468">
      </trkpt>
      <trkpt lat="37.025997" lon="-85.452167">
      </trkpt>
      <trkpt lat="37.024010" lon="-85.449206">
      </trkpt>
      <trkpt lat="37.023119" lon="-85.449593">
      </trkpt>
      <trkpt lat="37.022057" lon="-85.452210">
      </trkpt>
      <trkpt lat="37.020035" lon="-85.453240">
      </trkpt>
      <trkpt lat="37.017637" lon="-85.454356">
      </trkpt>
      <trkpt lat="37.015821" lon="-85.454957">
      </trkpt>
      <trkpt lat="37.015307" lon="-85.456802">
      </trkpt>
      <trkpt lat="37.014244" lon="-85.458648">
      </trkpt>
      <trkpt lat="37.013285" lon="-85.458905">
      </trkpt>
      <trkpt lat="37.013011" lon="-85.460278">
      </trkpt>
      <trkpt lat="37.012120" lon="-85.461695">
      </trkpt>
      <trkpt lat="37.013182" lon="-85.465815">
      </trkpt>
      <trkpt lat="37.013079" lon="-85.467231">
      </trkpt>
      <trkpt lat="37.012223" lon="-85.468046">
      </trkpt>
      <trkpt lat="37.010578" lon="-85.470020">
      </trkpt>
      <trkpt lat="37.010475" lon="-85.471565">
      </trkpt>
      <trkpt lat="37.009584" lon="-85.474097">
      </trkpt>
      <trkpt lat="37.009618" lon="-85.475771">
      </trkpt>
      <trkpt lat="37.010098" lon="-85.476758">
      </trkpt>
      <trkpt lat="37.009515" lon="-85.480921">
      </trkpt>
      <trkpt lat="37.010064" lon="-85.481092">
      </trkpt>
      <trkpt lat="37.009618" lon="-85.483710">
      </trkpt>
      <trkpt lat="37.008830" lon="-85.483667">
      </trkpt>
      <trkpt lat="37.008213" lon="-85.485427">
      </trkpt>
      <trkpt lat="37.005026" lon="-85.483624">
      </trkpt>
      <trkpt lat="37.001907" lon="-85.482938">
      </trkpt>
      <trkpt lat="36.997486" lon="-85.480663">
      </trkpt>
      <trkpt lat="36.997212" lon="-85.479247">
      </trkpt>
      <trkpt lat="36.997966" lon="-85.477359">
      </trkpt>
      <trkpt lat="36.996218" lon="-85.474269">
      </trkpt>
      <trkpt lat="36.995155" lon="-85.471522">
      </trkpt>
      <trkpt lat="36.995429" lon="-85.470492">
      </trkpt>
      <trkpt lat="36.995018" lon="-85.469763">
      </trkpt>
      <trkpt lat="36.994881" lon="-85.467016">
      </trkpt>
      <trkpt lat="36.993750" lon="-85.465128">
      </trkpt>
      <trkpt lat="36.994024" lon="-85.463712">
      </trkpt>
      <trkpt lat="36.991487" lon="-85.461394">
      </trkpt>
      <trkpt lat="36.991042" lon="-85.459206">
      </trkpt>
      <trkpt lat="36.986620" lon="-85.454528">
      </trkpt>
      <trkpt lat="36.984255" lon="-85.453884">
      </trkpt>
      <trkpt lat="36.982369" lon="-85.454227">
      </trkpt>
      <trkpt lat="36.981923" lon="-85.454742">
      </trkpt>
      <trkpt lat="36.978529" lon="-85.455901">
      </trkpt>
      <trkpt lat="36.979284" lon="-85.457446">
      </trkpt>
      <trkpt lat="36.978769" lon="-85.458819">
      </trkpt>
      <trkpt lat="36.978804" lon="-85.460622">
      </trkpt>
      <trkpt lat="36.978564" lon="-85.462639">
      </trkpt>
      <trkpt lat="36.978872" lon="-85.463283">
      </trkpt>
      <trkpt lat="36.979969" lon="-85.463111">
      </trkpt>
      <trkpt lat="36.982163" lon="-85.465042">
      </trkpt>
      <trkpt lat="36.983295" lon="-85.467875">
      </trkpt>
      <trkpt lat="36.983638" lon="-85.469334">
      </trkpt>
      <trkpt lat="36.983020" lon="-85.471351">
      </trkpt>
      <trkpt lat="36.982780" lon="-85.473840">
      </trkpt>
      <trkpt lat="36.983466" lon="-85.474870">
      </trkpt>
      <trkpt lat="36.983569" lon="-85.476329">
      </trkpt>
      <trkpt lat="36.982712" lon="-85.478518">
      </trkpt>
      <trkpt lat="36.982986" lon="-85.480020">
      </trkpt>
      <trkpt lat="36.982506" lon="-85.481178">
      </trkpt>
      <trkpt lat="36.982780" lon="-85.484097">
      </trkpt>
      <trkpt lat="36.982540" lon="-85.484654">
      </trkpt>
      <trkpt lat="36.981992" lon="-85.484569">
      </trkpt>
      <trkpt lat="36.979455" lon="-85.484654">
      </trkpt>
      <trkpt lat="36.978872" lon="-85.485255">
      </trkpt>
      <trkpt lat="36.976850" lon="-85.486199">
      </trkpt>
      <trkpt lat="36.975204" lon="-85.485341">
      </trkpt>
      <trkpt lat="36.974861" lon="-85.486671">
      </trkpt>
      <trkpt lat="36.973387" lon="-85.486371">
      </trkpt>
      <trkpt lat="36.971775" lon="-85.484397">
      </trkpt>
      <trkpt lat="36.970575" lon="-85.484011">
      </trkpt>
      <trkpt lat="36.970232" lon="-85.484912">
      </trkpt>
      <trkpt lat="36.970507" lon="-85.486929">
      </trkpt>
      <trkpt lat="36.969341" lon="-85.490791">
      </trkpt>
      <trkpt lat="36.969478" lon="-85.492851">
      </trkpt>
      <trkpt lat="36.968758" lon="-85.493881">
      </trkpt>
      <trkpt lat="36.969067" lon="-85.495598">
      </trkpt>
      <trkpt lat="36.970404" lon="-85.497229">
      </trkpt>
      <trkpt lat="36.971192" lon="-85.497400">
      </trkpt>
      <trkpt lat="36.973490" lon="-85.499889">
      </trkpt>
      <trkpt lat="36.976575" lon="-85.502378">
      </trkpt>
      <trkpt lat="36.978495" lon="-85.505983">
      </trkpt>
      <trkpt lat="36.978598" lon="-85.506885">
      </trkpt>
      <trkpt lat="36.979387" lon="-85.508730">
      </trkpt>
      <trkpt lat="36.981066" lon="-85.509674">
      </trkpt>
      <trkpt lat="36.982575" lon="-85.512034">
      </trkpt>
      <trkpt lat="36.983158" lon="-85.514481">
      </trkpt>
      <trkpt lat="36.984837" lon="-85.514781">
      </trkpt>
      <trkpt lat="36.986071" lon="-85.516583">
      </trkpt>
      <trkpt lat="36.986928" lon="-85.516927">
      </trkpt>
      <trkpt lat="36.986894" lon="-85.520403">
      </trkpt>
      <trkpt lat="36.984940" lon="-85.524051">
      </trkpt>
      <trkpt lat="36.984152" lon="-85.524094">
      </trkpt>
      <trkpt lat="36.982952" lon="-85.525338">
      </trkpt>
      <trkpt lat="36.983055" lon="-85.526154">
      </trkpt>
      <trkpt lat="36.981992" lon="-85.527269">
      </trkpt>
      <trkpt lat="36.982815" lon="-85.530917">
      </trkpt>
      <trkpt lat="36.980346" lon="-85.532505">
      </trkpt>
      <trkpt lat="36.979524" lon="-85.533835">
      </trkpt>
      <trkpt lat="36.977295" lon="-85.535252">
      </trkpt>
      <trkpt lat="36.973421" lon="-85.536282">
      </trkpt>
      <trkpt lat="36.971158" lon="-85.538470">
      </trkpt>
      <trkpt lat="36.969650" lon="-85.535681">
      </trkpt>
      <trkpt lat="36.966769" lon="-85.536324">
      </trkpt>
      <trkpt lat="36.964095" lon="-85.538084">
      </trkpt>
      <trkpt lat="36.962346" lon="-85.538256">
      </trkpt>
      <trkpt lat="36.957888" lon="-85.535337">
      </trkpt>
      <trkpt lat="36.953190" lon="-85.532376">
      </trkpt>
      <trkpt lat="36.951612" lon="-85.531647">
      </trkpt>
      <trkpt lat="36.950515" lon="-85.529415">
      </trkpt>
      <trkpt lat="36.947805" lon="-85.526969">
      </trkpt>
      <trkpt lat="36.946056" lon="-85.523021">
      </trkpt>
      <trkpt lat="36.946228" lon="-85.520017">
      </trkpt>
      <trkpt lat="36.941975" lon="-85.508773">
      </trkpt>
      <trkpt lat="36.942387" lon="-85.506498">
      </trkpt>
      <trkpt lat="36.944033" lon="-85.503022">
      </trkpt>
      <trkpt lat="36.945371" lon="-85.500490">
      </trkpt>
      <trkpt lat="36.945508" lon="-85.498001">
      </trkpt>
      <trkpt lat="36.944993" lon="-85.496070">
      </trkpt>
      <trkpt lat="36.944239" lon="-85.494697">
      </trkpt>
      <trkpt lat="36.942558" lon="-85.491049">
      </trkpt>
      <trkpt lat="36.938785" lon="-85.489246">
      </trkpt>
      <trkpt lat="36.937413" lon="-85.484054">
      </trkpt>
      <trkpt lat="36.938785" lon="-85.482594">
      </trkpt>
      <trkpt lat="36.938991" lon="-85.481693">
      </trkpt>
      <trkpt lat="36.937379" lon="-85.480062">
      </trkpt>
      <trkpt lat="36.937619" lon="-85.478689">
      </trkpt>
      <trkpt lat="36.937207" lon="-85.477874">
      </trkpt>
      <trkpt lat="36.937070" lon="-85.476672">
      </trkpt>
      <trkpt lat="36.937585" lon="-85.474140">
      </trkpt>
      <trkpt lat="36.936418" lon="-85.474226">
      </trkpt>
      <trkpt lat="36.934772" lon="-85.475599">
      </trkpt>
      <trkpt lat="36.934086" lon="-85.477402">
      </trkpt>
      <trkpt lat="36.932851" lon="-85.478475">
      </trkpt>
      <trkpt lat="36.931890" lon="-85.478131">
      </trkpt>
      <trkpt lat="36.931033" lon="-85.479118">
      </trkpt>
      <trkpt lat="36.929901" lon="-85.479333">
      </trkpt>
      <trkpt lat="36.929317" lon="-85.480878">
      </trkpt>
      <trkpt lat="36.928906" lon="-85.482037">
      </trkpt>
      <trkpt lat="36.928014" lon="-85.482208">
      </trkpt>
      <trkpt lat="36.927465" lon="-85.481779">
      </trkpt>
      <trkpt lat="36.925235" lon="-85.482938">
      </trkpt>
      <trkpt lat="36.924755" lon="-85.483667">
      </trkpt>
      <trkpt lat="36.923211" lon="-85.484268">
      </trkpt>
      <trkpt lat="36.922113" lon="-85.484268">
      </trkpt>
      <trkpt lat="36.922010" lon="-85.485084">
      </trkpt>
      <trkpt lat="36.921221" lon="-85.485856">
      </trkpt>
      <trkpt lat="36.920843" lon="-85.486929">
      </trkpt>
      <trkpt lat="36.921221" lon="-85.487616">
      </trkpt>
      <trkpt lat="36.919162" lon="-85.491435">
      </trkpt>
      <trkpt lat="36.918854" lon="-85.492851">
      </trkpt>
      <trkpt lat="36.918236" lon="-85.492980">
      </trkpt>
      <trkpt lat="36.917790" lon="-85.492680">
      </trkpt>
      <trkpt lat="36.916177" lon="-85.494182">
      </trkpt>
      <trkpt lat="36.915251" lon="-85.493838">
      </trkpt>
      <trkpt lat="36.914119" lon="-85.494010">
      </trkpt>
      <trkpt lat="36.913535" lon="-85.493237">
      </trkpt>
      <trkpt lat="36.911168" lon="-85.493752">
      </trkpt>
      <trkpt lat="36.910825" lon="-85.493581">
      </trkpt>
      <trkpt lat="36.909829" lon="-85.494139">
      </trkpt>
      <trkpt lat="36.909418" lon="-85.494611">
      </trkpt>
      <trkpt lat="36.907873" lon="-85.494096">
      </trkpt>
      <trkpt lat="36.906707" lon="-85.494740">
      </trkpt>
      <trkpt lat="36.905609" lon="-85.491435">
      </trkpt>
      <trkpt lat="36.904579" lon="-85.491435">
      </trkpt>
      <trkpt lat="36.902966" lon="-85.490190">
      </trkpt>
      <trkpt lat="36.903515" lon="-85.489032">
      </trkpt>
      <trkpt lat="36.902314" lon="-85.487401">
      </trkpt>
      <trkpt lat="36.902314" lon="-85.486543">
      </trkpt>
      <trkpt lat="36.900427" lon="-85.485384">
      </trkpt>
      <trkpt lat="36.901147" lon="-85.482766">
      </trkpt>
      <trkpt lat="36.901834" lon="-85.481221">
      </trkpt>
      <trkpt lat="36.901285" lon="-85.480277">
      </trkpt>
      <trkpt lat="36.900495" lon="-85.480277">
      </trkpt>
      <trkpt lat="36.900118" lon="-85.478603">
      </trkpt>
      <trkpt lat="36.898676" lon="-85.476629">
      </trkpt>
      <trkpt lat="36.893631" lon="-85.474312">
      </trkpt>
      <trkpt lat="36.894009" lon="-85.472123">
      </trkpt>
      <trkpt lat="36.892533" lon="-85.469806">
      </trkpt>
      <trkpt lat="36.891881" lon="-85.467488">
      </trkpt>
      <trkpt lat="36.890989" lon="-85.460579">
      </trkpt>
      <trkpt lat="36.890542" lon="-85.459206">
      </trkpt>
      <trkpt lat="36.890680" lon="-85.454485">
      </trkpt>
      <trkpt lat="36.889684" lon="-85.452597">
      </trkpt>
      <trkpt lat="36.889753" lon="-85.451438">
      </trkpt>
      <trkpt lat="36.888963" lon="-85.449078">
      </trkpt>
      <trkpt lat="36.887213" lon="-85.446631">
      </trkpt>
      <trkpt lat="36.887110" lon="-85.444228">
      </trkpt>
      <trkpt lat="36.885085" lon="-85.440967">
      </trkpt>
      <trkpt lat="36.884398" lon="-85.440452">
      </trkpt>
      <trkpt lat="36.884192" lon="-85.439121">
      </trkpt>
      <trkpt lat="36.884913" lon="-85.431482">
      </trkpt>
      <trkpt lat="36.884330" lon="-85.424444">
      </trkpt>
      <trkpt lat="36.884947" lon="-85.420453">
      </trkpt>
      <trkpt lat="36.886458" lon="-85.417621">
      </trkpt>
      <trkpt lat="36.883712" lon="-85.409080">
      </trkpt>
      <trkpt lat="36.888414" lon="-85.407664">
      </trkpt>
      <trkpt lat="36.890268" lon="-85.407836">
      </trkpt>
      <trkpt lat="36.890920" lon="-85.408480">
      </trkpt>
      <trkpt lat="36.895759" lon="-85.408308">
      </trkpt>
      <trkpt lat="36.896102" lon="-85.407707">
      </trkpt>
      <trkpt lat="36.897269" lon="-85.407707">
      </trkpt>
      <trkpt lat="36.898093" lon="-85.406892">
      </trkpt>
      <trkpt lat="36.898642" lon="-85.405776">
      </trkpt>
      <trkpt lat="36.900049" lon="-85.405218">
      </trkpt>
      <trkpt lat="36.900427" lon="-85.404145">
      </trkpt>
      <trkpt lat="36.901525" lon="-85.403630">
      </trkpt>
      <trkpt lat="36.901696" lon="-85.401399">
      </trkpt>
      <trkpt lat="36.900770" lon="-85.401141">
      </trkpt>
      <trkpt lat="36.899809" lon="-85.400197">
      </trkpt>
      <trkpt lat="36.900186" lon="-85.398738">
      </trkpt>
      <trkpt lat="36.899981" lon="-85.397880">
      </trkpt>
      <trkpt lat="36.898779" lon="-85.397923">
      </trkpt>
      <trkpt lat="36.897407" lon="-85.396850">
      </trkpt>
      <trkpt lat="36.898505" lon="-85.396077">
      </trkpt>
      <trkpt lat="36.898573" lon="-85.394876">
      </trkpt>
      <trkpt lat="36.897544" lon="-85.394361">
      </trkpt>
      <trkpt lat="36.897269" lon="-85.392601">
      </trkpt>
      <trkpt lat="36.897510" lon="-85.391399">
      </trkpt>
      <trkpt lat="36.897166" lon="-85.390627">
      </trkpt>
      <trkpt lat="36.896411" lon="-85.389897">
      </trkpt>
      <trkpt lat="36.896034" lon="-85.388953">
      </trkpt>
      <trkpt lat="36.896617" lon="-85.386722">
      </trkpt>
      <trkpt lat="36.895279" lon="-85.386164">
      </trkpt>
      <trkpt lat="36.892087" lon="-85.383803">
      </trkpt>
      <trkpt lat="36.891057" lon="-85.383675">
      </trkpt>
      <trkpt lat="36.890371" lon="-85.383074">
      </trkpt>
      <trkpt lat="36.888071" lon="-85.382173">
      </trkpt>
      <trkpt lat="36.887419" lon="-85.380842">
      </trkpt>
      <trkpt lat="36.885806" lon="-85.380327">
      </trkpt>
      <trkpt lat="36.885188" lon="-85.378181">
      </trkpt>
      <trkpt lat="36.883986" lon="-85.377795">
      </trkpt>
      <trkpt lat="36.882545" lon="-85.378224">
      </trkpt>
      <trkpt lat="36.881343" lon="-85.377109">
      </trkpt>
      <trkpt lat="36.879043" lon="-85.375907">
      </trkpt>
      <trkpt lat="36.877670" lon="-85.376722">
      </trkpt>
      <trkpt lat="36.876640" lon="-85.372259">
      </trkpt>
      <trkpt lat="36.877189" lon="-85.365779">
      </trkpt>
      <trkpt lat="36.875851" lon="-85.365092">
      </trkpt>
      <trkpt lat="36.874477" lon="-85.362689">
      </trkpt>
      <trkpt lat="36.874718" lon="-85.361101">
      </trkpt>
      <trkpt lat="36.872933" lon="-85.358355">
      </trkpt>
      <trkpt lat="36.873139" lon="-85.357840">
      </trkpt>
      <trkpt lat="36.871765" lon="-85.355136">
      </trkpt>
      <trkpt lat="36.871353" lon="-85.353763">
      </trkpt>
      <trkpt lat="36.870632" lon="-85.353291">
      </trkpt>
      <trkpt lat="36.869053" lon="-85.350844">
      </trkpt>
      <trkpt lat="36.868332" lon="-85.348012">
      </trkpt>
      <trkpt lat="36.868778" lon="-85.345523">
      </trkpt>
      <trkpt lat="36.868160" lon="-85.344836">
      </trkpt>
      <trkpt lat="36.867645" lon="-85.343377">
      </trkpt>
      <trkpt lat="36.863525" lon="-85.339643">
      </trkpt>
      <trkpt lat="36.861568" lon="-85.339643">
      </trkpt>
      <trkpt lat="36.859371" lon="-85.338871">
      </trkpt>
      <trkpt lat="36.857482" lon="-85.337326">
      </trkpt>
      <trkpt lat="36.856143" lon="-85.339171">
      </trkpt>
      <trkpt lat="36.854426" lon="-85.340631">
      </trkpt>
      <trkpt lat="36.852984" lon="-85.342562">
      </trkpt>
      <trkpt lat="36.850443" lon="-85.343678">
      </trkpt>
      <trkpt lat="36.848313" lon="-85.346639">
      </trkpt>
      <trkpt lat="36.848073" lon="-85.348141">
      </trkpt>
      <trkpt lat="36.847386" lon="-85.349771">
      </trkpt>
      <trkpt lat="36.836396" lon="-85.363075">
      </trkpt>
      <trkpt lat="36.837976" lon="-85.365436">
      </trkpt>
      <trkpt lat="36.838525" lon="-85.368740">
      </trkpt>
      <trkpt lat="36.838388" lon="-85.369813">
      </trkpt>
      <trkpt lat="36.828083" lon="-85.367839">
      </trkpt>
      <trkpt lat="36.826709" lon="-85.368096">
      </trkpt>
      <trkpt lat="36.817159" lon="-85.370628">
      </trkpt>
      <trkpt lat="36.814445" lon="-85.369985">
      </trkpt>
      <trkpt lat="36.805546" lon="-85.362603">
      </trkpt>
      <trkpt lat="36.804274" lon="-85.361917">
      </trkpt>
      <trkpt lat="36.802934" lon="-85.362346">
      </trkpt>
      <trkpt lat="36.793690" lon="-85.367238">
      </trkpt>
      <trkpt lat="36.792762" lon="-85.367925">
      </trkpt>
      <trkpt lat="36.790047" lon="-85.370628">
      </trkpt>
      <trkpt lat="36.791800" lon="-85.373075">
      </trkpt>
      <trkpt lat="36.795374" lon="-85.374920">
      </trkpt>
      <trkpt lat="36.794756" lon="-85.376594">
      </trkpt>
      <trkpt lat="36.793175" lon="-85.376722">
      </trkpt>
      <trkpt lat="36.792900" lon="-85.377924">
      </trkpt>
      <trkpt lat="36.794172" lon="-85.378997">
      </trkpt>
      <trkpt lat="36.794550" lon="-85.380971">
      </trkpt>
      <trkpt lat="36.795306" lon="-85.381186">
      </trkpt>
      <trkpt lat="36.795409" lon="-85.381743">
      </trkpt>
      <trkpt lat="36.795031" lon="-85.382773">
      </trkpt>
      <trkpt lat="36.795306" lon="-85.383460">
      </trkpt>
      <trkpt lat="36.794550" lon="-85.385005">
      </trkpt>
      <trkpt lat="36.794687" lon="-85.385563">
      </trkpt>
      <trkpt lat="36.793862" lon="-85.386550">
      </trkpt>
      <trkpt lat="36.793862" lon="-85.387322">
      </trkpt>
      <trkpt lat="36.794859" lon="-85.390284">
      </trkpt>
      <trkpt lat="36.795374" lon="-85.390713">
      </trkpt>
      <trkpt lat="36.795203" lon="-85.396807">
      </trkpt>
      <trkpt lat="36.794034" lon="-85.403716">
      </trkpt>
      <trkpt lat="36.790735" lon="-85.407192">
      </trkpt>
      <trkpt lat="36.789979" lon="-85.408608">
      </trkpt>
      <trkpt lat="36.790116" lon="-85.410411">
      </trkpt>
      <trkpt lat="36.788879" lon="-85.412213">
      </trkpt>
      <trkpt lat="36.786404" lon="-85.419938">
      </trkpt>
      <trkpt lat="36.786473" lon="-85.421440">
      </trkpt>
      <trkpt lat="36.783998" lon="-85.423243">
      </trkpt>
      <trkpt lat="36.783552" lon="-85.424144">
      </trkpt>
      <trkpt lat="36.785992" lon="-85.440022">
      </trkpt>
      <trkpt lat="36.785889" lon="-85.441825">
      </trkpt>
      <trkpt lat="36.783895" lon="-85.450236">
      </trkpt>
      <trkpt lat="36.782899" lon="-85.451352">
      </trkpt>
      <trkpt lat="36.778705" lon="-85.451824">
      </trkpt>
      <trkpt lat="36.776729" lon="-85.453476">
      </trkpt>
      <trkpt lat="36.775749" lon="-85.452747">
      </trkpt>
      <trkpt lat="36.774580" lon="-85.452940">
      </trkpt>
      <trkpt lat="36.773102" lon="-85.453305">
      </trkpt>
      <trkpt lat="36.771778" lon="-85.453262">
      </trkpt>
      <trkpt lat="36.771572" lon="-85.452339">
      </trkpt>
      <trkpt lat="36.770678" lon="-85.451738">
      </trkpt>
      <trkpt lat="36.769871" lon="-85.452232">
      </trkpt>
      <trkpt lat="36.768822" lon="-85.451395">
      </trkpt>
      <trkpt lat="36.769321" lon="-85.449657">
      </trkpt>
      <trkpt lat="36.768925" lon="-85.449378">
      </trkpt>
      <trkpt lat="36.769183" lon="-85.447897">
      </trkpt>
      <trkpt lat="36.768581" lon="-85.447597">
      </trkpt>
      <trkpt lat="36.767997" lon="-85.448112">
      </trkpt>
      <trkpt lat="36.766450" lon="-85.447940">
      </trkpt>
      <trkpt lat="36.765780" lon="-85.447447">
      </trkpt>
      <trkpt lat="36.764903" lon="-85.448198">
      </trkpt>
      <trkpt lat="36.764714" lon="-85.449314">
      </trkpt>
      <trkpt lat="36.763975" lon="-85.449442">
      </trkpt>
      <trkpt lat="36.762909" lon="-85.450322">
      </trkpt>
      <trkpt lat="36.762428" lon="-85.450215">
      </trkpt>
      <trkpt lat="36.762049" lon="-85.449485">
      </trkpt>
      <trkpt lat="36.760691" lon="-85.448799">
      </trkpt>
      <trkpt lat="36.760537" lon="-85.448391">
      </trkpt>
      <trkpt lat="36.759540" lon="-85.448005">
      </trkpt>
      <trkpt lat="36.758388" lon="-85.448327">
      </trkpt>
      <trkpt lat="36.757511" lon="-85.448648">
      </trkpt>
      <trkpt lat="36.756600" lon="-85.448434">
      </trkpt>
      <trkpt lat="36.756015" lon="-85.448756">
      </trkpt>
      <trkpt lat="36.755379" lon="-85.448498">
      </trkpt>
      <trkpt lat="36.754743" lon="-85.448820">
      </trkpt>
      <trkpt lat="36.752938" lon="-85.448884">
      </trkpt>
      <trkpt lat="36.753007" lon="-85.446546">
      </trkpt>
      <trkpt lat="36.751287" lon="-85.445344">
      </trkpt>
      <trkpt lat="36.750118" lon="-85.444378">
      </trkpt>
      <trkpt lat="36.749327" lon="-85.444228">
      </trkpt>
      <trkpt lat="36.748433" lon="-85.443542">
      </trkpt>
      <trkpt lat="36.745596" lon="-85.444014">
      </trkpt>
      <trkpt lat="36.744891" lon="-85.444893">
      </trkpt>
      <trkpt lat="36.743636" lon="-85.445387">
      </trkpt>
      <trkpt lat="36.742794" lon="-85.447232">
      </trkpt>
      <trkpt lat="36.742828" lon="-85.449614">
      </trkpt>
      <trkpt lat="36.740094" lon="-85.450365">
      </trkpt>
      <trkpt lat="36.738925" lon="-85.453841">
      </trkpt>
      <trkpt lat="36.738220" lon="-85.454356">
      </trkpt>
      <trkpt lat="36.740748" lon="-85.456523">
      </trkpt>
      <trkpt lat="36.745562" lon="-85.457468">
      </trkpt>
      <trkpt lat="36.750480" lon="-85.460386">
      </trkpt>
      <trkpt lat="36.752130" lon="-85.460901">
      </trkpt>
      <trkpt lat="36.752543" lon="-85.461545">
      </trkpt>
      <trkpt lat="36.752440" lon="-85.463476">
      </trkpt>
      <trkpt lat="36.753196" lon="-85.466394">
      </trkpt>
      <trkpt lat="36.755569" lon="-85.465364">
      </trkpt>
      <trkpt lat="36.756875" lon="-85.465106">
      </trkpt>
      <trkpt lat="36.757598" lon="-85.466694">
      </trkpt>
      <trkpt lat="36.757666" lon="-85.467724">
      </trkpt>
      <trkpt lat="36.760623" lon="-85.469613">
      </trkpt>
      <trkpt lat="36.760623" lon="-85.469999">
      </trkpt>
      <trkpt lat="36.760692" lon="-85.471286">
      </trkpt>
      <trkpt lat="36.767018" lon="-85.482745">
      </trkpt>
      <trkpt lat="36.767465" lon="-85.483732">
      </trkpt>
      <trkpt lat="36.769149" lon="-85.483217">
      </trkpt>
      <trkpt lat="36.769631" lon="-85.484032">
      </trkpt>
      <trkpt lat="36.770868" lon="-85.483818">
      </trkpt>
      <trkpt lat="36.772896" lon="-85.481457">
      </trkpt>
      <trkpt lat="36.775062" lon="-85.480513">
      </trkpt>
      <trkpt lat="36.782349" lon="-85.478839">
      </trkpt>
      <trkpt lat="36.783002" lon="-85.478281">
      </trkpt>
      <trkpt lat="36.785821" lon="-85.478711">
      </trkpt>
      <trkpt lat="36.786989" lon="-85.480899">
      </trkpt>
      <trkpt lat="36.788192" lon="-85.482187">
      </trkpt>
      <trkpt lat="36.790495" lon="-85.482745">
      </trkpt>
      <trkpt lat="36.791560" lon="-85.483045">
      </trkpt>
      <trkpt lat="36.793313" lon="-85.481629">
      </trkpt>
      <trkpt lat="36.794584" lon="-85.481243">
      </trkpt>
      <trkpt lat="36.796646" lon="-85.479483">
      </trkpt>
      <trkpt lat="36.797609" lon="-85.479311">
      </trkpt>
      <trkpt lat="36.799739" lon="-85.479483">
      </trkpt>
      <trkpt lat="36.802145" lon="-85.477466">
      </trkpt>
      <trkpt lat="36.804928" lon="-85.476050">
      </trkpt>
      <trkpt lat="36.806337" lon="-85.476136">
      </trkpt>
      <trkpt lat="36.808364" lon="-85.473732">
      </trkpt>
      <trkpt lat="36.808811" lon="-85.472402">
      </trkpt>
      <trkpt lat="36.811078" lon="-85.469784">
      </trkpt>
      <trkpt lat="36.813793" lon="-85.473818">
      </trkpt>
      <trkpt lat="36.815476" lon="-85.472831">
      </trkpt>
      <trkpt lat="36.816301" lon="-85.472488">
      </trkpt>
      <trkpt lat="36.816919" lon="-85.472617">
      </trkpt>
      <trkpt lat="36.816174" lon="-85.476178">
      </trkpt>
      <trkpt lat="36.816195" lon="-85.476451">
      </trkpt>
      <trkpt lat="36.816401" lon="-85.476901">
      </trkpt>
      <trkpt lat="36.819029" lon="-85.476536">
      </trkpt>
      <trkpt lat="36.820712" lon="-85.481879">
      </trkpt>
      <trkpt lat="36.820798" lon="-85.482845">
      </trkpt>
      <trkpt lat="36.821520" lon="-85.484197">
      </trkpt>
      <trkpt lat="36.822585" lon="-85.485098">
      </trkpt>
      <trkpt lat="36.824629" lon="-85.488038">
      </trkpt>
      <trkpt lat="36.825951" lon="-85.488360">
      </trkpt>
      <trkpt lat="36.826518" lon="-85.488145">
      </trkpt>
      <trkpt lat="36.826896" lon="-85.487330">
      </trkpt>
      <trkpt lat="36.827652" lon="-85.486858">
      </trkpt>
      <trkpt lat="36.828236" lon="-85.487780">
      </trkpt>
      <trkpt lat="36.831756" lon="-85.492544">
      </trkpt>
      <trkpt lat="36.832272" lon="-85.493638">
      </trkpt>
      <trkpt lat="36.832426" lon="-85.494775">
      </trkpt>
      <trkpt lat="36.832048" lon="-85.496192">
      </trkpt>
      <trkpt lat="36.831190" lon="-85.497329">
      </trkpt>
      <trkpt lat="36.830468" lon="-85.498230">
      </trkpt>
      <trkpt lat="36.830056" lon="-85.499067">
      </trkpt>
      <trkpt lat="36.827480" lon="-85.506513">
      </trkpt>
      <trkpt lat="36.827445" lon="-85.507135">
      </trkpt>
      <trkpt lat="36.827652" lon="-85.507757">
      </trkpt>
      <trkpt lat="36.831722" lon="-85.513444">
      </trkpt>
      <trkpt lat="36.833302" lon="-85.515375">
      </trkpt>
      <trkpt lat="36.836874" lon="-85.518508">
      </trkpt>
      <trkpt lat="36.837681" lon="-85.519688">
      </trkpt>
      <trkpt lat="36.838300" lon="-85.521211">
      </trkpt>
      <trkpt lat="36.838506" lon="-85.523228">
      </trkpt>
      <trkpt lat="36.838746" lon="-85.526039">
      </trkpt>
      <trkpt lat="36.838927" lon="-85.527767">
      </trkpt>
      <trkpt lat="36.839682" lon="-85.529483">
      </trkpt>
      <trkpt lat="36.844662" lon="-85.537594">
      </trkpt>
      <trkpt lat="36.845143" lon="-85.539182">
      </trkpt>
      <trkpt lat="36.845177" lon="-85.540555">
      </trkpt>
      <trkpt lat="36.845143" lon="-85.541714">
      </trkpt>
      <trkpt lat="36.845684" lon="-85.542090">
      </trkpt>
      <trkpt lat="36.846525" lon="-85.543999">
      </trkpt>
      <trkpt lat="36.847470" lon="-85.544965">
      </trkpt>
      <trkpt lat="36.847762" lon="-85.545823">
      </trkpt>
      <trkpt lat="36.848328" lon="-85.546574">
      </trkpt>
      <trkpt lat="36.849067" lon="-85.546896">
      </trkpt>
      <trkpt lat="36.850337" lon="-85.546467">
      </trkpt>
      <trkpt lat="36.851247" lon="-85.546703">
      </trkpt>
      <trkpt lat="36.852260" lon="-85.547347">
      </trkpt>
      <trkpt lat="36.853840" lon="-85.549364">
      </trkpt>
      <trkpt lat="36.855505" lon="-85.550801">
      </trkpt>
      <trkpt lat="36.861240" lon="-85.552089">
      </trkpt>
      <trkpt lat="36.865051" lon="-85.553677">
      </trkpt>
      <trkpt lat="36.866304" lon="-85.554063">
      </trkpt>
      <trkpt lat="36.868330" lon="-85.555994">
      </trkpt>
      <trkpt lat="36.870424" lon="-85.557153">
      </trkpt>
      <trkpt lat="36.871420" lon="-85.557368">
      </trkpt>
      <trkpt lat="36.872776" lon="-85.557410">
      </trkpt>
      <trkpt lat="36.872776" lon="-85.557410">
      </trkpt>
      <trkpt lat="36.876466" lon="-85.558655">
      </trkpt>
      <trkpt lat="36.882165" lon="-85.561573">
      </trkpt>
      <trkpt lat="36.882165" lon="-85.561573">
      </trkpt>
      <trkpt lat="36.883006" lon="-85.562625">
      </trkpt>
      <trkpt lat="36.883589" lon="-85.564813">
      </trkpt>
      <trkpt lat="36.883761" lon="-85.564706">
      </trkpt>
      <trkpt lat="36.884499" lon="-85.564127">
      </trkpt>
      <trkpt lat="36.885512" lon="-85.564213">
      </trkpt>
      <trkpt lat="36.887485" lon="-85.565822">
      </trkpt>
      <trkpt lat="36.889287" lon="-85.567560">
      </trkpt>
      <trkpt lat="36.889287" lon="-85.567560">
      </trkpt>
      <trkpt lat="36.892119" lon="-85.571444">
      </trkpt>
      <trkpt lat="36.894367" lon="-85.572474">
      </trkpt>
      <trkpt lat="36.896117" lon="-85.573289">
      </trkpt>
      <trkpt lat="36.899395" lon="-85.572946">
      </trkpt>
      <trkpt lat="36.901111" lon="-85.573547">
      </trkpt>
      <trkpt lat="36.901660" lon="-85.573396">
      </trkpt>
      <trkpt lat="36.903153" lon="-85.572495">
      </trkpt>
      <trkpt lat="36.902655" lon="-85.571873">
      </trkpt>
      <trkpt lat="36.902415" lon="-85.570843">
      </trkpt>
      <trkpt lat="36.902638" lon="-85.570221">
      </trkpt>
      <trkpt lat="36.903187" lon="-85.570264">
      </trkpt>
      <trkpt lat="36.903547" lon="-85.569899">
      </trkpt>
      <trkpt lat="36.903770" lon="-85.569255">
      </trkpt>
      <trkpt lat="36.903393" lon="-85.568955">
      </trkpt>
      <trkpt lat="36.903101" lon="-85.567989">
      </trkpt>
      <trkpt lat="36.903187" lon="-85.567410">
      </trkpt>
      <trkpt lat="36.903788" lon="-85.567174">
      </trkpt>
      <trkpt lat="36.904251" lon="-85.566809">
      </trkpt>
      <trkpt lat="36.904405" lon="-85.566122">
      </trkpt>
      <trkpt lat="36.905109" lon="-85.565371">
      </trkpt>
      <trkpt lat="36.905229" lon="-85.564899">
      </trkpt>
      <trkpt lat="36.904989" lon="-85.564213">
      </trkpt>
      <trkpt lat="36.905349" lon="-85.563826">
      </trkpt>
      <trkpt lat="36.905761" lon="-85.563826">
      </trkpt>
      <trkpt lat="36.906481" lon="-85.563075">
      </trkpt>
      <trkpt lat="36.907665" lon="-85.563161">
      </trkpt>
      <trkpt lat="36.908214" lon="-85.563075">
      </trkpt>
      <trkpt lat="36.908369" lon="-85.562775">
      </trkpt>
      <trkpt lat="36.908283" lon="-85.562517">
      </trkpt>
      <trkpt lat="36.908386" lon="-85.561788">
      </trkpt>
      <trkpt lat="36.908249" lon="-85.561316">
      </trkpt>
      <trkpt lat="36.908231" lon="-85.560693">
      </trkpt>
      <trkpt lat="36.908575" lon="-85.560264">
      </trkpt>
      <trkpt lat="36.908592" lon="-85.559771">
      </trkpt>
      <trkpt lat="36.907803" lon="-85.559621">
      </trkpt>
      <trkpt lat="36.907511" lon="-85.559320">
      </trkpt>
      <trkpt lat="36.907974" lon="-85.557861">
      </trkpt>
      <trkpt lat="36.908781" lon="-85.557303">
      </trkpt>
      <trkpt lat="36.909861" lon="-85.556874">
      </trkpt>
      <trkpt lat="36.910325" lon="-85.556187">
      </trkpt>
      <trkpt lat="36.910393" lon="-85.555372">
      </trkpt>
      <trkpt lat="36.910942" lon="-85.554278">
      </trkpt>
      <trkpt lat="36.911663" lon="-85.554170">
      </trkpt>
      <trkpt lat="36.912092" lon="-85.554256">
      </trkpt>
      <trkpt lat="36.913241" lon="-85.554814">
      </trkpt>
      <trkpt lat="36.914116" lon="-85.554642">
      </trkpt>
      <trkpt lat="36.914013" lon="-85.553527">
      </trkpt>
      <trkpt lat="36.914408" lon="-85.551595">
      </trkpt>
      <trkpt lat="36.914151" lon="-85.551209">
      </trkpt>
      <trkpt lat="36.914202" lon="-85.550501">
      </trkpt>
      <trkpt lat="36.913859" lon="-85.549943">
      </trkpt>
      <trkpt lat="36.914356" lon="-85.549128">
      </trkpt>
      <trkpt lat="36.914459" lon="-85.548613">
      </trkpt>
      <trkpt lat="36.915403" lon="-85.547132">
      </trkpt>
      <trkpt lat="36.916055" lon="-85.545952">
      </trkpt>
      <trkpt lat="36.916896" lon="-85.546038">
      </trkpt>
      <trkpt lat="36.917393" lon="-85.546725">
      </trkpt>
      <trkpt lat="36.917942" lon="-85.546961">
      </trkpt>
      <trkpt lat="36.918405" lon="-85.547733">
      </trkpt>
      <trkpt lat="36.918371" lon="-85.548613">
      </trkpt>
      <trkpt lat="36.918989" lon="-85.549085">
      </trkpt>
      <trkpt lat="36.919503" lon="-85.549128">
      </trkpt>
      <trkpt lat="36.920172" lon="-85.551038">
      </trkpt>
      <trkpt lat="36.922059" lon="-85.549836">
      </trkpt>
      <trkpt lat="36.925833" lon="-85.550179">
      </trkpt>
      <trkpt lat="36.926382" lon="-85.549707">
      </trkpt>
      <trkpt lat="36.927325" lon="-85.547390">
      </trkpt>
      <trkpt lat="36.927325" lon="-85.547390">
      </trkpt>
      <trkpt lat="36.927411" lon="-85.546102">
      </trkpt>
      <trkpt lat="36.928080" lon="-85.544514">
      </trkpt>
      <trkpt lat="36.930396" lon="-85.543484">
      </trkpt>
      <trkpt lat="36.932180" lon="-85.540073">
      </trkpt>
      <trkpt lat="36.932238" lon="-85.540042">
      </trkpt>
      <trkpt lat="36.934601" lon="-85.542612">
      </trkpt>
      <trkpt lat="36.934841" lon="-85.545272">
      </trkpt>
      <trkpt lat="36.935493" lon="-85.547289">
      </trkpt>
      <trkpt lat="36.937071" lon="-85.548148">
      </trkpt>
      <trkpt lat="36.940604" lon="-85.546131">
      </trkpt>
      <trkpt lat="36.941599" lon="-85.547332">
      </trkpt>
      <trkpt lat="36.942285" lon="-85.549736">
      </trkpt>
      <trkpt lat="36.944000" lon="-85.553555">
      </trkpt>
      <trkpt lat="36.945234" lon="-85.554456">
      </trkpt>
      <trkpt lat="36.946778" lon="-85.554456">
      </trkpt>
      <trkpt lat="36.949727" lon="-85.557074">
      </trkpt>
      <trkpt lat="36.952231" lon="-85.560035">
      </trkpt>
      <trkpt lat="36.953020" lon="-85.562739">
      </trkpt>
      <trkpt lat="36.953877" lon="-85.563812">
      </trkpt>
      <trkpt lat="36.954117" lon="-85.566773">
      </trkpt>
      <trkpt lat="36.951785" lon="-85.569176">
      </trkpt>
      <trkpt lat="36.950688" lon="-85.571708">
      </trkpt>
      <trkpt lat="36.948904" lon="-85.572910">
      </trkpt>
      <trkpt lat="36.947944" lon="-85.574584">
      </trkpt>
      <trkpt lat="36.942285" lon="-85.574240">
      </trkpt>
      <trkpt lat="36.932852" lon="-85.576214">
      </trkpt>
      <trkpt lat="36.930690" lon="-85.581150">
      </trkpt>
      <trkpt lat="36.929558" lon="-85.581750">
      </trkpt>
      <trkpt lat="36.928392" lon="-85.581922">
      </trkpt>
      <trkpt lat="36.924550" lon="-85.583939">
      </trkpt>
      <trkpt lat="36.924584" lon="-85.586643">
      </trkpt>
      <trkpt lat="36.924138" lon="-85.587458">
      </trkpt>
      <trkpt lat="36.922148" lon="-85.588145">
      </trkpt>
      <trkpt lat="36.918511" lon="-85.593466">
      </trkpt>
      <trkpt lat="36.920364" lon="-85.596127">
      </trkpt>
      <trkpt lat="36.921565" lon="-85.596470">
      </trkpt>
      <trkpt lat="36.922320" lon="-85.598230">
      </trkpt>
      <trkpt lat="36.924172" lon="-85.599260">
      </trkpt>
      <trkpt lat="36.925819" lon="-85.600504">
      </trkpt>
      <trkpt lat="36.927603" lon="-85.600848">
      </trkpt>
      <trkpt lat="36.924035" lon="-85.602221">
      </trkpt>
      <trkpt lat="36.923212" lon="-85.603208">
      </trkpt>
      <trkpt lat="36.921805" lon="-85.602693">
      </trkpt>
      <trkpt lat="36.919781" lon="-85.604453">
      </trkpt>
      <trkpt lat="36.920501" lon="-85.606641">
      </trkpt>
      <trkpt lat="36.920295" lon="-85.608315">
      </trkpt>
      <trkpt lat="36.918271" lon="-85.609045">
      </trkpt>
      <trkpt lat="36.917345" lon="-85.607972">
      </trkpt>
      <trkpt lat="36.916487" lon="-85.608057">
      </trkpt>
      <trkpt lat="36.915938" lon="-85.609517">
      </trkpt>
      <trkpt lat="36.915114" lon="-85.610075">
      </trkpt>
      <trkpt lat="36.914154" lon="-85.609045">
      </trkpt>
      <trkpt lat="36.912987" lon="-85.609560">
      </trkpt>
      <trkpt lat="36.912232" lon="-85.609173">
      </trkpt>
      <trkpt lat="36.910276" lon="-85.609345">
      </trkpt>
      <trkpt lat="36.909521" lon="-85.608916">
      </trkpt>
      <trkpt lat="36.908149" lon="-85.609130">
      </trkpt>
      <trkpt lat="36.907051" lon="-85.608100">
      </trkpt>
      <trkpt lat="36.905884" lon="-85.607800">
      </trkpt>
      <trkpt lat="36.905850" lon="-85.609045">
      </trkpt>
      <trkpt lat="36.905060" lon="-85.609517">
      </trkpt>
      <trkpt lat="36.903859" lon="-85.609002">
      </trkpt>
      <trkpt lat="36.903070" lon="-85.609860">
      </trkpt>
      <trkpt lat="36.903550" lon="-85.610761">
      </trkpt>
      <trkpt lat="36.902487" lon="-85.611705">
      </trkpt>
      <trkpt lat="36.902487" lon="-85.613079">
      </trkpt>
      <trkpt lat="36.901423" lon="-85.613465">
      </trkpt>
      <trkpt lat="36.899775" lon="-85.613293">
      </trkpt>
      <trkpt lat="36.898162" lon="-85.616126">
      </trkpt>
      <trkpt lat="36.895279" lon="-85.616683">
      </trkpt>
      <trkpt lat="36.894284" lon="-85.616126">
      </trkpt>
      <trkpt lat="36.892705" lon="-85.616340">
      </trkpt>
      <trkpt lat="36.891298" lon="-85.618357">
      </trkpt>
      <trkpt lat="36.890989" lon="-85.619688">
      </trkpt>
      <trkpt lat="36.889136" lon="-85.620846">
      </trkpt>
      <trkpt lat="36.887248" lon="-85.619773">
      </trkpt>
      <trkpt lat="36.885806" lon="-85.618014">
      </trkpt>
      <trkpt lat="36.885188" lon="-85.616898">
      </trkpt>
      <trkpt lat="36.882889" lon="-85.615224">
      </trkpt>
      <trkpt lat="36.880692" lon="-85.614495">
      </trkpt>
      <trkpt lat="36.878186" lon="-85.616211">
      </trkpt>
      <trkpt lat="36.877293" lon="-85.617799">
      </trkpt>
      <trkpt lat="36.876641" lon="-85.618572">
      </trkpt>
      <trkpt lat="36.876126" lon="-85.620975">
      </trkpt>
      <trkpt lat="36.873860" lon="-85.624537">
      </trkpt>
      <trkpt lat="36.874204" lon="-85.625910">
      </trkpt>
      <trkpt lat="36.873654" lon="-85.627369">
      </trkpt>
      <trkpt lat="36.874101" lon="-85.633506">
      </trkpt>
      <trkpt lat="36.872521" lon="-85.635180">
      </trkpt>
      <trkpt lat="36.872693" lon="-85.639557">
      </trkpt>
      <trkpt lat="36.875714" lon="-85.644664">
      </trkpt>
      <trkpt lat="36.875199" lon="-85.650887">
      </trkpt>
      <trkpt lat="36.874760" lon="-85.650372">
      </trkpt>
      <trkpt lat="36.874382" lon="-85.650157">
      </trkpt>
      <trkpt lat="36.869404" lon="-85.643677">
      </trkpt>
      <trkpt lat="36.860958" lon="-85.643720">
      </trkpt>
      <trkpt lat="36.850931" lon="-85.641489">
      </trkpt>
      <trkpt lat="36.849523" lon="-85.640072">
      </trkpt>
      <trkpt lat="36.843651" lon="-85.627198">
      </trkpt>
      <trkpt lat="36.843891" lon="-85.621275">
      </trkpt>
      <trkpt lat="36.841384" lon="-85.620718">
      </trkpt>
      <trkpt lat="36.840079" lon="-85.618915">
      </trkpt>
      <trkpt lat="36.838190" lon="-85.615353">
      </trkpt>
      <trkpt lat="36.837881" lon="-85.613980">
      </trkpt>
      <trkpt lat="36.836197" lon="-85.613379">
      </trkpt>
      <trkpt lat="36.834995" lon="-85.613722">
      </trkpt>
      <trkpt lat="36.833037" lon="-85.612778">
      </trkpt>
      <trkpt lat="36.832123" lon="-85.614005">
      </trkpt>
      <trkpt lat="36.832193" lon="-85.614277">
      </trkpt>
      <trkpt lat="36.832164" lon="-85.615163">
      </trkpt>
      <trkpt lat="36.831305" lon="-85.615678">
      </trkpt>
      <trkpt lat="36.831511" lon="-85.618682">
      </trkpt>
      <trkpt lat="36.831271" lon="-85.619497">
      </trkpt>
      <trkpt lat="36.830515" lon="-85.620184">
      </trkpt>
      <trkpt lat="36.828694" lon="-85.622373">
      </trkpt>
      <trkpt lat="36.826462" lon="-85.621729">
      </trkpt>
      <trkpt lat="36.825294" lon="-85.620699">
      </trkpt>
      <trkpt lat="36.824778" lon="-85.618939">
      </trkpt>
      <trkpt lat="36.824194" lon="-85.618768">
      </trkpt>
      <trkpt lat="36.822717" lon="-85.619926">
      </trkpt>
      <trkpt lat="36.821893" lon="-85.620098">
      </trkpt>
      <trkpt lat="36.820999" lon="-85.621729">
      </trkpt>
      <trkpt lat="36.818904" lon="-85.622115">
      </trkpt>
      <trkpt lat="36.819110" lon="-85.623274">
      </trkpt>
      <trkpt lat="36.819797" lon="-85.623917">
      </trkpt>
      <trkpt lat="36.819866" lon="-85.624690">
      </trkpt>
      <trkpt lat="36.819282" lon="-85.625505">
      </trkpt>
      <trkpt lat="36.817530" lon="-85.625934">
      </trkpt>
      <trkpt lat="36.816705" lon="-85.628853">
      </trkpt>
      <trkpt lat="36.815125" lon="-85.630097">
      </trkpt>
      <trkpt lat="36.814094" lon="-85.631814">
      </trkpt>
      <trkpt lat="36.808281" lon="-85.637335">
      </trkpt>
      <trkpt lat="36.808039" lon="-85.637426">
      </trkpt>
      <trkpt lat="36.805762" lon="-85.639808">
      </trkpt>
      <trkpt lat="36.804156" lon="-85.641396">
      </trkpt>
      <trkpt lat="36.803915" lon="-85.641632">
      </trkpt>
      <trkpt lat="36.802764" lon="-85.642426">
      </trkpt>
      <trkpt lat="36.801218" lon="-85.643842">
      </trkpt>
      <trkpt lat="36.800668" lon="-85.644775">
      </trkpt>
      <trkpt lat="36.799989" lon="-85.646106">
      </trkpt>
      <trkpt lat="36.799491" lon="-85.646868">
      </trkpt>
      <trkpt lat="36.799380" lon="-85.647297">
      </trkpt>
      <trkpt lat="36.798804" lon="-85.649410">
      </trkpt>
      <trkpt lat="36.798503" lon="-85.649968">
      </trkpt>
      <trkpt lat="36.796252" lon="-85.651653">
      </trkpt>
      <trkpt lat="36.793967" lon="-85.646170">
      </trkpt>
      <trkpt lat="36.792738" lon="-85.639829">
      </trkpt>
      <trkpt lat="36.792618" lon="-85.639658">
      </trkpt>
      <trkpt lat="36.792360" lon="-85.639593">
      </trkpt>
      <trkpt lat="36.792618" lon="-85.637780">
      </trkpt>
      <trkpt lat="36.792945" lon="-85.637072">
      </trkpt>
      <trkpt lat="36.792970" lon="-85.636858">
      </trkpt>
      <trkpt lat="36.792893" lon="-85.636589">
      </trkpt>
      <trkpt lat="36.792558" lon="-85.635978">
      </trkpt>
      <trkpt lat="36.792429" lon="-85.635549">
      </trkpt>
      <trkpt lat="36.792231" lon="-85.633768">
      </trkpt>
      <trkpt lat="36.792343" lon="-85.633499">
      </trkpt>
      <trkpt lat="36.792850" lon="-85.633296">
      </trkpt>
      <trkpt lat="36.792879" lon="-85.633215">
      </trkpt>
      <trkpt lat="36.792824" lon="-85.632501">
      </trkpt>
      <trkpt lat="36.791793" lon="-85.632286">
      </trkpt>
      <trkpt lat="36.790487" lon="-85.631814">
      </trkpt>
      <trkpt lat="36.789353" lon="-85.632071">
      </trkpt>
      <trkpt lat="36.789662" lon="-85.631471">
      </trkpt>
      <trkpt lat="36.789146" lon="-85.629754">
      </trkpt>
      <trkpt lat="36.789868" lon="-85.624518">
      </trkpt>
      <trkpt lat="36.790109" lon="-85.624046">
      </trkpt>
      <trkpt lat="36.789490" lon="-85.622501">
      </trkpt>
      <trkpt lat="36.788253" lon="-85.621815">
      </trkpt>
      <trkpt lat="36.787359" lon="-85.620527">
      </trkpt>
      <trkpt lat="36.784266" lon="-85.620785">
      </trkpt>
      <trkpt lat="36.782754" lon="-85.619411">
      </trkpt>
      <trkpt lat="36.781551" lon="-85.619326">
      </trkpt>
      <trkpt lat="36.781241" lon="-85.618253">
      </trkpt>
      <trkpt lat="36.780932" lon="-85.617781">
      </trkpt>
      <trkpt lat="36.780588" lon="-85.616493">
      </trkpt>
      <trkpt lat="36.779763" lon="-85.615849">
      </trkpt>
      <trkpt lat="36.778766" lon="-85.615849">
      </trkpt>
      <trkpt lat="36.777288" lon="-85.614862">
      </trkpt>
      <trkpt lat="36.777460" lon="-85.613489">
      </trkpt>
      <trkpt lat="36.777220" lon="-85.611086">
      </trkpt>
      <trkpt lat="36.777357" lon="-85.609755">
      </trkpt>
      <trkpt lat="36.776970" lon="-85.608817">
      </trkpt>
      <trkpt lat="36.776861" lon="-85.608122">
      </trkpt>
      <trkpt lat="36.776857" lon="-85.608143">
      </trkpt>
      <trkpt lat="36.776135" lon="-85.607543">
      </trkpt>
      <trkpt lat="36.775550" lon="-85.605740">
      </trkpt>
      <trkpt lat="36.774485" lon="-85.605697">
      </trkpt>
      <trkpt lat="36.773213" lon="-85.606126">
      </trkpt>
      <trkpt lat="36.772663" lon="-85.606942">
      </trkpt>
      <trkpt lat="36.771356" lon="-85.606470">
      </trkpt>
      <trkpt lat="36.769878" lon="-85.606770">
      </trkpt>
      <trkpt lat="36.768538" lon="-85.606341">
      </trkpt>
      <trkpt lat="36.768366" lon="-85.605654">
      </trkpt>
      <trkpt lat="36.767472" lon="-85.605096">
      </trkpt>
      <trkpt lat="36.766131" lon="-85.601191">
      </trkpt>
      <trkpt lat="36.765134" lon="-85.601706">
      </trkpt>
      <trkpt lat="36.765443" lon="-85.603423">
      </trkpt>
      <trkpt lat="36.764343" lon="-85.603251">
      </trkpt>
      <trkpt lat="36.763759" lon="-85.605096">
      </trkpt>
      <trkpt lat="36.761765" lon="-85.605182">
      </trkpt>
      <trkpt lat="36.761352" lon="-85.603380">
      </trkpt>
      <trkpt lat="36.760424" lon="-85.602564">
      </trkpt>
      <trkpt lat="36.756883" lon="-85.603122">
      </trkpt>
      <trkpt lat="36.756504" lon="-85.601835">
      </trkpt>
      <trkpt lat="36.752722" lon="-85.597929">
      </trkpt>
      <trkpt lat="36.750384" lon="-85.599432">
      </trkpt>
      <trkpt lat="36.747599" lon="-85.599861">
      </trkpt>
      <trkpt lat="36.745363" lon="-85.600848">
      </trkpt>
      <trkpt lat="36.744297" lon="-85.601105">
      </trkpt>
      <trkpt lat="36.743472" lon="-85.601792">
      </trkpt>
      <trkpt lat="36.740618" lon="-85.599646">
      </trkpt>
      <trkpt lat="36.740660" lon="-85.599689">
      </trkpt>
      <trkpt lat="36.739938" lon="-85.596599">
      </trkpt>
      <trkpt lat="36.741141" lon="-85.594668">
      </trkpt>
      <trkpt lat="36.741485" lon="-85.593080">
      </trkpt>
      <trkpt lat="36.740385" lon="-85.591106">
      </trkpt>
      <trkpt lat="36.741726" lon="-85.588531">
      </trkpt>
      <trkpt lat="36.741416" lon="-85.585398">
      </trkpt>
      <trkpt lat="36.739009" lon="-85.582480">
      </trkpt>
      <trkpt lat="36.737461" lon="-85.578403">
      </trkpt>
      <trkpt lat="36.738081" lon="-85.576171">
      </trkpt>
      <trkpt lat="36.737461" lon="-85.572910">
      </trkpt>
      <trkpt lat="36.735948" lon="-85.570335">
      </trkpt>
      <trkpt lat="36.736258" lon="-85.564370">
      </trkpt>
      <trkpt lat="36.735054" lon="-85.561366">
      </trkpt>
      <trkpt lat="36.736086" lon="-85.557332">
      </trkpt>
      <trkpt lat="36.736086" lon="-85.555229">
      </trkpt>
      <trkpt lat="36.735260" lon="-85.552825">
      </trkpt>
      <trkpt lat="36.734538" lon="-85.548448">
      </trkpt>
      <trkpt lat="36.732509" lon="-85.548148">
      </trkpt>
      <trkpt lat="36.732543" lon="-85.544071">
      </trkpt>
      <trkpt lat="36.729620" lon="-85.545573">
      </trkpt>
      <trkpt lat="36.727590" lon="-85.544586">
      </trkpt>
      <trkpt lat="36.723910" lon="-85.549950">
      </trkpt>
      <trkpt lat="36.720642" lon="-85.551195">
      </trkpt>
      <trkpt lat="36.720367" lon="-85.552353">
      </trkpt>
      <trkpt lat="36.722637" lon="-85.557374">
      </trkpt>
      <trkpt lat="36.723704" lon="-85.558233">
      </trkpt>
      <trkpt lat="36.725045" lon="-85.561752">
      </trkpt>
      <trkpt lat="36.726627" lon="-85.562224">
      </trkpt>
      <trkpt lat="36.726799" lon="-85.565099">
      </trkpt>
      <trkpt lat="36.727453" lon="-85.566687">
      </trkpt>
      <trkpt lat="36.726731" lon="-85.568790">
      </trkpt>
      <trkpt lat="36.722706" lon="-85.569777">
      </trkpt>
      <trkpt lat="36.721330" lon="-85.571408">
      </trkpt>
      <trkpt lat="36.718268" lon="-85.571708">
      </trkpt>
      <trkpt lat="36.717855" lon="-85.572824">
      </trkpt>
      <trkpt lat="36.718475" lon="-85.579562">
      </trkpt>
      <trkpt lat="36.719575" lon="-85.583167">
      </trkpt>
      <trkpt lat="36.717615" lon="-85.585055">
      </trkpt>
      <trkpt lat="36.715172" lon="-85.585055">
      </trkpt>
      <trkpt lat="36.713762" lon="-85.587029">
      </trkpt>
      <trkpt lat="36.711491" lon="-85.587501">
      </trkpt>
      <trkpt lat="36.710872" lon="-85.587887">
      </trkpt>
      <trkpt lat="36.709048" lon="-85.588145">
      </trkpt>
      <trkpt lat="36.707294" lon="-85.587158">
      </trkpt>
      <trkpt lat="36.704679" lon="-85.588574">
      </trkpt>
      <trkpt lat="36.703509" lon="-85.585999">
      </trkpt>
      <trkpt lat="36.697488" lon="-85.577631">
      </trkpt>
      <trkpt lat="36.691844" lon="-85.571966">
      </trkpt>
      <trkpt lat="36.687474" lon="-85.569005">
      </trkpt>
      <trkpt lat="36.686923" lon="-85.568232">
      </trkpt>
      <trkpt lat="36.687439" lon="-85.567545">
      </trkpt>
      <trkpt lat="36.688403" lon="-85.567545">
      </trkpt>
      <trkpt lat="36.689298" lon="-85.566043">
      </trkpt>
      <trkpt lat="36.692567" lon="-85.561065">
      </trkpt>
      <trkpt lat="36.694253" lon="-85.560550">
      </trkpt>
      <trkpt lat="36.694459" lon="-85.559220">
      </trkpt>
      <trkpt lat="36.689573" lon="-85.553898">
      </trkpt>
      <trkpt lat="36.687267" lon="-85.553212">
      </trkpt>
      <trkpt lat="36.683137" lon="-85.550122">
      </trkpt>
      <trkpt lat="36.677768" lon="-85.542011">
      </trkpt>
      <trkpt lat="36.672984" lon="-85.528578">
      </trkpt>
      <trkpt lat="36.668337" lon="-85.502958">
      </trkpt>
      <trkpt lat="36.665480" lon="-85.496392">
      </trkpt>
      <trkpt lat="36.664550" lon="-85.494246">
      </trkpt>
      <trkpt lat="36.663105" lon="-85.493989">
      </trkpt>
      <trkpt lat="36.657596" lon="-85.488624">
      </trkpt>
      <trkpt lat="36.655152" lon="-85.486478">
      </trkpt>
      <trkpt lat="36.653878" lon="-85.482273">
      </trkpt>
      <trkpt lat="36.652845" lon="-85.481157">
      </trkpt>
      <trkpt lat="36.651468" lon="-85.477595">
      </trkpt>
      <trkpt lat="36.650711" lon="-85.478196">
      </trkpt>
      <trkpt lat="36.646441" lon="-85.485363">
      </trkpt>
      <trkpt lat="36.644203" lon="-85.485878">
      </trkpt>
      <trkpt lat="36.643549" lon="-85.479784">
      </trkpt>
      <trkpt lat="36.644444" lon="-85.473604">
      </trkpt>
      <trkpt lat="36.645064" lon="-85.471243">
      </trkpt>
      <trkpt lat="36.643687" lon="-85.468282">
      </trkpt>
      <trkpt lat="36.643273" lon="-85.468025">
      </trkpt>
      <trkpt lat="36.642481" lon="-85.468668">
      </trkpt>
      <trkpt lat="36.639106" lon="-85.467767">
      </trkpt>
      <trkpt lat="36.636179" lon="-85.466480">
      </trkpt>
      <trkpt lat="36.631327" lon="-85.468535">
      </trkpt>
      <trkpt lat="36.630979" lon="-85.468871">
      </trkpt>
      <trkpt lat="36.630979" lon="-85.471875">
      </trkpt>
      <trkpt lat="36.631117" lon="-85.475008">
      </trkpt>
      <trkpt lat="36.630152" lon="-85.476038">
      </trkpt>
      <trkpt lat="36.628052" lon="-85.476381">
      </trkpt>
      <trkpt lat="36.626812" lon="-85.477025">
      </trkpt>
      <trkpt lat="36.623746" lon="-85.482947">
      </trkpt>
      <trkpt lat="36.620991" lon="-85.488569">
      </trkpt>
      <trkpt lat="36.618890" lon="-85.490200">
      </trkpt>
      <trkpt lat="36.618063" lon="-85.490243">
      </trkpt>
      <trkpt lat="36.615928" lon="-85.488741">
      </trkpt>
      <trkpt lat="36.614240" lon="-85.488140">
      </trkpt>
      <trkpt lat="36.609451" lon="-85.488011">
      </trkpt>
      <trkpt lat="36.607488" lon="-85.487110">
      </trkpt>
      <trkpt lat="36.607178" lon="-85.485393">
      </trkpt>
      <trkpt lat="36.605834" lon="-85.485093">
      </trkpt>
      <trkpt lat="36.604904" lon="-85.485350">
      </trkpt>
      <trkpt lat="36.602768" lon="-85.483977">
      </trkpt>
      <trkpt lat="36.600839" lon="-85.483548">
      </trkpt>
      <trkpt lat="36.599013" lon="-85.483548">
      </trkpt>
      <trkpt lat="36.598737" lon="-85.484149">
      </trkpt>
      <trkpt lat="36.598599" lon="-85.486037">
      </trkpt>
      <trkpt lat="36.597910" lon="-85.487153">
      </trkpt>
      <trkpt lat="36.597945" lon="-85.488268">
      </trkpt>
      <trkpt lat="36.597221" lon="-85.489513">
      </trkpt>
      <trkpt lat="36.596670" lon="-85.491659">
      </trkpt>
      <trkpt lat="36.592742" lon="-85.497152">
      </trkpt>
      <trkpt lat="36.591329" lon="-85.498611">
      </trkpt>
      <trkpt lat="36.589055" lon="-85.499298">
      </trkpt>
      <trkpt lat="36.587849" lon="-85.500113">
      </trkpt>
      <trkpt lat="36.586608" lon="-85.499255">
      </trkpt>
      <trkpt lat="36.584334" lon="-85.499255">
      </trkpt>
      <trkpt lat="36.583438" lon="-85.499040">
      </trkpt>
      <trkpt lat="36.582783" lon="-85.499126">
      </trkpt>
      <trkpt lat="36.579889" lon="-85.497753">
      </trkpt>
      <trkpt lat="36.577442" lon="-85.498139">
      </trkpt>
      <trkpt lat="36.573823" lon="-85.498740">
      </trkpt>
      <trkpt lat="36.573823" lon="-85.498740">
      </trkpt>
      <trkpt lat="36.573340" lon="-85.499255">
      </trkpt>
      <trkpt lat="36.571893" lon="-85.499856">
      </trkpt>
      <trkpt lat="36.571100" lon="-85.500371">
      </trkpt>
      <trkpt lat="36.570204" lon="-85.497109">
      </trkpt>
      <trkpt lat="36.569653" lon="-85.494834">
      </trkpt>
      <trkpt lat="36.568481" lon="-85.492131">
      </trkpt>
      <trkpt lat="36.567378" lon="-85.491101">
      </trkpt>
      <trkpt lat="36.566068" lon="-85.490414">
      </trkpt>
      <trkpt lat="36.565206" lon="-85.488826">
      </trkpt>
      <trkpt lat="36.564827" lon="-85.488912">
      </trkpt>
      <trkpt lat="36.564551" lon="-85.489513">
      </trkpt>
      <trkpt lat="36.564000" lon="-85.488612">
      </trkpt>
      <trkpt lat="36.563138" lon="-85.488440">
      </trkpt>
      <trkpt lat="36.562035" lon="-85.487024">
      </trkpt>
      <trkpt lat="36.562931" lon="-85.486080">
      </trkpt>
      <trkpt lat="36.563552" lon="-85.484406">
      </trkpt>
      <trkpt lat="36.564241" lon="-85.483676">
      </trkpt>
      <trkpt lat="36.564896" lon="-85.483591">
      </trkpt>
      <trkpt lat="36.565516" lon="-85.484320">
      </trkpt>
      <trkpt lat="36.566171" lon="-85.484406">
      </trkpt>
      <trkpt lat="36.566895" lon="-85.484921">
      </trkpt>
      <trkpt lat="36.567447" lon="-85.484664">
      </trkpt>
      <trkpt lat="36.568653" lon="-85.484878">
      </trkpt>
      <trkpt lat="36.569549" lon="-85.483891">
      </trkpt>
      <trkpt lat="36.570170" lon="-85.482089">
      </trkpt>
      <trkpt lat="36.571376" lon="-85.481016">
      </trkpt>
      <trkpt lat="36.572203" lon="-85.480672">
      </trkpt>
      <trkpt lat="36.573065" lon="-85.478956">
      </trkpt>
      <trkpt lat="36.572927" lon="-85.477926">
      </trkpt>
      <trkpt lat="36.573685" lon="-85.477454">
      </trkpt>
      <trkpt lat="36.572031" lon="-85.475523">
      </trkpt>
      <trkpt lat="36.570411" lon="-85.474621">
      </trkpt>
      <trkpt lat="36.569687" lon="-85.473763">
      </trkpt>
      <trkpt lat="36.568550" lon="-85.472776">
      </trkpt>
      <trkpt lat="36.567205" lon="-85.471360">
      </trkpt>
      <trkpt lat="36.566723" lon="-85.469986">
      </trkpt>
      <trkpt lat="36.566654" lon="-85.468785">
      </trkpt>
      <trkpt lat="36.562104" lon="-85.469386">
      </trkpt>
      <trkpt lat="36.558588" lon="-85.470716">
      </trkpt>
      <trkpt lat="36.555899" lon="-85.471832">
      </trkpt>
      <trkpt lat="36.554038" lon="-85.472089">
      </trkpt>
      <trkpt lat="36.552245" lon="-85.472604">
      </trkpt>
      <trkpt lat="36.549694" lon="-85.472476">
      </trkpt>
      <trkpt lat="36.547418" lon="-85.471961">
      </trkpt>
      <trkpt lat="36.545798" lon="-85.471918">
      </trkpt>
      <trkpt lat="36.544867" lon="-85.472733">
      </trkpt>
      <trkpt lat="36.544591" lon="-85.473205">
      </trkpt>
      <trkpt lat="36.544143" lon="-85.473463">
      </trkpt>
    </trkseg>
  </trk>
  <trk>
    <name>SKRR Munfordville to Campbellsville - 149 miles</name>
    <cmt>Trk176</cmt>
    <desc>SKRRMn</desc>
    <number>4</number>
    <extensions>
      <gpxx:TrackExtension>
        <gpxx:DisplayColor>DarkBlue</gpxx:DisplayColor>
      </gpxx:TrackExtension>
    </extensions>
    <trkseg>
      <trkpt lat="37.271941" lon="-85.890709">
      </trkpt>
      <trkpt lat="37.277035" lon="-85.885655">
      </trkpt>
      <trkpt lat="37.280655" lon="-85.878446">
      </trkpt>
      <trkpt lat="37.291308" lon="-85.868833">
      </trkpt>
      <trkpt lat="37.295063" lon="-85.861451">
      </trkpt>
      <trkpt lat="37.296088" lon="-85.860679">
      </trkpt>
      <trkpt lat="37.301550" lon="-85.852267">
      </trkpt>
      <trkpt lat="37.299638" lon="-85.849006">
      </trkpt>
      <trkpt lat="37.300253" lon="-85.847032">
      </trkpt>
      <trkpt lat="37.303120" lon="-85.845401">
      </trkpt>
      <trkpt lat="37.301345" lon="-85.844714">
      </trkpt>
      <trkpt lat="37.299638" lon="-85.843169">
      </trkpt>
      <trkpt lat="37.297795" lon="-85.839736">
      </trkpt>
      <trkpt lat="37.296156" lon="-85.837762">
      </trkpt>
      <trkpt lat="37.294790" lon="-85.832355">
      </trkpt>
      <trkpt lat="37.296702" lon="-85.831582">
      </trkpt>
      <trkpt lat="37.301208" lon="-85.819394">
      </trkpt>
      <trkpt lat="37.311586" lon="-85.812270">
      </trkpt>
      <trkpt lat="37.313429" lon="-85.812785">
      </trkpt>
      <trkpt lat="37.315750" lon="-85.810811">
      </trkpt>
      <trkpt lat="37.319094" lon="-85.810296">
      </trkpt>
      <trkpt lat="37.328718" lon="-85.803687">
      </trkpt>
      <trkpt lat="37.331312" lon="-85.798966">
      </trkpt>
      <trkpt lat="37.330595" lon="-85.797507">
      </trkpt>
      <trkpt lat="37.330390" lon="-85.795190">
      </trkpt>
      <trkpt lat="37.330220" lon="-85.793473">
      </trkpt>
      <trkpt lat="37.329366" lon="-85.791800">
      </trkpt>
      <trkpt lat="37.328138" lon="-85.790941">
      </trkpt>
      <trkpt lat="37.327421" lon="-85.788538">
      </trkpt>
      <trkpt lat="37.326363" lon="-85.788023">
      </trkpt>
      <trkpt lat="37.325169" lon="-85.785534">
      </trkpt>
      <trkpt lat="37.324043" lon="-85.784547">
      </trkpt>
      <trkpt lat="37.324350" lon="-85.782229">
      </trkpt>
      <trkpt lat="37.323463" lon="-85.780513">
      </trkpt>
      <trkpt lat="37.322029" lon="-85.779526">
      </trkpt>
      <trkpt lat="37.319367" lon="-85.780127">
      </trkpt>
      <trkpt lat="37.314726" lon="-85.782830">
      </trkpt>
      <trkpt lat="37.313053" lon="-85.782659">
      </trkpt>
      <trkpt lat="37.310049" lon="-85.784804">
      </trkpt>
      <trkpt lat="37.308548" lon="-85.784118">
      </trkpt>
      <trkpt lat="37.307797" lon="-85.783045">
      </trkpt>
      <trkpt lat="37.306568" lon="-85.782873">
      </trkpt>
      <trkpt lat="37.305202" lon="-85.781543">
      </trkpt>
      <trkpt lat="37.305066" lon="-85.780599">
      </trkpt>
      <trkpt lat="37.304451" lon="-85.779354">
      </trkpt>
      <trkpt lat="37.303564" lon="-85.778796">
      </trkpt>
      <trkpt lat="37.303222" lon="-85.777766">
      </trkpt>
      <trkpt lat="37.305305" lon="-85.774934">
      </trkpt>
      <trkpt lat="37.306397" lon="-85.774891">
      </trkpt>
      <trkpt lat="37.309025" lon="-85.772960">
      </trkpt>
      <trkpt lat="37.308889" lon="-85.771930">
      </trkpt>
      <trkpt lat="37.312917" lon="-85.769612">
      </trkpt>
      <trkpt lat="37.315272" lon="-85.769355">
      </trkpt>
      <trkpt lat="37.318753" lon="-85.770728">
      </trkpt>
      <trkpt lat="37.319401" lon="-85.770685">
      </trkpt>
      <trkpt lat="37.322234" lon="-85.772659">
      </trkpt>
      <trkpt lat="37.322098" lon="-85.771415">
      </trkpt>
      <trkpt lat="37.321005" lon="-85.770514">
      </trkpt>
      <trkpt lat="37.320016" lon="-85.770556">
      </trkpt>
      <trkpt lat="37.318173" lon="-85.768325">
      </trkpt>
      <trkpt lat="37.320903" lon="-85.764205">
      </trkpt>
      <trkpt lat="37.323360" lon="-85.763261">
      </trkpt>
      <trkpt lat="37.325715" lon="-85.763003">
      </trkpt>
      <trkpt lat="37.328411" lon="-85.764420">
      </trkpt>
      <trkpt lat="37.330697" lon="-85.765535">
      </trkpt>
      <trkpt lat="37.334792" lon="-85.765106">
      </trkpt>
      <trkpt lat="37.340047" lon="-85.757982">
      </trkpt>
      <trkpt lat="37.340136" lon="-85.757935">
      </trkpt>
      <trkpt lat="37.339380" lon="-85.759077">
      </trkpt>
      <trkpt lat="37.335422" lon="-85.749249">
      </trkpt>
      <trkpt lat="37.333852" lon="-85.746374">
      </trkpt>
      <trkpt lat="37.333681" lon="-85.742940">
      </trkpt>
      <trkpt lat="37.332658" lon="-85.738992">
      </trkpt>
      <trkpt lat="37.331634" lon="-85.737662">
      </trkpt>
      <trkpt lat="37.331259" lon="-85.732555">
      </trkpt>
      <trkpt lat="37.330815" lon="-85.731053">
      </trkpt>
      <trkpt lat="37.330713" lon="-85.724229">
      </trkpt>
      <trkpt lat="37.329996" lon="-85.722856">
      </trkpt>
      <trkpt lat="37.328256" lon="-85.720925">
      </trkpt>
      <trkpt lat="37.328119" lon="-85.720067">
      </trkpt>
      <trkpt lat="37.329450" lon="-85.719337">
      </trkpt>
      <trkpt lat="37.330269" lon="-85.718307">
      </trkpt>
      <trkpt lat="37.331020" lon="-85.716333">
      </trkpt>
      <trkpt lat="37.337162" lon="-85.712728">
      </trkpt>
      <trkpt lat="37.337878" lon="-85.714058">
      </trkpt>
      <trkpt lat="37.338561" lon="-85.714917">
      </trkpt>
      <trkpt lat="37.339004" lon="-85.719037">
      </trkpt>
      <trkpt lat="37.343576" lon="-85.716633">
      </trkpt>
      <trkpt lat="37.348558" lon="-85.716333">
      </trkpt>
      <trkpt lat="37.348899" lon="-85.715990">
      </trkpt>
      <trkpt lat="37.349786" lon="-85.715818">
      </trkpt>
      <trkpt lat="37.350263" lon="-85.715003">
      </trkpt>
      <trkpt lat="37.353675" lon="-85.716118">
      </trkpt>
      <trkpt lat="37.354255" lon="-85.713629">
      </trkpt>
      <trkpt lat="37.351457" lon="-85.711312">
      </trkpt>
      <trkpt lat="37.353675" lon="-85.708694">
      </trkpt>
      <trkpt lat="37.353914" lon="-85.706892">
      </trkpt>
      <trkpt lat="37.352617" lon="-85.703158">
      </trkpt>
      <trkpt lat="37.351730" lon="-85.702471">
      </trkpt>
      <trkpt lat="37.352003" lon="-85.700411">
      </trkpt>
      <trkpt lat="37.351798" lon="-85.698566">
      </trkpt>
      <trkpt lat="37.352720" lon="-85.694532">
      </trkpt>
      <trkpt lat="37.352071" lon="-85.690712">
      </trkpt>
      <trkpt lat="37.352174" lon="-85.688867">
      </trkpt>
      <trkpt lat="37.349752" lon="-85.686721">
      </trkpt>
      <trkpt lat="37.349376" lon="-85.685262">
      </trkpt>
      <trkpt lat="37.349069" lon="-85.681271">
      </trkpt>
      <trkpt lat="37.351526" lon="-85.681529">
      </trkpt>
      <trkpt lat="37.354596" lon="-85.681443">
      </trkpt>
      <trkpt lat="37.358246" lon="-85.682816">
      </trkpt>
      <trkpt lat="37.359372" lon="-85.684790">
      </trkpt>
      <trkpt lat="37.364693" lon="-85.687494">
      </trkpt>
      <trkpt lat="37.367558" lon="-85.688095">
      </trkpt>
      <trkpt lat="37.368649" lon="-85.690197">
      </trkpt>
      <trkpt lat="37.369979" lon="-85.689511">
      </trkpt>
      <trkpt lat="37.372537" lon="-85.692214">
      </trkpt>
      <trkpt lat="37.373458" lon="-85.694403">
      </trkpt>
      <trkpt lat="37.375845" lon="-85.695776">
      </trkpt>
      <trkpt lat="37.376118" lon="-85.697364">
      </trkpt>
      <trkpt lat="37.377073" lon="-85.698437">
      </trkpt>
      <trkpt lat="37.377721" lon="-85.699982">
      </trkpt>
      <trkpt lat="37.377858" lon="-85.699550">
      </trkpt>
      <trkpt lat="37.380331" lon="-85.696957">
      </trkpt>
      <trkpt lat="37.380468" lon="-85.695025">
      </trkpt>
      <trkpt lat="37.381593" lon="-85.693566">
      </trkpt>
      <trkpt lat="37.382071" lon="-85.689876">
      </trkpt>
      <trkpt lat="37.381525" lon="-85.688416">
      </trkpt>
      <trkpt lat="37.382275" lon="-85.683782">
      </trkpt>
      <trkpt lat="37.381082" lon="-85.678203">
      </trkpt>
      <trkpt lat="37.379581" lon="-85.676615">
      </trkpt>
      <trkpt lat="37.378933" lon="-85.674426">
      </trkpt>
      <trkpt lat="37.379377" lon="-85.672237">
      </trkpt>
      <trkpt lat="37.378831" lon="-85.669147">
      </trkpt>
      <trkpt lat="37.380536" lon="-85.663955">
      </trkpt>
      <trkpt lat="37.382684" lon="-85.662667">
      </trkpt>
      <trkpt lat="37.384867" lon="-85.659620">
      </trkpt>
      <trkpt lat="37.386981" lon="-85.658290">
      </trkpt>
      <trkpt lat="37.386163" lon="-85.650908">
      </trkpt>
      <trkpt lat="37.382787" lon="-85.648849">
      </trkpt>
      <trkpt lat="37.381286" lon="-85.648677">
      </trkpt>
      <trkpt lat="37.378558" lon="-85.646832">
      </trkpt>
      <trkpt lat="37.375557" lon="-85.643527">
      </trkpt>
      <trkpt lat="37.372113" lon="-85.637862">
      </trkpt>
      <trkpt lat="37.374295" lon="-85.634386">
      </trkpt>
      <trkpt lat="37.374466" lon="-85.631854">
      </trkpt>
      <trkpt lat="37.373988" lon="-85.630052">
      </trkpt>
      <trkpt lat="37.374602" lon="-85.627305">
      </trkpt>
      <trkpt lat="37.373340" lon="-85.626103">
      </trkpt>
      <trkpt lat="37.373238" lon="-85.624902">
      </trkpt>
      <trkpt lat="37.372795" lon="-85.623056">
      </trkpt>
      <trkpt lat="37.373204" lon="-85.620052">
      </trkpt>
      <trkpt lat="37.375250" lon="-85.619194">
      </trkpt>
      <trkpt lat="37.376512" lon="-85.616877">
      </trkpt>
      <trkpt lat="37.378388" lon="-85.615375">
      </trkpt>
      <trkpt lat="37.379684" lon="-85.615031">
      </trkpt>
      <trkpt lat="37.379990" lon="-85.613400">
      </trkpt>
      <trkpt lat="37.381934" lon="-85.612628">
      </trkpt>
      <trkpt lat="37.381082" lon="-85.610053">
      </trkpt>
      <trkpt lat="37.379240" lon="-85.610268">
      </trkpt>
      <trkpt lat="37.378763" lon="-85.606362">
      </trkpt>
      <trkpt lat="37.374534" lon="-85.605375">
      </trkpt>
      <trkpt lat="37.370544" lon="-85.607907">
      </trkpt>
      <trkpt lat="37.365564" lon="-85.606663">
      </trkpt>
      <trkpt lat="37.365530" lon="-85.610268">
      </trkpt>
      <trkpt lat="37.362290" lon="-85.615632">
      </trkpt>
      <trkpt lat="37.362017" lon="-85.621597">
      </trkpt>
      <trkpt lat="37.359868" lon="-85.622756">
      </trkpt>
      <trkpt lat="37.360072" lon="-85.625503">
      </trkpt>
      <trkpt lat="37.361437" lon="-85.627992">
      </trkpt>
      <trkpt lat="37.360175" lon="-85.629837">
      </trkpt>
      <trkpt lat="37.355365" lon="-85.627691">
      </trkpt>
      <trkpt lat="37.354717" lon="-85.628550">
      </trkpt>
      <trkpt lat="37.355058" lon="-85.629236">
      </trkpt>
      <trkpt lat="37.354239" lon="-85.630781">
      </trkpt>
      <trkpt lat="37.352465" lon="-85.630824">
      </trkpt>
      <trkpt lat="37.351101" lon="-85.632197">
      </trkpt>
      <trkpt lat="37.348030" lon="-85.632326">
      </trkpt>
      <trkpt lat="37.346154" lon="-85.632326">
      </trkpt>
      <trkpt lat="37.345915" lon="-85.631253">
      </trkpt>
      <trkpt lat="37.344516" lon="-85.626232">
      </trkpt>
      <trkpt lat="37.344994" lon="-85.618636">
      </trkpt>
      <trkpt lat="37.342299" lon="-85.615375">
      </trkpt>
      <trkpt lat="37.340763" lon="-85.614516">
      </trkpt>
      <trkpt lat="37.334485" lon="-85.614087">
      </trkpt>
      <trkpt lat="37.333768" lon="-85.612499">
      </trkpt>
      <trkpt lat="37.331994" lon="-85.611426">
      </trkpt>
      <trkpt lat="37.331277" lon="-85.611855">
      </trkpt>
      <trkpt lat="37.330356" lon="-85.611383">
      </trkpt>
      <trkpt lat="37.330390" lon="-85.606448">
      </trkpt>
      <trkpt lat="37.328070" lon="-85.603530">
      </trkpt>
      <trkpt lat="37.326875" lon="-85.604088">
      </trkpt>
      <trkpt lat="37.324930" lon="-85.603358">
      </trkpt>
      <trkpt lat="37.322814" lon="-85.603315">
      </trkpt>
      <trkpt lat="37.321654" lon="-85.602886">
      </trkpt>
      <trkpt lat="37.321756" lon="-85.602071">
      </trkpt>
      <trkpt lat="37.319879" lon="-85.600783">
      </trkpt>
      <trkpt lat="37.313633" lon="-85.600311">
      </trkpt>
      <trkpt lat="37.312575" lon="-85.598423">
      </trkpt>
      <trkpt lat="37.312439" lon="-85.596148">
      </trkpt>
      <trkpt lat="37.311688" lon="-85.590226">
      </trkpt>
      <trkpt lat="37.309333" lon="-85.587265">
      </trkpt>
      <trkpt lat="37.307967" lon="-85.577867">
      </trkpt>
      <trkpt lat="37.306943" lon="-85.575978">
      </trkpt>
      <trkpt lat="37.308752" lon="-85.572760">
      </trkpt>
      <trkpt lat="37.311073" lon="-85.571343">
      </trkpt>
      <trkpt lat="37.313599" lon="-85.563104">
      </trkpt>
      <trkpt lat="37.311449" lon="-85.562589">
      </trkpt>
      <trkpt lat="37.308991" lon="-85.563790">
      </trkpt>
      <trkpt lat="37.302676" lon="-85.563147">
      </trkpt>
      <trkpt lat="37.302062" lon="-85.563662">
      </trkpt>
      <trkpt lat="37.300526" lon="-85.563790">
      </trkpt>
      <trkpt lat="37.297624" lon="-85.565292">
      </trkpt>
      <trkpt lat="37.296224" lon="-85.564777">
      </trkpt>
      <trkpt lat="37.295371" lon="-85.566365">
      </trkpt>
      <trkpt lat="37.292469" lon="-85.568511">
      </trkpt>
      <trkpt lat="37.290898" lon="-85.567910">
      </trkpt>
      <trkpt lat="37.289293" lon="-85.568511">
      </trkpt>
      <trkpt lat="37.287723" lon="-85.569627">
      </trkpt>
      <trkpt lat="37.286357" lon="-85.572717">
      </trkpt>
      <trkpt lat="37.284138" lon="-85.573961">
      </trkpt>
      <trkpt lat="37.283557" lon="-85.573403">
      </trkpt>
      <trkpt lat="37.281372" lon="-85.573489">
      </trkpt>
      <trkpt lat="37.280586" lon="-85.572416">
      </trkpt>
      <trkpt lat="37.279938" lon="-85.570485">
      </trkpt>
      <trkpt lat="37.280074" lon="-85.569541">
      </trkpt>
      <trkpt lat="37.278504" lon="-85.564477">
      </trkpt>
      <trkpt lat="37.276181" lon="-85.564219">
      </trkpt>
      <trkpt lat="37.275020" lon="-85.563919">
      </trkpt>
      <trkpt lat="37.275464" lon="-85.562846">
      </trkpt>
      <trkpt lat="37.273006" lon="-85.560529">
      </trkpt>
      <trkpt lat="37.272425" lon="-85.556967">
      </trkpt>
      <trkpt lat="37.272732" lon="-85.553834">
      </trkpt>
      <trkpt lat="37.273723" lon="-85.554049">
      </trkpt>
      <trkpt lat="37.273449" lon="-85.552890">
      </trkpt>
      <trkpt lat="37.272459" lon="-85.551731">
      </trkpt>
      <trkpt lat="37.271059" lon="-85.549113">
      </trkpt>
      <trkpt lat="37.267814" lon="-85.545852">
      </trkpt>
      <trkpt lat="37.267507" lon="-85.544521">
      </trkpt>
      <trkpt lat="37.266995" lon="-85.543792">
      </trkpt>
      <trkpt lat="37.269112" lon="-85.535638">
      </trkpt>
      <trkpt lat="37.268839" lon="-85.532720">
      </trkpt>
      <trkpt lat="37.270752" lon="-85.531604">
      </trkpt>
      <trkpt lat="37.271913" lon="-85.528342">
      </trkpt>
      <trkpt lat="37.273142" lon="-85.528085">
      </trkpt>
      <trkpt lat="37.277513" lon="-85.521819">
      </trkpt>
      <trkpt lat="37.281338" lon="-85.521733">
      </trkpt>
      <trkpt lat="37.283933" lon="-85.518386">
      </trkpt>
      <trkpt lat="37.284168" lon="-85.518544">
      </trkpt>
      <trkpt lat="37.284441" lon="-85.517624">
      </trkpt>
      <trkpt lat="37.293625" lon="-85.525263">
        <time>2020-01-13T16:49:08Z</time>
      </trkpt>
      <trkpt lat="37.299463" lon="-85.525907">
        <time>2020-01-13T16:49:10Z</time>
      </trkpt>
      <trkpt lat="37.302263" lon="-85.527623">
        <time>2020-01-13T16:49:19Z</time>
      </trkpt>
      <trkpt lat="37.306939" lon="-85.526894">
        <time>2020-01-13T16:49:21Z</time>
      </trkpt>
      <trkpt lat="37.313117" lon="-85.528653">
        <time>2020-01-13T16:49:24Z</time>
      </trkpt>
      <trkpt lat="37.316087" lon="-85.530198">
        <time>2020-01-13T16:49:29Z</time>
      </trkpt>
      <trkpt lat="37.321684" lon="-85.531271">
        <time>2020-01-13T16:49:31Z</time>
      </trkpt>
      <trkpt lat="37.323459" lon="-85.533074">
        <time>2020-01-13T16:49:33Z</time>
      </trkpt>
      <trkpt lat="37.325677" lon="-85.543931">
        <time>2020-01-13T16:49:34Z</time>
      </trkpt>
      <trkpt lat="37.328646" lon="-85.546206">
        <time>2020-01-13T16:49:37Z</time>
      </trkpt>
      <trkpt lat="37.332672" lon="-85.552772">
        <time>2020-01-13T16:49:41Z</time>
      </trkpt>
      <trkpt lat="37.338337" lon="-85.559939">
        <time>2020-01-13T16:49:46Z</time>
      </trkpt>
      <trkpt lat="37.342670" lon="-85.563372">
        <time>2020-01-13T16:49:48Z</time>
      </trkpt>
      <trkpt lat="37.349766" lon="-85.563930">
        <time>2020-01-13T16:49:52Z</time>
      </trkpt>
      <trkpt lat="37.360512" lon="-85.572899">
        <time>2020-01-13T16:49:57Z</time>
      </trkpt>
      <trkpt lat="37.364196" lon="-85.579336">
        <time>2020-01-13T16:49:59Z</time>
      </trkpt>
      <trkpt lat="37.369977" lon="-85.581997">
      </trkpt>
      <trkpt lat="37.371443" lon="-85.584658">
      </trkpt>
      <trkpt lat="37.376730" lon="-85.589293">
      </trkpt>
      <trkpt lat="37.379748" lon="-85.595215">
      </trkpt>
      <trkpt lat="37.380822" lon="-85.596374">
      </trkpt>
      <trkpt lat="37.383993" lon="-85.597747">
      </trkpt>
      <trkpt lat="37.384964" lon="-85.598530">
      </trkpt>
      <trkpt lat="37.385441" lon="-85.599045">
      </trkpt>
      <trkpt lat="37.387044" lon="-85.603294">
      </trkpt>
      <trkpt lat="37.390351" lon="-85.607929">
      </trkpt>
      <trkpt lat="37.391511" lon="-85.611877">
      </trkpt>
      <trkpt lat="37.392534" lon="-85.611319">
      </trkpt>
      <trkpt lat="37.394238" lon="-85.608444">
      </trkpt>
      <trkpt lat="37.397273" lon="-85.608744">
      </trkpt>
      <trkpt lat="37.398330" lon="-85.607714">
      </trkpt>
      <trkpt lat="37.398432" lon="-85.605568">
      </trkpt>
      <trkpt lat="37.401807" lon="-85.602521">
      </trkpt>
      <trkpt lat="37.402762" lon="-85.600547">
      </trkpt>
      <trkpt lat="37.403137" lon="-85.593638">
      </trkpt>
      <trkpt lat="37.404091" lon="-85.593166">
      </trkpt>
      <trkpt lat="37.403409" lon="-85.592265">
      </trkpt>
      <trkpt lat="37.401262" lon="-85.584969">
      </trkpt>
      <trkpt lat="37.400034" lon="-85.584626">
      </trkpt>
      <trkpt lat="37.400887" lon="-85.580248">
      </trkpt>
      <trkpt lat="37.400478" lon="-85.579047">
      </trkpt>
      <trkpt lat="37.402796" lon="-85.578317">
      </trkpt>
      <trkpt lat="37.404091" lon="-85.576429">
      </trkpt>
      <trkpt lat="37.406682" lon="-85.576300">
      </trkpt>
      <trkpt lat="37.408966" lon="-85.577716">
      </trkpt>
      <trkpt lat="37.415545" lon="-85.575528">
      </trkpt>
      <trkpt lat="37.421748" lon="-85.578489">
      </trkpt>
      <trkpt lat="37.424509" lon="-85.577631">
      </trkpt>
      <trkpt lat="37.425906" lon="-85.578188">
      </trkpt>
      <trkpt lat="37.426792" lon="-85.579175">
      </trkpt>
      <trkpt lat="37.427883" lon="-85.579347">
      </trkpt>
      <trkpt lat="37.427985" lon="-85.578832">
      </trkpt>
      <trkpt lat="37.429621" lon="-85.580463">
      </trkpt>
      <trkpt lat="37.431461" lon="-85.585355">
      </trkpt>
      <trkpt lat="37.432449" lon="-85.585312">
      </trkpt>
      <trkpt lat="37.431904" lon="-85.590634">
      </trkpt>
      <trkpt lat="37.432620" lon="-85.590977">
      </trkpt>
      <trkpt lat="37.433540" lon="-85.594840">
      </trkpt>
      <trkpt lat="37.435039" lon="-85.598745">
      </trkpt>
      <trkpt lat="37.434562" lon="-85.599646">
      </trkpt>
      <trkpt lat="37.434698" lon="-85.601363">
      </trkpt>
      <trkpt lat="37.437629" lon="-85.606169">
      </trkpt>
      <trkpt lat="37.437390" lon="-85.608530">
      </trkpt>
      <trkpt lat="37.439706" lon="-85.608658">
      </trkpt>
      <trkpt lat="37.441546" lon="-85.607972">
      </trkpt>
      <trkpt lat="37.444511" lon="-85.609087">
      </trkpt>
      <trkpt lat="37.447714" lon="-85.610547">
      </trkpt>
      <trkpt lat="37.448872" lon="-85.610032">
      </trkpt>
      <trkpt lat="37.450575" lon="-85.610804">
      </trkpt>
      <trkpt lat="37.457559" lon="-85.611019">
      </trkpt>
      <trkpt lat="37.458241" lon="-85.610504">
      </trkpt>
      <trkpt lat="37.460659" lon="-85.610675">
      </trkpt>
      <trkpt lat="37.462737" lon="-85.611577">
      </trkpt>
      <trkpt lat="37.462499" lon="-85.613551">
      </trkpt>
      <trkpt lat="37.463350" lon="-85.614366">
      </trkpt>
      <trkpt lat="37.463895" lon="-85.615825">
      </trkpt>
      <trkpt lat="37.465326" lon="-85.616769">
      </trkpt>
      <trkpt lat="37.466655" lon="-85.616297">
      </trkpt>
      <trkpt lat="37.467915" lon="-85.615181">
      </trkpt>
      <trkpt lat="37.469924" lon="-85.615825">
      </trkpt>
      <trkpt lat="37.471219" lon="-85.615267">
      </trkpt>
      <trkpt lat="37.472036" lon="-85.615696">
      </trkpt>
      <trkpt lat="37.472683" lon="-85.615010">
      </trkpt>
      <trkpt lat="37.473978" lon="-85.615139">
      </trkpt>
      <trkpt lat="37.477724" lon="-85.612649">
      </trkpt>
      <trkpt lat="37.478065" lon="-85.612049">
      </trkpt>
      <trkpt lat="37.484944" lon="-85.614624">
      </trkpt>
      <trkpt lat="37.489813" lon="-85.613551">
      </trkpt>
      <trkpt lat="37.493797" lon="-85.614323">
      </trkpt>
      <trkpt lat="37.496419" lon="-85.615868">
      </trkpt>
      <trkpt lat="37.496896" lon="-85.614366">
      </trkpt>
      <trkpt lat="37.497270" lon="-85.612092">
      </trkpt>
      <trkpt lat="37.498019" lon="-85.612049">
      </trkpt>
      <trkpt lat="37.499619" lon="-85.610375">
      </trkpt>
      <trkpt lat="37.502650" lon="-85.610675">
      </trkpt>
      <trkpt lat="37.509595" lon="-85.616168">
      </trkpt>
      <trkpt lat="37.513815" lon="-85.612521">
      </trkpt>
      <trkpt lat="37.512828" lon="-85.609087">
      </trkpt>
      <trkpt lat="37.511330" lon="-85.606212">
      </trkpt>
      <trkpt lat="37.512045" lon="-85.602908">
      </trkpt>
      <trkpt lat="37.513066" lon="-85.600805">
      </trkpt>
      <trkpt lat="37.513203" lon="-85.597500">
      </trkpt>
      <trkpt lat="37.513713" lon="-85.596642">
      </trkpt>
      <trkpt lat="37.513032" lon="-85.592951">
      </trkpt>
      <trkpt lat="37.511637" lon="-85.592436">
      </trkpt>
      <trkpt lat="37.511024" lon="-85.591835">
      </trkpt>
      <trkpt lat="37.508607" lon="-85.590162">
      </trkpt>
      <trkpt lat="37.508301" lon="-85.585913">
      </trkpt>
      <trkpt lat="37.508675" lon="-85.584969">
      </trkpt>
      <trkpt lat="37.508845" lon="-85.583724">
      </trkpt>
      <trkpt lat="37.515381" lon="-85.585484">
      </trkpt>
      <trkpt lat="37.516539" lon="-85.586385">
      </trkpt>
      <trkpt lat="37.520419" lon="-85.587415">
      </trkpt>
      <trkpt lat="37.521985" lon="-85.587286">
      </trkpt>
      <trkpt lat="37.524980" lon="-85.589303">
      </trkpt>
      <trkpt lat="37.526341" lon="-85.592007">
      </trkpt>
      <trkpt lat="37.527464" lon="-85.592522">
      </trkpt>
      <trkpt lat="37.527567" lon="-85.593595">
      </trkpt>
      <trkpt lat="37.528349" lon="-85.594067">
      </trkpt>
      <trkpt lat="37.529915" lon="-85.593509">
      </trkpt>
      <trkpt lat="37.531753" lon="-85.594582">
      </trkpt>
      <trkpt lat="37.532025" lon="-85.595698">
      </trkpt>
      <trkpt lat="37.530902" lon="-85.597586">
      </trkpt>
      <trkpt lat="37.531208" lon="-85.598316">
      </trkpt>
      <trkpt lat="37.533046" lon="-85.597329">
      </trkpt>
      <trkpt lat="37.534169" lon="-85.598530">
      </trkpt>
      <trkpt lat="37.536551" lon="-85.600934">
      </trkpt>
      <trkpt lat="37.540226" lon="-85.602178">
      </trkpt>
      <trkpt lat="37.541826" lon="-85.603551">
      </trkpt>
      <trkpt lat="37.541587" lon="-85.605783">
      </trkpt>
      <trkpt lat="37.540839" lon="-85.605568">
      </trkpt>
      <trkpt lat="37.540362" lon="-85.607929">
      </trkpt>
      <trkpt lat="37.538865" lon="-85.609002">
      </trkpt>
      <trkpt lat="37.537062" lon="-85.609388">
      </trkpt>
      <trkpt lat="37.537538" lon="-85.611448">
      </trkpt>
      <trkpt lat="37.537198" lon="-85.613121">
      </trkpt>
      <trkpt lat="37.537674" lon="-85.618314">
      </trkpt>
      <trkpt lat="37.537198" lon="-85.621833">
      </trkpt>
      <trkpt lat="37.537470" lon="-85.624322">
      </trkpt>
      <trkpt lat="37.538933" lon="-85.623893">
      </trkpt>
      <trkpt lat="37.540430" lon="-85.624537">
      </trkpt>
      <trkpt lat="37.545739" lon="-85.626726">
      </trkpt>
      <trkpt lat="37.546759" lon="-85.626769">
      </trkpt>
      <trkpt lat="37.548563" lon="-85.627455">
      </trkpt>
      <trkpt lat="37.552101" lon="-85.624880">
      </trkpt>
      <trkpt lat="37.552918" lon="-85.625138">
      </trkpt>
      <trkpt lat="37.555265" lon="-85.623636">
      </trkpt>
      <trkpt lat="37.558531" lon="-85.618014">
      </trkpt>
      <trkpt lat="37.562478" lon="-85.614023">
      </trkpt>
      <trkpt lat="37.565675" lon="-85.612006">
      </trkpt>
      <trkpt lat="37.567240" lon="-85.609602">
      </trkpt>
      <trkpt lat="37.570097" lon="-85.606384">
      </trkpt>
      <trkpt lat="37.572649" lon="-85.606641">
      </trkpt>
      <trkpt lat="37.573703" lon="-85.607156">
      </trkpt>
      <trkpt lat="37.573805" lon="-85.607156">
      </trkpt>
      <trkpt lat="37.573160" lon="-85.598809">
      </trkpt>
      <trkpt lat="37.571391" lon="-85.594174">
      </trkpt>
      <trkpt lat="37.570506" lon="-85.593144">
      </trkpt>
      <trkpt lat="37.571663" lon="-85.592029">
      </trkpt>
      <trkpt lat="37.574792" lon="-85.590741">
      </trkpt>
      <trkpt lat="37.575710" lon="-85.591042">
      </trkpt>
      <trkpt lat="37.576629" lon="-85.591213">
      </trkpt>
      <trkpt lat="37.578261" lon="-85.590784">
      </trkpt>
      <trkpt lat="37.580608" lon="-85.588810">
      </trkpt>
      <trkpt lat="37.582718" lon="-85.589025">
      </trkpt>
      <trkpt lat="37.585031" lon="-85.595119">
      </trkpt>
      <trkpt lat="37.586527" lon="-85.600955">
      </trkpt>
      <trkpt lat="37.588703" lon="-85.602328">
      </trkpt>
      <trkpt lat="37.589860" lon="-85.601212">
      </trkpt>
      <trkpt lat="37.593872" lon="-85.591256">
      </trkpt>
      <trkpt lat="37.594620" lon="-85.587136">
      </trkpt>
      <trkpt lat="37.595504" lon="-85.585505">
      </trkpt>
      <trkpt lat="37.611620" lon="-85.583016">
      </trkpt>
      <trkpt lat="37.613592" lon="-85.581386">
      </trkpt>
      <trkpt lat="37.616312" lon="-85.576751">
      </trkpt>
      <trkpt lat="37.616448" lon="-85.573661">
      </trkpt>
      <trkpt lat="37.615700" lon="-85.569198">
      </trkpt>
      <trkpt lat="37.615972" lon="-85.567481">
      </trkpt>
      <trkpt lat="37.617535" lon="-85.565936">
      </trkpt>
      <trkpt lat="37.619711" lon="-85.565507">
      </trkpt>
      <trkpt lat="37.619847" lon="-85.561387">
      </trkpt>
      <trkpt lat="37.617671" lon="-85.558125">
      </trkpt>
      <trkpt lat="37.618215" lon="-85.554349">
      </trkpt>
      <trkpt lat="37.616821" lon="-85.550315">
      </trkpt>
      <trkpt lat="37.616040" lon="-85.549542">
      </trkpt>
      <trkpt lat="37.616278" lon="-85.547997">
      </trkpt>
      <trkpt lat="37.617297" lon="-85.546624">
      </trkpt>
      <trkpt lat="37.617195" lon="-85.545380">
      </trkpt>
      <trkpt lat="37.618351" lon="-85.542075">
      </trkpt>
      <trkpt lat="37.618317" lon="-85.541560">
      </trkpt>
      <trkpt lat="37.619201" lon="-85.540058">
      </trkpt>
      <trkpt lat="37.619269" lon="-85.536453">
      </trkpt>
      <trkpt lat="37.621003" lon="-85.534694">
      </trkpt>
      <trkpt lat="37.619915" lon="-85.532290">
      </trkpt>
      <trkpt lat="37.618317" lon="-85.531733">
      </trkpt>
      <trkpt lat="37.616278" lon="-85.528728">
      </trkpt>
      <trkpt lat="37.616821" lon="-85.527226">
      </trkpt>
      <trkpt lat="37.616821" lon="-85.526111">
      </trkpt>
      <trkpt lat="37.617535" lon="-85.525124">
      </trkpt>
      <trkpt lat="37.616991" lon="-85.522849">
      </trkpt>
      <trkpt lat="37.617025" lon="-85.522120">
      </trkpt>
      <trkpt lat="37.616957" lon="-85.521175">
      </trkpt>
      <trkpt lat="37.617161" lon="-85.520188">
      </trkpt>
      <trkpt lat="37.616550" lon="-85.515339">
      </trkpt>
      <trkpt lat="37.616210" lon="-85.515081">
      </trkpt>
      <trkpt lat="37.616210" lon="-85.513966">
      </trkpt>
      <trkpt lat="37.616754" lon="-85.513064">
      </trkpt>
      <trkpt lat="37.616380" lon="-85.510962">
      </trkpt>
      <trkpt lat="37.616482" lon="-85.509631">
      </trkpt>
      <trkpt lat="37.618283" lon="-85.508601">
      </trkpt>
      <trkpt lat="37.620663" lon="-85.509674">
      </trkpt>
      <trkpt lat="37.622838" lon="-85.509717">
      </trkpt>
      <trkpt lat="37.622940" lon="-85.509030">
      </trkpt>
      <trkpt lat="37.622566" lon="-85.508344">
      </trkpt>
      <trkpt lat="37.622498" lon="-85.507614">
      </trkpt>
      <trkpt lat="37.618283" lon="-85.504782">
      </trkpt>
      <trkpt lat="37.617399" lon="-85.503623">
      </trkpt>
      <trkpt lat="37.614850" lon="-85.503795">
      </trkpt>
      <trkpt lat="37.612062" lon="-85.502250">
      </trkpt>
      <trkpt lat="37.611212" lon="-85.502378">
      </trkpt>
      <trkpt lat="37.608357" lon="-85.504009">
      </trkpt>
      <trkpt lat="37.603325" lon="-85.503537">
      </trkpt>
      <trkpt lat="37.602033" lon="-85.504567">
      </trkpt>
      <trkpt lat="37.600265" lon="-85.505769">
      </trkpt>
      <trkpt lat="37.596490" lon="-85.506927">
      </trkpt>
      <trkpt lat="37.594858" lon="-85.505726">
      </trkpt>
      <trkpt lat="37.587003" lon="-85.506026">
      </trkpt>
      <trkpt lat="37.576086" lon="-85.514609">
      </trkpt>
      <trkpt lat="37.573093" lon="-85.516755">
      </trkpt>
      <trkpt lat="37.571018" lon="-85.517613">
      </trkpt>
      <trkpt lat="37.568773" lon="-85.516283">
      </trkpt>
      <trkpt lat="37.567752" lon="-85.513794">
      </trkpt>
      <trkpt lat="37.567631" lon="-85.513688">
      </trkpt>
      <trkpt lat="37.567958" lon="-85.513923">
      </trkpt>
      <trkpt lat="37.566903" lon="-85.518043">
      </trkpt>
      <trkpt lat="37.567074" lon="-85.521004">
      </trkpt>
      <trkpt lat="37.565747" lon="-85.525166">
      </trkpt>
      <trkpt lat="37.564760" lon="-85.527098">
      </trkpt>
      <trkpt lat="37.562243" lon="-85.525724">
      </trkpt>
      <trkpt lat="37.559079" lon="-85.533192">
      </trkpt>
      <trkpt lat="37.557242" lon="-85.534651">
      </trkpt>
      <trkpt lat="37.557208" lon="-85.539500">
      </trkpt>
      <trkpt lat="37.556698" lon="-85.540959">
      </trkpt>
      <trkpt lat="37.552105" lon="-85.541346">
      </trkpt>
      <trkpt lat="37.551799" lon="-85.539157">
      </trkpt>
      <trkpt lat="37.549043" lon="-85.533707">
      </trkpt>
      <trkpt lat="37.546048" lon="-85.529372">
      </trkpt>
      <trkpt lat="37.541251" lon="-85.526840">
      </trkpt>
      <trkpt lat="37.539073" lon="-85.526239">
      </trkpt>
      <trkpt lat="37.536384" lon="-85.526111">
      </trkpt>
      <trkpt lat="37.534649" lon="-85.525553">
      </trkpt>
      <trkpt lat="37.531620" lon="-85.521647">
      </trkpt>
      <trkpt lat="37.531007" lon="-85.519974">
      </trkpt>
      <trkpt lat="37.532199" lon="-85.516412">
      </trkpt>
      <trkpt lat="37.532437" lon="-85.511047">
      </trkpt>
      <trkpt lat="37.531314" lon="-85.508086">
      </trkpt>
      <trkpt lat="37.532233" lon="-85.504953">
      </trkpt>
      <trkpt lat="37.530939" lon="-85.502936">
      </trkpt>
      <trkpt lat="37.530565" lon="-85.501005">
      </trkpt>
      <trkpt lat="37.529680" lon="-85.500404">
      </trkpt>
      <trkpt lat="37.526515" lon="-85.501348">
      </trkpt>
      <trkpt lat="37.524303" lon="-85.501177">
      </trkpt>
      <trkpt lat="37.521818" lon="-85.501906">
      </trkpt>
      <trkpt lat="37.521239" lon="-85.503838">
      </trkpt>
      <trkpt lat="37.519197" lon="-85.503366">
      </trkpt>
      <trkpt lat="37.518789" lon="-85.505254">
      </trkpt>
      <trkpt lat="37.517359" lon="-85.506069">
      </trkpt>
      <trkpt lat="37.515657" lon="-85.505769">
      </trkpt>
      <trkpt lat="37.512695" lon="-85.509374">
      </trkpt>
      <trkpt lat="37.511334" lon="-85.509374">
      </trkpt>
      <trkpt lat="37.507998" lon="-85.506155">
      </trkpt>
      <trkpt lat="37.506738" lon="-85.506241">
      </trkpt>
      <trkpt lat="37.505172" lon="-85.507829">
      </trkpt>
      <trkpt lat="37.503980" lon="-85.507314">
      </trkpt>
      <trkpt lat="37.502755" lon="-85.505769">
      </trkpt>
      <trkpt lat="37.498805" lon="-85.503923">
      </trkpt>
      <trkpt lat="37.495026" lon="-85.503752">
      </trkpt>
      <trkpt lat="37.487671" lon="-85.499117">
      </trkpt>
      <trkpt lat="37.483414" lon="-85.499417">
      </trkpt>
      <trkpt lat="37.482903" lon="-85.499846">
      </trkpt>
      <trkpt lat="37.482903" lon="-85.498774">
      </trkpt>
      <trkpt lat="37.481882" lon="-85.498259">
      </trkpt>
      <trkpt lat="37.481677" lon="-85.497057">
      </trkpt>
      <trkpt lat="37.480315" lon="-85.496714">
      </trkpt>
      <trkpt lat="37.479259" lon="-85.492637">
      </trkpt>
      <trkpt lat="37.477182" lon="-85.492851">
      </trkpt>
      <trkpt lat="37.475888" lon="-85.491220">
      </trkpt>
      <trkpt lat="37.474866" lon="-85.491564">
      </trkpt>
      <trkpt lat="37.473606" lon="-85.491263">
      </trkpt>
      <trkpt lat="37.472209" lon="-85.491993">
      </trkpt>
      <trkpt lat="37.470370" lon="-85.491220">
      </trkpt>
      <trkpt lat="37.467237" lon="-85.488388">
      </trkpt>
      <trkpt lat="37.467373" lon="-85.487315">
      </trkpt>
      <trkpt lat="37.466351" lon="-85.485856">
      </trkpt>
      <trkpt lat="37.467237" lon="-85.483539">
      </trkpt>
      <trkpt lat="37.465772" lon="-85.480535">
      </trkpt>
      <trkpt lat="37.466794" lon="-85.474655">
      </trkpt>
      <trkpt lat="37.466419" lon="-85.473110">
      </trkpt>
      <trkpt lat="37.467168" lon="-85.469334">
      </trkpt>
      <trkpt lat="37.465806" lon="-85.466201">
      </trkpt>
      <trkpt lat="37.466317" lon="-85.464613">
      </trkpt>
      <trkpt lat="37.467100" lon="-85.463969">
      </trkpt>
      <trkpt lat="37.466555" lon="-85.462639">
      </trkpt>
      <trkpt lat="37.466930" lon="-85.461695">
      </trkpt>
      <trkpt lat="37.466896" lon="-85.459935">
      </trkpt>
      <trkpt lat="37.468224" lon="-85.458347">
      </trkpt>
      <trkpt lat="37.469348" lon="-85.457961">
      </trkpt>
      <trkpt lat="37.469621" lon="-85.456545">
      </trkpt>
      <trkpt lat="37.467339" lon="-85.451610">
      </trkpt>
      <trkpt lat="37.469893" lon="-85.449721">
      </trkpt>
      <trkpt lat="37.470540" lon="-85.448691">
      </trkpt>
      <trkpt lat="37.470779" lon="-85.447576">
      </trkpt>
      <trkpt lat="37.472516" lon="-85.443241">
      </trkpt>
      <trkpt lat="37.473538" lon="-85.443499">
      </trkpt>
      <trkpt lat="37.477148" lon="-85.442984">
      </trkpt>
      <trkpt lat="37.478408" lon="-85.442082">
      </trkpt>
      <trkpt lat="37.479430" lon="-85.442640">
      </trkpt>
      <trkpt lat="37.480588" lon="-85.444657">
      </trkpt>
      <trkpt lat="37.484436" lon="-85.446546">
      </trkpt>
      <trkpt lat="37.486820" lon="-85.445258">
      </trkpt>
      <trkpt lat="37.489101" lon="-85.445473">
      </trkpt>
      <trkpt lat="37.489850" lon="-85.444014">
      </trkpt>
      <trkpt lat="37.492030" lon="-85.442769">
      </trkpt>
      <trkpt lat="37.493289" lon="-85.441310">
      </trkpt>
      <trkpt lat="37.501733" lon="-85.440452">
      </trkpt>
      <trkpt lat="37.502210" lon="-85.445859">
      </trkpt>
      <trkpt lat="37.501938" lon="-85.447404">
      </trkpt>
      <trkpt lat="37.501938" lon="-85.449249">
      </trkpt>
      <trkpt lat="37.501563" lon="-85.451095">
      </trkpt>
      <trkpt lat="37.502312" lon="-85.453069">
      </trkpt>
      <trkpt lat="37.502687" lon="-85.456674">
      </trkpt>
      <trkpt lat="37.502210" lon="-85.460364">
      </trkpt>
      <trkpt lat="37.502414" lon="-85.463583">
      </trkpt>
      <trkpt lat="37.503231" lon="-85.466115">
      </trkpt>
      <trkpt lat="37.501393" lon="-85.467960">
      </trkpt>
      <trkpt lat="37.500031" lon="-85.471136">
      </trkpt>
      <trkpt lat="37.499350" lon="-85.471737">
      </trkpt>
      <trkpt lat="37.496865" lon="-85.472252">
      </trkpt>
      <trkpt lat="37.494890" lon="-85.473196">
      </trkpt>
      <trkpt lat="37.494141" lon="-85.474784">
      </trkpt>
      <trkpt lat="37.494141" lon="-85.475685">
      </trkpt>
      <trkpt lat="37.495571" lon="-85.476114">
      </trkpt>
      <trkpt lat="37.497239" lon="-85.478904">
      </trkpt>
      <trkpt lat="37.503878" lon="-85.482552">
      </trkpt>
      <trkpt lat="37.503776" lon="-85.483839">
      </trkpt>
      <trkpt lat="37.509461" lon="-85.487358">
      </trkpt>
      <trkpt lat="37.510244" lon="-85.487015">
      </trkpt>
      <trkpt lat="37.513240" lon="-85.489246">
      </trkpt>
      <trkpt lat="37.514261" lon="-85.488989">
      </trkpt>
      <trkpt lat="37.514670" lon="-85.490276">
      </trkpt>
      <trkpt lat="37.514091" lon="-85.490748">
      </trkpt>
      <trkpt lat="37.513410" lon="-85.492637">
      </trkpt>
      <trkpt lat="37.513512" lon="-85.493152">
      </trkpt>
      <trkpt lat="37.523009" lon="-85.493710">
      </trkpt>
      <trkpt lat="37.523656" lon="-85.494053">
      </trkpt>
      <trkpt lat="37.524201" lon="-85.493710">
      </trkpt>
      <trkpt lat="37.529986" lon="-85.493066">
      </trkpt>
      <trkpt lat="37.532811" lon="-85.493366">
      </trkpt>
      <trkpt lat="37.533458" lon="-85.488045">
      </trkpt>
      <trkpt lat="37.532981" lon="-85.485813">
      </trkpt>
      <trkpt lat="37.532096" lon="-85.483968">
      </trkpt>
      <trkpt lat="37.531187" lon="-85.482859">
      </trkpt>
      <trkpt lat="37.531031" lon="-85.482882">
      </trkpt>
      <trkpt lat="37.531109" lon="-85.482852">
      </trkpt>
      <trkpt lat="37.527944" lon="-85.474655">
      </trkpt>
      <trkpt lat="37.529612" lon="-85.472466">
      </trkpt>
      <trkpt lat="37.524881" lon="-85.463068">
      </trkpt>
      <trkpt lat="37.522771" lon="-85.459120">
      </trkpt>
      <trkpt lat="37.524813" lon="-85.455858">
      </trkpt>
      <trkpt lat="37.525323" lon="-85.453627">
      </trkpt>
      <trkpt lat="37.525494" lon="-85.452082">
      </trkpt>
      <trkpt lat="37.525970" lon="-85.451138">
      </trkpt>
      <trkpt lat="37.527366" lon="-85.450494">
      </trkpt>
      <trkpt lat="37.528659" lon="-85.448133">
      </trkpt>
      <trkpt lat="37.526617" lon="-85.444829">
      </trkpt>
      <trkpt lat="37.525870" lon="-85.445044">
      </trkpt>
      <trkpt lat="37.525325" lon="-85.443928">
      </trkpt>
      <trkpt lat="37.522262" lon="-85.442812">
      </trkpt>
      <trkpt lat="37.522262" lon="-85.441267">
      </trkpt>
      <trkpt lat="37.515795" lon="-85.437576">
      </trkpt>
      <trkpt lat="37.513004" lon="-85.437233">
      </trkpt>
      <trkpt lat="37.511710" lon="-85.436289">
      </trkpt>
      <trkpt lat="37.508306" lon="-85.437405">
      </trkpt>
      <trkpt lat="37.507012" lon="-85.436546">
      </trkpt>
      <trkpt lat="37.503403" lon="-85.439121">
      </trkpt>
      <trkpt lat="37.502518" lon="-85.440409">
      </trkpt>
      <trkpt lat="37.501701" lon="-85.433886">
      </trkpt>
      <trkpt lat="37.499999" lon="-85.433628">
      </trkpt>
      <trkpt lat="37.498433" lon="-85.430796">
      </trkpt>
      <trkpt lat="37.498092" lon="-85.423071">
      </trkpt>
      <trkpt lat="37.496934" lon="-85.417921">
      </trkpt>
      <trkpt lat="37.495641" lon="-85.415861">
      </trkpt>
      <trkpt lat="37.495402" lon="-85.413243">
      </trkpt>
      <trkpt lat="37.493223" lon="-85.410969">
      </trkpt>
      <trkpt lat="37.494449" lon="-85.407536">
      </trkpt>
      <trkpt lat="37.498092" lon="-85.402171">
      </trkpt>
      <trkpt lat="37.499692" lon="-85.400283">
      </trkpt>
      <trkpt lat="37.500237" lon="-85.398695">
      </trkpt>
      <trkpt lat="37.499692" lon="-85.397880">
      </trkpt>
      <trkpt lat="37.501326" lon="-85.396721">
      </trkpt>
      <trkpt lat="37.501599" lon="-85.395433">
      </trkpt>
      <trkpt lat="37.504016" lon="-85.392987">
      </trkpt>
      <trkpt lat="37.510689" lon="-85.393030">
      </trkpt>
      <trkpt lat="37.515863" lon="-85.394146">
      </trkpt>
      <trkpt lat="37.517599" lon="-85.393674">
      </trkpt>
      <trkpt lat="37.518177" lon="-85.392644">
      </trkpt>
      <trkpt lat="37.521819" lon="-85.389382">
      </trkpt>
      <trkpt lat="37.520152" lon="-85.388052">
      </trkpt>
      <trkpt lat="37.518586" lon="-85.383846">
      </trkpt>
      <trkpt lat="37.512561" lon="-85.382430">
      </trkpt>
      <trkpt lat="37.510484" lon="-85.380198">
      </trkpt>
      <trkpt lat="37.507965" lon="-85.375607">
      </trkpt>
      <trkpt lat="37.505139" lon="-85.376636">
      </trkpt>
      <trkpt lat="37.504390" lon="-85.377366">
      </trkpt>
      <trkpt lat="37.502484" lon="-85.377323">
      </trkpt>
      <trkpt lat="37.501565" lon="-85.378696">
      </trkpt>
      <trkpt lat="37.499862" lon="-85.378696">
      </trkpt>
      <trkpt lat="37.497649" lon="-85.379769">
      </trkpt>
      <trkpt lat="37.494176" lon="-85.378868">
      </trkpt>
      <trkpt lat="37.493189" lon="-85.376036">
      </trkpt>
      <trkpt lat="37.491520" lon="-85.375821">
      </trkpt>
      <trkpt lat="37.491010" lon="-85.377109">
      </trkpt>
      <trkpt lat="37.488966" lon="-85.378739">
      </trkpt>
      <trkpt lat="37.486889" lon="-85.378739">
      </trkpt>
      <trkpt lat="37.485663" lon="-85.379726">
      </trkpt>
      <trkpt lat="37.481883" lon="-85.377838">
      </trkpt>
      <trkpt lat="37.481202" lon="-85.374662">
      </trkpt>
      <trkpt lat="37.480181" lon="-85.373675">
      </trkpt>
      <trkpt lat="37.478069" lon="-85.373718">
      </trkpt>
      <trkpt lat="37.477115" lon="-85.373075">
      </trkpt>
      <trkpt lat="37.474834" lon="-85.368440">
      </trkpt>
      <trkpt lat="37.474765" lon="-85.366766">
      </trkpt>
      <trkpt lat="37.472177" lon="-85.366852">
      </trkpt>
      <trkpt lat="37.469827" lon="-85.366122">
      </trkpt>
      <trkpt lat="37.467817" lon="-85.366852">
      </trkpt>
      <trkpt lat="37.465978" lon="-85.373504">
      </trkpt>
      <trkpt lat="37.466353" lon="-85.378825">
      </trkpt>
      <trkpt lat="37.464275" lon="-85.382430">
      </trkpt>
      <trkpt lat="37.462436" lon="-85.388782">
      </trkpt>
      <trkpt lat="37.458859" lon="-85.391700">
      </trkpt>
      <trkpt lat="37.454703" lon="-85.392858">
      </trkpt>
      <trkpt lat="37.451501" lon="-85.397880">
      </trkpt>
      <trkpt lat="37.449933" lon="-85.398609">
      </trkpt>
      <trkpt lat="37.454056" lon="-85.401442">
      </trkpt>
      <trkpt lat="37.456032" lon="-85.400412">
      </trkpt>
      <trkpt lat="37.457292" lon="-85.401399">
      </trkpt>
      <trkpt lat="37.458178" lon="-85.400927">
      </trkpt>
      <trkpt lat="37.460596" lon="-85.401914">
      </trkpt>
      <trkpt lat="37.468261" lon="-85.397751">
      </trkpt>
      <trkpt lat="37.469487" lon="-85.398523">
      </trkpt>
      <trkpt lat="37.470441" lon="-85.398523">
      </trkpt>
      <trkpt lat="37.472382" lon="-85.401012">
      </trkpt>
      <trkpt lat="37.474357" lon="-85.401184">
      </trkpt>
      <trkpt lat="37.475243" lon="-85.403501">
      </trkpt>
      <trkpt lat="37.474494" lon="-85.404016">
      </trkpt>
      <trkpt lat="37.473608" lon="-85.408179">
      </trkpt>
      <trkpt lat="37.475107" lon="-85.409338">
      </trkpt>
      <trkpt lat="37.475039" lon="-85.410325">
      </trkpt>
      <trkpt lat="37.473472" lon="-85.413758">
      </trkpt>
      <trkpt lat="37.467648" lon="-85.416172">
      </trkpt>
      <trkpt lat="37.465331" lon="-85.415829">
      </trkpt>
      <trkpt lat="37.464241" lon="-85.417288">
      </trkpt>
      <trkpt lat="37.460903" lon="-85.418146">
      </trkpt>
      <trkpt lat="37.459609" lon="-85.417975">
      </trkpt>
      <trkpt lat="37.458042" lon="-85.418576">
      </trkpt>
      <trkpt lat="37.457394" lon="-85.419337">
      </trkpt>
      <trkpt lat="37.456304" lon="-85.417921">
      </trkpt>
      <trkpt lat="37.454090" lon="-85.419251">
      </trkpt>
      <trkpt lat="37.451432" lon="-85.418565">
      </trkpt>
      <trkpt lat="37.451432" lon="-85.417706">
      </trkpt>
      <trkpt lat="37.450240" lon="-85.416848">
      </trkpt>
      <trkpt lat="37.446901" lon="-85.410840">
      </trkpt>
      <trkpt lat="37.441654" lon="-85.413630">
      </trkpt>
      <trkpt lat="37.440564" lon="-85.413844">
      </trkpt>
      <trkpt lat="37.437088" lon="-85.420367">
      </trkpt>
      <trkpt lat="37.439609" lon="-85.426676">
      </trkpt>
      <trkpt lat="37.435929" lon="-85.431654">
      </trkpt>
      <trkpt lat="37.434362" lon="-85.430238">
      </trkpt>
      <trkpt lat="37.432896" lon="-85.431525">
      </trkpt>
      <trkpt lat="37.431942" lon="-85.431697">
      </trkpt>
      <trkpt lat="37.430784" lon="-85.432770">
      </trkpt>
      <trkpt lat="37.430068" lon="-85.432126">
      </trkpt>
      <trkpt lat="37.424547" lon="-85.431439">
      </trkpt>
      <trkpt lat="37.424820" lon="-85.428693">
      </trkpt>
      <trkpt lat="37.423695" lon="-85.426118">
      </trkpt>
      <trkpt lat="37.422400" lon="-85.425388">
      </trkpt>
      <trkpt lat="37.421480" lon="-85.425603">
      </trkpt>
      <trkpt lat="37.421480" lon="-85.425302">
      </trkpt>
      <trkpt lat="37.421957" lon="-85.424745">
      </trkpt>
      <trkpt lat="37.421343" lon="-85.421569">
      </trkpt>
      <trkpt lat="37.421582" lon="-85.420024">
      </trkpt>
      <trkpt lat="37.423081" lon="-85.420839">
      </trkpt>
      <trkpt lat="37.424990" lon="-85.419723">
      </trkpt>
      <trkpt lat="37.428262" lon="-85.414659">
      </trkpt>
      <trkpt lat="37.429386" lon="-85.409381">
      </trkpt>
      <trkpt lat="37.424274" lon="-85.405862">
      </trkpt>
      <trkpt lat="37.420491" lon="-85.401012">
      </trkpt>
      <trkpt lat="37.414390" lon="-85.398352">
      </trkpt>
      <trkpt lat="37.411186" lon="-85.396077">
      </trkpt>
      <trkpt lat="37.408050" lon="-85.402815">
      </trkpt>
      <trkpt lat="37.405050" lon="-85.405046">
      </trkpt>
      <trkpt lat="37.398913" lon="-85.414745">
      </trkpt>
      <trkpt lat="37.392708" lon="-85.416462">
      </trkpt>
      <trkpt lat="37.391685" lon="-85.417492">
      </trkpt>
      <trkpt lat="37.387935" lon="-85.418350">
      </trkpt>
      <trkpt lat="37.386639" lon="-85.419895">
      </trkpt>
      <trkpt lat="37.384184" lon="-85.416376">
      </trkpt>
      <trkpt lat="37.367950" lon="-85.401785">
      </trkpt>
      <trkpt lat="37.364744" lon="-85.387709">
      </trkpt>
      <trkpt lat="37.361606" lon="-85.382473">
      </trkpt>
      <trkpt lat="37.349189" lon="-85.374577">
      </trkpt>
      <trkpt lat="37.342707" lon="-85.364706">
      </trkpt>
      <trkpt lat="37.341751" lon="-85.362646">
      </trkpt>
      <trkpt lat="37.338334" lon="-85.360637">
      </trkpt>
    </trkseg>
  </trk>
  <trk>
    <name>SKRR Overlook</name>
    <cmt>SKRRvr</cmt>
    <desc>SKRRvr</desc>
    <number>5</number>
    <extensions>
      <gpxx:TrackExtension>
        <gpxx:DisplayColor>Black</gpxx:DisplayColor>
      </gpxx:TrackExtension>
    </extensions>
    <trkseg>
      <trkpt lat="37.577258" lon="-85.589185">
      </trkpt>
      <trkpt lat="37.577768" lon="-85.588670">
      </trkpt>
      <trkpt lat="37.577768" lon="-85.587555">
      </trkpt>
      <trkpt lat="37.578210" lon="-85.586868">
      </trkpt>
      <trkpt lat="37.578244" lon="-85.586439">
      </trkpt>
      <trkpt lat="37.579026" lon="-85.586482">
      </trkpt>
      <trkpt lat="37.579128" lon="-85.585538">
      </trkpt>
      <trkpt lat="37.579094" lon="-85.585581">
      </trkpt>
      <trkpt lat="37.578584" lon="-85.585538">
      </trkpt>
      <trkpt lat="37.576884" lon="-85.584980">
      </trkpt>
      <trkpt lat="37.576578" lon="-85.584980">
      </trkpt>
      <trkpt lat="37.575693" lon="-85.586138">
      </trkpt>
      <trkpt lat="37.575455" lon="-85.587340">
      </trkpt>
      <trkpt lat="37.575489" lon="-85.587340">
      </trkpt>
      <trkpt lat="37.575183" lon="-85.588370">
      </trkpt>
      <trkpt lat="37.575625" lon="-85.591074">
      </trkpt>
    </trkseg>
  </trk>
  <trk>
    <name>SKRR Scottsville to Bowling Green - 52 miles</name>
    <cmt>SKRRSc</cmt>
    <desc>SKRRSc</desc>
    <number>6</number>
    <extensions>
      <gpxx:TrackExtension>
        <gpxx:DisplayColor>Green</gpxx:DisplayColor>
      </gpxx:TrackExtension>
    </extensions>
    <trkseg>
      <trkpt lat="36.739176" lon="-86.219112">
      </trkpt>
      <trkpt lat="36.739811" lon="-86.218786">
      </trkpt>
      <trkpt lat="36.744557" lon="-86.230716">
      </trkpt>
      <trkpt lat="36.744488" lon="-86.233077">
      </trkpt>
      <trkpt lat="36.745451" lon="-86.236767">
      </trkpt>
      <trkpt lat="36.745520" lon="-86.240501">
      </trkpt>
      <trkpt lat="36.744522" lon="-86.244192">
      </trkpt>
      <trkpt lat="36.744385" lon="-86.248784">
      </trkpt>
      <trkpt lat="36.739948" lon="-86.256551">
      </trkpt>
      <trkpt lat="36.742218" lon="-86.268053">
      </trkpt>
      <trkpt lat="36.741943" lon="-86.275949">
      </trkpt>
      <trkpt lat="36.742425" lon="-86.280627">
      </trkpt>
      <trkpt lat="36.742184" lon="-86.284103">
      </trkpt>
      <trkpt lat="36.741152" lon="-86.284790">
      </trkpt>
      <trkpt lat="36.739983" lon="-86.286764">
      </trkpt>
      <trkpt lat="36.739570" lon="-86.289381">
      </trkpt>
      <trkpt lat="36.740430" lon="-86.291055">
      </trkpt>
      <trkpt lat="36.740740" lon="-86.294403">
      </trkpt>
      <trkpt lat="36.740533" lon="-86.297578">
      </trkpt>
      <trkpt lat="36.740946" lon="-86.300625">
      </trkpt>
      <trkpt lat="36.742253" lon="-86.303157">
      </trkpt>
      <trkpt lat="36.741737" lon="-86.307578">
      </trkpt>
      <trkpt lat="36.740396" lon="-86.309423">
      </trkpt>
      <trkpt lat="36.741565" lon="-86.313757">
      </trkpt>
      <trkpt lat="36.741978" lon="-86.318993">
      </trkpt>
      <trkpt lat="36.743181" lon="-86.321611">
      </trkpt>
      <trkpt lat="36.744075" lon="-86.321825">
      </trkpt>
      <trkpt lat="36.744591" lon="-86.323757">
      </trkpt>
      <trkpt lat="36.744007" lon="-86.325259">
      </trkpt>
      <trkpt lat="36.741943" lon="-86.327705">
      </trkpt>
      <trkpt lat="36.742734" lon="-86.329765">
      </trkpt>
      <trkpt lat="36.743009" lon="-86.332769">
      </trkpt>
      <trkpt lat="36.741978" lon="-86.339464">
      </trkpt>
      <trkpt lat="36.743078" lon="-86.343154">
      </trkpt>
      <trkpt lat="36.744385" lon="-86.349334">
      </trkpt>
      <trkpt lat="36.745760" lon="-86.352081">
      </trkpt>
      <trkpt lat="36.745898" lon="-86.356458">
      </trkpt>
      <trkpt lat="36.746654" lon="-86.357574">
      </trkpt>
      <trkpt lat="36.752019" lon="-86.351051">
      </trkpt>
      <trkpt lat="36.763503" lon="-86.363153">
      </trkpt>
      <trkpt lat="36.765153" lon="-86.368818">
      </trkpt>
      <trkpt lat="36.766734" lon="-86.368303">
      </trkpt>
      <trkpt lat="36.768178" lon="-86.368904">
      </trkpt>
      <trkpt lat="36.769209" lon="-86.368389">
      </trkpt>
      <trkpt lat="36.771272" lon="-86.369161">
      </trkpt>
      <trkpt lat="36.772166" lon="-86.368474">
      </trkpt>
      <trkpt lat="36.773266" lon="-86.367959">
      </trkpt>
      <trkpt lat="36.775535" lon="-86.365213">
      </trkpt>
      <trkpt lat="36.776428" lon="-86.367702">
      </trkpt>
      <trkpt lat="36.777735" lon="-86.367187">
      </trkpt>
      <trkpt lat="36.778147" lon="-86.368131">
      </trkpt>
      <trkpt lat="36.780759" lon="-86.367788">
      </trkpt>
      <trkpt lat="36.782409" lon="-86.372337">
      </trkpt>
      <trkpt lat="36.783922" lon="-86.372423">
      </trkpt>
      <trkpt lat="36.784128" lon="-86.373195">
      </trkpt>
      <trkpt lat="36.786053" lon="-86.373195">
      </trkpt>
      <trkpt lat="36.786740" lon="-86.375083">
      </trkpt>
      <trkpt lat="36.788115" lon="-86.376113">
      </trkpt>
      <trkpt lat="36.791414" lon="-86.374912">
      </trkpt>
      <trkpt lat="36.791689" lon="-86.376028">
      </trkpt>
      <trkpt lat="36.792514" lon="-86.374826">
      </trkpt>
      <trkpt lat="36.793957" lon="-86.374053">
      </trkpt>
      <trkpt lat="36.795469" lon="-86.375427">
      </trkpt>
      <trkpt lat="36.800349" lon="-86.372509">
      </trkpt>
      <trkpt lat="36.801930" lon="-86.372594">
      </trkpt>
      <trkpt lat="36.802686" lon="-86.371479">
      </trkpt>
      <trkpt lat="36.801586" lon="-86.370792">
      </trkpt>
      <trkpt lat="36.802205" lon="-86.370363">
      </trkpt>
      <trkpt lat="36.807428" lon="-86.370964">
      </trkpt>
      <trkpt lat="36.808665" lon="-86.371736">
      </trkpt>
      <trkpt lat="36.812444" lon="-86.371908">
      </trkpt>
      <trkpt lat="36.815124" lon="-86.374568">
      </trkpt>
      <trkpt lat="36.817048" lon="-86.379461">
      </trkpt>
      <trkpt lat="36.825293" lon="-86.386327">
      </trkpt>
      <trkpt lat="36.825243" lon="-86.386241">
      </trkpt>
      <trkpt lat="36.824693" lon="-86.386628">
      </trkpt>
      <trkpt lat="36.823147" lon="-86.389417">
      </trkpt>
      <trkpt lat="36.821636" lon="-86.390533">
      </trkpt>
      <trkpt lat="36.818441" lon="-86.391563">
      </trkpt>
      <trkpt lat="36.816345" lon="-86.393065">
      </trkpt>
      <trkpt lat="36.816208" lon="-86.393537">
      </trkpt>
      <trkpt lat="36.818338" lon="-86.393966">
      </trkpt>
      <trkpt lat="36.818956" lon="-86.394910">
      </trkpt>
      <trkpt lat="36.818613" lon="-86.397614">
      </trkpt>
      <trkpt lat="36.819197" lon="-86.398730">
      </trkpt>
      <trkpt lat="36.816895" lon="-86.406669">
      </trkpt>
      <trkpt lat="36.817445" lon="-86.408514">
      </trkpt>
      <trkpt lat="36.818613" lon="-86.409029">
      </trkpt>
      <trkpt lat="36.819231" lon="-86.410145">
      </trkpt>
      <trkpt lat="36.818853" lon="-86.411132">
      </trkpt>
      <trkpt lat="36.816826" lon="-86.414179">
      </trkpt>
      <trkpt lat="36.818716" lon="-86.415596">
      </trkpt>
      <trkpt lat="36.822392" lon="-86.417441">
      </trkpt>
      <trkpt lat="36.824762" lon="-86.415166">
      </trkpt>
      <trkpt lat="36.824968" lon="-86.412720">
      </trkpt>
      <trkpt lat="36.827132" lon="-86.409673">
      </trkpt>
      <trkpt lat="36.827235" lon="-86.408858">
      </trkpt>
      <trkpt lat="36.828060" lon="-86.408901">
      </trkpt>
      <trkpt lat="36.829606" lon="-86.410574">
      </trkpt>
      <trkpt lat="36.832731" lon="-86.412291">
      </trkpt>
      <trkpt lat="36.833350" lon="-86.411218">
      </trkpt>
      <trkpt lat="36.834380" lon="-86.410617">
      </trkpt>
      <trkpt lat="36.834140" lon="-86.407098">
      </trkpt>
      <trkpt lat="36.832319" lon="-86.404695">
      </trkpt>
      <trkpt lat="36.832285" lon="-86.400275">
      </trkpt>
      <trkpt lat="36.833384" lon="-86.396799">
      </trkpt>
      <trkpt lat="36.832354" lon="-86.391263">
      </trkpt>
      <trkpt lat="36.832388" lon="-86.384568">
      </trkpt>
      <trkpt lat="36.833041" lon="-86.382207">
      </trkpt>
      <trkpt lat="36.832044" lon="-86.379075">
      </trkpt>
      <trkpt lat="36.830843" lon="-86.376585">
      </trkpt>
      <trkpt lat="36.833316" lon="-86.374011">
      </trkpt>
      <trkpt lat="36.837163" lon="-86.358561">
      </trkpt>
      <trkpt lat="36.838811" lon="-86.357703">
      </trkpt>
      <trkpt lat="36.841422" lon="-86.353240">
      </trkpt>
      <trkpt lat="36.845406" lon="-86.350321">
      </trkpt>
      <trkpt lat="36.843757" lon="-86.345858">
      </trkpt>
      <trkpt lat="36.844307" lon="-86.340537">
      </trkpt>
      <trkpt lat="36.845955" lon="-86.335043">
      </trkpt>
      <trkpt lat="36.849939" lon="-86.330409">
      </trkpt>
      <trkpt lat="36.848840" lon="-86.322855">
      </trkpt>
      <trkpt lat="36.854609" lon="-86.316332">
      </trkpt>
      <trkpt lat="36.858730" lon="-86.311182">
      </trkpt>
      <trkpt lat="36.862987" lon="-86.305174">
      </trkpt>
      <trkpt lat="36.864773" lon="-86.298308">
      </trkpt>
      <trkpt lat="36.866146" lon="-86.296763">
      </trkpt>
      <trkpt lat="36.867382" lon="-86.294875">
      </trkpt>
      <trkpt lat="36.870678" lon="-86.292300">
      </trkpt>
      <trkpt lat="36.872875" lon="-86.288695">
      </trkpt>
      <trkpt lat="36.877269" lon="-86.286635">
      </trkpt>
      <trkpt lat="36.879192" lon="-86.283888">
      </trkpt>
      <trkpt lat="36.882762" lon="-86.281657">
      </trkpt>
      <trkpt lat="36.883723" lon="-86.278395">
      </trkpt>
      <trkpt lat="36.886881" lon="-86.281657">
      </trkpt>
      <trkpt lat="36.893059" lon="-86.278567">
      </trkpt>
      <trkpt lat="36.895805" lon="-86.271657">
      </trkpt>
      <trkpt lat="36.896285" lon="-86.270627">
      </trkpt>
      <trkpt lat="36.896834" lon="-86.268224">
      </trkpt>
      <trkpt lat="36.898687" lon="-86.262731">
      </trkpt>
      <trkpt lat="36.901502" lon="-86.259126">
      </trkpt>
      <trkpt lat="36.901810" lon="-86.258139">
      </trkpt>
      <trkpt lat="36.901124" lon="-86.254749">
      </trkpt>
      <trkpt lat="36.903904" lon="-86.249213">
      </trkpt>
      <trkpt lat="36.903972" lon="-86.248054">
      </trkpt>
      <trkpt lat="36.903080" lon="-86.245951">
      </trkpt>
      <trkpt lat="36.904796" lon="-86.242647">
      </trkpt>
      <trkpt lat="36.907644" lon="-86.237883">
      </trkpt>
      <trkpt lat="36.908777" lon="-86.234192">
      </trkpt>
      <trkpt lat="36.908845" lon="-86.232175">
      </trkpt>
      <trkpt lat="36.909566" lon="-86.229643">
      </trkpt>
      <trkpt lat="36.910286" lon="-86.229043">
      </trkpt>
      <trkpt lat="36.911316" lon="-86.229429">
      </trkpt>
      <trkpt lat="36.912963" lon="-86.228914">
      </trkpt>
      <trkpt lat="36.913409" lon="-86.229729">
      </trkpt>
      <trkpt lat="36.914095" lon="-86.229343">
      </trkpt>
      <trkpt lat="36.915708" lon="-86.224579">
      </trkpt>
      <trkpt lat="36.916428" lon="-86.221489">
      </trkpt>
      <trkpt lat="36.917767" lon="-86.219558">
      </trkpt>
      <trkpt lat="36.924560" lon="-86.214923">
      </trkpt>
      <trkpt lat="36.928402" lon="-86.214408">
      </trkpt>
      <trkpt lat="36.933342" lon="-86.214451">
      </trkpt>
      <trkpt lat="36.934028" lon="-86.213636">
      </trkpt>
      <trkpt lat="36.938762" lon="-86.211533">
      </trkpt>
      <trkpt lat="36.944833" lon="-86.209344">
      </trkpt>
      <trkpt lat="36.947885" lon="-86.208271">
      </trkpt>
      <trkpt lat="36.949635" lon="-86.211619">
      </trkpt>
      <trkpt lat="36.950183" lon="-86.219730">
      </trkpt>
      <trkpt lat="36.951521" lon="-86.225910">
      </trkpt>
      <trkpt lat="36.951795" lon="-86.229128">
      </trkpt>
      <trkpt lat="36.952653" lon="-86.232476">
      </trkpt>
      <trkpt lat="36.952824" lon="-86.235351">
      </trkpt>
      <trkpt lat="36.953476" lon="-86.236982">
      </trkpt>
      <trkpt lat="36.950526" lon="-86.239686">
      </trkpt>
      <trkpt lat="36.949429" lon="-86.242904">
      </trkpt>
      <trkpt lat="36.943221" lon="-86.247282">
      </trkpt>
      <trkpt lat="36.943907" lon="-86.250758">
      </trkpt>
      <trkpt lat="36.942706" lon="-86.255779">
      </trkpt>
      <trkpt lat="36.941232" lon="-86.255221">
      </trkpt>
      <trkpt lat="36.939585" lon="-86.255350">
      </trkpt>
      <trkpt lat="36.938316" lon="-86.254835">
      </trkpt>
      <trkpt lat="36.934886" lon="-86.255135">
      </trkpt>
      <trkpt lat="36.933273" lon="-86.253032">
      </trkpt>
      <trkpt lat="36.932793" lon="-86.252903">
      </trkpt>
      <trkpt lat="36.929294" lon="-86.256079">
      </trkpt>
      <trkpt lat="36.928814" lon="-86.257410">
      </trkpt>
      <trkpt lat="36.927476" lon="-86.258955">
      </trkpt>
      <trkpt lat="36.926378" lon="-86.261959">
      </trkpt>
      <trkpt lat="36.924525" lon="-86.264147">
      </trkpt>
      <trkpt lat="36.922090" lon="-86.264190">
      </trkpt>
      <trkpt lat="36.921232" lon="-86.264362">
      </trkpt>
      <trkpt lat="36.919311" lon="-86.264576">
      </trkpt>
      <trkpt lat="36.918075" lon="-86.266036">
      </trkpt>
      <trkpt lat="36.918865" lon="-86.266851">
      </trkpt>
      <trkpt lat="36.928299" lon="-86.284532">
      </trkpt>
      <trkpt lat="36.929294" lon="-86.288137">
      </trkpt>
      <trkpt lat="36.929877" lon="-86.294102">
      </trkpt>
      <trkpt lat="36.932073" lon="-86.297020">
      </trkpt>
      <trkpt lat="36.933857" lon="-86.301612">
      </trkpt>
      <trkpt lat="36.935503" lon="-86.304359">
      </trkpt>
      <trkpt lat="36.941815" lon="-86.321482">
      </trkpt>
      <trkpt lat="36.943392" lon="-86.328563">
      </trkpt>
      <trkpt lat="36.943770" lon="-86.330494">
      </trkpt>
      <trkpt lat="36.944696" lon="-86.331396">
      </trkpt>
      <trkpt lat="36.946891" lon="-86.335344">
      </trkpt>
      <trkpt lat="36.948331" lon="-86.341395">
      </trkpt>
      <trkpt lat="36.949840" lon="-86.344656">
      </trkpt>
      <trkpt lat="36.956802" lon="-86.353240">
      </trkpt>
      <trkpt lat="36.960849" lon="-86.356372">
      </trkpt>
      <trkpt lat="36.964552" lon="-86.366586">
      </trkpt>
      <trkpt lat="36.965204" lon="-86.373667">
      </trkpt>
      <trkpt lat="36.967501" lon="-86.378345">
      </trkpt>
      <trkpt lat="36.971753" lon="-86.380577">
      </trkpt>
      <trkpt lat="36.978575" lon="-86.394438">
      </trkpt>
      <trkpt lat="36.978641" lon="-86.394567">
      </trkpt>
      <trkpt lat="36.983440" lon="-86.399846">
      </trkpt>
      <trkpt lat="36.984160" lon="-86.401433">
      </trkpt>
      <trkpt lat="36.988411" lon="-86.405510">
      </trkpt>
      <trkpt lat="36.990433" lon="-86.418685">
      </trkpt>
      <trkpt lat="36.990913" lon="-86.432418">
      </trkpt>
      <trkpt lat="36.992284" lon="-86.434221">
      </trkpt>
      <trkpt lat="36.991393" lon="-86.435465">
      </trkpt>
      <trkpt lat="36.991085" lon="-86.435680">
      </trkpt>
      <trkpt lat="36.990433" lon="-86.435551">
      </trkpt>
      <trkpt lat="36.990125" lon="-86.436023">
      </trkpt>
      <trkpt lat="36.989131" lon="-86.436538">
      </trkpt>
      <trkpt lat="36.988788" lon="-86.437311">
      </trkpt>
      <trkpt lat="36.989542" lon="-86.437654">
      </trkpt>
      <trkpt lat="36.990159" lon="-86.437568">
      </trkpt>
      <trkpt lat="36.992867" lon="-86.440486">
      </trkpt>
      <trkpt lat="36.992846" lon="-86.440518">
      </trkpt>
    </trkseg>
  </trk>
  <trk>
    <name>SKRR Cecilia TN to Scottsville KY - 123 miles</name>
    <cmt>TrnsKn</cmt>
    <desc>SKRRCc</desc>
    <number>7</number>
    <extensions>
      <gpxx:TrackExtension>
        <gpxx:DisplayColor>Cyan</gpxx:DisplayColor>
      </gpxx:TrackExtension>
    </extensions>
    <trkseg>
      <trkpt lat="36.738983" lon="-86.219264">
        <time>1982-01-06T21:11:22Z</time>
      </trkpt>
      <trkpt lat="36.738736" lon="-86.219407">
        <time>2020-05-09T16:02:43Z</time>
      </trkpt>
      <trkpt lat="36.738425" lon="-86.219562">
        <time>2020-05-09T16:02:53Z</time>
      </trkpt>
      <trkpt lat="36.738212" lon="-86.219665">
        <time>2020-05-09T16:02:54Z</time>
      </trkpt>
      <trkpt lat="36.737145" lon="-86.220194">
        <time>2020-05-09T16:02:59Z</time>
      </trkpt>
      <trkpt lat="36.735862" lon="-86.220833">
        <time>2020-05-09T16:03:05Z</time>
      </trkpt>
      <trkpt lat="36.734576" lon="-86.221511">
        <time>2020-05-09T16:03:11Z</time>
      </trkpt>
      <trkpt lat="36.733249" lon="-86.222191">
        <time>2020-05-09T16:03:17Z</time>
      </trkpt>
      <trkpt lat="36.732582" lon="-86.222517">
        <time>2020-05-09T16:03:20Z</time>
      </trkpt>
      <trkpt lat="36.731478" lon="-86.223068">
        <time>2020-05-09T16:03:25Z</time>
      </trkpt>
      <trkpt lat="36.729962" lon="-86.223825">
        <time>2020-05-09T16:03:32Z</time>
      </trkpt>
      <trkpt lat="36.727983" lon="-86.224885">
        <time>2020-05-09T16:03:41Z</time>
      </trkpt>
      <trkpt lat="36.727137" lon="-86.225447">
        <time>2020-05-09T16:03:45Z</time>
      </trkpt>
      <trkpt lat="36.726329" lon="-86.226064">
        <time>2020-05-09T16:03:49Z</time>
      </trkpt>
      <trkpt lat="36.725559" lon="-86.226751">
        <time>2020-05-09T16:03:53Z</time>
      </trkpt>
      <trkpt lat="36.725180" lon="-86.227120">
        <time>2020-05-09T16:03:55Z</time>
      </trkpt>
      <trkpt lat="36.724448" lon="-86.227903">
        <time>2020-05-09T16:03:59Z</time>
      </trkpt>
      <trkpt lat="36.724271" lon="-86.228109">
        <time>2020-05-09T16:04:00Z</time>
      </trkpt>
      <trkpt lat="36.723922" lon="-86.228533">
        <time>2020-05-09T16:04:02Z</time>
      </trkpt>
      <trkpt lat="36.722568" lon="-86.230324">
        <time>2020-05-09T16:04:10Z</time>
      </trkpt>
      <trkpt lat="36.720941" lon="-86.232506">
        <time>2020-05-09T16:04:20Z</time>
      </trkpt>
      <trkpt lat="36.720776" lon="-86.232723">
        <time>2020-05-09T16:04:21Z</time>
      </trkpt>
      <trkpt lat="36.718597" lon="-86.235613">
        <time>2020-05-09T16:04:34Z</time>
      </trkpt>
      <trkpt lat="36.717769" lon="-86.236731">
        <time>2020-05-09T16:04:39Z</time>
      </trkpt>
      <trkpt lat="36.717434" lon="-86.237172">
        <time>2020-05-09T16:04:41Z</time>
      </trkpt>
      <trkpt lat="36.716936" lon="-86.237839">
        <time>2020-05-09T16:04:44Z</time>
      </trkpt>
      <trkpt lat="36.716770" lon="-86.238061">
        <time>2020-05-09T16:04:45Z</time>
      </trkpt>
      <trkpt lat="36.715460" lon="-86.239785">
        <time>2020-05-09T16:04:53Z</time>
      </trkpt>
      <trkpt lat="36.712506" lon="-86.243713">
        <time>2020-05-09T16:05:11Z</time>
      </trkpt>
      <trkpt lat="36.710843" lon="-86.245861">
        <time>2020-05-09T16:05:21Z</time>
      </trkpt>
      <trkpt lat="36.710110" lon="-86.246667">
        <time>2020-05-09T16:05:25Z</time>
      </trkpt>
      <trkpt lat="36.709726" lon="-86.247054">
        <time>2020-05-09T16:05:27Z</time>
      </trkpt>
      <trkpt lat="36.709135" lon="-86.247607">
        <time>2020-05-09T16:05:30Z</time>
      </trkpt>
      <trkpt lat="36.708521" lon="-86.248111">
        <time>2020-05-09T16:05:33Z</time>
      </trkpt>
      <trkpt lat="36.708312" lon="-86.248270">
        <time>2020-05-09T16:05:34Z</time>
      </trkpt>
      <trkpt lat="36.707890" lon="-86.248582">
        <time>2020-05-09T16:05:36Z</time>
      </trkpt>
      <trkpt lat="36.707675" lon="-86.248734">
        <time>2020-05-09T16:05:37Z</time>
      </trkpt>
      <trkpt lat="36.706333" lon="-86.249562">
        <time>2020-05-09T16:05:43Z</time>
      </trkpt>
      <trkpt lat="36.705397" lon="-86.250018">
        <time>2020-05-09T16:05:47Z</time>
      </trkpt>
      <trkpt lat="36.704213" lon="-86.250482">
        <time>2020-05-09T16:05:52Z</time>
      </trkpt>
      <trkpt lat="36.703971" lon="-86.250562">
        <time>2020-05-09T16:05:53Z</time>
      </trkpt>
      <trkpt lat="36.701240" lon="-86.251146">
        <time>2020-05-09T16:06:04Z</time>
      </trkpt>
      <trkpt lat="36.697768" lon="-86.251683">
        <time>2020-05-09T16:06:18Z</time>
      </trkpt>
      <trkpt lat="36.696100" lon="-86.251952">
        <time>2020-05-09T16:06:26Z</time>
      </trkpt>
      <trkpt lat="36.695840" lon="-86.251998">
        <time>2020-05-09T16:06:28Z</time>
      </trkpt>
      <trkpt lat="36.695518" lon="-86.251790">
        <time>2020-05-09T16:06:33Z</time>
      </trkpt>
      <trkpt lat="36.695264" lon="-86.251614">
        <time>2020-05-09T16:06:38Z</time>
      </trkpt>
      <trkpt lat="36.694592" lon="-86.251801">
        <time>2020-05-09T16:06:44Z</time>
      </trkpt>
      <trkpt lat="36.694376" lon="-86.251867">
        <time>2020-05-09T16:06:46Z</time>
      </trkpt>
      <trkpt lat="36.694283" lon="-86.251894">
        <time>2020-05-09T16:06:47Z</time>
      </trkpt>
      <trkpt lat="36.694143" lon="-86.251874">
        <time>2020-05-09T16:06:49Z</time>
      </trkpt>
      <trkpt lat="36.694046" lon="-86.251632">
        <time>2020-05-09T16:06:52Z</time>
      </trkpt>
      <trkpt lat="36.693977" lon="-86.251170">
        <time>2020-05-09T16:06:56Z</time>
      </trkpt>
      <trkpt lat="36.693787" lon="-86.249785">
        <time>2020-05-09T16:07:07Z</time>
      </trkpt>
      <trkpt lat="36.693401" lon="-86.249675">
        <time>2020-05-09T16:07:13Z</time>
      </trkpt>
      <trkpt lat="36.692954" lon="-86.249844">
        <time>2020-05-09T16:07:17Z</time>
      </trkpt>
      <trkpt lat="36.692281" lon="-86.250004">
        <time>2020-05-09T16:07:22Z</time>
      </trkpt>
      <trkpt lat="36.691685" lon="-86.250023">
        <time>2020-05-09T16:07:26Z</time>
      </trkpt>
      <trkpt lat="36.691392" lon="-86.249970">
        <time>2020-05-09T16:07:28Z</time>
      </trkpt>
      <trkpt lat="36.690608" lon="-86.249733">
        <time>2020-05-09T16:07:34Z</time>
      </trkpt>
      <trkpt lat="36.690014" lon="-86.249877">
        <time>2020-05-09T16:07:39Z</time>
      </trkpt>
      <trkpt lat="36.689492" lon="-86.249794">
        <time>2020-05-09T16:07:44Z</time>
      </trkpt>
      <trkpt lat="36.689343" lon="-86.249399">
        <time>2020-05-09T16:07:47Z</time>
      </trkpt>
      <trkpt lat="36.689246" lon="-86.248532">
        <time>2020-05-09T16:07:52Z</time>
      </trkpt>
      <trkpt lat="36.689174" lon="-86.247951">
        <time>2020-05-09T16:07:55Z</time>
      </trkpt>
      <trkpt lat="36.688979" lon="-86.246503">
        <time>2020-05-09T16:08:02Z</time>
      </trkpt>
      <trkpt lat="36.688905" lon="-86.245660">
        <time>2020-05-09T16:08:06Z</time>
      </trkpt>
      <trkpt lat="36.688849" lon="-86.245026">
        <time>2020-05-09T16:08:09Z</time>
      </trkpt>
      <trkpt lat="36.688790" lon="-86.244394">
        <time>2020-05-09T16:08:12Z</time>
      </trkpt>
      <trkpt lat="36.688728" lon="-86.243736">
        <time>2020-05-09T16:08:15Z</time>
      </trkpt>
      <trkpt lat="36.688706" lon="-86.243509">
        <time>2020-05-09T16:08:16Z</time>
      </trkpt>
      <trkpt lat="36.688629" lon="-86.242812">
        <time>2020-05-09T16:08:19Z</time>
      </trkpt>
      <trkpt lat="36.688498" lon="-86.241659">
        <time>2020-05-09T16:08:24Z</time>
      </trkpt>
      <trkpt lat="36.688475" lon="-86.241423">
        <time>2020-05-09T16:08:25Z</time>
      </trkpt>
      <trkpt lat="36.688368" lon="-86.240205">
        <time>2020-05-09T16:08:30Z</time>
      </trkpt>
      <trkpt lat="36.688253" lon="-86.239076">
        <time>2020-05-09T16:08:35Z</time>
      </trkpt>
      <trkpt lat="36.688197" lon="-86.238457">
        <time>2020-05-09T16:08:38Z</time>
      </trkpt>
      <trkpt lat="36.688331" lon="-86.237682">
        <time>2020-05-09T16:08:42Z</time>
      </trkpt>
      <trkpt lat="36.688865" lon="-86.235784">
        <time>2020-05-09T16:08:53Z</time>
      </trkpt>
      <trkpt lat="36.688732" lon="-86.235436">
        <time>2020-05-09T16:08:57Z</time>
      </trkpt>
      <trkpt lat="36.688517" lon="-86.235402">
        <time>2020-05-09T16:08:59Z</time>
      </trkpt>
      <trkpt lat="36.687406" lon="-86.235328">
        <time>2020-05-09T16:09:06Z</time>
      </trkpt>
      <trkpt lat="36.687231" lon="-86.235325">
        <time>2020-05-09T16:09:07Z</time>
      </trkpt>
      <trkpt lat="36.686404" lon="-86.235369">
        <time>2020-05-09T16:09:12Z</time>
      </trkpt>
      <trkpt lat="36.685818" lon="-86.235652">
        <time>2020-05-09T16:09:16Z</time>
      </trkpt>
      <trkpt lat="36.684362" lon="-86.236823">
        <time>2020-05-09T16:09:26Z</time>
      </trkpt>
      <trkpt lat="36.682825" lon="-86.237207">
        <time>2020-05-09T16:09:35Z</time>
      </trkpt>
      <trkpt lat="36.681975" lon="-86.237313">
        <time>2020-05-09T16:09:40Z</time>
      </trkpt>
      <trkpt lat="36.681098" lon="-86.236854">
        <time>2020-05-09T16:09:46Z</time>
      </trkpt>
      <trkpt lat="36.679713" lon="-86.234833">
        <time>2020-05-09T16:09:58Z</time>
      </trkpt>
      <trkpt lat="36.677771" lon="-86.232589">
        <time>2020-05-09T16:10:13Z</time>
      </trkpt>
      <trkpt lat="36.677402" lon="-86.232180">
        <time>2020-05-09T16:10:17Z</time>
      </trkpt>
      <trkpt lat="36.677311" lon="-86.231691">
        <time>2020-05-09T16:10:22Z</time>
      </trkpt>
      <trkpt lat="36.677576" lon="-86.230201">
        <time>2020-05-09T16:10:32Z</time>
      </trkpt>
      <trkpt lat="36.677685" lon="-86.229698">
        <time>2020-05-09T16:10:35Z</time>
      </trkpt>
      <trkpt lat="36.678119" lon="-86.227152">
        <time>2020-05-09T16:10:50Z</time>
      </trkpt>
      <trkpt lat="36.678400" lon="-86.226540">
        <time>2020-05-09T16:10:54Z</time>
      </trkpt>
      <trkpt lat="36.678740" lon="-86.226004">
        <time>2020-05-09T16:10:58Z</time>
      </trkpt>
      <trkpt lat="36.678908" lon="-86.225405">
        <time>2020-05-09T16:11:02Z</time>
      </trkpt>
      <trkpt lat="36.678877" lon="-86.225056">
        <time>2020-05-09T16:11:04Z</time>
      </trkpt>
      <trkpt lat="36.678746" lon="-86.224361">
        <time>2020-05-09T16:11:08Z</time>
      </trkpt>
      <trkpt lat="36.678682" lon="-86.224021">
        <time>2020-05-09T16:11:10Z</time>
      </trkpt>
      <trkpt lat="36.678558" lon="-86.223367">
        <time>2020-05-09T16:11:14Z</time>
      </trkpt>
      <trkpt lat="36.678525" lon="-86.223205">
        <time>2020-05-09T16:11:15Z</time>
      </trkpt>
      <trkpt lat="36.678163" lon="-86.222494">
        <time>2020-05-09T16:11:20Z</time>
      </trkpt>
      <trkpt lat="36.677798" lon="-86.222138">
        <time>2020-05-09T16:11:23Z</time>
      </trkpt>
      <trkpt lat="36.677552" lon="-86.221923">
        <time>2020-05-09T16:11:25Z</time>
      </trkpt>
      <trkpt lat="36.677301" lon="-86.221725">
        <time>2020-05-09T16:11:27Z</time>
      </trkpt>
      <trkpt lat="36.676921" lon="-86.221472">
        <time>2020-05-09T16:11:30Z</time>
      </trkpt>
      <trkpt lat="36.676546" lon="-86.221259">
        <time>2020-05-09T16:11:33Z</time>
      </trkpt>
      <trkpt lat="36.676430" lon="-86.221183">
        <time>2020-05-09T16:11:34Z</time>
      </trkpt>
      <trkpt lat="36.676076" lon="-86.220641">
        <time>2020-05-09T16:11:39Z</time>
      </trkpt>
      <trkpt lat="36.676057" lon="-86.220324">
        <time>2020-05-09T16:11:41Z</time>
      </trkpt>
      <trkpt lat="36.676073" lon="-86.220003">
        <time>2020-05-09T16:11:43Z</time>
      </trkpt>
      <trkpt lat="36.676499" lon="-86.218582">
        <time>2020-05-09T16:11:52Z</time>
      </trkpt>
      <trkpt lat="36.677300" lon="-86.216873">
        <time>2020-05-09T16:12:03Z</time>
      </trkpt>
      <trkpt lat="36.677545" lon="-86.216405">
        <time>2020-05-09T16:12:06Z</time>
      </trkpt>
      <trkpt lat="36.677751" lon="-86.215968">
        <time>2020-05-09T16:12:09Z</time>
      </trkpt>
      <trkpt lat="36.677832" lon="-86.215396">
        <time>2020-05-09T16:12:13Z</time>
      </trkpt>
      <trkpt lat="36.677815" lon="-86.215066">
        <time>2020-05-09T16:12:15Z</time>
      </trkpt>
      <trkpt lat="36.677750" lon="-86.213295">
        <time>2020-05-09T16:12:27Z</time>
      </trkpt>
      <trkpt lat="36.677734" lon="-86.213115">
        <time>2020-05-09T16:12:30Z</time>
      </trkpt>
      <trkpt lat="36.677335" lon="-86.212824">
        <time>2020-05-09T16:12:36Z</time>
      </trkpt>
      <trkpt lat="36.677037" lon="-86.212495">
        <time>2020-05-09T16:12:39Z</time>
      </trkpt>
      <trkpt lat="36.676862" lon="-86.212198">
        <time>2020-05-09T16:12:41Z</time>
      </trkpt>
      <trkpt lat="36.676618" lon="-86.211720">
        <time>2020-05-09T16:12:44Z</time>
      </trkpt>
      <trkpt lat="36.676155" lon="-86.211215">
        <time>2020-05-09T16:12:48Z</time>
      </trkpt>
      <trkpt lat="36.675569" lon="-86.210821">
        <time>2020-05-09T16:12:52Z</time>
      </trkpt>
      <trkpt lat="36.675093" lon="-86.210530">
        <time>2020-05-09T16:12:55Z</time>
      </trkpt>
      <trkpt lat="36.673517" lon="-86.209768">
        <time>2020-05-09T16:13:04Z</time>
      </trkpt>
      <trkpt lat="36.670846" lon="-86.208478">
        <time>2020-05-09T16:13:19Z</time>
      </trkpt>
      <trkpt lat="36.670075" lon="-86.207614">
        <time>2020-05-09T16:13:25Z</time>
      </trkpt>
      <trkpt lat="36.669822" lon="-86.207340">
        <time>2020-05-09T16:13:27Z</time>
      </trkpt>
      <trkpt lat="36.669417" lon="-86.206962">
        <time>2020-05-09T16:13:30Z</time>
      </trkpt>
      <trkpt lat="36.669283" lon="-86.206839">
        <time>2020-05-09T16:13:31Z</time>
      </trkpt>
      <trkpt lat="36.668976" lon="-86.206168">
        <time>2020-05-09T16:13:35Z</time>
      </trkpt>
      <trkpt lat="36.668997" lon="-86.205772">
        <time>2020-05-09T16:13:37Z</time>
      </trkpt>
      <trkpt lat="36.669138" lon="-86.205402">
        <time>2020-05-09T16:13:39Z</time>
      </trkpt>
      <trkpt lat="36.669407" lon="-86.204858">
        <time>2020-05-09T16:13:42Z</time>
      </trkpt>
      <trkpt lat="36.669775" lon="-86.203421">
        <time>2020-05-09T16:13:49Z</time>
      </trkpt>
      <trkpt lat="36.669713" lon="-86.202581">
        <time>2020-05-09T16:13:53Z</time>
      </trkpt>
      <trkpt lat="36.669506" lon="-86.201757">
        <time>2020-05-09T16:13:57Z</time>
      </trkpt>
      <trkpt lat="36.669401" lon="-86.201334">
        <time>2020-05-09T16:13:59Z</time>
      </trkpt>
      <trkpt lat="36.668823" lon="-86.199975">
        <time>2020-05-09T16:14:06Z</time>
      </trkpt>
      <trkpt lat="36.668519" lon="-86.199457">
        <time>2020-05-09T16:14:09Z</time>
      </trkpt>
      <trkpt lat="36.668318" lon="-86.199116">
        <time>2020-05-09T16:14:11Z</time>
      </trkpt>
      <trkpt lat="36.668051" lon="-86.198560">
        <time>2020-05-09T16:14:14Z</time>
      </trkpt>
      <trkpt lat="36.667930" lon="-86.198138">
        <time>2020-05-09T16:14:16Z</time>
      </trkpt>
      <trkpt lat="36.667813" lon="-86.197450">
        <time>2020-05-09T16:14:19Z</time>
      </trkpt>
      <trkpt lat="36.667585" lon="-86.196070">
        <time>2020-05-09T16:14:25Z</time>
      </trkpt>
      <trkpt lat="36.667545" lon="-86.195844">
        <time>2020-05-09T16:14:26Z</time>
      </trkpt>
      <trkpt lat="36.667500" lon="-86.195622">
        <time>2020-05-09T16:14:27Z</time>
      </trkpt>
      <trkpt lat="36.667162" lon="-86.194827">
        <time>2020-05-09T16:14:31Z</time>
      </trkpt>
      <trkpt lat="36.665983" lon="-86.193190">
        <time>2020-05-09T16:14:41Z</time>
      </trkpt>
      <trkpt lat="36.665632" lon="-86.192717">
        <time>2020-05-09T16:14:44Z</time>
      </trkpt>
      <trkpt lat="36.665380" lon="-86.192436">
        <time>2020-05-09T16:14:46Z</time>
      </trkpt>
      <trkpt lat="36.664933" lon="-86.192140">
        <time>2020-05-09T16:14:49Z</time>
      </trkpt>
      <trkpt lat="36.664405" lon="-86.192043">
        <time>2020-05-09T16:14:52Z</time>
      </trkpt>
      <trkpt lat="36.663849" lon="-86.192032">
        <time>2020-05-09T16:14:55Z</time>
      </trkpt>
      <trkpt lat="36.663303" lon="-86.191993">
        <time>2020-05-09T16:14:58Z</time>
      </trkpt>
      <trkpt lat="36.662473" lon="-86.191548">
        <time>2020-05-09T16:15:03Z</time>
      </trkpt>
      <trkpt lat="36.662062" lon="-86.191137">
        <time>2020-05-09T16:15:06Z</time>
      </trkpt>
      <trkpt lat="36.661083" lon="-86.190787">
        <time>2020-05-09T16:15:13Z</time>
      </trkpt>
      <trkpt lat="36.660358" lon="-86.191094">
        <time>2020-05-09T16:15:18Z</time>
      </trkpt>
      <trkpt lat="36.660212" lon="-86.191215">
        <time>2020-05-09T16:15:19Z</time>
      </trkpt>
      <trkpt lat="36.659516" lon="-86.191876">
        <time>2020-05-09T16:15:24Z</time>
      </trkpt>
      <trkpt lat="36.658980" lon="-86.192394">
        <time>2020-05-09T16:15:28Z</time>
      </trkpt>
      <trkpt lat="36.658840" lon="-86.192511">
        <time>2020-05-09T16:15:29Z</time>
      </trkpt>
      <trkpt lat="36.658372" lon="-86.192781">
        <time>2020-05-09T16:15:32Z</time>
      </trkpt>
      <trkpt lat="36.658210" lon="-86.192858">
        <time>2020-05-09T16:15:33Z</time>
      </trkpt>
      <trkpt lat="36.657906" lon="-86.193014">
        <time>2020-05-09T16:15:35Z</time>
      </trkpt>
      <trkpt lat="36.657491" lon="-86.193505">
        <time>2020-05-09T16:15:39Z</time>
      </trkpt>
      <trkpt lat="36.657412" lon="-86.193895">
        <time>2020-05-09T16:15:41Z</time>
      </trkpt>
      <trkpt lat="36.657393" lon="-86.194108">
        <time>2020-05-09T16:15:42Z</time>
      </trkpt>
      <trkpt lat="36.657327" lon="-86.194992">
        <time>2020-05-09T16:15:46Z</time>
      </trkpt>
      <trkpt lat="36.657288" lon="-86.195409">
        <time>2020-05-09T16:15:48Z</time>
      </trkpt>
      <trkpt lat="36.657109" lon="-86.196812">
        <time>2020-05-09T16:15:55Z</time>
      </trkpt>
      <trkpt lat="36.657177" lon="-86.198941">
        <time>2020-05-09T16:16:05Z</time>
      </trkpt>
      <trkpt lat="36.657207" lon="-86.200826">
        <time>2020-05-09T16:16:14Z</time>
      </trkpt>
      <trkpt lat="36.656996" lon="-86.201782">
        <time>2020-05-09T16:16:19Z</time>
      </trkpt>
      <trkpt lat="36.656323" lon="-86.202485">
        <time>2020-05-09T16:16:25Z</time>
      </trkpt>
      <trkpt lat="36.655501" lon="-86.202376">
        <time>2020-05-09T16:16:30Z</time>
      </trkpt>
      <trkpt lat="36.655058" lon="-86.202056">
        <time>2020-05-09T16:16:33Z</time>
      </trkpt>
      <trkpt lat="36.654774" lon="-86.201786">
        <time>2020-05-09T16:16:35Z</time>
      </trkpt>
      <trkpt lat="36.654336" lon="-86.201389">
        <time>2020-05-09T16:16:38Z</time>
      </trkpt>
      <trkpt lat="36.653491" lon="-86.201040">
        <time>2020-05-09T16:16:43Z</time>
      </trkpt>
      <trkpt lat="36.651228" lon="-86.200843">
        <time>2020-05-09T16:16:55Z</time>
      </trkpt>
      <trkpt lat="36.649593" lon="-86.200304">
        <time>2020-05-09T16:17:04Z</time>
      </trkpt>
      <trkpt lat="36.648853" lon="-86.200047">
        <time>2020-05-09T16:17:08Z</time>
      </trkpt>
      <trkpt lat="36.646879" lon="-86.199636">
        <time>2020-05-09T16:17:18Z</time>
      </trkpt>
      <trkpt lat="36.645107" lon="-86.199008">
        <time>2020-05-09T16:17:27Z</time>
      </trkpt>
      <trkpt lat="36.643381" lon="-86.198334">
        <time>2020-05-09T16:17:36Z</time>
      </trkpt>
      <trkpt lat="36.642857" lon="-86.197984">
        <time>2020-05-09T16:17:39Z</time>
      </trkpt>
      <trkpt lat="36.641609" lon="-86.197516">
        <time>2020-05-09T16:17:46Z</time>
      </trkpt>
      <trkpt lat="36.639862" lon="-86.197537">
        <time>2020-05-09T16:17:56Z</time>
      </trkpt>
      <trkpt lat="36.638660" lon="-86.197422">
        <time>2020-05-09T16:18:04Z</time>
      </trkpt>
      <trkpt lat="36.637526" lon="-86.196627">
        <time>2020-05-09T16:18:12Z</time>
      </trkpt>
      <trkpt lat="36.637408" lon="-86.196510">
        <time>2020-05-09T16:18:13Z</time>
      </trkpt>
      <trkpt lat="36.636806" lon="-86.195331">
        <time>2020-05-09T16:18:20Z</time>
      </trkpt>
      <trkpt lat="36.636690" lon="-86.194958">
        <time>2020-05-09T16:18:22Z</time>
      </trkpt>
      <trkpt lat="36.636492" lon="-86.193209">
        <time>2020-05-09T16:18:31Z</time>
      </trkpt>
      <trkpt lat="36.636118" lon="-86.192660">
        <time>2020-05-09T16:18:36Z</time>
      </trkpt>
      <trkpt lat="36.636056" lon="-86.192667">
        <time>2020-05-09T16:18:40Z</time>
      </trkpt>
      <trkpt lat="36.635794" lon="-86.192627">
      </trkpt>
      <trkpt lat="36.635828" lon="-86.191855">
      </trkpt>
      <trkpt lat="36.634554" lon="-86.187477">
      </trkpt>
      <trkpt lat="36.634072" lon="-86.187048">
      </trkpt>
      <trkpt lat="36.632109" lon="-86.183143">
      </trkpt>
      <trkpt lat="36.631420" lon="-86.182499">
      </trkpt>
      <trkpt lat="36.626977" lon="-86.174002">
      </trkpt>
      <trkpt lat="36.627012" lon="-86.172500">
      </trkpt>
      <trkpt lat="36.626323" lon="-86.170912">
      </trkpt>
      <trkpt lat="36.625324" lon="-86.169153">
      </trkpt>
      <trkpt lat="36.624222" lon="-86.168552">
      </trkpt>
      <trkpt lat="36.621639" lon="-86.165676">
      </trkpt>
      <trkpt lat="36.616782" lon="-86.160612">
      </trkpt>
      <trkpt lat="36.616162" lon="-86.159454">
      </trkpt>
      <trkpt lat="36.615542" lon="-86.157265">
      </trkpt>
      <trkpt lat="36.612786" lon="-86.153660">
      </trkpt>
      <trkpt lat="36.611271" lon="-86.151901">
      </trkpt>
      <trkpt lat="36.610340" lon="-86.150356">
      </trkpt>
      <trkpt lat="36.609376" lon="-86.149283">
      </trkpt>
      <trkpt lat="36.609273" lon="-86.148811">
      </trkpt>
      <trkpt lat="36.609238" lon="-86.143103">
      </trkpt>
      <trkpt lat="36.606517" lon="-86.139112">
      </trkpt>
      <trkpt lat="36.606448" lon="-86.135764">
      </trkpt>
      <trkpt lat="36.606964" lon="-86.134863">
      </trkpt>
      <trkpt lat="36.605965" lon="-86.132460">
      </trkpt>
      <trkpt lat="36.605207" lon="-86.132374">
      </trkpt>
      <trkpt lat="36.605691" lon="-86.130057">
      </trkpt>
      <trkpt lat="36.606620" lon="-86.129928">
      </trkpt>
      <trkpt lat="36.607585" lon="-86.128555">
      </trkpt>
      <trkpt lat="36.608549" lon="-86.123576">
      </trkpt>
      <trkpt lat="36.608239" lon="-86.121302">
      </trkpt>
      <trkpt lat="36.608274" lon="-86.119800">
      </trkpt>
      <trkpt lat="36.606792" lon="-86.119671">
      </trkpt>
      <trkpt lat="36.603347" lon="-86.116281">
      </trkpt>
      <trkpt lat="36.602451" lon="-86.114865">
      </trkpt>
      <trkpt lat="36.601211" lon="-86.115122">
      </trkpt>
      <trkpt lat="36.597697" lon="-86.114478">
      </trkpt>
      <trkpt lat="36.596698" lon="-86.115165">
      </trkpt>
      <trkpt lat="36.594148" lon="-86.113835">
      </trkpt>
      <trkpt lat="36.592632" lon="-86.113963">
      </trkpt>
      <trkpt lat="36.590254" lon="-86.115980">
      </trkpt>
      <trkpt lat="36.589014" lon="-86.115852">
      </trkpt>
      <trkpt lat="36.588911" lon="-86.115337">
      </trkpt>
      <trkpt lat="36.587532" lon="-86.115294">
      </trkpt>
      <trkpt lat="36.586395" lon="-86.117697">
      </trkpt>
      <trkpt lat="36.582639" lon="-86.115208">
      </trkpt>
      <trkpt lat="36.581054" lon="-86.115294">
      </trkpt>
      <trkpt lat="36.580330" lon="-86.115594">
      </trkpt>
      <trkpt lat="36.579193" lon="-86.114693">
      </trkpt>
      <trkpt lat="36.579089" lon="-86.114092">
      </trkpt>
      <trkpt lat="36.579606" lon="-86.112290">
      </trkpt>
      <trkpt lat="36.579331" lon="-86.110316">
      </trkpt>
      <trkpt lat="36.579606" lon="-86.107826">
      </trkpt>
      <trkpt lat="36.580916" lon="-86.105337">
      </trkpt>
      <trkpt lat="36.584638" lon="-86.101690">
      </trkpt>
      <trkpt lat="36.588359" lon="-86.097527">
      </trkpt>
      <trkpt lat="36.588945" lon="-86.092677">
      </trkpt>
      <trkpt lat="36.588600" lon="-86.089802">
      </trkpt>
      <trkpt lat="36.589186" lon="-86.087399">
      </trkpt>
      <trkpt lat="36.588359" lon="-86.077399">
      </trkpt>
      <trkpt lat="36.586705" lon="-86.072035">
      </trkpt>
      <trkpt lat="36.585740" lon="-86.069932">
      </trkpt>
      <trkpt lat="36.584776" lon="-86.069031">
      </trkpt>
      <trkpt lat="36.586016" lon="-86.068688">
      </trkpt>
      <trkpt lat="36.586843" lon="-86.067271">
      </trkpt>
      <trkpt lat="36.586843" lon="-86.065169">
      </trkpt>
      <trkpt lat="36.590737" lon="-86.062937">
      </trkpt>
      <trkpt lat="36.595320" lon="-86.061092">
      </trkpt>
      <trkpt lat="36.597835" lon="-86.060448">
      </trkpt>
      <trkpt lat="36.600212" lon="-86.056671">
      </trkpt>
      <trkpt lat="36.600901" lon="-86.054611">
      </trkpt>
      <trkpt lat="36.602142" lon="-86.053109">
      </trkpt>
      <trkpt lat="36.603279" lon="-86.050406">
      </trkpt>
      <trkpt lat="36.605587" lon="-86.048260">
      </trkpt>
      <trkpt lat="36.606827" lon="-86.045041">
      </trkpt>
      <trkpt lat="36.610616" lon="-86.039334">
      </trkpt>
      <trkpt lat="36.612373" lon="-86.033883">
      </trkpt>
      <trkpt lat="36.615611" lon="-86.031008">
      </trkpt>
      <trkpt lat="36.616817" lon="-86.029120">
      </trkpt>
      <trkpt lat="36.617781" lon="-86.025343">
      </trkpt>
      <trkpt lat="36.617299" lon="-86.023584">
      </trkpt>
      <trkpt lat="36.618229" lon="-86.021052">
      </trkpt>
      <trkpt lat="36.618298" lon="-86.019206">
      </trkpt>
      <trkpt lat="36.619883" lon="-86.014958">
      </trkpt>
      <trkpt lat="36.620365" lon="-86.014400">
      </trkpt>
      <trkpt lat="36.620571" lon="-86.012254">
      </trkpt>
      <trkpt lat="36.621432" lon="-86.010237">
      </trkpt>
      <trkpt lat="36.621122" lon="-86.010194">
      </trkpt>
      <trkpt lat="36.620535" lon="-86.010623">
      </trkpt>
      <trkpt lat="36.617573" lon="-86.011224">
      </trkpt>
      <trkpt lat="36.614404" lon="-86.011310">
      </trkpt>
      <trkpt lat="36.612613" lon="-86.011396">
      </trkpt>
      <trkpt lat="36.611545" lon="-86.012426">
      </trkpt>
      <trkpt lat="36.610477" lon="-86.014657">
      </trkpt>
      <trkpt lat="36.609375" lon="-86.015344">
      </trkpt>
      <trkpt lat="36.608376" lon="-86.015043">
      </trkpt>
      <trkpt lat="36.606791" lon="-86.013155">
      </trkpt>
      <trkpt lat="36.605413" lon="-86.012383">
      </trkpt>
      <trkpt lat="36.604414" lon="-86.012511">
      </trkpt>
      <trkpt lat="36.603380" lon="-86.014528">
      </trkpt>
      <trkpt lat="36.600796" lon="-86.017962">
      </trkpt>
      <trkpt lat="36.599694" lon="-86.018691">
      </trkpt>
      <trkpt lat="36.597661" lon="-86.018992">
      </trkpt>
      <trkpt lat="36.595732" lon="-86.018477">
      </trkpt>
      <trkpt lat="36.594732" lon="-86.019635">
      </trkpt>
      <trkpt lat="36.594560" lon="-86.021266">
      </trkpt>
      <trkpt lat="36.591700" lon="-86.021695">
      </trkpt>
      <trkpt lat="36.591873" lon="-86.018820">
      </trkpt>
      <trkpt lat="36.590563" lon="-86.017790">
      </trkpt>
      <trkpt lat="36.588944" lon="-86.016889">
      </trkpt>
      <trkpt lat="36.588427" lon="-86.015687">
      </trkpt>
      <trkpt lat="36.588565" lon="-86.014228">
      </trkpt>
      <trkpt lat="36.588048" lon="-86.011782">
      </trkpt>
      <trkpt lat="36.588013" lon="-86.009507">
      </trkpt>
      <trkpt lat="36.587255" lon="-86.009121">
      </trkpt>
      <trkpt lat="36.586842" lon="-86.005602">
      </trkpt>
      <trkpt lat="36.587255" lon="-86.004143">
      </trkpt>
      <trkpt lat="36.587117" lon="-85.999680">
      </trkpt>
      <trkpt lat="36.587014" lon="-85.999508">
      </trkpt>
      <trkpt lat="36.585774" lon="-86.000323">
      </trkpt>
      <trkpt lat="36.583810" lon="-86.001139">
      </trkpt>
      <trkpt lat="36.581914" lon="-86.002984">
      </trkpt>
      <trkpt lat="36.578227" lon="-86.002813">
      </trkpt>
      <trkpt lat="36.575987" lon="-86.001697">
      </trkpt>
      <trkpt lat="36.572747" lon="-86.002641">
      </trkpt>
      <trkpt lat="36.570955" lon="-86.002684">
      </trkpt>
      <trkpt lat="36.570300" lon="-85.993629">
      </trkpt>
      <trkpt lat="36.570783" lon="-85.992642">
      </trkpt>
      <trkpt lat="36.570300" lon="-85.991569">
      </trkpt>
      <trkpt lat="36.570024" lon="-85.989638">
      </trkpt>
      <trkpt lat="36.570334" lon="-85.988522">
      </trkpt>
      <trkpt lat="36.570231" lon="-85.986934">
      </trkpt>
      <trkpt lat="36.570576" lon="-85.986161">
      </trkpt>
      <trkpt lat="36.570576" lon="-85.985475">
      </trkpt>
      <trkpt lat="36.570300" lon="-85.984917">
      </trkpt>
      <trkpt lat="36.567060" lon="-85.984702">
      </trkpt>
      <trkpt lat="36.566681" lon="-85.983415">
      </trkpt>
      <trkpt lat="36.566184" lon="-85.982673">
      </trkpt>
      <trkpt lat="36.565822" lon="-85.982986">
      </trkpt>
      <trkpt lat="36.564994" lon="-85.983243">
      </trkpt>
      <trkpt lat="36.563891" lon="-85.984659">
      </trkpt>
      <trkpt lat="36.562788" lon="-85.985174">
      </trkpt>
      <trkpt lat="36.562030" lon="-85.986290">
      </trkpt>
      <trkpt lat="36.562409" lon="-85.987106">
      </trkpt>
      <trkpt lat="36.560341" lon="-85.989166">
      </trkpt>
      <trkpt lat="36.559100" lon="-85.990625">
      </trkpt>
      <trkpt lat="36.557445" lon="-85.990925">
      </trkpt>
      <trkpt lat="36.558100" lon="-85.990281">
      </trkpt>
      <trkpt lat="36.556756" lon="-85.988050">
      </trkpt>
      <trkpt lat="36.553309" lon="-85.985904">
      </trkpt>
      <trkpt lat="36.550792" lon="-85.983544">
      </trkpt>
      <trkpt lat="36.548482" lon="-85.981527">
      </trkpt>
      <trkpt lat="36.548896" lon="-85.985861">
      </trkpt>
      <trkpt lat="36.548827" lon="-85.988479">
      </trkpt>
      <trkpt lat="36.549447" lon="-85.988908">
      </trkpt>
      <trkpt lat="36.548620" lon="-85.991912">
      </trkpt>
      <trkpt lat="36.549551" lon="-85.993114">
      </trkpt>
      <trkpt lat="36.550551" lon="-85.993672">
      </trkpt>
      <trkpt lat="36.550413" lon="-85.995131">
      </trkpt>
      <trkpt lat="36.549516" lon="-85.996247">
      </trkpt>
      <trkpt lat="36.548206" lon="-85.996719">
      </trkpt>
      <trkpt lat="36.547896" lon="-85.997834">
      </trkpt>
      <trkpt lat="36.547310" lon="-85.998478">
      </trkpt>
      <trkpt lat="36.546758" lon="-86.000281">
      </trkpt>
      <trkpt lat="36.546965" lon="-86.001654">
      </trkpt>
      <trkpt lat="36.546758" lon="-86.002898">
      </trkpt>
      <trkpt lat="36.545517" lon="-86.003499">
      </trkpt>
      <trkpt lat="36.544035" lon="-86.002298">
      </trkpt>
      <trkpt lat="36.543138" lon="-86.002040">
      </trkpt>
      <trkpt lat="36.539345" lon="-86.003027">
      </trkpt>
      <trkpt lat="36.534690" lon="-86.005430">
      </trkpt>
      <trkpt lat="36.534139" lon="-86.007533">
      </trkpt>
      <trkpt lat="36.531437" lon="-86.007948">
      </trkpt>
      <trkpt lat="36.531085" lon="-86.008456">
      </trkpt>
      <trkpt lat="36.530395" lon="-86.011975">
      </trkpt>
      <trkpt lat="36.528533" lon="-86.015237">
      </trkpt>
      <trkpt lat="36.527085" lon="-86.018841">
      </trkpt>
      <trkpt lat="36.527912" lon="-86.026566">
      </trkpt>
      <trkpt lat="36.523015" lon="-86.027339">
      </trkpt>
      <trkpt lat="36.520774" lon="-86.025536">
      </trkpt>
      <trkpt lat="36.520325" lon="-86.026137">
      </trkpt>
      <trkpt lat="36.518256" lon="-86.023734">
      </trkpt>
      <trkpt lat="36.517669" lon="-86.023391">
      </trkpt>
      <trkpt lat="36.518532" lon="-86.017297">
      </trkpt>
      <trkpt lat="36.518394" lon="-86.015880">
      </trkpt>
      <trkpt lat="36.517601" lon="-86.014207">
      </trkpt>
      <trkpt lat="36.515083" lon="-86.012318">
      </trkpt>
      <trkpt lat="36.513186" lon="-86.011589">
      </trkpt>
      <trkpt lat="36.510426" lon="-86.010902">
      </trkpt>
      <trkpt lat="36.509081" lon="-86.010173">
      </trkpt>
      <trkpt lat="36.503803" lon="-86.003907">
      </trkpt>
      <trkpt lat="36.497529" lon="-85.996311">
      </trkpt>
      <trkpt lat="36.497046" lon="-85.990989">
      </trkpt>
      <trkpt lat="36.496149" lon="-85.986870">
      </trkpt>
      <trkpt lat="36.496149" lon="-85.982921">
      </trkpt>
      <trkpt lat="36.498012" lon="-85.973222">
      </trkpt>
      <trkpt lat="36.498150" lon="-85.967300">
      </trkpt>
      <trkpt lat="36.500288" lon="-85.962236">
      </trkpt>
      <trkpt lat="36.501116" lon="-85.959919">
      </trkpt>
      <trkpt lat="36.501117" lon="-85.959915">
      </trkpt>
      <trkpt lat="36.501908" lon="-85.958636">
      </trkpt>
      <trkpt lat="36.501477" lon="-85.958696">
      </trkpt>
      <trkpt lat="36.501475" lon="-85.958717">
      </trkpt>
      <trkpt lat="36.501436" lon="-85.958224">
      </trkpt>
      <trkpt lat="36.501747" lon="-85.956421">
      </trkpt>
      <trkpt lat="36.501402" lon="-85.956421">
      </trkpt>
      <trkpt lat="36.501126" lon="-85.955005">
      </trkpt>
      <trkpt lat="36.501747" lon="-85.953202">
      </trkpt>
      <trkpt lat="36.500746" lon="-85.948053">
      </trkpt>
      <trkpt lat="36.500884" lon="-85.947151">
      </trkpt>
      <trkpt lat="36.501540" lon="-85.946164">
      </trkpt>
      <trkpt lat="36.501505" lon="-85.943847">
      </trkpt>
      <trkpt lat="36.500850" lon="-85.942731">
      </trkpt>
      <trkpt lat="36.500608" lon="-85.941315">
      </trkpt>
      <trkpt lat="36.500677" lon="-85.939470">
      </trkpt>
      <trkpt lat="36.500786" lon="-85.938940">
      </trkpt>
      <trkpt lat="36.501072" lon="-85.937731">
      </trkpt>
      <trkpt lat="36.501969" lon="-85.937603">
      </trkpt>
      <trkpt lat="36.503142" lon="-85.938075">
      </trkpt>
      <trkpt lat="36.504108" lon="-85.938847">
      </trkpt>
      <trkpt lat="36.504970" lon="-85.938718">
      </trkpt>
      <trkpt lat="36.505557" lon="-85.937345">
      </trkpt>
      <trkpt lat="36.506074" lon="-85.936616">
      </trkpt>
      <trkpt lat="36.506764" lon="-85.936701">
      </trkpt>
      <trkpt lat="36.507281" lon="-85.936401">
      </trkpt>
      <trkpt lat="36.507661" lon="-85.935843">
      </trkpt>
      <trkpt lat="36.508282" lon="-85.935714">
      </trkpt>
      <trkpt lat="36.508834" lon="-85.935757">
      </trkpt>
      <trkpt lat="36.509523" lon="-85.935328">
      </trkpt>
      <trkpt lat="36.511834" lon="-85.935199">
      </trkpt>
      <trkpt lat="36.513559" lon="-85.934427">
      </trkpt>
      <trkpt lat="36.514352" lon="-85.934084">
      </trkpt>
      <trkpt lat="36.515525" lon="-85.934427">
      </trkpt>
      <trkpt lat="36.516525" lon="-85.934727">
      </trkpt>
      <trkpt lat="36.517250" lon="-85.933440">
      </trkpt>
      <trkpt lat="36.517560" lon="-85.932238">
      </trkpt>
      <trkpt lat="36.517801" lon="-85.929964">
      </trkpt>
      <trkpt lat="36.518077" lon="-85.928977">
      </trkpt>
      <trkpt lat="36.517664" lon="-85.928161">
      </trkpt>
      <trkpt lat="36.517250" lon="-85.926788">
      </trkpt>
      <trkpt lat="36.516767" lon="-85.926402">
      </trkpt>
      <trkpt lat="36.516042" lon="-85.926616">
      </trkpt>
      <trkpt lat="36.515146" lon="-85.926960">
      </trkpt>
      <trkpt lat="36.513525" lon="-85.925372">
      </trkpt>
      <trkpt lat="36.511524" lon="-85.923140">
      </trkpt>
      <trkpt lat="36.510213" lon="-85.920565">
      </trkpt>
      <trkpt lat="36.509937" lon="-85.920093">
      </trkpt>
      <trkpt lat="36.510938" lon="-85.916531">
      </trkpt>
      <trkpt lat="36.512559" lon="-85.911038">
      </trkpt>
      <trkpt lat="36.513835" lon="-85.908206">
      </trkpt>
      <trkpt lat="36.515801" lon="-85.903142">
      </trkpt>
      <trkpt lat="36.516318" lon="-85.900738">
      </trkpt>
      <trkpt lat="36.516353" lon="-85.899408">
      </trkpt>
      <trkpt lat="36.516145" lon="-85.899110">
      </trkpt>
      <trkpt lat="36.516200" lon="-85.898887">
      </trkpt>
      <trkpt lat="36.516234" lon="-85.898829">
      </trkpt>
      <trkpt lat="36.515544" lon="-85.895009">
      </trkpt>
      <trkpt lat="36.515855" lon="-85.892306">
      </trkpt>
      <trkpt lat="36.515613" lon="-85.891318">
      </trkpt>
      <trkpt lat="36.514820" lon="-85.890632">
      </trkpt>
      <trkpt lat="36.513233" lon="-85.887413">
      </trkpt>
      <trkpt lat="36.514441" lon="-85.885439">
      </trkpt>
      <trkpt lat="36.514130" lon="-85.885224">
      </trkpt>
      <trkpt lat="36.511681" lon="-85.886083">
      </trkpt>
      <trkpt lat="36.511198" lon="-85.886898">
      </trkpt>
      <trkpt lat="36.510646" lon="-85.886941">
      </trkpt>
      <trkpt lat="36.509750" lon="-85.887885">
      </trkpt>
      <trkpt lat="36.507749" lon="-85.888314">
      </trkpt>
      <trkpt lat="36.506921" lon="-85.888186">
      </trkpt>
      <trkpt lat="36.505817" lon="-85.888615">
      </trkpt>
      <trkpt lat="36.504886" lon="-85.889473">
      </trkpt>
      <trkpt lat="36.503885" lon="-85.889173">
      </trkpt>
      <trkpt lat="36.502816" lon="-85.889902">
      </trkpt>
      <trkpt lat="36.501850" lon="-85.889731">
      </trkpt>
      <trkpt lat="36.499884" lon="-85.890632">
      </trkpt>
      <trkpt lat="36.499194" lon="-85.890546">
      </trkpt>
      <trkpt lat="36.498432" lon="-85.891105">
      </trkpt>
      <trkpt lat="36.498210" lon="-85.891297">
      </trkpt>
      <trkpt lat="36.498193" lon="-85.891218">
      </trkpt>
      <trkpt lat="36.498193" lon="-85.891218">
      </trkpt>
      <trkpt lat="36.497934" lon="-85.890010">
      </trkpt>
      <trkpt lat="36.497796" lon="-85.888679">
      </trkpt>
      <trkpt lat="36.497209" lon="-85.887606">
      </trkpt>
      <trkpt lat="36.497106" lon="-85.886576">
      </trkpt>
      <trkpt lat="36.496519" lon="-85.886104">
      </trkpt>
      <trkpt lat="36.494829" lon="-85.886233">
      </trkpt>
      <trkpt lat="36.494622" lon="-85.885160">
      </trkpt>
      <trkpt lat="36.493828" lon="-85.883529">
      </trkpt>
      <trkpt lat="36.492483" lon="-85.882328">
      </trkpt>
      <trkpt lat="36.491896" lon="-85.880268">
      </trkpt>
      <trkpt lat="36.487721" lon="-85.881040">
      </trkpt>
      <trkpt lat="36.487031" lon="-85.874732">
      </trkpt>
      <trkpt lat="36.487790" lon="-85.874045">
      </trkpt>
      <trkpt lat="36.491379" lon="-85.868852">
      </trkpt>
      <trkpt lat="36.493518" lon="-85.866149">
      </trkpt>
      <trkpt lat="36.493414" lon="-85.865977">
      </trkpt>
      <trkpt lat="36.491103" lon="-85.866149">
      </trkpt>
      <trkpt lat="36.490620" lon="-85.866320">
      </trkpt>
      <trkpt lat="36.489240" lon="-85.865591">
      </trkpt>
      <trkpt lat="36.488757" lon="-85.864775">
      </trkpt>
      <trkpt lat="36.488895" lon="-85.863016">
      </trkpt>
      <trkpt lat="36.488895" lon="-85.862029">
      </trkpt>
      <trkpt lat="36.488446" lon="-85.861042">
      </trkpt>
      <trkpt lat="36.487514" lon="-85.860655">
      </trkpt>
      <trkpt lat="36.487135" lon="-85.859711">
      </trkpt>
      <trkpt lat="36.487273" lon="-85.856621">
      </trkpt>
      <trkpt lat="36.487618" lon="-85.855849">
      </trkpt>
      <trkpt lat="36.488480" lon="-85.855119">
      </trkpt>
      <trkpt lat="36.489412" lon="-85.853789">
      </trkpt>
      <trkpt lat="36.490033" lon="-85.852931">
      </trkpt>
      <trkpt lat="36.490896" lon="-85.852373">
      </trkpt>
      <trkpt lat="36.491551" lon="-85.852115">
      </trkpt>
      <trkpt lat="36.494518" lon="-85.850227">
      </trkpt>
      <trkpt lat="36.495588" lon="-85.849111">
      </trkpt>
      <trkpt lat="36.497175" lon="-85.848382">
      </trkpt>
      <trkpt lat="36.498313" lon="-85.848167">
      </trkpt>
      <trkpt lat="36.499245" lon="-85.847738">
      </trkpt>
      <trkpt lat="36.500487" lon="-85.847824">
      </trkpt>
      <trkpt lat="36.501349" lon="-85.847609">
      </trkpt>
      <trkpt lat="36.503902" lon="-85.846665">
      </trkpt>
      <trkpt lat="36.505523" lon="-85.845549">
      </trkpt>
      <trkpt lat="36.506972" lon="-85.844691">
      </trkpt>
      <trkpt lat="36.508455" lon="-85.845335">
      </trkpt>
      <trkpt lat="36.510801" lon="-85.845635">
      </trkpt>
      <trkpt lat="36.512663" lon="-85.844433">
      </trkpt>
      <trkpt lat="36.514112" lon="-85.844262">
      </trkpt>
      <trkpt lat="36.516009" lon="-85.842846">
      </trkpt>
      <trkpt lat="36.516354" lon="-85.842331">
      </trkpt>
      <trkpt lat="36.514802" lon="-85.840914">
      </trkpt>
      <trkpt lat="36.508352" lon="-85.840013">
      </trkpt>
      <trkpt lat="36.507455" lon="-85.838039">
      </trkpt>
      <trkpt lat="36.505178" lon="-85.835078">
      </trkpt>
      <trkpt lat="36.503039" lon="-85.834692">
      </trkpt>
      <trkpt lat="36.502004" lon="-85.833404">
      </trkpt>
      <trkpt lat="36.501004" lon="-85.830658">
      </trkpt>
      <trkpt lat="36.500487" lon="-85.830057">
      </trkpt>
      <trkpt lat="36.499452" lon="-85.830357">
      </trkpt>
      <trkpt lat="36.496726" lon="-85.830314">
      </trkpt>
      <trkpt lat="36.494208" lon="-85.831730">
      </trkpt>
      <trkpt lat="36.492552" lon="-85.832417">
      </trkpt>
      <trkpt lat="36.490551" lon="-85.833662">
      </trkpt>
      <trkpt lat="36.490206" lon="-85.831988">
      </trkpt>
      <trkpt lat="36.490827" lon="-85.830572">
      </trkpt>
      <trkpt lat="36.491068" lon="-85.829456">
      </trkpt>
      <trkpt lat="36.490585" lon="-85.828040">
      </trkpt>
      <trkpt lat="36.489654" lon="-85.826581">
      </trkpt>
      <trkpt lat="36.489895" lon="-85.825765">
      </trkpt>
      <trkpt lat="36.490965" lon="-85.824006">
      </trkpt>
      <trkpt lat="36.491034" lon="-85.823233">
      </trkpt>
      <trkpt lat="36.490758" lon="-85.822461">
      </trkpt>
      <trkpt lat="36.490861" lon="-85.821817">
      </trkpt>
      <trkpt lat="36.491896" lon="-85.820487">
      </trkpt>
      <trkpt lat="36.491793" lon="-85.818126">
      </trkpt>
      <trkpt lat="36.491682" lon="-85.817998">
      </trkpt>
      <trkpt lat="36.491268" lon="-85.817654">
      </trkpt>
      <trkpt lat="36.491010" lon="-85.815530">
      </trkpt>
      <trkpt lat="36.491372" lon="-85.813899">
      </trkpt>
      <trkpt lat="36.491372" lon="-85.813556">
      </trkpt>
      <trkpt lat="36.490768" lon="-85.812569">
      </trkpt>
      <trkpt lat="36.489647" lon="-85.809951">
      </trkpt>
      <trkpt lat="36.489664" lon="-85.809479">
      </trkpt>
      <trkpt lat="36.490251" lon="-85.808063">
      </trkpt>
      <trkpt lat="36.490682" lon="-85.806925">
      </trkpt>
      <trkpt lat="36.490596" lon="-85.806475">
      </trkpt>
      <trkpt lat="36.489975" lon="-85.805810">
      </trkpt>
      <trkpt lat="36.489043" lon="-85.805445">
      </trkpt>
      <trkpt lat="36.488181" lon="-85.805402">
      </trkpt>
      <trkpt lat="36.485644" lon="-85.806067">
      </trkpt>
      <trkpt lat="36.484816" lon="-85.806239">
      </trkpt>
      <trkpt lat="36.484126" lon="-85.805466">
      </trkpt>
      <trkpt lat="36.482884" lon="-85.803878">
      </trkpt>
      <trkpt lat="36.482246" lon="-85.801969">
      </trkpt>
      <trkpt lat="36.482315" lon="-85.801368">
      </trkpt>
      <trkpt lat="36.482798" lon="-85.799930">
      </trkpt>
      <trkpt lat="36.482556" lon="-85.799415">
      </trkpt>
      <trkpt lat="36.481763" lon="-85.799072">
      </trkpt>
      <trkpt lat="36.481573" lon="-85.798321">
      </trkpt>
      <trkpt lat="36.481797" lon="-85.796905">
      </trkpt>
      <trkpt lat="36.481780" lon="-85.796197">
      </trkpt>
      <trkpt lat="36.481004" lon="-85.796218">
      </trkpt>
      <trkpt lat="36.480624" lon="-85.795896">
      </trkpt>
      <trkpt lat="36.480227" lon="-85.794845">
      </trkpt>
      <trkpt lat="36.479986" lon="-85.794909">
      </trkpt>
      <trkpt lat="36.479848" lon="-85.795789">
      </trkpt>
      <trkpt lat="36.479606" lon="-85.795660">
      </trkpt>
      <trkpt lat="36.478381" lon="-85.793944">
      </trkpt>
      <trkpt lat="36.477829" lon="-85.793622">
      </trkpt>
      <trkpt lat="36.477225" lon="-85.793622">
      </trkpt>
      <trkpt lat="36.477087" lon="-85.793793">
      </trkpt>
      <trkpt lat="36.476932" lon="-85.794630">
      </trkpt>
      <trkpt lat="36.476759" lon="-85.794609">
      </trkpt>
      <trkpt lat="36.476069" lon="-85.793386">
      </trkpt>
      <trkpt lat="36.475206" lon="-85.792248">
      </trkpt>
      <trkpt lat="36.474568" lon="-85.791776">
      </trkpt>
      <trkpt lat="36.473895" lon="-85.791733">
      </trkpt>
      <trkpt lat="36.473153" lon="-85.790961">
      </trkpt>
      <trkpt lat="36.471134" lon="-85.790618">
      </trkpt>
      <trkpt lat="36.469132" lon="-85.790017">
      </trkpt>
      <trkpt lat="36.468425" lon="-85.790038">
      </trkpt>
      <trkpt lat="36.468288" lon="-85.789738">
        <time>2020-05-09T19:18:20Z</time>
      </trkpt>
      <trkpt lat="36.468241" lon="-85.788731">
        <time>2020-05-09T19:18:23Z</time>
      </trkpt>
      <trkpt lat="36.467989" lon="-85.788001">
        <time>2020-05-09T19:18:27Z</time>
      </trkpt>
      <trkpt lat="36.467804" lon="-85.787388">
        <time>2020-05-09T19:18:30Z</time>
      </trkpt>
      <trkpt lat="36.467589" lon="-85.786074">
        <time>2020-05-09T19:18:36Z</time>
      </trkpt>
      <trkpt lat="36.467221" lon="-85.785241">
        <time>2020-05-09T19:18:40Z</time>
      </trkpt>
      <trkpt lat="36.466882" lon="-85.784642">
        <time>2020-05-09T19:18:43Z</time>
      </trkpt>
      <trkpt lat="36.466083" lon="-85.783251">
        <time>2020-05-09T19:18:50Z</time>
      </trkpt>
      <trkpt lat="36.464955" lon="-85.781274">
        <time>2020-05-09T19:18:53Z</time>
      </trkpt>
      <trkpt lat="36.464668" lon="-85.781002">
        <time>2020-05-09T19:20:31Z</time>
      </trkpt>
      <trkpt lat="36.464587" lon="-85.781096">
        <time>2020-05-09T19:20:34Z</time>
      </trkpt>
      <trkpt lat="36.464414" lon="-85.780937">
        <time>2020-05-09T19:20:37Z</time>
      </trkpt>
      <trkpt lat="36.464081" lon="-85.780515">
        <time>2020-05-09T19:20:43Z</time>
      </trkpt>
      <trkpt lat="36.463769" lon="-85.780346">
        <time>2020-05-09T19:20:47Z</time>
      </trkpt>
      <trkpt lat="36.462454" lon="-85.779958">
        <time>2020-05-09T19:21:02Z</time>
      </trkpt>
      <trkpt lat="36.462201" lon="-85.779801">
        <time>2020-05-09T19:21:05Z</time>
      </trkpt>
      <trkpt lat="36.461744" lon="-85.779712">
        <time>2020-05-09T19:21:10Z</time>
      </trkpt>
      <trkpt lat="36.460564" lon="-85.780058">
        <time>2020-05-09T19:21:22Z</time>
      </trkpt>
      <trkpt lat="36.459304" lon="-85.780868">
        <time>2020-05-09T19:21:35Z</time>
      </trkpt>
      <trkpt lat="36.457851" lon="-85.781863">
        <time>2020-05-09T19:21:50Z</time>
      </trkpt>
      <trkpt lat="36.456686" lon="-85.781904">
        <time>2020-05-09T19:22:00Z</time>
      </trkpt>
      <trkpt lat="36.455845" lon="-85.781806">
        <time>2020-05-09T19:22:07Z</time>
      </trkpt>
      <trkpt lat="36.454842" lon="-85.782115">
        <time>2020-05-09T19:22:16Z</time>
      </trkpt>
      <trkpt lat="36.453956" lon="-85.782253">
        <time>2020-05-09T19:22:24Z</time>
      </trkpt>
      <trkpt lat="36.453511" lon="-85.782343">
        <time>2020-05-09T19:22:28Z</time>
      </trkpt>
      <trkpt lat="36.452266" lon="-85.782480">
        <time>2020-05-09T19:22:39Z</time>
      </trkpt>
      <trkpt lat="36.450773" lon="-85.782231">
        <time>2020-05-09T19:22:52Z</time>
      </trkpt>
      <trkpt lat="36.450309" lon="-85.782356">
        <time>2020-05-09T19:22:56Z</time>
      </trkpt>
      <trkpt lat="36.449060" lon="-85.782910">
        <time>2020-05-09T19:23:07Z</time>
      </trkpt>
      <trkpt lat="36.448495" lon="-85.782908">
        <time>2020-05-09T19:23:12Z</time>
      </trkpt>
      <trkpt lat="36.447839" lon="-85.782785">
        <time>2020-05-09T19:23:18Z</time>
      </trkpt>
      <trkpt lat="36.447417" lon="-85.782886">
        <time>2020-05-09T19:23:22Z</time>
      </trkpt>
      <trkpt lat="36.446376" lon="-85.783736">
        <time>2020-05-09T19:23:33Z</time>
      </trkpt>
      <trkpt lat="36.445996" lon="-85.784270">
        <time>2020-05-09T19:23:38Z</time>
      </trkpt>
      <trkpt lat="36.445521" lon="-85.784613">
        <time>2020-05-09T19:23:43Z</time>
      </trkpt>
      <trkpt lat="36.444813" lon="-85.784813">
        <time>2020-05-09T19:23:50Z</time>
      </trkpt>
      <trkpt lat="36.444432" lon="-85.785069">
        <time>2020-05-09T19:23:54Z</time>
      </trkpt>
      <trkpt lat="36.443685" lon="-85.786204">
        <time>2020-05-09T19:24:05Z</time>
      </trkpt>
      <trkpt lat="36.443431" lon="-85.786845">
        <time>2020-05-09T19:24:10Z</time>
      </trkpt>
      <trkpt lat="36.443267" lon="-85.787213">
        <time>2020-05-09T19:24:13Z</time>
      </trkpt>
      <trkpt lat="36.442897" lon="-85.787727">
        <time>2020-05-09T19:24:18Z</time>
      </trkpt>
      <trkpt lat="36.442553" lon="-85.788086">
        <time>2020-05-09T19:24:22Z</time>
      </trkpt>
      <trkpt lat="36.442312" lon="-85.788332">
        <time>2020-05-09T19:24:25Z</time>
      </trkpt>
      <trkpt lat="36.442249" lon="-85.788405">
        <time>2020-05-09T19:24:27Z</time>
      </trkpt>
      <trkpt lat="36.440744" lon="-85.789951">
        <time>2020-05-09T19:43:55Z</time>
      </trkpt>
      <trkpt lat="36.440719" lon="-85.789962">
        <time>2020-05-09T19:43:59Z</time>
      </trkpt>
      <trkpt lat="36.440220" lon="-85.790029">
        <time>2020-05-09T19:44:04Z</time>
      </trkpt>
      <trkpt lat="36.439837" lon="-85.789653">
        <time>2020-05-09T19:44:10Z</time>
      </trkpt>
      <trkpt lat="36.439807" lon="-85.789536">
        <time>2020-05-09T19:44:11Z</time>
      </trkpt>
      <trkpt lat="36.439725" lon="-85.789002">
        <time>2020-05-09T19:44:15Z</time>
      </trkpt>
      <trkpt lat="36.439698" lon="-85.788571">
        <time>2020-05-09T19:44:18Z</time>
      </trkpt>
      <trkpt lat="36.439674" lon="-85.788142">
        <time>2020-05-09T19:44:21Z</time>
      </trkpt>
      <trkpt lat="36.439658" lon="-85.787703">
        <time>2020-05-09T19:44:24Z</time>
      </trkpt>
      <trkpt lat="36.439659" lon="-85.787259">
        <time>2020-05-09T19:44:27Z</time>
      </trkpt>
      <trkpt lat="36.439674" lon="-85.786815">
        <time>2020-05-09T19:44:30Z</time>
      </trkpt>
      <trkpt lat="36.439660" lon="-85.786354">
        <time>2020-05-09T19:44:33Z</time>
      </trkpt>
      <trkpt lat="36.439594" lon="-85.785899">
        <time>2020-05-09T19:44:36Z</time>
      </trkpt>
      <trkpt lat="36.439505" lon="-85.785439">
        <time>2020-05-09T19:44:39Z</time>
      </trkpt>
      <trkpt lat="36.439317" lon="-85.784842">
        <time>2020-05-09T19:44:43Z</time>
      </trkpt>
      <trkpt lat="36.439156" lon="-85.784388">
        <time>2020-05-09T19:44:46Z</time>
      </trkpt>
      <trkpt lat="36.438954" lon="-85.783950">
        <time>2020-05-09T19:44:49Z</time>
      </trkpt>
      <trkpt lat="36.438714" lon="-85.783540">
        <time>2020-05-09T19:44:52Z</time>
      </trkpt>
      <trkpt lat="36.438414" lon="-85.783182">
        <time>2020-05-09T19:44:55Z</time>
      </trkpt>
      <trkpt lat="36.438186" lon="-85.782982">
        <time>2020-05-09T19:44:57Z</time>
      </trkpt>
      <trkpt lat="36.437818" lon="-85.782746">
        <time>2020-05-09T19:45:00Z</time>
      </trkpt>
      <trkpt lat="36.437414" lon="-85.782580">
        <time>2020-05-09T19:45:03Z</time>
      </trkpt>
      <trkpt lat="36.436998" lon="-85.782460">
        <time>2020-05-09T19:45:06Z</time>
      </trkpt>
      <trkpt lat="36.436573" lon="-85.782359">
        <time>2020-05-09T19:45:09Z</time>
      </trkpt>
      <trkpt lat="36.436286" lon="-85.782314">
        <time>2020-05-09T19:45:11Z</time>
      </trkpt>
      <trkpt lat="36.435844" lon="-85.782303">
        <time>2020-05-09T19:45:14Z</time>
      </trkpt>
      <trkpt lat="36.434453" lon="-85.782437">
        <time>2020-05-09T19:45:24Z</time>
      </trkpt>
      <trkpt lat="36.434190" lon="-85.782477">
        <time>2020-05-09T19:45:26Z</time>
      </trkpt>
      <trkpt lat="36.433572" lon="-85.782765">
        <time>2020-05-09T19:45:31Z</time>
      </trkpt>
      <trkpt lat="36.433149" lon="-85.782887">
        <time>2020-05-09T19:45:34Z</time>
      </trkpt>
      <trkpt lat="36.433007" lon="-85.782901">
        <time>2020-05-09T19:45:35Z</time>
      </trkpt>
      <trkpt lat="36.432438" lon="-85.782869">
        <time>2020-05-09T19:45:39Z</time>
      </trkpt>
      <trkpt lat="36.431735" lon="-85.782376">
        <time>2020-05-09T19:45:45Z</time>
      </trkpt>
      <trkpt lat="36.431476" lon="-85.781730">
        <time>2020-05-09T19:45:49Z</time>
      </trkpt>
      <trkpt lat="36.431134" lon="-85.780274">
        <time>2020-05-09T19:45:57Z</time>
      </trkpt>
      <trkpt lat="36.430797" lon="-85.779224">
        <time>2020-05-09T19:46:03Z</time>
      </trkpt>
      <trkpt lat="36.430163" lon="-85.778526">
        <time>2020-05-09T19:46:09Z</time>
      </trkpt>
      <trkpt lat="36.430024" lon="-85.778449">
        <time>2020-05-09T19:46:10Z</time>
      </trkpt>
      <trkpt lat="36.429489" lon="-85.778172">
        <time>2020-05-09T19:46:14Z</time>
      </trkpt>
      <trkpt lat="36.429298" lon="-85.778043">
        <time>2020-05-09T19:46:16Z</time>
      </trkpt>
      <trkpt lat="36.429104" lon="-85.777830">
        <time>2020-05-09T19:46:23Z</time>
      </trkpt>
      <trkpt lat="36.429232" lon="-85.777621">
        <time>2020-05-09T19:46:27Z</time>
      </trkpt>
      <trkpt lat="36.429428" lon="-85.776856">
        <time>2020-05-09T19:46:33Z</time>
      </trkpt>
      <trkpt lat="36.429113" lon="-85.776351">
        <time>2020-05-09T19:46:37Z</time>
      </trkpt>
      <trkpt lat="36.427904" lon="-85.775676">
        <time>2020-05-09T19:46:46Z</time>
      </trkpt>
      <trkpt lat="36.427515" lon="-85.775137">
        <time>2020-05-09T19:46:51Z</time>
      </trkpt>
      <trkpt lat="36.427427" lon="-85.774813">
        <time>2020-05-09T19:46:53Z</time>
      </trkpt>
      <trkpt lat="36.426752" lon="-85.773840">
        <time>2020-05-09T19:47:00Z</time>
      </trkpt>
      <trkpt lat="36.426612" lon="-85.773760">
        <time>2020-05-09T19:47:01Z</time>
      </trkpt>
      <trkpt lat="36.425095" lon="-85.773126">
        <time>2020-05-09T19:47:11Z</time>
      </trkpt>
      <trkpt lat="36.424933" lon="-85.773079">
        <time>2020-05-09T19:47:12Z</time>
      </trkpt>
      <trkpt lat="36.423673" lon="-85.772779">
        <time>2020-05-09T19:47:20Z</time>
      </trkpt>
      <trkpt lat="36.423190" lon="-85.772232">
        <time>2020-05-09T19:47:25Z</time>
      </trkpt>
      <trkpt lat="36.423147" lon="-85.772063">
        <time>2020-05-09T19:47:26Z</time>
      </trkpt>
      <trkpt lat="36.423046" lon="-85.771572">
        <time>2020-05-09T19:47:29Z</time>
      </trkpt>
      <trkpt lat="36.422942" lon="-85.771292">
        <time>2020-05-09T19:47:31Z</time>
      </trkpt>
      <trkpt lat="36.422638" lon="-85.771075">
        <time>2020-05-09T19:47:34Z</time>
      </trkpt>
      <trkpt lat="36.422082" lon="-85.770570">
        <time>2020-05-09T19:47:41Z</time>
      </trkpt>
      <trkpt lat="36.422048" lon="-85.770432">
        <time>2020-05-09T19:47:42Z</time>
      </trkpt>
      <trkpt lat="36.421950" lon="-85.769958">
        <time>2020-05-09T19:47:45Z</time>
      </trkpt>
      <trkpt lat="36.421646" lon="-85.768558">
        <time>2020-05-09T19:47:53Z</time>
      </trkpt>
      <trkpt lat="36.421118" lon="-85.767388">
        <time>2020-05-09T19:48:00Z</time>
      </trkpt>
      <trkpt lat="36.420984" lon="-85.766330">
        <time>2020-05-09T19:48:06Z</time>
      </trkpt>
      <trkpt lat="36.421349" lon="-85.764143">
        <time>2020-05-09T19:48:17Z</time>
      </trkpt>
      <trkpt lat="36.421382" lon="-85.763953">
        <time>2020-05-09T19:48:18Z</time>
      </trkpt>
      <trkpt lat="36.421486" lon="-85.763370">
        <time>2020-05-09T19:48:21Z</time>
      </trkpt>
      <trkpt lat="36.421864" lon="-85.761463">
        <time>2020-05-09T19:48:31Z</time>
      </trkpt>
      <trkpt lat="36.422024" lon="-85.759772">
        <time>2020-05-09T19:48:40Z</time>
      </trkpt>
      <trkpt lat="36.422185" lon="-85.759263">
        <time>2020-05-09T19:48:43Z</time>
      </trkpt>
      <trkpt lat="36.422408" lon="-85.758792">
        <time>2020-05-09T19:48:46Z</time>
      </trkpt>
      <trkpt lat="36.422487" lon="-85.758488">
        <time>2020-05-09T19:48:48Z</time>
      </trkpt>
      <trkpt lat="36.422267" lon="-85.757996">
        <time>2020-05-09T19:48:52Z</time>
      </trkpt>
      <trkpt lat="36.422003" lon="-85.757948">
        <time>2020-05-09T19:48:54Z</time>
      </trkpt>
      <trkpt lat="36.421579" lon="-85.757970">
        <time>2020-05-09T19:48:57Z</time>
      </trkpt>
      <trkpt lat="36.421433" lon="-85.757976">
        <time>2020-05-09T19:48:58Z</time>
      </trkpt>
      <trkpt lat="36.420684" lon="-85.757510">
        <time>2020-05-09T19:49:04Z</time>
      </trkpt>
      <trkpt lat="36.420556" lon="-85.757196">
        <time>2020-05-09T19:49:06Z</time>
      </trkpt>
      <trkpt lat="36.420292" lon="-85.756121">
        <time>2020-05-09T19:49:13Z</time>
      </trkpt>
      <trkpt lat="36.420239" lon="-85.755951">
        <time>2020-05-09T19:49:15Z</time>
      </trkpt>
      <trkpt lat="36.420262" lon="-85.755585">
        <time>2020-05-09T19:49:19Z</time>
      </trkpt>
      <trkpt lat="36.420330" lon="-85.755364">
        <time>2020-05-09T19:49:21Z</time>
      </trkpt>
      <trkpt lat="36.420394" lon="-85.755011">
        <time>2020-05-09T19:49:24Z</time>
      </trkpt>
      <trkpt lat="36.420271" lon="-85.754715">
        <time>2020-05-09T19:49:28Z</time>
      </trkpt>
      <trkpt lat="36.420107" lon="-85.754768">
        <time>2020-05-09T19:49:30Z</time>
      </trkpt>
      <trkpt lat="36.419531" lon="-85.755135">
        <time>2020-05-09T19:49:35Z</time>
      </trkpt>
      <trkpt lat="36.419285" lon="-85.755316">
        <time>2020-05-09T19:49:37Z</time>
      </trkpt>
      <trkpt lat="36.418871" lon="-85.755778">
        <time>2020-05-09T19:49:41Z</time>
      </trkpt>
      <trkpt lat="36.418651" lon="-85.756216">
        <time>2020-05-09T19:49:44Z</time>
      </trkpt>
      <trkpt lat="36.418549" lon="-85.756536">
        <time>2020-05-09T19:49:46Z</time>
      </trkpt>
      <trkpt lat="36.418493" lon="-85.756878">
        <time>2020-05-09T19:49:48Z</time>
      </trkpt>
      <trkpt lat="36.418481" lon="-85.757229">
        <time>2020-05-09T19:49:50Z</time>
      </trkpt>
      <trkpt lat="36.418484" lon="-85.757403">
        <time>2020-05-09T19:49:51Z</time>
      </trkpt>
      <trkpt lat="36.418457" lon="-85.757916">
        <time>2020-05-09T19:49:54Z</time>
      </trkpt>
      <trkpt lat="36.418426" lon="-85.758262">
        <time>2020-05-09T19:49:56Z</time>
      </trkpt>
      <trkpt lat="36.418392" lon="-85.758592">
        <time>2020-05-09T19:49:58Z</time>
      </trkpt>
      <trkpt lat="36.418361" lon="-85.758888">
        <time>2020-05-09T19:50:00Z</time>
      </trkpt>
      <trkpt lat="36.418341" lon="-85.759021">
        <time>2020-05-09T19:50:01Z</time>
      </trkpt>
      <trkpt lat="36.418043" lon="-85.759441">
        <time>2020-05-09T19:50:05Z</time>
      </trkpt>
      <trkpt lat="36.417649" lon="-85.759625">
        <time>2020-05-09T19:50:08Z</time>
      </trkpt>
      <trkpt lat="36.417162" lon="-85.759929">
        <time>2020-05-09T19:50:12Z</time>
      </trkpt>
      <trkpt lat="36.417056" lon="-85.760061">
        <time>2020-05-09T19:50:13Z</time>
      </trkpt>
      <trkpt lat="36.416662" lon="-85.760644">
        <time>2020-05-09T19:50:17Z</time>
      </trkpt>
      <trkpt lat="36.416459" lon="-85.760939">
        <time>2020-05-09T19:50:19Z</time>
      </trkpt>
      <trkpt lat="36.416235" lon="-85.761219">
        <time>2020-05-09T19:50:21Z</time>
      </trkpt>
      <trkpt lat="36.415552" lon="-85.761645">
        <time>2020-05-09T19:50:26Z</time>
      </trkpt>
      <trkpt lat="36.414891" lon="-85.762173">
        <time>2020-05-09T19:50:31Z</time>
      </trkpt>
      <trkpt lat="36.414109" lon="-85.763087">
        <time>2020-05-09T19:50:37Z</time>
      </trkpt>
      <trkpt lat="36.413974" lon="-85.763229">
        <time>2020-05-09T19:50:38Z</time>
      </trkpt>
      <trkpt lat="36.412923" lon="-85.764219">
        <time>2020-05-09T19:50:46Z</time>
      </trkpt>
      <trkpt lat="36.411927" lon="-85.764920">
        <time>2020-05-09T19:50:53Z</time>
      </trkpt>
      <trkpt lat="36.410970" lon="-85.765707">
        <time>2020-05-09T19:51:00Z</time>
      </trkpt>
      <trkpt lat="36.409791" lon="-85.765906">
        <time>2020-05-09T19:51:07Z</time>
      </trkpt>
      <trkpt lat="36.409439" lon="-85.765882">
        <time>2020-05-09T19:51:09Z</time>
      </trkpt>
      <trkpt lat="36.408931" lon="-85.765823">
        <time>2020-05-09T19:51:12Z</time>
      </trkpt>
      <trkpt lat="36.408316" lon="-85.765549">
        <time>2020-05-09T19:51:16Z</time>
      </trkpt>
      <trkpt lat="36.408037" lon="-85.765364">
        <time>2020-05-09T19:51:18Z</time>
      </trkpt>
      <trkpt lat="36.407752" lon="-85.765237">
        <time>2020-05-09T19:51:20Z</time>
      </trkpt>
      <trkpt lat="36.407612" lon="-85.765190">
        <time>2020-05-09T19:51:21Z</time>
      </trkpt>
      <trkpt lat="36.407302" lon="-85.764947">
        <time>2020-05-09T19:51:24Z</time>
      </trkpt>
      <trkpt lat="36.407216" lon="-85.764658">
        <time>2020-05-09T19:51:26Z</time>
      </trkpt>
      <trkpt lat="36.406714" lon="-85.762998">
        <time>2020-05-09T19:51:35Z</time>
      </trkpt>
      <trkpt lat="36.406626" lon="-85.762822">
        <time>2020-05-09T19:51:36Z</time>
      </trkpt>
      <trkpt lat="36.405900" lon="-85.761915">
        <time>2020-05-09T19:51:42Z</time>
      </trkpt>
      <trkpt lat="36.405353" lon="-85.761312">
        <time>2020-05-09T19:51:46Z</time>
      </trkpt>
      <trkpt lat="36.404025" lon="-85.759993">
        <time>2020-05-09T19:51:55Z</time>
      </trkpt>
      <trkpt lat="36.402991" lon="-85.759259">
        <time>2020-05-09T19:52:01Z</time>
      </trkpt>
      <trkpt lat="36.402647" lon="-85.759018">
        <time>2020-05-09T19:52:03Z</time>
      </trkpt>
      <trkpt lat="36.401981" lon="-85.758574">
        <time>2020-05-09T19:52:07Z</time>
      </trkpt>
      <trkpt lat="36.401327" lon="-85.758176">
        <time>2020-05-09T19:52:11Z</time>
      </trkpt>
      <trkpt lat="36.399815" lon="-85.757349">
        <time>2020-05-09T19:52:20Z</time>
      </trkpt>
      <trkpt lat="36.398593" lon="-85.757335">
        <time>2020-05-09T19:52:27Z</time>
      </trkpt>
      <trkpt lat="36.398258" lon="-85.757506">
        <time>2020-05-09T19:52:29Z</time>
      </trkpt>
      <trkpt lat="36.397767" lon="-85.757814">
        <time>2020-05-09T19:52:32Z</time>
      </trkpt>
      <trkpt lat="36.397459" lon="-85.757934">
        <time>2020-05-09T19:52:34Z</time>
      </trkpt>
      <trkpt lat="36.397158" lon="-85.757914">
        <time>2020-05-09T19:52:36Z</time>
      </trkpt>
      <trkpt lat="36.395799" lon="-85.757696">
        <time>2020-05-09T19:52:44Z</time>
      </trkpt>
      <trkpt lat="36.394807" lon="-85.757565">
        <time>2020-05-09T19:52:50Z</time>
      </trkpt>
      <trkpt lat="36.394567" lon="-85.757551">
        <time>2020-05-09T19:52:52Z</time>
      </trkpt>
      <trkpt lat="36.394273" lon="-85.757541">
        <time>2020-05-09T19:52:55Z</time>
      </trkpt>
      <trkpt lat="36.393324" lon="-85.757407">
        <time>2020-05-09T19:53:06Z</time>
      </trkpt>
      <trkpt lat="36.392721" lon="-85.757183">
        <time>2020-05-09T19:53:14Z</time>
      </trkpt>
      <trkpt lat="36.392187" lon="-85.756657">
        <time>2020-05-09T19:53:20Z</time>
      </trkpt>
      <trkpt lat="36.392074" lon="-85.756543">
        <time>2020-05-09T19:53:21Z</time>
      </trkpt>
      <trkpt lat="36.391114" lon="-85.755278">
        <time>2020-05-09T19:53:29Z</time>
      </trkpt>
      <trkpt lat="36.390117" lon="-85.753743">
        <time>2020-05-09T19:53:37Z</time>
      </trkpt>
      <trkpt lat="36.389897" lon="-85.753422">
        <time>2020-05-09T19:53:39Z</time>
      </trkpt>
      <trkpt lat="36.389354" lon="-85.752966">
        <time>2020-05-09T19:53:43Z</time>
      </trkpt>
      <trkpt lat="36.389050" lon="-85.752847">
        <time>2020-05-09T19:53:45Z</time>
      </trkpt>
      <trkpt lat="36.388363" lon="-85.752102">
        <time>2020-05-09T19:53:51Z</time>
      </trkpt>
      <trkpt lat="36.388245" lon="-85.751976">
        <time>2020-05-09T19:53:52Z</time>
      </trkpt>
      <trkpt lat="36.387701" lon="-85.751657">
        <time>2020-05-09T19:53:56Z</time>
      </trkpt>
      <trkpt lat="36.386369" lon="-85.751483">
        <time>2020-05-09T19:54:04Z</time>
      </trkpt>
      <trkpt lat="36.386187" lon="-85.751483">
        <time>2020-05-09T19:54:05Z</time>
      </trkpt>
      <trkpt lat="36.385258" lon="-85.751562">
        <time>2020-05-09T19:54:10Z</time>
      </trkpt>
      <trkpt lat="36.384881" lon="-85.751654">
        <time>2020-05-09T19:54:12Z</time>
      </trkpt>
      <trkpt lat="36.384513" lon="-85.751821">
        <time>2020-05-09T19:54:14Z</time>
      </trkpt>
      <trkpt lat="36.384000" lon="-85.752202">
        <time>2020-05-09T19:54:17Z</time>
      </trkpt>
      <trkpt lat="36.383381" lon="-85.752804">
        <time>2020-05-09T19:54:21Z</time>
      </trkpt>
      <trkpt lat="36.382006" lon="-85.753707">
        <time>2020-05-09T19:54:29Z</time>
      </trkpt>
      <trkpt lat="36.381248" lon="-85.753924">
        <time>2020-05-09T19:54:33Z</time>
      </trkpt>
      <trkpt lat="36.380256" lon="-85.753899">
        <time>2020-05-09T19:54:38Z</time>
      </trkpt>
      <trkpt lat="36.379864" lon="-85.753933">
        <time>2020-05-09T19:54:40Z</time>
      </trkpt>
      <trkpt lat="36.378913" lon="-85.754142">
        <time>2020-05-09T19:54:45Z</time>
      </trkpt>
      <trkpt lat="36.377983" lon="-85.754722">
        <time>2020-05-09T19:54:51Z</time>
      </trkpt>
      <trkpt lat="36.377642" lon="-85.754773">
        <time>2020-05-09T19:54:53Z</time>
      </trkpt>
      <trkpt lat="36.375746" lon="-85.754658">
        <time>2020-05-09T19:55:03Z</time>
      </trkpt>
      <trkpt lat="36.374054" lon="-85.754238">
        <time>2020-05-09T19:55:12Z</time>
      </trkpt>
      <trkpt lat="36.373121" lon="-85.753857">
        <time>2020-05-09T19:55:17Z</time>
      </trkpt>
      <trkpt lat="36.372374" lon="-85.753541">
        <time>2020-05-09T19:55:21Z</time>
      </trkpt>
      <trkpt lat="36.370993" lon="-85.752930">
        <time>2020-05-09T19:55:29Z</time>
      </trkpt>
      <trkpt lat="36.370297" lon="-85.752916">
        <time>2020-05-09T19:55:33Z</time>
      </trkpt>
      <trkpt lat="36.369571" lon="-85.753225">
        <time>2020-05-09T19:55:37Z</time>
      </trkpt>
      <trkpt lat="36.366850" lon="-85.754583">
        <time>2020-05-09T19:55:52Z</time>
      </trkpt>
      <trkpt lat="36.365436" lon="-85.755548">
        <time>2020-05-09T19:56:01Z</time>
      </trkpt>
      <trkpt lat="36.364976" lon="-85.756528">
        <time>2020-05-09T19:56:07Z</time>
      </trkpt>
      <trkpt lat="36.365009" lon="-85.757073">
        <time>2020-05-09T19:56:10Z</time>
      </trkpt>
      <trkpt lat="36.365172" lon="-85.757790">
        <time>2020-05-09T19:56:14Z</time>
      </trkpt>
      <trkpt lat="36.365083" lon="-85.758578">
        <time>2020-05-09T19:56:20Z</time>
      </trkpt>
      <trkpt lat="36.364860" lon="-85.758770">
        <time>2020-05-09T19:56:25Z</time>
      </trkpt>
      <trkpt lat="36.364831" lon="-85.758770">
        <time>2020-05-09T19:56:29Z</time>
      </trkpt>
      <trkpt lat="36.364701" lon="-85.758520">
        <time>2020-05-09T19:56:34Z</time>
      </trkpt>
      <trkpt lat="36.364289" lon="-85.757224">
        <time>2020-05-09T19:56:42Z</time>
      </trkpt>
      <trkpt lat="36.363249" lon="-85.754554">
        <time>2020-05-09T19:56:55Z</time>
      </trkpt>
      <trkpt lat="36.362252" lon="-85.753347">
        <time>2020-05-09T19:57:02Z</time>
      </trkpt>
      <trkpt lat="36.360272" lon="-85.751285">
        <time>2020-05-09T19:57:14Z</time>
      </trkpt>
      <trkpt lat="36.359872" lon="-85.750335">
        <time>2020-05-09T19:57:18Z</time>
      </trkpt>
      <trkpt lat="36.359238" lon="-85.746741">
        <time>2020-05-09T19:57:31Z</time>
      </trkpt>
      <trkpt lat="36.358590" lon="-85.742525">
        <time>2020-05-09T19:57:46Z</time>
      </trkpt>
      <trkpt lat="36.358529" lon="-85.741696">
        <time>2020-05-09T19:57:49Z</time>
      </trkpt>
      <trkpt lat="36.358532" lon="-85.741136">
        <time>2020-05-09T19:57:51Z</time>
      </trkpt>
      <trkpt lat="36.358579" lon="-85.739415">
        <time>2020-05-09T19:57:57Z</time>
      </trkpt>
      <trkpt lat="36.358580" lon="-85.738554">
        <time>2020-05-09T19:58:00Z</time>
      </trkpt>
      <trkpt lat="36.358431" lon="-85.737409">
        <time>2020-05-09T19:58:04Z</time>
      </trkpt>
      <trkpt lat="36.358211" lon="-85.736254">
        <time>2020-05-09T19:58:08Z</time>
      </trkpt>
      <trkpt lat="36.357717" lon="-85.733705">
        <time>2020-05-09T19:58:17Z</time>
      </trkpt>
      <trkpt lat="36.357612" lon="-85.733142">
        <time>2020-05-09T19:58:19Z</time>
      </trkpt>
      <trkpt lat="36.357510" lon="-85.732579">
        <time>2020-05-09T19:58:21Z</time>
      </trkpt>
      <trkpt lat="36.357407" lon="-85.732022">
        <time>2020-05-09T19:58:23Z</time>
      </trkpt>
      <trkpt lat="36.357191" lon="-85.730904">
        <time>2020-05-09T19:58:27Z</time>
      </trkpt>
      <trkpt lat="36.357068" lon="-85.730339">
        <time>2020-05-09T19:58:29Z</time>
      </trkpt>
      <trkpt lat="36.356855" lon="-85.729491">
        <time>2020-05-09T19:58:32Z</time>
      </trkpt>
      <trkpt lat="36.356000" lon="-85.725883">
        <time>2020-05-09T19:58:45Z</time>
      </trkpt>
      <trkpt lat="36.355996" lon="-85.725018">
        <time>2020-05-09T19:58:48Z</time>
      </trkpt>
      <trkpt lat="36.356035" lon="-85.724476">
        <time>2020-05-09T19:58:50Z</time>
      </trkpt>
      <trkpt lat="36.356071" lon="-85.723961">
        <time>2020-05-09T19:58:52Z</time>
      </trkpt>
      <trkpt lat="36.356106" lon="-85.723471">
        <time>2020-05-09T19:58:54Z</time>
      </trkpt>
      <trkpt lat="36.356140" lon="-85.723005">
        <time>2020-05-09T19:58:56Z</time>
      </trkpt>
      <trkpt lat="36.356165" lon="-85.722599">
        <time>2020-05-09T19:58:58Z</time>
      </trkpt>
      <trkpt lat="36.356174" lon="-85.722280">
        <time>2020-05-09T19:59:00Z</time>
      </trkpt>
      <trkpt lat="36.356165" lon="-85.722050">
        <time>2020-05-09T19:59:02Z</time>
      </trkpt>
      <trkpt lat="36.356158" lon="-85.721960">
        <time>2020-05-09T19:59:03Z</time>
      </trkpt>
      <trkpt lat="36.356189" lon="-85.721831">
        <time>2020-05-09T19:59:05Z</time>
      </trkpt>
      <trkpt lat="36.356404" lon="-85.721784">
        <time>2020-05-09T19:59:08Z</time>
      </trkpt>
      <trkpt lat="36.357069" lon="-85.721908">
        <time>2020-05-09T19:59:13Z</time>
      </trkpt>
      <trkpt lat="36.357409" lon="-85.721977">
        <time>2020-05-09T19:59:15Z</time>
      </trkpt>
      <trkpt lat="36.358188" lon="-85.722120">
        <time>2020-05-09T19:59:19Z</time>
      </trkpt>
      <trkpt lat="36.360250" lon="-85.722708">
        <time>2020-05-09T19:59:29Z</time>
      </trkpt>
      <trkpt lat="36.361524" lon="-85.723082">
        <time>2020-05-09T19:59:35Z</time>
      </trkpt>
      <trkpt lat="36.363627" lon="-85.723553">
        <time>2020-05-09T19:59:45Z</time>
      </trkpt>
      <trkpt lat="36.365226" lon="-85.724088">
        <time>2020-05-09T19:59:53Z</time>
      </trkpt>
      <trkpt lat="36.366665" lon="-85.725163">
        <time>2020-05-09T20:00:01Z</time>
      </trkpt>
      <trkpt lat="36.367927" lon="-85.726816">
        <time>2020-05-09T20:00:10Z</time>
      </trkpt>
      <trkpt lat="36.368043" lon="-85.726992">
        <time>2020-05-09T20:00:11Z</time>
      </trkpt>
      <trkpt lat="36.369320" lon="-85.728111">
        <time>2020-05-09T20:00:19Z</time>
      </trkpt>
      <trkpt lat="36.370517" lon="-85.729491">
        <time>2020-05-09T20:00:27Z</time>
      </trkpt>
      <trkpt lat="36.371057" lon="-85.730211">
        <time>2020-05-09T20:00:31Z</time>
      </trkpt>
      <trkpt lat="36.372871" lon="-85.732328">
        <time>2020-05-09T20:00:43Z</time>
      </trkpt>
      <trkpt lat="36.373601" lon="-85.733047">
        <time>2020-05-09T20:00:48Z</time>
      </trkpt>
      <trkpt lat="36.373738" lon="-85.733196">
        <time>2020-05-09T20:00:49Z</time>
      </trkpt>
      <trkpt lat="36.373991" lon="-85.733478">
        <time>2020-05-09T20:00:51Z</time>
      </trkpt>
      <trkpt lat="36.374783" lon="-85.733804">
        <time>2020-05-09T20:00:56Z</time>
      </trkpt>
      <trkpt lat="36.375150" lon="-85.733963">
        <time>2020-05-09T20:00:58Z</time>
      </trkpt>
      <trkpt lat="36.377021" lon="-85.734842">
        <time>2020-05-09T20:01:08Z</time>
      </trkpt>
      <trkpt lat="36.377207" lon="-85.734923">
        <time>2020-05-09T20:01:09Z</time>
      </trkpt>
      <trkpt lat="36.377863" lon="-85.735432">
        <time>2020-05-09T20:01:13Z</time>
      </trkpt>
      <trkpt lat="36.377993" lon="-85.735578">
        <time>2020-05-09T20:01:14Z</time>
      </trkpt>
      <trkpt lat="36.378112" lon="-85.735723">
        <time>2020-05-09T20:01:15Z</time>
      </trkpt>
      <trkpt lat="36.378715" lon="-85.736106">
        <time>2020-05-09T20:01:19Z</time>
      </trkpt>
      <trkpt lat="36.379383" lon="-85.736507">
        <time>2020-05-09T20:01:23Z</time>
      </trkpt>
      <trkpt lat="36.379693" lon="-85.736806">
        <time>2020-05-09T20:01:25Z</time>
      </trkpt>
      <trkpt lat="36.380329" lon="-85.737315">
        <time>2020-05-09T20:01:29Z</time>
      </trkpt>
      <trkpt lat="36.381046" lon="-85.737499">
        <time>2020-05-09T20:01:33Z</time>
      </trkpt>
      <trkpt lat="36.381608" lon="-85.737489">
        <time>2020-05-09T20:01:36Z</time>
      </trkpt>
      <trkpt lat="36.382304" lon="-85.737175">
        <time>2020-05-09T20:01:40Z</time>
      </trkpt>
      <trkpt lat="36.382487" lon="-85.737067">
        <time>2020-05-09T20:01:41Z</time>
      </trkpt>
      <trkpt lat="36.382859" lon="-85.736872">
        <time>2020-05-09T20:01:43Z</time>
      </trkpt>
      <trkpt lat="36.383680" lon="-85.736128">
        <time>2020-05-09T20:01:48Z</time>
      </trkpt>
      <trkpt lat="36.383994" lon="-85.735768">
        <time>2020-05-09T20:01:50Z</time>
      </trkpt>
      <trkpt lat="36.385257" lon="-85.734324">
        <time>2020-05-09T20:01:58Z</time>
      </trkpt>
      <trkpt lat="36.385807" lon="-85.733932">
        <time>2020-05-09T20:02:01Z</time>
      </trkpt>
      <trkpt lat="36.387137" lon="-85.733219">
        <time>2020-05-09T20:02:08Z</time>
      </trkpt>
      <trkpt lat="36.387851" lon="-85.733071">
        <time>2020-05-09T20:02:12Z</time>
      </trkpt>
      <trkpt lat="36.388476" lon="-85.733314">
        <time>2020-05-09T20:02:16Z</time>
      </trkpt>
      <trkpt lat="36.388792" lon="-85.733550">
        <time>2020-05-09T20:02:18Z</time>
      </trkpt>
      <trkpt lat="36.389117" lon="-85.733805">
        <time>2020-05-09T20:02:20Z</time>
      </trkpt>
      <trkpt lat="36.389582" lon="-85.734232">
        <time>2020-05-09T20:02:23Z</time>
      </trkpt>
      <trkpt lat="36.389835" lon="-85.734546">
        <time>2020-05-09T20:02:25Z</time>
      </trkpt>
      <trkpt lat="36.390179" lon="-85.735671">
        <time>2020-05-09T20:02:31Z</time>
      </trkpt>
      <trkpt lat="36.390514" lon="-85.736047">
        <time>2020-05-09T20:02:35Z</time>
      </trkpt>
      <trkpt lat="36.390815" lon="-85.736013">
        <time>2020-05-09T20:02:37Z</time>
      </trkpt>
      <trkpt lat="36.391111" lon="-85.735917">
        <time>2020-05-09T20:02:39Z</time>
      </trkpt>
      <trkpt lat="36.391340" lon="-85.735700">
        <time>2020-05-09T20:02:41Z</time>
      </trkpt>
      <trkpt lat="36.391787" lon="-85.735214">
        <time>2020-05-09T20:02:45Z</time>
      </trkpt>
      <trkpt lat="36.392365" lon="-85.735103">
        <time>2020-05-09T20:02:49Z</time>
      </trkpt>
      <trkpt lat="36.392685" lon="-85.735180">
        <time>2020-05-09T20:02:51Z</time>
      </trkpt>
      <trkpt lat="36.392824" lon="-85.735235">
        <time>2020-05-09T20:02:52Z</time>
      </trkpt>
      <trkpt lat="36.393165" lon="-85.735443">
        <time>2020-05-09T20:02:55Z</time>
      </trkpt>
      <trkpt lat="36.393431" lon="-85.735244">
        <time>2020-05-09T20:02:59Z</time>
      </trkpt>
      <trkpt lat="36.393529" lon="-85.734929">
        <time>2020-05-09T20:03:01Z</time>
      </trkpt>
      <trkpt lat="36.393609" lon="-85.734774">
        <time>2020-05-09T20:03:02Z</time>
      </trkpt>
      <trkpt lat="36.394081" lon="-85.734111">
        <time>2020-05-09T20:03:07Z</time>
      </trkpt>
      <trkpt lat="36.394260" lon="-85.733901">
        <time>2020-05-09T20:03:09Z</time>
      </trkpt>
      <trkpt lat="36.394386" lon="-85.733155">
        <time>2020-05-09T20:03:15Z</time>
      </trkpt>
      <trkpt lat="36.394321" lon="-85.732993">
        <time>2020-05-09T20:03:16Z</time>
      </trkpt>
      <trkpt lat="36.394112" lon="-85.732498">
        <time>2020-05-09T20:03:19Z</time>
      </trkpt>
      <trkpt lat="36.394053" lon="-85.732326">
        <time>2020-05-09T20:03:20Z</time>
      </trkpt>
      <trkpt lat="36.393949" lon="-85.731559">
        <time>2020-05-09T20:03:24Z</time>
      </trkpt>
      <trkpt lat="36.393979" lon="-85.730744">
        <time>2020-05-09T20:03:28Z</time>
      </trkpt>
      <trkpt lat="36.394052" lon="-85.730145">
        <time>2020-05-09T20:03:31Z</time>
      </trkpt>
      <trkpt lat="36.394290" lon="-85.729384">
        <time>2020-05-09T20:03:35Z</time>
      </trkpt>
      <trkpt lat="36.394515" lon="-85.728823">
        <time>2020-05-09T20:03:38Z</time>
      </trkpt>
      <trkpt lat="36.394622" lon="-85.728204">
        <time>2020-05-09T20:03:41Z</time>
      </trkpt>
      <trkpt lat="36.394644" lon="-85.727779">
        <time>2020-05-09T20:03:43Z</time>
      </trkpt>
      <trkpt lat="36.394620" lon="-85.727373">
        <time>2020-05-09T20:03:45Z</time>
      </trkpt>
      <trkpt lat="36.394359" lon="-85.726661">
        <time>2020-05-09T20:03:49Z</time>
      </trkpt>
      <trkpt lat="36.394184" lon="-85.726364">
        <time>2020-05-09T20:03:51Z</time>
      </trkpt>
      <trkpt lat="36.393567" lon="-85.725895">
        <time>2020-05-09T20:03:57Z</time>
      </trkpt>
      <trkpt lat="36.392835" lon="-85.726309">
        <time>2020-05-09T20:04:02Z</time>
      </trkpt>
      <trkpt lat="36.392721" lon="-85.726442">
        <time>2020-05-09T20:04:03Z</time>
      </trkpt>
      <trkpt lat="36.392532" lon="-85.726723">
        <time>2020-05-09T20:04:05Z</time>
      </trkpt>
      <trkpt lat="36.392384" lon="-85.726983">
        <time>2020-05-09T20:04:07Z</time>
      </trkpt>
      <trkpt lat="36.392111" lon="-85.727024">
        <time>2020-05-09T20:04:12Z</time>
      </trkpt>
      <trkpt lat="36.392084" lon="-85.726927">
        <time>2020-05-09T20:04:13Z</time>
      </trkpt>
      <trkpt lat="36.391944" lon="-85.726296">
        <time>2020-05-09T20:04:18Z</time>
      </trkpt>
      <trkpt lat="36.392060" lon="-85.726007">
        <time>2020-05-09T20:04:21Z</time>
      </trkpt>
      <trkpt lat="36.392462" lon="-85.725596">
        <time>2020-05-09T20:04:25Z</time>
      </trkpt>
      <trkpt lat="36.392732" lon="-85.725162">
        <time>2020-05-09T20:04:28Z</time>
      </trkpt>
      <trkpt lat="36.392810" lon="-85.725020">
        <time>2020-05-09T20:04:29Z</time>
      </trkpt>
      <trkpt lat="36.393269" lon="-85.724688">
        <time>2020-05-09T20:04:33Z</time>
      </trkpt>
      <trkpt lat="36.393412" lon="-85.724661">
        <time>2020-05-09T20:04:34Z</time>
      </trkpt>
      <trkpt lat="36.394393" lon="-85.724462">
        <time>2020-05-09T20:04:41Z</time>
      </trkpt>
      <trkpt lat="36.394668" lon="-85.724376">
        <time>2020-05-09T20:04:43Z</time>
      </trkpt>
      <trkpt lat="36.395347" lon="-85.723660">
        <time>2020-05-09T20:04:49Z</time>
      </trkpt>
      <trkpt lat="36.395892" lon="-85.722695">
        <time>2020-05-09T20:04:54Z</time>
      </trkpt>
      <trkpt lat="36.396932" lon="-85.721024">
        <time>2020-05-09T20:05:03Z</time>
      </trkpt>
      <trkpt lat="36.397710" lon="-85.719153">
        <time>2020-05-09T20:05:12Z</time>
      </trkpt>
      <trkpt lat="36.398117" lon="-85.718352">
        <time>2020-05-09T20:05:16Z</time>
      </trkpt>
      <trkpt lat="36.399423" lon="-85.716614">
        <time>2020-05-09T20:05:26Z</time>
      </trkpt>
      <trkpt lat="36.399835" lon="-85.716206">
        <time>2020-05-09T20:05:29Z</time>
      </trkpt>
      <trkpt lat="36.400183" lon="-85.715880">
        <time>2020-05-09T20:05:32Z</time>
      </trkpt>
      <trkpt lat="36.400743" lon="-85.715737">
        <time>2020-05-09T20:05:36Z</time>
      </trkpt>
      <trkpt lat="36.401060" lon="-85.715833">
        <time>2020-05-09T20:05:38Z</time>
      </trkpt>
      <trkpt lat="36.402125" lon="-85.716182">
        <time>2020-05-09T20:05:46Z</time>
      </trkpt>
      <trkpt lat="36.402197" lon="-85.716189">
        <time>2020-05-09T20:05:47Z</time>
      </trkpt>
      <trkpt lat="36.402275" lon="-85.716635">
        <time>2020-05-09T20:05:53Z</time>
      </trkpt>
      <trkpt lat="36.402499" lon="-85.716988">
        <time>2020-05-09T20:05:57Z</time>
      </trkpt>
      <trkpt lat="36.402693" lon="-85.717111">
        <time>2020-05-09T20:05:59Z</time>
      </trkpt>
      <trkpt lat="36.403162" lon="-85.717402">
        <time>2020-05-09T20:06:04Z</time>
      </trkpt>
      <trkpt lat="36.403580" lon="-85.717367">
        <time>2020-05-09T20:06:08Z</time>
      </trkpt>
      <trkpt lat="36.404275" lon="-85.717381">
        <time>2020-05-09T20:06:14Z</time>
      </trkpt>
      <trkpt lat="36.405192" lon="-85.718042">
        <time>2020-05-09T20:06:21Z</time>
      </trkpt>
      <trkpt lat="36.405326" lon="-85.718148">
        <time>2020-05-09T20:06:22Z</time>
      </trkpt>
      <trkpt lat="36.406446" lon="-85.718899">
        <time>2020-05-09T20:06:30Z</time>
      </trkpt>
      <trkpt lat="36.406868" lon="-85.718982">
        <time>2020-05-09T20:06:33Z</time>
      </trkpt>
      <trkpt lat="36.407542" lon="-85.719534">
        <time>2020-05-09T20:06:39Z</time>
      </trkpt>
      <trkpt lat="36.408281" lon="-85.720873">
        <time>2020-05-09T20:06:47Z</time>
      </trkpt>
      <trkpt lat="36.408467" lon="-85.721414">
        <time>2020-05-09T20:06:50Z</time>
      </trkpt>
      <trkpt lat="36.409227" lon="-85.722914">
        <time>2020-05-09T20:06:59Z</time>
      </trkpt>
      <trkpt lat="36.409380" lon="-85.723282">
        <time>2020-05-09T20:07:01Z</time>
      </trkpt>
      <trkpt lat="36.410245" lon="-85.725063">
        <time>2020-05-09T20:07:11Z</time>
      </trkpt>
      <trkpt lat="36.410395" lon="-85.725401">
        <time>2020-05-09T20:07:13Z</time>
      </trkpt>
      <trkpt lat="36.410579" lon="-85.726311">
        <time>2020-05-09T20:07:18Z</time>
      </trkpt>
      <trkpt lat="36.410612" lon="-85.726887">
        <time>2020-05-09T20:07:21Z</time>
      </trkpt>
      <trkpt lat="36.410780" lon="-85.727666">
        <time>2020-05-09T20:07:25Z</time>
      </trkpt>
      <trkpt lat="36.410838" lon="-85.727859">
        <time>2020-05-09T20:07:26Z</time>
      </trkpt>
      <trkpt lat="36.411176" lon="-85.728563">
        <time>2020-05-09T20:07:30Z</time>
      </trkpt>
      <trkpt lat="36.411533" lon="-85.729275">
        <time>2020-05-09T20:07:34Z</time>
      </trkpt>
      <trkpt lat="36.411934" lon="-85.730095">
        <time>2020-05-09T20:07:39Z</time>
      </trkpt>
      <trkpt lat="36.412394" lon="-85.730498">
        <time>2020-05-09T20:07:43Z</time>
      </trkpt>
      <trkpt lat="36.413054" lon="-85.730911">
        <time>2020-05-09T20:07:48Z</time>
      </trkpt>
      <trkpt lat="36.413287" lon="-85.731362">
        <time>2020-05-09T20:07:54Z</time>
      </trkpt>
      <trkpt lat="36.413228" lon="-85.732294">
        <time>2020-05-09T20:08:02Z</time>
      </trkpt>
      <trkpt lat="36.413177" lon="-85.732763">
        <time>2020-05-09T20:08:05Z</time>
      </trkpt>
      <trkpt lat="36.413177" lon="-85.733257">
        <time>2020-05-09T20:08:08Z</time>
      </trkpt>
      <trkpt lat="36.413220" lon="-85.733948">
        <time>2020-05-09T20:08:12Z</time>
      </trkpt>
      <trkpt lat="36.413455" lon="-85.735477">
        <time>2020-05-09T20:08:21Z</time>
      </trkpt>
      <trkpt lat="36.413607" lon="-85.735924">
        <time>2020-05-09T20:08:24Z</time>
      </trkpt>
      <trkpt lat="36.413617" lon="-85.736618">
        <time>2020-05-09T20:08:29Z</time>
      </trkpt>
      <trkpt lat="36.413469" lon="-85.737049">
        <time>2020-05-09T20:08:32Z</time>
      </trkpt>
      <trkpt lat="36.413400" lon="-85.737187">
        <time>2020-05-09T20:08:33Z</time>
      </trkpt>
      <trkpt lat="36.413190" lon="-85.737583">
        <time>2020-05-09T20:08:36Z</time>
      </trkpt>
      <trkpt lat="36.413041" lon="-85.737814">
        <time>2020-05-09T20:08:38Z</time>
      </trkpt>
      <trkpt lat="36.412869" lon="-85.738040">
        <time>2020-05-09T20:08:40Z</time>
      </trkpt>
      <trkpt lat="36.412681" lon="-85.738268">
        <time>2020-05-09T20:08:42Z</time>
      </trkpt>
      <trkpt lat="36.412584" lon="-85.738384">
        <time>2020-05-09T20:08:43Z</time>
      </trkpt>
      <trkpt lat="36.412341" lon="-85.738792">
        <time>2020-05-09T20:08:46Z</time>
      </trkpt>
      <trkpt lat="36.412289" lon="-85.738949">
        <time>2020-05-09T20:08:47Z</time>
      </trkpt>
      <trkpt lat="36.412206" lon="-85.739243">
        <time>2020-05-09T20:08:49Z</time>
      </trkpt>
      <trkpt lat="36.412281" lon="-85.739698">
        <time>2020-05-09T20:08:54Z</time>
      </trkpt>
      <trkpt lat="36.412340" lon="-85.739763">
        <time>2020-05-09T20:08:55Z</time>
      </trkpt>
      <trkpt lat="36.412711" lon="-85.740105">
        <time>2020-05-09T20:09:00Z</time>
      </trkpt>
      <trkpt lat="36.412792" lon="-85.740183">
        <time>2020-05-09T20:09:01Z</time>
      </trkpt>
      <trkpt lat="36.413016" lon="-85.740429">
        <time>2020-05-09T20:09:04Z</time>
      </trkpt>
      <trkpt lat="36.413236" lon="-85.740348">
        <time>2020-05-09T20:09:08Z</time>
      </trkpt>
      <trkpt lat="36.413230" lon="-85.740142">
        <time>2020-05-09T20:09:10Z</time>
      </trkpt>
      <trkpt lat="36.413156" lon="-85.739763">
        <time>2020-05-09T20:09:13Z</time>
      </trkpt>
      <trkpt lat="36.413320" lon="-85.739354">
        <time>2020-05-09T20:09:18Z</time>
      </trkpt>
      <trkpt lat="36.413586" lon="-85.739434">
        <time>2020-05-09T20:09:21Z</time>
      </trkpt>
      <trkpt lat="36.414033" lon="-85.739666">
        <time>2020-05-09T20:09:25Z</time>
      </trkpt>
      <trkpt lat="36.414278" lon="-85.739783">
        <time>2020-05-09T20:09:27Z</time>
      </trkpt>
      <trkpt lat="36.414676" lon="-85.739881">
        <time>2020-05-09T20:09:30Z</time>
      </trkpt>
      <trkpt lat="36.414812" lon="-85.739889">
        <time>2020-05-09T20:09:31Z</time>
      </trkpt>
      <trkpt lat="36.415228" lon="-85.739865">
        <time>2020-05-09T20:09:34Z</time>
      </trkpt>
      <trkpt lat="36.415667" lon="-85.739779">
        <time>2020-05-09T20:09:37Z</time>
      </trkpt>
      <trkpt lat="36.416133" lon="-85.739687">
        <time>2020-05-09T20:09:40Z</time>
      </trkpt>
      <trkpt lat="36.416770" lon="-85.739596">
        <time>2020-05-09T20:09:44Z</time>
      </trkpt>
      <trkpt lat="36.417087" lon="-85.739577">
        <time>2020-05-09T20:09:46Z</time>
      </trkpt>
      <trkpt lat="36.417778" lon="-85.739930">
        <time>2020-05-09T20:09:51Z</time>
      </trkpt>
      <trkpt lat="36.418063" lon="-85.740881">
        <time>2020-05-09T20:09:56Z</time>
      </trkpt>
      <trkpt lat="36.418108" lon="-85.741671">
        <time>2020-05-09T20:10:00Z</time>
      </trkpt>
      <trkpt lat="36.418589" lon="-85.742575">
        <time>2020-05-09T20:10:06Z</time>
      </trkpt>
      <trkpt lat="36.419916" lon="-85.743269">
        <time>2020-05-09T20:10:15Z</time>
      </trkpt>
      <trkpt lat="36.420054" lon="-85.743300">
        <time>2020-05-09T20:10:16Z</time>
      </trkpt>
      <trkpt lat="36.420421" lon="-85.743374">
        <time>2020-05-09T20:10:19Z</time>
      </trkpt>
      <trkpt lat="36.420507" lon="-85.743388">
        <time>2020-05-09T20:10:20Z</time>
      </trkpt>
      <trkpt lat="36.420645" lon="-85.743350">
        <time>2020-05-09T20:10:27Z</time>
      </trkpt>
      <trkpt lat="36.420661" lon="-85.743294">
        <time>2020-05-09T20:10:35Z</time>
      </trkpt>
      <trkpt lat="36.420694" lon="-85.742832">
        <time>2020-05-09T20:10:40Z</time>
      </trkpt>
      <trkpt lat="36.420716" lon="-85.742708">
        <time>2020-05-09T20:10:41Z</time>
      </trkpt>
      <trkpt lat="36.421120" lon="-85.742132">
        <time>2020-05-09T20:10:47Z</time>
      </trkpt>
      <trkpt lat="36.421427" lon="-85.741945">
        <time>2020-05-09T20:10:50Z</time>
      </trkpt>
      <trkpt lat="36.421831" lon="-85.741502">
        <time>2020-05-09T20:10:54Z</time>
      </trkpt>
      <trkpt lat="36.421937" lon="-85.741389">
        <time>2020-05-09T20:10:55Z</time>
      </trkpt>
      <trkpt lat="36.422470" lon="-85.741075">
        <time>2020-05-09T20:10:59Z</time>
      </trkpt>
      <trkpt lat="36.423194" lon="-85.740912">
        <time>2020-05-09T20:11:04Z</time>
      </trkpt>
      <trkpt lat="36.423591" lon="-85.740824">
        <time>2020-05-09T20:11:07Z</time>
      </trkpt>
      <trkpt lat="36.423809" lon="-85.740705">
        <time>2020-05-09T20:11:09Z</time>
      </trkpt>
      <trkpt lat="36.424054" lon="-85.740142">
        <time>2020-05-09T20:11:13Z</time>
      </trkpt>
      <trkpt lat="36.424068" lon="-85.739558">
        <time>2020-05-09T20:11:16Z</time>
      </trkpt>
      <trkpt lat="36.423954" lon="-85.738726">
        <time>2020-05-09T20:11:20Z</time>
      </trkpt>
      <trkpt lat="36.423849" lon="-85.736876">
        <time>2020-05-09T20:11:29Z</time>
      </trkpt>
      <trkpt lat="36.423856" lon="-85.736666">
        <time>2020-05-09T20:11:32Z</time>
      </trkpt>
      <trkpt lat="36.423851" lon="-85.736642">
        <time>2020-05-09T20:11:40Z</time>
      </trkpt>
      <trkpt lat="36.423859" lon="-85.736590">
        <time>2020-05-09T20:12:12Z</time>
      </trkpt>
      <trkpt lat="36.424122" lon="-85.735598">
        <time>2020-05-09T20:12:21Z</time>
      </trkpt>
      <trkpt lat="36.424152" lon="-85.735465">
        <time>2020-05-09T20:12:22Z</time>
      </trkpt>
      <trkpt lat="36.424173" lon="-85.735054">
        <time>2020-05-09T20:12:25Z</time>
      </trkpt>
      <trkpt lat="36.424158" lon="-85.734921">
        <time>2020-05-09T20:12:26Z</time>
      </trkpt>
      <trkpt lat="36.423880" lon="-85.733564">
        <time>2020-05-09T20:12:35Z</time>
      </trkpt>
      <trkpt lat="36.423866" lon="-85.733128">
        <time>2020-05-09T20:12:37Z</time>
      </trkpt>
      <trkpt lat="36.423960" lon="-85.732215">
        <time>2020-05-09T20:12:41Z</time>
      </trkpt>
      <trkpt lat="36.424102" lon="-85.730608">
        <time>2020-05-09T20:12:50Z</time>
      </trkpt>
      <trkpt lat="36.424138" lon="-85.730206">
        <time>2020-05-09T20:12:52Z</time>
      </trkpt>
      <trkpt lat="36.424171" lon="-85.729784">
        <time>2020-05-09T20:12:54Z</time>
      </trkpt>
      <trkpt lat="36.424183" lon="-85.729575">
        <time>2020-05-09T20:12:55Z</time>
      </trkpt>
      <trkpt lat="36.424186" lon="-85.728956">
        <time>2020-05-09T20:12:58Z</time>
      </trkpt>
      <trkpt lat="36.424036" lon="-85.728251">
        <time>2020-05-09T20:13:02Z</time>
      </trkpt>
      <trkpt lat="36.423962" lon="-85.727667">
        <time>2020-05-09T20:13:06Z</time>
      </trkpt>
      <trkpt lat="36.424014" lon="-85.727149">
        <time>2020-05-09T20:13:09Z</time>
      </trkpt>
      <trkpt lat="36.424284" lon="-85.726526">
        <time>2020-05-09T20:13:13Z</time>
      </trkpt>
      <trkpt lat="36.424500" lon="-85.726035">
        <time>2020-05-09T20:13:16Z</time>
      </trkpt>
      <trkpt lat="36.424898" lon="-85.725477">
        <time>2020-05-09T20:13:20Z</time>
      </trkpt>
      <trkpt lat="36.425353" lon="-85.725340">
        <time>2020-05-09T20:13:23Z</time>
      </trkpt>
      <trkpt lat="36.425849" lon="-85.725309">
        <time>2020-05-09T20:13:26Z</time>
      </trkpt>
      <trkpt lat="36.426423" lon="-85.725002">
        <time>2020-05-09T20:13:30Z</time>
      </trkpt>
      <trkpt lat="36.426773" lon="-85.724760">
        <time>2020-05-09T20:13:33Z</time>
      </trkpt>
      <trkpt lat="36.427417" lon="-85.724042">
        <time>2020-05-09T20:13:39Z</time>
      </trkpt>
      <trkpt lat="36.427577" lon="-85.723119">
        <time>2020-05-09T20:13:44Z</time>
      </trkpt>
      <trkpt lat="36.427443" lon="-85.722749">
        <time>2020-05-09T20:13:46Z</time>
      </trkpt>
      <trkpt lat="36.427280" lon="-85.722243">
        <time>2020-05-09T20:13:49Z</time>
      </trkpt>
      <trkpt lat="36.427252" lon="-85.722071">
        <time>2020-05-09T20:13:50Z</time>
      </trkpt>
      <trkpt lat="36.426946" lon="-85.720984">
        <time>2020-05-09T20:13:58Z</time>
      </trkpt>
      <trkpt lat="36.426623" lon="-85.720359">
        <time>2020-05-09T20:14:02Z</time>
      </trkpt>
      <trkpt lat="36.426337" lon="-85.719900">
        <time>2020-05-09T20:14:05Z</time>
      </trkpt>
      <trkpt lat="36.426045" lon="-85.719475">
        <time>2020-05-09T20:14:08Z</time>
      </trkpt>
      <trkpt lat="36.425883" lon="-85.718687">
        <time>2020-05-09T20:14:13Z</time>
      </trkpt>
      <trkpt lat="36.425981" lon="-85.718352">
        <time>2020-05-09T20:14:15Z</time>
      </trkpt>
      <trkpt lat="36.426399" lon="-85.717534">
        <time>2020-05-09T20:14:20Z</time>
      </trkpt>
      <trkpt lat="36.427139" lon="-85.717032">
        <time>2020-05-09T20:14:26Z</time>
      </trkpt>
      <trkpt lat="36.427409" lon="-85.717017">
        <time>2020-05-09T20:14:28Z</time>
      </trkpt>
      <trkpt lat="36.427828" lon="-85.717077">
        <time>2020-05-09T20:14:31Z</time>
      </trkpt>
      <trkpt lat="36.428236" lon="-85.717211">
        <time>2020-05-09T20:14:34Z</time>
      </trkpt>
      <trkpt lat="36.428655" lon="-85.717208">
        <time>2020-05-09T20:14:37Z</time>
      </trkpt>
      <trkpt lat="36.429210" lon="-85.716655">
        <time>2020-05-09T20:14:42Z</time>
      </trkpt>
      <trkpt lat="36.429278" lon="-85.716492">
        <time>2020-05-09T20:14:43Z</time>
      </trkpt>
      <trkpt lat="36.429400" lon="-85.716143">
        <time>2020-05-09T20:14:45Z</time>
      </trkpt>
      <trkpt lat="36.429556" lon="-85.715606">
        <time>2020-05-09T20:14:48Z</time>
      </trkpt>
      <trkpt lat="36.429441" lon="-85.714849">
        <time>2020-05-09T20:14:53Z</time>
      </trkpt>
      <trkpt lat="36.429077" lon="-85.714595">
        <time>2020-05-09T20:14:56Z</time>
      </trkpt>
      <trkpt lat="36.428608" lon="-85.714372">
        <time>2020-05-09T20:15:00Z</time>
      </trkpt>
      <trkpt lat="36.427669" lon="-85.713601">
        <time>2020-05-09T20:15:08Z</time>
      </trkpt>
      <trkpt lat="36.427152" lon="-85.713324">
        <time>2020-05-09T20:15:12Z</time>
      </trkpt>
      <trkpt lat="36.426846" lon="-85.712999">
        <time>2020-05-09T20:15:15Z</time>
      </trkpt>
      <trkpt lat="36.426729" lon="-85.712202">
        <time>2020-05-09T20:15:20Z</time>
      </trkpt>
      <trkpt lat="36.426528" lon="-85.711628">
        <time>2020-05-09T20:15:26Z</time>
      </trkpt>
      <trkpt lat="36.426036" lon="-85.711138">
        <time>2020-05-09T20:15:31Z</time>
      </trkpt>
      <trkpt lat="36.425919" lon="-85.710701">
        <time>2020-05-09T20:15:34Z</time>
      </trkpt>
      <trkpt lat="36.425923" lon="-85.710545">
        <time>2020-05-09T20:15:35Z</time>
      </trkpt>
      <trkpt lat="36.426043" lon="-85.710055">
        <time>2020-05-09T20:15:38Z</time>
      </trkpt>
      <trkpt lat="36.426299" lon="-85.709595">
        <time>2020-05-09T20:15:41Z</time>
      </trkpt>
      <trkpt lat="36.426857" lon="-85.709173">
        <time>2020-05-09T20:15:45Z</time>
      </trkpt>
      <trkpt lat="36.427807" lon="-85.708855">
        <time>2020-05-09T20:15:51Z</time>
      </trkpt>
      <trkpt lat="36.427938" lon="-85.708828">
        <time>2020-05-09T20:15:52Z</time>
      </trkpt>
      <trkpt lat="36.428205" lon="-85.708659">
        <time>2020-05-09T20:15:55Z</time>
      </trkpt>
      <trkpt lat="36.428260" lon="-85.708453">
        <time>2020-05-09T20:15:58Z</time>
      </trkpt>
      <trkpt lat="36.427995" lon="-85.707796">
        <time>2020-05-09T20:16:06Z</time>
      </trkpt>
      <trkpt lat="36.428044" lon="-85.706957">
        <time>2020-05-09T20:16:12Z</time>
      </trkpt>
      <trkpt lat="36.428102" lon="-85.706831">
        <time>2020-05-09T20:16:13Z</time>
      </trkpt>
      <trkpt lat="36.428289" lon="-85.706307">
        <time>2020-05-09T20:16:17Z</time>
      </trkpt>
      <trkpt lat="36.428126" lon="-85.705823">
        <time>2020-05-09T20:16:21Z</time>
      </trkpt>
      <trkpt lat="36.428047" lon="-85.705416">
        <time>2020-05-09T20:16:24Z</time>
      </trkpt>
      <trkpt lat="36.428090" lon="-85.705133">
        <time>2020-05-09T20:16:26Z</time>
      </trkpt>
      <trkpt lat="36.428125" lon="-85.704724">
        <time>2020-05-09T20:16:29Z</time>
      </trkpt>
      <trkpt lat="36.427933" lon="-85.704329">
        <time>2020-05-09T20:16:32Z</time>
      </trkpt>
      <trkpt lat="36.427843" lon="-85.704053">
        <time>2020-05-09T20:16:34Z</time>
      </trkpt>
      <trkpt lat="36.427831" lon="-85.703802">
        <time>2020-05-09T20:16:36Z</time>
      </trkpt>
      <trkpt lat="36.427862" lon="-85.703623">
        <time>2020-05-09T20:16:36Z</time>
      </trkpt>
      <trkpt lat="36.428131" lon="-85.703178">
      </trkpt>
      <trkpt lat="36.428408" lon="-85.702663">
      </trkpt>
      <trkpt lat="36.429305" lon="-85.702577">
      </trkpt>
      <trkpt lat="36.430203" lon="-85.700345">
      </trkpt>
      <trkpt lat="36.430686" lon="-85.698886">
      </trkpt>
      <trkpt lat="36.430617" lon="-85.698199">
      </trkpt>
      <trkpt lat="36.430203" lon="-85.697942">
      </trkpt>
      <trkpt lat="36.429167" lon="-85.698028">
      </trkpt>
      <trkpt lat="36.429512" lon="-85.697341">
      </trkpt>
      <trkpt lat="36.429996" lon="-85.697084">
      </trkpt>
      <trkpt lat="36.431308" lon="-85.696826">
      </trkpt>
      <trkpt lat="36.432482" lon="-85.694165">
      </trkpt>
      <trkpt lat="36.433587" lon="-85.693135">
      </trkpt>
      <trkpt lat="36.433932" lon="-85.692191">
      </trkpt>
      <trkpt lat="36.435382" lon="-85.690990">
      </trkpt>
      <trkpt lat="36.436004" lon="-85.689788">
      </trkpt>
      <trkpt lat="36.436487" lon="-85.687556">
      </trkpt>
      <trkpt lat="36.437039" lon="-85.686784">
      </trkpt>
      <trkpt lat="36.437039" lon="-85.682750">
      </trkpt>
      <trkpt lat="36.436556" lon="-85.680347">
      </trkpt>
      <trkpt lat="36.436694" lon="-85.678544">
      </trkpt>
      <trkpt lat="36.437868" lon="-85.675883">
      </trkpt>
      <trkpt lat="36.439801" lon="-85.675798">
      </trkpt>
      <trkpt lat="36.440561" lon="-85.672708">
      </trkpt>
      <trkpt lat="36.436280" lon="-85.670648">
      </trkpt>
      <trkpt lat="36.434484" lon="-85.670390">
      </trkpt>
      <trkpt lat="36.430825" lon="-85.666871">
      </trkpt>
      <trkpt lat="36.430341" lon="-85.664811">
      </trkpt>
      <trkpt lat="36.428822" lon="-85.662751">
      </trkpt>
      <trkpt lat="36.429167" lon="-85.661378">
      </trkpt>
      <trkpt lat="36.430134" lon="-85.660605">
      </trkpt>
      <trkpt lat="36.430963" lon="-85.658202">
      </trkpt>
      <trkpt lat="36.432275" lon="-85.657344">
      </trkpt>
      <trkpt lat="36.433034" lon="-85.655971">
      </trkpt>
      <trkpt lat="36.433518" lon="-85.655456">
      </trkpt>
      <trkpt lat="36.434277" lon="-85.655541">
      </trkpt>
      <trkpt lat="36.433863" lon="-85.655971">
      </trkpt>
      <trkpt lat="36.434070" lon="-85.656743">
      </trkpt>
      <trkpt lat="36.435451" lon="-85.656486">
      </trkpt>
      <trkpt lat="36.435797" lon="-85.654597">
      </trkpt>
      <trkpt lat="36.436694" lon="-85.653138">
      </trkpt>
      <trkpt lat="36.435866" lon="-85.652452">
      </trkpt>
      <trkpt lat="36.435382" lon="-85.651078">
      </trkpt>
      <trkpt lat="36.435520" lon="-85.648847">
      </trkpt>
      <trkpt lat="36.436418" lon="-85.648675">
      </trkpt>
      <trkpt lat="36.436487" lon="-85.647988">
      </trkpt>
      <trkpt lat="36.435658" lon="-85.646701">
      </trkpt>
      <trkpt lat="36.435589" lon="-85.643868">
      </trkpt>
      <trkpt lat="36.435935" lon="-85.643783">
      </trkpt>
      <trkpt lat="36.436349" lon="-85.646272">
      </trkpt>
      <trkpt lat="36.438006" lon="-85.647302">
      </trkpt>
      <trkpt lat="36.438006" lon="-85.648160">
      </trkpt>
      <trkpt lat="36.438628" lon="-85.649362">
      </trkpt>
      <trkpt lat="36.438628" lon="-85.650220">
      </trkpt>
      <trkpt lat="36.439249" lon="-85.650220">
      </trkpt>
      <trkpt lat="36.439318" lon="-85.647130">
      </trkpt>
      <trkpt lat="36.438282" lon="-85.645499">
      </trkpt>
      <trkpt lat="36.437868" lon="-85.643182">
      </trkpt>
      <trkpt lat="36.437454" lon="-85.640178">
      </trkpt>
      <trkpt lat="36.436832" lon="-85.639319">
      </trkpt>
      <trkpt lat="36.436681" lon="-85.638444">
      </trkpt>
      <trkpt lat="36.438596" lon="-85.634315">
      </trkpt>
      <trkpt lat="36.440411" lon="-85.625958">
      </trkpt>
      <trkpt lat="36.443329" lon="-85.618284">
      </trkpt>
      <trkpt lat="36.443459" lon="-85.613729">
      </trkpt>
      <trkpt lat="36.443899" lon="-85.611956">
      </trkpt>
      <trkpt lat="36.444500" lon="-85.604860">
      </trkpt>
      <trkpt lat="36.444376" lon="-85.600511">
      </trkpt>
      <trkpt lat="36.444658" lon="-85.598713">
      </trkpt>
      <trkpt lat="36.447598" lon="-85.595238">
      </trkpt>
      <trkpt lat="36.450039" lon="-85.590212">
      </trkpt>
      <trkpt lat="36.451561" lon="-85.587391">
      </trkpt>
      <trkpt lat="36.453186" lon="-85.587407">
      </trkpt>
      <trkpt lat="36.457354" lon="-85.586376">
      </trkpt>
      <trkpt lat="36.458643" lon="-85.586925">
      </trkpt>
      <trkpt lat="36.463611" lon="-85.588625">
      </trkpt>
      <trkpt lat="36.464278" lon="-85.589665">
      </trkpt>
      <trkpt lat="36.467030" lon="-85.591088">
      </trkpt>
      <trkpt lat="36.467395" lon="-85.595509">
      </trkpt>
      <trkpt lat="36.469290" lon="-85.601997">
      </trkpt>
      <trkpt lat="36.472318" lon="-85.606232">
      </trkpt>
      <trkpt lat="36.477353" lon="-85.608977">
      </trkpt>
      <trkpt lat="36.480640" lon="-85.609749">
      </trkpt>
      <trkpt lat="36.480008" lon="-85.613005">
      </trkpt>
      <trkpt lat="36.481492" lon="-85.613745">
      </trkpt>
      <trkpt lat="36.484649" lon="-85.612123">
      </trkpt>
      <trkpt lat="36.485847" lon="-85.612280">
      </trkpt>
      <trkpt lat="36.486430" lon="-85.613904">
      </trkpt>
      <trkpt lat="36.486227" lon="-85.617578">
      </trkpt>
      <trkpt lat="36.486595" lon="-85.618444">
      </trkpt>
      <trkpt lat="36.485816" lon="-85.618782">
      </trkpt>
      <trkpt lat="36.485993" lon="-85.621652">
      </trkpt>
      <trkpt lat="36.488236" lon="-85.622935">
      </trkpt>
      <trkpt lat="36.488620" lon="-85.624325">
      </trkpt>
      <trkpt lat="36.491475" lon="-85.627885">
      </trkpt>
      <trkpt lat="36.492191" lon="-85.630147">
      </trkpt>
      <trkpt lat="36.494428" lon="-85.632440">
      </trkpt>
      <trkpt lat="36.496305" lon="-85.633407">
      </trkpt>
      <trkpt lat="36.498023" lon="-85.636175">
      </trkpt>
      <trkpt lat="36.499648" lon="-85.636191">
      </trkpt>
      <trkpt lat="36.500326" lon="-85.636264">
      </trkpt>
      <trkpt lat="36.499977" lon="-85.638819">
      </trkpt>
      <trkpt lat="36.501806" lon="-85.638760">
      </trkpt>
      <trkpt lat="36.501915" lon="-85.636637">
      </trkpt>
      <trkpt lat="36.502303" lon="-85.636271">
      </trkpt>
      <trkpt lat="36.502400" lon="-85.635466">
      </trkpt>
      <trkpt lat="36.504463" lon="-85.633835">
      </trkpt>
      <trkpt lat="36.504776" lon="-85.631988">
      </trkpt>
      <trkpt lat="36.507539" lon="-85.625992">
      </trkpt>
      <trkpt lat="36.509777" lon="-85.624909">
      </trkpt>
      <trkpt lat="36.511079" lon="-85.621638">
      </trkpt>
      <trkpt lat="36.513977" lon="-85.621329">
      </trkpt>
      <trkpt lat="36.514456" lon="-85.622968">
      </trkpt>
      <trkpt lat="36.517229" lon="-85.622458">
      </trkpt>
      <trkpt lat="36.518098" lon="-85.620526">
      </trkpt>
      <trkpt lat="36.520715" lon="-85.619513">
      </trkpt>
      <trkpt lat="36.522808" lon="-85.618185">
      </trkpt>
      <trkpt lat="36.524864" lon="-85.618412">
      </trkpt>
      <trkpt lat="36.526695" lon="-85.615850">
      </trkpt>
      <trkpt lat="36.530484" lon="-85.617776">
      </trkpt>
      <trkpt lat="36.532703" lon="-85.615945">
      </trkpt>
      <trkpt lat="36.536244" lon="-85.615714">
      </trkpt>
      <trkpt lat="36.536128" lon="-85.615330">
      </trkpt>
      <trkpt lat="36.535940" lon="-85.613778">
      </trkpt>
      <trkpt lat="36.534989" lon="-85.613440">
      </trkpt>
      <trkpt lat="36.533474" lon="-85.612748">
      </trkpt>
      <trkpt lat="36.533306" lon="-85.612115">
      </trkpt>
      <trkpt lat="36.532641" lon="-85.612524">
      </trkpt>
      <trkpt lat="36.530763" lon="-85.610658">
      </trkpt>
      <trkpt lat="36.528988" lon="-85.609830">
      </trkpt>
      <trkpt lat="36.527849" lon="-85.610092">
      </trkpt>
      <trkpt lat="36.523872" lon="-85.606965">
      </trkpt>
      <trkpt lat="36.520500" lon="-85.606058">
      </trkpt>
      <trkpt lat="36.518728" lon="-85.605977">
      </trkpt>
      <trkpt lat="36.516685" lon="-85.602073">
      </trkpt>
      <trkpt lat="36.513199" lon="-85.598565">
      </trkpt>
      <trkpt lat="36.509909" lon="-85.597047">
      </trkpt>
      <trkpt lat="36.509239" lon="-85.597413">
      </trkpt>
      <trkpt lat="36.505050" lon="-85.591555">
      </trkpt>
      <trkpt lat="36.502668" lon="-85.589591">
      </trkpt>
      <trkpt lat="36.500046" lon="-85.585908">
      </trkpt>
      <trkpt lat="36.497918" lon="-85.585443">
      </trkpt>
      <trkpt lat="36.496858" lon="-85.585780">
      </trkpt>
      <trkpt lat="36.494074" lon="-85.585107">
      </trkpt>
      <trkpt lat="36.493977" lon="-85.583761">
      </trkpt>
      <trkpt lat="36.494857" lon="-85.582310">
      </trkpt>
      <trkpt lat="36.499479" lon="-85.580156">
      </trkpt>
      <trkpt lat="36.502751" lon="-85.582203">
      </trkpt>
      <trkpt lat="36.504222" lon="-85.582455">
      </trkpt>
      <trkpt lat="36.507817" lon="-85.581336">
      </trkpt>
      <trkpt lat="36.510335" lon="-85.579678">
      </trkpt>
      <trkpt lat="36.512719" lon="-85.575933">
      </trkpt>
      <trkpt lat="36.514018" lon="-85.575515">
      </trkpt>
      <trkpt lat="36.513811" lon="-85.575528">
      </trkpt>
      <trkpt lat="36.516389" lon="-85.575528">
      </trkpt>
      <trkpt lat="36.519148" lon="-85.577244">
      </trkpt>
      <trkpt lat="36.519700" lon="-85.575699">
      </trkpt>
      <trkpt lat="36.523148" lon="-85.578618">
      </trkpt>
      <trkpt lat="36.523700" lon="-85.584969">
      </trkpt>
      <trkpt lat="36.530459" lon="-85.588059">
      </trkpt>
      <trkpt lat="36.532253" lon="-85.589947">
      </trkpt>
      <trkpt lat="36.534322" lon="-85.590291">
      </trkpt>
      <trkpt lat="36.536666" lon="-85.592350">
      </trkpt>
      <trkpt lat="36.541218" lon="-85.592522">
      </trkpt>
      <trkpt lat="36.545079" lon="-85.596814">
      </trkpt>
      <trkpt lat="36.547838" lon="-85.599389">
      </trkpt>
      <trkpt lat="36.552113" lon="-85.603680">
      </trkpt>
      <trkpt lat="36.552113" lon="-85.607285">
      </trkpt>
      <trkpt lat="36.554457" lon="-85.608658">
      </trkpt>
      <trkpt lat="36.557766" lon="-85.606427">
      </trkpt>
      <trkpt lat="36.557628" lon="-85.603852">
      </trkpt>
      <trkpt lat="36.557683" lon="-85.603791">
      </trkpt>
      <trkpt lat="36.558167" lon="-85.602833">
        <time>2020-05-04T21:04:07Z</time>
      </trkpt>
      <trkpt lat="36.557958" lon="-85.601650">
        <time>2020-05-04T21:03:59Z</time>
      </trkpt>
      <trkpt lat="36.557861" lon="-85.601234">
        <time>2020-05-04T21:03:57Z</time>
      </trkpt>
      <trkpt lat="36.557440" lon="-85.600296">
        <time>2020-05-04T21:03:52Z</time>
      </trkpt>
      <trkpt lat="36.557183" lon="-85.599987">
        <time>2020-05-04T21:03:50Z</time>
      </trkpt>
      <trkpt lat="36.556303" lon="-85.599207">
        <time>2020-05-04T21:03:44Z</time>
      </trkpt>
      <trkpt lat="36.555724" lon="-85.598851">
        <time>2020-05-04T21:03:40Z</time>
      </trkpt>
      <trkpt lat="36.555108" lon="-85.598373">
        <time>2020-05-04T21:03:35Z</time>
      </trkpt>
      <trkpt lat="36.554746" lon="-85.597724">
        <time>2020-05-04T21:03:30Z</time>
      </trkpt>
      <trkpt lat="36.554679" lon="-85.597207">
        <time>2020-05-04T21:03:27Z</time>
      </trkpt>
      <trkpt lat="36.554757" lon="-85.595863">
        <time>2020-05-04T21:03:20Z</time>
      </trkpt>
      <trkpt lat="36.554790" lon="-85.593368">
        <time>2020-05-04T21:03:08Z</time>
      </trkpt>
      <trkpt lat="36.554633" lon="-85.592630">
        <time>2020-05-04T21:03:04Z</time>
      </trkpt>
      <trkpt lat="36.554037" lon="-85.591540">
        <time>2020-05-04T21:02:58Z</time>
      </trkpt>
      <trkpt lat="36.552714" lon="-85.589004">
        <time>2020-05-04T21:02:45Z</time>
      </trkpt>
      <trkpt lat="36.551926" lon="-85.587809">
        <time>2020-05-04T21:02:38Z</time>
      </trkpt>
      <trkpt lat="36.551662" lon="-85.587619">
        <time>2020-05-04T21:02:36Z</time>
      </trkpt>
      <trkpt lat="36.551112" lon="-85.587247">
        <time>2020-05-04T21:02:31Z</time>
      </trkpt>
      <trkpt lat="36.550937" lon="-85.587030">
        <time>2020-05-04T21:02:27Z</time>
      </trkpt>
      <trkpt lat="36.550932" lon="-85.586925">
        <time>2020-05-04T21:02:25Z</time>
      </trkpt>
      <trkpt lat="36.550937" lon="-85.586855">
        <time>2020-05-04T21:02:24Z</time>
      </trkpt>
      <trkpt lat="36.550982" lon="-85.586446">
        <time>2020-05-04T21:02:20Z</time>
      </trkpt>
      <trkpt lat="36.551040" lon="-85.585788">
        <time>2020-05-04T21:02:16Z</time>
      </trkpt>
      <trkpt lat="36.551063" lon="-85.585414">
        <time>2020-05-04T21:02:14Z</time>
      </trkpt>
      <trkpt lat="36.551038" lon="-85.585044">
        <time>2020-05-04T21:02:12Z</time>
      </trkpt>
      <trkpt lat="36.550922" lon="-85.584706">
        <time>2020-05-04T21:02:10Z</time>
      </trkpt>
      <trkpt lat="36.550552" lon="-85.583975">
        <time>2020-05-04T21:02:05Z</time>
      </trkpt>
      <trkpt lat="36.549728" lon="-85.582268">
        <time>2020-05-04T21:01:55Z</time>
      </trkpt>
      <trkpt lat="36.549112" lon="-85.581145">
        <time>2020-05-04T21:01:47Z</time>
      </trkpt>
      <trkpt lat="36.549020" lon="-85.580855">
        <time>2020-05-04T21:01:45Z</time>
      </trkpt>
      <trkpt lat="36.548905" lon="-85.580498">
        <time>2020-05-04T21:01:43Z</time>
      </trkpt>
      <trkpt lat="36.548832" lon="-85.580310">
        <time>2020-05-04T21:01:42Z</time>
      </trkpt>
      <trkpt lat="36.548653" lon="-85.579966">
        <time>2020-05-04T21:01:40Z</time>
      </trkpt>
      <trkpt lat="36.548440" lon="-85.579679">
        <time>2020-05-04T21:01:38Z</time>
      </trkpt>
      <trkpt lat="36.548045" lon="-85.579423">
        <time>2020-05-04T21:01:35Z</time>
      </trkpt>
      <trkpt lat="36.547739" lon="-85.579354">
        <time>2020-05-04T21:01:33Z</time>
      </trkpt>
      <trkpt lat="36.547579" lon="-85.579335">
        <time>2020-05-04T21:01:32Z</time>
      </trkpt>
      <trkpt lat="36.547126" lon="-85.579413">
        <time>2020-05-04T21:01:29Z</time>
      </trkpt>
      <trkpt lat="36.546844" lon="-85.579562">
        <time>2020-05-04T21:01:27Z</time>
      </trkpt>
      <trkpt lat="36.546448" lon="-85.579748">
        <time>2020-05-04T21:01:24Z</time>
      </trkpt>
      <trkpt lat="36.546158" lon="-85.579796">
        <time>2020-05-04T21:01:22Z</time>
      </trkpt>
      <trkpt lat="36.545677" lon="-85.579882">
        <time>2020-05-04T21:01:19Z</time>
      </trkpt>
      <trkpt lat="36.545372" lon="-85.579947">
        <time>2020-05-04T21:01:17Z</time>
      </trkpt>
      <trkpt lat="36.544982" lon="-85.580025">
        <time>2020-05-04T21:01:14Z</time>
      </trkpt>
      <trkpt lat="36.544877" lon="-85.580034">
        <time>2020-05-04T21:01:13Z</time>
      </trkpt>
      <trkpt lat="36.544539" lon="-85.579678">
        <time>2020-05-04T21:01:08Z</time>
      </trkpt>
      <trkpt lat="36.544521" lon="-85.579528">
        <time>2020-05-04T21:01:07Z</time>
      </trkpt>
      <trkpt lat="36.544449" lon="-85.579022">
        <time>2020-05-04T21:01:04Z</time>
      </trkpt>
      <trkpt lat="36.544377" lon="-85.578627">
        <time>2020-05-04T21:01:02Z</time>
      </trkpt>
      <trkpt lat="36.544298" lon="-85.577822">
        <time>2020-05-04T21:00:58Z</time>
      </trkpt>
      <trkpt lat="36.544404" lon="-85.577074">
        <time>2020-05-04T21:00:54Z</time>
      </trkpt>
      <trkpt lat="36.544456" lon="-85.576885">
        <time>2020-05-04T21:00:53Z</time>
      </trkpt>
      <trkpt lat="36.544731" lon="-85.576137">
        <time>2020-05-04T21:00:49Z</time>
      </trkpt>
      <trkpt lat="36.545223" lon="-85.575168">
        <time>2020-05-04T21:00:43Z</time>
      </trkpt>
      <trkpt lat="36.545493" lon="-85.574263">
        <time>2020-05-04T21:00:38Z</time>
      </trkpt>
      <trkpt lat="36.545595" lon="-85.573623">
        <time>2020-05-04T21:00:34Z</time>
      </trkpt>
      <trkpt lat="36.545482" lon="-85.572905">
        <time>2020-05-04T21:00:30Z</time>
      </trkpt>
      <trkpt lat="36.545250" lon="-85.571798">
        <time>2020-05-04T21:00:24Z</time>
      </trkpt>
      <trkpt lat="36.545239" lon="-85.571398">
        <time>2020-05-04T21:00:22Z</time>
      </trkpt>
      <trkpt lat="36.545184" lon="-85.570563">
        <time>2020-05-04T21:00:18Z</time>
      </trkpt>
      <trkpt lat="36.544998" lon="-85.568886">
        <time>2020-05-04T21:00:10Z</time>
      </trkpt>
      <trkpt lat="36.544955" lon="-85.568337">
        <time>2020-05-04T21:00:07Z</time>
      </trkpt>
      <trkpt lat="36.544875" lon="-85.567710">
        <time>2020-05-04T21:00:03Z</time>
      </trkpt>
      <trkpt lat="36.544749" lon="-85.567398">
        <time>2020-05-04T21:00:01Z</time>
      </trkpt>
      <trkpt lat="36.544262" lon="-85.565901">
        <time>2020-05-04T20:59:53Z</time>
      </trkpt>
      <trkpt lat="36.544199" lon="-85.565699">
        <time>2020-05-04T20:59:52Z</time>
      </trkpt>
      <trkpt lat="36.543929" lon="-85.564882">
        <time>2020-05-04T20:59:48Z</time>
      </trkpt>
      <trkpt lat="36.543455" lon="-85.563966">
        <time>2020-05-04T20:59:43Z</time>
      </trkpt>
      <trkpt lat="36.543138" lon="-85.563042">
        <time>2020-05-04T20:59:38Z</time>
      </trkpt>
      <trkpt lat="36.543148" lon="-85.561809">
        <time>2020-05-04T20:59:32Z</time>
      </trkpt>
      <trkpt lat="36.543319" lon="-85.560840">
        <time>2020-05-04T20:59:27Z</time>
      </trkpt>
      <trkpt lat="36.543308" lon="-85.560640">
        <time>2020-05-04T20:59:26Z</time>
      </trkpt>
      <trkpt lat="36.543043" lon="-85.558856">
        <time>2020-05-04T20:59:18Z</time>
      </trkpt>
      <trkpt lat="36.542917" lon="-85.558417">
        <time>2020-05-04T20:59:16Z</time>
      </trkpt>
      <trkpt lat="36.542535" lon="-85.557147">
        <time>2020-05-04T20:59:10Z</time>
      </trkpt>
      <trkpt lat="36.542509" lon="-85.556931">
        <time>2020-05-04T20:59:09Z</time>
      </trkpt>
      <trkpt lat="36.542484" lon="-85.556071">
        <time>2020-05-04T20:59:05Z</time>
      </trkpt>
      <trkpt lat="36.542486" lon="-85.555326">
        <time>2020-05-04T20:59:01Z</time>
      </trkpt>
      <trkpt lat="36.542426" lon="-85.555048">
        <time>2020-05-04T20:58:59Z</time>
      </trkpt>
      <trkpt lat="36.542234" lon="-85.554786">
        <time>2020-05-04T20:58:55Z</time>
      </trkpt>
      <trkpt lat="36.541689" lon="-85.554696">
        <time>2020-05-04T20:58:51Z</time>
      </trkpt>
      <trkpt lat="36.540514" lon="-85.554045">
        <time>2020-05-04T20:58:44Z</time>
      </trkpt>
      <trkpt lat="36.539092" lon="-85.552583">
        <time>2020-05-04T20:58:34Z</time>
      </trkpt>
      <trkpt lat="36.537913" lon="-85.551044">
        <time>2020-05-04T20:58:24Z</time>
      </trkpt>
      <trkpt lat="36.537765" lon="-85.550720">
        <time>2020-05-04T20:58:22Z</time>
      </trkpt>
      <trkpt lat="36.536641" lon="-85.548765">
        <time>2020-05-04T20:58:11Z</time>
      </trkpt>
      <trkpt lat="36.535745" lon="-85.547527">
        <time>2020-05-04T20:58:03Z</time>
      </trkpt>
      <trkpt lat="36.534958" lon="-85.546926">
        <time>2020-05-04T20:57:57Z</time>
      </trkpt>
      <trkpt lat="36.533794" lon="-85.546073">
        <time>2020-05-04T20:57:49Z</time>
      </trkpt>
      <trkpt lat="36.531947" lon="-85.545092">
        <time>2020-05-04T20:57:38Z</time>
      </trkpt>
      <trkpt lat="36.531389" lon="-85.544752">
        <time>2020-05-04T20:57:34Z</time>
      </trkpt>
      <trkpt lat="36.530756" lon="-85.544357">
        <time>2020-05-04T20:57:29Z</time>
      </trkpt>
      <trkpt lat="36.530348" lon="-85.544347">
        <time>2020-05-04T20:57:26Z</time>
      </trkpt>
      <trkpt lat="36.528958" lon="-85.544200">
        <time>2020-05-04T20:57:17Z</time>
      </trkpt>
      <trkpt lat="36.528151" lon="-85.543834">
        <time>2020-05-04T20:57:11Z</time>
      </trkpt>
      <trkpt lat="36.526650" lon="-85.543099">
        <time>2020-05-04T20:57:00Z</time>
      </trkpt>
      <trkpt lat="36.526068" lon="-85.542952">
        <time>2020-05-04T20:56:56Z</time>
      </trkpt>
      <trkpt lat="36.524687" lon="-85.542380">
        <time>2020-05-04T20:56:46Z</time>
      </trkpt>
      <trkpt lat="36.524420" lon="-85.542160">
        <time>2020-05-04T20:56:43Z</time>
      </trkpt>
      <trkpt lat="36.524211" lon="-85.541570">
        <time>2020-05-04T20:56:35Z</time>
      </trkpt>
      <trkpt lat="36.524383" lon="-85.541259">
        <time>2020-05-04T20:56:31Z</time>
      </trkpt>
      <trkpt lat="36.524478" lon="-85.541185">
        <time>2020-05-04T20:56:30Z</time>
      </trkpt>
      <trkpt lat="36.525138" lon="-85.540694">
        <time>2020-05-04T20:56:25Z</time>
      </trkpt>
      <trkpt lat="36.525289" lon="-85.540580">
        <time>2020-05-04T20:56:24Z</time>
      </trkpt>
      <trkpt lat="36.526946" lon="-85.539645">
        <time>2020-05-04T20:56:15Z</time>
      </trkpt>
      <trkpt lat="36.529356" lon="-85.538113">
        <time>2020-05-04T20:56:02Z</time>
      </trkpt>
      <trkpt lat="36.531167" lon="-85.537255">
        <time>2020-05-04T20:55:52Z</time>
      </trkpt>
      <trkpt lat="36.532498" lon="-85.536738">
        <time>2020-05-04T20:55:45Z</time>
      </trkpt>
      <trkpt lat="36.532686" lon="-85.536690">
        <time>2020-05-04T20:55:44Z</time>
      </trkpt>
      <trkpt lat="36.534006" lon="-85.536403">
        <time>2020-05-04T20:55:37Z</time>
      </trkpt>
      <trkpt lat="36.534590" lon="-85.536250">
        <time>2020-05-04T20:55:34Z</time>
      </trkpt>
      <trkpt lat="36.535672" lon="-85.535792">
        <time>2020-05-04T20:55:28Z</time>
      </trkpt>
      <trkpt lat="36.536625" lon="-85.534937">
        <time>2020-05-04T20:55:22Z</time>
      </trkpt>
      <trkpt lat="36.537162" lon="-85.534652">
        <time>2020-05-04T20:55:19Z</time>
      </trkpt>
      <trkpt lat="36.537704" lon="-85.534437">
        <time>2020-05-04T20:55:16Z</time>
      </trkpt>
      <trkpt lat="36.538386" lon="-85.533854">
        <time>2020-05-04T20:55:11Z</time>
      </trkpt>
      <trkpt lat="36.538478" lon="-85.533668">
        <time>2020-05-04T20:55:10Z</time>
      </trkpt>
      <trkpt lat="36.538674" lon="-85.533253">
        <time>2020-05-04T20:55:08Z</time>
      </trkpt>
      <trkpt lat="36.539211" lon="-85.532093">
        <time>2020-05-04T20:55:03Z</time>
      </trkpt>
      <trkpt lat="36.539622" lon="-85.531187">
        <time>2020-05-04T20:54:59Z</time>
      </trkpt>
      <trkpt lat="36.540686" lon="-85.528726">
        <time>2020-05-04T20:54:48Z</time>
      </trkpt>
      <trkpt lat="36.540870" lon="-85.528287">
        <time>2020-05-04T20:54:46Z</time>
      </trkpt>
      <trkpt lat="36.541059" lon="-85.527834">
        <time>2020-05-04T20:54:44Z</time>
      </trkpt>
      <trkpt lat="36.541259" lon="-85.527359">
        <time>2020-05-04T20:54:42Z</time>
      </trkpt>
      <trkpt lat="36.542088" lon="-85.525341">
        <time>2020-05-04T20:54:34Z</time>
      </trkpt>
      <trkpt lat="36.542624" lon="-85.523086">
        <time>2020-05-04T20:54:25Z</time>
      </trkpt>
      <trkpt lat="36.542666" lon="-85.522853">
        <time>2020-05-04T20:54:24Z</time>
      </trkpt>
      <trkpt lat="36.542816" lon="-85.521961">
        <time>2020-05-04T20:54:20Z</time>
      </trkpt>
      <trkpt lat="36.542835" lon="-85.521761">
        <time>2020-05-04T20:54:19Z</time>
      </trkpt>
      <trkpt lat="36.542755" lon="-85.521108">
        <time>2020-05-04T20:54:15Z</time>
      </trkpt>
      <trkpt lat="36.542564" lon="-85.520643">
        <time>2020-05-04T20:54:10Z</time>
      </trkpt>
      <trkpt lat="36.542397" lon="-85.520331">
        <time>2020-05-04T20:54:07Z</time>
      </trkpt>
      <trkpt lat="36.542334" lon="-85.520179">
        <time>2020-05-04T20:54:06Z</time>
      </trkpt>
      <trkpt lat="36.542428" lon="-85.519279">
        <time>2020-05-04T20:54:00Z</time>
      </trkpt>
      <trkpt lat="36.542587" lon="-85.519044">
        <time>2020-05-04T20:53:58Z</time>
      </trkpt>
      <trkpt lat="36.542817" lon="-85.518893">
        <time>2020-05-04T20:53:56Z</time>
      </trkpt>
      <trkpt lat="36.543102" lon="-85.518796">
        <time>2020-05-04T20:53:54Z</time>
      </trkpt>
      <trkpt lat="36.543813" lon="-85.518599">
        <time>2020-05-04T20:53:50Z</time>
      </trkpt>
      <trkpt lat="36.545058" lon="-85.518495">
        <time>2020-05-04T20:53:44Z</time>
      </trkpt>
      <trkpt lat="36.546082" lon="-85.518571">
        <time>2020-05-04T20:53:39Z</time>
      </trkpt>
      <trkpt lat="36.547961" lon="-85.518843">
        <time>2020-05-04T20:53:30Z</time>
      </trkpt>
      <trkpt lat="36.548766" lon="-85.518917">
        <time>2020-05-04T20:53:26Z</time>
      </trkpt>
      <trkpt lat="36.549388" lon="-85.518989">
        <time>2020-05-04T20:53:23Z</time>
      </trkpt>
      <trkpt lat="36.549598" lon="-85.519014">
        <time>2020-05-04T20:53:22Z</time>
      </trkpt>
      <trkpt lat="36.551055" lon="-85.519248">
        <time>2020-05-04T20:53:15Z</time>
      </trkpt>
      <trkpt lat="36.551660" lon="-85.519382">
        <time>2020-05-04T20:53:12Z</time>
      </trkpt>
      <trkpt lat="36.553791" lon="-85.519597">
        <time>2020-05-04T20:53:01Z</time>
      </trkpt>
      <trkpt lat="36.553978" lon="-85.519569">
        <time>2020-05-04T20:53:00Z</time>
      </trkpt>
      <trkpt lat="36.554719" lon="-85.519435">
        <time>2020-05-04T20:52:56Z</time>
      </trkpt>
      <trkpt lat="36.556130" lon="-85.519250">
        <time>2020-05-04T20:52:48Z</time>
      </trkpt>
      <trkpt lat="36.556617" lon="-85.519045">
        <time>2020-05-04T20:52:44Z</time>
      </trkpt>
      <trkpt lat="36.556811" lon="-85.518838">
        <time>2020-05-04T20:52:41Z</time>
      </trkpt>
      <trkpt lat="36.556832" lon="-85.518663">
        <time>2020-05-04T20:52:37Z</time>
      </trkpt>
      <trkpt lat="36.556682" lon="-85.518557">
        <time>2020-05-04T20:52:34Z</time>
      </trkpt>
      <trkpt lat="36.556499" lon="-85.518394">
        <time>2020-05-04T20:52:32Z</time>
      </trkpt>
      <trkpt lat="36.555948" lon="-85.517723">
        <time>2020-05-04T20:52:27Z</time>
      </trkpt>
      <trkpt lat="36.555749" lon="-85.517392">
        <time>2020-05-04T20:52:25Z</time>
      </trkpt>
      <trkpt lat="36.554538" lon="-85.515064">
        <time>2020-05-04T20:52:12Z</time>
      </trkpt>
      <trkpt lat="36.553317" lon="-85.512712">
        <time>2020-05-04T20:51:58Z</time>
      </trkpt>
      <trkpt lat="36.552734" lon="-85.511591">
        <time>2020-05-04T20:51:52Z</time>
      </trkpt>
      <trkpt lat="36.552092" lon="-85.510350">
        <time>2020-05-04T20:51:45Z</time>
      </trkpt>
      <trkpt lat="36.551502" lon="-85.509214">
        <time>2020-05-04T20:51:38Z</time>
      </trkpt>
      <trkpt lat="36.550958" lon="-85.507898">
        <time>2020-05-04T20:51:30Z</time>
      </trkpt>
      <trkpt lat="36.550776" lon="-85.506716">
        <time>2020-05-04T20:51:20Z</time>
      </trkpt>
      <trkpt lat="36.550689" lon="-85.506504">
        <time>2020-05-04T20:51:16Z</time>
      </trkpt>
      <trkpt lat="36.550623" lon="-85.506497">
        <time>2020-05-04T20:51:12Z</time>
      </trkpt>
      <trkpt lat="36.550489" lon="-85.506522">
        <time>2020-05-04T20:51:02Z</time>
      </trkpt>
      <trkpt lat="36.550282" lon="-85.506315">
        <time>2020-05-04T20:50:56Z</time>
      </trkpt>
      <trkpt lat="36.550226" lon="-85.505497">
        <time>2020-05-04T20:50:47Z</time>
      </trkpt>
      <trkpt lat="36.550143" lon="-85.505299">
        <time>2020-05-04T20:50:43Z</time>
      </trkpt>
      <trkpt lat="36.550137" lon="-85.505298">
        <time>2020-05-04T20:50:40Z</time>
      </trkpt>
      <trkpt lat="36.550080" lon="-85.505309">
        <time>2020-05-04T20:50:29Z</time>
      </trkpt>
      <trkpt lat="36.549822" lon="-85.505320">
        <time>2020-05-04T20:50:22Z</time>
      </trkpt>
      <trkpt lat="36.549186" lon="-85.505361">
        <time>2020-05-04T20:50:15Z</time>
      </trkpt>
      <trkpt lat="36.548004" lon="-85.505447">
        <time>2020-05-04T20:50:03Z</time>
      </trkpt>
      <trkpt lat="36.547385" lon="-85.505489">
        <time>2020-05-04T20:49:58Z</time>
      </trkpt>
      <trkpt lat="36.547132" lon="-85.505510">
        <time>2020-05-04T20:49:56Z</time>
      </trkpt>
      <trkpt lat="36.546881" lon="-85.505535">
        <time>2020-05-04T20:49:54Z</time>
      </trkpt>
      <trkpt lat="36.545207" lon="-85.505686">
        <time>2020-05-04T20:49:40Z</time>
      </trkpt>
      <trkpt lat="36.545086" lon="-85.505694">
        <time>2020-05-04T20:49:39Z</time>
      </trkpt>
      <trkpt lat="36.544549" lon="-85.505297">
        <time>2020-05-04T20:49:33Z</time>
      </trkpt>
      <trkpt lat="36.544302" lon="-85.504596">
        <time>2020-05-04T20:49:28Z</time>
      </trkpt>
      <trkpt lat="36.544256" lon="-85.504455">
        <time>2020-05-04T20:49:27Z</time>
      </trkpt>
      <trkpt lat="36.543838" lon="-85.503197">
        <time>2020-05-04T20:49:17Z</time>
      </trkpt>
      <trkpt lat="36.543613" lon="-85.502545">
        <time>2020-05-04T20:49:11Z</time>
      </trkpt>
      <trkpt lat="36.543573" lon="-85.502234">
        <time>2020-05-04T20:49:07Z</time>
      </trkpt>
      <trkpt lat="36.543588" lon="-85.502176">
        <time>2020-05-04T20:49:05Z</time>
      </trkpt>
      <trkpt lat="36.543600" lon="-85.502143">
        <time>2020-05-04T20:49:03Z</time>
      </trkpt>
      <trkpt lat="36.543701" lon="-85.502065">
        <time>2020-05-04T20:49:00Z</time>
      </trkpt>
      <trkpt lat="36.544089" lon="-85.501901">
        <time>2020-05-04T20:48:56Z</time>
      </trkpt>
      <trkpt lat="36.544764" lon="-85.501638">
        <time>2020-05-04T20:48:51Z</time>
      </trkpt>
      <trkpt lat="36.545050" lon="-85.501531">
        <time>2020-05-04T20:48:49Z</time>
      </trkpt>
      <trkpt lat="36.546991" lon="-85.500807">
        <time>2020-05-04T20:48:37Z</time>
      </trkpt>
      <trkpt lat="36.547793" lon="-85.500160">
        <time>2020-05-04T20:48:32Z</time>
      </trkpt>
      <trkpt lat="36.548259" lon="-85.499067">
        <time>2020-05-04T20:48:27Z</time>
      </trkpt>
      <trkpt lat="36.548177" lon="-85.497811">
        <time>2020-05-04T20:48:22Z</time>
      </trkpt>
      <trkpt lat="36.548096" lon="-85.497580">
        <time>2020-05-04T20:48:21Z</time>
      </trkpt>
      <trkpt lat="36.547759" lon="-85.496999">
        <time>2020-05-04T20:48:18Z</time>
      </trkpt>
      <trkpt lat="36.547623" lon="-85.496836">
        <time>2020-05-04T20:48:17Z</time>
      </trkpt>
      <trkpt lat="36.545354" lon="-85.494869">
        <time>2020-05-04T20:48:04Z</time>
      </trkpt>
      <trkpt lat="36.544799" lon="-85.494445">
        <time>2020-05-04T20:48:01Z</time>
      </trkpt>
      <trkpt lat="36.543529" lon="-85.493451">
        <time>2020-05-04T20:47:54Z</time>
      </trkpt>
      <trkpt lat="36.543178" lon="-85.493134">
        <time>2020-05-04T20:47:52Z</time>
      </trkpt>
      <trkpt lat="36.542847" lon="-85.492785">
        <time>2020-05-04T20:47:50Z</time>
      </trkpt>
      <trkpt lat="36.542537" lon="-85.492402">
        <time>2020-05-04T20:47:48Z</time>
      </trkpt>
      <trkpt lat="36.542254" lon="-85.491981">
        <time>2020-05-04T20:47:46Z</time>
      </trkpt>
      <trkpt lat="36.541786" lon="-85.491049">
        <time>2020-05-04T20:47:42Z</time>
      </trkpt>
      <trkpt lat="36.541688" lon="-85.490804">
        <time>2020-05-04T20:47:41Z</time>
      </trkpt>
      <trkpt lat="36.540398" lon="-85.487043">
        <time>2020-05-04T20:47:26Z</time>
      </trkpt>
      <trkpt lat="36.540282" lon="-85.486506">
        <time>2020-05-04T20:47:24Z</time>
      </trkpt>
      <trkpt lat="36.540344" lon="-85.485164">
        <time>2020-05-04T20:47:19Z</time>
      </trkpt>
      <trkpt lat="36.540740" lon="-85.484250">
        <time>2020-05-04T20:47:15Z</time>
      </trkpt>
      <trkpt lat="36.541028" lon="-85.483876">
        <time>2020-05-04T20:47:13Z</time>
      </trkpt>
      <trkpt lat="36.542333" lon="-85.482902">
        <time>2020-05-04T20:47:06Z</time>
      </trkpt>
      <trkpt lat="36.542528" lon="-85.482776">
        <time>2020-05-04T20:47:05Z</time>
      </trkpt>
      <trkpt lat="36.543423" lon="-85.482080">
        <time>2020-05-04T20:47:00Z</time>
      </trkpt>
      <trkpt lat="36.544327" lon="-85.480776">
        <time>2020-05-04T20:46:53Z</time>
      </trkpt>
      <trkpt lat="36.544499" lon="-85.480364">
        <time>2020-05-04T20:46:51Z</time>
      </trkpt>
      <trkpt lat="36.544859" lon="-85.478897">
        <time>2020-05-04T20:46:44Z</time>
      </trkpt>
      <trkpt lat="36.544817" lon="-85.477258">
        <time>2020-05-04T20:46:37Z</time>
      </trkpt>
      <trkpt lat="36.544480" lon="-85.475428">
        <time>2020-05-04T20:46:30Z</time>
      </trkpt>
      <trkpt lat="36.544338" lon="-85.474710">
        <time>2020-05-04T20:46:27Z</time>
      </trkpt>
      <trkpt lat="36.544221" lon="-85.474095">
        <time>2020-05-04T20:46:24Z</time>
      </trkpt>
      <trkpt lat="36.544161" lon="-85.473808">
        <time>2020-05-04T20:46:23Z</time>
      </trkpt>
    </trkseg>
  </trk>
  <trk>
    <name>SKRR Hard Track Mud Camp</name>
    <desc>SKRRHr</desc>
    <number>8</number>
    <extensions>
      <gpxx:TrackExtension>
        <gpxx:DisplayColor>Black</gpxx:DisplayColor>
      </gpxx:TrackExtension>
    </extensions>
    <trkseg>
      <trkpt lat="36.732590" lon="-85.544015">
      </trkpt>
      <trkpt lat="36.732977" lon="-85.543833">
      </trkpt>
      <trkpt lat="36.733218" lon="-85.543436">
      </trkpt>
      <trkpt lat="36.733269" lon="-85.543104">
      </trkpt>
      <trkpt lat="36.732512" lon="-85.541119">
      </trkpt>
      <trkpt lat="36.732719" lon="-85.541001">
      </trkpt>
      <trkpt lat="36.733639" lon="-85.539821">
      </trkpt>
      <trkpt lat="36.734120" lon="-85.539649">
      </trkpt>
      <trkpt lat="36.734645" lon="-85.539370">
      </trkpt>
      <trkpt lat="36.735410" lon="-85.538608">
      </trkpt>
      <trkpt lat="36.737190" lon="-85.537889">
      </trkpt>
      <trkpt lat="36.738041" lon="-85.537653">
      </trkpt>
      <trkpt lat="36.739614" lon="-85.538158">
      </trkpt>
      <trkpt lat="36.740320" lon="-85.538168">
      </trkpt>
      <trkpt lat="36.741979" lon="-85.537814">
      </trkpt>
      <trkpt lat="36.742813" lon="-85.537396">
      </trkpt>
      <trkpt lat="36.744171" lon="-85.536806">
      </trkpt>
      <trkpt lat="36.745349" lon="-85.536237">
      </trkpt>
      <trkpt lat="36.746166" lon="-85.535883">
      </trkpt>
      <trkpt lat="36.746166" lon="-85.535883">
      </trkpt>
      <trkpt lat="36.746673" lon="-85.535068">
      </trkpt>
      <trkpt lat="36.746871" lon="-85.534370">
      </trkpt>
      <trkpt lat="36.746931" lon="-85.533845">
      </trkpt>
      <trkpt lat="36.747008" lon="-85.533212">
      </trkpt>
      <trkpt lat="36.747266" lon="-85.532675">
      </trkpt>
      <trkpt lat="36.748117" lon="-85.531742">
      </trkpt>
      <trkpt lat="36.749063" lon="-85.530980">
      </trkpt>
      <trkpt lat="36.749536" lon="-85.530529">
      </trkpt>
      <trkpt lat="36.750146" lon="-85.530197">
      </trkpt>
      <trkpt lat="36.750584" lon="-85.529811">
      </trkpt>
      <trkpt lat="36.751051" lon="-85.529518">
      </trkpt>
      <trkpt lat="36.751532" lon="-85.529405">
      </trkpt>
      <trkpt lat="36.752099" lon="-85.529137">
      </trkpt>
      <trkpt lat="36.752383" lon="-85.528869">
      </trkpt>
      <trkpt lat="36.752620" lon="-85.528150">
      </trkpt>
      <trkpt lat="36.752809" lon="-85.527785">
      </trkpt>
      <trkpt lat="36.753256" lon="-85.527474">
      </trkpt>
      <trkpt lat="36.753655" lon="-85.527287">
      </trkpt>
      <trkpt lat="36.753905" lon="-85.527292">
      </trkpt>
      <trkpt lat="36.753905" lon="-85.527292">
      </trkpt>
      <trkpt lat="36.754352" lon="-85.527689">
      </trkpt>
      <trkpt lat="36.754597" lon="-85.527565">
      </trkpt>
      <trkpt lat="36.754781" lon="-85.527544">
      </trkpt>
      <trkpt lat="36.755125" lon="-85.527893">
      </trkpt>
      <trkpt lat="36.755426" lon="-85.528939">
      </trkpt>
      <trkpt lat="36.755908" lon="-85.529465">
      </trkpt>
      <trkpt lat="36.756561" lon="-85.529776">
      </trkpt>
      <trkpt lat="36.757154" lon="-85.530500">
      </trkpt>
      <trkpt lat="36.757584" lon="-85.530784">
      </trkpt>
      <trkpt lat="36.758323" lon="-85.531380">
      </trkpt>
      <trkpt lat="36.758933" lon="-85.531712">
      </trkpt>
      <trkpt lat="36.758933" lon="-85.531712">
      </trkpt>
      <trkpt lat="36.759644" lon="-85.531983">
      </trkpt>
      <trkpt lat="36.761020" lon="-85.531736">
      </trkpt>
      <trkpt lat="36.762197" lon="-85.532165">
      </trkpt>
      <trkpt lat="36.763100" lon="-85.533828">
      </trkpt>
      <trkpt lat="36.763100" lon="-85.533828">
      </trkpt>
      <trkpt lat="36.763650" lon="-85.535438">
      </trkpt>
      <trkpt lat="36.764398" lon="-85.537154">
      </trkpt>
      <trkpt lat="36.764956" lon="-85.537208">
      </trkpt>
      <trkpt lat="36.765842" lon="-85.536924">
      </trkpt>
      <trkpt lat="36.766331" lon="-85.536591">
      </trkpt>
      <trkpt lat="36.766667" lon="-85.536065">
      </trkpt>
      <trkpt lat="36.767492" lon="-85.535422">
      </trkpt>
      <trkpt lat="36.767793" lon="-85.534971">
      </trkpt>
      <trkpt lat="36.768435" lon="-85.535006">
      </trkpt>
      <trkpt lat="36.769092" lon="-85.535237">
      </trkpt>
      <trkpt lat="36.769092" lon="-85.535237">
      </trkpt>
      <trkpt lat="36.769363" lon="-85.535237">
      </trkpt>
      <trkpt lat="36.769836" lon="-85.534904">
      </trkpt>
      <trkpt lat="36.770248" lon="-85.535129">
      </trkpt>
      <trkpt lat="36.770236" lon="-85.535457">
      </trkpt>
      <trkpt lat="36.769801" lon="-85.536406">
      </trkpt>
      <trkpt lat="36.769801" lon="-85.536406">
      </trkpt>
      <trkpt lat="36.769823" lon="-85.536631">
      </trkpt>
      <trkpt lat="36.769823" lon="-85.536631">
      </trkpt>
      <trkpt lat="36.769522" lon="-85.537463">
      </trkpt>
      <trkpt lat="36.769522" lon="-85.537463">
      </trkpt>
      <trkpt lat="36.770364" lon="-85.536867">
      </trkpt>
      <trkpt lat="36.770992" lon="-85.536406">
      </trkpt>
      <trkpt lat="36.771370" lon="-85.536637">
      </trkpt>
      <trkpt lat="36.771477" lon="-85.536910">
      </trkpt>
      <trkpt lat="36.770996" lon="-85.537774">
      </trkpt>
      <trkpt lat="36.770841" lon="-85.538176">
      </trkpt>
      <trkpt lat="36.770970" lon="-85.538589">
      </trkpt>
      <trkpt lat="36.770975" lon="-85.538874">
      </trkpt>
      <trkpt lat="36.771082" lon="-85.539137">
      </trkpt>
      <trkpt lat="36.771636" lon="-85.539078">
      </trkpt>
      <trkpt lat="36.771972" lon="-85.538858">
      </trkpt>
      <trkpt lat="36.772173" lon="-85.538954">
      </trkpt>
      <trkpt lat="36.772268" lon="-85.539212">
      </trkpt>
      <trkpt lat="36.772285" lon="-85.539593">
      </trkpt>
      <trkpt lat="36.772509" lon="-85.540263">
      </trkpt>
      <trkpt lat="36.772607" lon="-85.540660">
      </trkpt>
      <trkpt lat="36.772702" lon="-85.540751">
      </trkpt>
      <trkpt lat="36.773102" lon="-85.540682">
      </trkpt>
      <trkpt lat="36.773600" lon="-85.540810">
      </trkpt>
      <trkpt lat="36.773957" lon="-85.541052">
      </trkpt>
      <trkpt lat="36.773987" lon="-85.541604">
      </trkpt>
      <trkpt lat="36.774073" lon="-85.541996">
      </trkpt>
      <trkpt lat="36.774258" lon="-85.542076">
      </trkpt>
      <trkpt lat="36.774709" lon="-85.542216">
      </trkpt>
      <trkpt lat="36.774808" lon="-85.542446">
      </trkpt>
      <trkpt lat="36.774777" lon="-85.542774">
      </trkpt>
      <trkpt lat="36.774644" lon="-85.543305">
      </trkpt>
      <trkpt lat="36.774644" lon="-85.543777">
      </trkpt>
      <trkpt lat="36.774481" lon="-85.544131">
      </trkpt>
      <trkpt lat="36.774167" lon="-85.544388">
      </trkpt>
      <trkpt lat="36.773824" lon="-85.544737">
      </trkpt>
      <trkpt lat="36.773849" lon="-85.545595">
      </trkpt>
      <trkpt lat="36.773514" lon="-85.546277">
      </trkpt>
      <trkpt lat="36.773544" lon="-85.546609">
      </trkpt>
      <trkpt lat="36.773845" lon="-85.546856">
      </trkpt>
      <trkpt lat="36.773931" lon="-85.547022">
      </trkpt>
      <trkpt lat="36.773841" lon="-85.547559">
      </trkpt>
      <trkpt lat="36.773854" lon="-85.548455">
      </trkpt>
      <trkpt lat="36.773781" lon="-85.548841">
      </trkpt>
      <trkpt lat="36.773841" lon="-85.549533">
      </trkpt>
      <trkpt lat="36.773815" lon="-85.549908">
      </trkpt>
      <trkpt lat="36.774141" lon="-85.550525">
      </trkpt>
      <trkpt lat="36.774300" lon="-85.550761">
      </trkpt>
      <trkpt lat="36.774348" lon="-85.551040">
      </trkpt>
      <trkpt lat="36.774313" lon="-85.551485">
      </trkpt>
      <trkpt lat="36.774455" lon="-85.552301">
      </trkpt>
      <trkpt lat="36.774378" lon="-85.552612">
      </trkpt>
      <trkpt lat="36.774090" lon="-85.552950">
      </trkpt>
      <trkpt lat="36.773484" lon="-85.553438">
      </trkpt>
      <trkpt lat="36.772427" lon="-85.554302">
      </trkpt>
      <trkpt lat="36.772650" lon="-85.555026">
      </trkpt>
      <trkpt lat="36.772577" lon="-85.555568">
      </trkpt>
      <trkpt lat="36.772577" lon="-85.556034">
      </trkpt>
      <trkpt lat="36.772075" lon="-85.556667">
      </trkpt>
      <trkpt lat="36.771997" lon="-85.557204">
      </trkpt>
      <trkpt lat="36.772418" lon="-85.557579">
      </trkpt>
      <trkpt lat="36.772711" lon="-85.557756">
      </trkpt>
      <trkpt lat="36.773140" lon="-85.558304">
      </trkpt>
      <trkpt lat="36.773188" lon="-85.559377">
      </trkpt>
      <trkpt lat="36.772844" lon="-85.560020">
      </trkpt>
      <trkpt lat="36.772775" lon="-85.560417">
      </trkpt>
      <trkpt lat="36.772328" lon="-85.560562">
      </trkpt>
      <trkpt lat="36.771735" lon="-85.562402">
      </trkpt>
      <trkpt lat="36.772019" lon="-85.562649">
      </trkpt>
      <trkpt lat="36.772573" lon="-85.562788">
      </trkpt>
      <trkpt lat="36.772681" lon="-85.563298">
      </trkpt>
      <trkpt lat="36.772603" lon="-85.563931">
      </trkpt>
      <trkpt lat="36.772423" lon="-85.564795">
      </trkpt>
      <trkpt lat="36.772560" lon="-85.565369">
      </trkpt>
      <trkpt lat="36.772504" lon="-85.565910">
      </trkpt>
      <trkpt lat="36.770914" lon="-85.567321">
      </trkpt>
      <trkpt lat="36.770760" lon="-85.569236">
      </trkpt>
      <trkpt lat="36.770910" lon="-85.569746">
      </trkpt>
      <trkpt lat="36.770820" lon="-85.570647">
      </trkpt>
      <trkpt lat="36.770970" lon="-85.570937">
      </trkpt>
      <trkpt lat="36.771761" lon="-85.571618">
      </trkpt>
      <trkpt lat="36.771847" lon="-85.572455">
      </trkpt>
      <trkpt lat="36.772577" lon="-85.573952">
      </trkpt>
      <trkpt lat="36.773089" lon="-85.574220">
      </trkpt>
      <trkpt lat="36.773501" lon="-85.573898">
      </trkpt>
      <trkpt lat="36.773940" lon="-85.573319">
      </trkpt>
      <trkpt lat="36.774455" lon="-85.573404">
      </trkpt>
      <trkpt lat="36.774799" lon="-85.574445">
      </trkpt>
      <trkpt lat="36.775211" lon="-85.574949">
      </trkpt>
      <trkpt lat="36.775753" lon="-85.575057">
      </trkpt>
      <trkpt lat="36.777025" lon="-85.575443">
      </trkpt>
      <trkpt lat="36.777368" lon="-85.576001">
      </trkpt>
      <trkpt lat="36.777918" lon="-85.576612">
      </trkpt>
      <trkpt lat="36.778176" lon="-85.577417">
      </trkpt>
      <trkpt lat="36.778193" lon="-85.578286">
      </trkpt>
      <trkpt lat="36.778064" lon="-85.579348">
      </trkpt>
      <trkpt lat="36.778266" lon="-85.580185">
      </trkpt>
      <trkpt lat="36.778494" lon="-85.580400">
      </trkpt>
      <trkpt lat="36.778593" lon="-85.581290">
      </trkpt>
      <trkpt lat="36.778464" lon="-85.582245">
      </trkpt>
      <trkpt lat="36.778073" lon="-85.582701">
      </trkpt>
      <trkpt lat="36.777961" lon="-85.583254">
      </trkpt>
      <trkpt lat="36.777441" lon="-85.584230">
      </trkpt>
      <trkpt lat="36.776891" lon="-85.584691">
      </trkpt>
      <trkpt lat="36.776894" lon="-85.584719">
      </trkpt>
      <trkpt lat="36.776950" lon="-85.586611">
      </trkpt>
      <trkpt lat="36.777368" lon="-85.587540">
      </trkpt>
      <trkpt lat="36.777364" lon="-85.588157">
      </trkpt>
      <trkpt lat="36.777708" lon="-85.588677">
      </trkpt>
      <trkpt lat="36.777661" lon="-85.589616">
      </trkpt>
      <trkpt lat="36.778305" lon="-85.591011">
      </trkpt>
      <trkpt lat="36.778877" lon="-85.591230">
      </trkpt>
      <trkpt lat="36.779551" lon="-85.592287">
      </trkpt>
      <trkpt lat="36.779246" lon="-85.593339">
      </trkpt>
      <trkpt lat="36.779637" lon="-85.593639">
      </trkpt>
      <trkpt lat="36.780548" lon="-85.593843">
      </trkpt>
      <trkpt lat="36.780892" lon="-85.594031">
      </trkpt>
      <trkpt lat="36.780746" lon="-85.595082">
      </trkpt>
      <trkpt lat="36.781437" lon="-85.595619">
      </trkpt>
      <trkpt lat="36.781446" lon="-85.596155">
      </trkpt>
      <trkpt lat="36.781003" lon="-85.597104">
      </trkpt>
      <trkpt lat="36.781137" lon="-85.597453">
      </trkpt>
      <trkpt lat="36.781210" lon="-85.597534">
      </trkpt>
      <trkpt lat="36.781661" lon="-85.597947">
      </trkpt>
      <trkpt lat="36.780604" lon="-85.599411">
      </trkpt>
      <trkpt lat="36.780716" lon="-85.599669">
      </trkpt>
      <trkpt lat="36.781480" lon="-85.600033">
      </trkpt>
      <trkpt lat="36.781467" lon="-85.600307">
      </trkpt>
      <trkpt lat="36.780784" lon="-85.601498">
      </trkpt>
      <trkpt lat="36.781111" lon="-85.603767">
      </trkpt>
      <trkpt lat="36.780969" lon="-85.604432">
      </trkpt>
      <trkpt lat="36.780453" lon="-85.605210">
      </trkpt>
      <trkpt lat="36.780406" lon="-85.605827">
      </trkpt>
      <trkpt lat="36.780758" lon="-85.606594">
      </trkpt>
      <trkpt lat="36.780698" lon="-85.606873">
      </trkpt>
      <trkpt lat="36.779813" lon="-85.607608">
      </trkpt>
      <trkpt lat="36.779079" lon="-85.607442">
      </trkpt>
      <trkpt lat="36.778688" lon="-85.607098">
      </trkpt>
      <trkpt lat="36.777261" lon="-85.607243">
      </trkpt>
      <trkpt lat="36.776947" lon="-85.607431">
      </trkpt>
      <trkpt lat="36.776758" lon="-85.607629">
      </trkpt>
      <trkpt lat="36.776749" lon="-85.607758">
      </trkpt>
    </trkseg>
  </trk>
  <trk>
    <name>SKRR Hard Track Blue Hollar</name>
    <desc>SKRRHr</desc>
    <number>9</number>
    <extensions>
      <gpxx:TrackExtension>
        <gpxx:DisplayColor>Black</gpxx:DisplayColor>
      </gpxx:TrackExtension>
    </extensions>
    <trkseg>
      <trkpt lat="37.266857" lon="-86.223981">
      </trkpt>
      <trkpt lat="37.266857" lon="-86.223971">
      </trkpt>
      <trkpt lat="37.266455" lon="-86.223547">
      </trkpt>
      <trkpt lat="37.266259" lon="-86.222517">
      </trkpt>
      <trkpt lat="37.266058" lon="-86.221782">
      </trkpt>
      <trkpt lat="37.265491" lon="-86.220881">
      </trkpt>
      <trkpt lat="37.265081" lon="-86.220425">
      </trkpt>
      <trkpt lat="37.265004" lon="-86.220114">
      </trkpt>
      <trkpt lat="37.264641" lon="-86.219647">
      </trkpt>
      <trkpt lat="37.264637" lon="-86.218944">
      </trkpt>
      <trkpt lat="37.264513" lon="-86.217962">
      </trkpt>
      <trkpt lat="37.264193" lon="-86.216949">
      </trkpt>
      <trkpt lat="37.264124" lon="-86.216348">
      </trkpt>
      <trkpt lat="37.263697" lon="-86.215296">
      </trkpt>
      <trkpt lat="37.263305" lon="-86.214577">
      </trkpt>
      <trkpt lat="37.263006" lon="-86.213408">
      </trkpt>
      <trkpt lat="37.262844" lon="-86.212807">
      </trkpt>
      <trkpt lat="37.262408" lon="-86.212185">
      </trkpt>
      <trkpt lat="37.262459" lon="-86.211101">
      </trkpt>
      <trkpt lat="37.262647" lon="-86.210297">
      </trkpt>
      <trkpt lat="37.262690" lon="-86.209481">
      </trkpt>
      <trkpt lat="37.262920" lon="-86.208677">
      </trkpt>
      <trkpt lat="37.263057" lon="-86.207808">
      </trkpt>
      <trkpt lat="37.263663" lon="-86.207572">
      </trkpt>
      <trkpt lat="37.264013" lon="-86.206981">
      </trkpt>
      <trkpt lat="37.264346" lon="-86.206102">
      </trkpt>
      <trkpt lat="37.264765" lon="-86.204728">
      </trkpt>
      <trkpt lat="37.265320" lon="-86.204267">
      </trkpt>
      <trkpt lat="37.266046" lon="-86.203956">
      </trkpt>
      <trkpt lat="37.266626" lon="-86.204128">
      </trkpt>
      <trkpt lat="37.267548" lon="-86.203752">
      </trkpt>
      <trkpt lat="37.267992" lon="-86.203334">
      </trkpt>
      <trkpt lat="37.268462" lon="-86.202786">
      </trkpt>
      <trkpt lat="37.269205" lon="-86.201284">
      </trkpt>
      <trkpt lat="37.269700" lon="-86.201123">
      </trkpt>
      <trkpt lat="37.270093" lon="-86.199965">
      </trkpt>
      <trkpt lat="37.270451" lon="-86.199300">
      </trkpt>
      <trkpt lat="37.270750" lon="-86.198742">
      </trkpt>
      <trkpt lat="37.270904" lon="-86.198313">
      </trkpt>
      <trkpt lat="37.270810" lon="-86.197808">
      </trkpt>
      <trkpt lat="37.270400" lon="-86.197154">
      </trkpt>
      <trkpt lat="37.270366" lon="-86.196886">
      </trkpt>
      <trkpt lat="37.270682" lon="-86.196617">
      </trkpt>
      <trkpt lat="37.270759" lon="-86.196403">
      </trkpt>
      <trkpt lat="37.270767" lon="-86.195770">
      </trkpt>
      <trkpt lat="37.270596" lon="-86.195384">
      </trkpt>
      <trkpt lat="37.270434" lon="-86.194912">
      </trkpt>
      <trkpt lat="37.270357" lon="-86.194354">
      </trkpt>
      <trkpt lat="37.270033" lon="-86.193742">
      </trkpt>
      <trkpt lat="37.268872" lon="-86.192530">
      </trkpt>
      <trkpt lat="37.269785" lon="-86.192170">
      </trkpt>
      <trkpt lat="37.270191" lon="-86.191988">
      </trkpt>
      <trkpt lat="37.270703" lon="-86.191017">
      </trkpt>
      <trkpt lat="37.270993" lon="-86.190395">
      </trkpt>
      <trkpt lat="37.271036" lon="-86.189504">
      </trkpt>
      <trkpt lat="37.270925" lon="-86.188871">
      </trkpt>
      <trkpt lat="37.270370" lon="-86.188163">
      </trkpt>
      <trkpt lat="37.269764" lon="-86.187487">
      </trkpt>
      <trkpt lat="37.269286" lon="-86.186736">
      </trkpt>
      <trkpt lat="37.268270" lon="-86.186350">
      </trkpt>
      <trkpt lat="37.267997" lon="-86.185642">
      </trkpt>
      <trkpt lat="37.267647" lon="-86.184204">
      </trkpt>
      <trkpt lat="37.267228" lon="-86.183239">
      </trkpt>
      <trkpt lat="37.266110" lon="-86.182659">
      </trkpt>
      <trkpt lat="37.265503" lon="-86.181887">
      </trkpt>
      <trkpt lat="37.265375" lon="-86.180953">
      </trkpt>
      <trkpt lat="37.265051" lon="-86.180116">
      </trkpt>
      <trkpt lat="37.264692" lon="-86.179655">
      </trkpt>
      <trkpt lat="37.264556" lon="-86.178990">
      </trkpt>
      <trkpt lat="37.264197" lon="-86.178121">
      </trkpt>
      <trkpt lat="37.263565" lon="-86.177552">
      </trkpt>
      <trkpt lat="37.262489" lon="-86.177477">
      </trkpt>
      <trkpt lat="37.262250" lon="-86.176758">
      </trkpt>
      <trkpt lat="37.261875" lon="-86.176125">
      </trkpt>
      <trkpt lat="37.261021" lon="-86.175524">
      </trkpt>
      <trkpt lat="37.260115" lon="-86.175278">
      </trkpt>
      <trkpt lat="37.258997" lon="-86.175460">
      </trkpt>
      <trkpt lat="37.258203" lon="-86.175009">
      </trkpt>
      <trkpt lat="37.257554" lon="-86.174934">
      </trkpt>
      <trkpt lat="37.257289" lon="-86.174162">
      </trkpt>
      <trkpt lat="37.255923" lon="-86.172113">
      </trkpt>
      <trkpt lat="37.255820" lon="-86.171233">
      </trkpt>
      <trkpt lat="37.256162" lon="-86.169259">
      </trkpt>
      <trkpt lat="37.256094" lon="-86.168164">
      </trkpt>
      <trkpt lat="37.255598" lon="-86.167328">
      </trkpt>
      <trkpt lat="37.255410" lon="-86.165933">
      </trkpt>
      <trkpt lat="37.255564" lon="-86.164860">
      </trkpt>
      <trkpt lat="37.255120" lon="-86.163465">
      </trkpt>
      <trkpt lat="37.255479" lon="-86.161834">
      </trkpt>
      <trkpt lat="37.255991" lon="-86.160933">
      </trkpt>
      <trkpt lat="37.255957" lon="-86.159560">
      </trkpt>
      <trkpt lat="37.256162" lon="-86.156577">
      </trkpt>
      <trkpt lat="37.256264" lon="-86.155183">
      </trkpt>
      <trkpt lat="37.256965" lon="-86.154453">
      </trkpt>
      <trkpt lat="37.258058" lon="-86.153101">
      </trkpt>
      <trkpt lat="37.259492" lon="-86.153144">
      </trkpt>
    </trkseg>
  </trk>
</gpx>
